timestamp,symbol,funding_rate
2023-10-09T00:00:00Z,ADAUSDT,0.00006163
2023-10-09T08:00:00Z,ADAUSDT,0.0001
2023-10-09T16:00:00Z,ADAUSDT,0.00005624
2023-10-10T00:00:00Z,ADAUSDT,0.00000838
2023-10-10T08:00:00Z,ADAUSDT,0.00008166
2023-10-10T16:00:00Z,ADAUSDT,0.00005618
2023-10-11T00:00:00Z,ADAUSDT,0.0001
2023-10-11T08:00:00Z,ADAUSDT,0.0001
2023-10-11T16:00:00Z,ADAUSDT,0.00003913
2023-10-12T00:00:00Z,ADAUSDT,0.00008746
2023-10-12T08:00:00Z,ADAUSDT,0.00006351
2023-10-12T16:00:00Z,ADAUSDT,0.00001215
2023-10-13T00:00:00Z,ADAUSDT,0.00003993
2023-10-13T08:00:00Z,ADAUSDT,-0.00000108
2023-10-13T16:00:00Z,ADAUSDT,0.0000645
2023-10-14T00:00:00Z,ADAUSDT,-0.00027983
2023-10-14T08:00:00Z,ADAUSDT,-0.00009233
2023-10-14T16:00:00Z,ADAUSDT,-0.00000836
2023-10-15T00:00:00Z,ADAUSDT,-0.00004735
2023-10-15T08:00:00Z,ADAUSDT,0.0001
2023-10-15T16:00:00Z,ADAUSDT,0.0001
2023-10-16T00:00:00Z,ADAUSDT,0.00002362
2023-10-16T08:00:00Z,ADAUSDT,0.0000865
2023-10-16T16:00:00Z,ADAUSDT,0.00005976
2023-10-17T00:00:00Z,ADAUSDT,0.0001
2023-10-17T08:00:00Z,ADAUSDT,0.00004181
2023-10-17T16:00:00Z,ADAUSDT,0.00009062
2023-10-18T00:00:00Z,ADAUSDT,0.0001
2023-10-18T08:00:00Z,ADAUSDT,0.00004477
2023-10-18T16:00:00Z,ADAUSDT,0.00000896
2023-10-19T00:00:00Z,ADAUSDT,-0.00011948
2023-10-19T08:00:00Z,ADAUSDT,-0.00021729
2023-10-19T16:00:00Z,ADAUSDT,-0.00002925
2023-10-20T00:00:00Z,ADAUSDT,0.0001
2023-10-20T08:00:00Z,ADAUSDT,0.0001
2023-10-20T16:00:00Z,ADAUSDT,0.0001
2023-10-21T00:00:00Z,ADAUSDT,-0.00001233
2023-10-21T08:00:00Z,ADAUSDT,0.00002783
2023-10-21T16:00:00Z,ADAUSDT,0.0001
2023-10-22T00:00:00Z,ADAUSDT,0.0001
2023-10-22T08:00:00Z,ADAUSDT,0.0001
2023-10-22T16:00:00Z,ADAUSDT,0.0001
2023-10-23T00:00:00Z,ADAUSDT,0.0001
2023-10-23T08:00:00Z,ADAUSDT,0.0001
2023-10-23T16:00:00Z,ADAUSDT,0.0001
2023-10-24T00:00:00Z,ADAUSDT,0.0001
2023-10-24T08:00:00Z,ADAUSDT,0.0001
2023-10-24T16:00:00Z,ADAUSDT,0.0001
2023-10-25T00:00:00Z,ADAUSDT,0.0001
2023-10-25T08:00:00Z,ADAUSDT,0.0001
2023-10-25T16:00:00Z,ADAUSDT,0.0001
2023-10-26T00:00:00Z,ADAUSDT,0.0001
2023-10-26T08:00:00Z,ADAUSDT,0.0001
2023-10-26T16:00:00Z,ADAUSDT,0.0001
2023-10-27T00:00:00Z,ADAUSDT,0.0001
2023-10-27T08:00:00Z,ADAUSDT,0.0001
2023-10-27T16:00:00Z,ADAUSDT,0.0001
2023-10-28T00:00:00Z,ADAUSDT,0.0001
2023-10-28T08:00:00Z,ADAUSDT,0.0001
2023-10-28T16:00:00Z,ADAUSDT,0.0001
2023-10-29T00:00:00Z,ADAUSDT,0.0001
2023-10-29T08:00:00Z,ADAUSDT,0.0001
2023-10-29T16:00:00Z,ADAUSDT,0.0001
2023-10-30T00:00:00Z,ADAUSDT,0.0001
2023-10-30T08:00:00Z,ADAUSDT,0.0001
2023-10-30T16:00:00Z,ADAUSDT,0.0001
2023-10-31T00:00:00Z,ADAUSDT,0.0001
2023-10-31T08:00:00Z,ADAUSDT,0.0001
2023-10-31T16:00:00Z,ADAUSDT,0.0001
2023-11-01T00:00:00Z,ADAUSDT,0.0001
2023-11-01T08:00:00Z,ADAUSDT,0.0001
2023-11-01T16:00:00Z,ADAUSDT,0.0001
2023-11-02T00:00:00Z,ADAUSDT,0.00021698
2023-11-02T08:00:00Z,ADAUSDT,0.00038122
2023-11-02T16:00:00Z,ADAUSDT,0.0001
2023-11-03T00:00:00Z,ADAUSDT,0.0001
2023-11-03T08:00:00Z,ADAUSDT,0.0001
2023-11-03T16:00:00Z,ADAUSDT,0.0001
2023-11-04T00:00:00Z,ADAUSDT,0.0001
2023-11-04T08:00:00Z,ADAUSDT,0.0001
2023-11-04T16:00:00Z,ADAUSDT,0.0001
2023-11-05T00:00:00Z,ADAUSDT,0.0001
2023-11-05T08:00:00Z,ADAUSDT,0.0001
2023-11-05T16:00:00Z,ADAUSDT,0.0001
2023-11-06T00:00:00Z,ADAUSDT,0.00010966
2023-11-06T08:00:00Z,ADAUSDT,0.00011987
2023-11-06T16:00:00Z,ADAUSDT,0.00019902
2023-11-07T00:00:00Z,ADAUSDT,0.00022788
2023-11-07T08:00:00Z,ADAUSDT,0.00030649
2023-11-07T16:00:00Z,ADAUSDT,0.0001
2023-11-08T00:00:00Z,ADAUSDT,0.0001
2023-11-08T08:00:00Z,ADAUSDT,0.0001
2023-11-08T16:00:00Z,ADAUSDT,0.00029543
2023-11-09T00:00:00Z,ADAUSDT,0.00019826
2023-11-09T08:00:00Z,ADAUSDT,0.00024854
2023-11-09T16:00:00Z,ADAUSDT,0.00041936
2023-11-10T00:00:00Z,ADAUSDT,0.0001
2023-11-10T08:00:00Z,ADAUSDT,0.00024922
2023-11-10T16:00:00Z,ADAUSDT,0.00030038
2023-11-11T00:00:00Z,ADAUSDT,0.00028506
2023-11-11T08:00:00Z,ADAUSDT,0.00021468
2023-11-11T16:00:00Z,ADAUSDT,0.00057011
2023-11-12T00:00:00Z,ADAUSDT,0.00037814
2023-11-12T08:00:00Z,ADAUSDT,0.00018117
2023-11-12T16:00:00Z,ADAUSDT,0.00035313
2023-11-13T00:00:00Z,ADAUSDT,0.00037258
2023-11-13T08:00:00Z,ADAUSDT,0.00046704
2023-11-13T16:00:00Z,ADAUSDT,0.00026894
2023-11-14T00:00:00Z,ADAUSDT,0.0001
2023-11-14T08:00:00Z,ADAUSDT,0.00017233
2023-11-14T16:00:00Z,ADAUSDT,0.00013374
2023-11-15T00:00:00Z,ADAUSDT,0.0001
2023-11-15T08:00:00Z,ADAUSDT,0.00012485
2023-11-15T16:00:00Z,ADAUSDT,0.00025168
2023-11-16T00:00:00Z,ADAUSDT,0.0001
2023-11-16T08:00:00Z,ADAUSDT,0.00041182
2023-11-16T16:00:00Z,ADAUSDT,0.00028701
2023-11-17T00:00:00Z,ADAUSDT,0.0001
2023-11-17T08:00:00Z,ADAUSDT,0.0001
2023-11-17T16:00:00Z,ADAUSDT,0.0001
2023-11-18T00:00:00Z,ADAUSDT,0.0001
2023-11-18T08:00:00Z,ADAUSDT,0.0001
2023-11-18T16:00:00Z,ADAUSDT,0.0001
2023-11-19T00:00:00Z,ADAUSDT,0.0001
2023-11-19T08:00:00Z,ADAUSDT,0.0001
2023-11-19T16:00:00Z,ADAUSDT,0.0001
2023-11-20T00:00:00Z,ADAUSDT,0.0001
2023-11-20T08:00:00Z,ADAUSDT,0.0001
2023-11-20T16:00:00Z,ADAUSDT,0.0001
2023-11-21T00:00:00Z,ADAUSDT,0.0001
2023-11-21T08:00:00Z,ADAUSDT,0.0001
2023-11-21T16:00:00Z,ADAUSDT,0.0001
2023-11-22T00:00:00Z,ADAUSDT,0.0001
2023-11-22T08:00:00Z,ADAUSDT,0.0001
2023-11-22T16:00:00Z,ADAUSDT,0.0001
2023-11-23T00:00:00Z,ADAUSDT,0.0001
2023-11-23T08:00:00Z,ADAUSDT,0.0001
2023-11-23T16:00:00Z,ADAUSDT,0.0001
2023-11-24T00:00:00Z,ADAUSDT,0.0001
2023-11-24T08:00:00Z,ADAUSDT,0.0001
2023-11-24T16:00:00Z,ADAUSDT,0.0001
2023-11-25T00:00:00Z,ADAUSDT,0.0001
2023-11-25T08:00:00Z,ADAUSDT,0.0001
2023-11-25T16:00:00Z,ADAUSDT,0.0001
2023-11-26T00:00:00Z,ADAUSDT,0.0001
2023-11-26T08:00:00Z,ADAUSDT,0.0001
2023-11-26T16:00:00Z,ADAUSDT,0.0001
2023-11-27T00:00:00Z,ADAUSDT,0.0001
2023-11-27T08:00:00Z,ADAUSDT,0.0001
2023-11-27T16:00:00Z,ADAUSDT,0.0001
2023-11-28T00:00:00Z,ADAUSDT,0.0001
2023-11-28T08:00:00Z,ADAUSDT,0.0001
2023-11-28T16:00:00Z,ADAUSDT,0.0001
2023-11-29T00:00:00Z,ADAUSDT,0.0001
2023-11-29T08:00:00Z,ADAUSDT,0.0001
2023-11-29T16:00:00Z,ADAUSDT,0.0001
2023-11-30T00:00:00Z,ADAUSDT,0.0001
2023-11-30T08:00:00Z,ADAUSDT,0.0001
2023-11-30T16:00:00Z,ADAUSDT,0.0001
2023-12-01T00:00:00Z,ADAUSDT,0.0001
2023-12-01T08:00:00Z,ADAUSDT,0.0001
2023-12-01T16:00:00Z,ADAUSDT,0.0001
2023-12-02T00:00:00Z,ADAUSDT,0.0001
2023-12-02T08:00:00Z,ADAUSDT,0.0001
2023-12-02T16:00:00Z,ADAUSDT,0.0001
2023-12-03T00:00:00Z,ADAUSDT,0.00025623
2023-12-03T08:00:00Z,ADAUSDT,0.00036813
2023-12-03T16:00:00Z,ADAUSDT,0.00032733
2023-12-04T00:00:00Z,ADAUSDT,0.00021912
2023-12-04T08:00:00Z,ADAUSDT,0.0003904
2023-12-04T16:00:00Z,ADAUSDT,0.00025175
2023-12-05T00:00:00Z,ADAUSDT,0.00017712
2023-12-05T08:00:00Z,ADAUSDT,0.00022931
2023-12-05T16:00:00Z,ADAUSDT,0.00018808
2023-12-06T00:00:00Z,ADAUSDT,0.00026171
2023-12-06T08:00:00Z,ADAUSDT,0.0004034
2023-12-06T16:00:00Z,ADAUSDT,0.0001
2023-12-07T00:00:00Z,ADAUSDT,0.00015757
2023-12-07T08:00:00Z,ADAUSDT,0.0001
2023-12-07T16:00:00Z,ADAUSDT,0.00030046
2023-12-08T00:00:00Z,ADAUSDT,0.00031049
2023-12-08T08:00:00Z,ADAUSDT,0.00040798
2023-12-08T16:00:00Z,ADAUSDT,0.00031848
2023-12-09T00:00:00Z,ADAUSDT,0.00035946
2023-12-09T08:00:00Z,ADAUSDT,0.00043819
2023-12-09T16:00:00Z,ADAUSDT,0.00057214
2023-12-10T00:00:00Z,ADAUSDT,0.00041931
2023-12-10T08:00:00Z,ADAUSDT,0.00034653
2023-12-10T16:00:00Z,ADAUSDT,0.00030102
2023-12-11T00:00:00Z,ADAUSDT,0.000194
2023-12-11T08:00:00Z,ADAUSDT,0.00014253
2023-12-11T16:00:00Z,ADAUSDT,0.0001
2023-12-12T00:00:00Z,ADAUSDT,0.00011134
2023-12-12T08:00:00Z,ADAUSDT,0.0001
2023-12-12T16:00:00Z,ADAUSDT,0.00028615
2023-12-13T00:00:00Z,ADAUSDT,0.00019274
2023-12-13T08:00:00Z,ADAUSDT,0.0001
2023-12-13T16:00:00Z,ADAUSDT,0.00019846
2023-12-14T00:00:00Z,ADAUSDT,0.00025342
2023-12-14T08:00:00Z,ADAUSDT,0.00024438
2023-12-14T16:00:00Z,ADAUSDT,0.00021208
2023-12-15T00:00:00Z,ADAUSDT,0.0001
2023-12-15T08:00:00Z,ADAUSDT,0.0001201
2023-12-15T16:00:00Z,ADAUSDT,0.00023921
2023-12-16T00:00:00Z,ADAUSDT,0.00030084
2023-12-16T08:00:00Z,ADAUSDT,0.0001
2023-12-16T16:00:00Z,ADAUSDT,0.0001
2023-12-17T00:00:00Z,ADAUSDT,0.0001
2023-12-17T08:00:00Z,ADAUSDT,0.00020761
2023-12-17T16:00:00Z,ADAUSDT,0.0002216
2023-12-18T00:00:00Z,ADAUSDT,0.00028217
2023-12-18T08:00:00Z,ADAUSDT,0.0001
2023-12-18T16:00:00Z,ADAUSDT,0.0001
2023-12-19T00:00:00Z,ADAUSDT,0.0001
2023-12-19T08:00:00Z,ADAUSDT,0.0001
2023-12-19T16:00:00Z,ADAUSDT,0.0001
2023-12-20T00:00:00Z,ADAUSDT,0.0001
2023-12-20T08:00:00Z,ADAUSDT,0.0001
2023-12-20T16:00:00Z,ADAUSDT,0.0001
2023-12-21T00:00:00Z,ADAUSDT,0.00010103
2023-12-21T08:00:00Z,ADAUSDT,0.0001
2023-12-21T16:00:00Z,ADAUSDT,0.0003326
2023-12-22T00:00:00Z,ADAUSDT,0.00042907
2023-12-22T08:00:00Z,ADAUSDT,0.00046246
2023-12-22T16:00:00Z,ADAUSDT,0.0004564
2023-12-23T00:00:00Z,ADAUSDT,0.00032831
2023-12-23T08:00:00Z,ADAUSDT,0.00017453
2023-12-23T16:00:00Z,ADAUSDT,0.00025496
2023-12-24T00:00:00Z,ADAUSDT,0.00024023
2023-12-24T08:00:00Z,ADAUSDT,0.00045166
2023-12-24T16:00:00Z,ADAUSDT,0.00034527
2023-12-25T00:00:00Z,ADAUSDT,0.00023759
2023-12-25T08:00:00Z,ADAUSDT,0.00024776
2023-12-25T16:00:00Z,ADAUSDT,0.00058171
2023-12-26T00:00:00Z,ADAUSDT,0.00092247
2023-12-26T08:00:00Z,ADAUSDT,0.00058694
2023-12-26T16:00:00Z,ADAUSDT,0.000588
2023-12-27T00:00:00Z,ADAUSDT,0.0001853
2023-12-27T08:00:00Z,ADAUSDT,0.00022621
2023-12-27T16:00:00Z,ADAUSDT,0.00063559
2023-12-28T00:00:00Z,ADAUSDT,0.00083856
2023-12-28T08:00:00Z,ADAUSDT,0.00083992
2023-12-28T16:00:00Z,ADAUSDT,0.0006826
2023-12-29T00:00:00Z,ADAUSDT,0.00051484
2023-12-29T08:00:00Z,ADAUSDT,0.00038643
2023-12-29T16:00:00Z,ADAUSDT,0.00054466
2023-12-30T00:00:00Z,ADAUSDT,0.0002398
2023-12-30T08:00:00Z,ADAUSDT,0.00025145
2023-12-30T16:00:00Z,ADAUSDT,0.00025813
2023-12-31T00:00:00Z,ADAUSDT,0.00041587
2023-12-31T08:00:00Z,ADAUSDT,0.00026337
2023-12-31T16:00:00Z,ADAUSDT,0.00052659
2024-01-01T00:00:00Z,ADAUSDT,0.00022195
2024-01-01T08:00:00Z,ADAUSDT,0.00018895
2024-01-01T16:00:00Z,ADAUSDT,0.00042057
2024-01-02T00:00:00Z,ADAUSDT,0.00081431
2024-01-02T08:00:00Z,ADAUSDT,0.00059988
2024-01-02T16:00:00Z,ADAUSDT,0.00073495
2024-01-03T00:00:00Z,ADAUSDT,0.00045604
2024-01-03T08:00:00Z,ADAUSDT,0.00046129
2024-01-03T16:00:00Z,ADAUSDT,0.0001
2024-01-04T00:00:00Z,ADAUSDT,0.0001
2024-01-04T08:00:00Z,ADAUSDT,0.0001
2024-01-04T16:00:00Z,ADAUSDT,0.0001
2024-01-05T00:00:00Z,ADAUSDT,0.0001
2024-01-05T08:00:00Z,ADAUSDT,0.0001
2024-01-05T16:00:00Z,ADAUSDT,0.0001
2024-01-06T00:00:00Z,ADAUSDT,0.0001
2024-01-06T08:00:00Z,ADAUSDT,0.0001
2024-01-06T16:00:00Z,ADAUSDT,0.0001
2024-01-07T00:00:00Z,ADAUSDT,0.0001
2024-01-07T08:00:00Z,ADAUSDT,0.0001
2024-01-07T16:00:00Z,ADAUSDT,0.0001
2024-01-08T00:00:00Z,ADAUSDT,0.0001
2024-01-08T08:00:00Z,ADAUSDT,0.0001
2024-01-08T16:00:00Z,ADAUSDT,0.0001
2024-01-09T00:00:00Z,ADAUSDT,0.0001
2024-01-09T08:00:00Z,ADAUSDT,0.0001
2024-01-09T16:00:00Z,ADAUSDT,0.0001
2024-01-10T00:00:00Z,ADAUSDT,0.0001
2024-01-10T08:00:00Z,ADAUSDT,0.0001
2024-01-10T16:00:00Z,ADAUSDT,0.0001
2024-01-11T00:00:00Z,ADAUSDT,0.0001
2024-01-11T08:00:00Z,ADAUSDT,0.0001
2024-01-11T16:00:00Z,ADAUSDT,0.0001
2024-01-12T00:00:00Z,ADAUSDT,0.0001
2024-01-12T08:00:00Z,ADAUSDT,0.0001
2024-01-12T16:00:00Z,ADAUSDT,0.0001
2024-01-13T00:00:00Z,ADAUSDT,0.0001
2024-01-13T08:00:00Z,ADAUSDT,0.0001
2024-01-13T16:00:00Z,ADAUSDT,0.0001
2024-01-14T00:00:00Z,ADAUSDT,0.0001
2024-01-14T08:00:00Z,ADAUSDT,0.0001
2024-01-14T16:00:00Z,ADAUSDT,0.0001
2024-01-15T00:00:00Z,ADAUSDT,0.0001
2024-01-15T08:00:00Z,ADAUSDT,0.0001
2024-01-15T16:00:00Z,ADAUSDT,0.0001
2024-01-16T00:00:00Z,ADAUSDT,0.0001
2024-01-16T08:00:00Z,ADAUSDT,0.0001
2024-01-16T16:00:00Z,ADAUSDT,0.0001
2024-01-17T00:00:00Z,ADAUSDT,0.0001
2024-01-17T08:00:00Z,ADAUSDT,0.0001
2024-01-17T16:00:00Z,ADAUSDT,0.0001
2024-01-18T00:00:00Z,ADAUSDT,0.0001
2024-01-18T08:00:00Z,ADAUSDT,0.0001
2024-01-18T16:00:00Z,ADAUSDT,0.0001
2024-01-19T00:00:00Z,ADAUSDT,0.0001
2024-01-19T08:00:00Z,ADAUSDT,0.0001
2024-01-19T16:00:00Z,ADAUSDT,0.0001
2024-01-20T00:00:00Z,ADAUSDT,0.0001
2024-01-20T08:00:00Z,ADAUSDT,0.0001
2024-01-20T16:00:00Z,ADAUSDT,0.0001
2024-01-21T00:00:00Z,ADAUSDT,0.0001
2024-01-21T08:00:00Z,ADAUSDT,0.0001
2024-01-21T16:00:00Z,ADAUSDT,0.0001
2024-01-22T00:00:00Z,ADAUSDT,0.0001
2024-01-22T08:00:00Z,ADAUSDT,0.0001
2024-01-22T16:00:00Z,ADAUSDT,0.0001
2024-01-23T00:00:00Z,ADAUSDT,0.0001
2024-01-23T08:00:00Z,ADAUSDT,0.0001
2024-01-23T16:00:00Z,ADAUSDT,0.0001
2024-01-24T00:00:00Z,ADAUSDT,0.0001
2024-01-24T08:00:00Z,ADAUSDT,0.0001
2024-01-24T16:00:00Z,ADAUSDT,0.0001
2024-01-25T00:00:00Z,ADAUSDT,0.0001
2024-01-25T08:00:00Z,ADAUSDT,0.0001
2024-01-25T16:00:00Z,ADAUSDT,0.0001
2024-01-26T00:00:00Z,ADAUSDT,0.0001
2024-01-26T08:00:00Z,ADAUSDT,0.0001
2024-01-26T16:00:00Z,ADAUSDT,0.0001
2024-01-27T00:00:00Z,ADAUSDT,0.0001
2024-01-27T08:00:00Z,ADAUSDT,0.0001
2024-01-27T16:00:00Z,ADAUSDT,0.0001
2024-01-28T00:00:00Z,ADAUSDT,0.0001
2024-01-28T08:00:00Z,ADAUSDT,0.0001
2024-01-28T16:00:00Z,ADAUSDT,0.0001
2024-01-29T00:00:00Z,ADAUSDT,0.0001
2024-01-29T08:00:00Z,ADAUSDT,0.0001
2024-01-29T16:00:00Z,ADAUSDT,0.0001
2024-01-30T00:00:00Z,ADAUSDT,0.0001
2024-01-30T08:00:00Z,ADAUSDT,0.0001
2024-01-30T16:00:00Z,ADAUSDT,0.0001
2024-01-31T00:00:00Z,ADAUSDT,0.0001
2024-01-31T08:00:00Z,ADAUSDT,0.0001
2024-01-31T16:00:00Z,ADAUSDT,0.0001
2024-02-01T00:00:00Z,ADAUSDT,0.0001
2024-02-01T08:00:00Z,ADAUSDT,0.0001
2024-02-01T16:00:00Z,ADAUSDT,0.0001
2024-02-02T00:00:00Z,ADAUSDT,0.0001
2024-02-02T08:00:00Z,ADAUSDT,0.0001
2024-02-02T16:00:00Z,ADAUSDT,0.0001
2024-02-03T00:00:00Z,ADAUSDT,0.0001
2024-02-03T08:00:00Z,ADAUSDT,0.0001
2024-02-03T16:00:00Z,ADAUSDT,0.0001
2024-02-04T00:00:00Z,ADAUSDT,0.0001
2024-02-04T08:00:00Z,ADAUSDT,0.0001
2024-02-04T16:00:00Z,ADAUSDT,0.0001
2024-02-05T00:00:00Z,ADAUSDT,0.0001
2024-02-05T08:00:00Z,ADAUSDT,0.0001
2024-02-05T16:00:00Z,ADAUSDT,0.0001
2024-02-06T00:00:00Z,ADAUSDT,0.0001
2024-02-06T08:00:00Z,ADAUSDT,0.0001
2024-02-06T16:00:00Z,ADAUSDT,0.0001
2024-02-07T00:00:00Z,ADAUSDT,0.0001
2024-02-07T08:00:00Z,ADAUSDT,0.0001
2024-02-07T16:00:00Z,ADAUSDT,0.0001
2024-02-08T00:00:00Z,ADAUSDT,0.0001
2024-02-08T08:00:00Z,ADAUSDT,0.0001
2024-02-08T16:00:00Z,ADAUSDT,0.0001
2024-02-09T00:00:00Z,ADAUSDT,0.0001
2024-02-09T08:00:00Z,ADAUSDT,0.0001
2024-02-09T16:00:00Z,ADAUSDT,0.0001
2024-02-10T00:00:00Z,ADAUSDT,0.0001
2024-02-10T08:00:00Z,ADAUSDT,0.0001
2024-02-10T16:00:00Z,ADAUSDT,0.0001
2024-02-11T00:00:00Z,ADAUSDT,0.0001
2024-02-11T08:00:00Z,ADAUSDT,0.0001
2024-02-11T16:00:00Z,ADAUSDT,0.0001
2024-02-12T00:00:00Z,ADAUSDT,0.0001
2024-02-12T08:00:00Z,ADAUSDT,0.0001
2024-02-12T16:00:00Z,ADAUSDT,0.0001
2024-02-13T00:00:00Z,ADAUSDT,0.0001
2024-02-13T08:00:00Z,ADAUSDT,0.0001
2024-02-13T16:00:00Z,ADAUSDT,0.0001
2024-02-14T00:00:00Z,ADAUSDT,0.0001
2024-02-14T08:00:00Z,ADAUSDT,0.0001
2024-02-14T16:00:00Z,ADAUSDT,0.00019194
2024-02-15T00:00:00Z,ADAUSDT,0.00024954
2024-02-15T08:00:00Z,ADAUSDT,0.00016179
2024-02-15T16:00:00Z,ADAUSDT,0.00011931
2024-02-16T00:00:00Z,ADAUSDT,0.00024203
2024-02-16T08:00:00Z,ADAUSDT,0.0001415
2024-02-16T16:00:00Z,ADAUSDT,0.0001
2024-02-17T00:00:00Z,ADAUSDT,0.00013425
2024-02-17T08:00:00Z,ADAUSDT,0.00014421
2024-02-17T16:00:00Z,ADAUSDT,0.00013854
2024-02-18T00:00:00Z,ADAUSDT,0.00015208
2024-02-18T08:00:00Z,ADAUSDT,0.00027202
2024-02-18T16:00:00Z,ADAUSDT,0.00018391
2024-02-19T00:00:00Z,ADAUSDT,0.00014253
2024-02-19T08:00:00Z,ADAUSDT,0.00025202
2024-02-19T16:00:00Z,ADAUSDT,0.00018545
2024-02-20T00:00:00Z,ADAUSDT,0.00024797
2024-02-20T08:00:00Z,ADAUSDT,0.0002299
2024-02-20T16:00:00Z,ADAUSDT,0.00019592
2024-02-21T00:00:00Z,ADAUSDT,0.0001
2024-02-21T08:00:00Z,ADAUSDT,0.0001
2024-02-21T16:00:00Z,ADAUSDT,0.0001
2024-02-22T00:00:00Z,ADAUSDT,0.0001
2024-02-22T08:00:00Z,ADAUSDT,0.0001
2024-02-22T16:00:00Z,ADAUSDT,0.0001
2024-02-23T00:00:00Z,ADAUSDT,0.0001
2024-02-23T08:00:00Z,ADAUSDT,0.00010118
2024-02-23T16:00:00Z,ADAUSDT,0.0001
2024-02-24T00:00:00Z,ADAUSDT,0.0001
2024-02-24T08:00:00Z,ADAUSDT,0.00011487
2024-02-24T16:00:00Z,ADAUSDT,0.00015268
2024-02-25T00:00:00Z,ADAUSDT,0.00025721
2024-02-25T08:00:00Z,ADAUSDT,0.00032185
2024-02-25T16:00:00Z,ADAUSDT,0.00020853
2024-02-26T00:00:00Z,ADAUSDT,0.00031468
2024-02-26T08:00:00Z,ADAUSDT,0.00031987
2024-02-26T16:00:00Z,ADAUSDT,0.00031012
2024-02-27T00:00:00Z,ADAUSDT,0.0004349
2024-02-27T08:00:00Z,ADAUSDT,0.00063869
2024-02-27T16:00:00Z,ADAUSDT,0.00026778
2024-02-28T00:00:00Z,ADAUSDT,0.00029846
2024-02-28T08:00:00Z,ADAUSDT,0.00031768
2024-02-28T16:00:00Z,ADAUSDT,0.00055493
2024-02-29T00:00:00Z,ADAUSDT,0.0004156
2024-02-29T08:00:00Z,ADAUSDT,0.00100547
2024-02-29T16:00:00Z,ADAUSDT,0.00095057
2024-03-01T00:00:00Z,ADAUSDT,0.00043617
2024-03-01T08:00:00Z,ADAUSDT,0.00042548
2024-03-01T16:00:00Z,ADAUSDT,0.00043851
2024-03-02T00:00:00Z,ADAUSDT,0.00071458
2024-03-02T08:00:00Z,ADAUSDT,0.00090117
2024-03-02T16:00:00Z,ADAUSDT,0.0005443
2024-03-03T00:00:00Z,ADAUSDT,0.00046186
2024-03-03T08:00:00Z,ADAUSDT,0.00057895
2024-03-03T16:00:00Z,ADAUSDT,0.00056873
2024-03-04T00:00:00Z,ADAUSDT,0.00060566
2024-03-04T08:00:00Z,ADAUSDT,0.00073762
2024-03-04T16:00:00Z,ADAUSDT,0.00068165
2024-03-05T00:00:00Z,ADAUSDT,0.00060879
2024-03-05T08:00:00Z,ADAUSDT,0.00108793
2024-03-05T16:00:00Z,ADAUSDT,0.00110687
2024-03-06T00:00:00Z,ADAUSDT,0.0001
2024-03-06T08:00:00Z,ADAUSDT,0.0001
2024-03-06T16:00:00Z,ADAUSDT,0.00029072
2024-03-07T00:00:00Z,ADAUSDT,0.00021495
2024-03-07T08:00:00Z,ADAUSDT,0.00034749
2024-03-07T16:00:00Z,ADAUSDT,0.00043129
2024-03-08T00:00:00Z,ADAUSDT,0.00060526
2024-03-08T08:00:00Z,ADAUSDT,0.00056247
2024-03-08T16:00:00Z,ADAUSDT,0.00052338
2024-03-09T00:00:00Z,ADAUSDT,0.00051282
2024-03-09T08:00:00Z,ADAUSDT,0.00045713
2024-03-09T16:00:00Z,ADAUSDT,0.00067097
2024-03-10T00:00:00Z,ADAUSDT,0.0008965
2024-03-10T08:00:00Z,ADAUSDT,0.00068954
2024-03-10T16:00:00Z,ADAUSDT,0.00030113
2024-03-11T00:00:00Z,ADAUSDT,0.00038749
2024-03-11T08:00:00Z,ADAUSDT,0.00042949
2024-03-11T16:00:00Z,ADAUSDT,0.00067662
2024-03-12T00:00:00Z,ADAUSDT,0.00083335
2024-03-12T08:00:00Z,ADAUSDT,0.00066476
2024-03-12T16:00:00Z,ADAUSDT,0.00051468
2024-03-13T00:00:00Z,ADAUSDT,0.00037463
2024-03-13T08:00:00Z,ADAUSDT,0.00072994
2024-03-13T16:00:00Z,ADAUSDT,0.00056306
2024-03-14T00:00:00Z,ADAUSDT,0.0004507
2024-03-14T08:00:00Z,ADAUSDT,0.00070426
2024-03-14T16:00:00Z,ADAUSDT,0.00071699
2024-03-15T00:00:00Z,ADAUSDT,0.00047659
2024-03-15T08:00:00Z,ADAUSDT,0.00026302
2024-03-15T16:00:00Z,ADAUSDT,0.0001
2024-03-16T00:00:00Z,ADAUSDT,0.00016402
2024-03-16T08:00:00Z,ADAUSDT,0.00017501
2024-03-16T16:00:00Z,ADAUSDT,0.0001
2024-03-17T00:00:00Z,ADAUSDT,0.0001
2024-03-17T08:00:00Z,ADAUSDT,0.0001
2024-03-17T16:00:00Z,ADAUSDT,0.00016398
2024-03-18T00:00:00Z,ADAUSDT,0.00013187
2024-03-18T08:00:00Z,ADAUSDT,0.0001
2024-03-18T16:00:00Z,ADAUSDT,0.0001
2024-03-19T00:00:00Z,ADAUSDT,0.0001
2024-03-19T08:00:00Z,ADAUSDT,0.0001
2024-03-19T16:00:00Z,ADAUSDT,0.0001
2024-03-20T00:00:00Z,ADAUSDT,0.0001
2024-03-20T08:00:00Z,ADAUSDT,0.0001
2024-03-20T16:00:00Z,ADAUSDT,0.0001
2024-03-21T00:00:00Z,ADAUSDT,0.0001
2024-03-21T08:00:00Z,ADAUSDT,0.0001
2024-03-21T16:00:00Z,ADAUSDT,0.0001
2024-03-22T00:00:00Z,ADAUSDT,0.0001
2024-03-22T08:00:00Z,ADAUSDT,0.0001
2024-03-22T16:00:00Z,ADAUSDT,0.0001
2024-03-23T00:00:00Z,ADAUSDT,0.0001
2024-03-23T08:00:00Z,ADAUSDT,0.0001
2024-03-23T16:00:00Z,ADAUSDT,0.00019807
2024-03-24T00:00:00Z,ADAUSDT,0.00010626
2024-03-24T08:00:00Z,ADAUSDT,0.00019217
2024-03-24T16:00:00Z,ADAUSDT,0.00014688
2024-03-25T00:00:00Z,ADAUSDT,0.00014348
2024-03-25T08:00:00Z,ADAUSDT,0.00014385
2024-03-25T16:00:00Z,ADAUSDT,0.00022978
2024-03-26T00:00:00Z,ADAUSDT,0.00037662
2024-03-26T08:00:00Z,ADAUSDT,0.00035128
2024-03-26T16:00:00Z,ADAUSDT,0.00044539
2024-03-27T00:00:00Z,ADAUSDT,0.00049791
2024-03-27T08:00:00Z,ADAUSDT,0.00046909
2024-03-27T16:00:00Z,ADAUSDT,0.00039483
2024-03-28T00:00:00Z,ADAUSDT,0.00029273
2024-03-28T08:00:00Z,ADAUSDT,0.00041487
2024-03-28T16:00:00Z,ADAUSDT,0.0004935
2024-03-29T00:00:00Z,ADAUSDT,0.00055805
2024-03-29T08:00:00Z,ADAUSDT,0.00040523
2024-03-29T16:00:00Z,ADAUSDT,0.000503
2024-03-30T00:00:00Z,ADAUSDT,0.00029398
2024-03-30T08:00:00Z,ADAUSDT,0.00046442
2024-03-30T16:00:00Z,ADAUSDT,0.00051306
2024-03-31T00:00:00Z,ADAUSDT,0.00033412
2024-03-31T08:00:00Z,ADAUSDT,0.00053875
2024-03-31T16:00:00Z,ADAUSDT,0.00069077
2024-04-01T00:00:00Z,ADAUSDT,0.00065661
2024-04-01T08:00:00Z,ADAUSDT,0.00035443
2024-04-01T16:00:00Z,ADAUSDT,0.00022223
2024-04-02T00:00:00Z,ADAUSDT,0.00019067
2024-04-02T08:00:00Z,ADAUSDT,0.0001
2024-04-02T16:00:00Z,ADAUSDT,0.0001
2024-04-03T00:00:00Z,ADAUSDT,0.0001
2024-04-03T08:00:00Z,ADAUSDT,0.0001
2024-04-03T16:00:00Z,ADAUSDT,0.0001
2024-04-04T00:00:00Z,ADAUSDT,0.0001
2024-04-04T08:00:00Z,ADAUSDT,0.0001
2024-04-04T16:00:00Z,ADAUSDT,0.0001
2024-04-05T00:00:00Z,ADAUSDT,0.0001
2024-04-05T08:00:00Z,ADAUSDT,0.00015746
2024-04-05T16:00:00Z,ADAUSDT,0.0001056
2024-04-06T00:00:00Z,ADAUSDT,0.00013182
2024-04-06T08:00:00Z,ADAUSDT,0.00011562
2024-04-06T16:00:00Z,ADAUSDT,0.0001
2024-04-07T00:00:00Z,ADAUSDT,0.00020719
2024-04-07T08:00:00Z,ADAUSDT,0.0001
2024-04-07T16:00:00Z,ADAUSDT,0.00018427
2024-04-08T00:00:00Z,ADAUSDT,0.00023389
2024-04-08T08:00:00Z,ADAUSDT,0.00012213
2024-04-08T16:00:00Z,ADAUSDT,0.00029872
2024-04-09T00:00:00Z,ADAUSDT,0.00041646
2024-04-09T08:00:00Z,ADAUSDT,0.00021408
2024-04-09T16:00:00Z,ADAUSDT,0.00010996
2024-04-10T00:00:00Z,ADAUSDT,0.00022603
2024-04-10T08:00:00Z,ADAUSDT,0.0001
2024-04-10T16:00:00Z,ADAUSDT,0.0001
2024-04-11T00:00:00Z,ADAUSDT,0.0001
2024-04-11T08:00:00Z,ADAUSDT,0.00013535
2024-04-11T16:00:00Z,ADAUSDT,0.00013149
2024-04-12T00:00:00Z,ADAUSDT,0.0001296
2024-04-12T08:00:00Z,ADAUSDT,0.00014732
2024-04-12T16:00:00Z,ADAUSDT,0.00012719
2024-04-13T00:00:00Z,ADAUSDT,0.0001
2024-04-13T08:00:00Z,ADAUSDT,0.0001
2024-04-13T16:00:00Z,ADAUSDT,0.0001
2024-04-14T00:00:00Z,ADAUSDT,-0.00004944
2024-04-14T08:00:00Z,ADAUSDT,0.00007926
2024-04-14T16:00:00Z,ADAUSDT,0.0001
2024-04-15T00:00:00Z,ADAUSDT,0.0001
2024-04-15T08:00:00Z,ADAUSDT,0.0001
2024-04-15T16:00:00Z,ADAUSDT,0.0001
2024-04-16T00:00:00Z,ADAUSDT,0.0001
2024-04-16T08:00:00Z,ADAUSDT,0.00006719
2024-04-16T16:00:00Z,ADAUSDT,0.0001
2024-04-17T00:00:00Z,ADAUSDT,0.0000937
2024-04-17T08:00:00Z,ADAUSDT,0.00003831
2024-04-17T16:00:00Z,ADAUSDT,0.00003328
2024-04-18T00:00:00Z,ADAUSDT,0.00003074
2024-04-18T08:00:00Z,ADAUSDT,0.0001
2024-04-18T16:00:00Z,ADAUSDT,0.00004284
2024-04-19T00:00:00Z,ADAUSDT,0.00002452
2024-04-19T08:00:00Z,ADAUSDT,0.0001
2024-04-19T16:00:00Z,ADAUSDT,0.0001
2024-04-20T00:00:00Z,ADAUSDT,0.0001
2024-04-20T08:00:00Z,ADAUSDT,-0.00002815
2024-04-20T16:00:00Z,ADAUSDT,0.00000769
2024-04-21T00:00:00Z,ADAUSDT,0.0001
2024-04-21T08:00:00Z,ADAUSDT,0.0001
2024-04-21T16:00:00Z,ADAUSDT,0.0001
2024-04-22T00:00:00Z,ADAUSDT,0.0001
2024-04-22T08:00:00Z,ADAUSDT,0.0000646
2024-04-22T16:00:00Z,ADAUSDT,0.00005652
2024-04-23T00:00:00Z,ADAUSDT,0.0001
2024-04-23T08:00:00Z,ADAUSDT,0.0001
2024-04-23T16:00:00Z,ADAUSDT,0.0001
2024-04-24T00:00:00Z,ADAUSDT,0.00005919
2024-04-24T08:00:00Z,ADAUSDT,0.00005121
2024-04-24T16:00:00Z,ADAUSDT,0.00008511
2024-04-25T00:00:00Z,ADAUSDT,0.00009933
2024-04-25T08:00:00Z,ADAUSDT,-0.00006535
2024-04-25T16:00:00Z,ADAUSDT,0.0001
2024-04-26T00:00:00Z,ADAUSDT,0.00003435
2024-04-26T08:00:00Z,ADAUSDT,0.00008468
2024-04-26T16:00:00Z,ADAUSDT,0.0000329
2024-04-27T00:00:00Z,ADAUSDT,0.00002918
2024-04-27T08:00:00Z,ADAUSDT,0.0001
2024-04-27T16:00:00Z,ADAUSDT,0.00006798
2024-04-28T00:00:00Z,ADAUSDT,-0.00002802
2024-04-28T08:00:00Z,ADAUSDT,-0.00002476
2024-04-28T16:00:00Z,ADAUSDT,0.0001
2024-04-29T00:00:00Z,ADAUSDT,0.0001
2024-04-29T08:00:00Z,ADAUSDT,-0.00000558
2024-04-29T16:00:00Z,ADAUSDT,0.0001
2024-04-30T00:00:00Z,ADAUSDT,0.00007333
2024-04-30T08:00:00Z,ADAUSDT,0.00004542
2024-04-30T16:00:00Z,ADAUSDT,0.00001342
2024-05-01T00:00:00Z,ADAUSDT,0.0001
2024-05-01T08:00:00Z,ADAUSDT,0.0001
2024-05-01T16:00:00Z,ADAUSDT,0.00008615
2024-05-02T00:00:00Z,ADAUSDT,0.00004496
2024-05-02T08:00:00Z,ADAUSDT,0.00007301
2024-05-02T16:00:00Z,ADAUSDT,0.00006737
2024-05-03T00:00:00Z,ADAUSDT,0.00001658
2024-05-03T08:00:00Z,ADAUSDT,0.00008151
2024-05-03T16:00:00Z,ADAUSDT,0.0000568
2024-05-04T00:00:00Z,ADAUSDT,0.00009313
2024-05-04T08:00:00Z,ADAUSDT,0.0001
2024-05-04T16:00:00Z,ADAUSDT,0.0001
2024-05-05T00:00:00Z,ADAUSDT,0.0001
2024-05-05T08:00:00Z,ADAUSDT,0.00009072
2024-05-05T16:00:00Z,ADAUSDT,0.0001
2024-05-06T00:00:00Z,ADAUSDT,0.0001
2024-05-06T08:00:00Z,ADAUSDT,0.0001
2024-05-06T16:00:00Z,ADAUSDT,0.0001
2024-05-07T00:00:00Z,ADAUSDT,0.0001
2024-05-07T08:00:00Z,ADAUSDT,0.0001
2024-05-07T16:00:00Z,ADAUSDT,0.0001
2024-05-08T00:00:00Z,ADAUSDT,0.00006389
2024-05-08T08:00:00Z,ADAUSDT,0.00007843
2024-05-08T16:00:00Z,ADAUSDT,-0.00005227
2024-05-09T00:00:00Z,ADAUSDT,0.0001
2024-05-09T08:00:00Z,ADAUSDT,0.0001
2024-05-09T16:00:00Z,ADAUSDT,0.0001
2024-05-10T00:00:00Z,ADAUSDT,0.0001
2024-05-10T08:00:00Z,ADAUSDT,0.0001
2024-05-10T16:00:00Z,ADAUSDT,0.0001
2024-05-11T00:00:00Z,ADAUSDT,0.00002919
2024-05-11T08:00:00Z,ADAUSDT,0.00009832
2024-05-11T16:00:00Z,ADAUSDT,0.00003236
2024-05-12T00:00:00Z,ADAUSDT,0.0001
2024-05-12T08:00:00Z,ADAUSDT,0.00004247
2024-05-12T16:00:00Z,ADAUSDT,0.0001
2024-05-13T00:00:00Z,ADAUSDT,0.00007052
2024-05-13T08:00:00Z,ADAUSDT,0.00005595
2024-05-13T16:00:00Z,ADAUSDT,0.00007172
2024-05-14T00:00:00Z,ADAUSDT,0.0000755
2024-05-14T08:00:00Z,ADAUSDT,0.00004989
2024-05-14T16:00:00Z,ADAUSDT,0.00007429
2024-05-15T00:00:00Z,ADAUSDT,0.00004541
2024-05-15T08:00:00Z,ADAUSDT,0.0001
2024-05-15T16:00:00Z,ADAUSDT,0.0000193
2024-05-16T00:00:00Z,ADAUSDT,0.0001
2024-05-16T08:00:00Z,ADAUSDT,0.0001
2024-05-16T16:00:00Z,ADAUSDT,0.0001
2024-05-17T00:00:00Z,ADAUSDT,0.0001
2024-05-17T08:00:00Z,ADAUSDT,0.0001
2024-05-17T16:00:00Z,ADAUSDT,0.0001
2024-05-18T00:00:00Z,ADAUSDT,0.0001
2024-05-18T08:00:00Z,ADAUSDT,0.0001
2024-05-18T16:00:00Z,ADAUSDT,0.0001
2024-05-19T00:00:00Z,ADAUSDT,0.0001
2024-05-19T08:00:00Z,ADAUSDT,0.0001
2024-05-19T16:00:00Z,ADAUSDT,0.0001
2024-05-20T00:00:00Z,ADAUSDT,0.0001
2024-05-20T08:00:00Z,ADAUSDT,0.0001
2024-05-20T16:00:00Z,ADAUSDT,0.0001
2024-05-21T00:00:00Z,ADAUSDT,0.0001
2024-05-21T08:00:00Z,ADAUSDT,0.0001
2024-05-21T16:00:00Z,ADAUSDT,0.0001
2024-05-22T00:00:00Z,ADAUSDT,0.00017784
2024-05-22T08:00:00Z,ADAUSDT,0.0001
2024-05-22T16:00:00Z,ADAUSDT,0.0001
2024-05-23T00:00:00Z,ADAUSDT,0.0001
2024-05-23T08:00:00Z,ADAUSDT,0.00014861
2024-05-23T16:00:00Z,ADAUSDT,0.0001
2024-05-24T00:00:00Z,ADAUSDT,0.0001
2024-05-24T08:00:00Z,ADAUSDT,0.0001
2024-05-24T16:00:00Z,ADAUSDT,0.0001
2024-05-25T00:00:00Z,ADAUSDT,0.0001
2024-05-25T08:00:00Z,ADAUSDT,0.0001
2024-05-25T16:00:00Z,ADAUSDT,0.0001
2024-05-26T00:00:00Z,ADAUSDT,0.0001
2024-05-26T08:00:00Z,ADAUSDT,0.0001
2024-05-26T16:00:00Z,ADAUSDT,0.0001
2024-05-27T00:00:00Z,ADAUSDT,0.0001
2024-05-27T08:00:00Z,ADAUSDT,0.0001
2024-05-27T16:00:00Z,ADAUSDT,0.00010687
2024-05-28T00:00:00Z,ADAUSDT,0.00015199
2024-05-28T08:00:00Z,ADAUSDT,0.0001
2024-05-28T16:00:00Z,ADAUSDT,0.0001
2024-05-29T00:00:00Z,ADAUSDT,0.0001
2024-05-29T08:00:00Z,ADAUSDT,0.0001
2024-05-29T16:00:00Z,ADAUSDT,0.0001
2024-05-30T00:00:00Z,ADAUSDT,0.0001
2024-05-30T08:00:00Z,ADAUSDT,0.0001
2024-05-30T16:00:00Z,ADAUSDT,0.0001
2024-05-31T00:00:00Z,ADAUSDT,0.0001
2024-05-31T08:00:00Z,ADAUSDT,0.0001
2024-05-31T16:00:00Z,ADAUSDT,0.0001
2024-06-01T00:00:00Z,ADAUSDT,0.0001
2024-06-01T08:00:00Z,ADAUSDT,0.0001
2024-06-01T16:00:00Z,ADAUSDT,0.0001
2024-06-02T00:00:00Z,ADAUSDT,0.0001
2024-06-02T08:00:00Z,ADAUSDT,0.0001
2024-06-02T16:00:00Z,ADAUSDT,0.0001
2024-06-03T00:00:00Z,ADAUSDT,0.0001
2024-06-03T08:00:00Z,ADAUSDT,0.0001
2024-06-03T16:00:00Z,ADAUSDT,0.0001
2024-06-04T00:00:00Z,ADAUSDT,0.00012423
2024-06-04T08:00:00Z,ADAUSDT,0.0001
2024-06-04T16:00:00Z,ADAUSDT,0.0001
2024-06-05T00:00:00Z,ADAUSDT,0.0001
2024-06-05T08:00:00Z,ADAUSDT,0.00017781
2024-06-05T16:00:00Z,ADAUSDT,0.0001
2024-06-06T00:00:00Z,ADAUSDT,0.0001
2024-06-06T08:00:00Z,ADAUSDT,0.00013857
2024-06-06T16:00:00Z,ADAUSDT,0.00018521
2024-06-07T00:00:00Z,ADAUSDT,0.0001
2024-06-07T08:00:00Z,ADAUSDT,0.0001
2024-06-07T16:00:00Z,ADAUSDT,0.00010961
2024-06-08T00:00:00Z,ADAUSDT,0.0001
2024-06-08T08:00:00Z,ADAUSDT,0.0001
2024-06-08T16:00:00Z,ADAUSDT,0.0001
2024-06-09T00:00:00Z,ADAUSDT,0.0001
2024-06-09T08:00:00Z,ADAUSDT,0.0001
2024-06-09T16:00:00Z,ADAUSDT,0.0001
2024-06-10T00:00:00Z,ADAUSDT,0.0001
2024-06-10T08:00:00Z,ADAUSDT,0.0001
2024-06-10T16:00:00Z,ADAUSDT,0.0001
2024-06-11T00:00:00Z,ADAUSDT,0.0001
2024-06-11T08:00:00Z,ADAUSDT,0.0001
2024-06-11T16:00:00Z,ADAUSDT,0.0001
2024-06-12T00:00:00Z,ADAUSDT,0.0001
2024-06-12T08:00:00Z,ADAUSDT,0.0001
2024-06-12T16:00:00Z,ADAUSDT,0.0001
2024-06-13T00:00:00Z,ADAUSDT,0.0001
2024-06-13T08:00:00Z,ADAUSDT,0.0001
2024-06-13T16:00:00Z,ADAUSDT,0.0001
2024-06-14T00:00:00Z,ADAUSDT,0.0001
2024-06-14T08:00:00Z,ADAUSDT,0.0001
2024-06-14T16:00:00Z,ADAUSDT,0.0001
2024-06-15T00:00:00Z,ADAUSDT,0.00003381
2024-06-15T08:00:00Z,ADAUSDT,0.0001
2024-06-15T16:00:00Z,ADAUSDT,0.0001
2024-06-16T00:00:00Z,ADAUSDT,-0.00000031
2024-06-16T08:00:00Z,ADAUSDT,0.0001
2024-06-16T16:00:00Z,ADAUSDT,0.0001
2024-06-17T00:00:00Z,ADAUSDT,0.0001
2024-06-17T08:00:00Z,ADAUSDT,0.00006536
2024-06-17T16:00:00Z,ADAUSDT,0.0001
2024-06-18T00:00:00Z,ADAUSDT,0.0001
2024-06-18T08:00:00Z,ADAUSDT,0.00003697
2024-06-18T16:00:00Z,ADAUSDT,-0.00005895
2024-06-19T00:00:00Z,ADAUSDT,-0.00008519
2024-06-19T08:00:00Z,ADAUSDT,0.00006336
2024-06-19T16:00:00Z,ADAUSDT,0.0001
2024-06-20T00:00:00Z,ADAUSDT,0.00009349
2024-06-20T08:00:00Z,ADAUSDT,0.0001
2024-06-20T16:00:00Z,ADAUSDT,0.0001
2024-06-21T00:00:00Z,ADAUSDT,-0.00001855
2024-06-21T08:00:00Z,ADAUSDT,0.0001
2024-06-21T16:00:00Z,ADAUSDT,0.0001
2024-06-22T00:00:00Z,ADAUSDT,0.0001
2024-06-22T08:00:00Z,ADAUSDT,0.0001
2024-06-22T16:00:00Z,ADAUSDT,0.00001025
2024-06-23T00:00:00Z,ADAUSDT,0.0001
2024-06-23T08:00:00Z,ADAUSDT,0.0001
2024-06-23T16:00:00Z,ADAUSDT,0.0001
2024-06-24T00:00:00Z,ADAUSDT,0.0001
2024-06-24T08:00:00Z,ADAUSDT,0.00005859
2024-06-24T16:00:00Z,ADAUSDT,0.0001
2024-06-25T00:00:00Z,ADAUSDT,0.0001
2024-06-25T08:00:00Z,ADAUSDT,0.0001
2024-06-25T16:00:00Z,ADAUSDT,0.0001
2024-06-26T00:00:00Z,ADAUSDT,0.0001
2024-06-26T08:00:00Z,ADAUSDT,0.0000764
2024-06-26T16:00:00Z,ADAUSDT,0.0001
2024-06-27T00:00:00Z,ADAUSDT,0.00009457
2024-06-27T08:00:00Z,ADAUSDT,0.00009242
2024-06-27T16:00:00Z,ADAUSDT,0.00008507
2024-06-28T00:00:00Z,ADAUSDT,0.0001
2024-06-28T08:00:00Z,ADAUSDT,0.0001
2024-06-28T16:00:00Z,ADAUSDT,0.0001
2024-06-29T00:00:00Z,ADAUSDT,0.0001
2024-06-29T08:00:00Z,ADAUSDT,0.0001
2024-06-29T16:00:00Z,ADAUSDT,0.0001
2024-06-30T00:00:00Z,ADAUSDT,0.0001
2024-06-30T08:00:00Z,ADAUSDT,0.0001
2024-06-30T16:00:00Z,ADAUSDT,0.0001
2024-07-01T00:00:00Z,ADAUSDT,0.00002455
2024-07-01T08:00:00Z,ADAUSDT,0.00009271
2024-07-01T16:00:00Z,ADAUSDT,0.0001
2024-07-02T00:00:00Z,ADAUSDT,0.0001
2024-07-02T08:00:00Z,ADAUSDT,-0.00001975
2024-07-02T16:00:00Z,ADAUSDT,0.0001
2024-07-03T00:00:00Z,ADAUSDT,0.0000832
2024-07-03T08:00:00Z,ADAUSDT,0.0001
2024-07-03T16:00:00Z,ADAUSDT,0.0001
2024-07-04T00:00:00Z,ADAUSDT,0.0001
2024-07-04T08:00:00Z,ADAUSDT,0.00008856
2024-07-04T16:00:00Z,ADAUSDT,0.00005157
2024-07-05T00:00:00Z,ADAUSDT,-0.00003982
2024-07-05T08:00:00Z,ADAUSDT,-0.00009621
2024-07-05T16:00:00Z,ADAUSDT,-0.00003773
2024-07-06T00:00:00Z,ADAUSDT,0.00008947
2024-07-06T08:00:00Z,ADAUSDT,0.00009397
2024-07-06T16:00:00Z,ADAUSDT,0.00001815
2024-07-07T00:00:00Z,ADAUSDT,0.00001359
2024-07-07T08:00:00Z,ADAUSDT,0.00008268
2024-07-07T16:00:00Z,ADAUSDT,0.0000385
2024-07-08T00:00:00Z,ADAUSDT,0.0001
2024-07-08T08:00:00Z,ADAUSDT,0.00005397
2024-07-08T16:00:00Z,ADAUSDT,0.0001
2024-07-09T00:00:00Z,ADAUSDT,0.0000755
2024-07-09T08:00:00Z,ADAUSDT,0.00005026
2024-07-09T16:00:00Z,ADAUSDT,0.00007478
2024-07-10T00:00:00Z,ADAUSDT,0.0001
2024-07-10T08:00:00Z,ADAUSDT,0.0001
2024-07-10T16:00:00Z,ADAUSDT,0.0001
2024-07-11T00:00:00Z,ADAUSDT,0.0001
2024-07-11T08:00:00Z,ADAUSDT,-0.00001561
2024-07-11T16:00:00Z,ADAUSDT,-0.00001558
2024-07-12T00:00:00Z,ADAUSDT,0.00007625
2024-07-12T08:00:00Z,ADAUSDT,-0.00002875
2024-07-12T16:00:00Z,ADAUSDT,-0.00005151
2024-07-13T00:00:00Z,ADAUSDT,0.00003355
2024-07-13T08:00:00Z,ADAUSDT,-0.00004316
2024-07-13T16:00:00Z,ADAUSDT,-0.00002717
2024-07-14T00:00:00Z,ADAUSDT,0.0001
2024-07-14T08:00:00Z,ADAUSDT,0.00000897
2024-07-14T16:00:00Z,ADAUSDT,0.00007511
2024-07-15T00:00:00Z,ADAUSDT,0.0001
2024-07-15T08:00:00Z,ADAUSDT,0.00008866
2024-07-15T16:00:00Z,ADAUSDT,0.00006146
2024-07-16T00:00:00Z,ADAUSDT,0.0001
2024-07-16T08:00:00Z,ADAUSDT,0.00003504
2024-07-16T16:00:00Z,ADAUSDT,0.0001
2024-07-17T00:00:00Z,ADAUSDT,0.00003684
2024-07-17T08:00:00Z,ADAUSDT,0.0001
2024-07-17T16:00:00Z,ADAUSDT,0.0001
2024-07-18T00:00:00Z,ADAUSDT,0.00007668
2024-07-18T08:00:00Z,ADAUSDT,0.00009935
2024-07-18T16:00:00Z,ADAUSDT,0.00008093
2024-07-19T00:00:00Z,ADAUSDT,0.00004949
2024-07-19T08:00:00Z,ADAUSDT,0.00009547
2024-07-19T16:00:00Z,ADAUSDT,0.0001
2024-07-20T00:00:00Z,ADAUSDT,0.0001
2024-07-20T08:00:00Z,ADAUSDT,0.0001
2024-07-20T16:00:00Z,ADAUSDT,-0.00000608
2024-07-21T00:00:00Z,ADAUSDT,0.0001
2024-07-21T08:00:00Z,ADAUSDT,0.0001
2024-07-21T16:00:00Z,ADAUSDT,0.0001
2024-07-22T00:00:00Z,ADAUSDT,0.00001366
2024-07-22T08:00:00Z,ADAUSDT,0.00000829
2024-07-22T16:00:00Z,ADAUSDT,0.0001
2024-07-23T00:00:00Z,ADAUSDT,0.0001
2024-07-23T08:00:00Z,ADAUSDT,-0.0000404
2024-07-23T16:00:00Z,ADAUSDT,0.00009728
2024-07-24T00:00:00Z,ADAUSDT,0.0001
2024-07-24T08:00:00Z,ADAUSDT,0.00002478
2024-07-24T16:00:00Z,ADAUSDT,0.0001
2024-07-25T00:00:00Z,ADAUSDT,0.0001
2024-07-25T08:00:00Z,ADAUSDT,0.0001
2024-07-25T16:00:00Z,ADAUSDT,0.00000932
2024-07-26T00:00:00Z,ADAUSDT,-0.00003068
2024-07-26T08:00:00Z,ADAUSDT,0.0001
2024-07-26T16:00:00Z,ADAUSDT,0.0001
2024-07-27T00:00:00Z,ADAUSDT,0.0001
2024-07-27T08:00:00Z,ADAUSDT,0.0001
2024-07-27T16:00:00Z,ADAUSDT,0.0001
2024-07-28T00:00:00Z,ADAUSDT,0.0001
2024-07-28T08:00:00Z,ADAUSDT,0.0001
2024-07-28T16:00:00Z,ADAUSDT,0.00002334
2024-07-29T00:00:00Z,ADAUSDT,0.0001
2024-07-29T08:00:00Z,ADAUSDT,0.0001
2024-07-29T16:00:00Z,ADAUSDT,0.0001
2024-07-30T00:00:00Z,ADAUSDT,0.00006004
2024-07-30T08:00:00Z,ADAUSDT,0.00001907
2024-07-30T16:00:00Z,ADAUSDT,0.00002172
2024-07-31T00:00:00Z,ADAUSDT,-0.00002495
2024-07-31T08:00:00Z,ADAUSDT,0.00008019
2024-07-31T16:00:00Z,ADAUSDT,0.00005533
2024-08-01T00:00:00Z,ADAUSDT,0.00003484
2024-08-01T08:00:00Z,ADAUSDT,-0.00016228
2024-08-01T16:00:00Z,ADAUSDT,0.0000627
2024-08-02T00:00:00Z,ADAUSDT,0.0000604
2024-08-02T08:00:00Z,ADAUSDT,0.0001
2024-08-02T16:00:00Z,ADAUSDT,-0.00000737
2024-08-03T00:00:00Z,ADAUSDT,0.0000366
2024-08-03T08:00:00Z,ADAUSDT,-0.00002984
2024-08-03T16:00:00Z,ADAUSDT,0.00003339
2024-08-04T00:00:00Z,ADAUSDT,-0.00005196
2024-08-04T08:00:00Z,ADAUSDT,0.00002056
2024-08-04T16:00:00Z,ADAUSDT,-0.00000625
2024-08-05T00:00:00Z,ADAUSDT,0.00003281
2024-08-05T08:00:00Z,ADAUSDT,-0.00019238
2024-08-05T16:00:00Z,ADAUSDT,0.00001004
2024-08-06T00:00:00Z,ADAUSDT,0.00009706
2024-08-06T08:00:00Z,ADAUSDT,0.00004563
2024-08-06T16:00:00Z,ADAUSDT,0.0001
2024-08-07T00:00:00Z,ADAUSDT,0.0000248
2024-08-07T08:00:00Z,ADAUSDT,-0.00003696
2024-08-07T16:00:00Z,ADAUSDT,0.0001
2024-08-08T00:00:00Z,ADAUSDT,0.0001
2024-08-08T08:00:00Z,ADAUSDT,0.00009866
2024-08-08T16:00:00Z,ADAUSDT,0.0000782
2024-08-09T00:00:00Z,ADAUSDT,-0.00008032
2024-08-09T08:00:00Z,ADAUSDT,0.0000313
2024-08-09T16:00:00Z,ADAUSDT,-0.00003029
2024-08-10T00:00:00Z,ADAUSDT,0.00004491
2024-08-10T08:00:00Z,ADAUSDT,0.0001
2024-08-10T16:00:00Z,ADAUSDT,-0.00003616
2024-08-11T00:00:00Z,ADAUSDT,0.0001
2024-08-11T08:00:00Z,ADAUSDT,0.00003795
2024-08-11T16:00:00Z,ADAUSDT,-0.00006662
2024-08-12T00:00:00Z,ADAUSDT,-0.00000678
2024-08-12T08:00:00Z,ADAUSDT,0.00000234
2024-08-12T16:00:00Z,ADAUSDT,0.00005385
2024-08-13T00:00:00Z,ADAUSDT,-0.00010791
2024-08-13T08:00:00Z,ADAUSDT,0.00006855
2024-08-13T16:00:00Z,ADAUSDT,0.00004926
2024-08-14T00:00:00Z,ADAUSDT,0.0001
2024-08-14T08:00:00Z,ADAUSDT,0.00006666
2024-08-14T16:00:00Z,ADAUSDT,0.00007194
2024-08-15T00:00:00Z,ADAUSDT,0.00002751
2024-08-15T08:00:00Z,ADAUSDT,0.0000332
2024-08-15T16:00:00Z,ADAUSDT,0.0001
2024-08-16T00:00:00Z,ADAUSDT,-0.000035
2024-08-16T08:00:00Z,ADAUSDT,-0.00003332
2024-08-16T16:00:00Z,ADAUSDT,-0.00010952
2024-08-17T00:00:00Z,ADAUSDT,0.0001
2024-08-17T08:00:00Z,ADAUSDT,0.00003939
2024-08-17T16:00:00Z,ADAUSDT,0.00009134
2024-08-18T00:00:00Z,ADAUSDT,0.00007828
2024-08-18T08:00:00Z,ADAUSDT,0.0001
2024-08-18T16:00:00Z,ADAUSDT,0.0001
2024-08-19T00:00:00Z,ADAUSDT,0.00004702
2024-08-19T08:00:00Z,ADAUSDT,-0.00001033
2024-08-19T16:00:00Z,ADAUSDT,0.00000973
2024-08-20T00:00:00Z,ADAUSDT,0.0001
2024-08-20T08:00:00Z,ADAUSDT,0.00002058
2024-08-20T16:00:00Z,ADAUSDT,0.00003982
2024-08-21T00:00:00Z,ADAUSDT,0.00006663
2024-08-21T08:00:00Z,ADAUSDT,-0.00008505
2024-08-21T16:00:00Z,ADAUSDT,0.00003789
2024-08-22T00:00:00Z,ADAUSDT,0.00005619
2024-08-22T08:00:00Z,ADAUSDT,0.00009841
2024-08-22T16:00:00Z,ADAUSDT,0.0001
2024-08-23T00:00:00Z,ADAUSDT,0.00004052
2024-08-23T08:00:00Z,ADAUSDT,0.00004562
2024-08-23T16:00:00Z,ADAUSDT,0.00001646
2024-08-24T00:00:00Z,ADAUSDT,0.0001
2024-08-24T08:00:00Z,ADAUSDT,0.00006001
2024-08-24T16:00:00Z,ADAUSDT,0.0001
2024-08-25T00:00:00Z,ADAUSDT,0.00008876
2024-08-25T08:00:00Z,ADAUSDT,0.00005018
2024-08-25T16:00:00Z,ADAUSDT,0.00005214
2024-08-26T00:00:00Z,ADAUSDT,-0.00002881
2024-08-26T08:00:00Z,ADAUSDT,0.00007779
2024-08-26T16:00:00Z,ADAUSDT,0.00009549
2024-08-27T00:00:00Z,ADAUSDT,-0.00002702
2024-08-27T08:00:00Z,ADAUSDT,-0.00012738
2024-08-27T16:00:00Z,ADAUSDT,0.0001
2024-08-28T00:00:00Z,ADAUSDT,-0.00002182
2024-08-28T08:00:00Z,ADAUSDT,-0.00002053
2024-08-28T16:00:00Z,ADAUSDT,0.00001536
2024-08-29T00:00:00Z,ADAUSDT,0.00002983
2024-08-29T08:00:00Z,ADAUSDT,-0.00000751
2024-08-29T16:00:00Z,ADAUSDT,0.00008678
2024-08-30T00:00:00Z,ADAUSDT,0.00008147
2024-08-30T08:00:00Z,ADAUSDT,0.0001
2024-08-30T16:00:00Z,ADAUSDT,-0.00000702
2024-08-31T00:00:00Z,ADAUSDT,0.00004461
2024-08-31T08:00:00Z,ADAUSDT,-0.00000525
2024-08-31T16:00:00Z,ADAUSDT,0.00003384
2024-09-01T00:00:00Z,ADAUSDT,0.000003
2024-09-01T08:00:00Z,ADAUSDT,0.00003933
2024-09-01T16:00:00Z,ADAUSDT,0.00004087
2024-09-02T00:00:00Z,ADAUSDT,-0.00007203
2024-09-02T08:00:00Z,ADAUSDT,-0.0000328
2024-09-02T16:00:00Z,ADAUSDT,-0.00004859
2024-09-03T00:00:00Z,ADAUSDT,-0.0000495
2024-09-03T08:00:00Z,ADAUSDT,-0.00003928
2024-09-03T16:00:00Z,ADAUSDT,-0.00006667
2024-09-04T00:00:00Z,ADAUSDT,0.0000713
2024-09-04T08:00:00Z,ADAUSDT,0.00004111
2024-09-04T16:00:00Z,ADAUSDT,0.00003928
2024-09-05T00:00:00Z,ADAUSDT,0.00008553
2024-09-05T08:00:00Z,ADAUSDT,0.00005167
2024-09-05T16:00:00Z,ADAUSDT,-0.00007469
2024-09-06T00:00:00Z,ADAUSDT,0.0001
2024-09-06T08:00:00Z,ADAUSDT,0.0001
2024-09-06T16:00:00Z,ADAUSDT,0.00002736
2024-09-07T00:00:00Z,ADAUSDT,-0.0001041
2024-09-07T08:00:00Z,ADAUSDT,-0.0000263
2024-09-07T16:00:00Z,ADAUSDT,0.0001
2024-09-08T00:00:00Z,ADAUSDT,0.00002636
2024-09-08T08:00:00Z,ADAUSDT,-0.00003962
2024-09-08T16:00:00Z,ADAUSDT,-0.00006478
2024-09-09T00:00:00Z,ADAUSDT,0.00004005
2024-09-09T08:00:00Z,ADAUSDT,0.00009045
2024-09-09T16:00:00Z,ADAUSDT,0.00008084
2024-09-10T00:00:00Z,ADAUSDT,0.0001
2024-09-10T08:00:00Z,ADAUSDT,0.0001
2024-09-10T16:00:00Z,ADAUSDT,0.00007381
2024-09-11T00:00:00Z,ADAUSDT,0.0001
2024-09-11T08:00:00Z,ADAUSDT,0.00004013
2024-09-11T16:00:00Z,ADAUSDT,0.00007539
2024-09-12T00:00:00Z,ADAUSDT,0.00009428
2024-09-12T08:00:00Z,ADAUSDT,0.00007001
2024-09-12T16:00:00Z,ADAUSDT,0.00008873
2024-09-13T00:00:00Z,ADAUSDT,0.0001
2024-09-13T08:00:00Z,ADAUSDT,0.00005151
2024-09-13T16:00:00Z,ADAUSDT,0.0001
2024-09-14T00:00:00Z,ADAUSDT,-0.00004913
2024-09-14T08:00:00Z,ADAUSDT,-0.00005972
2024-09-14T16:00:00Z,ADAUSDT,0.00007279
2024-09-15T00:00:00Z,ADAUSDT,0.00006504
2024-09-15T08:00:00Z,ADAUSDT,0.00004333
2024-09-15T16:00:00Z,ADAUSDT,0.000057
2024-09-16T00:00:00Z,ADAUSDT,-0.00004039
2024-09-16T08:00:00Z,ADAUSDT,-0.00010067
2024-09-16T16:00:00Z,ADAUSDT,0.00002884
2024-09-17T00:00:00Z,ADAUSDT,0.00003162
2024-09-17T08:00:00Z,ADAUSDT,0.00003731
2024-09-17T16:00:00Z,ADAUSDT,0.0000667
2024-09-18T00:00:00Z,ADAUSDT,0.00001171
2024-09-18T08:00:00Z,ADAUSDT,0.00007597
2024-09-18T16:00:00Z,ADAUSDT,-0.00003014
2024-09-19T00:00:00Z,ADAUSDT,0.0001
2024-09-19T08:00:00Z,ADAUSDT,0.0001
2024-09-19T16:00:00Z,ADAUSDT,0.0001
2024-09-20T00:00:00Z,ADAUSDT,0.0001
2024-09-20T08:00:00Z,ADAUSDT,0.0001
2024-09-20T16:00:00Z,ADAUSDT,0.0001
2024-09-21T00:00:00Z,ADAUSDT,0.0001
2024-09-21T08:00:00Z,ADAUSDT,0.00006723
2024-09-21T16:00:00Z,ADAUSDT,0.0001
2024-09-22T00:00:00Z,ADAUSDT,0.0001
2024-09-22T08:00:00Z,ADAUSDT,0.00004415
2024-09-22T16:00:00Z,ADAUSDT,0.0001
2024-09-23T00:00:00Z,ADAUSDT,0.00003226
2024-09-23T08:00:00Z,ADAUSDT,0.0001
2024-09-23T16:00:00Z,ADAUSDT,0.0001
2024-09-24T00:00:00Z,ADAUSDT,0.0001
2024-09-24T08:00:00Z,ADAUSDT,0.0001
2024-09-24T16:00:00Z,ADAUSDT,0.0001
2024-09-25T00:00:00Z,ADAUSDT,0.00006907
2024-09-25T08:00:00Z,ADAUSDT,0.0001
2024-09-25T16:00:00Z,ADAUSDT,0.0001
2024-09-26T00:00:00Z,ADAUSDT,0.0001
2024-09-26T08:00:00Z,ADAUSDT,0.0001
2024-09-26T16:00:00Z,ADAUSDT,0.0001
2024-09-27T00:00:00Z,ADAUSDT,0.0001
2024-09-27T08:00:00Z,ADAUSDT,0.0001
2024-09-27T16:00:00Z,ADAUSDT,0.00005762
2024-09-28T00:00:00Z,ADAUSDT,0.0001
2024-09-28T08:00:00Z,ADAUSDT,0.0001
2024-09-28T16:00:00Z,ADAUSDT,0.0001
2024-09-29T00:00:00Z,ADAUSDT,0.0001
2024-09-29T08:00:00Z,ADAUSDT,0.0001
2024-09-29T16:00:00Z,ADAUSDT,0.0001
2024-09-30T00:00:00Z,ADAUSDT,0.0001
2024-09-30T08:00:00Z,ADAUSDT,0.0001
2024-09-30T16:00:00Z,ADAUSDT,0.0001
2024-10-01T00:00:00Z,ADAUSDT,0.0000715
2024-10-01T08:00:00Z,ADAUSDT,0.00000314
2024-10-01T16:00:00Z,ADAUSDT,-0.00002981
2024-10-02T00:00:00Z,ADAUSDT,0.000071
2024-10-02T08:00:00Z,ADAUSDT,0.00002551
2024-10-02T16:00:00Z,ADAUSDT,0.00007197
2024-10-03T00:00:00Z,ADAUSDT,0.00003979
2024-10-03T08:00:00Z,ADAUSDT,-0.00007445
2024-10-03T16:00:00Z,ADAUSDT,-0.00004647
2024-10-04T00:00:00Z,ADAUSDT,-0.00006081
2024-10-04T08:00:00Z,ADAUSDT,0.00004879
2024-10-04T16:00:00Z,ADAUSDT,0.00007848
2024-10-05T00:00:00Z,ADAUSDT,0.0001
2024-10-05T08:00:00Z,ADAUSDT,0.00005717
2024-10-05T16:00:00Z,ADAUSDT,0.00006895
2024-10-06T00:00:00Z,ADAUSDT,-0.00002517
2024-10-06T08:00:00Z,ADAUSDT,0.00007371
2024-10-06T16:00:00Z,ADAUSDT,0.00008697
2024-10-07T00:00:00Z,ADAUSDT,0.00009378
2024-10-07T08:00:00Z,ADAUSDT,0.00007718
2024-10-07T16:00:00Z,ADAUSDT,0.00004162
2024-10-08T00:00:00Z,ADAUSDT,-0.00010556
2024-10-08T08:00:00Z,ADAUSDT,0.00000699
2024-10-08T16:00:00Z,ADAUSDT,0.0001
2024-10-09T00:00:00Z,ADAUSDT,0.0001
2024-10-09T08:00:00Z,ADAUSDT,0.00006736
2024-10-09T16:00:00Z,ADAUSDT,0.0001
2024-10-10T00:00:00Z,ADAUSDT,0.00005854
2024-10-10T08:00:00Z,ADAUSDT,0.0001
2024-10-10T16:00:00Z,ADAUSDT,0.00005633
2024-10-11T00:00:00Z,ADAUSDT,0.0001
2024-10-11T08:00:00Z,ADAUSDT,0.00004073
2024-10-11T16:00:00Z,ADAUSDT,0.00002959
2024-10-12T00:00:00Z,ADAUSDT,0.0001
2024-10-12T08:00:00Z,ADAUSDT,0.0001
2024-10-12T16:00:00Z,ADAUSDT,0.0001
2024-10-13T00:00:00Z,ADAUSDT,0.0001
2024-10-13T08:00:00Z,ADAUSDT,0.0001
2024-10-13T16:00:00Z,ADAUSDT,0.0001
2024-10-14T00:00:00Z,ADAUSDT,0.0001
2024-10-14T08:00:00Z,ADAUSDT,0.0000817
2024-10-14T16:00:00Z,ADAUSDT,0.0001
2024-10-15T00:00:00Z,ADAUSDT,0.0001
2024-10-15T08:00:00Z,ADAUSDT,0.0001
2024-10-15T16:00:00Z,ADAUSDT,0.0001
2024-10-16T00:00:00Z,ADAUSDT,0.0001
2024-10-16T08:00:00Z,ADAUSDT,0.0001
2024-10-16T16:00:00Z,ADAUSDT,0.0001
2024-10-17T00:00:00Z,ADAUSDT,0.0001
2024-10-17T08:00:00Z,ADAUSDT,0.0001
2024-10-17T16:00:00Z,ADAUSDT,0.0001
2024-10-18T00:00:00Z,ADAUSDT,0.0001
2024-10-18T08:00:00Z,ADAUSDT,0.0001
2024-10-18T16:00:00Z,ADAUSDT,0.0001
2024-10-19T00:00:00Z,ADAUSDT,0.0001
2024-10-19T08:00:00Z,ADAUSDT,0.0001
2024-10-19T16:00:00Z,ADAUSDT,0.0001
2024-10-20T00:00:00Z,ADAUSDT,0.0001
2024-10-20T08:00:00Z,ADAUSDT,0.0001
2024-10-20T16:00:00Z,ADAUSDT,0.0001
2024-10-21T00:00:00Z,ADAUSDT,0.0001
2024-10-21T08:00:00Z,ADAUSDT,0.0001
2024-10-21T16:00:00Z,ADAUSDT,0.0001
2024-10-22T00:00:00Z,ADAUSDT,0.0001
2024-10-22T08:00:00Z,ADAUSDT,0.0001
2024-10-22T16:00:00Z,ADAUSDT,0.0001
2024-10-23T00:00:00Z,ADAUSDT,0.0001
2024-10-23T08:00:00Z,ADAUSDT,0.0001
2024-10-23T16:00:00Z,ADAUSDT,0.0001
2024-10-24T00:00:00Z,ADAUSDT,0.0001
2024-10-24T08:00:00Z,ADAUSDT,0.0001
2024-10-24T16:00:00Z,ADAUSDT,0.0001
2024-10-25T00:00:00Z,ADAUSDT,0.0001
2024-10-25T08:00:00Z,ADAUSDT,0.0001
2024-10-25T16:00:00Z,ADAUSDT,0.0001
2024-10-26T00:00:00Z,ADAUSDT,0.0001
2024-10-26T08:00:00Z,ADAUSDT,-0.00003825
2024-10-26T16:00:00Z,ADAUSDT,0.0001
2024-10-27T00:00:00Z,ADAUSDT,0.0001
2024-10-27T08:00:00Z,ADAUSDT,0.0001
2024-10-27T16:00:00Z,ADAUSDT,0.0001
2024-10-28T00:00:00Z,ADAUSDT,0.00006792
2024-10-28T08:00:00Z,ADAUSDT,-0.00007965
2024-10-28T16:00:00Z,ADAUSDT,-0.0000364
2024-10-29T00:00:00Z,ADAUSDT,0.0001
2024-10-29T08:00:00Z,ADAUSDT,0.0001
2024-10-29T16:00:00Z,ADAUSDT,0.0001
2024-10-30T00:00:00Z,ADAUSDT,0.0001
2024-10-30T08:00:00Z,ADAUSDT,0.0001
2024-10-30T16:00:00Z,ADAUSDT,0.0001
2024-10-31T00:00:00Z,ADAUSDT,0.0001
2024-10-31T08:00:00Z,ADAUSDT,0.0001
2024-10-31T16:00:00Z,ADAUSDT,0.0001
2024-11-01T00:00:00Z,ADAUSDT,0.0001
2024-11-01T08:00:00Z,ADAUSDT,0.0001
2024-11-01T16:00:00Z,ADAUSDT,0.0001
2024-11-02T00:00:00Z,ADAUSDT,0.0001
2024-11-02T08:00:00Z,ADAUSDT,0.0001
2024-11-02T16:00:00Z,ADAUSDT,0.0001
2024-11-03T00:00:00Z,ADAUSDT,0.0001
2024-11-03T08:00:00Z,ADAUSDT,-0.00005146
2024-11-03T16:00:00Z,ADAUSDT,-0.0000426
2024-11-04T00:00:00Z,ADAUSDT,-0.00005062
2024-11-04T08:00:00Z,ADAUSDT,-0.00003967
2024-11-04T16:00:00Z,ADAUSDT,0.0001
2024-11-05T00:00:00Z,ADAUSDT,-0.00005896
2024-11-05T08:00:00Z,ADAUSDT,0.0001
2024-11-05T16:00:00Z,ADAUSDT,0.0001
2024-11-06T00:00:00Z,ADAUSDT,0.0001
2024-11-06T08:00:00Z,ADAUSDT,0.0001
2024-11-06T16:00:00Z,ADAUSDT,0.0001
2024-11-07T00:00:00Z,ADAUSDT,0.0001
2024-11-07T08:00:00Z,ADAUSDT,0.0001
2024-11-07T16:00:00Z,ADAUSDT,0.0001
2024-11-08T00:00:00Z,ADAUSDT,0.0001
2024-11-08T08:00:00Z,ADAUSDT,0.0001
2024-11-08T16:00:00Z,ADAUSDT,0.0001
2024-11-09T00:00:00Z,ADAUSDT,0.0001
2024-11-09T08:00:00Z,ADAUSDT,0.0001
2024-11-09T16:00:00Z,ADAUSDT,0.0001
2024-11-10T00:00:00Z,ADAUSDT,0.0001
2024-11-10T08:00:00Z,ADAUSDT,0.00020088
2024-11-10T16:00:00Z,ADAUSDT,0.00029591
2024-11-11T00:00:00Z,ADAUSDT,0.00014579
2024-11-11T08:00:00Z,ADAUSDT,0.0001614
2024-11-11T16:00:00Z,ADAUSDT,0.0001
2024-11-12T00:00:00Z,ADAUSDT,0.00016022
2024-11-12T08:00:00Z,ADAUSDT,0.00054703
2024-11-12T16:00:00Z,ADAUSDT,0.00046743
2024-11-13T00:00:00Z,ADAUSDT,0.00022011
2024-11-13T08:00:00Z,ADAUSDT,0.0001
2024-11-13T16:00:00Z,ADAUSDT,0.0001
2024-11-14T00:00:00Z,ADAUSDT,0.0001
2024-11-14T08:00:00Z,ADAUSDT,0.0001
2024-11-14T16:00:00Z,ADAUSDT,0.0001
2024-11-15T00:00:00Z,ADAUSDT,0.0001
2024-11-15T08:00:00Z,ADAUSDT,0.0001
2024-11-15T16:00:00Z,ADAUSDT,0.0001
2024-11-16T00:00:00Z,ADAUSDT,0.0001
2024-11-16T08:00:00Z,ADAUSDT,0.0001
2024-11-16T16:00:00Z,ADAUSDT,0.0001
2024-11-17T00:00:00Z,ADAUSDT,0.00030096
2024-11-17T08:00:00Z,ADAUSDT,0.00010122
2024-11-17T16:00:00Z,ADAUSDT,0.00023824
2024-11-18T00:00:00Z,ADAUSDT,0.00015869
2024-11-18T08:00:00Z,ADAUSDT,0.0003115
2024-11-18T16:00:00Z,ADAUSDT,0.00013682
2024-11-19T00:00:00Z,ADAUSDT,0.00017952
2024-11-19T08:00:00Z,ADAUSDT,0.00038163
2024-11-19T16:00:00Z,ADAUSDT,0.0002214
2024-11-20T00:00:00Z,ADAUSDT,0.00014604
2024-11-20T08:00:00Z,ADAUSDT,0.0001
2024-11-20T16:00:00Z,ADAUSDT,0.0001
2024-11-21T00:00:00Z,ADAUSDT,0.0001
2024-11-21T08:00:00Z,ADAUSDT,0.0001
2024-11-21T16:00:00Z,ADAUSDT,0.0001
2024-11-22T00:00:00Z,ADAUSDT,0.00024778
2024-11-22T08:00:00Z,ADAUSDT,0.00039739
2024-11-22T16:00:00Z,ADAUSDT,0.00017796
2024-11-23T00:00:00Z,ADAUSDT,0.00029606
2024-11-23T08:00:00Z,ADAUSDT,0.00050746
2024-11-23T16:00:00Z,ADAUSDT,0.00057837
2024-11-24T00:00:00Z,ADAUSDT,0.00022207
2024-11-24T08:00:00Z,ADAUSDT,0.00030004
2024-11-24T16:00:00Z,ADAUSDT,0.00040175
2024-11-25T00:00:00Z,ADAUSDT,0.0001
2024-11-25T08:00:00Z,ADAUSDT,0.00020696
2024-11-25T16:00:00Z,ADAUSDT,0.00023471
2024-11-26T00:00:00Z,ADAUSDT,0.00022387
2024-11-26T08:00:00Z,ADAUSDT,0.0001
2024-11-26T16:00:00Z,ADAUSDT,0.0001
2024-11-27T00:00:00Z,ADAUSDT,0.0001
2024-11-27T08:00:00Z,ADAUSDT,0.00017001
2024-11-27T16:00:00Z,ADAUSDT,0.0001
2024-11-28T00:00:00Z,ADAUSDT,0.00029085
2024-11-28T08:00:00Z,ADAUSDT,0.00044027
2024-11-28T16:00:00Z,ADAUSDT,0.0003389
2024-11-29T00:00:00Z,ADAUSDT,0.00043313
2024-11-29T08:00:00Z,ADAUSDT,0.00045881
2024-11-29T16:00:00Z,ADAUSDT,0.00032068
2024-11-30T00:00:00Z,ADAUSDT,0.0002181
2024-11-30T08:00:00Z,ADAUSDT,0.00045248
2024-11-30T16:00:00Z,ADAUSDT,0.0002836
2024-12-01T00:00:00Z,ADAUSDT,0.00029024
2024-12-01T08:00:00Z,ADAUSDT,0.00019735
2024-12-01T16:00:00Z,ADAUSDT,0.00042772
2024-12-02T00:00:00Z,ADAUSDT,0.00070632
2024-12-02T08:00:00Z,ADAUSDT,0.00044686
2024-12-02T16:00:00Z,ADAUSDT,0.00015633
2024-12-03T00:00:00Z,ADAUSDT,0.00036873
2024-12-03T08:00:00Z,ADAUSDT,0.00051786
2024-12-03T16:00:00Z,ADAUSDT,0.00023497
2024-12-04T00:00:00Z,ADAUSDT,0.00022025
2024-12-04T08:00:00Z,ADAUSDT,0.00046333
2024-12-04T16:00:00Z,ADAUSDT,0.00055901
2024-12-05T00:00:00Z,ADAUSDT,0.00050641
2024-12-05T08:00:00Z,ADAUSDT,0.00096979
2024-12-05T16:00:00Z,ADAUSDT,0.00089539
2024-12-06T00:00:00Z,ADAUSDT,0.00050796
2024-12-06T08:00:00Z,ADAUSDT,0.00062845
2024-12-06T16:00:00Z,ADAUSDT,0.00029592
2024-12-07T00:00:00Z,ADAUSDT,0.0005928
2024-12-07T08:00:00Z,ADAUSDT,0.0005708
2024-12-07T16:00:00Z,ADAUSDT,0.00061696
2024-12-08T00:00:00Z,ADAUSDT,0.00064157
2024-12-08T08:00:00Z,ADAUSDT,0.00036634
2024-12-08T16:00:00Z,ADAUSDT,0.00043023
2024-12-09T00:00:00Z,ADAUSDT,0.0004875
2024-12-09T08:00:00Z,ADAUSDT,0.00036111
2024-12-09T16:00:00Z,ADAUSDT,0.00015718
2024-12-10T00:00:00Z,ADAUSDT,0.0001
2024-12-10T08:00:00Z,ADAUSDT,0.0001
2024-12-10T16:00:00Z,ADAUSDT,0.0001
2024-12-11T00:00:00Z,ADAUSDT,0.0001
2024-12-11T08:00:00Z,ADAUSDT,0.0001
2024-12-11T16:00:00Z,ADAUSDT,0.0001
2024-12-12T00:00:00Z,ADAUSDT,0.0001
2024-12-12T08:00:00Z,ADAUSDT,0.0001
2024-12-12T16:00:00Z,ADAUSDT,0.0001
2024-12-13T00:00:00Z,ADAUSDT,0.0001
2024-12-13T08:00:00Z,ADAUSDT,0.0001
2024-12-13T16:00:00Z,ADAUSDT,0.0001
2024-12-14T00:00:00Z,ADAUSDT,0.0001
2024-12-14T08:00:00Z,ADAUSDT,0.0001
2024-12-14T16:00:00Z,ADAUSDT,0.0001
2024-12-15T00:00:00Z,ADAUSDT,0.0001
2024-12-15T08:00:00Z,ADAUSDT,0.0001
2024-12-15T16:00:00Z,ADAUSDT,0.0001
2024-12-16T00:00:00Z,ADAUSDT,0.0001
2024-12-16T08:00:00Z,ADAUSDT,0.0001
2024-12-16T16:00:00Z,ADAUSDT,0.0001
2024-12-17T00:00:00Z,ADAUSDT,0.0001
2024-12-17T08:00:00Z,ADAUSDT,0.0001
2024-12-17T16:00:00Z,ADAUSDT,0.0001
2024-12-18T00:00:00Z,ADAUSDT,0.0001
2024-12-18T08:00:00Z,ADAUSDT,0.0001
2024-12-18T16:00:00Z,ADAUSDT,0.0001
2024-12-19T00:00:00Z,ADAUSDT,0.0001
2024-12-19T08:00:00Z,ADAUSDT,0.00009564
2024-12-19T16:00:00Z,ADAUSDT,0.0001
2024-12-20T00:00:00Z,ADAUSDT,-0.00011103
2024-12-20T08:00:00Z,ADAUSDT,0.00008752
2024-12-20T16:00:00Z,ADAUSDT,0.00001619
2024-12-21T00:00:00Z,ADAUSDT,0.00005322
2024-12-21T08:00:00Z,ADAUSDT,0.00007557
2024-12-21T16:00:00Z,ADAUSDT,0.0001
2024-12-22T00:00:00Z,ADAUSDT,0.0001
2024-12-22T08:00:00Z,ADAUSDT,0.0001
2024-12-22T16:00:00Z,ADAUSDT,0.0001
2024-12-23T00:00:00Z,ADAUSDT,0.00005732
2024-12-23T08:00:00Z,ADAUSDT,0.0000957
2024-12-23T16:00:00Z,ADAUSDT,0.0001
2024-12-24T00:00:00Z,ADAUSDT,0.0001
2024-12-24T08:00:00Z,ADAUSDT,0.0001
2024-12-24T16:00:00Z,ADAUSDT,0.0001
2024-12-25T00:00:00Z,ADAUSDT,0.0001
2024-12-25T08:00:00Z,ADAUSDT,0.0001
2024-12-25T16:00:00Z,ADAUSDT,0.0001
2024-12-26T00:00:00Z,ADAUSDT,0.0001
2024-12-26T08:00:00Z,ADAUSDT,0.0001
2024-12-26T16:00:00Z,ADAUSDT,-0.00007276
2024-12-27T00:00:00Z,ADAUSDT,0.00009024
2024-12-27T08:00:00Z,ADAUSDT,0.00004997
2024-12-27T16:00:00Z,ADAUSDT,0.0001
2024-12-28T00:00:00Z,ADAUSDT,0.0001
2024-12-28T08:00:00Z,ADAUSDT,0.0001
2024-12-28T16:00:00Z,ADAUSDT,0.0001
2024-12-29T00:00:00Z,ADAUSDT,0.0001
2024-12-29T08:00:00Z,ADAUSDT,0.0001
2024-12-29T16:00:00Z,ADAUSDT,0.0001
2024-12-30T00:00:00Z,ADAUSDT,-0.00008013
2024-12-30T08:00:00Z,ADAUSDT,0.00000906
2024-12-30T16:00:00Z,ADAUSDT,0.00002385
2024-12-31T00:00:00Z,ADAUSDT,0.00004755
2024-12-31T08:00:00Z,ADAUSDT,0.00004824
2024-12-31T16:00:00Z,ADAUSDT,0.0001
2025-01-01T00:00:00Z,ADAUSDT,0.0001
2025-01-01T08:00:00Z,ADAUSDT,0.00003895
2025-01-01T16:00:00Z,ADAUSDT,0.0001
2025-01-02T00:00:00Z,ADAUSDT,0.0001
2025-01-02T08:00:00Z,ADAUSDT,0.0001
2025-01-02T16:00:00Z,ADAUSDT,0.0001
2025-01-03T00:00:00Z,ADAUSDT,0.0001
2025-01-03T08:00:00Z,ADAUSDT,0.0001
2025-01-03T16:00:00Z,ADAUSDT,0.0001
2025-01-04T00:00:00Z,ADAUSDT,0.0001
2025-01-04T08:00:00Z,ADAUSDT,0.0001
2025-01-04T16:00:00Z,ADAUSDT,0.0001
2025-01-05T00:00:00Z,ADAUSDT,0.0001
2025-01-05T08:00:00Z,ADAUSDT,0.0001
2025-01-05T16:00:00Z,ADAUSDT,0.0001
2025-01-06T00:00:00Z,ADAUSDT,0.0001
2025-01-06T08:00:00Z,ADAUSDT,0.0001
2025-01-06T16:00:00Z,ADAUSDT,0.0001
2025-01-07T00:00:00Z,ADAUSDT,0.0001
2025-01-07T08:00:00Z,ADAUSDT,0.0001
2025-01-07T16:00:00Z,ADAUSDT,0.0001
2025-01-08T00:00:00Z,ADAUSDT,0.0001
2025-01-08T08:00:00Z,ADAUSDT,0.0001
2025-01-08T16:00:00Z,ADAUSDT,0.0001
2025-01-09T00:00:00Z,ADAUSDT,0.00009146
2025-01-09T08:00:00Z,ADAUSDT,0.00009949
2025-01-09T16:00:00Z,ADAUSDT,0.00007974
2025-01-10T00:00:00Z,ADAUSDT,0.00003903
2025-01-10T08:00:00Z,ADAUSDT,-0.00000319
2025-01-10T16:00:00Z,ADAUSDT,0.00006587
2025-01-11T00:00:00Z,ADAUSDT,0.00002216
2025-01-11T08:00:00Z,ADAUSDT,0.00002134
2025-01-11T16:00:00Z,ADAUSDT,0.0000498
2025-01-12T00:00:00Z,ADAUSDT,0.00005032
2025-01-12T08:00:00Z,ADAUSDT,0.0001
2025-01-12T16:00:00Z,ADAUSDT,0.0001
2025-01-13T00:00:00Z,ADAUSDT,0.0001
2025-01-13T08:00:00Z,ADAUSDT,0.00008319
2025-01-13T16:00:00Z,ADAUSDT,0.00002438
2025-01-14T00:00:00Z,ADAUSDT,-0.00000255
2025-01-14T08:00:00Z,ADAUSDT,-0.00000537
2025-01-14T16:00:00Z,ADAUSDT,0.00006729
2025-01-15T00:00:00Z,ADAUSDT,0.0001
2025-01-15T08:00:00Z,ADAUSDT,0.0001
2025-01-15T16:00:00Z,ADAUSDT,0.0001
2025-01-16T00:00:00Z,ADAUSDT,0.0001
2025-01-16T08:00:00Z,ADAUSDT,0.0001
2025-01-16T16:00:00Z,ADAUSDT,0.0001
2025-01-17T00:00:00Z,ADAUSDT,0.0001
2025-01-17T08:00:00Z,ADAUSDT,0.0001
2025-01-17T16:00:00Z,ADAUSDT,0.0001
2025-01-18T00:00:00Z,ADAUSDT,0.0001
2025-01-18T08:00:00Z,ADAUSDT,0.0001
2025-01-18T16:00:00Z,ADAUSDT,0.0001
2025-01-19T00:00:00Z,ADAUSDT,0.0001
2025-01-19T08:00:00Z,ADAUSDT,0.0001
2025-01-19T16:00:00Z,ADAUSDT,0.0001
2025-01-20T00:00:00Z,ADAUSDT,0.0001
2025-01-20T08:00:00Z,ADAUSDT,0.0001
2025-01-20T16:00:00Z,ADAUSDT,0.0001
2025-01-21T00:00:00Z,ADAUSDT,0.0001
2025-01-21T08:00:00Z,ADAUSDT,0.0001
2025-01-21T16:00:00Z,ADAUSDT,0.0001
2025-01-22T00:00:00Z,ADAUSDT,0.0001
2025-01-22T08:00:00Z,ADAUSDT,0.0001
2025-01-22T16:00:00Z,ADAUSDT,0.0001
2025-01-23T00:00:00Z,ADAUSDT,0.0001
2025-01-23T08:00:00Z,ADAUSDT,0.0001
2025-01-23T16:00:00Z,ADAUSDT,0.0001
2025-01-24T00:00:00Z,ADAUSDT,0.0001
2025-01-24T08:00:00Z,ADAUSDT,0.0001
2025-01-24T16:00:00Z,ADAUSDT,0.0001
2025-01-25T00:00:00Z,ADAUSDT,0.0001
2025-01-25T08:00:00Z,ADAUSDT,0.0001
2025-01-25T16:00:00Z,ADAUSDT,0.0001
2025-01-26T00:00:00Z,ADAUSDT,0.0001
2025-01-26T08:00:00Z,ADAUSDT,0.0001
2025-01-26T16:00:00Z,ADAUSDT,0.0001
2025-01-27T00:00:00Z,ADAUSDT,0.0001
2025-01-27T08:00:00Z,ADAUSDT,0.00004791
2025-01-27T16:00:00Z,ADAUSDT,-0.00004435
2025-01-28T00:00:00Z,ADAUSDT,0.00008239
2025-01-28T08:00:00Z,ADAUSDT,0.00001338
2025-01-28T16:00:00Z,ADAUSDT,0.0001
2025-01-29T00:00:00Z,ADAUSDT,0.0001
2025-01-29T08:00:00Z,ADAUSDT,0.00006801
2025-01-29T16:00:00Z,ADAUSDT,0.0001
2025-01-30T00:00:00Z,ADAUSDT,0.00009354
2025-01-30T08:00:00Z,ADAUSDT,0.0001
2025-01-30T16:00:00Z,ADAUSDT,0.0001
2025-01-31T00:00:00Z,ADAUSDT,0.00004089
2025-01-31T08:00:00Z,ADAUSDT,0.00005359
2025-01-31T16:00:00Z,ADAUSDT,0.0001
2025-02-01T00:00:00Z,ADAUSDT,0.0001
2025-02-01T08:00:00Z,ADAUSDT,0.0001
2025-02-01T16:00:00Z,ADAUSDT,0.0001
2025-02-02T00:00:00Z,ADAUSDT,-0.00000303
2025-02-02T08:00:00Z,ADAUSDT,0.0000297
2025-02-02T16:00:00Z,ADAUSDT,0.00007337
2025-02-03T00:00:00Z,ADAUSDT,-0.00009771
2025-02-03T08:00:00Z,ADAUSDT,-0.00033591
2025-02-03T16:00:00Z,ADAUSDT,-0.00010608
2025-02-04T00:00:00Z,ADAUSDT,-0.00003109
2025-02-04T08:00:00Z,ADAUSDT,0.0001
2025-02-04T16:00:00Z,ADAUSDT,-0.0001274
2025-02-05T00:00:00Z,ADAUSDT,-0.00001801
2025-02-05T08:00:00Z,ADAUSDT,0.00000652
2025-02-05T16:00:00Z,ADAUSDT,-0.00000001
2025-02-06T00:00:00Z,ADAUSDT,0.00001561
2025-02-06T08:00:00Z,ADAUSDT,0.00007977
2025-02-06T16:00:00Z,ADAUSDT,0.00003553
2025-02-07T00:00:00Z,ADAUSDT,-0.00005192
2025-02-07T08:00:00Z,ADAUSDT,0.00002678
2025-02-07T16:00:00Z,ADAUSDT,0.0001
2025-02-08T00:00:00Z,ADAUSDT,-0.00002729
2025-02-08T08:00:00Z,ADAUSDT,-0.00001233
2025-02-08T16:00:00Z,ADAUSDT,-0.00011917
2025-02-09T00:00:00Z,ADAUSDT,0.00006715
2025-02-09T08:00:00Z,ADAUSDT,0.0000143
2025-02-09T16:00:00Z,ADAUSDT,-0.00000956
2025-02-10T00:00:00Z,ADAUSDT,-0.00006164
2025-02-10T08:00:00Z,ADAUSDT,0.0000705
2025-02-10T16:00:00Z,ADAUSDT,0.0001
2025-02-11T00:00:00Z,ADAUSDT,0.00008239
2025-02-11T08:00:00Z,ADAUSDT,0.0000467
2025-02-11T16:00:00Z,ADAUSDT,0.00009537
2025-02-12T00:00:00Z,ADAUSDT,0.00003858
2025-02-12T08:00:00Z,ADAUSDT,0.00006554
2025-02-12T16:00:00Z,ADAUSDT,0.00005701
2025-02-13T00:00:00Z,ADAUSDT,0.0001
2025-02-13T08:00:00Z,ADAUSDT,0.0001
2025-02-13T16:00:00Z,ADAUSDT,0.00003779
2025-02-14T00:00:00Z,ADAUSDT,0.00006185
2025-02-14T08:00:00Z,ADAUSDT,0.00002708
2025-02-14T16:00:00Z,ADAUSDT,-0.00005777
2025-02-15T00:00:00Z,ADAUSDT,-0.00007514
2025-02-15T08:00:00Z,ADAUSDT,0.00007972
2025-02-15T16:00:00Z,ADAUSDT,0.00005223
2025-02-16T00:00:00Z,ADAUSDT,0.00005257
2025-02-16T08:00:00Z,ADAUSDT,-0.00006406
2025-02-16T16:00:00Z,ADAUSDT,-0.0000405
2025-02-17T00:00:00Z,ADAUSDT,-0.00003695
2025-02-17T08:00:00Z,ADAUSDT,0.00002879
2025-02-17T16:00:00Z,ADAUSDT,0.0001
2025-02-18T00:00:00Z,ADAUSDT,0.0001
2025-02-18T08:00:00Z,ADAUSDT,0.00001848
2025-02-18T16:00:00Z,ADAUSDT,0.00003629
2025-02-19T00:00:00Z,ADAUSDT,-0.00004256
2025-02-19T08:00:00Z,ADAUSDT,-0.00001874
2025-02-19T16:00:00Z,ADAUSDT,0.0000903
2025-02-20T00:00:00Z,ADAUSDT,0.00006375
2025-02-20T08:00:00Z,ADAUSDT,0.0001
2025-02-20T16:00:00Z,ADAUSDT,0.00009214
2025-02-21T00:00:00Z,ADAUSDT,0.0001
2025-02-21T08:00:00Z,ADAUSDT,0.0001
2025-02-21T16:00:00Z,ADAUSDT,0.00008262
2025-02-22T00:00:00Z,ADAUSDT,0.00043661
2025-02-22T08:00:00Z,ADAUSDT,0.0001
2025-02-22T16:00:00Z,ADAUSDT,0.0001
2025-02-23T00:00:00Z,ADAUSDT,0.0001
2025-02-23T08:00:00Z,ADAUSDT,0.0001
2025-02-23T16:00:00Z,ADAUSDT,0.0001
2025-02-24T00:00:00Z,ADAUSDT,0.0001
2025-02-24T08:00:00Z,ADAUSDT,0.0001
2025-02-24T16:00:00Z,ADAUSDT,0.0001
2025-02-25T00:00:00Z,ADAUSDT,0.0001
2025-02-25T08:00:00Z,ADAUSDT,0.0001
2025-02-25T16:00:00Z,ADAUSDT,0.0001
2025-02-26T00:00:00Z,ADAUSDT,0.0001
2025-02-26T08:00:00Z,ADAUSDT,0.0001
2025-02-26T16:00:00Z,ADAUSDT,0.0001
2025-02-27T00:00:00Z,ADAUSDT,0.0001
2025-02-27T08:00:00Z,ADAUSDT,0.00008313
2025-02-27T16:00:00Z,ADAUSDT,0.0001
2025-02-28T00:00:00Z,ADAUSDT,0.0001
2025-02-28T08:00:00Z,ADAUSDT,0.0001
2025-02-28T16:00:00Z,ADAUSDT,-0.00003088
2025-03-01T00:00:00Z,ADAUSDT,0.0001
2025-03-01T08:00:00Z,ADAUSDT,0.0001
2025-03-01T16:00:00Z,ADAUSDT,0.0001
2025-03-02T00:00:00Z,ADAUSDT,0.0001
2025-03-02T08:00:00Z,ADAUSDT,0.0001
2025-03-02T16:00:00Z,ADAUSDT,0.00004088
2025-03-03T00:00:00Z,ADAUSDT,0.0001
2025-03-03T08:00:00Z,ADAUSDT,0.0001
2025-03-03T16:00:00Z,ADAUSDT,0.0001
2025-03-04T00:00:00Z,ADAUSDT,-0.00004539
2025-03-04T08:00:00Z,ADAUSDT,-0.00024817
2025-03-04T16:00:00Z,ADAUSDT,-0.00027262
2025-03-05T00:00:00Z,ADAUSDT,0.00000199
2025-03-05T08:00:00Z,ADAUSDT,-0.0000166
2025-03-05T16:00:00Z,ADAUSDT,0.00002816
2025-03-06T00:00:00Z,ADAUSDT,-0.00002322
2025-03-06T08:00:00Z,ADAUSDT,0.00000447
2025-03-06T16:00:00Z,ADAUSDT,-0.0001135
2025-03-07T00:00:00Z,ADAUSDT,-0.00011351
2025-03-07T08:00:00Z,ADAUSDT,-0.0002337
2025-03-07T16:00:00Z,ADAUSDT,-0.0002148
2025-03-08T00:00:00Z,ADAUSDT,-0.00012175
2025-03-08T08:00:00Z,ADAUSDT,-0.00001477
2025-03-08T16:00:00Z,ADAUSDT,-0.00009807
2025-03-09T00:00:00Z,ADAUSDT,-0.0001531
2025-03-09T08:00:00Z,ADAUSDT,0.00005619
2025-03-09T16:00:00Z,ADAUSDT,0.00005785
2025-03-10T00:00:00Z,ADAUSDT,0.00001845
2025-03-10T08:00:00Z,ADAUSDT,-0.00010737
2025-03-10T16:00:00Z,ADAUSDT,0.00004723
2025-03-11T00:00:00Z,ADAUSDT,-0.00000516
2025-03-11T08:00:00Z,ADAUSDT,-0.00008293
2025-03-11T16:00:00Z,ADAUSDT,0.00007719
2025-03-12T00:00:00Z,ADAUSDT,-0.00009681
2025-03-12T08:00:00Z,ADAUSDT,-0.00014373
2025-03-12T16:00:00Z,ADAUSDT,-0.00009909
2025-03-13T00:00:00Z,ADAUSDT,-0.00008988
2025-03-13T08:00:00Z,ADAUSDT,-0.00011128
2025-03-13T16:00:00Z,ADAUSDT,-0.00010022
2025-03-14T00:00:00Z,ADAUSDT,-0.00004998
2025-03-14T08:00:00Z,ADAUSDT,-0.00005684
2025-03-14T16:00:00Z,ADAUSDT,0.00006827
2025-03-15T00:00:00Z,ADAUSDT,0.0001
2025-03-15T08:00:00Z,ADAUSDT,0.0001
2025-03-15T16:00:00Z,ADAUSDT,0.00007622
2025-03-16T00:00:00Z,ADAUSDT,0.0000613
2025-03-16T08:00:00Z,ADAUSDT,0.00003774
2025-03-16T16:00:00Z,ADAUSDT,-0.0000934
2025-03-17T00:00:00Z,ADAUSDT,-0.00012907
2025-03-17T08:00:00Z,ADAUSDT,0.00005811
2025-03-17T16:00:00Z,ADAUSDT,0.00006364
2025-03-18T00:00:00Z,ADAUSDT,-0.00003242
2025-03-18T08:00:00Z,ADAUSDT,-0.00011259
2025-03-18T16:00:00Z,ADAUSDT,-0.00009406
2025-03-19T00:00:00Z,ADAUSDT,-0.00013252
2025-03-19T08:00:00Z,ADAUSDT,0.00001341
2025-03-19T16:00:00Z,ADAUSDT,0.00009384
2025-03-20T00:00:00Z,ADAUSDT,0.00003834
2025-03-20T08:00:00Z,ADAUSDT,0.0001
2025-03-20T16:00:00Z,ADAUSDT,0.0001
2025-03-21T00:00:00Z,ADAUSDT,-0.00009843
2025-03-21T08:00:00Z,ADAUSDT,-0.00006182
2025-03-21T16:00:00Z,ADAUSDT,-0.00008142
2025-03-22T00:00:00Z,ADAUSDT,-0.0000838
2025-03-22T08:00:00Z,ADAUSDT,0.00003054
2025-03-22T16:00:00Z,ADAUSDT,-0.00005065
2025-03-23T00:00:00Z,ADAUSDT,-0.00002926
2025-03-23T08:00:00Z,ADAUSDT,0.0001
2025-03-23T16:00:00Z,ADAUSDT,0.00001781
2025-03-24T00:00:00Z,ADAUSDT,-0.00000966
2025-03-24T08:00:00Z,ADAUSDT,0.0001
2025-03-24T16:00:00Z,ADAUSDT,0.0001
2025-03-25T00:00:00Z,ADAUSDT,0.0001
2025-03-25T08:00:00Z,ADAUSDT,0.0001
2025-03-25T16:00:00Z,ADAUSDT,0.00000482
2025-03-26T00:00:00Z,ADAUSDT,-0.00005247
2025-03-26T08:00:00Z,ADAUSDT,-0.00004282
2025-03-26T16:00:00Z,ADAUSDT,0.00008543
2025-03-27T00:00:00Z,ADAUSDT,-0.00001164
2025-03-27T08:00:00Z,ADAUSDT,0.00006792
2025-03-27T16:00:00Z,ADAUSDT,-0.00000915
2025-03-28T00:00:00Z,ADAUSDT,0.0001
2025-03-28T08:00:00Z,ADAUSDT,-0.00013141
2025-03-28T16:00:00Z,ADAUSDT,-0.00015945
2025-03-29T00:00:00Z,ADAUSDT,-0.00021556
2025-03-29T08:00:00Z,ADAUSDT,-0.000075
2025-03-29T16:00:00Z,ADAUSDT,-0.0001848
2025-03-30T00:00:00Z,ADAUSDT,-0.00016458
2025-03-30T08:00:00Z,ADAUSDT,-0.00017138
2025-03-30T16:00:00Z,ADAUSDT,-0.00007428
2025-03-31T00:00:00Z,ADAUSDT,-0.0001759
2025-03-31T08:00:00Z,ADAUSDT,-0.00001487
2025-03-31T16:00:00Z,ADAUSDT,-0.0002338
2025-04-01T00:00:00Z,ADAUSDT,-0.00006059
2025-04-01T08:00:00Z,ADAUSDT,-0.00017046
2025-04-01T16:00:00Z,ADAUSDT,0.00000468
2025-04-02T00:00:00Z,ADAUSDT,0.0001
2025-04-02T08:00:00Z,ADAUSDT,0.0001
2025-04-02T16:00:00Z,ADAUSDT,0.00008098
2025-04-03T00:00:00Z,ADAUSDT,0.00001893
2025-04-03T08:00:00Z,ADAUSDT,-0.00001718
2025-04-03T16:00:00Z,ADAUSDT,-0.00015607
2025-04-04T00:00:00Z,ADAUSDT,-0.00007178
2025-04-04T08:00:00Z,ADAUSDT,-0.00005511
2025-04-04T16:00:00Z,ADAUSDT,-0.00002737
2025-04-05T00:00:00Z,ADAUSDT,0.0001
2025-04-05T08:00:00Z,ADAUSDT,0.00005351
2025-04-05T16:00:00Z,ADAUSDT,0.00001685
2025-04-06T00:00:00Z,ADAUSDT,0.00008076
2025-04-06T08:00:00Z,ADAUSDT,0.0001
2025-04-06T16:00:00Z,ADAUSDT,0.00003648
2025-04-07T00:00:00Z,ADAUSDT,-0.0000745
2025-04-07T08:00:00Z,ADAUSDT,0.00000285
2025-04-07T16:00:00Z,ADAUSDT,-0.00009092
2025-04-08T00:00:00Z,ADAUSDT,-0.00007897
2025-04-08T08:00:00Z,ADAUSDT,-0.00008334
2025-04-08T16:00:00Z,ADAUSDT,0.00000037
2025-04-09T00:00:00Z,ADAUSDT,0.00002744
2025-04-09T08:00:00Z,ADAUSDT,-0.00006553
2025-04-09T16:00:00Z,ADAUSDT,0.00002391
2025-04-10T00:00:00Z,ADAUSDT,0.0001
2025-04-10T08:00:00Z,ADAUSDT,0.00005665
2025-04-10T16:00:00Z,ADAUSDT,-0.00000608
2025-04-11T00:00:00Z,ADAUSDT,-0.00002739
2025-04-11T08:00:00Z,ADAUSDT,0.00007078
2025-04-11T16:00:00Z,ADAUSDT,0.00002691
2025-04-12T00:00:00Z,ADAUSDT,0.0001
2025-04-12T08:00:00Z,ADAUSDT,0.00003288
2025-04-12T16:00:00Z,ADAUSDT,0.0001
2025-04-13T00:00:00Z,ADAUSDT,0.0001
2025-04-13T08:00:00Z,ADAUSDT,-0.00012367
2025-04-13T16:00:00Z,ADAUSDT,-0.00001546
2025-04-14T00:00:00Z,ADAUSDT,0.00003446
2025-04-14T08:00:00Z,ADAUSDT,-0.00002991
2025-04-14T16:00:00Z,ADAUSDT,0.00005336
2025-04-15T00:00:00Z,ADAUSDT,-0.00000286
2025-04-15T08:00:00Z,ADAUSDT,0.0001
2025-04-15T16:00:00Z,ADAUSDT,-0.0000861
2025-04-16T00:00:00Z,ADAUSDT,-0.00006415
2025-04-16T08:00:00Z,ADAUSDT,-0.00003568
2025-04-16T16:00:00Z,ADAUSDT,-0.00005391
2025-04-17T00:00:00Z,ADAUSDT,-0.00000467
2025-04-17T08:00:00Z,ADAUSDT,0.00008372
2025-04-17T16:00:00Z,ADAUSDT,0.0001
2025-04-18T00:00:00Z,ADAUSDT,0.00006776
2025-04-18T08:00:00Z,ADAUSDT,0.00001855
2025-04-18T16:00:00Z,ADAUSDT,0.00001994
2025-04-19T00:00:00Z,ADAUSDT,0.0001
2025-04-19T08:00:00Z,ADAUSDT,0.0001
2025-04-19T16:00:00Z,ADAUSDT,0.0001
2025-04-20T00:00:00Z,ADAUSDT,0.00008602
2025-04-20T08:00:00Z,ADAUSDT,0.0001
2025-04-20T16:00:00Z,ADAUSDT,-0.00007316
2025-04-21T00:00:00Z,ADAUSDT,0.00003512
2025-04-21T08:00:00Z,ADAUSDT,0.0001
2025-04-21T16:00:00Z,ADAUSDT,0.0001
2025-04-22T00:00:00Z,ADAUSDT,0.00007871
2025-04-22T08:00:00Z,ADAUSDT,0.0000545
2025-04-22T16:00:00Z,ADAUSDT,0.0001
2025-04-23T00:00:00Z,ADAUSDT,0.0001
2025-04-23T08:00:00Z,ADAUSDT,0.0001
2025-04-23T16:00:00Z,ADAUSDT,0.0001
2025-04-24T00:00:00Z,ADAUSDT,0.0001
2025-04-24T08:00:00Z,ADAUSDT,0.00005208
2025-04-24T16:00:00Z,ADAUSDT,0.0001
2025-04-25T00:00:00Z,ADAUSDT,0.0001
2025-04-25T08:00:00Z,ADAUSDT,0.0001
2025-04-25T16:00:00Z,ADAUSDT,-0.00000703
2025-04-26T00:00:00Z,ADAUSDT,0.00006874
2025-04-26T08:00:00Z,ADAUSDT,0.0001
2025-04-26T16:00:00Z,ADAUSDT,0.00000125
2025-04-27T00:00:00Z,ADAUSDT,0.00009092
2025-04-27T08:00:00Z,ADAUSDT,0.00007513
2025-04-27T16:00:00Z,ADAUSDT,0.00005095
2025-04-28T00:00:00Z,ADAUSDT,0.0001
2025-04-28T08:00:00Z,ADAUSDT,0.0001
2025-04-28T16:00:00Z,ADAUSDT,0.0000904
2025-04-29T00:00:00Z,ADAUSDT,0.00001433
2025-04-29T08:00:00Z,ADAUSDT,0.00003727
2025-04-29T16:00:00Z,ADAUSDT,0.00009967
2025-04-30T00:00:00Z,ADAUSDT,-0.00001774
2025-04-30T08:00:00Z,ADAUSDT,0.00002138
2025-04-30T16:00:00Z,ADAUSDT,-0.00008405
2025-05-01T00:00:00Z,ADAUSDT,-0.00009442
2025-05-01T08:00:00Z,ADAUSDT,-0.00002043
2025-05-01T16:00:00Z,ADAUSDT,0.00009547
2025-05-02T00:00:00Z,ADAUSDT,0.0001
2025-05-02T08:00:00Z,ADAUSDT,0.0001
2025-05-02T16:00:00Z,ADAUSDT,0.0001
2025-05-03T00:00:00Z,ADAUSDT,-0.00003816
2025-05-03T08:00:00Z,ADAUSDT,0.0001
2025-05-03T16:00:00Z,ADAUSDT,0.0001
2025-05-04T00:00:00Z,ADAUSDT,-0.00000732
2025-05-04T08:00:00Z,ADAUSDT,-0.00002657
2025-05-04T16:00:00Z,ADAUSDT,-0.00008531
2025-05-05T00:00:00Z,ADAUSDT,-0.00005488
2025-05-05T08:00:00Z,ADAUSDT,0.00005753
2025-05-05T16:00:00Z,ADAUSDT,-0.00010652
2025-05-06T00:00:00Z,ADAUSDT,-0.00005763
2025-05-06T08:00:00Z,ADAUSDT,-0.0000034
2025-05-06T16:00:00Z,ADAUSDT,0.00004108
2025-05-07T00:00:00Z,ADAUSDT,0.00001493
2025-05-07T08:00:00Z,ADAUSDT,0.00004573
2025-05-07T16:00:00Z,ADAUSDT,0.00004083
2025-05-08T00:00:00Z,ADAUSDT,0.00009803
2025-05-08T08:00:00Z,ADAUSDT,0.000088
2025-05-08T16:00:00Z,ADAUSDT,0.0001
2025-05-09T00:00:00Z,ADAUSDT,0.0001
2025-05-09T08:00:00Z,ADAUSDT,0.0001
2025-05-09T16:00:00Z,ADAUSDT,0.0001
2025-05-10T00:00:00Z,ADAUSDT,0.0001
2025-05-10T08:00:00Z,ADAUSDT,0.0001
2025-05-10T16:00:00Z,ADAUSDT,0.0001
2025-05-11T00:00:00Z,ADAUSDT,0.0001
2025-05-11T08:00:00Z,ADAUSDT,0.0001
2025-05-11T16:00:00Z,ADAUSDT,0.0001
2025-05-12T00:00:00Z,ADAUSDT,0.0001
2025-05-12T08:00:00Z,ADAUSDT,0.0001
2025-05-12T16:00:00Z,ADAUSDT,0.0001
2025-05-13T00:00:00Z,ADAUSDT,0.0001
2025-05-13T08:00:00Z,ADAUSDT,0.0001
2025-05-13T16:00:00Z,ADAUSDT,0.0001
2025-05-14T00:00:00Z,ADAUSDT,0.0001
2025-05-14T08:00:00Z,ADAUSDT,0.0001
2025-05-14T16:00:00Z,ADAUSDT,0.0001
2025-05-15T00:00:00Z,ADAUSDT,0.0001
2025-05-15T08:00:00Z,ADAUSDT,0.00008283
2025-05-15T16:00:00Z,ADAUSDT,0.00002971
2025-05-16T00:00:00Z,ADAUSDT,0.00009797
2025-05-16T08:00:00Z,ADAUSDT,0.0001
2025-05-16T16:00:00Z,ADAUSDT,0.0001
2025-05-17T00:00:00Z,ADAUSDT,0.00009309
2025-05-17T08:00:00Z,ADAUSDT,0.00006904
2025-05-17T16:00:00Z,ADAUSDT,0.00005163
2025-05-18T00:00:00Z,ADAUSDT,0.00006364
2025-05-18T08:00:00Z,ADAUSDT,0.00008392
2025-05-18T16:00:00Z,ADAUSDT,0.0001
2025-05-19T00:00:00Z,ADAUSDT,0.00000906
2025-05-19T08:00:00Z,ADAUSDT,-0.00007793
2025-05-19T16:00:00Z,ADAUSDT,0.00005537
2025-05-20T00:00:00Z,ADAUSDT,0.0001
2025-05-20T08:00:00Z,ADAUSDT,0.0001
2025-05-20T16:00:00Z,ADAUSDT,0.00000418
2025-05-21T00:00:00Z,ADAUSDT,0.00006123
2025-05-21T08:00:00Z,ADAUSDT,0.0001
2025-05-21T16:00:00Z,ADAUSDT,0.0001
2025-05-22T00:00:00Z,ADAUSDT,0.0001
2025-05-22T08:00:00Z,ADAUSDT,0.0001
2025-05-22T16:00:00Z,ADAUSDT,0.0001
2025-05-23T00:00:00Z,ADAUSDT,0.0001
2025-05-23T08:00:00Z,ADAUSDT,0.0001
2025-05-23T16:00:00Z,ADAUSDT,0.0001
2025-05-24T00:00:00Z,ADAUSDT,0.0001
2025-05-24T08:00:00Z,ADAUSDT,0.0001
2025-05-24T16:00:00Z,ADAUSDT,0.0001
2025-05-25T00:00:00Z,ADAUSDT,0.00003758
2025-05-25T08:00:00Z,ADAUSDT,0.0001
2025-05-25T16:00:00Z,ADAUSDT,0.0001
2025-05-26T00:00:00Z,ADAUSDT,0.0001
2025-05-26T08:00:00Z,ADAUSDT,0.00006173
2025-05-26T16:00:00Z,ADAUSDT,0.0001
2025-05-27T00:00:00Z,ADAUSDT,0.00003998
2025-05-27T08:00:00Z,ADAUSDT,0.00004907
2025-05-27T16:00:00Z,ADAUSDT,0.0001
2025-05-28T00:00:00Z,ADAUSDT,0.00004435
2025-05-28T08:00:00Z,ADAUSDT,-0.00000783
2025-05-28T16:00:00Z,ADAUSDT,0.00006222
2025-05-29T00:00:00Z,ADAUSDT,-0.0000088
2025-05-29T08:00:00Z,ADAUSDT,0.0001
2025-05-29T16:00:00Z,ADAUSDT,0.0001
2025-05-30T00:00:00Z,ADAUSDT,0.00002672
2025-05-30T08:00:00Z,ADAUSDT,-0.00000767
2025-05-30T16:00:00Z,ADAUSDT,0.00006745
2025-05-31T00:00:00Z,ADAUSDT,-0.00002266
2025-05-31T08:00:00Z,ADAUSDT,-0.00009482
2025-05-31T16:00:00Z,ADAUSDT,-0.00008186
2025-06-01T00:00:00Z,ADAUSDT,0.00005104
2025-06-01T08:00:00Z,ADAUSDT,-0.00000429
2025-06-01T16:00:00Z,ADAUSDT,0.0000033
2025-06-02T00:00:00Z,ADAUSDT,0.00003592
2025-06-02T08:00:00Z,ADAUSDT,0.0001
2025-06-02T16:00:00Z,ADAUSDT,0.0001
2025-06-03T00:00:00Z,ADAUSDT,0.00005752
2025-06-03T08:00:00Z,ADAUSDT,0.00004886
2025-06-03T16:00:00Z,ADAUSDT,0.0001
2025-06-04T00:00:00Z,ADAUSDT,0.0000283
2025-06-04T08:00:00Z,ADAUSDT,0.00002306
2025-06-04T16:00:00Z,ADAUSDT,-0.00000467
2025-06-05T00:00:00Z,ADAUSDT,0.00003196
2025-06-05T08:00:00Z,ADAUSDT,0.00009797
2025-06-05T16:00:00Z,ADAUSDT,0.0000663
2025-06-06T00:00:00Z,ADAUSDT,-0.00008567
2025-06-06T08:00:00Z,ADAUSDT,-0.00008944
2025-06-06T16:00:00Z,ADAUSDT,0.00001988
2025-06-07T00:00:00Z,ADAUSDT,0.00006726
2025-06-07T08:00:00Z,ADAUSDT,0.00006141
2025-06-07T16:00:00Z,ADAUSDT,0.0000612
2025-06-08T00:00:00Z,ADAUSDT,0.0001
2025-06-08T08:00:00Z,ADAUSDT,0.0001
2025-06-08T16:00:00Z,ADAUSDT,0.00005052
2025-06-09T00:00:00Z,ADAUSDT,0.00003984
2025-06-09T08:00:00Z,ADAUSDT,0.00004355
2025-06-09T16:00:00Z,ADAUSDT,0.0001
2025-06-10T00:00:00Z,ADAUSDT,0.00006586
2025-06-10T08:00:00Z,ADAUSDT,0.0001
2025-06-10T16:00:00Z,ADAUSDT,0.0001
2025-06-11T00:00:00Z,ADAUSDT,0.0001
2025-06-11T08:00:00Z,ADAUSDT,0.0001
2025-06-11T16:00:00Z,ADAUSDT,0.0001
2025-06-12T00:00:00Z,ADAUSDT,0.0001
2025-06-12T08:00:00Z,ADAUSDT,0.00009139
2025-06-12T16:00:00Z,ADAUSDT,0.00007141
2025-06-13T00:00:00Z,ADAUSDT,-0.00002645
2025-06-13T08:00:00Z,ADAUSDT,-0.00018282
2025-06-13T16:00:00Z,ADAUSDT,0.00000266
2025-06-14T00:00:00Z,ADAUSDT,0.0001
2025-06-14T08:00:00Z,ADAUSDT,0.0000232
2025-06-14T16:00:00Z,ADAUSDT,-0.00000809
2025-06-15T00:00:00Z,ADAUSDT,-0.00003438
2025-06-15T08:00:00Z,ADAUSDT,0.00005468
2025-06-15T16:00:00Z,ADAUSDT,0.00003087
2025-06-16T00:00:00Z,ADAUSDT,0.00002892
2025-06-16T08:00:00Z,ADAUSDT,0.0001
2025-06-16T16:00:00Z,ADAUSDT,0.0001
2025-06-17T00:00:00Z,ADAUSDT,0.0001
2025-06-17T08:00:00Z,ADAUSDT,0.0001
2025-06-17T16:00:00Z,ADAUSDT,0.00000469
2025-06-18T00:00:00Z,ADAUSDT,0.0000609
2025-06-18T08:00:00Z,ADAUSDT,0.00003
2025-06-18T16:00:00Z,ADAUSDT,0.00002964
2025-06-19T00:00:00Z,ADAUSDT,0.00007745
2025-06-19T08:00:00Z,ADAUSDT,0.0000769
2025-06-19T16:00:00Z,ADAUSDT,0.00003411
2025-06-20T00:00:00Z,ADAUSDT,0.0001
2025-06-20T08:00:00Z,ADAUSDT,0.0000933
2025-06-20T16:00:00Z,ADAUSDT,0.00000203
2025-06-21T00:00:00Z,ADAUSDT,0.0000289
2025-06-21T08:00:00Z,ADAUSDT,0.0000934
2025-06-21T16:00:00Z,ADAUSDT,0.00007061
2025-06-22T00:00:00Z,ADAUSDT,0.00003782
2025-06-22T08:00:00Z,ADAUSDT,0.00002531
2025-06-22T16:00:00Z,ADAUSDT,-0.00002051
2025-06-23T00:00:00Z,ADAUSDT,-0.00004282
2025-06-23T08:00:00Z,ADAUSDT,-0.00003015
2025-06-23T16:00:00Z,ADAUSDT,-0.00000924
2025-06-24T00:00:00Z,ADAUSDT,0.00000156
2025-06-24T08:00:00Z,ADAUSDT,0.00004025
2025-06-24T16:00:00Z,ADAUSDT,0.00001513
2025-06-25T00:00:00Z,ADAUSDT,0.00005406
2025-06-25T08:00:00Z,ADAUSDT,0.00006774
2025-06-25T16:00:00Z,ADAUSDT,0.0000935
2025-06-26T00:00:00Z,ADAUSDT,0.00004228
2025-06-26T08:00:00Z,ADAUSDT,0.00006114
2025-06-26T16:00:00Z,ADAUSDT,0.00009504
2025-06-27T00:00:00Z,ADAUSDT,0.00001609
2025-06-27T08:00:00Z,ADAUSDT,0.00006355
2025-06-27T16:00:00Z,ADAUSDT,-0.00000181
2025-06-28T00:00:00Z,ADAUSDT,0.0000259
2025-06-28T08:00:00Z,ADAUSDT,-0.00003412
2025-06-28T16:00:00Z,ADAUSDT,-0.00005139
2025-06-29T00:00:00Z,ADAUSDT,0.00009979
2025-06-29T08:00:00Z,ADAUSDT,0.0001
2025-06-29T16:00:00Z,ADAUSDT,0.00007926
2025-06-30T00:00:00Z,ADAUSDT,0.00008217
2025-06-30T08:00:00Z,ADAUSDT,0.00002798
2025-06-30T16:00:00Z,ADAUSDT,0.00000184
2025-07-01T00:00:00Z,ADAUSDT,0.00006752
2025-07-01T08:00:00Z,ADAUSDT,-0.00000469
2025-07-01T16:00:00Z,ADAUSDT,-0.00009888
2025-07-02T00:00:00Z,ADAUSDT,-0.00013165
2025-07-02T08:00:00Z,ADAUSDT,-0.00008219
2025-07-02T16:00:00Z,ADAUSDT,0.00007797
2025-07-03T00:00:00Z,ADAUSDT,0.0001
2025-07-03T08:00:00Z,ADAUSDT,0.0001
2025-07-03T16:00:00Z,ADAUSDT,0.00007044
2025-07-04T00:00:00Z,ADAUSDT,-0.00002444
2025-07-04T08:00:00Z,ADAUSDT,0.0001
2025-07-04T16:00:00Z,ADAUSDT,0.00002199
2025-07-05T00:00:00Z,ADAUSDT,0.00005174
2025-07-05T08:00:00Z,ADAUSDT,-0.00011651
2025-07-05T16:00:00Z,ADAUSDT,0.00003033
2025-07-06T00:00:00Z,ADAUSDT,0.00003772
2025-07-06T08:00:00Z,ADAUSDT,-0.00008865
2025-07-06T16:00:00Z,ADAUSDT,0.0001
2025-07-07T00:00:00Z,ADAUSDT,0.0000707
2025-07-07T08:00:00Z,ADAUSDT,0.0001
2025-07-07T16:00:00Z,ADAUSDT,0.00004787
2025-07-08T00:00:00Z,ADAUSDT,0.00004958
2025-07-08T08:00:00Z,ADAUSDT,0.00002741
2025-07-08T16:00:00Z,ADAUSDT,0.00003365
2025-07-09T00:00:00Z,ADAUSDT,0.00002748
2025-07-09T08:00:00Z,ADAUSDT,0.0000825
2025-07-09T16:00:00Z,ADAUSDT,0.00007128
2025-07-10T00:00:00Z,ADAUSDT,0.0001
2025-07-10T08:00:00Z,ADAUSDT,0.0001
2025-07-10T16:00:00Z,ADAUSDT,0.00005736
2025-07-11T00:00:00Z,ADAUSDT,0.0001
2025-07-11T08:00:00Z,ADAUSDT,0.0001
2025-07-11T16:00:00Z,ADAUSDT,0.0001
2025-07-12T00:00:00Z,ADAUSDT,0.0001
2025-07-12T08:00:00Z,ADAUSDT,0.0001
2025-07-12T16:00:00Z,ADAUSDT,0.0001
2025-07-13T00:00:00Z,ADAUSDT,0.0001
2025-07-13T08:00:00Z,ADAUSDT,0.0001
2025-07-13T16:00:00Z,ADAUSDT,0.0001
2025-07-14T00:00:00Z,ADAUSDT,0.0001
2025-07-14T08:00:00Z,ADAUSDT,0.0001
2025-07-14T16:00:00Z,ADAUSDT,0.0001
2025-07-15T00:00:00Z,ADAUSDT,0.0001
2025-07-15T08:00:00Z,ADAUSDT,0.0001
2025-07-15T16:00:00Z,ADAUSDT,0.0001
2025-07-16T00:00:00Z,ADAUSDT,0.0001
2025-07-16T08:00:00Z,ADAUSDT,0.0001
2025-07-16T16:00:00Z,ADAUSDT,0.0001
2025-07-17T00:00:00Z,ADAUSDT,0.0001
2025-07-17T08:00:00Z,ADAUSDT,0.0001
2025-07-17T16:00:00Z,ADAUSDT,0.0001
2025-07-18T00:00:00Z,ADAUSDT,0.0001
2025-07-18T08:00:00Z,ADAUSDT,0.0001
2025-07-18T16:00:00Z,ADAUSDT,0.0001
2025-07-19T00:00:00Z,ADAUSDT,0.0001
2025-07-19T08:00:00Z,ADAUSDT,0.0001
2025-07-19T16:00:00Z,ADAUSDT,0.0001
2025-07-20T00:00:00Z,ADAUSDT,0.0001
2025-07-20T08:00:00Z,ADAUSDT,0.0001
2025-07-20T16:00:00Z,ADAUSDT,0.0001
2025-07-21T00:00:00Z,ADAUSDT,0.0001
2025-07-21T08:00:00Z,ADAUSDT,0.0001
2025-07-21T16:00:00Z,ADAUSDT,0.00023367
2025-07-22T00:00:00Z,ADAUSDT,0.0001
2025-07-22T08:00:00Z,ADAUSDT,0.0001
2025-07-22T16:00:00Z,ADAUSDT,0.0001
2025-07-23T00:00:00Z,ADAUSDT,0.0001
2025-07-23T08:00:00Z,ADAUSDT,0.0001
2025-07-23T16:00:00Z,ADAUSDT,0.0001
2025-07-24T00:00:00Z,ADAUSDT,0.0001
2025-07-24T08:00:00Z,ADAUSDT,0.0001
2025-07-24T16:00:00Z,ADAUSDT,0.0001
2025-07-25T00:00:00Z,ADAUSDT,0.0001
2025-07-25T08:00:00Z,ADAUSDT,0.0001
2025-07-25T16:00:00Z,ADAUSDT,0.0001
2025-07-26T00:00:00Z,ADAUSDT,0.0001
2025-07-26T08:00:00Z,ADAUSDT,0.0001
2025-07-26T16:00:00Z,ADAUSDT,0.0001
2025-07-27T00:00:00Z,ADAUSDT,0.0001
2025-07-27T08:00:00Z,ADAUSDT,0.0001
2025-07-27T16:00:00Z,ADAUSDT,0.0001
2025-07-28T00:00:00Z,ADAUSDT,0.0001
2025-07-28T08:00:00Z,ADAUSDT,0.0001
2025-07-28T16:00:00Z,ADAUSDT,0.0001
2025-07-29T00:00:00Z,ADAUSDT,0.0001
2025-07-29T08:00:00Z,ADAUSDT,0.0001
2025-07-29T16:00:00Z,ADAUSDT,0.0001
2025-07-30T00:00:00Z,ADAUSDT,0.0001
2025-07-30T08:00:00Z,ADAUSDT,0.0001
2025-07-30T16:00:00Z,ADAUSDT,0.0001
2025-07-31T00:00:00Z,ADAUSDT,0.0001
2025-07-31T08:00:00Z,ADAUSDT,0.0001
2025-07-31T16:00:00Z,ADAUSDT,0.0001
2025-08-01T00:00:00Z,ADAUSDT,0.00005187
2025-08-01T08:00:00Z,ADAUSDT,0.0000226
2025-08-01T16:00:00Z,ADAUSDT,0.00007614
2025-08-02T00:00:00Z,ADAUSDT,0.00003936
2025-08-02T08:00:00Z,ADAUSDT,0.00008488
2025-08-02T16:00:00Z,ADAUSDT,-0.00001159
2025-08-03T00:00:00Z,ADAUSDT,0.00007657
2025-08-03T08:00:00Z,ADAUSDT,-0.00005991
2025-08-03T16:00:00Z,ADAUSDT,-0.0000337
2025-08-04T00:00:00Z,ADAUSDT,0.00008305
2025-08-04T08:00:00Z,ADAUSDT,0.00008949
2025-08-04T16:00:00Z,ADAUSDT,-0.00000526
2025-08-05T00:00:00Z,ADAUSDT,0.00005531
2025-08-05T08:00:00Z,ADAUSDT,0.00005799
2025-08-05T16:00:00Z,ADAUSDT,0.000095
2025-08-06T00:00:00Z,ADAUSDT,0.00005533
2025-08-06T08:00:00Z,ADAUSDT,-0.00000393
2025-08-06T16:00:00Z,ADAUSDT,0.00005931
2025-08-07T00:00:00Z,ADAUSDT,0.00006947
2025-08-07T08:00:00Z,ADAUSDT,0.0001
2025-08-07T16:00:00Z,ADAUSDT,0.0001
2025-08-08T00:00:00Z,ADAUSDT,0.0001
2025-08-08T08:00:00Z,ADAUSDT,0.0001
2025-08-08T16:00:00Z,ADAUSDT,0.0001
2025-08-09T00:00:00Z,ADAUSDT,0.0001
2025-08-09T08:00:00Z,ADAUSDT,0.0001
2025-08-09T16:00:00Z,ADAUSDT,0.0001
2025-08-10T00:00:00Z,ADAUSDT,0.0001
2025-08-10T08:00:00Z,ADAUSDT,0.0001
2025-08-10T16:00:00Z,ADAUSDT,0.0001
2025-08-11T00:00:00Z,ADAUSDT,0.0001
2025-08-11T08:00:00Z,ADAUSDT,0.0001
2025-08-11T16:00:00Z,ADAUSDT,-0.00005286
2025-08-12T00:00:00Z,ADAUSDT,-0.00002186
2025-08-12T08:00:00Z,ADAUSDT,0.00009427
2025-08-12T16:00:00Z,ADAUSDT,-0.00001466
2025-08-13T00:00:00Z,ADAUSDT,0.0001
2025-08-13T08:00:00Z,ADAUSDT,0.0001
2025-08-13T16:00:00Z,ADAUSDT,0.0001
2025-08-14T00:00:00Z,ADAUSDT,0.0001
2025-08-14T08:00:00Z,ADAUSDT,0.0001
2025-08-14T16:00:00Z,ADAUSDT,0.0001
2025-08-15T00:00:00Z,ADAUSDT,0.0001
2025-08-15T08:00:00Z,ADAUSDT,0.0001
2025-08-15T16:00:00Z,ADAUSDT,0.0001
2025-08-16T00:00:00Z,ADAUSDT,0.0001
2025-08-16T08:00:00Z,ADAUSDT,0.0001
2025-08-16T16:00:00Z,ADAUSDT,-0.00000761
2025-08-17T00:00:00Z,ADAUSDT,0.00003509
2025-08-17T08:00:00Z,ADAUSDT,0.0001
2025-08-17T16:00:00Z,ADAUSDT,0.0001
2025-08-18T00:00:00Z,ADAUSDT,0.0001
2025-08-18T08:00:00Z,ADAUSDT,0.00000022
2025-08-18T16:00:00Z,ADAUSDT,-0.00000773
2025-08-19T00:00:00Z,ADAUSDT,0.00009734
2025-08-19T08:00:00Z,ADAUSDT,0.0001
2025-08-19T16:00:00Z,ADAUSDT,-0.00001473
2025-08-20T00:00:00Z,ADAUSDT,-0.0000149
2025-08-20T08:00:00Z,ADAUSDT,-0.00010888
2025-08-20T16:00:00Z,ADAUSDT,0.0001
2025-08-21T00:00:00Z,ADAUSDT,0.00003338
2025-08-21T08:00:00Z,ADAUSDT,0.00003551
2025-08-21T16:00:00Z,ADAUSDT,0.000046
2025-08-22T00:00:00Z,ADAUSDT,0.00005139
2025-08-22T08:00:00Z,ADAUSDT,0.00004843
2025-08-22T16:00:00Z,ADAUSDT,0.00000106
2025-08-23T00:00:00Z,ADAUSDT,0.0001
2025-08-23T08:00:00Z,ADAUSDT,0.0001
2025-08-23T16:00:00Z,ADAUSDT,0.0001
2025-08-24T00:00:00Z,ADAUSDT,0.0001
2025-08-24T08:00:00Z,ADAUSDT,0.0001
2025-08-24T16:00:00Z,ADAUSDT,0.0001
2025-08-25T00:00:00Z,ADAUSDT,0.0001
2025-08-25T08:00:00Z,ADAUSDT,0.00009036
2025-08-25T16:00:00Z,ADAUSDT,-0.00004304
2025-08-26T00:00:00Z,ADAUSDT,-0.00015607
2025-08-26T08:00:00Z,ADAUSDT,-0.0000155
2025-08-26T16:00:00Z,ADAUSDT,0.00001426
2025-08-27T00:00:00Z,ADAUSDT,0.0001
2025-08-27T08:00:00Z,ADAUSDT,0.0001
2025-08-27T16:00:00Z,ADAUSDT,0.00006906
2025-08-28T00:00:00Z,ADAUSDT,0.00004558
2025-08-28T08:00:00Z,ADAUSDT,0.00004999
2025-08-28T16:00:00Z,ADAUSDT,0.00009696
2025-08-29T00:00:00Z,ADAUSDT,0.00005084
2025-08-29T08:00:00Z,ADAUSDT,0.0000737
2025-08-29T16:00:00Z,ADAUSDT,0.00002565
2025-08-30T00:00:00Z,ADAUSDT,0.0001
2025-08-30T08:00:00Z,ADAUSDT,0.00004294
2025-08-30T16:00:00Z,ADAUSDT,-0.00004229
2025-08-31T00:00:00Z,ADAUSDT,0.00000096
2025-08-31T08:00:00Z,ADAUSDT,0.0001
2025-08-31T16:00:00Z,ADAUSDT,0.00002183
2025-09-01T00:00:00Z,ADAUSDT,0.00005047
2025-09-01T08:00:00Z,ADAUSDT,0.00004694
2025-09-01T16:00:00Z,ADAUSDT,0.0001
2025-09-02T00:00:00Z,ADAUSDT,-0.00006637
2025-09-02T08:00:00Z,ADAUSDT,0.0001
2025-09-02T16:00:00Z,ADAUSDT,0.0001
2025-09-03T00:00:00Z,ADAUSDT,0.00004166
2025-09-03T08:00:00Z,ADAUSDT,0.00004751
2025-09-03T16:00:00Z,ADAUSDT,0.00006497
2025-09-04T00:00:00Z,ADAUSDT,0.0001
2025-09-04T08:00:00Z,ADAUSDT,0.0001
2025-09-04T16:00:00Z,ADAUSDT,0.0000149
2025-09-05T00:00:00Z,ADAUSDT,0.0000121
2025-09-05T08:00:00Z,ADAUSDT,0.0001
2025-09-05T16:00:00Z,ADAUSDT,0.0001
2025-09-06T00:00:00Z,ADAUSDT,0.0001
2025-09-06T08:00:00Z,ADAUSDT,0.00000684
2025-09-06T16:00:00Z,ADAUSDT,0.00004159
2025-09-07T00:00:00Z,ADAUSDT,0.0000348
2025-09-07T08:00:00Z,ADAUSDT,0.0001
2025-09-07T16:00:00Z,ADAUSDT,0.00006804
2025-09-08T00:00:00Z,ADAUSDT,0.0001
2025-09-08T08:00:00Z,ADAUSDT,0.0001
2025-09-08T16:00:00Z,ADAUSDT,0.0001
2025-09-09T00:00:00Z,ADAUSDT,0.0001
2025-09-09T08:00:00Z,ADAUSDT,0.0001
2025-09-09T16:00:00Z,ADAUSDT,0.0001
2025-09-10T00:00:00Z,ADAUSDT,0.0001
2025-09-10T08:00:00Z,ADAUSDT,0.0001
2025-09-10T16:00:00Z,ADAUSDT,0.0001
2025-09-11T00:00:00Z,ADAUSDT,0.0001
2025-09-11T08:00:00Z,ADAUSDT,0.0001
2025-09-11T16:00:00Z,ADAUSDT,0.0001
2025-09-12T00:00:00Z,ADAUSDT,0.0001
2025-09-12T08:00:00Z,ADAUSDT,0.0001
2025-09-12T16:00:00Z,ADAUSDT,0.0001
2025-09-13T00:00:00Z,ADAUSDT,0.0001
2025-09-13T08:00:00Z,ADAUSDT,0.0001
2025-09-13T16:00:00Z,ADAUSDT,0.0001
2025-09-14T00:00:00Z,ADAUSDT,0.0001
2025-09-14T08:00:00Z,ADAUSDT,0.0001
2025-09-14T16:00:00Z,ADAUSDT,0.0001
2025-09-15T00:00:00Z,ADAUSDT,0.0001
2025-09-15T08:00:00Z,ADAUSDT,0.0001
2025-09-15T16:00:00Z,ADAUSDT,0.0000848
2025-09-16T00:00:00Z,ADAUSDT,0.0001
2025-09-16T08:00:00Z,ADAUSDT,0.00006099
2025-09-16T16:00:00Z,ADAUSDT,0.0001
2025-09-17T00:00:00Z,ADAUSDT,0.00003578
2025-09-17T08:00:00Z,ADAUSDT,0.0000356
2025-09-17T16:00:00Z,ADAUSDT,0.0000149
2025-09-18T00:00:00Z,ADAUSDT,0.0001
2025-09-18T08:00:00Z,ADAUSDT,0.0001
2025-09-18T16:00:00Z,ADAUSDT,0.0001
2025-09-19T00:00:00Z,ADAUSDT,0.0001
2025-09-19T08:00:00Z,ADAUSDT,0.0001
2025-09-19T16:00:00Z,ADAUSDT,0.0001
2025-09-20T00:00:00Z,ADAUSDT,0.0001
2025-09-20T08:00:00Z,ADAUSDT,0.0001
2025-09-20T16:00:00Z,ADAUSDT,0.0001
2025-09-21T00:00:00Z,ADAUSDT,0.0001
2025-09-21T08:00:00Z,ADAUSDT,0.0001
2025-09-21T16:00:00Z,ADAUSDT,0.0001
2025-09-22T00:00:00Z,ADAUSDT,0.00007732
2025-09-22T08:00:00Z,ADAUSDT,-0.00005991
2025-09-22T16:00:00Z,ADAUSDT,0.00003721
2025-09-23T00:00:00Z,ADAUSDT,-0.0000975
2025-09-23T08:00:00Z,ADAUSDT,0.00002389
2025-09-23T16:00:00Z,ADAUSDT,0.00002472
2025-09-24T00:00:00Z,ADAUSDT,0.00005753
2025-09-24T08:00:00Z,ADAUSDT,0.0001
2025-09-24T16:00:00Z,ADAUSDT,0.0001
2025-09-25T00:00:00Z,ADAUSDT,0.00002408
2025-09-25T08:00:00Z,ADAUSDT,0.00006762
2025-09-25T16:00:00Z,ADAUSDT,0.00003388
2025-09-26T00:00:00Z,ADAUSDT,0.00006279
2025-09-26T08:00:00Z,ADAUSDT,0.0001
2025-09-26T16:00:00Z,ADAUSDT,0.0000072
2025-09-27T00:00:00Z,ADAUSDT,0.00003237
2025-09-27T08:00:00Z,ADAUSDT,0.00009886
2025-09-27T16:00:00Z,ADAUSDT,0.00002518
2025-09-28T00:00:00Z,ADAUSDT,0.0001
2025-09-28T08:00:00Z,ADAUSDT,0.00001812
2025-09-28T16:00:00Z,ADAUSDT,0.00003035
2025-09-29T00:00:00Z,ADAUSDT,0.00008068
2025-09-29T08:00:00Z,ADAUSDT,0.00005715
2025-09-29T16:00:00Z,ADAUSDT,-0.00000829
2025-09-30T00:00:00Z,ADAUSDT,0.0001
2025-09-30T08:00:00Z,ADAUSDT,0.00006952
2025-09-30T16:00:00Z,ADAUSDT,0.00004962
2025-10-01T00:00:00Z,ADAUSDT,0.0001
2025-10-01T08:00:00Z,ADAUSDT,0.00005112
2025-10-01T16:00:00Z,ADAUSDT,0.00000754
2025-10-02T00:00:00Z,ADAUSDT,0.00002446
2025-10-02T08:00:00Z,ADAUSDT,0.0001
2025-10-02T16:00:00Z,ADAUSDT,0.00008321
2025-10-03T00:00:00Z,ADAUSDT,0.0001
2025-10-03T08:00:00Z,ADAUSDT,0.0001
2025-10-03T16:00:00Z,ADAUSDT,0.00009304
2025-10-04T00:00:00Z,ADAUSDT,0.0001
2025-10-04T08:00:00Z,ADAUSDT,0.0000336
2025-10-04T16:00:00Z,ADAUSDT,0.00007143
2025-10-05T00:00:00Z,ADAUSDT,0.0001
2025-10-05T08:00:00Z,ADAUSDT,0.0001
2025-10-05T16:00:00Z,ADAUSDT,0.0001
2025-10-06T00:00:00Z,ADAUSDT,0.00001881
2025-10-06T08:00:00Z,ADAUSDT,0.0001
2025-10-06T16:00:00Z,ADAUSDT,0.0001
2025-10-07T00:00:00Z,ADAUSDT,0.0001
2025-10-07T08:00:00Z,ADAUSDT,0.0001
2025-10-07T16:00:00Z,ADAUSDT,0.0001
2025-10-08T00:00:00Z,ADAUSDT,0.0001
2025-10-08T08:00:00Z,ADAUSDT,0.00000478
2025-10-08T16:00:00Z,ADAUSDT,0.00005806
2025-10-09T00:00:00Z,ADAUSDT,0.0001
2025-10-09T08:00:00Z,ADAUSDT,0.0001
2025-10-09T16:00:00Z,ADAUSDT,0.0000715
2025-10-10T00:00:00Z,ADAUSDT,0.0001
2025-10-10T08:00:00Z,ADAUSDT,0.0001
2025-10-10T16:00:00Z,ADAUSDT,0.0001
2025-10-11T00:00:00Z,ADAUSDT,-0.00561711
2025-10-11T08:00:00Z,ADAUSDT,-0.00000795
2025-10-11T16:00:00Z,ADAUSDT,-0.00011725
2025-10-12T00:00:00Z,ADAUSDT,-0.00004748
2025-10-12T08:00:00Z,ADAUSDT,-0.00006014
2025-10-12T16:00:00Z,ADAUSDT,0.00000003
2025-10-13T00:00:00Z,ADAUSDT,-0.00000435
2025-10-13T08:00:00Z,ADAUSDT,-0.00001494
2025-10-13T16:00:00Z,ADAUSDT,0.0001
2025-10-14T00:00:00Z,ADAUSDT,0.0001
2025-10-14T08:00:00Z,ADAUSDT,0.00005546
2025-10-14T16:00:00Z,ADAUSDT,-0.00005024
2025-10-15T00:00:00Z,ADAUSDT,-0.00006072
2025-10-15T08:00:00Z,ADAUSDT,0.00006502
2025-10-15T16:00:00Z,ADAUSDT,0.00001416
2025-10-16T00:00:00Z,ADAUSDT,-0.00004827
2025-10-16T08:00:00Z,ADAUSDT,-0.00006782
2025-10-16T16:00:00Z,ADAUSDT,-0.00000934
2025-10-17T00:00:00Z,ADAUSDT,0.00000693
2025-10-17T08:00:00Z,ADAUSDT,0.00002898
2025-10-17T16:00:00Z,ADAUSDT,0.00004232
2025-10-18T00:00:00Z,ADAUSDT,-0.00002634
2025-10-18T08:00:00Z,ADAUSDT,-0.00000521
2025-10-18T16:00:00Z,ADAUSDT,-0.00002408
2025-10-19T00:00:00Z,ADAUSDT,0.00004146
2025-10-19T08:00:00Z,ADAUSDT,-0.00001027
2025-10-19T16:00:00Z,ADAUSDT,-0.0001045
2025-10-20T00:00:00Z,ADAUSDT,0.00008666
2025-10-20T08:00:00Z,ADAUSDT,-0.0000337
2025-10-20T16:00:00Z,ADAUSDT,0.0001
2025-10-21T00:00:00Z,ADAUSDT,0.0001
2025-10-21T08:00:00Z,ADAUSDT,0.0000637
2025-10-21T16:00:00Z,ADAUSDT,0.00008811
2025-10-22T00:00:00Z,ADAUSDT,0.00005949
2025-10-22T08:00:00Z,ADAUSDT,-0.00004297
2025-10-22T16:00:00Z,ADAUSDT,0.00001884
2025-10-23T00:00:00Z,ADAUSDT,0.00007621
2025-10-23T08:00:00Z,ADAUSDT,0.00001446
2025-10-23T16:00:00Z,ADAUSDT,0.00009004
2025-10-24T00:00:00Z,ADAUSDT,0.0001
2025-10-24T08:00:00Z,ADAUSDT,0.00007114
2025-10-24T16:00:00Z,ADAUSDT,-0.00001667
2025-10-25T00:00:00Z,ADAUSDT,0.00005688
2025-10-25T08:00:00Z,ADAUSDT,-0.00008186
2025-10-25T16:00:00Z,ADAUSDT,0.00008233
2025-10-26T00:00:00Z,ADAUSDT,0.0001
2025-10-26T08:00:00Z,ADAUSDT,0.00001911
2025-10-26T16:00:00Z,ADAUSDT,-0.00000138
2025-10-27T00:00:00Z,ADAUSDT,0.00003847
2025-10-27T08:00:00Z,ADAUSDT,-0.00001214
2025-10-27T16:00:00Z,ADAUSDT,0.0001
2025-10-28T00:00:00Z,ADAUSDT,0.00004037
2025-10-28T08:00:00Z,ADAUSDT,0.0001
2025-10-28T16:00:00Z,ADAUSDT,0.00000278
2025-10-29T00:00:00Z,ADAUSDT,-0.00004333
2025-10-29T08:00:00Z,ADAUSDT,-0.00011019
2025-10-29T16:00:00Z,ADAUSDT,0.00009297
2025-10-30T00:00:00Z,ADAUSDT,0.00009723
2025-10-30T08:00:00Z,ADAUSDT,-0.00001067
2025-10-30T16:00:00Z,ADAUSDT,-0.00002069
2025-10-31T00:00:00Z,ADAUSDT,-0.00010784
2025-10-31T08:00:00Z,ADAUSDT,-0.00007921
2025-10-31T16:00:00Z,ADAUSDT,-0.00001707
2025-11-01T00:00:00Z,ADAUSDT,-0.00000831
2025-11-01T08:00:00Z,ADAUSDT,0.00005873
2025-11-01T16:00:00Z,ADAUSDT,0.00005109
2025-11-02T00:00:00Z,ADAUSDT,0.00001812
2025-11-02T08:00:00Z,ADAUSDT,0.00001394
2025-11-02T16:00:00Z,ADAUSDT,-0.0000671
2025-11-03T00:00:00Z,ADAUSDT,-0.00003661
2025-11-03T08:00:00Z,ADAUSDT,-0.00011345
2025-11-03T16:00:00Z,ADAUSDT,0.00002859
2025-11-04T00:00:00Z,ADAUSDT,0.00003815
2025-11-04T08:00:00Z,ADAUSDT,0.0000519
2025-11-04T16:00:00Z,ADAUSDT,0.00004927
2025-11-05T00:00:00Z,ADAUSDT,0.0001
2025-11-05T08:00:00Z,ADAUSDT,0.0001
2025-11-05T16:00:00Z,ADAUSDT,0.0001
2025-11-06T00:00:00Z,ADAUSDT,0.0001
2025-11-06T08:00:00Z,ADAUSDT,-0.00000079
2025-11-06T16:00:00Z,ADAUSDT,-0.00000876
2025-11-07T00:00:00Z,ADAUSDT,0.00009902
2025-11-07T08:00:00Z,ADAUSDT,0.0001
2025-11-07T16:00:00Z,ADAUSDT,-0.0000215
2025-11-08T00:00:00Z,ADAUSDT,-0.00000038
2025-11-08T08:00:00Z,ADAUSDT,0.00007387
2025-11-08T16:00:00Z,ADAUSDT,0.00005479
2025-11-09T00:00:00Z,ADAUSDT,-0.00011845
2025-11-09T08:00:00Z,ADAUSDT,0.00000278
2025-11-09T16:00:00Z,ADAUSDT,-0.00002088
2025-11-10T00:00:00Z,ADAUSDT,0.00006427
2025-11-10T08:00:00Z,ADAUSDT,0.00000877
2025-11-10T16:00:00Z,ADAUSDT,0.0000195
2025-11-11T00:00:00Z,ADAUSDT,0.00002802
2025-11-11T08:00:00Z,ADAUSDT,-0.00005736
2025-11-11T16:00:00Z,ADAUSDT,0.00004562
2025-11-12T00:00:00Z,ADAUSDT,0.00000302
2025-11-12T08:00:00Z,ADAUSDT,-0.00008052
2025-11-12T16:00:00Z,ADAUSDT,0.0001
2025-11-13T00:00:00Z,ADAUSDT,-0.00003674
2025-11-13T08:00:00Z,ADAUSDT,0.00003251
2025-11-13T16:00:00Z,ADAUSDT,0.0001
2025-11-14T00:00:00Z,ADAUSDT,-0.00007593
2025-11-14T08:00:00Z,ADAUSDT,0.00005295
2025-11-14T16:00:00Z,ADAUSDT,0.0001
2025-11-15T00:00:00Z,ADAUSDT,-0.00000445
2025-11-15T08:00:00Z,ADAUSDT,0.00005171
2025-11-15T16:00:00Z,ADAUSDT,0.0001
2025-11-16T00:00:00Z,ADAUSDT,-0.00002628
2025-11-16T08:00:00Z,ADAUSDT,0.00005407
2025-11-16T16:00:00Z,ADAUSDT,0.00002741
2025-11-17T00:00:00Z,ADAUSDT,0.0001
2025-11-17T08:00:00Z,ADAUSDT,0.00005022
2025-11-17T16:00:00Z,ADAUSDT,0.0001
2025-11-18T00:00:00Z,ADAUSDT,0.0001
2025-11-18T08:00:00Z,ADAUSDT,0.0001
2025-11-18T16:00:00Z,ADAUSDT,0.0001
2025-11-19T00:00:00Z,ADAUSDT,-0.00002229
2025-11-19T08:00:00Z,ADAUSDT,0.0001
2025-11-19T16:00:00Z,ADAUSDT,-0.000042
2025-11-20T00:00:00Z,ADAUSDT,0.0001
2025-11-20T08:00:00Z,ADAUSDT,0.0001
2025-11-20T16:00:00Z,ADAUSDT,0.0001
2025-11-21T00:00:00Z,ADAUSDT,-0.00000412
2025-11-21T08:00:00Z,ADAUSDT,0.0001
2025-11-21T16:00:00Z,ADAUSDT,0.00004176
2025-11-22T00:00:00Z,ADAUSDT,-0.00003156
2025-11-22T08:00:00Z,ADAUSDT,0.00000901
2025-11-22T16:00:00Z,ADAUSDT,-0.00001538
2025-11-23T00:00:00Z,ADAUSDT,0.00004869
2025-11-23T08:00:00Z,ADAUSDT,0.000046
2025-11-23T16:00:00Z,ADAUSDT,-0.00004758
2025-11-24T00:00:00Z,ADAUSDT,-0.0001014
2025-11-24T08:00:00Z,ADAUSDT,-0.00002293
2025-11-24T16:00:00Z,ADAUSDT,0.00004767
2025-11-25T00:00:00Z,ADAUSDT,-0.00001529
2025-11-25T08:00:00Z,ADAUSDT,0.0001
2025-11-25T16:00:00Z,ADAUSDT,0.00000967
2025-11-26T00:00:00Z,ADAUSDT,0.0001
2025-11-26T08:00:00Z,ADAUSDT,0.0001
2025-11-26T16:00:00Z,ADAUSDT,0.00000201
2025-11-27T00:00:00Z,ADAUSDT,0.0001
2025-11-27T08:00:00Z,ADAUSDT,0.00004258
2025-11-27T16:00:00Z,ADAUSDT,-0.00002276
2025-11-28T00:00:00Z,ADAUSDT,0.00001805
2025-11-28T08:00:00Z,ADAUSDT,-0.00009473
2025-11-28T16:00:00Z,ADAUSDT,0.00001015
2025-11-29T00:00:00Z,ADAUSDT,-0.00002202
2025-11-29T08:00:00Z,ADAUSDT,-0.00001492
2025-11-29T16:00:00Z,ADAUSDT,0.00001861
2025-11-30T00:00:00Z,ADAUSDT,0.00008858
2025-11-30T08:00:00Z,ADAUSDT,-0.00008426
2025-11-30T16:00:00Z,ADAUSDT,0.0001
2025-12-01T00:00:00Z,ADAUSDT,0.0000216
2025-12-01T08:00:00Z,ADAUSDT,-0.00012576
2025-12-01T16:00:00Z,ADAUSDT,-0.00002207
2025-12-02T00:00:00Z,ADAUSDT,-0.00008589
2025-12-02T08:00:00Z,ADAUSDT,-0.00006098
2025-12-02T16:00:00Z,ADAUSDT,-0.00001234
2025-12-03T00:00:00Z,ADAUSDT,0.0001
2025-12-03T08:00:00Z,ADAUSDT,0.0001
2025-12-03T16:00:00Z,ADAUSDT,-0.00000225
2025-12-04T00:00:00Z,ADAUSDT,0.00000384
2025-12-04T08:00:00Z,ADAUSDT,0.0001
2025-12-04T16:00:00Z,ADAUSDT,0.00002264
2025-12-05T00:00:00Z,ADAUSDT,0.00003813
2025-12-05T08:00:00Z,ADAUSDT,0.00007002
2025-12-05T16:00:00Z,ADAUSDT,-0.00002492
2025-12-06T00:00:00Z,ADAUSDT,-0.00002316
2025-12-06T08:00:00Z,ADAUSDT,-0.00004867
2025-12-06T16:00:00Z,ADAUSDT,0.00001987
2025-12-07T00:00:00Z,ADAUSDT,0.00002567
2025-12-07T08:00:00Z,ADAUSDT,0.0001
2025-12-07T16:00:00Z,ADAUSDT,-0.00006647
2025-12-08T00:00:00Z,ADAUSDT,0.00003973
2025-12-08T08:00:00Z,ADAUSDT,0.00000935
2025-12-08T16:00:00Z,ADAUSDT,0.0001
2025-12-09T00:00:00Z,ADAUSDT,-0.00000786
2025-12-09T08:00:00Z,ADAUSDT,0.0000311
2025-12-09T16:00:00Z,ADAUSDT,-0.00004421
2025-12-10T00:00:00Z,ADAUSDT,0.0001
2025-12-10T08:00:00Z,ADAUSDT,-0.00012732
2025-12-10T16:00:00Z,ADAUSDT,-0.00013692
2025-12-11T00:00:00Z,ADAUSDT,-0.00000363
2025-12-11T08:00:00Z,ADAUSDT,0.00005579
2025-12-11T16:00:00Z,ADAUSDT,-0.0000108
2025-12-12T00:00:00Z,ADAUSDT,-0.00000416
2025-12-12T08:00:00Z,ADAUSDT,-0.00006168
2025-12-12T16:00:00Z,ADAUSDT,0.00001482
2025-12-13T00:00:00Z,ADAUSDT,-0.00001706
2025-12-13T08:00:00Z,ADAUSDT,0.00008438
2025-12-13T16:00:00Z,ADAUSDT,0.0001
2025-12-14T00:00:00Z,ADAUSDT,0.00004905
2025-12-14T08:00:00Z,ADAUSDT,0.00001453
2025-12-14T16:00:00Z,ADAUSDT,0.00006302
2025-12-15T00:00:00Z,ADAUSDT,-0.00003634
2025-12-15T08:00:00Z,ADAUSDT,0.000038
2025-12-15T16:00:00Z,ADAUSDT,0.00005745
2025-12-16T00:00:00Z,ADAUSDT,-0.00006528
2025-12-16T08:00:00Z,ADAUSDT,-0.00006477
2025-12-16T16:00:00Z,ADAUSDT,-0.00003849
2025-12-17T00:00:00Z,ADAUSDT,-0.00002178
2025-12-17T08:00:00Z,ADAUSDT,0.00009155
2025-12-17T16:00:00Z,ADAUSDT,0.00004822
2025-12-18T00:00:00Z,ADAUSDT,-0.00008935
2025-12-18T08:00:00Z,ADAUSDT,0.0000097
2025-12-18T16:00:00Z,ADAUSDT,0.0001
2025-12-19T00:00:00Z,ADAUSDT,-0.00003328
2025-12-19T08:00:00Z,ADAUSDT,0.00007593
2025-12-19T16:00:00Z,ADAUSDT,0.00004674
2025-12-20T00:00:00Z,ADAUSDT,0.0001
2025-12-20T08:00:00Z,ADAUSDT,0.00001753
2025-12-20T16:00:00Z,ADAUSDT,0.00005007
2025-12-21T00:00:00Z,ADAUSDT,0.00001455
2025-12-21T08:00:00Z,ADAUSDT,-0.00008855
2025-12-21T16:00:00Z,ADAUSDT,-0.00014386
2025-12-22T00:00:00Z,ADAUSDT,0.00000733
2025-12-22T08:00:00Z,ADAUSDT,-0.00000095
2025-12-22T16:00:00Z,ADAUSDT,0.00001751
2025-12-23T00:00:00Z,ADAUSDT,-0.00005727
2025-12-23T08:00:00Z,ADAUSDT,0.00001799
2025-12-23T16:00:00Z,ADAUSDT,0.00004706
2025-12-24T00:00:00Z,ADAUSDT,0.0001
2025-12-24T08:00:00Z,ADAUSDT,-0.00005783
2025-12-24T16:00:00Z,ADAUSDT,-0.00007836
2025-12-25T00:00:00Z,ADAUSDT,-0.00002293
2025-12-25T08:00:00Z,ADAUSDT,0.00002131
2025-12-25T16:00:00Z,ADAUSDT,-0.00004202
2025-12-26T00:00:00Z,ADAUSDT,0.0000092
2025-12-26T08:00:00Z,ADAUSDT,0.0001
2025-12-26T16:00:00Z,ADAUSDT,0.00008924
2025-12-27T00:00:00Z,ADAUSDT,0.00006692
2025-12-27T08:00:00Z,ADAUSDT,0.00009837
2025-12-27T16:00:00Z,ADAUSDT,0.00009113
2025-12-28T00:00:00Z,ADAUSDT,0.00000712
2025-12-28T08:00:00Z,ADAUSDT,0.00001105
2025-12-28T16:00:00Z,ADAUSDT,0.00005354
2025-12-29T00:00:00Z,ADAUSDT,0.0001
2025-12-29T08:00:00Z,ADAUSDT,0.00008252
2025-12-29T16:00:00Z,ADAUSDT,0.00005543
2025-12-30T00:00:00Z,ADAUSDT,0.00006231
2025-12-30T08:00:00Z,ADAUSDT,0.00006261
2025-12-30T16:00:00Z,ADAUSDT,0.00004699
2025-12-31T00:00:00Z,ADAUSDT,0.00001058
2025-12-31T08:00:00Z,ADAUSDT,0.0001
2025-12-31T16:00:00Z,ADAUSDT,0.00008342
2026-01-01T00:00:00Z,ADAUSDT,-0.00003591
2026-01-01T08:00:00Z,ADAUSDT,0.00007894
2026-01-01T16:00:00Z,ADAUSDT,0.00008771
2026-01-02T00:00:00Z,ADAUSDT,0.0001
2026-01-02T08:00:00Z,ADAUSDT,0.00004023
2026-01-02T16:00:00Z,ADAUSDT,0.0001
2026-01-03T00:00:00Z,ADAUSDT,0.0001
2026-01-03T08:00:00Z,ADAUSDT,0.0001
2026-01-03T16:00:00Z,ADAUSDT,0.0001
2026-01-04T00:00:00Z,ADAUSDT,0.0001
2026-01-04T08:00:00Z,ADAUSDT,-0.00001061
2026-01-04T16:00:00Z,ADAUSDT,0.00009161
2026-01-05T00:00:00Z,ADAUSDT,0.0001
2026-01-05T08:00:00Z,ADAUSDT,-0.00002747
2026-01-05T16:00:00Z,ADAUSDT,0.0001
2026-01-06T00:00:00Z,ADAUSDT,0.0000349
2026-01-06T08:00:00Z,ADAUSDT,-0.00008924
2026-01-06T16:00:00Z,ADAUSDT,-0.00000574
2026-01-07T00:00:00Z,ADAUSDT,0.0001
2026-01-07T08:00:00Z,ADAUSDT,0.0001
2026-01-07T16:00:00Z,ADAUSDT,-0.00010166
2026-01-08T00:00:00Z,ADAUSDT,0.00006334
2026-01-08T08:00:00Z,ADAUSDT,0.00009406
2026-01-08T16:00:00Z,ADAUSDT,0.0001
2026-01-09T00:00:00Z,ADAUSDT,0.00000718
2026-01-09T08:00:00Z,ADAUSDT,-0.00000627
2026-01-09T16:00:00Z,ADAUSDT,0.00001251
2026-01-10T00:00:00Z,ADAUSDT,-0.00004223
2026-01-10T08:00:00Z,ADAUSDT,0.00000018
2026-01-10T16:00:00Z,ADAUSDT,0.0001
2026-01-11T00:00:00Z,ADAUSDT,-0.00001476
2026-01-11T08:00:00Z,ADAUSDT,0.0001
2026-01-11T16:00:00Z,ADAUSDT,0.0001
2026-01-12T00:00:00Z,ADAUSDT,-0.00012757
2026-01-12T08:00:00Z,ADAUSDT,-0.00002357
2026-01-12T16:00:00Z,ADAUSDT,0.00008401
2026-01-13T00:00:00Z,ADAUSDT,-0.00011673
2026-01-13T08:00:00Z,ADAUSDT,0.0001
2026-01-13T16:00:00Z,ADAUSDT,0.0001
2026-01-14T00:00:00Z,ADAUSDT,0.0001
2026-01-14T08:00:00Z,ADAUSDT,0.0001
2026-01-14T16:00:00Z,ADAUSDT,0.0001
2026-01-15T00:00:00Z,ADAUSDT,0.00000783
2026-01-15T08:00:00Z,ADAUSDT,-0.00007597
2026-01-15T16:00:00Z,ADAUSDT,-0.00000751
2026-01-16T00:00:00Z,ADAUSDT,-0.00001763
2026-01-16T08:00:00Z,ADAUSDT,0.0000459
2026-01-16T16:00:00Z,ADAUSDT,-0.00005714
2026-01-17T00:00:00Z,ADAUSDT,0.0001
2026-01-17T08:00:00Z,ADAUSDT,0.0001
2026-01-17T16:00:00Z,ADAUSDT,0.00004989
2026-01-18T00:00:00Z,ADAUSDT,0.00003755
2026-01-18T08:00:00Z,ADAUSDT,-0.00002632
2026-01-18T16:00:00Z,ADAUSDT,-0.00005237
2026-01-19T00:00:00Z,ADAUSDT,0.00004048
2026-01-19T08:00:00Z,ADAUSDT,-0.00010678
2026-01-19T16:00:00Z,ADAUSDT,0.00003567
2026-01-20T00:00:00Z,ADAUSDT,0.0001
2026-01-20T08:00:00Z,ADAUSDT,-0.00001688
2026-01-20T16:00:00Z,ADAUSDT,0.00002341
2026-01-21T00:00:00Z,ADAUSDT,-0.00005946
2026-01-21T08:00:00Z,ADAUSDT,0.0001
2026-01-21T16:00:00Z,ADAUSDT,0.00003563
2026-01-22T00:00:00Z,ADAUSDT,0.0001
2026-01-22T08:00:00Z,ADAUSDT,0.00005788
2026-01-22T16:00:00Z,ADAUSDT,-0.00008592
2026-01-23T00:00:00Z,ADAUSDT,-0.00012331
2026-01-23T08:00:00Z,ADAUSDT,0.0001
2026-01-23T16:00:00Z,ADAUSDT,0.00000472
2026-01-24T00:00:00Z,ADAUSDT,0.00001021
2026-01-24T08:00:00Z,ADAUSDT,0.0001
2026-01-24T16:00:00Z,ADAUSDT,0.00006371
2026-01-25T00:00:00Z,ADAUSDT,0.0001
2026-01-25T08:00:00Z,ADAUSDT,0.00001933
2026-01-25T16:00:00Z,ADAUSDT,-0.00013039
2026-01-26T00:00:00Z,ADAUSDT,-0.00010006
2026-01-26T08:00:00Z,ADAUSDT,0.0001
2026-01-26T16:00:00Z,ADAUSDT,0.00008041
2026-01-27T00:00:00Z,ADAUSDT,0.00007586
2026-01-27T08:00:00Z,ADAUSDT,0.0001
2026-01-27T16:00:00Z,ADAUSDT,0.00001209
2026-01-28T00:00:00Z,ADAUSDT,0.0001
2026-01-28T08:00:00Z,ADAUSDT,0.0001
2026-01-28T16:00:00Z,ADAUSDT,0.0001
2026-01-29T00:00:00Z,ADAUSDT,0.0001
2026-01-29T08:00:00Z,ADAUSDT,0.00000225
2026-01-29T16:00:00Z,ADAUSDT,-0.00011622
2026-01-30T00:00:00Z,ADAUSDT,0.00000909
2026-01-30T08:00:00Z,ADAUSDT,-0.00009766
2026-01-30T16:00:00Z,ADAUSDT,0.00005023
2026-01-31T00:00:00Z,ADAUSDT,0.0001
2026-01-31T08:00:00Z,ADAUSDT,0.0001
2026-01-31T16:00:00Z,ADAUSDT,-0.0000351
2026-02-01T00:00:00Z,ADAUSDT,-0.00018754
2026-02-01T08:00:00Z,ADAUSDT,-0.00002771
2026-02-01T16:00:00Z,ADAUSDT,0.00000533
2026-02-02T00:00:00Z,ADAUSDT,0.00003166
2026-02-02T08:00:00Z,ADAUSDT,0.00004735
2026-02-02T16:00:00Z,ADAUSDT,-0.00014293
2026-02-03T00:00:00Z,ADAUSDT,-0.0002012
2026-02-03T08:00:00Z,ADAUSDT,0.00000063
2026-02-03T16:00:00Z,ADAUSDT,-0.00007262
2026-02-04T00:00:00Z,ADAUSDT,0.00007547
2026-02-04T08:00:00Z,ADAUSDT,0.0001
2026-02-04T16:00:00Z,ADAUSDT,0.00000774
2026-02-05T00:00:00Z,ADAUSDT,-0.00007897
2026-02-05T08:00:00Z,ADAUSDT,0.00002342
2026-02-05T16:00:00Z,ADAUSDT,0.00006613
2026-02-06T00:00:00Z,ADAUSDT,-0.00019844
2026-02-06T08:00:00Z,ADAUSDT,-0.00002681
2026-02-06T16:00:00Z,ADAUSDT,-0.00004123
2026-02-07T00:00:00Z,ADAUSDT,-0.00007955
2026-02-07T08:00:00Z,ADAUSDT,-0.00001643
2026-02-07T16:00:00Z,ADAUSDT,0.00007323
2026-02-08T00:00:00Z,ADAUSDT,0.0001
2026-02-08T08:00:00Z,ADAUSDT,-0.000061
2026-02-08T16:00:00Z,ADAUSDT,-0.00001762
2026-02-09T00:00:00Z,ADAUSDT,-0.00009428
2026-02-09T08:00:00Z,ADAUSDT,-0.00012207
2026-02-09T16:00:00Z,ADAUSDT,-0.00010586
2026-02-10T00:00:00Z,ADAUSDT,0.0001
2026-02-10T08:00:00Z,ADAUSDT,0.00003666
2026-02-10T16:00:00Z,ADAUSDT,-0.00008965
2026-02-11T00:00:00Z,ADAUSDT,-0.00005318
2026-02-11T08:00:00Z,ADAUSDT,-0.00006058
2026-02-11T16:00:00Z,ADAUSDT,-0.00004825
2026-02-12T00:00:00Z,ADAUSDT,0.0001
2026-02-12T08:00:00Z,ADAUSDT,0.0001
2026-02-12T16:00:00Z,ADAUSDT,0.0001
2026-02-13T00:00:00Z,ADAUSDT,0.00000301
2026-02-13T08:00:00Z,ADAUSDT,-0.00001738
2026-02-13T16:00:00Z,ADAUSDT,0.00001955
2026-02-14T00:00:00Z,ADAUSDT,0.0001
2026-02-14T08:00:00Z,ADAUSDT,0.0001
2026-02-14T16:00:00Z,ADAUSDT,0.0001
2026-02-15T00:00:00Z,ADAUSDT,0.0001
2026-02-15T08:00:00Z,ADAUSDT,-0.00000036
2026-02-15T16:00:00Z,ADAUSDT,-0.00008068
2026-02-16T00:00:00Z,ADAUSDT,-0.00000439
2026-02-16T08:00:00Z,ADAUSDT,0.0000694
2026-02-16T16:00:00Z,ADAUSDT,-0.00015353
2026-02-17T00:00:00Z,ADAUSDT,0.00002935
2026-02-17T08:00:00Z,ADAUSDT,-0.00002833
2026-02-17T16:00:00Z,ADAUSDT,-0.00005407
2026-02-18T00:00:00Z,ADAUSDT,-0.00000657
2026-02-18T08:00:00Z,ADAUSDT,-0.0000725
2026-02-18T16:00:00Z,ADAUSDT,-0.00011111
2026-02-19T00:00:00Z,ADAUSDT,0.0000241
2026-02-19T08:00:00Z,ADAUSDT,0.00007184
2026-02-19T16:00:00Z,ADAUSDT,-0.00009352
2026-02-20T00:00:00Z,ADAUSDT,0.0001
2026-02-20T08:00:00Z,ADAUSDT,-0.00003172
2026-02-20T16:00:00Z,ADAUSDT,0.0001
2026-02-21T00:00:00Z,ADAUSDT,-0.00005
2026-02-21T08:00:00Z,ADAUSDT,0.0001
2026-02-21T16:00:00Z,ADAUSDT,-0.00004481
2026-02-22T00:00:00Z,ADAUSDT,-0.00012867
2026-02-22T08:00:00Z,ADAUSDT,-0.00014141
2026-02-22T16:00:00Z,ADAUSDT,-0.00008032
2026-02-23T00:00:00Z,ADAUSDT,-0.0001245
2026-02-23T08:00:00Z,ADAUSDT,-0.00003605
2026-02-23T16:00:00Z,ADAUSDT,0.0000794
2026-02-24T00:00:00Z,ADAUSDT,0.00007884
2026-02-24T08:00:00Z,ADAUSDT,-0.00001511
2026-02-24T16:00:00Z,ADAUSDT,0.00005148
2026-02-25T00:00:00Z,ADAUSDT,0.0001
2026-02-25T08:00:00Z,ADAUSDT,-0.00002572
2026-02-25T16:00:00Z,ADAUSDT,0.0001
2026-02-26T00:00:00Z,ADAUSDT,0.0001
2026-02-26T08:00:00Z,ADAUSDT,-0.00003512
2026-02-26T16:00:00Z,ADAUSDT,0.00001414
2026-02-27T00:00:00Z,ADAUSDT,0.00002677
2026-02-27T08:00:00Z,ADAUSDT,0.0001
2026-02-27T16:00:00Z,ADAUSDT,-0.00013099
2026-02-28T00:00:00Z,ADAUSDT,0.00001489
2026-02-28T08:00:00Z,ADAUSDT,-0.0000627
2026-02-28T16:00:00Z,ADAUSDT,0.00000518
2026-03-01T00:00:00Z,ADAUSDT,0.00003835
2026-03-01T08:00:00Z,ADAUSDT,0.0001
2026-03-01T16:00:00Z,ADAUSDT,0.00003358
2026-03-02T00:00:00Z,ADAUSDT,0.0001
2026-03-02T08:00:00Z,ADAUSDT,0.0001
2026-03-02T16:00:00Z,ADAUSDT,0.00005127
2026-03-03T00:00:00Z,ADAUSDT,-0.00006712
2026-03-03T08:00:00Z,ADAUSDT,-0.00008733
2026-03-03T16:00:00Z,ADAUSDT,-0.00001417
2026-03-04T00:00:00Z,ADAUSDT,-0.00006639
2026-03-04T08:00:00Z,ADAUSDT,-0.00012192
2026-03-04T16:00:00Z,ADAUSDT,0.0001
2026-03-05T00:00:00Z,ADAUSDT,0.0001
2026-03-05T08:00:00Z,ADAUSDT,0.0001
2026-03-05T16:00:00Z,ADAUSDT,0.00009016
2026-03-06T00:00:00Z,ADAUSDT,0.0001
2026-03-06T08:00:00Z,ADAUSDT,0.00003675
2026-03-06T16:00:00Z,ADAUSDT,-0.00023433
2026-03-07T00:00:00Z,ADAUSDT,-0.00008418
2026-03-07T08:00:00Z,ADAUSDT,-0.00004729
2026-03-07T16:00:00Z,ADAUSDT,-0.00020944
2026-03-08T00:00:00Z,ADAUSDT,-0.00010043
2026-03-08T08:00:00Z,ADAUSDT,-0.0000378
2026-03-08T16:00:00Z,ADAUSDT,-0.00008903
2026-03-09T00:00:00Z,ADAUSDT,-0.00003785
2026-03-09T08:00:00Z,ADAUSDT,0.00005659
2026-03-09T16:00:00Z,ADAUSDT,0.00009111
2026-03-10T00:00:00Z,ADAUSDT,-0.00001536
2026-03-10T08:00:00Z,ADAUSDT,0.0001
2026-03-10T16:00:00Z,ADAUSDT,0.0001
2026-03-11T00:00:00Z,ADAUSDT,0.00003591
2026-03-11T08:00:00Z,ADAUSDT,-0.00006778
2026-03-11T16:00:00Z,ADAUSDT,0.0000864
2026-03-12T00:00:00Z,ADAUSDT,0.0001
2026-03-12T08:00:00Z,ADAUSDT,-0.00009454
2026-03-12T16:00:00Z,ADAUSDT,0.00008081
2026-03-13T00:00:00Z,ADAUSDT,0.00002375
2026-03-13T08:00:00Z,ADAUSDT,0.0001
2026-03-13T16:00:00Z,ADAUSDT,0.0001
2026-03-14T00:00:00Z,ADAUSDT,0.00004802
2026-03-14T08:00:00Z,ADAUSDT,-0.00005289
2026-03-14T16:00:00Z,ADAUSDT,-0.00016814
2026-03-15T00:00:00Z,ADAUSDT,-0.00002462
2026-03-15T08:00:00Z,ADAUSDT,0.00008528
2026-03-15T16:00:00Z,ADAUSDT,0.00009695
2026-03-16T00:00:00Z,ADAUSDT,0.00001609
2026-03-16T08:00:00Z,ADAUSDT,0.0001
2026-03-16T16:00:00Z,ADAUSDT,0.0001
2026-03-17T00:00:00Z,ADAUSDT,0.00008135
2026-03-17T08:00:00Z,ADAUSDT,-0.00005704
2026-03-17T16:00:00Z,ADAUSDT,0.00006163
2026-03-18T00:00:00Z,ADAUSDT,-0.00006282
2026-03-18T08:00:00Z,ADAUSDT,-0.00000412
2026-03-18T16:00:00Z,ADAUSDT,-0.00008913
2026-03-19T00:00:00Z,ADAUSDT,-0.00001184
2026-03-19T08:00:00Z,ADAUSDT,-0.00011697
2026-03-19T16:00:00Z,ADAUSDT,-0.0001104
2026-03-20T00:00:00Z,ADAUSDT,0.00003405
2026-03-20T08:00:00Z,ADAUSDT,0.00000972
2026-03-20T16:00:00Z,ADAUSDT,0.00000931
2026-03-21T00:00:00Z,ADAUSDT,0.00003855
2026-03-21T08:00:00Z,ADAUSDT,0.0001
2026-03-21T16:00:00Z,ADAUSDT,-0.00001287
2026-03-22T00:00:00Z,ADAUSDT,-0.00002625
2026-03-22T08:00:00Z,ADAUSDT,-0.0001325
2026-03-22T16:00:00Z,ADAUSDT,-0.00023653
2026-03-23T00:00:00Z,ADAUSDT,0.00004959
2026-03-23T08:00:00Z,ADAUSDT,-0.00004997
2026-03-23T16:00:00Z,ADAUSDT,0.00007602
2026-03-24T00:00:00Z,ADAUSDT,0.00007393
2026-03-24T08:00:00Z,ADAUSDT,0.00006144
2026-03-24T16:00:00Z,ADAUSDT,0.0000413
2026-03-25T00:00:00Z,ADAUSDT,0.0001
2026-03-25T08:00:00Z,ADAUSDT,0.000011
2026-03-25T16:00:00Z,ADAUSDT,0.0001
2026-03-26T00:00:00Z,ADAUSDT,0.0001
2026-03-26T08:00:00Z,ADAUSDT,0.0000379
2026-03-26T16:00:00Z,ADAUSDT,-0.00006952
2026-03-27T00:00:00Z,ADAUSDT,0.0001
2026-03-27T08:00:00Z,ADAUSDT,-0.00000213
2026-03-27T16:00:00Z,ADAUSDT,-0.00009008
2026-03-28T00:00:00Z,ADAUSDT,-0.00013054
2026-03-28T08:00:00Z,ADAUSDT,0.00001218
2026-03-28T16:00:00Z,ADAUSDT,-0.00004216
2026-03-29T00:00:00Z,ADAUSDT,-0.00001086
2026-03-29T08:00:00Z,ADAUSDT,0.0001
2026-03-29T16:00:00Z,ADAUSDT,0.00006001
2026-03-30T00:00:00Z,ADAUSDT,0.00003885
2026-03-30T08:00:00Z,ADAUSDT,-0.00007432
2026-03-30T16:00:00Z,ADAUSDT,0.00006786
2026-03-31T00:00:00Z,ADAUSDT,0.00004355
2026-03-31T08:00:00Z,ADAUSDT,-0.00004331
2026-03-31T16:00:00Z,ADAUSDT,-0.00002768
2026-04-01T00:00:00Z,ADAUSDT,-0.00021591
2026-04-01T08:00:00Z,ADAUSDT,0.0001
2026-04-01T16:00:00Z,ADAUSDT,0.0001
2026-04-02T00:00:00Z,ADAUSDT,0.0001
2026-04-02T08:00:00Z,ADAUSDT,-0.00018974
2026-04-02T16:00:00Z,ADAUSDT,-0.00008573
2026-04-03T00:00:00Z,ADAUSDT,0.00000032
2026-04-03T08:00:00Z,ADAUSDT,0.0001
2026-04-03T16:00:00Z,ADAUSDT,0.0001
2026-04-04T00:00:00Z,ADAUSDT,0.0001
2026-04-04T08:00:00Z,ADAUSDT,0.0001
2026-04-04T16:00:00Z,ADAUSDT,0.0001
2026-04-05T00:00:00Z,ADAUSDT,0.0001
2026-04-05T08:00:00Z,ADAUSDT,-0.0000617
2026-04-05T16:00:00Z,ADAUSDT,0.00006036
2026-04-06T00:00:00Z,ADAUSDT,0.0001
2026-04-06T08:00:00Z,ADAUSDT,0.0001
2026-04-06T16:00:00Z,ADAUSDT,0.0001
2026-04-07T00:00:00Z,ADAUSDT,0.0001
2026-04-07T08:00:00Z,ADAUSDT,-0.00004869
2026-04-07T16:00:00Z,ADAUSDT,-0.00022736
2026-04-08T00:00:00Z,ADAUSDT,0.0001
2026-04-08T08:00:00Z,ADAUSDT,0.0001
2026-04-08T16:00:00Z,ADAUSDT,0.0001
2026-04-09T00:00:00Z,ADAUSDT,0.0001
2026-04-09T08:00:00Z,ADAUSDT,-0.00001376
2026-04-09T16:00:00Z,ADAUSDT,0.0000823
2026-04-10T00:00:00Z,ADAUSDT,0.0001
2026-04-10T08:00:00Z,ADAUSDT,-0.00003037
2026-04-10T16:00:00Z,ADAUSDT,0.0001
2026-04-11T00:00:00Z,ADAUSDT,0.0001
2026-04-11T08:00:00Z,ADAUSDT,0.00004003
2026-04-11T16:00:00Z,ADAUSDT,-0.0000426
2026-04-12T00:00:00Z,ADAUSDT,0.0001
2026-04-12T08:00:00Z,ADAUSDT,-0.00013903
2026-04-12T16:00:00Z,ADAUSDT,0.00003233
2026-04-13T00:00:00Z,ADAUSDT,0.00008188
2026-04-13T08:00:00Z,ADAUSDT,-0.00001649
2026-04-13T16:00:00Z,ADAUSDT,-0.00005479
2026-04-14T00:00:00Z,ADAUSDT,0.0001
2026-04-14T08:00:00Z,ADAUSDT,0.0001
2026-04-14T16:00:00Z,ADAUSDT,0.0001
2026-04-15T00:00:00Z,ADAUSDT,-0.00005738
2026-04-15T08:00:00Z,ADAUSDT,-0.0001499
2026-04-15T16:00:00Z,ADAUSDT,0.0001
2026-04-16T00:00:00Z,ADAUSDT,0.0001
2026-04-16T08:00:00Z,ADAUSDT,0.0001
2026-04-16T16:00:00Z,ADAUSDT,0.0001
2026-04-17T00:00:00Z,ADAUSDT,0.00007541
2026-04-17T08:00:00Z,ADAUSDT,0.0000572
2026-04-17T16:00:00Z,ADAUSDT,0.0001
2026-04-18T00:00:00Z,ADAUSDT,0.0001
2026-04-18T08:00:00Z,ADAUSDT,-0.00010454
2026-04-18T16:00:00Z,ADAUSDT,-0.00007603
2026-04-19T00:00:00Z,ADAUSDT,-0.00010514
2026-04-19T08:00:00Z,ADAUSDT,-0.00013963
2026-04-19T16:00:00Z,ADAUSDT,0.00008051
2026-04-20T00:00:00Z,ADAUSDT,-0.00010654
2026-04-20T08:00:00Z,ADAUSDT,-0.00000077
2026-04-20T16:00:00Z,ADAUSDT,0.0001
2026-04-21T00:00:00Z,ADAUSDT,0.0001
2026-04-21T08:00:00Z,ADAUSDT,0.00008589
2026-04-21T16:00:00Z,ADAUSDT,0.0001
2026-04-22T00:00:00Z,ADAUSDT,0.00002546
2026-04-22T08:00:00Z,ADAUSDT,0.0001
2026-04-22T16:00:00Z,ADAUSDT,0.0001
2026-04-23T00:00:00Z,ADAUSDT,0.00002826
2026-04-23T08:00:00Z,ADAUSDT,-0.00008136
2026-04-23T16:00:00Z,ADAUSDT,0.0001
2026-04-24T00:00:00Z,ADAUSDT,0.00009241
2026-04-24T08:00:00Z,ADAUSDT,0.00008079
2026-04-24T16:00:00Z,ADAUSDT,0.0001
2026-04-25T00:00:00Z,ADAUSDT,0.00000731
2026-04-25T08:00:00Z,ADAUSDT,-0.00003711
2026-04-25T16:00:00Z,ADAUSDT,-0.00007484
2026-04-26T00:00:00Z,ADAUSDT,-0.00004196
2026-04-26T08:00:00Z,ADAUSDT,-0.00002279
2026-04-26T16:00:00Z,ADAUSDT,0.00003834
2026-04-27T00:00:00Z,ADAUSDT,-0.00007892
2026-04-27T08:00:00Z,ADAUSDT,-0.00004465
2026-04-27T16:00:00Z,ADAUSDT,-0.00006393
2026-04-28T00:00:00Z,ADAUSDT,-0.00000273
2026-04-28T08:00:00Z,ADAUSDT,0.00007851
2026-04-28T16:00:00Z,ADAUSDT,0.00002422
2026-04-29T00:00:00Z,ADAUSDT,0.00005028
2026-04-29T08:00:00Z,ADAUSDT,0.0001
2026-04-29T16:00:00Z,ADAUSDT,0.00004727
2026-04-30T00:00:00Z,ADAUSDT,-0.0001079
2026-04-30T08:00:00Z,ADAUSDT,0.0001
2026-04-30T16:00:00Z,ADAUSDT,0.0001
2026-05-01T00:00:00Z,ADAUSDT,0.0001
2026-05-01T08:00:00Z,ADAUSDT,0.0001
2026-05-01T16:00:00Z,ADAUSDT,0.0001
2026-05-02T00:00:00Z,ADAUSDT,0.00007776
2026-05-02T08:00:00Z,ADAUSDT,0.00003794
2026-05-02T16:00:00Z,ADAUSDT,0.0001
2026-05-03T00:00:00Z,ADAUSDT,0.0000551
2026-05-03T08:00:00Z,ADAUSDT,-0.00009289
2026-05-03T16:00:00Z,ADAUSDT,0.0001
2026-05-04T00:00:00Z,ADAUSDT,0.00004796
2026-05-04T08:00:00Z,ADAUSDT,0.0001
2026-05-04T16:00:00Z,ADAUSDT,0.0001
2026-05-05T00:00:00Z,ADAUSDT,0.00007542
2026-05-05T08:00:00Z,ADAUSDT,0.00004244
2026-05-05T16:00:00Z,ADAUSDT,0.00004646
2026-05-06T00:00:00Z,ADAUSDT,-0.00000267
2026-05-06T08:00:00Z,ADAUSDT,0.00004902
2026-05-06T16:00:00Z,ADAUSDT,-0.00011145
2026-05-07T00:00:00Z,ADAUSDT,-0.00016893
2026-05-07T08:00:00Z,ADAUSDT,0.0000924
2026-05-07T16:00:00Z,ADAUSDT,-0.00003331
2026-05-08T00:00:00Z,ADAUSDT,0.0001
2026-05-08T08:00:00Z,ADAUSDT,0.00009794
2026-05-08T16:00:00Z,ADAUSDT,0.0001
2026-05-09T00:00:00Z,ADAUSDT,0.0001
2026-05-09T08:00:00Z,ADAUSDT,0.00001745
2026-05-09T16:00:00Z,ADAUSDT,0.00005968
2026-05-10T00:00:00Z,ADAUSDT,0.00007058
2026-05-10T08:00:00Z,ADAUSDT,-0.00002777
2026-05-10T16:00:00Z,ADAUSDT,0.00000546
2026-05-11T00:00:00Z,ADAUSDT,0.00007847
2026-05-11T08:00:00Z,ADAUSDT,-0.00002191
2026-05-11T16:00:00Z,ADAUSDT,0.0000129
2026-05-12T00:00:00Z,ADAUSDT,0.00002396
2026-05-12T08:00:00Z,ADAUSDT,0.0000743
2026-05-12T16:00:00Z,ADAUSDT,-0.00004447
2026-05-13T00:00:00Z,ADAUSDT,0.00005152
2026-05-13T08:00:00Z,ADAUSDT,0.00000116
2026-05-13T16:00:00Z,ADAUSDT,-0.00005572
2026-05-14T00:00:00Z,ADAUSDT,0.0001
2026-05-14T08:00:00Z,ADAUSDT,0.0000352
2026-05-14T16:00:00Z,ADAUSDT,0.00007793
2026-05-15T00:00:00Z,ADAUSDT,0.0001
2026-05-15T08:00:00Z,ADAUSDT,0.00000891
2026-05-15T16:00:00Z,ADAUSDT,-0.00010752
2026-05-16T00:00:00Z,ADAUSDT,0.0001
2026-05-16T08:00:00Z,ADAUSDT,-0.00011713
2026-05-16T16:00:00Z,ADAUSDT,0.00002316
2026-05-17T00:00:00Z,ADAUSDT,0.0001
2026-05-17T08:00:00Z,ADAUSDT,0.00000528
2026-05-17T16:00:00Z,ADAUSDT,-0.00005064
2026-05-18T00:00:00Z,ADAUSDT,0.00001279
2026-05-18T08:00:00Z,ADAUSDT,0.00002505
2026-05-18T16:00:00Z,ADAUSDT,0.0000403
2026-05-19T00:00:00Z,ADAUSDT,0.0001
2026-05-19T08:00:00Z,ADAUSDT,0.00003329
2026-05-19T16:00:00Z,ADAUSDT,0.00007873
2026-05-20T00:00:00Z,ADAUSDT,0.0001
2026-05-20T08:00:00Z,ADAUSDT,0.0001
2026-05-20T16:00:00Z,ADAUSDT,0.0001
2026-05-21T00:00:00Z,ADAUSDT,0.00001453
2026-05-21T08:00:00Z,ADAUSDT,0.00001742
2026-05-21T16:00:00Z,ADAUSDT,-0.00007093
2026-05-22T00:00:00Z,ADAUSDT,0.0001
2026-05-22T08:00:00Z,ADAUSDT,0.00005874
2026-05-22T16:00:00Z,ADAUSDT,0.00004273
2026-05-23T00:00:00Z,ADAUSDT,0.00007788
2026-05-23T08:00:00Z,ADAUSDT,-0.00011034
2026-05-23T16:00:00Z,ADAUSDT,-0.00028432
2026-05-24T00:00:00Z,ADAUSDT,0.00009392
2026-05-24T08:00:00Z,ADAUSDT,0.0001
2026-05-24T16:00:00Z,ADAUSDT,-0.00007143
2026-05-25T00:00:00Z,ADAUSDT,-0.0001247
2026-05-25T08:00:00Z,ADAUSDT,0.00007146
2026-05-25T16:00:00Z,ADAUSDT,0.0001
2026-05-26T00:00:00Z,ADAUSDT,0.0001
2026-05-26T08:00:00Z,ADAUSDT,0.00004404
2026-05-26T16:00:00Z,ADAUSDT,0.0001
2026-05-27T00:00:00Z,ADAUSDT,-0.00015
2026-05-27T08:00:00Z,ADAUSDT,0.00003253
2026-05-27T16:00:00Z,ADAUSDT,0.0000753
2026-05-28T00:00:00Z,ADAUSDT,0.00004029
2026-05-28T08:00:00Z,ADAUSDT,-0.00021182
2026-05-28T16:00:00Z,ADAUSDT,0.00008066
2026-05-29T00:00:00Z,ADAUSDT,0.00008092
2026-05-29T08:00:00Z,ADAUSDT,0.0001
2026-05-29T16:00:00Z,ADAUSDT,-0.00003486
2026-05-30T00:00:00Z,ADAUSDT,-0.00012047
2026-05-30T08:00:00Z,ADAUSDT,-0.00009075
2026-05-30T16:00:00Z,ADAUSDT,-0.00012563
2026-05-31T00:00:00Z,ADAUSDT,0.00000435
2026-05-31T08:00:00Z,ADAUSDT,-0.00004913
2026-05-31T16:00:00Z,ADAUSDT,0.0000501
2026-06-01T00:00:00Z,ADAUSDT,0.0001
2026-06-01T08:00:00Z,ADAUSDT,-0.00003071
2026-06-01T16:00:00Z,ADAUSDT,0.0000172
2026-06-02T00:00:00Z,ADAUSDT,0.0001
2026-06-02T08:00:00Z,ADAUSDT,-0.00009388
2026-06-02T16:00:00Z,ADAUSDT,-0.00012235
2026-06-03T00:00:00Z,ADAUSDT,0.00005313
2026-06-03T08:00:00Z,ADAUSDT,0.00001207
2026-06-03T16:00:00Z,ADAUSDT,0.0001
2026-06-04T00:00:00Z,ADAUSDT,-0.00008832
2026-06-04T08:00:00Z,ADAUSDT,-0.00003515
2026-06-04T16:00:00Z,ADAUSDT,-0.000093
2026-06-05T00:00:00Z,ADAUSDT,-0.00015438
2026-06-05T08:00:00Z,ADAUSDT,0.0001
2026-06-05T16:00:00Z,ADAUSDT,-0.00013197
2026-06-06T00:00:00Z,ADAUSDT,-0.00020405
2026-06-06T08:00:00Z,ADAUSDT,0.00000736
2026-06-06T16:00:00Z,ADAUSDT,-0.00006864
2026-06-07T00:00:00Z,ADAUSDT,-0.00008096
2026-06-07T08:00:00Z,ADAUSDT,-0.00007993
2026-06-07T16:00:00Z,ADAUSDT,0.00009547
2026-06-08T00:00:00Z,ADAUSDT,0.0001
2026-06-08T08:00:00Z,ADAUSDT,0.0001
2026-06-08T16:00:00Z,ADAUSDT,0.0001
2026-06-09T00:00:00Z,ADAUSDT,-0.00011055
2026-06-09T08:00:00Z,ADAUSDT,0.00007236
2026-06-09T16:00:00Z,ADAUSDT,0.00006562
2026-06-10T00:00:00Z,ADAUSDT,0.0001
2026-06-10T08:00:00Z,ADAUSDT,0.00000868
2026-06-10T16:00:00Z,ADAUSDT,-0.00008102
2026-06-11T00:00:00Z,ADAUSDT,0.00005785
2026-06-11T08:00:00Z,ADAUSDT,0.00000894
2026-06-11T16:00:00Z,ADAUSDT,0.00006872
2026-06-12T00:00:00Z,ADAUSDT,0.0001
2026-06-12T08:00:00Z,ADAUSDT,0.0001
2026-06-12T16:00:00Z,ADAUSDT,0.00002656
2026-06-13T00:00:00Z,ADAUSDT,0.00003806
2026-06-13T08:00:00Z,ADAUSDT,0.00001174
2026-06-13T16:00:00Z,ADAUSDT,0.00002819
2026-06-14T00:00:00Z,ADAUSDT,0.0000857
2026-06-14T08:00:00Z,ADAUSDT,-0.00003715
2026-06-14T16:00:00Z,ADAUSDT,0.00000677
2026-06-15T00:00:00Z,ADAUSDT,0.0001
2026-06-15T08:00:00Z,ADAUSDT,-0.00002726
2026-06-15T16:00:00Z,ADAUSDT,0.00003777
2026-06-16T00:00:00Z,ADAUSDT,0.00002006
2026-06-16T08:00:00Z,ADAUSDT,-0.00002449
2026-06-16T16:00:00Z,ADAUSDT,-0.00003258
2026-06-17T00:00:00Z,ADAUSDT,0.0001
2026-06-17T08:00:00Z,ADAUSDT,-0.0000614
2026-06-17T16:00:00Z,ADAUSDT,0.00007351
2026-06-18T00:00:00Z,ADAUSDT,-0.00002972
2026-06-18T08:00:00Z,ADAUSDT,-0.0001759
2026-06-18T16:00:00Z,ADAUSDT,-0.00002623
2026-06-19T00:00:00Z,ADAUSDT,0.0001
2026-06-19T08:00:00Z,ADAUSDT,-0.0000856
2026-06-19T16:00:00Z,ADAUSDT,-0.00003963
2026-06-20T00:00:00Z,ADAUSDT,-0.00004835
2026-06-20T08:00:00Z,ADAUSDT,0.00008775
2026-06-20T16:00:00Z,ADAUSDT,0.00002934
2026-06-21T00:00:00Z,ADAUSDT,0.00006381
2026-06-21T08:00:00Z,ADAUSDT,-0.00009729
2026-06-21T16:00:00Z,ADAUSDT,0.00001273
2026-06-22T00:00:00Z,ADAUSDT,-0.00002202
2026-06-22T08:00:00Z,ADAUSDT,0.0000337
2026-06-22T16:00:00Z,ADAUSDT,-0.00006154
2026-06-23T00:00:00Z,ADAUSDT,-0.00019358
2026-06-23T08:00:00Z,ADAUSDT,-0.00012824
2026-06-23T16:00:00Z,ADAUSDT,0.0001
2026-06-24T00:00:00Z,ADAUSDT,-0.00000095
2026-06-24T08:00:00Z,ADAUSDT,-0.0000132
2026-06-24T16:00:00Z,ADAUSDT,0.00001071
2026-06-25T00:00:00Z,ADAUSDT,-0.0002195
2026-06-25T08:00:00Z,ADAUSDT,-0.00015085
2026-06-25T16:00:00Z,ADAUSDT,0.00002574
2026-06-26T00:00:00Z,ADAUSDT,-0.00000225
2026-06-26T08:00:00Z,ADAUSDT,-0.00001354
2026-06-26T16:00:00Z,ADAUSDT,0.00005346
2026-06-27T00:00:00Z,ADAUSDT,0.00002646
2026-06-27T08:00:00Z,ADAUSDT,0.0000862
2026-06-27T16:00:00Z,ADAUSDT,-0.00002432
2026-06-28T00:00:00Z,ADAUSDT,-0.00012151
2026-06-28T08:00:00Z,ADAUSDT,-0.00014025
2026-06-28T16:00:00Z,ADAUSDT,-0.00003363
2026-06-29T00:00:00Z,ADAUSDT,-0.00003956
2026-06-29T08:00:00Z,ADAUSDT,0.00001051
2026-06-29T16:00:00Z,ADAUSDT,0.00009607
2026-06-30T00:00:00Z,ADAUSDT,0.0001
2026-06-30T08:00:00Z,ADAUSDT,0.00001381
2026-06-30T16:00:00Z,ADAUSDT,0.00000443
2026-07-01T00:00:00Z,ADAUSDT,0.00009503
2026-07-01T08:00:00Z,ADAUSDT,-0.00000764
2026-07-01T16:00:00Z,ADAUSDT,0.00005312
2026-07-02T00:00:00Z,ADAUSDT,-0.00000518
2026-07-02T08:00:00Z,ADAUSDT,-0.00003005
2026-07-02T16:00:00Z,ADAUSDT,0.0001
2026-07-03T00:00:00Z,ADAUSDT,0.0001
2026-07-03T08:00:00Z,ADAUSDT,0.0001
2026-07-03T16:00:00Z,ADAUSDT,0.00008978
2026-07-04T00:00:00Z,ADAUSDT,0.0001
2026-07-04T08:00:00Z,ADAUSDT,0.0001
2026-07-04T16:00:00Z,ADAUSDT,0.0001
2026-07-05T00:00:00Z,ADAUSDT,0.0001
2026-07-05T08:00:00Z,ADAUSDT,0.00008141
2026-07-05T16:00:00Z,ADAUSDT,0.0001
2026-07-06T00:00:00Z,ADAUSDT,0.0001
2026-07-06T08:00:00Z,ADAUSDT,-0.00000802
2026-07-06T16:00:00Z,ADAUSDT,0.0001
2026-07-07T00:00:00Z,ADAUSDT,0.0001
2026-07-07T08:00:00Z,ADAUSDT,-0.00000694
2026-07-07T16:00:00Z,ADAUSDT,0.0001
2026-07-08T00:00:00Z,ADAUSDT,0.0000974
2026-07-08T08:00:00Z,ADAUSDT,0.00002908
2026-07-08T16:00:00Z,ADAUSDT,-0.00002651
2026-07-09T00:00:00Z,ADAUSDT,-0.00003325
2026-07-09T08:00:00Z,ADAUSDT,0.00004296
2026-07-09T16:00:00Z,ADAUSDT,-0.00002765
2026-07-10T00:00:00Z,ADAUSDT,0.0001
2026-07-10T08:00:00Z,ADAUSDT,0.00009618
2026-07-10T16:00:00Z,ADAUSDT,-0.00023171
2026-07-11T00:00:00Z,ADAUSDT,0.00007696
2026-07-11T08:00:00Z,ADAUSDT,-0.00001442
2026-07-11T16:00:00Z,ADAUSDT,-0.00004181
2026-07-12T00:00:00Z,ADAUSDT,-0.00009438
2026-07-12T08:00:00Z,ADAUSDT,-0.00006117
2026-07-12T16:00:00Z,ADAUSDT,-0.00007776
2026-07-13T00:00:00Z,ADAUSDT,-0.00003255
2026-07-13T08:00:00Z,ADAUSDT,0.00007473
2026-07-13T16:00:00Z,ADAUSDT,0.00004527
2026-07-14T00:00:00Z,ADAUSDT,-0.00008512
2026-07-14T08:00:00Z,ADAUSDT,0.0001
2026-07-14T16:00:00Z,ADAUSDT,-0.00008073
2026-07-15T00:00:00Z,ADAUSDT,0.0001
2026-07-15T08:00:00Z,ADAUSDT,0.00000768
2026-07-15T16:00:00Z,ADAUSDT,-0.00002999
2026-07-16T00:00:00Z,ADAUSDT,-0.00004647
2026-07-16T08:00:00Z,ADAUSDT,-0.00002975
2026-07-16T16:00:00Z,ADAUSDT,0.0001
2026-07-17T00:00:00Z,ADAUSDT,0.0001
2026-07-17T08:00:00Z,ADAUSDT,0.00002135
2026-07-17T16:00:00Z,ADAUSDT,0.0001
2026-07-18T00:00:00Z,ADAUSDT,0.0001
2026-07-18T08:00:00Z,ADAUSDT,0.0001
2026-07-18T16:00:00Z,ADAUSDT,0.0001
2026-07-19T00:00:00Z,ADAUSDT,0.0001
2026-07-19T08:00:00Z,ADAUSDT,0.0001
2026-07-19T16:00:00Z,ADAUSDT,0.0001
2026-07-20T00:00:00Z,ADAUSDT,0.0001
2026-07-20T08:00:00Z,ADAUSDT,-0.0000116
2026-07-20T16:00:00Z,ADAUSDT,0.000096
2026-07-21T00:00:00Z,ADAUSDT,0.00003345
2026-07-21T08:00:00Z,ADAUSDT,0.0001
2026-07-21T16:00:00Z,ADAUSDT,0.00008282
2026-07-22T00:00:00Z,ADAUSDT,0.00008146
2026-07-22T08:00:00Z,ADAUSDT,0.00000143
2026-07-22T16:00:00Z,ADAUSDT,0.00006198
2026-07-23T00:00:00Z,ADAUSDT,-0.00003658
2026-07-23T08:00:00Z,ADAUSDT,-0.00005792
2026-07-23T16:00:00Z,ADAUSDT,-0.00000125
2026-07-24T00:00:00Z,ADAUSDT,0.00003426
2026-07-24T08:00:00Z,ADAUSDT,-0.00005309
2026-07-24T16:00:00Z,ADAUSDT,-0.00015616
2026-07-25T00:00:00Z,ADAUSDT,-0.00010727
2026-07-25T08:00:00Z,ADAUSDT,-0.00012947
2026-07-25T16:00:00Z,ADAUSDT,-0.0000904
2026-07-26T00:00:00Z,ADAUSDT,0.0001
2026-07-26T08:00:00Z,ADAUSDT,0.00001782
2026-07-26T16:00:00Z,ADAUSDT,-0.0001358
2026-07-27T00:00:00Z,ADAUSDT,-0.00000348
2026-07-27T08:00:00Z,ADAUSDT,-0.00002749
2026-07-27T16:00:00Z,ADAUSDT,-0.0001485
2026-07-28T00:00:00Z,ADAUSDT,-0.00008571
2026-07-28T08:00:00Z,ADAUSDT,-0.00001318
2026-07-28T16:00:00Z,ADAUSDT,0.0001
2026-07-29T00:00:00Z,ADAUSDT,0.0001
2026-07-29T08:00:00Z,ADAUSDT,0.00006011
2026-07-29T16:00:00Z,ADAUSDT,0.0000827
2026-07-30T00:00:00Z,ADAUSDT,0.00009912
2026-07-30T08:00:00Z,ADAUSDT,0.00005809
2026-07-30T16:00:00Z,ADAUSDT,0.0001
2026-07-31T00:00:00Z,ADAUSDT,0.0000482
2026-07-31T08:00:00Z,ADAUSDT,0.0001
2026-07-31T16:00:00Z,ADAUSDT,0.0001
2026-08-01T00:00:00Z,ADAUSDT,-0.00014249
2026-08-01T08:00:00Z,ADAUSDT,0.0001
2026-08-01T16:00:00Z,ADAUSDT,0.0001
2026-08-02T00:00:00Z,ADAUSDT,0.0001
2026-08-02T08:00:00Z,ADAUSDT,0.0001
2026-08-02T16:00:00Z,ADAUSDT,0.0001
2026-08-03T00:00:00Z,ADAUSDT,0.0001
2026-08-03T08:00:00Z,ADAUSDT,0.0001
2026-08-03T16:00:00Z,ADAUSDT,0.0001
2026-08-04T00:00:00Z,ADAUSDT,-0.00003438
2026-08-04T08:00:00Z,ADAUSDT,0.00005015
2026-08-04T16:00:00Z,ADAUSDT,0.00001232
2026-08-05T00:00:00Z,ADAUSDT,0.0001
2026-08-05T08:00:00Z,ADAUSDT,0.00007157
2026-08-05T16:00:00Z,ADAUSDT,-0.00003457
2026-08-06T00:00:00Z,ADAUSDT,0.0001
2026-08-06T08:00:00Z,ADAUSDT,-0.00002315
2026-08-06T16:00:00Z,ADAUSDT,-0.00000894
2026-08-07T00:00:00Z,ADAUSDT,-0.00001988
2026-08-07T08:00:00Z,ADAUSDT,-0.00014742
2026-08-07T16:00:00Z,ADAUSDT,-0.00016023
2026-08-08T00:00:00Z,ADAUSDT,0.0001
2026-08-08T08:00:00Z,ADAUSDT,-0.00002361
2026-08-08T16:00:00Z,ADAUSDT,-0.00008496
2026-08-09T00:00:00Z,ADAUSDT,0.00006805
2026-08-09T08:00:00Z,ADAUSDT,0.0001
2026-08-09T16:00:00Z,ADAUSDT,0.0001
2026-08-10T00:00:00Z,ADAUSDT,0.0001
2026-08-10T08:00:00Z,ADAUSDT,0.0001
2026-08-10T16:00:00Z,ADAUSDT,0.0001
2026-08-11T00:00:00Z,ADAUSDT,0.0001
2026-08-11T08:00:00Z,ADAUSDT,0.0001
2026-08-11T16:00:00Z,ADAUSDT,0.0001
2026-08-12T00:00:00Z,ADAUSDT,0.0001
2026-08-12T08:00:00Z,ADAUSDT,0.00007836
2026-08-12T16:00:00Z,ADAUSDT,-0.0000595
2026-08-13T00:00:00Z,ADAUSDT,0.00005261
2026-08-13T08:00:00Z,ADAUSDT,0.0001
2026-08-13T16:00:00Z,ADAUSDT,0.00004457
2026-08-14T00:00:00Z,ADAUSDT,0.00006637
2026-08-14T08:00:00Z,ADAUSDT,0.00007755
2026-08-14T16:00:00Z,ADAUSDT,0.0001
2026-08-15T00:00:00Z,ADAUSDT,0.0001
2026-08-15T08:00:00Z,ADAUSDT,0.0001
2026-08-15T16:00:00Z,ADAUSDT,-0.0001309
2026-08-16T00:00:00Z,ADAUSDT,-0.00008553
2026-08-16T08:00:00Z,ADAUSDT,0.00004013
2026-08-16T16:00:00Z,ADAUSDT,-0.00002443
2026-08-17T00:00:00Z,ADAUSDT,-0.0000845
2026-08-17T08:00:00Z,ADAUSDT,-0.00006685
2026-08-17T16:00:00Z,ADAUSDT,0.00007446
2026-08-18T00:00:00Z,ADAUSDT,0.00009955
2026-08-18T08:00:00Z,ADAUSDT,0.00007035
2026-08-18T16:00:00Z,ADAUSDT,0.0001
2026-08-19T00:00:00Z,ADAUSDT,0.00007945
2026-08-19T08:00:00Z,ADAUSDT,0.0001
2026-08-19T16:00:00Z,ADAUSDT,-0.00009017
2026-08-20T00:00:00Z,ADAUSDT,0.0001
2026-08-20T08:00:00Z,ADAUSDT,0.0001
2026-08-20T16:00:00Z,ADAUSDT,0.0001
2026-08-21T00:00:00Z,ADAUSDT,0.0001
2026-08-21T08:00:00Z,ADAUSDT,0.0001
2026-08-21T16:00:00Z,ADAUSDT,0.0001
2026-08-22T00:00:00Z,ADAUSDT,0.0001
2026-08-22T08:00:00Z,ADAUSDT,0.0001
2026-08-22T16:00:00Z,ADAUSDT,0.0001
2026-08-23T00:00:00Z,ADAUSDT,0.0001
2026-08-23T08:00:00Z,ADAUSDT,0.0001
2026-08-23T16:00:00Z,ADAUSDT,0.0001
2026-08-24T00:00:00Z,ADAUSDT,0.0001
2026-08-24T08:00:00Z,ADAUSDT,0.0001
2026-08-24T16:00:00Z,ADAUSDT,0.0001
2026-08-25T00:00:00Z,ADAUSDT,0.0001
2026-08-25T08:00:00Z,ADAUSDT,0.0001
2026-08-25T16:00:00Z,ADAUSDT,0.0001
2026-08-26T00:00:00Z,ADAUSDT,0.0001
2026-08-26T08:00:00Z,ADAUSDT,-0.00002556
2026-08-26T16:00:00Z,ADAUSDT,0.00000015
2026-08-27T00:00:00Z,ADAUSDT,0.0001
2026-08-27T08:00:00Z,ADAUSDT,0.00004969
2026-08-27T16:00:00Z,ADAUSDT,0.00000885
2026-08-28T00:00:00Z,ADAUSDT,0.00001836
2026-08-28T08:00:00Z,ADAUSDT,-0.00004133
2026-08-28T16:00:00Z,ADAUSDT,-0.00018832
2026-08-29T00:00:00Z,ADAUSDT,0.0000145
2026-08-29T08:00:00Z,ADAUSDT,-0.00003587
2026-08-29T16:00:00Z,ADAUSDT,-0.0000937
2026-08-30T00:00:00Z,ADAUSDT,-0.00001189
2026-08-30T08:00:00Z,ADAUSDT,0.0000556
2026-08-30T16:00:00Z,ADAUSDT,-0.00000311
2026-08-31T00:00:00Z,ADAUSDT,0.00004112
2026-08-31T08:00:00Z,ADAUSDT,0.00007875
2026-08-31T16:00:00Z,ADAUSDT,0.0001
2026-09-01T00:00:00Z,ADAUSDT,0.00005648
2026-09-01T08:00:00Z,ADAUSDT,0.0000748
2026-09-01T16:00:00Z,ADAUSDT,0.00004532
2026-09-02T00:00:00Z,ADAUSDT,0.0001
2026-09-02T08:00:00Z,ADAUSDT,0.0001
2026-09-02T16:00:00Z,ADAUSDT,0.00001574
2026-09-03T00:00:00Z,ADAUSDT,0.0001
2026-09-03T08:00:00Z,ADAUSDT,0.00005542
2026-09-03T16:00:00Z,ADAUSDT,0.00006014
2026-09-04T00:00:00Z,ADAUSDT,0.0001
2026-09-04T08:00:00Z,ADAUSDT,0.00008612
2026-09-04T16:00:00Z,ADAUSDT,0.0001
2026-09-05T00:00:00Z,ADAUSDT,0.0001
2026-09-05T08:00:00Z,ADAUSDT,0.00000544
2026-09-05T16:00:00Z,ADAUSDT,0.00005396
2026-09-06T00:00:00Z,ADAUSDT,0.00006886
2026-09-06T08:00:00Z,ADAUSDT,0.0000639
2026-09-06T16:00:00Z,ADAUSDT,-0.00007897
2026-09-07T00:00:00Z,ADAUSDT,0.0001
2026-09-07T08:00:00Z,ADAUSDT,0.0001
2026-09-07T16:00:00Z,ADAUSDT,0.0001
2026-09-08T00:00:00Z,ADAUSDT,0.00004183
2026-09-08T08:00:00Z,ADAUSDT,-0.00019636
2026-09-08T16:00:00Z,ADAUSDT,0.0001
2026-09-09T00:00:00Z,ADAUSDT,-0.00008474
2026-09-09T08:00:00Z,ADAUSDT,-0.00003703
2026-09-09T16:00:00Z,ADAUSDT,0.00003169
2026-09-10T00:00:00Z,ADAUSDT,-0.00003508
2026-09-10T08:00:00Z,ADAUSDT,0.00001049
2026-09-10T16:00:00Z,ADAUSDT,-0.00002315
2026-09-11T00:00:00Z,ADAUSDT,-0.00002003
2026-09-11T08:00:00Z,ADAUSDT,0.0001
2026-09-11T16:00:00Z,ADAUSDT,-0.00001033
2026-09-12T00:00:00Z,ADAUSDT,0.00007554
2026-09-12T08:00:00Z,ADAUSDT,0.0001
2026-09-12T16:00:00Z,ADAUSDT,-0.00000197
2026-09-13T00:00:00Z,ADAUSDT,-0.00005537
2026-09-13T08:00:00Z,ADAUSDT,0.0001
2026-09-13T16:00:00Z,ADAUSDT,0.00009418
2026-09-14T00:00:00Z,ADAUSDT,-0.00000601
2026-09-14T08:00:00Z,ADAUSDT,0.0001
2026-09-14T16:00:00Z,ADAUSDT,0.00009498
2026-09-15T00:00:00Z,ADAUSDT,0.0001
2026-09-15T08:00:00Z,ADAUSDT,-0.00011431
2026-09-15T16:00:00Z,ADAUSDT,0.0000643
2026-09-16T00:00:00Z,ADAUSDT,0.00004841
2026-09-16T08:00:00Z,ADAUSDT,-0.00003968
2026-09-16T16:00:00Z,ADAUSDT,-0.00008964
2026-09-17T00:00:00Z,ADAUSDT,0.0001
2026-09-17T08:00:00Z,ADAUSDT,-0.00001055
2026-09-17T16:00:00Z,ADAUSDT,0.0000532
2026-09-18T00:00:00Z,ADAUSDT,0.0001
2026-09-18T08:00:00Z,ADAUSDT,0.0001
2026-09-18T16:00:00Z,ADAUSDT,0.0001
2026-09-19T00:00:00Z,ADAUSDT,0.0001
2026-09-19T08:00:00Z,ADAUSDT,0.0001
2026-09-19T16:00:00Z,ADAUSDT,0.0001
2026-09-20T00:00:00Z,ADAUSDT,0.0001
2026-09-20T08:00:00Z,ADAUSDT,0.0001
2026-09-20T16:00:00Z,ADAUSDT,0.0001
2026-09-21T00:00:00Z,ADAUSDT,0.0001
2026-09-21T08:00:00Z,ADAUSDT,0.0001
2026-09-21T16:00:00Z,ADAUSDT,0.0001
2026-09-22T00:00:00Z,ADAUSDT,0.0001
2026-09-22T08:00:00Z,ADAUSDT,0.0001
2026-09-22T16:00:00Z,ADAUSDT,0.0001
2026-09-23T00:00:00Z,ADAUSDT,0.0001
2026-09-23T08:00:00Z,ADAUSDT,0.00005497
2026-09-23T16:00:00Z,ADAUSDT,0.00006945
2026-09-24T00:00:00Z,ADAUSDT,-0.00008397
2026-09-24T08:00:00Z,ADAUSDT,-0.00007614
2026-09-24T16:00:00Z,ADAUSDT,0.00003897
2026-09-25T00:00:00Z,ADAUSDT,0.0001
2026-09-25T08:00:00Z,ADAUSDT,0.00006984
2026-09-25T16:00:00Z,ADAUSDT,0.0001
2026-09-26T00:00:00Z,ADAUSDT,0.0001
2026-09-26T08:00:00Z,ADAUSDT,-0.0000128
2026-09-26T16:00:00Z,ADAUSDT,0.0001
2026-09-27T00:00:00Z,ADAUSDT,-0.00003137
2026-09-27T08:00:00Z,ADAUSDT,0.0001
2026-09-27T16:00:00Z,ADAUSDT,0.0001
2026-09-28T00:00:00Z,ADAUSDT,0.0001
2026-09-28T08:00:00Z,ADAUSDT,0.00007048
2026-09-28T16:00:00Z,ADAUSDT,-0.0000014
2026-09-29T00:00:00Z,ADAUSDT,0.00006634
2026-09-29T08:00:00Z,ADAUSDT,0.0001
2026-09-29T16:00:00Z,ADAUSDT,0.0001
2026-09-30T00:00:00Z,ADAUSDT,0.00005765
2026-09-30T08:00:00Z,ADAUSDT,0.0001
2026-09-30T16:00:00Z,ADAUSDT,0.00009133
2026-10-01T00:00:00Z,ADAUSDT,0.00007393
2026-10-01T08:00:00Z,ADAUSDT,0.0001
2026-10-01T16:00:00Z,ADAUSDT,-0.00011061
2026-10-02T00:00:00Z,ADAUSDT,-0.00003074
2026-10-02T08:00:00Z,ADAUSDT,0.0001
2026-10-02T16:00:00Z,ADAUSDT,0.0001
2026-10-03T00:00:00Z,ADAUSDT,-0.00007047
2026-10-03T08:00:00Z,ADAUSDT,0.0001
2026-10-03T16:00:00Z,ADAUSDT,0.00002679
2026-10-04T00:00:00Z,ADAUSDT,0.00008299
2026-10-04T08:00:00Z,ADAUSDT,0.00000868
2026-10-04T16:00:00Z,ADAUSDT,0.00007736
2026-10-05T00:00:00Z,ADAUSDT,0.0001
2026-10-05T08:00:00Z,ADAUSDT,0.0001
2026-10-05T16:00:00Z,ADAUSDT,0.0001
2026-10-06T00:00:00Z,ADAUSDT,0.0001
2026-10-06T08:00:00Z,ADAUSDT,0.0001
2026-10-06T16:00:00Z,ADAUSDT,0.0001
2026-10-07T00:00:00Z,ADAUSDT,0.0001
2026-10-07T08:00:00Z,ADAUSDT,-0.00010429
2026-10-07T16:00:00Z,ADAUSDT,-0.00001625
2026-10-08T00:00:00Z,ADAUSDT,0.00004306
2026-10-08T08:00:00Z,ADAUSDT,0.00006115
2026-10-08T16:00:00Z,ADAUSDT,0.00008843
2026-10-09T00:00:00Z,ADAUSDT,-0.0002309
