timestamp,symbol,funding_rate
2023-10-09T00:00:00Z,APTUSDT,-0.00021465
2023-10-09T08:00:00Z,APTUSDT,-0.00010517
2023-10-09T16:00:00Z,APTUSDT,-0.00015248
2023-10-10T00:00:00Z,APTUSDT,-0.00045936
2023-10-10T08:00:00Z,APTUSDT,-0.00034691
2023-10-10T16:00:00Z,APTUSDT,-0.00009365
2023-10-11T00:00:00Z,APTUSDT,-0.00025073
2023-10-11T08:00:00Z,APTUSDT,-0.0001973
2023-10-11T16:00:00Z,APTUSDT,-0.00019844
2023-10-12T00:00:00Z,APTUSDT,-0.00032226
2023-10-12T08:00:00Z,APTUSDT,-0.00016057
2023-10-12T16:00:00Z,APTUSDT,-0.00014908
2023-10-13T00:00:00Z,APTUSDT,-0.00025137
2023-10-13T08:00:00Z,APTUSDT,-0.0002252
2023-10-13T16:00:00Z,APTUSDT,-0.00029699
2023-10-14T00:00:00Z,APTUSDT,-0.00029321
2023-10-14T08:00:00Z,APTUSDT,-0.0004049
2023-10-14T16:00:00Z,APTUSDT,-0.00009014
2023-10-15T00:00:00Z,APTUSDT,-0.0000603
2023-10-15T08:00:00Z,APTUSDT,-0.00009568
2023-10-15T16:00:00Z,APTUSDT,0.0001
2023-10-16T00:00:00Z,APTUSDT,-0.00017655
2023-10-16T08:00:00Z,APTUSDT,0.00004925
2023-10-16T16:00:00Z,APTUSDT,-0.00017215
2023-10-17T00:00:00Z,APTUSDT,-0.00022842
2023-10-17T08:00:00Z,APTUSDT,-0.00015776
2023-10-17T16:00:00Z,APTUSDT,-0.0004441
2023-10-18T00:00:00Z,APTUSDT,-0.0001622
2023-10-18T08:00:00Z,APTUSDT,-0.00013236
2023-10-18T16:00:00Z,APTUSDT,-0.00032885
2023-10-19T00:00:00Z,APTUSDT,-0.00043872
2023-10-19T08:00:00Z,APTUSDT,-0.00022639
2023-10-19T16:00:00Z,APTUSDT,-0.00021423
2023-10-20T00:00:00Z,APTUSDT,-0.00051814
2023-10-20T08:00:00Z,APTUSDT,-0.00013716
2023-10-20T16:00:00Z,APTUSDT,-0.00014924
2023-10-21T00:00:00Z,APTUSDT,-0.00007415
2023-10-21T08:00:00Z,APTUSDT,-0.00009429
2023-10-21T16:00:00Z,APTUSDT,-0.00059571
2023-10-22T00:00:00Z,APTUSDT,-0.00019802
2023-10-22T08:00:00Z,APTUSDT,-0.0006707
2023-10-22T16:00:00Z,APTUSDT,-0.00134455
2023-10-23T00:00:00Z,APTUSDT,-0.00025448
2023-10-23T08:00:00Z,APTUSDT,-0.00025757
2023-10-23T16:00:00Z,APTUSDT,-0.00011736
2023-10-24T00:00:00Z,APTUSDT,-0.00039558
2023-10-24T08:00:00Z,APTUSDT,-0.00020593
2023-10-24T16:00:00Z,APTUSDT,-0.00016492
2023-10-25T00:00:00Z,APTUSDT,-0.00018103
2023-10-25T08:00:00Z,APTUSDT,0.0001
2023-10-25T16:00:00Z,APTUSDT,-0.0001081
2023-10-26T00:00:00Z,APTUSDT,0.0001
2023-10-26T08:00:00Z,APTUSDT,0.0001
2023-10-26T16:00:00Z,APTUSDT,0.0001
2023-10-27T00:00:00Z,APTUSDT,0.0001
2023-10-27T08:00:00Z,APTUSDT,0.00005438
2023-10-27T16:00:00Z,APTUSDT,0.00005215
2023-10-28T00:00:00Z,APTUSDT,0.0001
2023-10-28T08:00:00Z,APTUSDT,0.00006517
2023-10-28T16:00:00Z,APTUSDT,-0.00008702
2023-10-29T00:00:00Z,APTUSDT,0.0001
2023-10-29T08:00:00Z,APTUSDT,0.00008305
2023-10-29T16:00:00Z,APTUSDT,-0.0000005
2023-10-30T00:00:00Z,APTUSDT,-0.00012034
2023-10-30T08:00:00Z,APTUSDT,0.00002684
2023-10-30T16:00:00Z,APTUSDT,0.0001
2023-10-31T00:00:00Z,APTUSDT,0.0001
2023-10-31T08:00:00Z,APTUSDT,-0.00003711
2023-10-31T16:00:00Z,APTUSDT,0.0001
2023-11-01T00:00:00Z,APTUSDT,-0.00012042
2023-11-01T08:00:00Z,APTUSDT,0.0001
2023-11-01T16:00:00Z,APTUSDT,0.0001
2023-11-02T00:00:00Z,APTUSDT,0.0001
2023-11-02T08:00:00Z,APTUSDT,-0.00012416
2023-11-02T16:00:00Z,APTUSDT,-0.00034924
2023-11-03T00:00:00Z,APTUSDT,-0.00070012
2023-11-03T08:00:00Z,APTUSDT,-0.00020046
2023-11-03T16:00:00Z,APTUSDT,-0.00027993
2023-11-04T00:00:00Z,APTUSDT,-0.00006991
2023-11-04T08:00:00Z,APTUSDT,0.0000847
2023-11-04T16:00:00Z,APTUSDT,0.00008668
2023-11-05T00:00:00Z,APTUSDT,0.0001
2023-11-05T08:00:00Z,APTUSDT,0.0001
2023-11-05T16:00:00Z,APTUSDT,0.0001
2023-11-06T00:00:00Z,APTUSDT,0.0001
2023-11-06T08:00:00Z,APTUSDT,0.00002005
2023-11-06T16:00:00Z,APTUSDT,-0.00004834
2023-11-07T00:00:00Z,APTUSDT,-0.00021061
2023-11-07T08:00:00Z,APTUSDT,-0.00014322
2023-11-07T16:00:00Z,APTUSDT,-0.0000517
2023-11-08T00:00:00Z,APTUSDT,-0.00012815
2023-11-08T08:00:00Z,APTUSDT,0.0001
2023-11-08T16:00:00Z,APTUSDT,0.00003899
2023-11-09T00:00:00Z,APTUSDT,0.0001
2023-11-09T08:00:00Z,APTUSDT,0.0001
2023-11-09T16:00:00Z,APTUSDT,0.0002145
2023-11-10T00:00:00Z,APTUSDT,-0.00029781
2023-11-10T08:00:00Z,APTUSDT,0.0001
2023-11-10T16:00:00Z,APTUSDT,0.0001
2023-11-11T00:00:00Z,APTUSDT,0.0001
2023-11-11T08:00:00Z,APTUSDT,0.0001
2023-11-11T16:00:00Z,APTUSDT,0.0001
2023-11-12T00:00:00Z,APTUSDT,0.0001
2023-11-12T08:00:00Z,APTUSDT,0.00027933
2023-11-12T16:00:00Z,APTUSDT,0.00018044
2023-11-13T00:00:00Z,APTUSDT,0.00081919
2023-11-13T08:00:00Z,APTUSDT,0.00040406
2023-11-13T16:00:00Z,APTUSDT,0.000275
2023-11-14T00:00:00Z,APTUSDT,0.00006357
2023-11-14T08:00:00Z,APTUSDT,0.0001
2023-11-14T16:00:00Z,APTUSDT,-0.00027828
2023-11-15T00:00:00Z,APTUSDT,-0.0000857
2023-11-15T08:00:00Z,APTUSDT,0.00004897
2023-11-15T16:00:00Z,APTUSDT,0.0001
2023-11-16T00:00:00Z,APTUSDT,0.00039539
2023-11-16T08:00:00Z,APTUSDT,0.00035117
2023-11-16T16:00:00Z,APTUSDT,0.00013206
2023-11-17T00:00:00Z,APTUSDT,0.0001
2023-11-17T08:00:00Z,APTUSDT,0.0001
2023-11-17T16:00:00Z,APTUSDT,0.0001
2023-11-18T00:00:00Z,APTUSDT,0.0001
2023-11-18T08:00:00Z,APTUSDT,0.0001
2023-11-18T16:00:00Z,APTUSDT,0.0001
2023-11-19T00:00:00Z,APTUSDT,0.0001
2023-11-19T08:00:00Z,APTUSDT,0.0001
2023-11-19T16:00:00Z,APTUSDT,0.0001
2023-11-20T00:00:00Z,APTUSDT,0.0001
2023-11-20T08:00:00Z,APTUSDT,0.0001
2023-11-20T16:00:00Z,APTUSDT,0.0001
2023-11-21T00:00:00Z,APTUSDT,0.00008751
2023-11-21T08:00:00Z,APTUSDT,0.00003365
2023-11-21T16:00:00Z,APTUSDT,0.0001
2023-11-22T00:00:00Z,APTUSDT,0.0001
2023-11-22T08:00:00Z,APTUSDT,0.0001
2023-11-22T16:00:00Z,APTUSDT,0.0001
2023-11-23T00:00:00Z,APTUSDT,0.0001
2023-11-23T08:00:00Z,APTUSDT,0.0001
2023-11-23T16:00:00Z,APTUSDT,0.0001
2023-11-24T00:00:00Z,APTUSDT,0.0001
2023-11-24T08:00:00Z,APTUSDT,0.0001
2023-11-24T16:00:00Z,APTUSDT,0.0001
2023-11-25T00:00:00Z,APTUSDT,0.0001
2023-11-25T08:00:00Z,APTUSDT,0.0001
2023-11-25T16:00:00Z,APTUSDT,0.0001
2023-11-26T00:00:00Z,APTUSDT,0.0001
2023-11-26T08:00:00Z,APTUSDT,0.0001
2023-11-26T16:00:00Z,APTUSDT,0.0001
2023-11-27T00:00:00Z,APTUSDT,0.0001
2023-11-27T08:00:00Z,APTUSDT,0.0001
2023-11-27T16:00:00Z,APTUSDT,0.0001
2023-11-28T00:00:00Z,APTUSDT,0.0001
2023-11-28T08:00:00Z,APTUSDT,0.0001
2023-11-28T16:00:00Z,APTUSDT,0.0001
2023-11-29T00:00:00Z,APTUSDT,-0.00003405
2023-11-29T08:00:00Z,APTUSDT,0.00007568
2023-11-29T16:00:00Z,APTUSDT,0.0001
2023-11-30T00:00:00Z,APTUSDT,0.0001
2023-11-30T08:00:00Z,APTUSDT,0.0001
2023-11-30T16:00:00Z,APTUSDT,0.0001
2023-12-01T00:00:00Z,APTUSDT,0.0001
2023-12-01T08:00:00Z,APTUSDT,0.0001
2023-12-01T16:00:00Z,APTUSDT,0.0001
2023-12-02T00:00:00Z,APTUSDT,0.0001
2023-12-02T08:00:00Z,APTUSDT,0.0001
2023-12-02T16:00:00Z,APTUSDT,0.0001
2023-12-03T00:00:00Z,APTUSDT,0.0001
2023-12-03T08:00:00Z,APTUSDT,0.0001
2023-12-03T16:00:00Z,APTUSDT,0.0001
2023-12-04T00:00:00Z,APTUSDT,0.00022175
2023-12-04T08:00:00Z,APTUSDT,0.00043278
2023-12-04T16:00:00Z,APTUSDT,0.00023319
2023-12-05T00:00:00Z,APTUSDT,0.0001344
2023-12-05T08:00:00Z,APTUSDT,0.00019787
2023-12-05T16:00:00Z,APTUSDT,0.0001
2023-12-06T00:00:00Z,APTUSDT,0.00033136
2023-12-06T08:00:00Z,APTUSDT,0.00029504
2023-12-06T16:00:00Z,APTUSDT,0.0002305
2023-12-07T00:00:00Z,APTUSDT,0.00023853
2023-12-07T08:00:00Z,APTUSDT,0.00016185
2023-12-07T16:00:00Z,APTUSDT,0.00025117
2023-12-08T00:00:00Z,APTUSDT,0.00036897
2023-12-08T08:00:00Z,APTUSDT,0.00020685
2023-12-08T16:00:00Z,APTUSDT,0.0001
2023-12-09T00:00:00Z,APTUSDT,0.00026633
2023-12-09T08:00:00Z,APTUSDT,0.0004291
2023-12-09T16:00:00Z,APTUSDT,0.00042077
2023-12-10T00:00:00Z,APTUSDT,0.00034414
2023-12-10T08:00:00Z,APTUSDT,0.00039397
2023-12-10T16:00:00Z,APTUSDT,0.0003819
2023-12-11T00:00:00Z,APTUSDT,0.00039167
2023-12-11T08:00:00Z,APTUSDT,0.00015823
2023-12-11T16:00:00Z,APTUSDT,0.0001
2023-12-12T00:00:00Z,APTUSDT,0.0001263
2023-12-12T08:00:00Z,APTUSDT,0.0001
2023-12-12T16:00:00Z,APTUSDT,0.0001
2023-12-13T00:00:00Z,APTUSDT,0.0001
2023-12-13T08:00:00Z,APTUSDT,0.0001
2023-12-13T16:00:00Z,APTUSDT,0.0001
2023-12-14T00:00:00Z,APTUSDT,0.0001
2023-12-14T08:00:00Z,APTUSDT,0.0001
2023-12-14T16:00:00Z,APTUSDT,0.0002865
2023-12-15T00:00:00Z,APTUSDT,0.00018197
2023-12-15T08:00:00Z,APTUSDT,0.00045379
2023-12-15T16:00:00Z,APTUSDT,0.00039752
2023-12-16T00:00:00Z,APTUSDT,0.00029294
2023-12-16T08:00:00Z,APTUSDT,0.00021539
2023-12-16T16:00:00Z,APTUSDT,0.0001
2023-12-17T00:00:00Z,APTUSDT,0.0003612
2023-12-17T08:00:00Z,APTUSDT,0.00022062
2023-12-17T16:00:00Z,APTUSDT,0.00036352
2023-12-18T00:00:00Z,APTUSDT,0.00033889
2023-12-18T08:00:00Z,APTUSDT,0.00018035
2023-12-18T16:00:00Z,APTUSDT,0.00023919
2023-12-19T00:00:00Z,APTUSDT,0.00026889
2023-12-19T08:00:00Z,APTUSDT,0.00021865
2023-12-19T16:00:00Z,APTUSDT,0.00029941
2023-12-20T00:00:00Z,APTUSDT,0.00013525
2023-12-20T08:00:00Z,APTUSDT,0.00023782
2023-12-20T16:00:00Z,APTUSDT,0.00037707
2023-12-21T00:00:00Z,APTUSDT,0.00048741
2023-12-21T08:00:00Z,APTUSDT,0.00036593
2023-12-21T16:00:00Z,APTUSDT,0.00037116
2023-12-22T00:00:00Z,APTUSDT,0.00044623
2023-12-22T08:00:00Z,APTUSDT,0.00046422
2023-12-22T16:00:00Z,APTUSDT,0.00037624
2023-12-23T00:00:00Z,APTUSDT,0.00050218
2023-12-23T08:00:00Z,APTUSDT,0.00048186
2023-12-23T16:00:00Z,APTUSDT,0.00053178
2023-12-24T00:00:00Z,APTUSDT,0.00055804
2023-12-24T08:00:00Z,APTUSDT,0.00047445
2023-12-24T16:00:00Z,APTUSDT,0.00049288
2023-12-25T00:00:00Z,APTUSDT,0.0004388
2023-12-25T08:00:00Z,APTUSDT,0.00053256
2023-12-25T16:00:00Z,APTUSDT,0.00059061
2023-12-26T00:00:00Z,APTUSDT,0.0008811
2023-12-26T08:00:00Z,APTUSDT,0.00061028
2023-12-26T16:00:00Z,APTUSDT,0.00049666
2023-12-27T00:00:00Z,APTUSDT,0.00026149
2023-12-27T08:00:00Z,APTUSDT,0.00050053
2023-12-27T16:00:00Z,APTUSDT,0.00046241
2023-12-28T00:00:00Z,APTUSDT,0.00059435
2023-12-28T08:00:00Z,APTUSDT,0.00075784
2023-12-28T16:00:00Z,APTUSDT,0.00077147
2023-12-29T00:00:00Z,APTUSDT,0.00069143
2023-12-29T08:00:00Z,APTUSDT,0.00050241
2023-12-29T16:00:00Z,APTUSDT,0.00066378
2023-12-30T00:00:00Z,APTUSDT,0.00058079
2023-12-30T08:00:00Z,APTUSDT,0.00044534
2023-12-30T16:00:00Z,APTUSDT,0.00041462
2023-12-31T00:00:00Z,APTUSDT,0.00032389
2023-12-31T08:00:00Z,APTUSDT,0.00045742
2023-12-31T16:00:00Z,APTUSDT,0.00054002
2024-01-01T00:00:00Z,APTUSDT,0.00055709
2024-01-01T08:00:00Z,APTUSDT,0.00049013
2024-01-01T16:00:00Z,APTUSDT,0.00051154
2024-01-02T00:00:00Z,APTUSDT,0.00056642
2024-01-02T08:00:00Z,APTUSDT,0.00086088
2024-01-02T16:00:00Z,APTUSDT,0.00086049
2024-01-03T00:00:00Z,APTUSDT,0.00066864
2024-01-03T08:00:00Z,APTUSDT,0.00066018
2024-01-03T16:00:00Z,APTUSDT,0.0001
2024-01-04T00:00:00Z,APTUSDT,0.0001
2024-01-04T08:00:00Z,APTUSDT,0.0001
2024-01-04T16:00:00Z,APTUSDT,0.0001
2024-01-05T00:00:00Z,APTUSDT,0.00018754
2024-01-05T08:00:00Z,APTUSDT,0.0001
2024-01-05T16:00:00Z,APTUSDT,0.0001
2024-01-06T00:00:00Z,APTUSDT,0.0001
2024-01-06T08:00:00Z,APTUSDT,0.0001
2024-01-06T16:00:00Z,APTUSDT,0.0001
2024-01-07T00:00:00Z,APTUSDT,0.0001
2024-01-07T08:00:00Z,APTUSDT,0.0001
2024-01-07T16:00:00Z,APTUSDT,0.0001
2024-01-08T00:00:00Z,APTUSDT,0.0001
2024-01-08T08:00:00Z,APTUSDT,0.0001
2024-01-08T16:00:00Z,APTUSDT,0.0001
2024-01-09T00:00:00Z,APTUSDT,0.0001
2024-01-09T08:00:00Z,APTUSDT,0.0001
2024-01-09T16:00:00Z,APTUSDT,0.0001
2024-01-10T00:00:00Z,APTUSDT,0.0001
2024-01-10T08:00:00Z,APTUSDT,0.0001
2024-01-10T16:00:00Z,APTUSDT,0.0001
2024-01-11T00:00:00Z,APTUSDT,0.0001
2024-01-11T08:00:00Z,APTUSDT,0.0001
2024-01-11T16:00:00Z,APTUSDT,0.0001
2024-01-12T00:00:00Z,APTUSDT,0.0001
2024-01-12T08:00:00Z,APTUSDT,0.0001
2024-01-12T16:00:00Z,APTUSDT,0.0001
2024-01-13T00:00:00Z,APTUSDT,0.0001
2024-01-13T08:00:00Z,APTUSDT,0.0001
2024-01-13T16:00:00Z,APTUSDT,0.0001
2024-01-14T00:00:00Z,APTUSDT,0.0001
2024-01-14T08:00:00Z,APTUSDT,0.0001
2024-01-14T16:00:00Z,APTUSDT,0.0001
2024-01-15T00:00:00Z,APTUSDT,0.0001
2024-01-15T08:00:00Z,APTUSDT,0.0001
2024-01-15T16:00:00Z,APTUSDT,0.0001
2024-01-16T00:00:00Z,APTUSDT,0.0001
2024-01-16T08:00:00Z,APTUSDT,0.0001
2024-01-16T16:00:00Z,APTUSDT,0.0001
2024-01-17T00:00:00Z,APTUSDT,0.0001
2024-01-17T08:00:00Z,APTUSDT,0.0001
2024-01-17T16:00:00Z,APTUSDT,0.0001
2024-01-18T00:00:00Z,APTUSDT,0.0001
2024-01-18T08:00:00Z,APTUSDT,0.0001
2024-01-18T16:00:00Z,APTUSDT,0.0001
2024-01-19T00:00:00Z,APTUSDT,0.0001
2024-01-19T08:00:00Z,APTUSDT,0.0001
2024-01-19T16:00:00Z,APTUSDT,0.0001
2024-01-20T00:00:00Z,APTUSDT,0.0001
2024-01-20T08:00:00Z,APTUSDT,0.0001
2024-01-20T16:00:00Z,APTUSDT,0.0001
2024-01-21T00:00:00Z,APTUSDT,0.0001
2024-01-21T08:00:00Z,APTUSDT,0.0001
2024-01-21T16:00:00Z,APTUSDT,0.0001
2024-01-22T00:00:00Z,APTUSDT,0.0001
2024-01-22T08:00:00Z,APTUSDT,0.0001
2024-01-22T16:00:00Z,APTUSDT,0.0001
2024-01-23T00:00:00Z,APTUSDT,0.0001
2024-01-23T08:00:00Z,APTUSDT,0.0001
2024-01-23T16:00:00Z,APTUSDT,0.0001
2024-01-24T00:00:00Z,APTUSDT,-0.00018888
2024-01-24T08:00:00Z,APTUSDT,0.0001
2024-01-24T16:00:00Z,APTUSDT,0.0000202
2024-01-25T00:00:00Z,APTUSDT,0.0001
2024-01-25T08:00:00Z,APTUSDT,0.0001
2024-01-25T16:00:00Z,APTUSDT,0.0001
2024-01-26T00:00:00Z,APTUSDT,0.0001
2024-01-26T08:00:00Z,APTUSDT,0.0001
2024-01-26T16:00:00Z,APTUSDT,0.0001
2024-01-27T00:00:00Z,APTUSDT,0.0001
2024-01-27T08:00:00Z,APTUSDT,0.0001
2024-01-27T16:00:00Z,APTUSDT,0.0001
2024-01-28T00:00:00Z,APTUSDT,0.0001
2024-01-28T08:00:00Z,APTUSDT,0.0001
2024-01-28T16:00:00Z,APTUSDT,0.0001
2024-01-29T00:00:00Z,APTUSDT,0.0001
2024-01-29T08:00:00Z,APTUSDT,0.00009068
2024-01-29T16:00:00Z,APTUSDT,0.0001
2024-01-30T00:00:00Z,APTUSDT,0.0001
2024-01-30T08:00:00Z,APTUSDT,0.0001
2024-01-30T16:00:00Z,APTUSDT,0.0001
2024-01-31T00:00:00Z,APTUSDT,0.0001
2024-01-31T08:00:00Z,APTUSDT,0.0001
2024-01-31T16:00:00Z,APTUSDT,0.0001
2024-02-01T00:00:00Z,APTUSDT,0.0001
2024-02-01T08:00:00Z,APTUSDT,0.0001
2024-02-01T16:00:00Z,APTUSDT,0.0001
2024-02-02T00:00:00Z,APTUSDT,0.0001
2024-02-02T08:00:00Z,APTUSDT,0.0001
2024-02-02T16:00:00Z,APTUSDT,0.0001
2024-02-03T00:00:00Z,APTUSDT,0.0001
2024-02-03T08:00:00Z,APTUSDT,0.0001
2024-02-03T16:00:00Z,APTUSDT,0.0001
2024-02-04T00:00:00Z,APTUSDT,0.0001
2024-02-04T08:00:00Z,APTUSDT,0.0001
2024-02-04T16:00:00Z,APTUSDT,0.0001
2024-02-05T00:00:00Z,APTUSDT,0.0001
2024-02-05T08:00:00Z,APTUSDT,0.0001
2024-02-05T16:00:00Z,APTUSDT,0.0001
2024-02-06T00:00:00Z,APTUSDT,0.0001
2024-02-06T08:00:00Z,APTUSDT,0.0001
2024-02-06T16:00:00Z,APTUSDT,0.0001
2024-02-07T00:00:00Z,APTUSDT,0.0001
2024-02-07T08:00:00Z,APTUSDT,0.0001
2024-02-07T16:00:00Z,APTUSDT,0.0001
2024-02-08T00:00:00Z,APTUSDT,0.0001
2024-02-08T08:00:00Z,APTUSDT,0.0001
2024-02-08T16:00:00Z,APTUSDT,0.0001
2024-02-09T00:00:00Z,APTUSDT,0.0001
2024-02-09T08:00:00Z,APTUSDT,0.0001
2024-02-09T16:00:00Z,APTUSDT,0.0001
2024-02-10T00:00:00Z,APTUSDT,0.0001
2024-02-10T08:00:00Z,APTUSDT,0.0001
2024-02-10T16:00:00Z,APTUSDT,0.0001
2024-02-11T00:00:00Z,APTUSDT,0.0001
2024-02-11T08:00:00Z,APTUSDT,0.0001
2024-02-11T16:00:00Z,APTUSDT,0.0001
2024-02-12T00:00:00Z,APTUSDT,0.0001
2024-02-12T08:00:00Z,APTUSDT,0.0001
2024-02-12T16:00:00Z,APTUSDT,0.00010951
2024-02-13T00:00:00Z,APTUSDT,0.00040162
2024-02-13T08:00:00Z,APTUSDT,0.00035241
2024-02-13T16:00:00Z,APTUSDT,0.00023291
2024-02-14T00:00:00Z,APTUSDT,0.00029573
2024-02-14T08:00:00Z,APTUSDT,0.00032625
2024-02-14T16:00:00Z,APTUSDT,0.00042336
2024-02-15T00:00:00Z,APTUSDT,0.00045973
2024-02-15T08:00:00Z,APTUSDT,0.00066346
2024-02-15T16:00:00Z,APTUSDT,0.00063175
2024-02-16T00:00:00Z,APTUSDT,0.00057382
2024-02-16T08:00:00Z,APTUSDT,0.0005514
2024-02-16T16:00:00Z,APTUSDT,0.00034146
2024-02-17T00:00:00Z,APTUSDT,0.00020617
2024-02-17T08:00:00Z,APTUSDT,0.0003405
2024-02-17T16:00:00Z,APTUSDT,0.0003182
2024-02-18T00:00:00Z,APTUSDT,0.00028376
2024-02-18T08:00:00Z,APTUSDT,0.00026327
2024-02-18T16:00:00Z,APTUSDT,0.00047895
2024-02-19T00:00:00Z,APTUSDT,0.00044948
2024-02-19T08:00:00Z,APTUSDT,0.00040672
2024-02-19T16:00:00Z,APTUSDT,0.00067522
2024-02-20T00:00:00Z,APTUSDT,0.00068732
2024-02-20T08:00:00Z,APTUSDT,0.00040712
2024-02-20T16:00:00Z,APTUSDT,0.000395
2024-02-21T00:00:00Z,APTUSDT,0.00024993
2024-02-21T08:00:00Z,APTUSDT,0.00028453
2024-02-21T16:00:00Z,APTUSDT,0.00016447
2024-02-22T00:00:00Z,APTUSDT,0.0001
2024-02-22T08:00:00Z,APTUSDT,0.00015865
2024-02-22T16:00:00Z,APTUSDT,0.00031913
2024-02-23T00:00:00Z,APTUSDT,0.0003866
2024-02-23T08:00:00Z,APTUSDT,0.00033464
2024-02-23T16:00:00Z,APTUSDT,0.00027845
2024-02-24T00:00:00Z,APTUSDT,0.00020151
2024-02-24T08:00:00Z,APTUSDT,0.0002183
2024-02-24T16:00:00Z,APTUSDT,0.00036511
2024-02-25T00:00:00Z,APTUSDT,0.00042745
2024-02-25T08:00:00Z,APTUSDT,0.00046608
2024-02-25T16:00:00Z,APTUSDT,0.00043787
2024-02-26T00:00:00Z,APTUSDT,0.00052077
2024-02-26T08:00:00Z,APTUSDT,0.00059218
2024-02-26T16:00:00Z,APTUSDT,0.00046147
2024-02-27T00:00:00Z,APTUSDT,0.00075509
2024-02-27T08:00:00Z,APTUSDT,0.00090719
2024-02-27T16:00:00Z,APTUSDT,0.00059324
2024-02-28T00:00:00Z,APTUSDT,0.00065116
2024-02-28T08:00:00Z,APTUSDT,0.00058911
2024-02-28T16:00:00Z,APTUSDT,0.00085654
2024-02-29T00:00:00Z,APTUSDT,0.00074497
2024-02-29T08:00:00Z,APTUSDT,0.00093157
2024-02-29T16:00:00Z,APTUSDT,0.00079673
2024-03-01T00:00:00Z,APTUSDT,0.00061706
2024-03-01T08:00:00Z,APTUSDT,0.0007113
2024-03-01T16:00:00Z,APTUSDT,0.00060545
2024-03-02T00:00:00Z,APTUSDT,0.00086192
2024-03-02T08:00:00Z,APTUSDT,0.0010423
2024-03-02T16:00:00Z,APTUSDT,0.00113735
2024-03-03T00:00:00Z,APTUSDT,0.00110259
2024-03-03T08:00:00Z,APTUSDT,0.00102321
2024-03-03T16:00:00Z,APTUSDT,0.0005614
2024-03-04T00:00:00Z,APTUSDT,0.0006958
2024-03-04T08:00:00Z,APTUSDT,0.00089634
2024-03-04T16:00:00Z,APTUSDT,0.00087237
2024-03-05T00:00:00Z,APTUSDT,0.0008872
2024-03-05T08:00:00Z,APTUSDT,0.00148224
2024-03-05T16:00:00Z,APTUSDT,0.00135852
2024-03-06T00:00:00Z,APTUSDT,0.00062263
2024-03-06T08:00:00Z,APTUSDT,0.00049106
2024-03-06T16:00:00Z,APTUSDT,0.00064717
2024-03-07T00:00:00Z,APTUSDT,0.00048444
2024-03-07T08:00:00Z,APTUSDT,0.00037442
2024-03-07T16:00:00Z,APTUSDT,0.00040361
2024-03-08T00:00:00Z,APTUSDT,0.00062805
2024-03-08T08:00:00Z,APTUSDT,0.00073634
2024-03-08T16:00:00Z,APTUSDT,0.00062637
2024-03-09T00:00:00Z,APTUSDT,0.00060328
2024-03-09T08:00:00Z,APTUSDT,0.00091513
2024-03-09T16:00:00Z,APTUSDT,0.00102465
2024-03-10T00:00:00Z,APTUSDT,0.00095013
2024-03-10T08:00:00Z,APTUSDT,0.00105027
2024-03-10T16:00:00Z,APTUSDT,0.0003443
2024-03-11T00:00:00Z,APTUSDT,0.00036671
2024-03-11T08:00:00Z,APTUSDT,0.00041145
2024-03-11T16:00:00Z,APTUSDT,0.00047315
2024-03-12T00:00:00Z,APTUSDT,0.00071398
2024-03-12T08:00:00Z,APTUSDT,0.00054592
2024-03-12T16:00:00Z,APTUSDT,0.00043099
2024-03-13T00:00:00Z,APTUSDT,0.00047632
2024-03-13T08:00:00Z,APTUSDT,0.00076934
2024-03-13T16:00:00Z,APTUSDT,0.00073595
2024-03-14T00:00:00Z,APTUSDT,0.00043384
2024-03-14T08:00:00Z,APTUSDT,0.00082939
2024-03-14T16:00:00Z,APTUSDT,0.00089082
2024-03-15T00:00:00Z,APTUSDT,0.00101674
2024-03-15T08:00:00Z,APTUSDT,0.00037468
2024-03-15T16:00:00Z,APTUSDT,0.0001
2024-03-16T00:00:00Z,APTUSDT,0.00022235
2024-03-16T08:00:00Z,APTUSDT,0.00021067
2024-03-16T16:00:00Z,APTUSDT,0.0001
2024-03-17T00:00:00Z,APTUSDT,0.0001
2024-03-17T08:00:00Z,APTUSDT,0.0001
2024-03-17T16:00:00Z,APTUSDT,0.0001533
2024-03-18T00:00:00Z,APTUSDT,0.00017102
2024-03-18T08:00:00Z,APTUSDT,0.0001
2024-03-18T16:00:00Z,APTUSDT,0.0001782
2024-03-19T00:00:00Z,APTUSDT,0.0001
2024-03-19T08:00:00Z,APTUSDT,0.0001489
2024-03-19T16:00:00Z,APTUSDT,0.00017183
2024-03-20T00:00:00Z,APTUSDT,0.00020485
2024-03-20T08:00:00Z,APTUSDT,0.00015637
2024-03-20T16:00:00Z,APTUSDT,0.0001
2024-03-21T00:00:00Z,APTUSDT,0.0001
2024-03-21T08:00:00Z,APTUSDT,0.0001
2024-03-21T16:00:00Z,APTUSDT,0.0001
2024-03-22T00:00:00Z,APTUSDT,0.0001
2024-03-22T08:00:00Z,APTUSDT,0.00020595
2024-03-22T16:00:00Z,APTUSDT,0.00019427
2024-03-23T00:00:00Z,APTUSDT,0.00021495
2024-03-23T08:00:00Z,APTUSDT,0.0001
2024-03-23T16:00:00Z,APTUSDT,0.00010896
2024-03-24T00:00:00Z,APTUSDT,0.00013179
2024-03-24T08:00:00Z,APTUSDT,0.00022587
2024-03-24T16:00:00Z,APTUSDT,0.00026941
2024-03-25T00:00:00Z,APTUSDT,0.0001
2024-03-25T08:00:00Z,APTUSDT,0.00012482
2024-03-25T16:00:00Z,APTUSDT,0.0003246
2024-03-26T00:00:00Z,APTUSDT,0.00050115
2024-03-26T08:00:00Z,APTUSDT,0.00059613
2024-03-26T16:00:00Z,APTUSDT,0.00051818
2024-03-27T00:00:00Z,APTUSDT,0.00061497
2024-03-27T08:00:00Z,APTUSDT,0.00057432
2024-03-27T16:00:00Z,APTUSDT,0.00049711
2024-03-28T00:00:00Z,APTUSDT,0.00048256
2024-03-28T08:00:00Z,APTUSDT,0.0004511
2024-03-28T16:00:00Z,APTUSDT,0.00060525
2024-03-29T00:00:00Z,APTUSDT,0.00056739
2024-03-29T08:00:00Z,APTUSDT,0.00048221
2024-03-29T16:00:00Z,APTUSDT,0.00066086
2024-03-30T00:00:00Z,APTUSDT,0.00074035
2024-03-30T08:00:00Z,APTUSDT,0.00075496
2024-03-30T16:00:00Z,APTUSDT,0.0007173
2024-03-31T00:00:00Z,APTUSDT,0.00063219
2024-03-31T08:00:00Z,APTUSDT,0.00061215
2024-03-31T16:00:00Z,APTUSDT,0.00060533
2024-04-01T00:00:00Z,APTUSDT,0.00081068
2024-04-01T08:00:00Z,APTUSDT,0.0005025
2024-04-01T16:00:00Z,APTUSDT,0.00045649
2024-04-02T00:00:00Z,APTUSDT,0.00036324
2024-04-02T08:00:00Z,APTUSDT,0.00010196
2024-04-02T16:00:00Z,APTUSDT,0.0001
2024-04-03T00:00:00Z,APTUSDT,0.00022407
2024-04-03T08:00:00Z,APTUSDT,0.0002465
2024-04-03T16:00:00Z,APTUSDT,0.00027446
2024-04-04T00:00:00Z,APTUSDT,0.00015585
2024-04-04T08:00:00Z,APTUSDT,0.00012707
2024-04-04T16:00:00Z,APTUSDT,0.0001
2024-04-05T00:00:00Z,APTUSDT,0.0001
2024-04-05T08:00:00Z,APTUSDT,0.00017583
2024-04-05T16:00:00Z,APTUSDT,0.0001
2024-04-06T00:00:00Z,APTUSDT,0.0001
2024-04-06T08:00:00Z,APTUSDT,0.0001
2024-04-06T16:00:00Z,APTUSDT,0.0001
2024-04-07T00:00:00Z,APTUSDT,0.0001
2024-04-07T08:00:00Z,APTUSDT,0.0001
2024-04-07T16:00:00Z,APTUSDT,0.0001
2024-04-08T00:00:00Z,APTUSDT,0.00012293
2024-04-08T08:00:00Z,APTUSDT,0.00024881
2024-04-08T16:00:00Z,APTUSDT,0.00021655
2024-04-09T00:00:00Z,APTUSDT,0.00032925
2024-04-09T08:00:00Z,APTUSDT,0.00020668
2024-04-09T16:00:00Z,APTUSDT,0.00028225
2024-04-10T00:00:00Z,APTUSDT,0.00031159
2024-04-10T08:00:00Z,APTUSDT,0.00031569
2024-04-10T16:00:00Z,APTUSDT,0.00014229
2024-04-11T00:00:00Z,APTUSDT,0.0001739
2024-04-11T08:00:00Z,APTUSDT,0.0001344
2024-04-11T16:00:00Z,APTUSDT,0.0001836
2024-04-12T00:00:00Z,APTUSDT,0.00016876
2024-04-12T08:00:00Z,APTUSDT,0.00017499
2024-04-12T16:00:00Z,APTUSDT,0.00022801
2024-04-13T00:00:00Z,APTUSDT,0.0001
2024-04-13T08:00:00Z,APTUSDT,0.0001
2024-04-13T16:00:00Z,APTUSDT,0.0001
2024-04-14T00:00:00Z,APTUSDT,0.0001
2024-04-14T08:00:00Z,APTUSDT,0.0001
2024-04-14T16:00:00Z,APTUSDT,0.0001
2024-04-15T00:00:00Z,APTUSDT,0.0001
2024-04-15T08:00:00Z,APTUSDT,0.0001
2024-04-15T16:00:00Z,APTUSDT,0.0001
2024-04-16T00:00:00Z,APTUSDT,0.0001
2024-04-16T08:00:00Z,APTUSDT,0.0001
2024-04-16T16:00:00Z,APTUSDT,0.00002279
2024-04-17T00:00:00Z,APTUSDT,0.00000441
2024-04-17T08:00:00Z,APTUSDT,0.00001992
2024-04-17T16:00:00Z,APTUSDT,0.0001
2024-04-18T00:00:00Z,APTUSDT,0.0001
2024-04-18T08:00:00Z,APTUSDT,0.00008746
2024-04-18T16:00:00Z,APTUSDT,0.00001883
2024-04-19T00:00:00Z,APTUSDT,0.00007056
2024-04-19T08:00:00Z,APTUSDT,0.00007214
2024-04-19T16:00:00Z,APTUSDT,0.0001
2024-04-20T00:00:00Z,APTUSDT,0.0001
2024-04-20T08:00:00Z,APTUSDT,0.0001
2024-04-20T16:00:00Z,APTUSDT,0.00007273
2024-04-21T00:00:00Z,APTUSDT,0.00008547
2024-04-21T08:00:00Z,APTUSDT,0.00008135
2024-04-21T16:00:00Z,APTUSDT,0.0001
2024-04-22T00:00:00Z,APTUSDT,0.0000873
2024-04-22T08:00:00Z,APTUSDT,0.0001
2024-04-22T16:00:00Z,APTUSDT,0.00003285
2024-04-23T00:00:00Z,APTUSDT,0.00005227
2024-04-23T08:00:00Z,APTUSDT,0.00009804
2024-04-23T16:00:00Z,APTUSDT,0.0001
2024-04-24T00:00:00Z,APTUSDT,0.00003352
2024-04-24T08:00:00Z,APTUSDT,0.0001
2024-04-24T16:00:00Z,APTUSDT,0.0001
2024-04-25T00:00:00Z,APTUSDT,0.00007922
2024-04-25T08:00:00Z,APTUSDT,0.00000739
2024-04-25T16:00:00Z,APTUSDT,-0.00000148
2024-04-26T00:00:00Z,APTUSDT,0.0001
2024-04-26T08:00:00Z,APTUSDT,0.00009631
2024-04-26T16:00:00Z,APTUSDT,0.00007843
2024-04-27T00:00:00Z,APTUSDT,0.0001
2024-04-27T08:00:00Z,APTUSDT,0.00009849
2024-04-27T16:00:00Z,APTUSDT,0.00007834
2024-04-28T00:00:00Z,APTUSDT,0.0001
2024-04-28T08:00:00Z,APTUSDT,0.00001619
2024-04-28T16:00:00Z,APTUSDT,0.0001
2024-04-29T00:00:00Z,APTUSDT,0.0001
2024-04-29T08:00:00Z,APTUSDT,0.0001
2024-04-29T16:00:00Z,APTUSDT,0.0000937
2024-04-30T00:00:00Z,APTUSDT,0.00008794
2024-04-30T08:00:00Z,APTUSDT,0.00002999
2024-04-30T16:00:00Z,APTUSDT,-0.00001046
2024-05-01T00:00:00Z,APTUSDT,-0.00001074
2024-05-01T08:00:00Z,APTUSDT,0.0001
2024-05-01T16:00:00Z,APTUSDT,0.00008217
2024-05-02T00:00:00Z,APTUSDT,0.0001
2024-05-02T08:00:00Z,APTUSDT,0.0001
2024-05-02T16:00:00Z,APTUSDT,0.00004953
2024-05-03T00:00:00Z,APTUSDT,0.00009598
2024-05-03T08:00:00Z,APTUSDT,0.0001
2024-05-03T16:00:00Z,APTUSDT,0.00005966
2024-05-04T00:00:00Z,APTUSDT,-0.00010958
2024-05-04T08:00:00Z,APTUSDT,-0.00004527
2024-05-04T16:00:00Z,APTUSDT,0.0001
2024-05-05T00:00:00Z,APTUSDT,0.0001
2024-05-05T08:00:00Z,APTUSDT,0.0001
2024-05-05T16:00:00Z,APTUSDT,0.0001
2024-05-06T00:00:00Z,APTUSDT,0.0001
2024-05-06T08:00:00Z,APTUSDT,0.0001
2024-05-06T16:00:00Z,APTUSDT,0.0001
2024-05-07T00:00:00Z,APTUSDT,0.0001
2024-05-07T08:00:00Z,APTUSDT,0.0001
2024-05-07T16:00:00Z,APTUSDT,0.0001
2024-05-08T00:00:00Z,APTUSDT,0.0001
2024-05-08T08:00:00Z,APTUSDT,0.0001
2024-05-08T16:00:00Z,APTUSDT,0.0000931
2024-05-09T00:00:00Z,APTUSDT,0.0001
2024-05-09T08:00:00Z,APTUSDT,0.0001
2024-05-09T16:00:00Z,APTUSDT,0.0001
2024-05-10T00:00:00Z,APTUSDT,0.00009125
2024-05-10T08:00:00Z,APTUSDT,0.0001
2024-05-10T16:00:00Z,APTUSDT,0.0001
2024-05-11T00:00:00Z,APTUSDT,0.00005056
2024-05-11T08:00:00Z,APTUSDT,0.00009805
2024-05-11T16:00:00Z,APTUSDT,0.0001
2024-05-12T00:00:00Z,APTUSDT,0.0001
2024-05-12T08:00:00Z,APTUSDT,0.00003258
2024-05-12T16:00:00Z,APTUSDT,0.0001
2024-05-13T00:00:00Z,APTUSDT,-0.00001132
2024-05-13T08:00:00Z,APTUSDT,0.00003644
2024-05-13T16:00:00Z,APTUSDT,0.00001322
2024-05-14T00:00:00Z,APTUSDT,0.0001
2024-05-14T08:00:00Z,APTUSDT,0.0001
2024-05-14T16:00:00Z,APTUSDT,0.00003662
2024-05-15T00:00:00Z,APTUSDT,-0.00000044
2024-05-15T08:00:00Z,APTUSDT,0.0001
2024-05-15T16:00:00Z,APTUSDT,0.0001
2024-05-16T00:00:00Z,APTUSDT,0.0001
2024-05-16T08:00:00Z,APTUSDT,0.0001
2024-05-16T16:00:00Z,APTUSDT,0.0001
2024-05-17T00:00:00Z,APTUSDT,0.0001
2024-05-17T08:00:00Z,APTUSDT,0.0001
2024-05-17T16:00:00Z,APTUSDT,0.0001
2024-05-18T00:00:00Z,APTUSDT,0.0001
2024-05-18T08:00:00Z,APTUSDT,0.0001
2024-05-18T16:00:00Z,APTUSDT,0.0001
2024-05-19T00:00:00Z,APTUSDT,0.0001
2024-05-19T08:00:00Z,APTUSDT,0.0001
2024-05-19T16:00:00Z,APTUSDT,0.0001
2024-05-20T00:00:00Z,APTUSDT,0.0001
2024-05-20T08:00:00Z,APTUSDT,0.0001
2024-05-20T16:00:00Z,APTUSDT,0.0001
2024-05-21T00:00:00Z,APTUSDT,0.0001
2024-05-21T08:00:00Z,APTUSDT,0.0001
2024-05-21T16:00:00Z,APTUSDT,0.0001
2024-05-22T00:00:00Z,APTUSDT,0.0001
2024-05-22T08:00:00Z,APTUSDT,0.0001
2024-05-22T16:00:00Z,APTUSDT,0.00013189
2024-05-23T00:00:00Z,APTUSDT,0.0001
2024-05-23T08:00:00Z,APTUSDT,0.00011861
2024-05-23T16:00:00Z,APTUSDT,0.0001
2024-05-24T00:00:00Z,APTUSDT,0.0001
2024-05-24T08:00:00Z,APTUSDT,0.0001
2024-05-24T16:00:00Z,APTUSDT,0.0001
2024-05-25T00:00:00Z,APTUSDT,0.0001
2024-05-25T08:00:00Z,APTUSDT,0.0001
2024-05-25T16:00:00Z,APTUSDT,0.0001
2024-05-26T00:00:00Z,APTUSDT,0.0001
2024-05-26T08:00:00Z,APTUSDT,0.0001
2024-05-26T16:00:00Z,APTUSDT,0.0001
2024-05-27T00:00:00Z,APTUSDT,0.0001
2024-05-27T08:00:00Z,APTUSDT,0.0001
2024-05-27T16:00:00Z,APTUSDT,0.0001
2024-05-28T00:00:00Z,APTUSDT,0.0001
2024-05-28T08:00:00Z,APTUSDT,0.0001
2024-05-28T16:00:00Z,APTUSDT,0.0001
2024-05-29T00:00:00Z,APTUSDT,0.0001
2024-05-29T08:00:00Z,APTUSDT,0.00018337
2024-05-29T16:00:00Z,APTUSDT,0.00011788
2024-05-30T00:00:00Z,APTUSDT,0.0001
2024-05-30T08:00:00Z,APTUSDT,0.0001
2024-05-30T16:00:00Z,APTUSDT,0.0001
2024-05-31T00:00:00Z,APTUSDT,0.0001
2024-05-31T08:00:00Z,APTUSDT,0.0001
2024-05-31T16:00:00Z,APTUSDT,0.0001
2024-06-01T00:00:00Z,APTUSDT,0.0001
2024-06-01T08:00:00Z,APTUSDT,0.0001
2024-06-01T16:00:00Z,APTUSDT,0.0001
2024-06-02T00:00:00Z,APTUSDT,0.0001
2024-06-02T08:00:00Z,APTUSDT,0.0001
2024-06-02T16:00:00Z,APTUSDT,0.00012004
2024-06-03T00:00:00Z,APTUSDT,0.0001
2024-06-03T08:00:00Z,APTUSDT,0.0001
2024-06-03T16:00:00Z,APTUSDT,0.0001
2024-06-04T00:00:00Z,APTUSDT,0.0001
2024-06-04T08:00:00Z,APTUSDT,0.0001
2024-06-04T16:00:00Z,APTUSDT,0.0001
2024-06-05T00:00:00Z,APTUSDT,0.0001
2024-06-05T08:00:00Z,APTUSDT,0.00015495
2024-06-05T16:00:00Z,APTUSDT,0.00013642
2024-06-06T00:00:00Z,APTUSDT,0.0001
2024-06-06T08:00:00Z,APTUSDT,0.00013203
2024-06-06T16:00:00Z,APTUSDT,0.00010695
2024-06-07T00:00:00Z,APTUSDT,0.00017409
2024-06-07T08:00:00Z,APTUSDT,0.00018077
2024-06-07T16:00:00Z,APTUSDT,0.0002139
2024-06-08T00:00:00Z,APTUSDT,0.0001
2024-06-08T08:00:00Z,APTUSDT,0.0001
2024-06-08T16:00:00Z,APTUSDT,0.0001
2024-06-09T00:00:00Z,APTUSDT,0.0001
2024-06-09T08:00:00Z,APTUSDT,0.0001
2024-06-09T16:00:00Z,APTUSDT,0.0001
2024-06-10T00:00:00Z,APTUSDT,0.0001
2024-06-10T08:00:00Z,APTUSDT,0.0001
2024-06-10T16:00:00Z,APTUSDT,0.0001
2024-06-11T00:00:00Z,APTUSDT,0.0001
2024-06-11T08:00:00Z,APTUSDT,0.0001
2024-06-11T16:00:00Z,APTUSDT,0.0001
2024-06-12T00:00:00Z,APTUSDT,0.0001
2024-06-12T08:00:00Z,APTUSDT,0.0001
2024-06-12T16:00:00Z,APTUSDT,0.0001
2024-06-13T00:00:00Z,APTUSDT,0.0001
2024-06-13T08:00:00Z,APTUSDT,0.0001
2024-06-13T16:00:00Z,APTUSDT,0.0001
2024-06-14T00:00:00Z,APTUSDT,0.0001
2024-06-14T08:00:00Z,APTUSDT,0.0001
2024-06-14T16:00:00Z,APTUSDT,0.0001
2024-06-15T00:00:00Z,APTUSDT,0.00004351
2024-06-15T08:00:00Z,APTUSDT,0.00005137
2024-06-15T16:00:00Z,APTUSDT,0.00004391
2024-06-16T00:00:00Z,APTUSDT,0.00006113
2024-06-16T08:00:00Z,APTUSDT,0.0001
2024-06-16T16:00:00Z,APTUSDT,0.00006015
2024-06-17T00:00:00Z,APTUSDT,0.0001
2024-06-17T08:00:00Z,APTUSDT,0.0001
2024-06-17T16:00:00Z,APTUSDT,0.0001
2024-06-18T00:00:00Z,APTUSDT,0.00001482
2024-06-18T08:00:00Z,APTUSDT,-0.00016237
2024-06-18T16:00:00Z,APTUSDT,-0.00012246
2024-06-19T00:00:00Z,APTUSDT,-0.00002299
2024-06-19T08:00:00Z,APTUSDT,0.00000848
2024-06-19T16:00:00Z,APTUSDT,-0.00003186
2024-06-20T00:00:00Z,APTUSDT,0.0001
2024-06-20T08:00:00Z,APTUSDT,0.0001
2024-06-20T16:00:00Z,APTUSDT,0.00002499
2024-06-21T00:00:00Z,APTUSDT,0.0001
2024-06-21T08:00:00Z,APTUSDT,0.0001
2024-06-21T16:00:00Z,APTUSDT,0.00009394
2024-06-22T00:00:00Z,APTUSDT,0.00008771
2024-06-22T08:00:00Z,APTUSDT,0.00006516
2024-06-22T16:00:00Z,APTUSDT,0.0001
2024-06-23T00:00:00Z,APTUSDT,0.00005402
2024-06-23T08:00:00Z,APTUSDT,-0.00000241
2024-06-23T16:00:00Z,APTUSDT,0.00003914
2024-06-24T00:00:00Z,APTUSDT,-0.0000083
2024-06-24T08:00:00Z,APTUSDT,0.00003625
2024-06-24T16:00:00Z,APTUSDT,0.00001772
2024-06-25T00:00:00Z,APTUSDT,0.00009124
2024-06-25T08:00:00Z,APTUSDT,0.0001
2024-06-25T16:00:00Z,APTUSDT,0.0001
2024-06-26T00:00:00Z,APTUSDT,0.0001
2024-06-26T08:00:00Z,APTUSDT,0.0001
2024-06-26T16:00:00Z,APTUSDT,0.0001
2024-06-27T00:00:00Z,APTUSDT,0.0001
2024-06-27T08:00:00Z,APTUSDT,0.0001
2024-06-27T16:00:00Z,APTUSDT,0.0001
2024-06-28T00:00:00Z,APTUSDT,0.0001
2024-06-28T08:00:00Z,APTUSDT,0.0001
2024-06-28T16:00:00Z,APTUSDT,0.0001
2024-06-29T00:00:00Z,APTUSDT,-0.00001042
2024-06-29T08:00:00Z,APTUSDT,0.0001
2024-06-29T16:00:00Z,APTUSDT,0.0001
2024-06-30T00:00:00Z,APTUSDT,0.0001
2024-06-30T08:00:00Z,APTUSDT,0.00006235
2024-06-30T16:00:00Z,APTUSDT,0.0001
2024-07-01T00:00:00Z,APTUSDT,0.0001
2024-07-01T08:00:00Z,APTUSDT,0.0001
2024-07-01T16:00:00Z,APTUSDT,0.0001
2024-07-02T00:00:00Z,APTUSDT,0.0001
2024-07-02T08:00:00Z,APTUSDT,0.0001
2024-07-02T16:00:00Z,APTUSDT,0.0001
2024-07-03T00:00:00Z,APTUSDT,0.0001
2024-07-03T08:00:00Z,APTUSDT,0.0001
2024-07-03T16:00:00Z,APTUSDT,0.0001
2024-07-04T00:00:00Z,APTUSDT,0.0001
2024-07-04T08:00:00Z,APTUSDT,-0.00000487
2024-07-04T16:00:00Z,APTUSDT,-0.00016495
2024-07-05T00:00:00Z,APTUSDT,-0.00016913
2024-07-05T08:00:00Z,APTUSDT,-0.00006361
2024-07-05T16:00:00Z,APTUSDT,0.00002901
2024-07-06T00:00:00Z,APTUSDT,-0.0000103
2024-07-06T08:00:00Z,APTUSDT,0.0001
2024-07-06T16:00:00Z,APTUSDT,0.0001
2024-07-07T00:00:00Z,APTUSDT,-0.00006434
2024-07-07T08:00:00Z,APTUSDT,0.0001
2024-07-07T16:00:00Z,APTUSDT,0.00008812
2024-07-08T00:00:00Z,APTUSDT,-0.00038413
2024-07-08T08:00:00Z,APTUSDT,0.00005936
2024-07-08T16:00:00Z,APTUSDT,0.0000623
2024-07-09T00:00:00Z,APTUSDT,0.00006619
2024-07-09T08:00:00Z,APTUSDT,0.0001
2024-07-09T16:00:00Z,APTUSDT,-0.00001853
2024-07-10T00:00:00Z,APTUSDT,-0.0000803
2024-07-10T08:00:00Z,APTUSDT,0.0001
2024-07-10T16:00:00Z,APTUSDT,0.0001
2024-07-11T00:00:00Z,APTUSDT,0.0000686
2024-07-11T08:00:00Z,APTUSDT,-0.00004094
2024-07-11T16:00:00Z,APTUSDT,0.0001
2024-07-12T00:00:00Z,APTUSDT,0.0001
2024-07-12T08:00:00Z,APTUSDT,0.00009452
2024-07-12T16:00:00Z,APTUSDT,0.00004799
2024-07-13T00:00:00Z,APTUSDT,0.0000433
2024-07-13T08:00:00Z,APTUSDT,0.0001
2024-07-13T16:00:00Z,APTUSDT,-0.0000732
2024-07-14T00:00:00Z,APTUSDT,0.0001
2024-07-14T08:00:00Z,APTUSDT,0.0001
2024-07-14T16:00:00Z,APTUSDT,0.0001
2024-07-15T00:00:00Z,APTUSDT,0.0001
2024-07-15T08:00:00Z,APTUSDT,0.00004696
2024-07-15T16:00:00Z,APTUSDT,0.00006832
2024-07-16T00:00:00Z,APTUSDT,0.0001
2024-07-16T08:00:00Z,APTUSDT,0.0001
2024-07-16T16:00:00Z,APTUSDT,0.0001
2024-07-17T00:00:00Z,APTUSDT,0.0001
2024-07-17T08:00:00Z,APTUSDT,0.00006022
2024-07-17T16:00:00Z,APTUSDT,0.00004827
2024-07-18T00:00:00Z,APTUSDT,0.0001
2024-07-18T08:00:00Z,APTUSDT,0.00008175
2024-07-18T16:00:00Z,APTUSDT,0.00007536
2024-07-19T00:00:00Z,APTUSDT,0.00007367
2024-07-19T08:00:00Z,APTUSDT,0.0001
2024-07-19T16:00:00Z,APTUSDT,0.00008832
2024-07-20T00:00:00Z,APTUSDT,0.0001
2024-07-20T08:00:00Z,APTUSDT,0.0001
2024-07-20T16:00:00Z,APTUSDT,0.00007755
2024-07-21T00:00:00Z,APTUSDT,0.0001
2024-07-21T08:00:00Z,APTUSDT,0.0001
2024-07-21T16:00:00Z,APTUSDT,0.0001
2024-07-22T00:00:00Z,APTUSDT,0.0001
2024-07-22T08:00:00Z,APTUSDT,0.0001
2024-07-22T16:00:00Z,APTUSDT,0.00008212
2024-07-23T00:00:00Z,APTUSDT,0.0001
2024-07-23T08:00:00Z,APTUSDT,0.0001
2024-07-23T16:00:00Z,APTUSDT,0.0001
2024-07-24T00:00:00Z,APTUSDT,0.0001
2024-07-24T08:00:00Z,APTUSDT,-0.00005317
2024-07-24T16:00:00Z,APTUSDT,0.00008189
2024-07-25T00:00:00Z,APTUSDT,0.0001
2024-07-25T08:00:00Z,APTUSDT,0.00008206
2024-07-25T16:00:00Z,APTUSDT,0.00007958
2024-07-26T00:00:00Z,APTUSDT,0.00001909
2024-07-26T08:00:00Z,APTUSDT,0.0001
2024-07-26T16:00:00Z,APTUSDT,0.0001
2024-07-27T00:00:00Z,APTUSDT,0.0001
2024-07-27T08:00:00Z,APTUSDT,0.0001
2024-07-27T16:00:00Z,APTUSDT,0.0001
2024-07-28T00:00:00Z,APTUSDT,0.0001
2024-07-28T08:00:00Z,APTUSDT,0.0001
2024-07-28T16:00:00Z,APTUSDT,0.0001
2024-07-29T00:00:00Z,APTUSDT,0.00008745
2024-07-29T08:00:00Z,APTUSDT,0.0001
2024-07-29T16:00:00Z,APTUSDT,0.0001
2024-07-30T00:00:00Z,APTUSDT,0.00001404
2024-07-30T08:00:00Z,APTUSDT,-0.00005
2024-07-30T16:00:00Z,APTUSDT,0.0001
2024-07-31T00:00:00Z,APTUSDT,0.0000403
2024-07-31T08:00:00Z,APTUSDT,0.0001
2024-07-31T16:00:00Z,APTUSDT,-0.00000345
2024-08-01T00:00:00Z,APTUSDT,0.0001
2024-08-01T08:00:00Z,APTUSDT,-0.00005652
2024-08-01T16:00:00Z,APTUSDT,0.00001988
2024-08-02T00:00:00Z,APTUSDT,0.0001
2024-08-02T08:00:00Z,APTUSDT,0.00009882
2024-08-02T16:00:00Z,APTUSDT,0.00001501
2024-08-03T00:00:00Z,APTUSDT,0.00002995
2024-08-03T08:00:00Z,APTUSDT,-0.00001529
2024-08-03T16:00:00Z,APTUSDT,0.0000572
2024-08-04T00:00:00Z,APTUSDT,0.00002048
2024-08-04T08:00:00Z,APTUSDT,-0.00008883
2024-08-04T16:00:00Z,APTUSDT,0.0000285
2024-08-05T00:00:00Z,APTUSDT,0.00009474
2024-08-05T08:00:00Z,APTUSDT,-0.00007802
2024-08-05T16:00:00Z,APTUSDT,0.00001563
2024-08-06T00:00:00Z,APTUSDT,-0.0001488
2024-08-06T08:00:00Z,APTUSDT,-0.00005929
2024-08-06T16:00:00Z,APTUSDT,-0.00003036
2024-08-07T00:00:00Z,APTUSDT,-0.00010509
2024-08-07T08:00:00Z,APTUSDT,0.00001282
2024-08-07T16:00:00Z,APTUSDT,0.00006898
2024-08-08T00:00:00Z,APTUSDT,-0.00000189
2024-08-08T08:00:00Z,APTUSDT,0.0001
2024-08-08T16:00:00Z,APTUSDT,0.0001
2024-08-09T00:00:00Z,APTUSDT,0.00009874
2024-08-09T08:00:00Z,APTUSDT,-0.00003917
2024-08-09T16:00:00Z,APTUSDT,0.0001
2024-08-10T00:00:00Z,APTUSDT,0.00002444
2024-08-10T08:00:00Z,APTUSDT,-0.00001075
2024-08-10T16:00:00Z,APTUSDT,-0.0000909
2024-08-11T00:00:00Z,APTUSDT,-0.00006232
2024-08-11T08:00:00Z,APTUSDT,-0.00004146
2024-08-11T16:00:00Z,APTUSDT,0.0001
2024-08-12T00:00:00Z,APTUSDT,-0.00008831
2024-08-12T08:00:00Z,APTUSDT,0.00004867
2024-08-12T16:00:00Z,APTUSDT,0.00005438
2024-08-13T00:00:00Z,APTUSDT,0.0001
2024-08-13T08:00:00Z,APTUSDT,-0.00016296
2024-08-13T16:00:00Z,APTUSDT,-0.0002936
2024-08-14T00:00:00Z,APTUSDT,-0.00003418
2024-08-14T08:00:00Z,APTUSDT,-0.0001259
2024-08-14T16:00:00Z,APTUSDT,-0.00009619
2024-08-15T00:00:00Z,APTUSDT,0.00001534
2024-08-15T08:00:00Z,APTUSDT,0.00003563
2024-08-15T16:00:00Z,APTUSDT,0.00000329
2024-08-16T00:00:00Z,APTUSDT,-0.00008638
2024-08-16T08:00:00Z,APTUSDT,0.00003764
2024-08-16T16:00:00Z,APTUSDT,0.00002902
2024-08-17T00:00:00Z,APTUSDT,-0.00002056
2024-08-17T08:00:00Z,APTUSDT,0.00006588
2024-08-17T16:00:00Z,APTUSDT,0.0001
2024-08-18T00:00:00Z,APTUSDT,0.0001
2024-08-18T08:00:00Z,APTUSDT,0.0001
2024-08-18T16:00:00Z,APTUSDT,0.0001
2024-08-19T00:00:00Z,APTUSDT,-0.00001157
2024-08-19T08:00:00Z,APTUSDT,0.0001
2024-08-19T16:00:00Z,APTUSDT,0.00004971
2024-08-20T00:00:00Z,APTUSDT,0.00001782
2024-08-20T08:00:00Z,APTUSDT,-0.00008895
2024-08-20T16:00:00Z,APTUSDT,-0.0001913
2024-08-21T00:00:00Z,APTUSDT,-0.00009027
2024-08-21T08:00:00Z,APTUSDT,0.00009946
2024-08-21T16:00:00Z,APTUSDT,0.0001
2024-08-22T00:00:00Z,APTUSDT,0.0001
2024-08-22T08:00:00Z,APTUSDT,0.0001
2024-08-22T16:00:00Z,APTUSDT,0.0001
2024-08-23T00:00:00Z,APTUSDT,0.0001
2024-08-23T08:00:00Z,APTUSDT,0.0001
2024-08-23T16:00:00Z,APTUSDT,0.00009333
2024-08-24T00:00:00Z,APTUSDT,0.00009346
2024-08-24T08:00:00Z,APTUSDT,0.00002767
2024-08-24T16:00:00Z,APTUSDT,0.0001
2024-08-25T00:00:00Z,APTUSDT,0.0001
2024-08-25T08:00:00Z,APTUSDT,0.0001
2024-08-25T16:00:00Z,APTUSDT,0.0000364
2024-08-26T00:00:00Z,APTUSDT,0.0001
2024-08-26T08:00:00Z,APTUSDT,-0.00001568
2024-08-26T16:00:00Z,APTUSDT,-0.00002502
2024-08-27T00:00:00Z,APTUSDT,0.00002901
2024-08-27T08:00:00Z,APTUSDT,0.00003329
2024-08-27T16:00:00Z,APTUSDT,-0.00002818
2024-08-28T00:00:00Z,APTUSDT,-0.00005421
2024-08-28T08:00:00Z,APTUSDT,0.00001164
2024-08-28T16:00:00Z,APTUSDT,0.0001
2024-08-29T00:00:00Z,APTUSDT,-0.00000695
2024-08-29T08:00:00Z,APTUSDT,0.00007542
2024-08-29T16:00:00Z,APTUSDT,0.00008754
2024-08-30T00:00:00Z,APTUSDT,0.00002273
2024-08-30T08:00:00Z,APTUSDT,0.0001
2024-08-30T16:00:00Z,APTUSDT,-0.00006197
2024-08-31T00:00:00Z,APTUSDT,0.00009535
2024-08-31T08:00:00Z,APTUSDT,0.0001
2024-08-31T16:00:00Z,APTUSDT,-0.0000132
2024-09-01T00:00:00Z,APTUSDT,-0.00007353
2024-09-01T08:00:00Z,APTUSDT,-0.00003647
2024-09-01T16:00:00Z,APTUSDT,-0.00000586
2024-09-02T00:00:00Z,APTUSDT,-0.00002431
2024-09-02T08:00:00Z,APTUSDT,0.00004487
2024-09-02T16:00:00Z,APTUSDT,-0.00000772
2024-09-03T00:00:00Z,APTUSDT,0.00001177
2024-09-03T08:00:00Z,APTUSDT,-0.00011681
2024-09-03T16:00:00Z,APTUSDT,-0.00000784
2024-09-04T00:00:00Z,APTUSDT,0.00004594
2024-09-04T08:00:00Z,APTUSDT,0.00007194
2024-09-04T16:00:00Z,APTUSDT,0.00006823
2024-09-05T00:00:00Z,APTUSDT,0.0001
2024-09-05T08:00:00Z,APTUSDT,0.0001
2024-09-05T16:00:00Z,APTUSDT,-0.00007372
2024-09-06T00:00:00Z,APTUSDT,0.00003672
2024-09-06T08:00:00Z,APTUSDT,0.00008901
2024-09-06T16:00:00Z,APTUSDT,0.00009735
2024-09-07T00:00:00Z,APTUSDT,-0.00000281
2024-09-07T08:00:00Z,APTUSDT,0.00009956
2024-09-07T16:00:00Z,APTUSDT,0.00007555
2024-09-08T00:00:00Z,APTUSDT,0.00005913
2024-09-08T08:00:00Z,APTUSDT,0.0001
2024-09-08T16:00:00Z,APTUSDT,0.00004434
2024-09-09T00:00:00Z,APTUSDT,0.0001
2024-09-09T08:00:00Z,APTUSDT,0.0001
2024-09-09T16:00:00Z,APTUSDT,0.00002833
2024-09-10T00:00:00Z,APTUSDT,0.00007577
2024-09-10T08:00:00Z,APTUSDT,0.00004874
2024-09-10T16:00:00Z,APTUSDT,0.00008609
2024-09-11T00:00:00Z,APTUSDT,0.00006324
2024-09-11T08:00:00Z,APTUSDT,0.00009664
2024-09-11T16:00:00Z,APTUSDT,0.00009605
2024-09-12T00:00:00Z,APTUSDT,-0.00012647
2024-09-12T08:00:00Z,APTUSDT,-0.00007526
2024-09-12T16:00:00Z,APTUSDT,-0.00001534
2024-09-13T00:00:00Z,APTUSDT,0.0001
2024-09-13T08:00:00Z,APTUSDT,0.0000161
2024-09-13T16:00:00Z,APTUSDT,0.0001
2024-09-14T00:00:00Z,APTUSDT,0.0001
2024-09-14T08:00:00Z,APTUSDT,0.0001
2024-09-14T16:00:00Z,APTUSDT,0.00005839
2024-09-15T00:00:00Z,APTUSDT,-0.00000314
2024-09-15T08:00:00Z,APTUSDT,0.00008565
2024-09-15T16:00:00Z,APTUSDT,0.00009917
2024-09-16T00:00:00Z,APTUSDT,0.00009212
2024-09-16T08:00:00Z,APTUSDT,-0.00009978
2024-09-16T16:00:00Z,APTUSDT,-0.00003629
2024-09-17T00:00:00Z,APTUSDT,-0.00015305
2024-09-17T08:00:00Z,APTUSDT,-0.00014862
2024-09-17T16:00:00Z,APTUSDT,-0.00005214
2024-09-18T00:00:00Z,APTUSDT,-0.00000923
2024-09-18T08:00:00Z,APTUSDT,0.00009147
2024-09-18T16:00:00Z,APTUSDT,0.00004974
2024-09-19T00:00:00Z,APTUSDT,0.00000731
2024-09-19T08:00:00Z,APTUSDT,0.0001
2024-09-19T16:00:00Z,APTUSDT,0.00005939
2024-09-20T00:00:00Z,APTUSDT,0.0001
2024-09-20T08:00:00Z,APTUSDT,0.0001
2024-09-20T16:00:00Z,APTUSDT,0.0001
2024-09-21T00:00:00Z,APTUSDT,0.0001
2024-09-21T08:00:00Z,APTUSDT,0.0001
2024-09-21T16:00:00Z,APTUSDT,0.00009517
2024-09-22T00:00:00Z,APTUSDT,0.00004462
2024-09-22T08:00:00Z,APTUSDT,0.0001
2024-09-22T16:00:00Z,APTUSDT,0.00005128
2024-09-23T00:00:00Z,APTUSDT,0.0001
2024-09-23T08:00:00Z,APTUSDT,0.0001
2024-09-23T16:00:00Z,APTUSDT,0.0001
2024-09-24T00:00:00Z,APTUSDT,0.0001
2024-09-24T08:00:00Z,APTUSDT,0.0001
2024-09-24T16:00:00Z,APTUSDT,0.00006678
2024-09-25T00:00:00Z,APTUSDT,0.0001
2024-09-25T08:00:00Z,APTUSDT,0.00003558
2024-09-25T16:00:00Z,APTUSDT,0.0001
2024-09-26T00:00:00Z,APTUSDT,0.0001
2024-09-26T08:00:00Z,APTUSDT,0.0001
2024-09-26T16:00:00Z,APTUSDT,0.0001
2024-09-27T00:00:00Z,APTUSDT,0.0001
2024-09-27T08:00:00Z,APTUSDT,0.0001
2024-09-27T16:00:00Z,APTUSDT,0.00003734
2024-09-28T00:00:00Z,APTUSDT,0.0001
2024-09-28T08:00:00Z,APTUSDT,0.0001
2024-09-28T16:00:00Z,APTUSDT,0.0001
2024-09-29T00:00:00Z,APTUSDT,0.0001
2024-09-29T08:00:00Z,APTUSDT,-0.00000895
2024-09-29T16:00:00Z,APTUSDT,0.0001
2024-09-30T00:00:00Z,APTUSDT,0.0001
2024-09-30T08:00:00Z,APTUSDT,0.0001
2024-09-30T16:00:00Z,APTUSDT,0.0001
2024-10-01T00:00:00Z,APTUSDT,0.0001
2024-10-01T08:00:00Z,APTUSDT,0.0001
2024-10-01T16:00:00Z,APTUSDT,0.0001
2024-10-02T00:00:00Z,APTUSDT,0.00006233
2024-10-02T08:00:00Z,APTUSDT,0.00007969
2024-10-02T16:00:00Z,APTUSDT,0.00008087
2024-10-03T00:00:00Z,APTUSDT,0.0001
2024-10-03T08:00:00Z,APTUSDT,0.00005395
2024-10-03T16:00:00Z,APTUSDT,-0.00007452
2024-10-04T00:00:00Z,APTUSDT,-0.00002967
2024-10-04T08:00:00Z,APTUSDT,0.00004198
2024-10-04T16:00:00Z,APTUSDT,0.00006753
2024-10-05T00:00:00Z,APTUSDT,0.00003107
2024-10-05T08:00:00Z,APTUSDT,0.00008014
2024-10-05T16:00:00Z,APTUSDT,0.00008386
2024-10-06T00:00:00Z,APTUSDT,0.0001
2024-10-06T08:00:00Z,APTUSDT,0.0000292
2024-10-06T16:00:00Z,APTUSDT,-0.00000369
2024-10-07T00:00:00Z,APTUSDT,0.00008965
2024-10-07T08:00:00Z,APTUSDT,-0.00011268
2024-10-07T16:00:00Z,APTUSDT,0.00002579
2024-10-08T00:00:00Z,APTUSDT,0.0001
2024-10-08T08:00:00Z,APTUSDT,0.0001
2024-10-08T16:00:00Z,APTUSDT,0.00000585
2024-10-09T00:00:00Z,APTUSDT,0.00006804
2024-10-09T08:00:00Z,APTUSDT,0.0001
2024-10-09T16:00:00Z,APTUSDT,0.0001
2024-10-10T00:00:00Z,APTUSDT,0.0001
2024-10-10T08:00:00Z,APTUSDT,0.0001
2024-10-10T16:00:00Z,APTUSDT,-0.0000304
2024-10-11T00:00:00Z,APTUSDT,-0.00009281
2024-10-11T08:00:00Z,APTUSDT,0.00003341
2024-10-11T16:00:00Z,APTUSDT,-0.00015069
2024-10-12T00:00:00Z,APTUSDT,0.0001
2024-10-12T08:00:00Z,APTUSDT,0.0001
2024-10-12T16:00:00Z,APTUSDT,0.0001
2024-10-13T00:00:00Z,APTUSDT,0.0001
2024-10-13T08:00:00Z,APTUSDT,0.0001
2024-10-13T16:00:00Z,APTUSDT,0.0001
2024-10-14T00:00:00Z,APTUSDT,0.0001
2024-10-14T08:00:00Z,APTUSDT,0.0001
2024-10-14T16:00:00Z,APTUSDT,0.0001
2024-10-15T00:00:00Z,APTUSDT,0.0001
2024-10-15T08:00:00Z,APTUSDT,0.0001
2024-10-15T16:00:00Z,APTUSDT,0.0001
2024-10-16T00:00:00Z,APTUSDT,0.0001
2024-10-16T08:00:00Z,APTUSDT,0.0001
2024-10-16T16:00:00Z,APTUSDT,0.0001
2024-10-17T00:00:00Z,APTUSDT,0.0001
2024-10-17T08:00:00Z,APTUSDT,0.0001
2024-10-17T16:00:00Z,APTUSDT,0.0001
2024-10-18T00:00:00Z,APTUSDT,0.0001
2024-10-18T08:00:00Z,APTUSDT,0.0001
2024-10-18T16:00:00Z,APTUSDT,0.0001
2024-10-19T00:00:00Z,APTUSDT,0.0001
2024-10-19T08:00:00Z,APTUSDT,0.0001
2024-10-19T16:00:00Z,APTUSDT,0.0001
2024-10-20T00:00:00Z,APTUSDT,0.0001
2024-10-20T08:00:00Z,APTUSDT,0.0001
2024-10-20T16:00:00Z,APTUSDT,0.0001
2024-10-21T00:00:00Z,APTUSDT,0.0001
2024-10-21T08:00:00Z,APTUSDT,0.0001
2024-10-21T16:00:00Z,APTUSDT,0.0001
2024-10-22T00:00:00Z,APTUSDT,0.0001
2024-10-22T08:00:00Z,APTUSDT,0.0001
2024-10-22T16:00:00Z,APTUSDT,0.0001
2024-10-23T00:00:00Z,APTUSDT,0.0001
2024-10-23T08:00:00Z,APTUSDT,0.0001
2024-10-23T16:00:00Z,APTUSDT,0.0001
2024-10-24T00:00:00Z,APTUSDT,0.0001
2024-10-24T08:00:00Z,APTUSDT,0.0001
2024-10-24T16:00:00Z,APTUSDT,0.0001
2024-10-25T00:00:00Z,APTUSDT,0.0001
2024-10-25T08:00:00Z,APTUSDT,0.0001
2024-10-25T16:00:00Z,APTUSDT,0.0001
2024-10-26T00:00:00Z,APTUSDT,0.00007709
2024-10-26T08:00:00Z,APTUSDT,-0.00001168
2024-10-26T16:00:00Z,APTUSDT,0.0001
2024-10-27T00:00:00Z,APTUSDT,0.0000616
2024-10-27T08:00:00Z,APTUSDT,0.0001
2024-10-27T16:00:00Z,APTUSDT,0.0001
2024-10-28T00:00:00Z,APTUSDT,0.00009341
2024-10-28T08:00:00Z,APTUSDT,0.00001652
2024-10-28T16:00:00Z,APTUSDT,0.00009163
2024-10-29T00:00:00Z,APTUSDT,0.0001
2024-10-29T08:00:00Z,APTUSDT,0.0001
2024-10-29T16:00:00Z,APTUSDT,0.0001
2024-10-30T00:00:00Z,APTUSDT,0.0001
2024-10-30T08:00:00Z,APTUSDT,0.0001
2024-10-30T16:00:00Z,APTUSDT,0.0001
2024-10-31T00:00:00Z,APTUSDT,0.0001
2024-10-31T08:00:00Z,APTUSDT,0.0001
2024-10-31T16:00:00Z,APTUSDT,0.0001
2024-11-01T00:00:00Z,APTUSDT,0.0001
2024-11-01T08:00:00Z,APTUSDT,0.0001
2024-11-01T16:00:00Z,APTUSDT,0.0001
2024-11-02T00:00:00Z,APTUSDT,0.0001
2024-11-02T08:00:00Z,APTUSDT,0.0001
2024-11-02T16:00:00Z,APTUSDT,0.0001
2024-11-03T00:00:00Z,APTUSDT,0.00008035
2024-11-03T08:00:00Z,APTUSDT,-0.00001296
2024-11-03T16:00:00Z,APTUSDT,-0.00001097
2024-11-04T00:00:00Z,APTUSDT,0.00009186
2024-11-04T08:00:00Z,APTUSDT,-0.00001284
2024-11-04T16:00:00Z,APTUSDT,-0.00004254
2024-11-05T00:00:00Z,APTUSDT,0.0000353
2024-11-05T08:00:00Z,APTUSDT,0.00006857
2024-11-05T16:00:00Z,APTUSDT,0.00005864
2024-11-06T00:00:00Z,APTUSDT,0.00004089
2024-11-06T08:00:00Z,APTUSDT,0.0001
2024-11-06T16:00:00Z,APTUSDT,0.0001
2024-11-07T00:00:00Z,APTUSDT,0.0001
2024-11-07T08:00:00Z,APTUSDT,0.0001
2024-11-07T16:00:00Z,APTUSDT,0.0001
2024-11-08T00:00:00Z,APTUSDT,0.0001
2024-11-08T08:00:00Z,APTUSDT,0.0001
2024-11-08T16:00:00Z,APTUSDT,0.0001
2024-11-09T00:00:00Z,APTUSDT,0.0001
2024-11-09T08:00:00Z,APTUSDT,0.0001
2024-11-09T16:00:00Z,APTUSDT,0.0001
2024-11-10T00:00:00Z,APTUSDT,0.0001
2024-11-10T08:00:00Z,APTUSDT,0.00010576
2024-11-10T16:00:00Z,APTUSDT,0.00026994
2024-11-11T00:00:00Z,APTUSDT,0.00011532
2024-11-11T08:00:00Z,APTUSDT,0.00010271
2024-11-11T16:00:00Z,APTUSDT,0.0001
2024-11-12T00:00:00Z,APTUSDT,0.00025226
2024-11-12T08:00:00Z,APTUSDT,0.0004738
2024-11-12T16:00:00Z,APTUSDT,0.00056091
2024-11-13T00:00:00Z,APTUSDT,0.00032795
2024-11-13T08:00:00Z,APTUSDT,0.0001
2024-11-13T16:00:00Z,APTUSDT,0.0001
2024-11-14T00:00:00Z,APTUSDT,0.00010828
2024-11-14T08:00:00Z,APTUSDT,0.0001
2024-11-14T16:00:00Z,APTUSDT,0.0001
2024-11-15T00:00:00Z,APTUSDT,0.0001
2024-11-15T08:00:00Z,APTUSDT,0.0001
2024-11-15T16:00:00Z,APTUSDT,0.0001
2024-11-16T00:00:00Z,APTUSDT,0.0001
2024-11-16T08:00:00Z,APTUSDT,0.0001
2024-11-16T16:00:00Z,APTUSDT,0.0001
2024-11-17T00:00:00Z,APTUSDT,0.00018151
2024-11-17T08:00:00Z,APTUSDT,0.00013187
2024-11-17T16:00:00Z,APTUSDT,0.00029506
2024-11-18T00:00:00Z,APTUSDT,0.0001
2024-11-18T08:00:00Z,APTUSDT,0.0001
2024-11-18T16:00:00Z,APTUSDT,0.00014148
2024-11-19T00:00:00Z,APTUSDT,0.00016383
2024-11-19T08:00:00Z,APTUSDT,0.00014571
2024-11-19T16:00:00Z,APTUSDT,0.00020669
2024-11-20T00:00:00Z,APTUSDT,0.00012906
2024-11-20T08:00:00Z,APTUSDT,0.0001
2024-11-20T16:00:00Z,APTUSDT,0.0001
2024-11-21T00:00:00Z,APTUSDT,0.0001
2024-11-21T08:00:00Z,APTUSDT,0.0001
2024-11-21T16:00:00Z,APTUSDT,0.0001
2024-11-22T00:00:00Z,APTUSDT,0.00026878
2024-11-22T08:00:00Z,APTUSDT,0.0001
2024-11-22T16:00:00Z,APTUSDT,0.00014495
2024-11-23T00:00:00Z,APTUSDT,0.0001772
2024-11-23T08:00:00Z,APTUSDT,0.00036179
2024-11-23T16:00:00Z,APTUSDT,0.00053323
2024-11-24T00:00:00Z,APTUSDT,0.00034273
2024-11-24T08:00:00Z,APTUSDT,0.00045384
2024-11-24T16:00:00Z,APTUSDT,0.00015257
2024-11-25T00:00:00Z,APTUSDT,0.00011773
2024-11-25T08:00:00Z,APTUSDT,0.00023716
2024-11-25T16:00:00Z,APTUSDT,0.00018716
2024-11-26T00:00:00Z,APTUSDT,0.00020779
2024-11-26T08:00:00Z,APTUSDT,0.00028101
2024-11-26T16:00:00Z,APTUSDT,0.0001
2024-11-27T00:00:00Z,APTUSDT,0.00011909
2024-11-27T08:00:00Z,APTUSDT,0.00029416
2024-11-27T16:00:00Z,APTUSDT,0.00024283
2024-11-28T00:00:00Z,APTUSDT,0.00016944
2024-11-28T08:00:00Z,APTUSDT,0.0002175
2024-11-28T16:00:00Z,APTUSDT,0.0001
2024-11-29T00:00:00Z,APTUSDT,0.00021105
2024-11-29T08:00:00Z,APTUSDT,0.00027813
2024-11-29T16:00:00Z,APTUSDT,0.0002599
2024-11-30T00:00:00Z,APTUSDT,0.00039029
2024-11-30T08:00:00Z,APTUSDT,0.000508
2024-11-30T16:00:00Z,APTUSDT,0.00047309
2024-12-01T00:00:00Z,APTUSDT,0.00052764
2024-12-01T08:00:00Z,APTUSDT,0.00037227
2024-12-01T16:00:00Z,APTUSDT,0.00040655
2024-12-02T00:00:00Z,APTUSDT,0.00059129
2024-12-02T08:00:00Z,APTUSDT,0.00034263
2024-12-02T16:00:00Z,APTUSDT,0.00017993
2024-12-03T00:00:00Z,APTUSDT,0.00047709
2024-12-03T08:00:00Z,APTUSDT,0.00062144
2024-12-03T16:00:00Z,APTUSDT,0.00033157
2024-12-04T00:00:00Z,APTUSDT,0.00036332
2024-12-04T08:00:00Z,APTUSDT,0.00044749
2024-12-04T16:00:00Z,APTUSDT,0.00046066
2024-12-05T00:00:00Z,APTUSDT,0.00039984
2024-12-05T08:00:00Z,APTUSDT,0.00063803
2024-12-05T16:00:00Z,APTUSDT,0.00082633
2024-12-06T00:00:00Z,APTUSDT,0.00047267
2024-12-06T08:00:00Z,APTUSDT,0.00064856
2024-12-06T16:00:00Z,APTUSDT,0.00021991
2024-12-07T00:00:00Z,APTUSDT,0.00057573
2024-12-07T08:00:00Z,APTUSDT,0.00043667
2024-12-07T16:00:00Z,APTUSDT,0.00073578
2024-12-08T00:00:00Z,APTUSDT,0.00067031
2024-12-08T08:00:00Z,APTUSDT,0.00055663
2024-12-08T16:00:00Z,APTUSDT,0.00050952
2024-12-09T00:00:00Z,APTUSDT,0.00063629
2024-12-09T08:00:00Z,APTUSDT,0.00033382
2024-12-09T16:00:00Z,APTUSDT,0.0001
2024-12-10T00:00:00Z,APTUSDT,0.0001
2024-12-10T08:00:00Z,APTUSDT,0.0001
2024-12-10T16:00:00Z,APTUSDT,0.0001
2024-12-11T00:00:00Z,APTUSDT,0.0001
2024-12-11T08:00:00Z,APTUSDT,0.0001
2024-12-11T16:00:00Z,APTUSDT,0.0001
2024-12-12T00:00:00Z,APTUSDT,0.0001
2024-12-12T08:00:00Z,APTUSDT,0.0001
2024-12-12T16:00:00Z,APTUSDT,0.0001
2024-12-13T00:00:00Z,APTUSDT,0.0001
2024-12-13T08:00:00Z,APTUSDT,0.0001
2024-12-13T16:00:00Z,APTUSDT,0.0001
2024-12-14T00:00:00Z,APTUSDT,0.0001
2024-12-14T08:00:00Z,APTUSDT,0.0001
2024-12-14T16:00:00Z,APTUSDT,0.0001
2024-12-15T00:00:00Z,APTUSDT,0.0001
2024-12-15T08:00:00Z,APTUSDT,0.0001
2024-12-15T16:00:00Z,APTUSDT,0.0001
2024-12-16T00:00:00Z,APTUSDT,0.0001
2024-12-16T08:00:00Z,APTUSDT,0.0001
2024-12-16T16:00:00Z,APTUSDT,0.0001
2024-12-17T00:00:00Z,APTUSDT,0.0001
2024-12-17T08:00:00Z,APTUSDT,0.0001
2024-12-17T16:00:00Z,APTUSDT,0.0001
2024-12-18T00:00:00Z,APTUSDT,0.0001
2024-12-18T08:00:00Z,APTUSDT,0.0001
2024-12-18T16:00:00Z,APTUSDT,0.0001
2024-12-19T00:00:00Z,APTUSDT,0.00003004
2024-12-19T08:00:00Z,APTUSDT,0.00002094
2024-12-19T16:00:00Z,APTUSDT,0.00005348
2024-12-20T00:00:00Z,APTUSDT,0.00005359
2024-12-20T08:00:00Z,APTUSDT,-0.00015112
2024-12-20T16:00:00Z,APTUSDT,-0.00001337
2024-12-21T00:00:00Z,APTUSDT,0.0001
2024-12-21T08:00:00Z,APTUSDT,0.0001
2024-12-21T16:00:00Z,APTUSDT,0.0001
2024-12-22T00:00:00Z,APTUSDT,0.0001
2024-12-22T08:00:00Z,APTUSDT,0.00003517
2024-12-22T16:00:00Z,APTUSDT,0.0001
2024-12-23T00:00:00Z,APTUSDT,0.000048
2024-12-23T08:00:00Z,APTUSDT,0.00002583
2024-12-23T16:00:00Z,APTUSDT,0.0001
2024-12-24T00:00:00Z,APTUSDT,0.0001
2024-12-24T08:00:00Z,APTUSDT,0.0001
2024-12-24T16:00:00Z,APTUSDT,0.00005637
2024-12-25T00:00:00Z,APTUSDT,0.00006324
2024-12-25T08:00:00Z,APTUSDT,0.00005721
2024-12-25T16:00:00Z,APTUSDT,0.0001
2024-12-26T00:00:00Z,APTUSDT,0.0001
2024-12-26T08:00:00Z,APTUSDT,0.0001
2024-12-26T16:00:00Z,APTUSDT,0.00002776
2024-12-27T00:00:00Z,APTUSDT,0.0001
2024-12-27T08:00:00Z,APTUSDT,0.0001
2024-12-27T16:00:00Z,APTUSDT,0.0001
2024-12-28T00:00:00Z,APTUSDT,0.0001
2024-12-28T08:00:00Z,APTUSDT,0.0001
2024-12-28T16:00:00Z,APTUSDT,0.0000711
2024-12-29T00:00:00Z,APTUSDT,0.0001
2024-12-29T08:00:00Z,APTUSDT,0.0001
2024-12-29T16:00:00Z,APTUSDT,0.0001
2024-12-30T00:00:00Z,APTUSDT,0.0001
2024-12-30T08:00:00Z,APTUSDT,0.00007954
2024-12-30T16:00:00Z,APTUSDT,0.00008355
2024-12-31T00:00:00Z,APTUSDT,0.00001765
2024-12-31T08:00:00Z,APTUSDT,0.00008165
2024-12-31T16:00:00Z,APTUSDT,0.0001
2025-01-01T00:00:00Z,APTUSDT,0.00009862
2025-01-01T08:00:00Z,APTUSDT,0.0001
2025-01-01T16:00:00Z,APTUSDT,0.00004089
2025-01-02T00:00:00Z,APTUSDT,0.0001
2025-01-02T08:00:00Z,APTUSDT,0.0001
2025-01-02T16:00:00Z,APTUSDT,0.0001
2025-01-03T00:00:00Z,APTUSDT,0.0001
2025-01-03T08:00:00Z,APTUSDT,0.0001
2025-01-03T16:00:00Z,APTUSDT,0.0001
2025-01-04T00:00:00Z,APTUSDT,0.0001
2025-01-04T08:00:00Z,APTUSDT,0.0001
2025-01-04T16:00:00Z,APTUSDT,0.0001
2025-01-05T00:00:00Z,APTUSDT,0.0001
2025-01-05T08:00:00Z,APTUSDT,0.0001
2025-01-05T16:00:00Z,APTUSDT,0.0001
2025-01-06T00:00:00Z,APTUSDT,0.0001
2025-01-06T08:00:00Z,APTUSDT,0.0001
2025-01-06T16:00:00Z,APTUSDT,0.0001
2025-01-07T00:00:00Z,APTUSDT,0.0001
2025-01-07T08:00:00Z,APTUSDT,0.00007635
2025-01-07T16:00:00Z,APTUSDT,0.0001
2025-01-08T00:00:00Z,APTUSDT,0.00002813
2025-01-08T08:00:00Z,APTUSDT,0.00006522
2025-01-08T16:00:00Z,APTUSDT,0.00005137
2025-01-09T00:00:00Z,APTUSDT,-0.00011005
2025-01-09T08:00:00Z,APTUSDT,0.00009983
2025-01-09T16:00:00Z,APTUSDT,-0.00011642
2025-01-10T00:00:00Z,APTUSDT,-0.00015525
2025-01-10T08:00:00Z,APTUSDT,0.0001
2025-01-10T16:00:00Z,APTUSDT,0.0001
2025-01-11T00:00:00Z,APTUSDT,0.0001
2025-01-11T08:00:00Z,APTUSDT,0.0001
2025-01-11T16:00:00Z,APTUSDT,-0.00002583
2025-01-12T00:00:00Z,APTUSDT,-0.0000437
2025-01-12T08:00:00Z,APTUSDT,0.0001
2025-01-12T16:00:00Z,APTUSDT,-0.00006035
2025-01-13T00:00:00Z,APTUSDT,0.0001
2025-01-13T08:00:00Z,APTUSDT,0.0001
2025-01-13T16:00:00Z,APTUSDT,-0.0000046
2025-01-14T00:00:00Z,APTUSDT,0.00001881
2025-01-14T08:00:00Z,APTUSDT,0.0001
2025-01-14T16:00:00Z,APTUSDT,0.0001
2025-01-15T00:00:00Z,APTUSDT,0.0001
2025-01-15T08:00:00Z,APTUSDT,0.0001
2025-01-15T16:00:00Z,APTUSDT,0.0001
2025-01-16T00:00:00Z,APTUSDT,0.0001
2025-01-16T08:00:00Z,APTUSDT,0.0001
2025-01-16T16:00:00Z,APTUSDT,0.0001
2025-01-17T00:00:00Z,APTUSDT,0.0001
2025-01-17T08:00:00Z,APTUSDT,0.0001
2025-01-17T16:00:00Z,APTUSDT,0.0001
2025-01-18T00:00:00Z,APTUSDT,0.0001
2025-01-18T08:00:00Z,APTUSDT,0.0001
2025-01-18T16:00:00Z,APTUSDT,0.0001
2025-01-19T00:00:00Z,APTUSDT,0.0001
2025-01-19T08:00:00Z,APTUSDT,0.0001
2025-01-19T16:00:00Z,APTUSDT,0.0001
2025-01-20T00:00:00Z,APTUSDT,0.0001
2025-01-20T08:00:00Z,APTUSDT,0.0001
2025-01-20T16:00:00Z,APTUSDT,0.0001
2025-01-21T00:00:00Z,APTUSDT,0.0001
2025-01-21T08:00:00Z,APTUSDT,0.0001
2025-01-21T16:00:00Z,APTUSDT,0.0001
2025-01-22T00:00:00Z,APTUSDT,0.0001
2025-01-22T08:00:00Z,APTUSDT,0.0001
2025-01-22T16:00:00Z,APTUSDT,0.0001
2025-01-23T00:00:00Z,APTUSDT,0.0001
2025-01-23T08:00:00Z,APTUSDT,0.0001
2025-01-23T16:00:00Z,APTUSDT,0.0001
2025-01-24T00:00:00Z,APTUSDT,0.0001
2025-01-24T08:00:00Z,APTUSDT,0.0001
2025-01-24T16:00:00Z,APTUSDT,0.0001
2025-01-25T00:00:00Z,APTUSDT,0.0001
2025-01-25T08:00:00Z,APTUSDT,0.0001
2025-01-25T16:00:00Z,APTUSDT,0.0001
2025-01-26T00:00:00Z,APTUSDT,0.0001
2025-01-26T08:00:00Z,APTUSDT,0.0001
2025-01-26T16:00:00Z,APTUSDT,0.0001
2025-01-27T00:00:00Z,APTUSDT,0.0001
2025-01-27T08:00:00Z,APTUSDT,-0.00004462
2025-01-27T16:00:00Z,APTUSDT,-0.00003993
2025-01-28T00:00:00Z,APTUSDT,0.00009487
2025-01-28T08:00:00Z,APTUSDT,0.0001
2025-01-28T16:00:00Z,APTUSDT,0.0001
2025-01-29T00:00:00Z,APTUSDT,0.0001
2025-01-29T08:00:00Z,APTUSDT,0.0001
2025-01-29T16:00:00Z,APTUSDT,0.0001
2025-01-30T00:00:00Z,APTUSDT,0.0001
2025-01-30T08:00:00Z,APTUSDT,0.0001
2025-01-30T16:00:00Z,APTUSDT,0.0001
2025-01-31T00:00:00Z,APTUSDT,0.0001
2025-01-31T08:00:00Z,APTUSDT,0.0001
2025-01-31T16:00:00Z,APTUSDT,0.0001
2025-02-01T00:00:00Z,APTUSDT,0.0001
2025-02-01T08:00:00Z,APTUSDT,0.0001
2025-02-01T16:00:00Z,APTUSDT,0.0001
2025-02-02T00:00:00Z,APTUSDT,-0.00003058
2025-02-02T08:00:00Z,APTUSDT,-0.0000795
2025-02-02T16:00:00Z,APTUSDT,0.00006681
2025-02-03T00:00:00Z,APTUSDT,-0.0000477
2025-02-03T08:00:00Z,APTUSDT,-0.00083218
2025-02-03T16:00:00Z,APTUSDT,-0.00015769
2025-02-04T00:00:00Z,APTUSDT,-0.00006028
2025-02-04T08:00:00Z,APTUSDT,-0.00003839
2025-02-04T16:00:00Z,APTUSDT,-0.00010421
2025-02-05T00:00:00Z,APTUSDT,-0.00003697
2025-02-05T08:00:00Z,APTUSDT,-0.00003386
2025-02-05T16:00:00Z,APTUSDT,-0.00004954
2025-02-06T00:00:00Z,APTUSDT,0.00003194
2025-02-06T08:00:00Z,APTUSDT,-0.00006476
2025-02-06T16:00:00Z,APTUSDT,-0.0003027
2025-02-07T00:00:00Z,APTUSDT,-0.0001785
2025-02-07T08:00:00Z,APTUSDT,-0.0002875
2025-02-07T16:00:00Z,APTUSDT,-0.00032872
2025-02-08T00:00:00Z,APTUSDT,-0.00024198
2025-02-08T08:00:00Z,APTUSDT,-0.00043254
2025-02-08T16:00:00Z,APTUSDT,-0.00043717
2025-02-09T00:00:00Z,APTUSDT,-0.00012434
2025-02-09T08:00:00Z,APTUSDT,-0.00013007
2025-02-09T16:00:00Z,APTUSDT,-0.0000482
2025-02-10T00:00:00Z,APTUSDT,-0.00003905
2025-02-10T08:00:00Z,APTUSDT,-0.00022478
2025-02-10T16:00:00Z,APTUSDT,-0.00006951
2025-02-11T00:00:00Z,APTUSDT,-0.00029717
2025-02-11T08:00:00Z,APTUSDT,0.00002485
2025-02-11T16:00:00Z,APTUSDT,-0.00005564
2025-02-12T00:00:00Z,APTUSDT,-0.00016622
2025-02-12T08:00:00Z,APTUSDT,-0.00016467
2025-02-12T16:00:00Z,APTUSDT,0.00002448
2025-02-13T00:00:00Z,APTUSDT,-0.00004996
2025-02-13T08:00:00Z,APTUSDT,-0.00028233
2025-02-13T16:00:00Z,APTUSDT,-0.00005329
2025-02-14T00:00:00Z,APTUSDT,-0.00001171
2025-02-14T08:00:00Z,APTUSDT,-0.00001373
2025-02-14T16:00:00Z,APTUSDT,0.0001
2025-02-15T00:00:00Z,APTUSDT,0.00006303
2025-02-15T08:00:00Z,APTUSDT,0.0001
2025-02-15T16:00:00Z,APTUSDT,-0.00005113
2025-02-16T00:00:00Z,APTUSDT,0.00002063
2025-02-16T08:00:00Z,APTUSDT,-0.00015544
2025-02-16T16:00:00Z,APTUSDT,0.0001
2025-02-17T00:00:00Z,APTUSDT,0.00002281
2025-02-17T08:00:00Z,APTUSDT,0.00009576
2025-02-17T16:00:00Z,APTUSDT,0.00008582
2025-02-18T00:00:00Z,APTUSDT,0.0001
2025-02-18T08:00:00Z,APTUSDT,-0.0000583
2025-02-18T16:00:00Z,APTUSDT,-0.00007851
2025-02-19T00:00:00Z,APTUSDT,0.00001319
2025-02-19T08:00:00Z,APTUSDT,-0.00020304
2025-02-19T16:00:00Z,APTUSDT,-0.00033843
2025-02-20T00:00:00Z,APTUSDT,-0.00006872
2025-02-20T08:00:00Z,APTUSDT,-0.00036342
2025-02-20T16:00:00Z,APTUSDT,-0.00005706
2025-02-21T00:00:00Z,APTUSDT,0.0001
2025-02-21T08:00:00Z,APTUSDT,-0.00011654
2025-02-21T16:00:00Z,APTUSDT,-0.0000569
2025-02-22T00:00:00Z,APTUSDT,-0.00052187
2025-02-22T08:00:00Z,APTUSDT,-0.00091728
2025-02-22T16:00:00Z,APTUSDT,-0.00009829
2025-02-23T00:00:00Z,APTUSDT,0.0001
2025-02-23T08:00:00Z,APTUSDT,-0.00033548
2025-02-23T16:00:00Z,APTUSDT,-0.0004094
2025-02-24T00:00:00Z,APTUSDT,-0.0001824
2025-02-24T08:00:00Z,APTUSDT,-0.00001391
2025-02-24T16:00:00Z,APTUSDT,0.0001
2025-02-25T00:00:00Z,APTUSDT,0.0000481
2025-02-25T08:00:00Z,APTUSDT,-0.00021394
2025-02-25T16:00:00Z,APTUSDT,-0.00001816
2025-02-26T00:00:00Z,APTUSDT,-0.0000629
2025-02-26T08:00:00Z,APTUSDT,0.00003813
2025-02-26T16:00:00Z,APTUSDT,-0.0000167
2025-02-27T00:00:00Z,APTUSDT,-0.00013428
2025-02-27T08:00:00Z,APTUSDT,-0.00009261
2025-02-27T16:00:00Z,APTUSDT,-0.00004764
2025-02-28T00:00:00Z,APTUSDT,-0.00006818
2025-02-28T08:00:00Z,APTUSDT,-0.00007259
2025-02-28T16:00:00Z,APTUSDT,0.00000667
2025-03-01T00:00:00Z,APTUSDT,0.00009201
2025-03-01T08:00:00Z,APTUSDT,0.0001
2025-03-01T16:00:00Z,APTUSDT,0.0000149
2025-03-02T00:00:00Z,APTUSDT,-0.00002731
2025-03-02T08:00:00Z,APTUSDT,0.00005374
2025-03-02T16:00:00Z,APTUSDT,-0.00003485
2025-03-03T00:00:00Z,APTUSDT,0.00005268
2025-03-03T08:00:00Z,APTUSDT,-0.00011768
2025-03-03T16:00:00Z,APTUSDT,0.00001918
2025-03-04T00:00:00Z,APTUSDT,-0.00000147
2025-03-04T08:00:00Z,APTUSDT,-0.00002546
2025-03-04T16:00:00Z,APTUSDT,-0.00001934
2025-03-05T00:00:00Z,APTUSDT,-0.00012291
2025-03-05T08:00:00Z,APTUSDT,-0.00027096
2025-03-05T16:00:00Z,APTUSDT,-0.00019607
2025-03-06T00:00:00Z,APTUSDT,0.00001209
2025-03-06T08:00:00Z,APTUSDT,0.00007508
2025-03-06T16:00:00Z,APTUSDT,0.0001
2025-03-07T00:00:00Z,APTUSDT,0.00003409
2025-03-07T08:00:00Z,APTUSDT,0.0000537
2025-03-07T16:00:00Z,APTUSDT,0.0001
2025-03-08T00:00:00Z,APTUSDT,0.0001
2025-03-08T08:00:00Z,APTUSDT,0.00005245
2025-03-08T16:00:00Z,APTUSDT,-0.00000325
2025-03-09T00:00:00Z,APTUSDT,-0.0000411
2025-03-09T08:00:00Z,APTUSDT,-0.00000516
2025-03-09T16:00:00Z,APTUSDT,0.0000137
2025-03-10T00:00:00Z,APTUSDT,-0.00000748
2025-03-10T08:00:00Z,APTUSDT,0.00007673
2025-03-10T16:00:00Z,APTUSDT,0.00005095
2025-03-11T00:00:00Z,APTUSDT,-0.00017825
2025-03-11T08:00:00Z,APTUSDT,-0.00011641
2025-03-11T16:00:00Z,APTUSDT,-0.0000301
2025-03-12T00:00:00Z,APTUSDT,0.00001934
2025-03-12T08:00:00Z,APTUSDT,-0.00011885
2025-03-12T16:00:00Z,APTUSDT,-0.00040098
2025-03-13T00:00:00Z,APTUSDT,-0.00026661
2025-03-13T08:00:00Z,APTUSDT,-0.00020759
2025-03-13T16:00:00Z,APTUSDT,-0.00013252
2025-03-14T00:00:00Z,APTUSDT,-0.00007806
2025-03-14T08:00:00Z,APTUSDT,-0.00009987
2025-03-14T16:00:00Z,APTUSDT,-0.0001058
2025-03-15T00:00:00Z,APTUSDT,-0.00008901
2025-03-15T08:00:00Z,APTUSDT,0.00003242
2025-03-15T16:00:00Z,APTUSDT,-0.00011027
2025-03-16T00:00:00Z,APTUSDT,0.000034
2025-03-16T08:00:00Z,APTUSDT,-0.00007299
2025-03-16T16:00:00Z,APTUSDT,0.00009483
2025-03-17T00:00:00Z,APTUSDT,-0.0000455
2025-03-17T08:00:00Z,APTUSDT,-0.00007413
2025-03-17T16:00:00Z,APTUSDT,0.00008453
2025-03-18T00:00:00Z,APTUSDT,0.00003447
2025-03-18T08:00:00Z,APTUSDT,0.00007576
2025-03-18T16:00:00Z,APTUSDT,0.00004176
2025-03-19T00:00:00Z,APTUSDT,0.00007008
2025-03-19T08:00:00Z,APTUSDT,-0.00004039
2025-03-19T16:00:00Z,APTUSDT,0.0001
2025-03-20T00:00:00Z,APTUSDT,0.0001
2025-03-20T08:00:00Z,APTUSDT,0.00007677
2025-03-20T16:00:00Z,APTUSDT,0.0001
2025-03-21T00:00:00Z,APTUSDT,0.0001
2025-03-21T08:00:00Z,APTUSDT,0.0001
2025-03-21T16:00:00Z,APTUSDT,0.0001
2025-03-22T00:00:00Z,APTUSDT,0.00005535
2025-03-22T08:00:00Z,APTUSDT,-0.00000837
2025-03-22T16:00:00Z,APTUSDT,-0.00002737
2025-03-23T00:00:00Z,APTUSDT,0.0000604
2025-03-23T08:00:00Z,APTUSDT,0.0001
2025-03-23T16:00:00Z,APTUSDT,0.0001
2025-03-24T00:00:00Z,APTUSDT,0.00001785
2025-03-24T08:00:00Z,APTUSDT,-0.00000158
2025-03-24T16:00:00Z,APTUSDT,-0.00002635
2025-03-25T00:00:00Z,APTUSDT,0.0001
2025-03-25T08:00:00Z,APTUSDT,0.00009218
2025-03-25T16:00:00Z,APTUSDT,0.00008242
2025-03-26T00:00:00Z,APTUSDT,0.00008029
2025-03-26T08:00:00Z,APTUSDT,0.00003626
2025-03-26T16:00:00Z,APTUSDT,0.00004215
2025-03-27T00:00:00Z,APTUSDT,0.00008362
2025-03-27T08:00:00Z,APTUSDT,0.00008062
2025-03-27T16:00:00Z,APTUSDT,-0.00003627
2025-03-28T00:00:00Z,APTUSDT,-0.00003625
2025-03-28T08:00:00Z,APTUSDT,0.00004946
2025-03-28T16:00:00Z,APTUSDT,0.00002175
2025-03-29T00:00:00Z,APTUSDT,0.0001
2025-03-29T08:00:00Z,APTUSDT,0.0001
2025-03-29T16:00:00Z,APTUSDT,0.00004323
2025-03-30T00:00:00Z,APTUSDT,0.0000018
2025-03-30T08:00:00Z,APTUSDT,0.00006733
2025-03-30T16:00:00Z,APTUSDT,0.00005759
2025-03-31T00:00:00Z,APTUSDT,0.0001
2025-03-31T08:00:00Z,APTUSDT,0.0001
2025-03-31T16:00:00Z,APTUSDT,-0.00016259
2025-04-01T00:00:00Z,APTUSDT,0.00007724
2025-04-01T08:00:00Z,APTUSDT,0.0001
2025-04-01T16:00:00Z,APTUSDT,0.00005413
2025-04-02T00:00:00Z,APTUSDT,0.0001
2025-04-02T08:00:00Z,APTUSDT,-0.00015442
2025-04-02T16:00:00Z,APTUSDT,-0.00001944
2025-04-03T00:00:00Z,APTUSDT,-0.00003323
2025-04-03T08:00:00Z,APTUSDT,-0.00000355
2025-04-03T16:00:00Z,APTUSDT,0.00004347
2025-04-04T00:00:00Z,APTUSDT,0.00002737
2025-04-04T08:00:00Z,APTUSDT,0.00005959
2025-04-04T16:00:00Z,APTUSDT,-0.00008582
2025-04-05T00:00:00Z,APTUSDT,0.00000751
2025-04-05T08:00:00Z,APTUSDT,-0.00002781
2025-04-05T16:00:00Z,APTUSDT,-0.0000808
2025-04-06T00:00:00Z,APTUSDT,0.00002288
2025-04-06T08:00:00Z,APTUSDT,0.00004713
2025-04-06T16:00:00Z,APTUSDT,0.00001185
2025-04-07T00:00:00Z,APTUSDT,-0.0000718
2025-04-07T08:00:00Z,APTUSDT,-0.00008901
2025-04-07T16:00:00Z,APTUSDT,-0.00002753
2025-04-08T00:00:00Z,APTUSDT,-0.00009095
2025-04-08T08:00:00Z,APTUSDT,-0.00012647
2025-04-08T16:00:00Z,APTUSDT,-0.0001607
2025-04-09T00:00:00Z,APTUSDT,-0.00011
2025-04-09T08:00:00Z,APTUSDT,-0.00008582
2025-04-09T16:00:00Z,APTUSDT,-0.00002119
2025-04-10T00:00:00Z,APTUSDT,-0.00007883
2025-04-10T08:00:00Z,APTUSDT,-0.00004866
2025-04-10T16:00:00Z,APTUSDT,-0.00003367
2025-04-11T00:00:00Z,APTUSDT,-0.00010037
2025-04-11T08:00:00Z,APTUSDT,-0.00001286
2025-04-11T16:00:00Z,APTUSDT,0.00000134
2025-04-12T00:00:00Z,APTUSDT,0.00007703
2025-04-12T08:00:00Z,APTUSDT,0.00001036
2025-04-12T16:00:00Z,APTUSDT,0.00003856
2025-04-13T00:00:00Z,APTUSDT,0.00006611
2025-04-13T08:00:00Z,APTUSDT,0.00003838
2025-04-13T16:00:00Z,APTUSDT,0.00005009
2025-04-14T00:00:00Z,APTUSDT,0.0001
2025-04-14T08:00:00Z,APTUSDT,-0.00004029
2025-04-14T16:00:00Z,APTUSDT,-0.0000482
2025-04-15T00:00:00Z,APTUSDT,0.00009439
2025-04-15T08:00:00Z,APTUSDT,0.00004902
2025-04-15T16:00:00Z,APTUSDT,-0.00001898
2025-04-16T00:00:00Z,APTUSDT,-0.00001616
2025-04-16T08:00:00Z,APTUSDT,-0.00005921
2025-04-16T16:00:00Z,APTUSDT,-0.00004783
2025-04-17T00:00:00Z,APTUSDT,-0.00006784
2025-04-17T08:00:00Z,APTUSDT,-0.00000736
2025-04-17T16:00:00Z,APTUSDT,0.00003273
2025-04-18T00:00:00Z,APTUSDT,0.00009885
2025-04-18T08:00:00Z,APTUSDT,0.00004645
2025-04-18T16:00:00Z,APTUSDT,-0.00001945
2025-04-19T00:00:00Z,APTUSDT,0.0000394
2025-04-19T08:00:00Z,APTUSDT,0.00004381
2025-04-19T16:00:00Z,APTUSDT,-0.00007109
2025-04-20T00:00:00Z,APTUSDT,0.00005306
2025-04-20T08:00:00Z,APTUSDT,0.0001
2025-04-20T16:00:00Z,APTUSDT,-0.00006956
2025-04-21T00:00:00Z,APTUSDT,-0.00002881
2025-04-21T08:00:00Z,APTUSDT,-0.00006507
2025-04-21T16:00:00Z,APTUSDT,0.0000077
2025-04-22T00:00:00Z,APTUSDT,0.00004102
2025-04-22T08:00:00Z,APTUSDT,-0.00005566
2025-04-22T16:00:00Z,APTUSDT,-0.00025151
2025-04-23T00:00:00Z,APTUSDT,0.0001
2025-04-23T08:00:00Z,APTUSDT,0.0001
2025-04-23T16:00:00Z,APTUSDT,-0.00016322
2025-04-24T00:00:00Z,APTUSDT,0.0001
2025-04-24T08:00:00Z,APTUSDT,-0.00010782
2025-04-24T16:00:00Z,APTUSDT,-0.00010287
2025-04-25T00:00:00Z,APTUSDT,0.00001287
2025-04-25T08:00:00Z,APTUSDT,0.00006917
2025-04-25T16:00:00Z,APTUSDT,-0.00001934
2025-04-26T00:00:00Z,APTUSDT,0.0001
2025-04-26T08:00:00Z,APTUSDT,0.0001
2025-04-26T16:00:00Z,APTUSDT,-0.00001806
2025-04-27T00:00:00Z,APTUSDT,-0.0000069
2025-04-27T08:00:00Z,APTUSDT,-0.00012982
2025-04-27T16:00:00Z,APTUSDT,0.00000964
2025-04-28T00:00:00Z,APTUSDT,0.0001
2025-04-28T08:00:00Z,APTUSDT,0.0001
2025-04-28T16:00:00Z,APTUSDT,0.0000163
2025-04-29T00:00:00Z,APTUSDT,0.0001
2025-04-29T08:00:00Z,APTUSDT,0.00003468
2025-04-29T16:00:00Z,APTUSDT,0.00002265
2025-04-30T00:00:00Z,APTUSDT,-0.00007589
2025-04-30T08:00:00Z,APTUSDT,0.0001
2025-04-30T16:00:00Z,APTUSDT,-0.00009686
2025-05-01T00:00:00Z,APTUSDT,-0.00002986
2025-05-01T08:00:00Z,APTUSDT,-0.00003496
2025-05-01T16:00:00Z,APTUSDT,-0.00001164
2025-05-02T00:00:00Z,APTUSDT,0.00006654
2025-05-02T08:00:00Z,APTUSDT,-0.00002078
2025-05-02T16:00:00Z,APTUSDT,0.0000443
2025-05-03T00:00:00Z,APTUSDT,0.00009605
2025-05-03T08:00:00Z,APTUSDT,0.00009115
2025-05-03T16:00:00Z,APTUSDT,0.0000039
2025-05-04T00:00:00Z,APTUSDT,0.00001339
2025-05-04T08:00:00Z,APTUSDT,-0.00001149
2025-05-04T16:00:00Z,APTUSDT,0.0001
2025-05-05T00:00:00Z,APTUSDT,-0.00002635
2025-05-05T08:00:00Z,APTUSDT,0.00006202
2025-05-05T16:00:00Z,APTUSDT,0.00009441
2025-05-06T00:00:00Z,APTUSDT,0.00004699
2025-05-06T08:00:00Z,APTUSDT,-0.00010201
2025-05-06T16:00:00Z,APTUSDT,-0.00000858
2025-05-07T00:00:00Z,APTUSDT,-0.00003899
2025-05-07T08:00:00Z,APTUSDT,-0.00008735
2025-05-07T16:00:00Z,APTUSDT,-0.00026587
2025-05-08T00:00:00Z,APTUSDT,-0.00005085
2025-05-08T08:00:00Z,APTUSDT,-0.00007081
2025-05-08T16:00:00Z,APTUSDT,0.00001639
2025-05-09T00:00:00Z,APTUSDT,0.0001
2025-05-09T08:00:00Z,APTUSDT,0.0001
2025-05-09T16:00:00Z,APTUSDT,0.0001
2025-05-10T00:00:00Z,APTUSDT,0.0001
2025-05-10T08:00:00Z,APTUSDT,0.0001
2025-05-10T16:00:00Z,APTUSDT,0.0001
2025-05-11T00:00:00Z,APTUSDT,0.0001
2025-05-11T08:00:00Z,APTUSDT,0.0001
2025-05-11T16:00:00Z,APTUSDT,0.0001
2025-05-12T00:00:00Z,APTUSDT,0.0001
2025-05-12T08:00:00Z,APTUSDT,0.0001
2025-05-12T16:00:00Z,APTUSDT,0.0001
2025-05-13T00:00:00Z,APTUSDT,0.0001
2025-05-13T08:00:00Z,APTUSDT,0.0001
2025-05-13T16:00:00Z,APTUSDT,0.0001
2025-05-14T00:00:00Z,APTUSDT,0.0001
2025-05-14T08:00:00Z,APTUSDT,0.0001
2025-05-14T16:00:00Z,APTUSDT,0.0001
2025-05-15T00:00:00Z,APTUSDT,0.0001
2025-05-15T08:00:00Z,APTUSDT,0.0001
2025-05-15T16:00:00Z,APTUSDT,0.0001
2025-05-16T00:00:00Z,APTUSDT,0.0001
2025-05-16T08:00:00Z,APTUSDT,0.0001
2025-05-16T16:00:00Z,APTUSDT,0.0001
2025-05-17T00:00:00Z,APTUSDT,0.0001
2025-05-17T08:00:00Z,APTUSDT,0.0001
2025-05-17T16:00:00Z,APTUSDT,-0.00001357
2025-05-18T00:00:00Z,APTUSDT,0.00008604
2025-05-18T08:00:00Z,APTUSDT,0.00005813
2025-05-18T16:00:00Z,APTUSDT,0.00009909
2025-05-19T00:00:00Z,APTUSDT,0.00009733
2025-05-19T08:00:00Z,APTUSDT,0.00007731
2025-05-19T16:00:00Z,APTUSDT,0.00005997
2025-05-20T00:00:00Z,APTUSDT,0.0001
2025-05-20T08:00:00Z,APTUSDT,0.0001
2025-05-20T16:00:00Z,APTUSDT,0.00001378
2025-05-21T00:00:00Z,APTUSDT,0.00000068
2025-05-21T08:00:00Z,APTUSDT,0.0001
2025-05-21T16:00:00Z,APTUSDT,0.0001
2025-05-22T00:00:00Z,APTUSDT,0.0001
2025-05-22T08:00:00Z,APTUSDT,0.0001
2025-05-22T16:00:00Z,APTUSDT,0.0001
2025-05-23T00:00:00Z,APTUSDT,0.0001
2025-05-23T08:00:00Z,APTUSDT,0.0001
2025-05-23T16:00:00Z,APTUSDT,0.0001
2025-05-24T00:00:00Z,APTUSDT,0.00004568
2025-05-24T08:00:00Z,APTUSDT,0.00005861
2025-05-24T16:00:00Z,APTUSDT,0.00004395
2025-05-25T00:00:00Z,APTUSDT,0.0001
2025-05-25T08:00:00Z,APTUSDT,0.00000572
2025-05-25T16:00:00Z,APTUSDT,0.00000003
2025-05-26T00:00:00Z,APTUSDT,-0.00012921
2025-05-26T08:00:00Z,APTUSDT,-0.00006845
2025-05-26T16:00:00Z,APTUSDT,-0.00001717
2025-05-27T00:00:00Z,APTUSDT,0.00000486
2025-05-27T08:00:00Z,APTUSDT,0.00000286
2025-05-27T16:00:00Z,APTUSDT,0.00000869
2025-05-28T00:00:00Z,APTUSDT,0.0001
2025-05-28T08:00:00Z,APTUSDT,0.0001
2025-05-28T16:00:00Z,APTUSDT,0.0001
2025-05-29T00:00:00Z,APTUSDT,0.0001
2025-05-29T08:00:00Z,APTUSDT,0.0001
2025-05-29T16:00:00Z,APTUSDT,0.0001
2025-05-30T00:00:00Z,APTUSDT,0.0001
2025-05-30T08:00:00Z,APTUSDT,0.00004549
2025-05-30T16:00:00Z,APTUSDT,0.0001
2025-05-31T00:00:00Z,APTUSDT,0.0001
2025-05-31T08:00:00Z,APTUSDT,0.0001
2025-05-31T16:00:00Z,APTUSDT,0.0001
2025-06-01T00:00:00Z,APTUSDT,0.0001
2025-06-01T08:00:00Z,APTUSDT,0.0001
2025-06-01T16:00:00Z,APTUSDT,0.0001
2025-06-02T00:00:00Z,APTUSDT,0.0001
2025-06-02T08:00:00Z,APTUSDT,0.0001
2025-06-02T16:00:00Z,APTUSDT,0.0001
2025-06-03T00:00:00Z,APTUSDT,0.0001
2025-06-03T08:00:00Z,APTUSDT,0.0001
2025-06-03T16:00:00Z,APTUSDT,0.0001
2025-06-04T00:00:00Z,APTUSDT,0.0001
2025-06-04T08:00:00Z,APTUSDT,0.0001
2025-06-04T16:00:00Z,APTUSDT,0.0001
2025-06-05T00:00:00Z,APTUSDT,0.0001
2025-06-05T08:00:00Z,APTUSDT,0.0001
2025-06-05T16:00:00Z,APTUSDT,0.0001
2025-06-06T00:00:00Z,APTUSDT,0.0000233
2025-06-06T08:00:00Z,APTUSDT,0.0001
2025-06-06T16:00:00Z,APTUSDT,0.00009223
2025-06-07T00:00:00Z,APTUSDT,0.0001
2025-06-07T08:00:00Z,APTUSDT,0.0001
2025-06-07T16:00:00Z,APTUSDT,0.0001
2025-06-08T00:00:00Z,APTUSDT,0.0001
2025-06-08T08:00:00Z,APTUSDT,0.0000578
2025-06-08T16:00:00Z,APTUSDT,0.0001
2025-06-09T00:00:00Z,APTUSDT,0.0001
2025-06-09T08:00:00Z,APTUSDT,0.00006947
2025-06-09T16:00:00Z,APTUSDT,0.0001
2025-06-10T00:00:00Z,APTUSDT,0.0001
2025-06-10T08:00:00Z,APTUSDT,0.0001
2025-06-10T16:00:00Z,APTUSDT,0.0001
2025-06-11T00:00:00Z,APTUSDT,0.0001
2025-06-11T08:00:00Z,APTUSDT,0.0001
2025-06-11T16:00:00Z,APTUSDT,0.0001
2025-06-12T00:00:00Z,APTUSDT,0.0001
2025-06-12T08:00:00Z,APTUSDT,0.00005537
2025-06-12T16:00:00Z,APTUSDT,0.0001
2025-06-13T00:00:00Z,APTUSDT,0.0000886
2025-06-13T08:00:00Z,APTUSDT,0.00004954
2025-06-13T16:00:00Z,APTUSDT,0.00003367
2025-06-14T00:00:00Z,APTUSDT,0.00004629
2025-06-14T08:00:00Z,APTUSDT,0.00000798
2025-06-14T16:00:00Z,APTUSDT,-0.00004008
2025-06-15T00:00:00Z,APTUSDT,0.00000467
2025-06-15T08:00:00Z,APTUSDT,0.00000208
2025-06-15T16:00:00Z,APTUSDT,-0.00005048
2025-06-16T00:00:00Z,APTUSDT,0.00007129
2025-06-16T08:00:00Z,APTUSDT,-0.0000029
2025-06-16T16:00:00Z,APTUSDT,-0.00006639
2025-06-17T00:00:00Z,APTUSDT,-0.00007556
2025-06-17T08:00:00Z,APTUSDT,0.00002013
2025-06-17T16:00:00Z,APTUSDT,-0.0000262
2025-06-18T00:00:00Z,APTUSDT,-0.00000845
2025-06-18T08:00:00Z,APTUSDT,-0.00005181
2025-06-18T16:00:00Z,APTUSDT,-0.00009157
2025-06-19T00:00:00Z,APTUSDT,-0.00007139
2025-06-19T08:00:00Z,APTUSDT,0.00007979
2025-06-19T16:00:00Z,APTUSDT,0.00003436
2025-06-20T00:00:00Z,APTUSDT,0.0001
2025-06-20T08:00:00Z,APTUSDT,0.0001
2025-06-20T16:00:00Z,APTUSDT,0.00006705
2025-06-21T00:00:00Z,APTUSDT,-0.00003247
2025-06-21T08:00:00Z,APTUSDT,-0.00002847
2025-06-21T16:00:00Z,APTUSDT,-0.00005769
2025-06-22T00:00:00Z,APTUSDT,0.000001
2025-06-22T08:00:00Z,APTUSDT,0.00002313
2025-06-22T16:00:00Z,APTUSDT,-0.00018318
2025-06-23T00:00:00Z,APTUSDT,-0.00013326
2025-06-23T08:00:00Z,APTUSDT,0.0001
2025-06-23T16:00:00Z,APTUSDT,0.00004256
2025-06-24T00:00:00Z,APTUSDT,-0.00000547
2025-06-24T08:00:00Z,APTUSDT,0.00004445
2025-06-24T16:00:00Z,APTUSDT,0.00007542
2025-06-25T00:00:00Z,APTUSDT,0.0001
2025-06-25T08:00:00Z,APTUSDT,-0.0000847
2025-06-25T16:00:00Z,APTUSDT,-0.00006201
2025-06-26T00:00:00Z,APTUSDT,0.00000209
2025-06-26T08:00:00Z,APTUSDT,-0.000148
2025-06-26T16:00:00Z,APTUSDT,-0.00007348
2025-06-27T00:00:00Z,APTUSDT,0.0000422
2025-06-27T08:00:00Z,APTUSDT,-0.00023914
2025-06-27T16:00:00Z,APTUSDT,-0.00073115
2025-06-28T00:00:00Z,APTUSDT,-0.00066171
2025-06-28T08:00:00Z,APTUSDT,-0.0002387
2025-06-28T16:00:00Z,APTUSDT,-0.00050025
2025-06-29T00:00:00Z,APTUSDT,-0.00013428
2025-06-29T08:00:00Z,APTUSDT,-0.00027113
2025-06-29T16:00:00Z,APTUSDT,-0.00001511
2025-06-30T00:00:00Z,APTUSDT,0.00004134
2025-06-30T08:00:00Z,APTUSDT,-0.00003973
2025-06-30T16:00:00Z,APTUSDT,-0.00010173
2025-07-01T00:00:00Z,APTUSDT,-0.00005886
2025-07-01T08:00:00Z,APTUSDT,-0.00005779
2025-07-01T16:00:00Z,APTUSDT,-0.00009353
2025-07-02T00:00:00Z,APTUSDT,0.00001233
2025-07-02T08:00:00Z,APTUSDT,0.00006816
2025-07-02T16:00:00Z,APTUSDT,0.00003253
2025-07-03T00:00:00Z,APTUSDT,-0.0000085
2025-07-03T08:00:00Z,APTUSDT,0.0001
2025-07-03T16:00:00Z,APTUSDT,-0.00001847
2025-07-04T00:00:00Z,APTUSDT,0.0001
2025-07-04T08:00:00Z,APTUSDT,-0.000015
2025-07-04T16:00:00Z,APTUSDT,0.00000763
2025-07-05T00:00:00Z,APTUSDT,0.00004995
2025-07-05T08:00:00Z,APTUSDT,0.0000355
2025-07-05T16:00:00Z,APTUSDT,0.0001
2025-07-06T00:00:00Z,APTUSDT,-0.00009367
2025-07-06T08:00:00Z,APTUSDT,-0.00006354
2025-07-06T16:00:00Z,APTUSDT,0.00002456
2025-07-07T00:00:00Z,APTUSDT,0.0000241
2025-07-07T08:00:00Z,APTUSDT,-0.00009552
2025-07-07T16:00:00Z,APTUSDT,0.00000132
2025-07-08T00:00:00Z,APTUSDT,0.0001
2025-07-08T08:00:00Z,APTUSDT,-0.00003588
2025-07-08T16:00:00Z,APTUSDT,0.00002456
2025-07-09T00:00:00Z,APTUSDT,-0.00000334
2025-07-09T08:00:00Z,APTUSDT,-0.00003627
2025-07-09T16:00:00Z,APTUSDT,0.0001
2025-07-10T00:00:00Z,APTUSDT,0.0001
2025-07-10T08:00:00Z,APTUSDT,0.0001
2025-07-10T16:00:00Z,APTUSDT,-0.00018081
2025-07-11T00:00:00Z,APTUSDT,0.0001
2025-07-11T08:00:00Z,APTUSDT,0.0001
2025-07-11T16:00:00Z,APTUSDT,0.0001
2025-07-12T00:00:00Z,APTUSDT,0.0001
2025-07-12T08:00:00Z,APTUSDT,0.0001
2025-07-12T16:00:00Z,APTUSDT,-0.00013389
2025-07-13T00:00:00Z,APTUSDT,0.00005463
2025-07-13T08:00:00Z,APTUSDT,0.00007521
2025-07-13T16:00:00Z,APTUSDT,0.00009712
2025-07-14T00:00:00Z,APTUSDT,-0.00000342
2025-07-14T08:00:00Z,APTUSDT,0.0001
2025-07-14T16:00:00Z,APTUSDT,0.00007
2025-07-15T00:00:00Z,APTUSDT,0.00001846
2025-07-15T08:00:00Z,APTUSDT,0.00009347
2025-07-15T16:00:00Z,APTUSDT,0.00006428
2025-07-16T00:00:00Z,APTUSDT,0.0001
2025-07-16T08:00:00Z,APTUSDT,0.0001
2025-07-16T16:00:00Z,APTUSDT,0.0001
2025-07-17T00:00:00Z,APTUSDT,0.0001
2025-07-17T08:00:00Z,APTUSDT,0.0001
2025-07-17T16:00:00Z,APTUSDT,0.0001
2025-07-18T00:00:00Z,APTUSDT,0.0001
2025-07-18T08:00:00Z,APTUSDT,0.0001
2025-07-18T16:00:00Z,APTUSDT,0.0001
2025-07-19T00:00:00Z,APTUSDT,0.0001
2025-07-19T08:00:00Z,APTUSDT,0.0001
2025-07-19T16:00:00Z,APTUSDT,0.0001
2025-07-20T00:00:00Z,APTUSDT,0.0001
2025-07-20T08:00:00Z,APTUSDT,0.0001
2025-07-20T16:00:00Z,APTUSDT,0.0001
2025-07-21T00:00:00Z,APTUSDT,0.0001
2025-07-21T08:00:00Z,APTUSDT,0.0001
2025-07-21T16:00:00Z,APTUSDT,0.00011472
2025-07-22T00:00:00Z,APTUSDT,0.0001
2025-07-22T08:00:00Z,APTUSDT,0.0001
2025-07-22T16:00:00Z,APTUSDT,0.0001
2025-07-23T00:00:00Z,APTUSDT,0.0001
2025-07-23T08:00:00Z,APTUSDT,0.0001
2025-07-23T16:00:00Z,APTUSDT,0.00001695
2025-07-24T00:00:00Z,APTUSDT,0.0001
2025-07-24T08:00:00Z,APTUSDT,0.0001
2025-07-24T16:00:00Z,APTUSDT,-0.00030671
2025-07-25T00:00:00Z,APTUSDT,-0.00033988
2025-07-25T08:00:00Z,APTUSDT,-0.00018835
2025-07-25T16:00:00Z,APTUSDT,-0.00002362
2025-07-26T00:00:00Z,APTUSDT,0.00009269
2025-07-26T08:00:00Z,APTUSDT,0.0001
2025-07-26T16:00:00Z,APTUSDT,0.0001
2025-07-27T00:00:00Z,APTUSDT,0.0001
2025-07-27T08:00:00Z,APTUSDT,0.0001
2025-07-27T16:00:00Z,APTUSDT,0.0001
2025-07-28T00:00:00Z,APTUSDT,0.0001
2025-07-28T08:00:00Z,APTUSDT,0.0001
2025-07-28T16:00:00Z,APTUSDT,0.0001
2025-07-29T00:00:00Z,APTUSDT,0.0001
2025-07-29T08:00:00Z,APTUSDT,0.0001
2025-07-29T16:00:00Z,APTUSDT,0.0001
2025-07-30T00:00:00Z,APTUSDT,-0.00000055
2025-07-30T08:00:00Z,APTUSDT,0.0000437
2025-07-30T16:00:00Z,APTUSDT,0.00002219
2025-07-31T00:00:00Z,APTUSDT,-0.00009765
2025-07-31T08:00:00Z,APTUSDT,0.0001
2025-07-31T16:00:00Z,APTUSDT,0.00006313
2025-08-01T00:00:00Z,APTUSDT,-0.00009731
2025-08-01T08:00:00Z,APTUSDT,-0.00003204
2025-08-01T16:00:00Z,APTUSDT,0.00007228
2025-08-02T00:00:00Z,APTUSDT,0.0001
2025-08-02T08:00:00Z,APTUSDT,0.0000509
2025-08-02T16:00:00Z,APTUSDT,0.0001
2025-08-03T00:00:00Z,APTUSDT,0.0001
2025-08-03T08:00:00Z,APTUSDT,0.0001
2025-08-03T16:00:00Z,APTUSDT,0.0001
2025-08-04T00:00:00Z,APTUSDT,0.00007561
2025-08-04T08:00:00Z,APTUSDT,0.0000194
2025-08-04T16:00:00Z,APTUSDT,-0.00020109
2025-08-05T00:00:00Z,APTUSDT,-0.00002197
2025-08-05T08:00:00Z,APTUSDT,-0.00011672
2025-08-05T16:00:00Z,APTUSDT,-0.00005725
2025-08-06T00:00:00Z,APTUSDT,-0.00049122
2025-08-06T08:00:00Z,APTUSDT,-0.00020352
2025-08-06T16:00:00Z,APTUSDT,-0.00067248
2025-08-07T00:00:00Z,APTUSDT,-0.00033861
2025-08-07T08:00:00Z,APTUSDT,-0.00038846
2025-08-07T16:00:00Z,APTUSDT,-0.00067138
2025-08-08T00:00:00Z,APTUSDT,-0.00021357
2025-08-08T08:00:00Z,APTUSDT,0.00007464
2025-08-08T16:00:00Z,APTUSDT,0.00004479
2025-08-09T00:00:00Z,APTUSDT,-0.00014342
2025-08-09T08:00:00Z,APTUSDT,0.0001
2025-08-09T16:00:00Z,APTUSDT,0.0001
2025-08-10T00:00:00Z,APTUSDT,0.0001
2025-08-10T08:00:00Z,APTUSDT,0.00005871
2025-08-10T16:00:00Z,APTUSDT,0.0001
2025-08-11T00:00:00Z,APTUSDT,0.0001
2025-08-11T08:00:00Z,APTUSDT,0.0001
2025-08-11T16:00:00Z,APTUSDT,0.00009081
2025-08-12T00:00:00Z,APTUSDT,0.0001
2025-08-12T08:00:00Z,APTUSDT,0.0001
2025-08-12T16:00:00Z,APTUSDT,0.0001
2025-08-13T00:00:00Z,APTUSDT,0.0001
2025-08-13T08:00:00Z,APTUSDT,0.0001
2025-08-13T16:00:00Z,APTUSDT,0.0001
2025-08-14T00:00:00Z,APTUSDT,0.0001
2025-08-14T08:00:00Z,APTUSDT,0.0001
2025-08-14T16:00:00Z,APTUSDT,0.0001
2025-08-15T00:00:00Z,APTUSDT,-0.00006549
2025-08-15T08:00:00Z,APTUSDT,0.00007049
2025-08-15T16:00:00Z,APTUSDT,-0.00003777
2025-08-16T00:00:00Z,APTUSDT,0.00006263
2025-08-16T08:00:00Z,APTUSDT,0.0001
2025-08-16T16:00:00Z,APTUSDT,0.0001
2025-08-17T00:00:00Z,APTUSDT,0.00009789
2025-08-17T08:00:00Z,APTUSDT,0.0001
2025-08-17T16:00:00Z,APTUSDT,0.0001
2025-08-18T00:00:00Z,APTUSDT,0.0001
2025-08-18T08:00:00Z,APTUSDT,-0.00007717
2025-08-18T16:00:00Z,APTUSDT,0.00008279
2025-08-19T00:00:00Z,APTUSDT,0.0001
2025-08-19T08:00:00Z,APTUSDT,0.0001
2025-08-19T16:00:00Z,APTUSDT,0.0001
2025-08-20T00:00:00Z,APTUSDT,0.0001
2025-08-20T08:00:00Z,APTUSDT,0.00002827
2025-08-20T16:00:00Z,APTUSDT,0.00004249
2025-08-21T00:00:00Z,APTUSDT,0.0001
2025-08-21T08:00:00Z,APTUSDT,0.0001
2025-08-21T16:00:00Z,APTUSDT,0.00008917
2025-08-22T00:00:00Z,APTUSDT,0.0001
2025-08-22T08:00:00Z,APTUSDT,0.0001
2025-08-22T16:00:00Z,APTUSDT,0.0001
2025-08-23T00:00:00Z,APTUSDT,0.0001
2025-08-23T08:00:00Z,APTUSDT,0.0001
2025-08-23T16:00:00Z,APTUSDT,0.0001
2025-08-24T00:00:00Z,APTUSDT,0.0001
2025-08-24T08:00:00Z,APTUSDT,0.0001
2025-08-24T16:00:00Z,APTUSDT,0.0001
2025-08-25T00:00:00Z,APTUSDT,0.0001
2025-08-25T08:00:00Z,APTUSDT,0.0001
2025-08-25T16:00:00Z,APTUSDT,0.0001
2025-08-26T00:00:00Z,APTUSDT,-0.00007455
2025-08-26T08:00:00Z,APTUSDT,-0.00003548
2025-08-26T16:00:00Z,APTUSDT,-0.00001565
2025-08-27T00:00:00Z,APTUSDT,-0.00003382
2025-08-27T08:00:00Z,APTUSDT,0.00002975
2025-08-27T16:00:00Z,APTUSDT,0.00005854
2025-08-28T00:00:00Z,APTUSDT,0.00007391
2025-08-28T08:00:00Z,APTUSDT,0.0000694
2025-08-28T16:00:00Z,APTUSDT,0.0001
2025-08-29T00:00:00Z,APTUSDT,0.0001
2025-08-29T08:00:00Z,APTUSDT,0.0001
2025-08-29T16:00:00Z,APTUSDT,0.00004829
2025-08-30T00:00:00Z,APTUSDT,0.0001
2025-08-30T08:00:00Z,APTUSDT,0.0001
2025-08-30T16:00:00Z,APTUSDT,0.0001
2025-08-31T00:00:00Z,APTUSDT,0.00008732
2025-08-31T08:00:00Z,APTUSDT,0.0001
2025-08-31T16:00:00Z,APTUSDT,0.0001
2025-09-01T00:00:00Z,APTUSDT,0.00007697
2025-09-01T08:00:00Z,APTUSDT,-0.00003393
2025-09-01T16:00:00Z,APTUSDT,0.00004323
2025-09-02T00:00:00Z,APTUSDT,-0.00014929
2025-09-02T08:00:00Z,APTUSDT,-0.00002611
2025-09-02T16:00:00Z,APTUSDT,-0.00001672
2025-09-03T00:00:00Z,APTUSDT,0.0001
2025-09-03T08:00:00Z,APTUSDT,0.0001
2025-09-03T16:00:00Z,APTUSDT,0.0001
2025-09-04T00:00:00Z,APTUSDT,0.0001
2025-09-04T08:00:00Z,APTUSDT,0.0001
2025-09-04T16:00:00Z,APTUSDT,0.00007047
2025-09-05T00:00:00Z,APTUSDT,0.00003944
2025-09-05T08:00:00Z,APTUSDT,0.00003731
2025-09-05T16:00:00Z,APTUSDT,0.00008776
2025-09-06T00:00:00Z,APTUSDT,0.0001
2025-09-06T08:00:00Z,APTUSDT,0.0001
2025-09-06T16:00:00Z,APTUSDT,0.0001
2025-09-07T00:00:00Z,APTUSDT,0.0001
2025-09-07T08:00:00Z,APTUSDT,0.0001
2025-09-07T16:00:00Z,APTUSDT,0.0001
2025-09-08T00:00:00Z,APTUSDT,0.0001
2025-09-08T08:00:00Z,APTUSDT,0.0001
2025-09-08T16:00:00Z,APTUSDT,0.0001
2025-09-09T00:00:00Z,APTUSDT,0.0001
2025-09-09T08:00:00Z,APTUSDT,0.0001
2025-09-09T16:00:00Z,APTUSDT,0.0001
2025-09-10T00:00:00Z,APTUSDT,0.0001
2025-09-10T08:00:00Z,APTUSDT,0.0001
2025-09-10T16:00:00Z,APTUSDT,0.0001
2025-09-11T00:00:00Z,APTUSDT,0.0001
2025-09-11T08:00:00Z,APTUSDT,0.0001
2025-09-11T16:00:00Z,APTUSDT,0.0001
2025-09-12T00:00:00Z,APTUSDT,0.0001
2025-09-12T08:00:00Z,APTUSDT,0.0001
2025-09-12T16:00:00Z,APTUSDT,0.0001
2025-09-13T00:00:00Z,APTUSDT,0.0001
2025-09-13T08:00:00Z,APTUSDT,0.0001
2025-09-13T16:00:00Z,APTUSDT,0.0001
2025-09-14T00:00:00Z,APTUSDT,0.0001
2025-09-14T08:00:00Z,APTUSDT,0.0001
2025-09-14T16:00:00Z,APTUSDT,0.0001
2025-09-15T00:00:00Z,APTUSDT,0.0001
2025-09-15T08:00:00Z,APTUSDT,0.0001
2025-09-15T16:00:00Z,APTUSDT,0.0001
2025-09-16T00:00:00Z,APTUSDT,0.0001
2025-09-16T08:00:00Z,APTUSDT,0.0000438
2025-09-16T16:00:00Z,APTUSDT,0.0001
2025-09-17T00:00:00Z,APTUSDT,0.00004693
2025-09-17T08:00:00Z,APTUSDT,0.00009881
2025-09-17T16:00:00Z,APTUSDT,0.000034
2025-09-18T00:00:00Z,APTUSDT,0.0001
2025-09-18T08:00:00Z,APTUSDT,0.0001
2025-09-18T16:00:00Z,APTUSDT,0.0001
2025-09-19T00:00:00Z,APTUSDT,0.0001
2025-09-19T08:00:00Z,APTUSDT,0.0001
2025-09-19T16:00:00Z,APTUSDT,0.0001
2025-09-20T00:00:00Z,APTUSDT,0.00005761
2025-09-20T08:00:00Z,APTUSDT,0.0001
2025-09-20T16:00:00Z,APTUSDT,0.0001
2025-09-21T00:00:00Z,APTUSDT,0.0001
2025-09-21T08:00:00Z,APTUSDT,0.0001
2025-09-21T16:00:00Z,APTUSDT,0.0001
2025-09-22T00:00:00Z,APTUSDT,0.0001
2025-09-22T08:00:00Z,APTUSDT,0.0001
2025-09-22T16:00:00Z,APTUSDT,-0.00007991
2025-09-23T00:00:00Z,APTUSDT,0.00000237
2025-09-23T08:00:00Z,APTUSDT,0.0001
2025-09-23T16:00:00Z,APTUSDT,0.00007162
2025-09-24T00:00:00Z,APTUSDT,0.00003171
2025-09-24T08:00:00Z,APTUSDT,0.00008077
2025-09-24T16:00:00Z,APTUSDT,0.0001
2025-09-25T00:00:00Z,APTUSDT,-0.00011065
2025-09-25T08:00:00Z,APTUSDT,-0.00004365
2025-09-25T16:00:00Z,APTUSDT,-0.00015374
2025-09-26T00:00:00Z,APTUSDT,-0.00009709
2025-09-26T08:00:00Z,APTUSDT,0.00003669
2025-09-26T16:00:00Z,APTUSDT,-0.00005256
2025-09-27T00:00:00Z,APTUSDT,0.0001
2025-09-27T08:00:00Z,APTUSDT,0.0001
2025-09-27T16:00:00Z,APTUSDT,-0.00009705
2025-09-28T00:00:00Z,APTUSDT,-0.00053215
2025-09-28T08:00:00Z,APTUSDT,-0.00043813
2025-09-28T16:00:00Z,APTUSDT,-0.00025837
2025-09-29T00:00:00Z,APTUSDT,-0.00006899
2025-09-29T08:00:00Z,APTUSDT,0.0001
2025-09-29T16:00:00Z,APTUSDT,0.00008251
2025-09-30T00:00:00Z,APTUSDT,0.00007488
2025-09-30T08:00:00Z,APTUSDT,0.0001
2025-09-30T16:00:00Z,APTUSDT,-0.00023901
2025-10-01T00:00:00Z,APTUSDT,-0.00082903
2025-10-01T08:00:00Z,APTUSDT,-0.00008864
2025-10-01T16:00:00Z,APTUSDT,-0.00003625
2025-10-02T00:00:00Z,APTUSDT,0.0001
2025-10-02T08:00:00Z,APTUSDT,0.00004924
2025-10-02T16:00:00Z,APTUSDT,0.0001
2025-10-03T00:00:00Z,APTUSDT,0.00002469
2025-10-03T08:00:00Z,APTUSDT,-0.00019505
2025-10-03T16:00:00Z,APTUSDT,-0.00030774
2025-10-04T00:00:00Z,APTUSDT,0.00004988
2025-10-04T08:00:00Z,APTUSDT,-0.00038647
2025-10-04T16:00:00Z,APTUSDT,-0.00029414
2025-10-05T00:00:00Z,APTUSDT,-0.00031854
2025-10-05T08:00:00Z,APTUSDT,-0.00041587
2025-10-05T16:00:00Z,APTUSDT,-0.00065735
2025-10-06T00:00:00Z,APTUSDT,-0.00075686
2025-10-06T08:00:00Z,APTUSDT,-0.00079427
2025-10-06T16:00:00Z,APTUSDT,-0.00017985
2025-10-07T00:00:00Z,APTUSDT,-0.00052142
2025-10-07T08:00:00Z,APTUSDT,-0.00040486
2025-10-07T16:00:00Z,APTUSDT,-0.00023818
2025-10-08T00:00:00Z,APTUSDT,-0.00030443
2025-10-08T08:00:00Z,APTUSDT,-0.00030447
2025-10-08T16:00:00Z,APTUSDT,-0.00018163
2025-10-09T00:00:00Z,APTUSDT,-0.00018662
2025-10-09T08:00:00Z,APTUSDT,-0.00059147
2025-10-09T16:00:00Z,APTUSDT,-0.00021866
2025-10-10T00:00:00Z,APTUSDT,-0.00002047
2025-10-10T08:00:00Z,APTUSDT,-0.00007438
2025-10-10T16:00:00Z,APTUSDT,-0.00012659
2025-10-11T00:00:00Z,APTUSDT,-0.01
2025-10-11T08:00:00Z,APTUSDT,-0.00171838
2025-10-11T16:00:00Z,APTUSDT,-0.00191175
2025-10-12T00:00:00Z,APTUSDT,-0.00149333
2025-10-12T08:00:00Z,APTUSDT,-0.00082626
2025-10-12T16:00:00Z,APTUSDT,-0.00190205
2025-10-13T00:00:00Z,APTUSDT,-0.0026233
2025-10-13T08:00:00Z,APTUSDT,-0.00168116
2025-10-13T16:00:00Z,APTUSDT,-0.00106964
2025-10-14T00:00:00Z,APTUSDT,-0.00067102
2025-10-14T08:00:00Z,APTUSDT,-0.00117436
2025-10-14T16:00:00Z,APTUSDT,-0.00082179
2025-10-15T00:00:00Z,APTUSDT,-0.00089771
2025-10-15T08:00:00Z,APTUSDT,-0.0008859
2025-10-15T16:00:00Z,APTUSDT,-0.00079472
2025-10-16T00:00:00Z,APTUSDT,-0.00043662
2025-10-16T08:00:00Z,APTUSDT,-0.0005951
2025-10-16T16:00:00Z,APTUSDT,-0.00067854
2025-10-17T00:00:00Z,APTUSDT,-0.00056317
2025-10-17T08:00:00Z,APTUSDT,-0.00076085
2025-10-17T16:00:00Z,APTUSDT,-0.00112247
2025-10-18T00:00:00Z,APTUSDT,-0.00131488
2025-10-18T08:00:00Z,APTUSDT,-0.00109319
2025-10-18T16:00:00Z,APTUSDT,-0.00108107
2025-10-19T00:00:00Z,APTUSDT,-0.00120076
2025-10-19T08:00:00Z,APTUSDT,-0.00087814
2025-10-19T16:00:00Z,APTUSDT,-0.00037673
2025-10-20T00:00:00Z,APTUSDT,-0.00087813
2025-10-20T08:00:00Z,APTUSDT,-0.00056941
2025-10-20T16:00:00Z,APTUSDT,-0.00100402
2025-10-21T00:00:00Z,APTUSDT,-0.00088263
2025-10-21T08:00:00Z,APTUSDT,-0.0008165
2025-10-21T16:00:00Z,APTUSDT,-0.00057024
2025-10-22T00:00:00Z,APTUSDT,-0.00114556
2025-10-22T08:00:00Z,APTUSDT,-0.00145635
2025-10-22T16:00:00Z,APTUSDT,-0.00183771
2025-10-23T00:00:00Z,APTUSDT,-0.00180416
2025-10-23T08:00:00Z,APTUSDT,-0.00059162
2025-10-23T16:00:00Z,APTUSDT,-0.00108839
2025-10-24T00:00:00Z,APTUSDT,-0.00084309
2025-10-24T08:00:00Z,APTUSDT,-0.00049736
2025-10-24T16:00:00Z,APTUSDT,-0.00050317
2025-10-25T00:00:00Z,APTUSDT,-0.00029639
2025-10-25T08:00:00Z,APTUSDT,-0.00042535
2025-10-25T16:00:00Z,APTUSDT,-0.00033156
2025-10-26T00:00:00Z,APTUSDT,-0.00057418
2025-10-26T08:00:00Z,APTUSDT,-0.00041491
2025-10-26T16:00:00Z,APTUSDT,-0.00067445
2025-10-27T00:00:00Z,APTUSDT,-0.00049875
2025-10-27T08:00:00Z,APTUSDT,-0.00031733
2025-10-27T16:00:00Z,APTUSDT,-0.00037772
2025-10-28T00:00:00Z,APTUSDT,-0.00049896
2025-10-28T08:00:00Z,APTUSDT,-0.00058968
2025-10-28T16:00:00Z,APTUSDT,-0.00051781
2025-10-29T00:00:00Z,APTUSDT,-0.00042138
2025-10-29T08:00:00Z,APTUSDT,-0.00037303
2025-10-29T16:00:00Z,APTUSDT,-0.00025908
2025-10-30T00:00:00Z,APTUSDT,-0.00025637
2025-10-30T08:00:00Z,APTUSDT,-0.000195
2025-10-30T16:00:00Z,APTUSDT,-0.00042247
2025-10-31T00:00:00Z,APTUSDT,-0.00061939
2025-10-31T08:00:00Z,APTUSDT,-0.00051518
2025-10-31T16:00:00Z,APTUSDT,-0.00029125
2025-11-01T00:00:00Z,APTUSDT,-0.00011103
2025-11-01T08:00:00Z,APTUSDT,-0.00002667
2025-11-01T16:00:00Z,APTUSDT,-0.00010304
2025-11-02T00:00:00Z,APTUSDT,-0.00031627
2025-11-02T08:00:00Z,APTUSDT,-0.00024004
2025-11-02T16:00:00Z,APTUSDT,-0.00091252
2025-11-03T00:00:00Z,APTUSDT,-0.00013458
2025-11-03T08:00:00Z,APTUSDT,-0.00068348
2025-11-03T16:00:00Z,APTUSDT,-0.00038593
2025-11-04T00:00:00Z,APTUSDT,-0.00082699
2025-11-04T08:00:00Z,APTUSDT,-0.00044652
2025-11-04T16:00:00Z,APTUSDT,-0.00091238
2025-11-05T00:00:00Z,APTUSDT,-0.00086327
2025-11-05T08:00:00Z,APTUSDT,-0.00049852
2025-11-05T16:00:00Z,APTUSDT,-0.00021465
2025-11-06T00:00:00Z,APTUSDT,-0.0016304
2025-11-06T08:00:00Z,APTUSDT,-0.00101933
2025-11-06T16:00:00Z,APTUSDT,-0.00247458
2025-11-07T00:00:00Z,APTUSDT,-0.00245141
2025-11-07T08:00:00Z,APTUSDT,-0.00518823
2025-11-07T16:00:00Z,APTUSDT,-0.00120231
2025-11-08T00:00:00Z,APTUSDT,-0.00064405
2025-11-08T08:00:00Z,APTUSDT,-0.00087235
2025-11-08T16:00:00Z,APTUSDT,-0.00059705
2025-11-09T00:00:00Z,APTUSDT,-0.00064361
2025-11-09T08:00:00Z,APTUSDT,-0.00070259
2025-11-09T16:00:00Z,APTUSDT,-0.00078586
2025-11-10T00:00:00Z,APTUSDT,-0.00095053
2025-11-10T08:00:00Z,APTUSDT,-0.00047119
2025-11-10T16:00:00Z,APTUSDT,-0.00059897
2025-11-11T00:00:00Z,APTUSDT,-0.00043927
2025-11-11T08:00:00Z,APTUSDT,-0.00041436
2025-11-11T16:00:00Z,APTUSDT,-0.00018493
2025-11-12T00:00:00Z,APTUSDT,-0.00050928
2025-11-12T08:00:00Z,APTUSDT,-0.00021053
2025-11-12T16:00:00Z,APTUSDT,-0.00020525
2025-11-13T00:00:00Z,APTUSDT,-0.00005144
2025-11-13T08:00:00Z,APTUSDT,-0.00012102
2025-11-13T16:00:00Z,APTUSDT,-0.00020941
2025-11-14T00:00:00Z,APTUSDT,-0.00013218
2025-11-14T08:00:00Z,APTUSDT,-0.00009922
2025-11-14T16:00:00Z,APTUSDT,-0.00007959
2025-11-15T00:00:00Z,APTUSDT,-0.00032488
2025-11-15T08:00:00Z,APTUSDT,-0.00008165
2025-11-15T16:00:00Z,APTUSDT,-0.00027604
2025-11-16T00:00:00Z,APTUSDT,-0.00019997
2025-11-16T08:00:00Z,APTUSDT,-0.00007623
2025-11-16T16:00:00Z,APTUSDT,-0.00038991
2025-11-17T00:00:00Z,APTUSDT,-0.00020884
2025-11-17T08:00:00Z,APTUSDT,0.0000826
2025-11-17T16:00:00Z,APTUSDT,-0.00007582
2025-11-18T00:00:00Z,APTUSDT,-0.00021258
2025-11-18T08:00:00Z,APTUSDT,0.00005702
2025-11-18T16:00:00Z,APTUSDT,-0.0000339
2025-11-19T00:00:00Z,APTUSDT,-0.00005242
2025-11-19T08:00:00Z,APTUSDT,-0.00007022
2025-11-19T16:00:00Z,APTUSDT,-0.00034734
2025-11-20T00:00:00Z,APTUSDT,-0.00036807
2025-11-20T08:00:00Z,APTUSDT,-0.0000064
2025-11-20T16:00:00Z,APTUSDT,-0.00005823
2025-11-21T00:00:00Z,APTUSDT,-0.00014088
2025-11-21T08:00:00Z,APTUSDT,-0.00013613
2025-11-21T16:00:00Z,APTUSDT,-0.00077269
2025-11-22T00:00:00Z,APTUSDT,-0.00092136
2025-11-22T08:00:00Z,APTUSDT,-0.00041163
2025-11-22T16:00:00Z,APTUSDT,-0.00049889
2025-11-23T00:00:00Z,APTUSDT,-0.00017251
2025-11-23T08:00:00Z,APTUSDT,-0.00043134
2025-11-23T16:00:00Z,APTUSDT,-0.00054092
2025-11-24T00:00:00Z,APTUSDT,-0.00052957
2025-11-24T08:00:00Z,APTUSDT,-0.000246
2025-11-24T16:00:00Z,APTUSDT,-0.00035691
2025-11-25T00:00:00Z,APTUSDT,-0.00020464
2025-11-25T08:00:00Z,APTUSDT,-0.00012602
2025-11-25T16:00:00Z,APTUSDT,-0.00027272
2025-11-26T00:00:00Z,APTUSDT,-0.00015195
2025-11-26T08:00:00Z,APTUSDT,-0.00027695
2025-11-26T16:00:00Z,APTUSDT,-0.00033807
2025-11-27T00:00:00Z,APTUSDT,-0.00004099
2025-11-27T08:00:00Z,APTUSDT,-0.00037352
2025-11-27T16:00:00Z,APTUSDT,-0.00043315
2025-11-28T00:00:00Z,APTUSDT,0.00003408
2025-11-28T08:00:00Z,APTUSDT,-0.00005632
2025-11-28T16:00:00Z,APTUSDT,-0.0005538
2025-11-29T00:00:00Z,APTUSDT,-0.00068294
2025-11-29T08:00:00Z,APTUSDT,-0.0002077
2025-11-29T16:00:00Z,APTUSDT,-0.00060123
2025-11-30T00:00:00Z,APTUSDT,-0.00043906
2025-11-30T08:00:00Z,APTUSDT,-0.00044212
2025-11-30T16:00:00Z,APTUSDT,-0.00061421
2025-12-01T00:00:00Z,APTUSDT,-0.00045759
2025-12-01T08:00:00Z,APTUSDT,0.00001605
2025-12-01T16:00:00Z,APTUSDT,-0.00001271
2025-12-02T00:00:00Z,APTUSDT,-0.0000012
2025-12-02T08:00:00Z,APTUSDT,-0.00019495
2025-12-02T16:00:00Z,APTUSDT,-0.00035909
2025-12-03T00:00:00Z,APTUSDT,-0.00013258
2025-12-03T08:00:00Z,APTUSDT,-0.00023233
2025-12-03T16:00:00Z,APTUSDT,-0.00011996
2025-12-04T00:00:00Z,APTUSDT,-0.00003463
2025-12-04T08:00:00Z,APTUSDT,-0.00009374
2025-12-04T16:00:00Z,APTUSDT,-0.00000153
2025-12-05T00:00:00Z,APTUSDT,-0.00015631
2025-12-05T08:00:00Z,APTUSDT,0.00000103
2025-12-05T16:00:00Z,APTUSDT,-0.00034443
2025-12-06T00:00:00Z,APTUSDT,-0.00107239
2025-12-06T08:00:00Z,APTUSDT,-0.00118072
2025-12-06T16:00:00Z,APTUSDT,-0.00017965
2025-12-07T00:00:00Z,APTUSDT,0.00006413
2025-12-07T08:00:00Z,APTUSDT,-0.00008803
2025-12-07T16:00:00Z,APTUSDT,0.00006223
2025-12-08T00:00:00Z,APTUSDT,-0.00002856
2025-12-08T08:00:00Z,APTUSDT,-0.00016035
2025-12-08T16:00:00Z,APTUSDT,-0.00004794
2025-12-09T00:00:00Z,APTUSDT,-0.00018602
2025-12-09T08:00:00Z,APTUSDT,-0.00003209
2025-12-09T16:00:00Z,APTUSDT,-0.0000316
2025-12-10T00:00:00Z,APTUSDT,-0.0000275
2025-12-10T08:00:00Z,APTUSDT,-0.00022969
2025-12-10T16:00:00Z,APTUSDT,-0.00007993
2025-12-11T00:00:00Z,APTUSDT,-0.00026275
2025-12-11T08:00:00Z,APTUSDT,-0.00012572
2025-12-11T16:00:00Z,APTUSDT,0.00003034
2025-12-12T00:00:00Z,APTUSDT,-0.00005336
2025-12-12T08:00:00Z,APTUSDT,0.00004103
2025-12-12T16:00:00Z,APTUSDT,-0.00014518
2025-12-13T00:00:00Z,APTUSDT,-0.00000641
2025-12-13T08:00:00Z,APTUSDT,-0.00003222
2025-12-13T16:00:00Z,APTUSDT,0.00003622
2025-12-14T00:00:00Z,APTUSDT,-0.00024637
2025-12-14T08:00:00Z,APTUSDT,-0.00029865
2025-12-14T16:00:00Z,APTUSDT,-0.00003437
2025-12-15T00:00:00Z,APTUSDT,0.00001228
2025-12-15T08:00:00Z,APTUSDT,0.00009823
2025-12-15T16:00:00Z,APTUSDT,-0.00012931
2025-12-16T00:00:00Z,APTUSDT,-0.00027918
2025-12-16T08:00:00Z,APTUSDT,0.00003374
2025-12-16T16:00:00Z,APTUSDT,0.0001
2025-12-17T00:00:00Z,APTUSDT,0.0001
2025-12-17T08:00:00Z,APTUSDT,0.0001
2025-12-17T16:00:00Z,APTUSDT,0.00001057
2025-12-18T00:00:00Z,APTUSDT,-0.00005593
2025-12-18T08:00:00Z,APTUSDT,0.00000328
2025-12-18T16:00:00Z,APTUSDT,-0.00009061
2025-12-19T00:00:00Z,APTUSDT,-0.00002061
2025-12-19T08:00:00Z,APTUSDT,-0.00005572
2025-12-19T16:00:00Z,APTUSDT,-0.0002297
2025-12-20T00:00:00Z,APTUSDT,-0.00012963
2025-12-20T08:00:00Z,APTUSDT,-0.00044512
2025-12-20T16:00:00Z,APTUSDT,-0.00011359
2025-12-21T00:00:00Z,APTUSDT,-0.0000685
2025-12-21T08:00:00Z,APTUSDT,-0.00016074
2025-12-21T16:00:00Z,APTUSDT,-0.00004036
2025-12-22T00:00:00Z,APTUSDT,-0.00005653
2025-12-22T08:00:00Z,APTUSDT,-0.00013389
2025-12-22T16:00:00Z,APTUSDT,-0.00018653
2025-12-23T00:00:00Z,APTUSDT,0.00009906
2025-12-23T08:00:00Z,APTUSDT,-0.000106
2025-12-23T16:00:00Z,APTUSDT,0.0001
2025-12-24T00:00:00Z,APTUSDT,0.00007693
2025-12-24T08:00:00Z,APTUSDT,0.00002395
2025-12-24T16:00:00Z,APTUSDT,0.0001
2025-12-25T00:00:00Z,APTUSDT,-0.00014773
2025-12-25T08:00:00Z,APTUSDT,-0.00001623
2025-12-25T16:00:00Z,APTUSDT,-0.00000009
2025-12-26T00:00:00Z,APTUSDT,-0.00015917
2025-12-26T08:00:00Z,APTUSDT,-0.00018154
2025-12-26T16:00:00Z,APTUSDT,-0.00014465
2025-12-27T00:00:00Z,APTUSDT,-0.00005784
2025-12-27T08:00:00Z,APTUSDT,-0.00022278
2025-12-27T16:00:00Z,APTUSDT,-0.00001115
2025-12-28T00:00:00Z,APTUSDT,-0.0000443
2025-12-28T08:00:00Z,APTUSDT,0.00004321
2025-12-28T16:00:00Z,APTUSDT,0.00002669
2025-12-29T00:00:00Z,APTUSDT,-0.00002118
2025-12-29T08:00:00Z,APTUSDT,-0.00034827
2025-12-29T16:00:00Z,APTUSDT,-0.00003114
2025-12-30T00:00:00Z,APTUSDT,0.0001
2025-12-30T08:00:00Z,APTUSDT,0.0001
2025-12-30T16:00:00Z,APTUSDT,0.0001
2025-12-31T00:00:00Z,APTUSDT,0.0001
2025-12-31T08:00:00Z,APTUSDT,-0.00016529
2025-12-31T16:00:00Z,APTUSDT,-0.00003043
2026-01-01T00:00:00Z,APTUSDT,0.0001
2026-01-01T08:00:00Z,APTUSDT,-0.00002819
2026-01-01T16:00:00Z,APTUSDT,0.00000763
2026-01-02T00:00:00Z,APTUSDT,-0.00005988
2026-01-02T08:00:00Z,APTUSDT,-0.00022021
2026-01-02T16:00:00Z,APTUSDT,-0.00003083
2026-01-03T00:00:00Z,APTUSDT,0.0001
2026-01-03T08:00:00Z,APTUSDT,0.0001
2026-01-03T16:00:00Z,APTUSDT,-0.00013993
2026-01-04T00:00:00Z,APTUSDT,0.0001
2026-01-04T08:00:00Z,APTUSDT,-0.00008328
2026-01-04T16:00:00Z,APTUSDT,-0.00002995
2026-01-05T00:00:00Z,APTUSDT,-0.00019134
2026-01-05T08:00:00Z,APTUSDT,0.00006543
2026-01-05T16:00:00Z,APTUSDT,0.0001
2026-01-06T00:00:00Z,APTUSDT,0.0001
2026-01-06T08:00:00Z,APTUSDT,0.0001
2026-01-06T16:00:00Z,APTUSDT,-0.00001853
2026-01-07T00:00:00Z,APTUSDT,0.0001
2026-01-07T08:00:00Z,APTUSDT,0.00007495
2026-01-07T16:00:00Z,APTUSDT,-0.00014016
2026-01-08T00:00:00Z,APTUSDT,0.0001
2026-01-08T08:00:00Z,APTUSDT,0.00000755
2026-01-08T16:00:00Z,APTUSDT,-0.00008785
2026-01-09T00:00:00Z,APTUSDT,0.00000385
2026-01-09T08:00:00Z,APTUSDT,0.0001
2026-01-09T16:00:00Z,APTUSDT,0.0001
2026-01-10T00:00:00Z,APTUSDT,0.0001
2026-01-10T08:00:00Z,APTUSDT,-0.00005668
2026-01-10T16:00:00Z,APTUSDT,-0.00006527
2026-01-11T00:00:00Z,APTUSDT,-0.00020035
2026-01-11T08:00:00Z,APTUSDT,-0.00033691
2026-01-11T16:00:00Z,APTUSDT,-0.00007991
2026-01-12T00:00:00Z,APTUSDT,0.00004448
2026-01-12T08:00:00Z,APTUSDT,-0.00008087
2026-01-12T16:00:00Z,APTUSDT,0.00007771
2026-01-13T00:00:00Z,APTUSDT,-0.00000396
2026-01-13T08:00:00Z,APTUSDT,0.0001
2026-01-13T16:00:00Z,APTUSDT,0.0001
2026-01-14T00:00:00Z,APTUSDT,0.0001
2026-01-14T08:00:00Z,APTUSDT,0.0001
2026-01-14T16:00:00Z,APTUSDT,0.00008208
2026-01-15T00:00:00Z,APTUSDT,0.00009671
2026-01-15T08:00:00Z,APTUSDT,-0.00009563
2026-01-15T16:00:00Z,APTUSDT,-0.00006463
2026-01-16T00:00:00Z,APTUSDT,0.0000138
2026-01-16T08:00:00Z,APTUSDT,0.00002215
2026-01-16T16:00:00Z,APTUSDT,0.0000733
2026-01-17T00:00:00Z,APTUSDT,-0.00002973
2026-01-17T08:00:00Z,APTUSDT,0.00003457
2026-01-17T16:00:00Z,APTUSDT,0.0000735
2026-01-18T00:00:00Z,APTUSDT,-0.00000998
2026-01-18T08:00:00Z,APTUSDT,0.0001
2026-01-18T16:00:00Z,APTUSDT,-0.00007202
2026-01-19T00:00:00Z,APTUSDT,-0.00013612
2026-01-19T08:00:00Z,APTUSDT,-0.00007825
2026-01-19T16:00:00Z,APTUSDT,-0.0003045
2026-01-20T00:00:00Z,APTUSDT,-0.00015698
2026-01-20T08:00:00Z,APTUSDT,-0.00007064
2026-01-20T16:00:00Z,APTUSDT,-0.00012587
2026-01-21T00:00:00Z,APTUSDT,-0.00000021
2026-01-21T08:00:00Z,APTUSDT,-0.00019565
2026-01-21T16:00:00Z,APTUSDT,-0.0000219
2026-01-22T00:00:00Z,APTUSDT,0.00003017
2026-01-22T08:00:00Z,APTUSDT,-0.00008919
2026-01-22T16:00:00Z,APTUSDT,-0.00020574
2026-01-23T00:00:00Z,APTUSDT,-0.00014359
2026-01-23T08:00:00Z,APTUSDT,-0.00011877
2026-01-23T16:00:00Z,APTUSDT,-0.00027457
2026-01-24T00:00:00Z,APTUSDT,-0.00013592
2026-01-24T08:00:00Z,APTUSDT,-0.00003289
2026-01-24T16:00:00Z,APTUSDT,-0.00004954
2026-01-25T00:00:00Z,APTUSDT,0.0001
2026-01-25T08:00:00Z,APTUSDT,-0.0000345
2026-01-25T16:00:00Z,APTUSDT,-0.00020118
2026-01-26T00:00:00Z,APTUSDT,-0.00002543
2026-01-26T08:00:00Z,APTUSDT,-0.00009925
2026-01-26T16:00:00Z,APTUSDT,-0.00004477
2026-01-27T00:00:00Z,APTUSDT,-0.00005174
2026-01-27T08:00:00Z,APTUSDT,-0.00017202
2026-01-27T16:00:00Z,APTUSDT,-0.00003265
2026-01-28T00:00:00Z,APTUSDT,0.00001039
2026-01-28T08:00:00Z,APTUSDT,0.0001
2026-01-28T16:00:00Z,APTUSDT,-0.00006891
2026-01-29T00:00:00Z,APTUSDT,-0.00003768
2026-01-29T08:00:00Z,APTUSDT,0.00000466
2026-01-29T16:00:00Z,APTUSDT,-0.0003872
2026-01-30T00:00:00Z,APTUSDT,-0.00053325
2026-01-30T08:00:00Z,APTUSDT,-0.00021744
2026-01-30T16:00:00Z,APTUSDT,-0.00018683
2026-01-31T00:00:00Z,APTUSDT,-0.00000086
2026-01-31T08:00:00Z,APTUSDT,-0.00016917
2026-01-31T16:00:00Z,APTUSDT,-0.00006154
2026-02-01T00:00:00Z,APTUSDT,-0.00010184
2026-02-01T08:00:00Z,APTUSDT,-0.00012399
2026-02-01T16:00:00Z,APTUSDT,-0.00019895
2026-02-02T00:00:00Z,APTUSDT,0.00000264
2026-02-02T08:00:00Z,APTUSDT,0.00007714
2026-02-02T16:00:00Z,APTUSDT,-0.00007517
2026-02-03T00:00:00Z,APTUSDT,0.00008957
2026-02-03T08:00:00Z,APTUSDT,0.00003769
2026-02-03T16:00:00Z,APTUSDT,0.0001
2026-02-04T00:00:00Z,APTUSDT,-0.00006226
2026-02-04T08:00:00Z,APTUSDT,0.00005513
2026-02-04T16:00:00Z,APTUSDT,-0.00007136
2026-02-05T00:00:00Z,APTUSDT,0.00008486
2026-02-05T08:00:00Z,APTUSDT,0.00004572
2026-02-05T16:00:00Z,APTUSDT,0.00001398
2026-02-06T00:00:00Z,APTUSDT,-0.00007112
2026-02-06T08:00:00Z,APTUSDT,-0.00010363
2026-02-06T16:00:00Z,APTUSDT,0.00003136
2026-02-07T00:00:00Z,APTUSDT,0.0001
2026-02-07T08:00:00Z,APTUSDT,0.00000407
2026-02-07T16:00:00Z,APTUSDT,0.0001
2026-02-08T00:00:00Z,APTUSDT,0.0001
2026-02-08T08:00:00Z,APTUSDT,0.00007799
2026-02-08T16:00:00Z,APTUSDT,-0.00010101
2026-02-09T00:00:00Z,APTUSDT,0.00001956
2026-02-09T08:00:00Z,APTUSDT,0.00001904
2026-02-09T16:00:00Z,APTUSDT,-0.00012849
2026-02-10T00:00:00Z,APTUSDT,-0.0000005
2026-02-10T08:00:00Z,APTUSDT,-0.00017458
2026-02-10T16:00:00Z,APTUSDT,-0.00054094
2026-02-11T00:00:00Z,APTUSDT,-0.00033761
2026-02-11T08:00:00Z,APTUSDT,-0.00018765
2026-02-11T16:00:00Z,APTUSDT,0.0000033
2026-02-12T00:00:00Z,APTUSDT,-0.00015203
2026-02-12T08:00:00Z,APTUSDT,-0.00020849
2026-02-12T16:00:00Z,APTUSDT,-0.00041185
2026-02-13T00:00:00Z,APTUSDT,-0.00021159
2026-02-13T08:00:00Z,APTUSDT,0.00003817
2026-02-13T16:00:00Z,APTUSDT,0.0001
2026-02-14T00:00:00Z,APTUSDT,0.0001
2026-02-14T08:00:00Z,APTUSDT,0.0000652
2026-02-14T16:00:00Z,APTUSDT,0.0001
2026-02-15T00:00:00Z,APTUSDT,0.00004043
2026-02-15T08:00:00Z,APTUSDT,-0.00008725
2026-02-15T16:00:00Z,APTUSDT,-0.00022304
2026-02-16T00:00:00Z,APTUSDT,-0.00045472
2026-02-16T08:00:00Z,APTUSDT,-0.00015726
2026-02-16T16:00:00Z,APTUSDT,-0.00031683
2026-02-17T00:00:00Z,APTUSDT,-0.0002952
2026-02-17T08:00:00Z,APTUSDT,-0.00012684
2026-02-17T16:00:00Z,APTUSDT,-0.00026323
2026-02-18T00:00:00Z,APTUSDT,-0.00039432
2026-02-18T08:00:00Z,APTUSDT,-0.00020184
2026-02-18T16:00:00Z,APTUSDT,-0.00004511
2026-02-19T00:00:00Z,APTUSDT,-0.0003475
2026-02-19T08:00:00Z,APTUSDT,-0.00010516
2026-02-19T16:00:00Z,APTUSDT,0.00001565
2026-02-20T00:00:00Z,APTUSDT,0.0001
2026-02-20T08:00:00Z,APTUSDT,-0.0000642
2026-02-20T16:00:00Z,APTUSDT,0.00000889
2026-02-21T00:00:00Z,APTUSDT,0.0001
2026-02-21T08:00:00Z,APTUSDT,0.00004257
2026-02-21T16:00:00Z,APTUSDT,-0.00026271
2026-02-22T00:00:00Z,APTUSDT,-0.00012807
2026-02-22T08:00:00Z,APTUSDT,-0.0000307
2026-02-22T16:00:00Z,APTUSDT,-0.0002801
2026-02-23T00:00:00Z,APTUSDT,-0.00062992
2026-02-23T08:00:00Z,APTUSDT,-0.00070378
2026-02-23T16:00:00Z,APTUSDT,-0.00007954
2026-02-24T00:00:00Z,APTUSDT,0.00002595
2026-02-24T08:00:00Z,APTUSDT,-0.00012003
2026-02-24T16:00:00Z,APTUSDT,-0.00004786
2026-02-25T00:00:00Z,APTUSDT,-0.00007605
2026-02-25T08:00:00Z,APTUSDT,-0.0000925
2026-02-25T16:00:00Z,APTUSDT,0.00008767
2026-02-26T00:00:00Z,APTUSDT,0.0001
2026-02-26T08:00:00Z,APTUSDT,-0.00006044
2026-02-26T16:00:00Z,APTUSDT,-0.0000228
2026-02-27T00:00:00Z,APTUSDT,0.0001
2026-02-27T08:00:00Z,APTUSDT,-0.00002074
2026-02-27T16:00:00Z,APTUSDT,-0.00001749
2026-02-28T00:00:00Z,APTUSDT,-0.00003632
2026-02-28T08:00:00Z,APTUSDT,0.00002973
2026-02-28T16:00:00Z,APTUSDT,-0.00002302
2026-03-01T00:00:00Z,APTUSDT,0.00007607
2026-03-01T08:00:00Z,APTUSDT,0.00003516
2026-03-01T16:00:00Z,APTUSDT,-0.00006295
2026-03-02T00:00:00Z,APTUSDT,0.00008251
2026-03-02T08:00:00Z,APTUSDT,0.00008978
2026-03-02T16:00:00Z,APTUSDT,-0.00007361
2026-03-03T00:00:00Z,APTUSDT,-0.00049902
2026-03-03T08:00:00Z,APTUSDT,-0.00054929
2026-03-03T16:00:00Z,APTUSDT,-0.00014182
2026-03-04T00:00:00Z,APTUSDT,-0.00016199
2026-03-04T08:00:00Z,APTUSDT,0.00002473
2026-03-04T16:00:00Z,APTUSDT,-0.00020163
2026-03-05T00:00:00Z,APTUSDT,-0.00019112
2026-03-05T08:00:00Z,APTUSDT,-0.00007982
2026-03-05T16:00:00Z,APTUSDT,-0.000028
2026-03-06T00:00:00Z,APTUSDT,-0.00010788
2026-03-06T08:00:00Z,APTUSDT,-0.00009896
2026-03-06T16:00:00Z,APTUSDT,-0.00019423
2026-03-07T00:00:00Z,APTUSDT,-0.00013683
2026-03-07T08:00:00Z,APTUSDT,-0.00012496
2026-03-07T16:00:00Z,APTUSDT,-0.00004468
2026-03-08T00:00:00Z,APTUSDT,0.00005182
2026-03-08T08:00:00Z,APTUSDT,-0.00012801
2026-03-08T16:00:00Z,APTUSDT,-0.00000421
2026-03-09T00:00:00Z,APTUSDT,-0.00000018
2026-03-09T08:00:00Z,APTUSDT,0.0001
2026-03-09T16:00:00Z,APTUSDT,0.0001
2026-03-10T00:00:00Z,APTUSDT,-0.00004858
2026-03-10T08:00:00Z,APTUSDT,-0.00003592
2026-03-10T16:00:00Z,APTUSDT,0.00005162
2026-03-11T00:00:00Z,APTUSDT,-0.00002926
2026-03-11T08:00:00Z,APTUSDT,0.0000142
2026-03-11T16:00:00Z,APTUSDT,0.0001
2026-03-12T00:00:00Z,APTUSDT,-0.00026321
2026-03-12T08:00:00Z,APTUSDT,-0.0002556
2026-03-12T16:00:00Z,APTUSDT,-0.00049079
2026-03-13T00:00:00Z,APTUSDT,-0.00041315
2026-03-13T08:00:00Z,APTUSDT,0.0000604
2026-03-13T16:00:00Z,APTUSDT,0.00006276
2026-03-14T00:00:00Z,APTUSDT,-0.00005179
2026-03-14T08:00:00Z,APTUSDT,-0.00015795
2026-03-14T16:00:00Z,APTUSDT,-0.00001683
2026-03-15T00:00:00Z,APTUSDT,-0.00028294
2026-03-15T08:00:00Z,APTUSDT,-0.00024881
2026-03-15T16:00:00Z,APTUSDT,-0.00028255
2026-03-16T00:00:00Z,APTUSDT,0.0001
2026-03-16T08:00:00Z,APTUSDT,0.0001
2026-03-16T16:00:00Z,APTUSDT,0.0001
2026-03-17T00:00:00Z,APTUSDT,0.0001
2026-03-17T08:00:00Z,APTUSDT,0.00006003
2026-03-17T16:00:00Z,APTUSDT,0.0000658
2026-03-18T00:00:00Z,APTUSDT,0.0001
2026-03-18T08:00:00Z,APTUSDT,-0.00000167
2026-03-18T16:00:00Z,APTUSDT,-0.00004176
2026-03-19T00:00:00Z,APTUSDT,-0.00007276
2026-03-19T08:00:00Z,APTUSDT,-0.00020803
2026-03-19T16:00:00Z,APTUSDT,-0.00032262
2026-03-20T00:00:00Z,APTUSDT,-0.00026488
2026-03-20T08:00:00Z,APTUSDT,0.0001
2026-03-20T16:00:00Z,APTUSDT,0.00002428
2026-03-21T00:00:00Z,APTUSDT,-0.00004176
2026-03-21T08:00:00Z,APTUSDT,0.00008464
2026-03-21T16:00:00Z,APTUSDT,0.00001316
2026-03-22T00:00:00Z,APTUSDT,-0.0000011
2026-03-22T08:00:00Z,APTUSDT,0.00001658
2026-03-22T16:00:00Z,APTUSDT,-0.00030265
2026-03-23T00:00:00Z,APTUSDT,-0.0004339
2026-03-23T08:00:00Z,APTUSDT,-0.00008835
2026-03-23T16:00:00Z,APTUSDT,0.00003814
2026-03-24T00:00:00Z,APTUSDT,0.00002084
2026-03-24T08:00:00Z,APTUSDT,0.00007992
2026-03-24T16:00:00Z,APTUSDT,-0.00009466
2026-03-25T00:00:00Z,APTUSDT,-0.00014381
2026-03-25T08:00:00Z,APTUSDT,-0.00003959
2026-03-25T16:00:00Z,APTUSDT,-0.00026171
2026-03-26T00:00:00Z,APTUSDT,-0.00035371
2026-03-26T08:00:00Z,APTUSDT,-0.00013149
2026-03-26T16:00:00Z,APTUSDT,0.00001901
2026-03-27T00:00:00Z,APTUSDT,0.00001044
2026-03-27T08:00:00Z,APTUSDT,0.00009338
2026-03-27T16:00:00Z,APTUSDT,0.00004245
2026-03-28T00:00:00Z,APTUSDT,-0.00002892
2026-03-28T08:00:00Z,APTUSDT,-0.00031091
2026-03-28T16:00:00Z,APTUSDT,-0.00012442
2026-03-29T00:00:00Z,APTUSDT,-0.0003678
2026-03-29T08:00:00Z,APTUSDT,-0.00021956
2026-03-29T16:00:00Z,APTUSDT,-0.00014549
2026-03-30T00:00:00Z,APTUSDT,-0.00027738
2026-03-30T08:00:00Z,APTUSDT,-0.00031734
2026-03-30T16:00:00Z,APTUSDT,-0.00034893
2026-03-31T00:00:00Z,APTUSDT,-0.00056358
2026-03-31T08:00:00Z,APTUSDT,-0.00027668
2026-03-31T16:00:00Z,APTUSDT,-0.00005124
2026-04-01T00:00:00Z,APTUSDT,-0.00028368
2026-04-01T08:00:00Z,APTUSDT,-0.00037443
2026-04-01T16:00:00Z,APTUSDT,-0.00010326
2026-04-02T00:00:00Z,APTUSDT,-0.00017613
2026-04-02T08:00:00Z,APTUSDT,-0.0001022
2026-04-02T16:00:00Z,APTUSDT,-0.00016709
2026-04-03T00:00:00Z,APTUSDT,-0.00018586
2026-04-03T08:00:00Z,APTUSDT,-0.00012314
2026-04-03T16:00:00Z,APTUSDT,-0.00014765
2026-04-04T00:00:00Z,APTUSDT,-0.00027223
2026-04-04T08:00:00Z,APTUSDT,-0.00033917
2026-04-04T16:00:00Z,APTUSDT,-0.00039512
2026-04-05T00:00:00Z,APTUSDT,-0.00026381
2026-04-05T08:00:00Z,APTUSDT,-0.00039149
2026-04-05T16:00:00Z,APTUSDT,-0.00036916
2026-04-06T00:00:00Z,APTUSDT,-0.00026763
2026-04-06T08:00:00Z,APTUSDT,-0.00018121
2026-04-06T16:00:00Z,APTUSDT,0.00002341
2026-04-07T00:00:00Z,APTUSDT,-0.00038884
2026-04-07T08:00:00Z,APTUSDT,-0.00033246
2026-04-07T16:00:00Z,APTUSDT,-0.00010371
2026-04-08T00:00:00Z,APTUSDT,-0.00008565
2026-04-08T08:00:00Z,APTUSDT,0.00009747
2026-04-08T16:00:00Z,APTUSDT,-0.00024271
2026-04-09T00:00:00Z,APTUSDT,-0.0006286
2026-04-09T08:00:00Z,APTUSDT,-0.0008619
2026-04-09T16:00:00Z,APTUSDT,-0.00046418
2026-04-10T00:00:00Z,APTUSDT,0.00000696
2026-04-10T08:00:00Z,APTUSDT,-0.00000281
2026-04-10T16:00:00Z,APTUSDT,-0.00010102
2026-04-11T00:00:00Z,APTUSDT,0.00006629
2026-04-11T08:00:00Z,APTUSDT,-0.00018937
2026-04-11T16:00:00Z,APTUSDT,-0.00028464
2026-04-12T00:00:00Z,APTUSDT,-0.00001066
2026-04-12T08:00:00Z,APTUSDT,-0.00081464
2026-04-12T16:00:00Z,APTUSDT,-0.00064808
2026-04-13T00:00:00Z,APTUSDT,-0.00067303
2026-04-13T08:00:00Z,APTUSDT,-0.00067232
2026-04-13T16:00:00Z,APTUSDT,-0.00024011
2026-04-14T00:00:00Z,APTUSDT,0.0001
2026-04-14T08:00:00Z,APTUSDT,0.000055
2026-04-14T16:00:00Z,APTUSDT,0.00001808
2026-04-15T00:00:00Z,APTUSDT,0.00007439
2026-04-15T08:00:00Z,APTUSDT,-0.00008962
2026-04-15T16:00:00Z,APTUSDT,0.00000628
2026-04-16T00:00:00Z,APTUSDT,-0.000193
2026-04-16T08:00:00Z,APTUSDT,0.00004168
2026-04-16T16:00:00Z,APTUSDT,-0.00000148
2026-04-17T00:00:00Z,APTUSDT,0.0001
2026-04-17T08:00:00Z,APTUSDT,0.0001
2026-04-17T16:00:00Z,APTUSDT,-0.00003227
2026-04-18T00:00:00Z,APTUSDT,-0.00001902
2026-04-18T08:00:00Z,APTUSDT,0.0001
2026-04-18T16:00:00Z,APTUSDT,0.0001
2026-04-19T00:00:00Z,APTUSDT,0.0001
2026-04-19T08:00:00Z,APTUSDT,0.0001
2026-04-19T16:00:00Z,APTUSDT,0.00001327
2026-04-20T00:00:00Z,APTUSDT,-0.00006559
2026-04-20T08:00:00Z,APTUSDT,0.0001
2026-04-20T16:00:00Z,APTUSDT,0.00005299
2026-04-21T00:00:00Z,APTUSDT,-0.00001739
2026-04-21T08:00:00Z,APTUSDT,0.0001
2026-04-21T16:00:00Z,APTUSDT,0.0001
2026-04-22T00:00:00Z,APTUSDT,0.00001827
2026-04-22T08:00:00Z,APTUSDT,0.00007942
2026-04-22T16:00:00Z,APTUSDT,-0.00012693
2026-04-23T00:00:00Z,APTUSDT,-0.00004199
2026-04-23T08:00:00Z,APTUSDT,-0.00006355
2026-04-23T16:00:00Z,APTUSDT,0.00002235
2026-04-24T00:00:00Z,APTUSDT,0.0001
2026-04-24T08:00:00Z,APTUSDT,0.0001
2026-04-24T16:00:00Z,APTUSDT,0.0000776
2026-04-25T00:00:00Z,APTUSDT,0.00004739
2026-04-25T08:00:00Z,APTUSDT,-0.0001289
2026-04-25T16:00:00Z,APTUSDT,0.00003929
2026-04-26T00:00:00Z,APTUSDT,0.00003631
2026-04-26T08:00:00Z,APTUSDT,0.00006067
2026-04-26T16:00:00Z,APTUSDT,0.00004657
2026-04-27T00:00:00Z,APTUSDT,-0.00015812
2026-04-27T08:00:00Z,APTUSDT,-0.00014089
2026-04-27T16:00:00Z,APTUSDT,-0.00006823
2026-04-28T00:00:00Z,APTUSDT,0.00009637
2026-04-28T08:00:00Z,APTUSDT,0.00000345
2026-04-28T16:00:00Z,APTUSDT,0.0001
2026-04-29T00:00:00Z,APTUSDT,0.0001
2026-04-29T08:00:00Z,APTUSDT,0.0001
2026-04-29T16:00:00Z,APTUSDT,0.00004694
2026-04-30T00:00:00Z,APTUSDT,0.0000657
2026-04-30T08:00:00Z,APTUSDT,-0.00000344
2026-04-30T16:00:00Z,APTUSDT,-0.00011232
2026-05-01T00:00:00Z,APTUSDT,0.00003698
2026-05-01T08:00:00Z,APTUSDT,0.0001
2026-05-01T16:00:00Z,APTUSDT,-0.00007625
2026-05-02T00:00:00Z,APTUSDT,0.0000743
2026-05-02T08:00:00Z,APTUSDT,0.00006897
2026-05-02T16:00:00Z,APTUSDT,0.0001
2026-05-03T00:00:00Z,APTUSDT,0.00003778
2026-05-03T08:00:00Z,APTUSDT,-0.00001325
2026-05-03T16:00:00Z,APTUSDT,-0.00002751
2026-05-04T00:00:00Z,APTUSDT,0.00001494
2026-05-04T08:00:00Z,APTUSDT,0.0001
2026-05-04T16:00:00Z,APTUSDT,-0.000173
2026-05-05T00:00:00Z,APTUSDT,0.00000656
2026-05-05T08:00:00Z,APTUSDT,0.00006533
2026-05-05T16:00:00Z,APTUSDT,0.00000472
2026-05-06T00:00:00Z,APTUSDT,0.0001
2026-05-06T08:00:00Z,APTUSDT,0.0001
2026-05-06T16:00:00Z,APTUSDT,0.0001
2026-05-07T00:00:00Z,APTUSDT,0.00006983
2026-05-07T08:00:00Z,APTUSDT,0.00006843
2026-05-07T16:00:00Z,APTUSDT,-0.00011069
2026-05-08T00:00:00Z,APTUSDT,0.0001
2026-05-08T08:00:00Z,APTUSDT,-0.00001694
2026-05-08T16:00:00Z,APTUSDT,0.00000372
2026-05-09T00:00:00Z,APTUSDT,0.0001
2026-05-09T08:00:00Z,APTUSDT,0.00009894
2026-05-09T16:00:00Z,APTUSDT,-0.00000682
2026-05-10T00:00:00Z,APTUSDT,-0.0000049
2026-05-10T08:00:00Z,APTUSDT,-0.00007705
2026-05-10T16:00:00Z,APTUSDT,-0.00009621
2026-05-11T00:00:00Z,APTUSDT,0.0001
2026-05-11T08:00:00Z,APTUSDT,0.00009561
2026-05-11T16:00:00Z,APTUSDT,0.00009679
2026-05-12T00:00:00Z,APTUSDT,0.0001
2026-05-12T08:00:00Z,APTUSDT,0.0001
2026-05-12T16:00:00Z,APTUSDT,0.0001
2026-05-13T00:00:00Z,APTUSDT,-0.00002348
2026-05-13T08:00:00Z,APTUSDT,-0.00007068
2026-05-13T16:00:00Z,APTUSDT,-0.0000949
2026-05-14T00:00:00Z,APTUSDT,0.00003484
2026-05-14T08:00:00Z,APTUSDT,-0.00002966
2026-05-14T16:00:00Z,APTUSDT,0.00000979
2026-05-15T00:00:00Z,APTUSDT,0.00006655
2026-05-15T08:00:00Z,APTUSDT,-0.00012931
2026-05-15T16:00:00Z,APTUSDT,-0.00017227
2026-05-16T00:00:00Z,APTUSDT,0.0000469
2026-05-16T08:00:00Z,APTUSDT,0.00001631
2026-05-16T16:00:00Z,APTUSDT,0.0001
2026-05-17T00:00:00Z,APTUSDT,-0.00003364
2026-05-17T08:00:00Z,APTUSDT,0.00002885
2026-05-17T16:00:00Z,APTUSDT,0.00003509
2026-05-18T00:00:00Z,APTUSDT,0.00003917
2026-05-18T08:00:00Z,APTUSDT,-0.00001684
2026-05-18T16:00:00Z,APTUSDT,-0.00013057
2026-05-19T00:00:00Z,APTUSDT,0.0001
2026-05-19T08:00:00Z,APTUSDT,0.00005715
2026-05-19T16:00:00Z,APTUSDT,-0.00004609
2026-05-20T00:00:00Z,APTUSDT,0.00004498
2026-05-20T08:00:00Z,APTUSDT,0.0001
2026-05-20T16:00:00Z,APTUSDT,0.0001
2026-05-21T00:00:00Z,APTUSDT,0.00007334
2026-05-21T08:00:00Z,APTUSDT,0.00001949
2026-05-21T16:00:00Z,APTUSDT,-0.00008952
2026-05-22T00:00:00Z,APTUSDT,0.0001
2026-05-22T08:00:00Z,APTUSDT,0.00007473
2026-05-22T16:00:00Z,APTUSDT,-0.00000766
2026-05-23T00:00:00Z,APTUSDT,-0.00014311
2026-05-23T08:00:00Z,APTUSDT,-0.00008411
2026-05-23T16:00:00Z,APTUSDT,-0.00005433
2026-05-24T00:00:00Z,APTUSDT,0.0001
2026-05-24T08:00:00Z,APTUSDT,0.0000644
2026-05-24T16:00:00Z,APTUSDT,0.00004183
2026-05-25T00:00:00Z,APTUSDT,-0.00014366
2026-05-25T08:00:00Z,APTUSDT,0.0001
2026-05-25T16:00:00Z,APTUSDT,0.0001
2026-05-26T00:00:00Z,APTUSDT,0.0001
2026-05-26T08:00:00Z,APTUSDT,-0.00003363
2026-05-26T16:00:00Z,APTUSDT,-0.00004497
2026-05-27T00:00:00Z,APTUSDT,-0.0000798
2026-05-27T08:00:00Z,APTUSDT,0.00005997
2026-05-27T16:00:00Z,APTUSDT,-0.00003643
2026-05-28T00:00:00Z,APTUSDT,0.00002424
2026-05-28T08:00:00Z,APTUSDT,-0.00018968
2026-05-28T16:00:00Z,APTUSDT,-0.00011507
2026-05-29T00:00:00Z,APTUSDT,0.00009631
2026-05-29T08:00:00Z,APTUSDT,0.0001
2026-05-29T16:00:00Z,APTUSDT,0.0001
2026-05-30T00:00:00Z,APTUSDT,0.0001
2026-05-30T08:00:00Z,APTUSDT,0.00004319
2026-05-30T16:00:00Z,APTUSDT,0.00009576
2026-05-31T00:00:00Z,APTUSDT,0.00001999
2026-05-31T08:00:00Z,APTUSDT,0.0001
2026-05-31T16:00:00Z,APTUSDT,-0.00005696
2026-06-01T00:00:00Z,APTUSDT,0.00002954
2026-06-01T08:00:00Z,APTUSDT,0.0001
2026-06-01T16:00:00Z,APTUSDT,-0.00009674
2026-06-02T00:00:00Z,APTUSDT,0.0001
2026-06-02T08:00:00Z,APTUSDT,0.00007878
2026-06-02T16:00:00Z,APTUSDT,-0.0000732
2026-06-03T00:00:00Z,APTUSDT,-0.00022612
2026-06-03T08:00:00Z,APTUSDT,-0.00006428
2026-06-03T16:00:00Z,APTUSDT,0.00009068
2026-06-04T00:00:00Z,APTUSDT,0.00002771
2026-06-04T08:00:00Z,APTUSDT,-0.00024744
2026-06-04T16:00:00Z,APTUSDT,-0.00009246
2026-06-05T00:00:00Z,APTUSDT,0.00001489
2026-06-05T08:00:00Z,APTUSDT,-0.00003918
2026-06-05T16:00:00Z,APTUSDT,-0.00001778
2026-06-06T00:00:00Z,APTUSDT,-0.00006674
2026-06-06T08:00:00Z,APTUSDT,-0.00007738
2026-06-06T16:00:00Z,APTUSDT,-0.00005623
2026-06-07T00:00:00Z,APTUSDT,0.00002574
2026-06-07T08:00:00Z,APTUSDT,-0.00007196
2026-06-07T16:00:00Z,APTUSDT,-0.00015871
2026-06-08T00:00:00Z,APTUSDT,0.00005934
2026-06-08T08:00:00Z,APTUSDT,-0.00014244
2026-06-08T16:00:00Z,APTUSDT,0.0001
2026-06-09T00:00:00Z,APTUSDT,0.0001
2026-06-09T08:00:00Z,APTUSDT,0.0001
2026-06-09T16:00:00Z,APTUSDT,0.00002789
2026-06-10T00:00:00Z,APTUSDT,-0.00003382
2026-06-10T08:00:00Z,APTUSDT,-0.00015988
2026-06-10T16:00:00Z,APTUSDT,-0.00007655
2026-06-11T00:00:00Z,APTUSDT,-0.00012425
2026-06-11T08:00:00Z,APTUSDT,0.0001
2026-06-11T16:00:00Z,APTUSDT,-0.00001872
2026-06-12T00:00:00Z,APTUSDT,-0.0000281
2026-06-12T08:00:00Z,APTUSDT,-0.00006768
2026-06-12T16:00:00Z,APTUSDT,0.00003679
2026-06-13T00:00:00Z,APTUSDT,-0.00014315
2026-06-13T08:00:00Z,APTUSDT,-0.00001733
2026-06-13T16:00:00Z,APTUSDT,0.00008437
2026-06-14T00:00:00Z,APTUSDT,-0.0001592
2026-06-14T08:00:00Z,APTUSDT,-0.00009467
2026-06-14T16:00:00Z,APTUSDT,-0.00011831
2026-06-15T00:00:00Z,APTUSDT,0.0001
2026-06-15T08:00:00Z,APTUSDT,0.0001
2026-06-15T16:00:00Z,APTUSDT,0.0001
2026-06-16T00:00:00Z,APTUSDT,-0.00003106
2026-06-16T08:00:00Z,APTUSDT,0.00002613
2026-06-16T16:00:00Z,APTUSDT,-0.00008432
2026-06-17T00:00:00Z,APTUSDT,0.00008592
2026-06-17T08:00:00Z,APTUSDT,-0.00007074
2026-06-17T16:00:00Z,APTUSDT,0.0001
2026-06-18T00:00:00Z,APTUSDT,-0.00000192
2026-06-18T08:00:00Z,APTUSDT,-0.00026676
2026-06-18T16:00:00Z,APTUSDT,-0.00005694
2026-06-19T00:00:00Z,APTUSDT,0.00000803
2026-06-19T08:00:00Z,APTUSDT,-0.00010828
2026-06-19T16:00:00Z,APTUSDT,0.00002054
2026-06-20T00:00:00Z,APTUSDT,0.0001
2026-06-20T08:00:00Z,APTUSDT,0.00004913
2026-06-20T16:00:00Z,APTUSDT,-0.00002228
2026-06-21T00:00:00Z,APTUSDT,0.00007069
2026-06-21T08:00:00Z,APTUSDT,0.00006453
2026-06-21T16:00:00Z,APTUSDT,0.0000274
2026-06-22T00:00:00Z,APTUSDT,0.0000978
2026-06-22T08:00:00Z,APTUSDT,-0.0000181
2026-06-22T16:00:00Z,APTUSDT,0.00006035
2026-06-23T00:00:00Z,APTUSDT,-0.0000712
2026-06-23T08:00:00Z,APTUSDT,-0.00001462
2026-06-23T16:00:00Z,APTUSDT,-0.00002537
2026-06-24T00:00:00Z,APTUSDT,0.00006506
2026-06-24T08:00:00Z,APTUSDT,0.00007959
2026-06-24T16:00:00Z,APTUSDT,-0.00000267
2026-06-25T00:00:00Z,APTUSDT,0.00002041
2026-06-25T08:00:00Z,APTUSDT,0.00000183
2026-06-25T16:00:00Z,APTUSDT,-0.00013918
2026-06-26T00:00:00Z,APTUSDT,-0.00003685
2026-06-26T08:00:00Z,APTUSDT,-0.00000951
2026-06-26T16:00:00Z,APTUSDT,-0.00004981
2026-06-27T00:00:00Z,APTUSDT,-0.00013437
2026-06-27T08:00:00Z,APTUSDT,0.0001
2026-06-27T16:00:00Z,APTUSDT,0.0001
2026-06-28T00:00:00Z,APTUSDT,0.0000257
2026-06-28T08:00:00Z,APTUSDT,-0.0001331
2026-06-28T16:00:00Z,APTUSDT,-0.00002673
2026-06-29T00:00:00Z,APTUSDT,0.0001
2026-06-29T08:00:00Z,APTUSDT,0.0001
2026-06-29T16:00:00Z,APTUSDT,0.00004863
2026-06-30T00:00:00Z,APTUSDT,0.0001
2026-06-30T08:00:00Z,APTUSDT,0.0001
2026-06-30T16:00:00Z,APTUSDT,-0.0001321
2026-07-01T00:00:00Z,APTUSDT,0.0001
2026-07-01T08:00:00Z,APTUSDT,0.0000322
2026-07-01T16:00:00Z,APTUSDT,0.0001
2026-07-02T00:00:00Z,APTUSDT,0.0001
2026-07-02T08:00:00Z,APTUSDT,0.00005962
2026-07-02T16:00:00Z,APTUSDT,-0.00010833
2026-07-03T00:00:00Z,APTUSDT,-0.00000574
2026-07-03T08:00:00Z,APTUSDT,-0.00001969
2026-07-03T16:00:00Z,APTUSDT,-0.00007706
2026-07-04T00:00:00Z,APTUSDT,0.0001
2026-07-04T08:00:00Z,APTUSDT,0.00000721
2026-07-04T16:00:00Z,APTUSDT,0.00007584
2026-07-05T00:00:00Z,APTUSDT,0.00002935
2026-07-05T08:00:00Z,APTUSDT,-0.0000066
2026-07-05T16:00:00Z,APTUSDT,0.0001
2026-07-06T00:00:00Z,APTUSDT,0.0001
2026-07-06T08:00:00Z,APTUSDT,-0.00000592
2026-07-06T16:00:00Z,APTUSDT,-0.00006319
2026-07-07T00:00:00Z,APTUSDT,0.00007692
2026-07-07T08:00:00Z,APTUSDT,0.00008746
2026-07-07T16:00:00Z,APTUSDT,0.00001159
2026-07-08T00:00:00Z,APTUSDT,0.0001
2026-07-08T08:00:00Z,APTUSDT,-0.00000228
2026-07-08T16:00:00Z,APTUSDT,-0.00018907
2026-07-09T00:00:00Z,APTUSDT,0.00008267
2026-07-09T08:00:00Z,APTUSDT,0.0001
2026-07-09T16:00:00Z,APTUSDT,0.0001
2026-07-10T00:00:00Z,APTUSDT,0.00009823
2026-07-10T08:00:00Z,APTUSDT,0.0001
2026-07-10T16:00:00Z,APTUSDT,0.00005537
2026-07-11T00:00:00Z,APTUSDT,0.0001
2026-07-11T08:00:00Z,APTUSDT,-0.00009321
2026-07-11T16:00:00Z,APTUSDT,0.0000646
2026-07-12T00:00:00Z,APTUSDT,0.0001
2026-07-12T08:00:00Z,APTUSDT,-0.0002214
2026-07-12T16:00:00Z,APTUSDT,0.00001382
2026-07-13T00:00:00Z,APTUSDT,-0.00011335
2026-07-13T08:00:00Z,APTUSDT,-0.00007797
2026-07-13T16:00:00Z,APTUSDT,0.00005022
2026-07-14T00:00:00Z,APTUSDT,-0.00005532
2026-07-14T08:00:00Z,APTUSDT,0.0001
2026-07-14T16:00:00Z,APTUSDT,0.0001
2026-07-15T00:00:00Z,APTUSDT,0.0001
2026-07-15T08:00:00Z,APTUSDT,0.00008114
2026-07-15T16:00:00Z,APTUSDT,0.0001
2026-07-16T00:00:00Z,APTUSDT,0.0001
2026-07-16T08:00:00Z,APTUSDT,0.0001
2026-07-16T16:00:00Z,APTUSDT,0.00000454
2026-07-17T00:00:00Z,APTUSDT,0.0001
2026-07-17T08:00:00Z,APTUSDT,0.0001
2026-07-17T16:00:00Z,APTUSDT,-0.00000866
2026-07-18T00:00:00Z,APTUSDT,0.00002719
2026-07-18T08:00:00Z,APTUSDT,-0.00009686
2026-07-18T16:00:00Z,APTUSDT,-0.00012391
2026-07-19T00:00:00Z,APTUSDT,0.0001
2026-07-19T08:00:00Z,APTUSDT,-0.00008147
2026-07-19T16:00:00Z,APTUSDT,0.00009103
2026-07-20T00:00:00Z,APTUSDT,0.00005412
2026-07-20T08:00:00Z,APTUSDT,-0.00005451
2026-07-20T16:00:00Z,APTUSDT,0.00004599
2026-07-21T00:00:00Z,APTUSDT,0.0001
2026-07-21T08:00:00Z,APTUSDT,0.0001
2026-07-21T16:00:00Z,APTUSDT,0.00002911
2026-07-22T00:00:00Z,APTUSDT,0.0001
2026-07-22T08:00:00Z,APTUSDT,0.00007552
2026-07-22T16:00:00Z,APTUSDT,0.0001
2026-07-23T00:00:00Z,APTUSDT,0.0001
2026-07-23T08:00:00Z,APTUSDT,0.00001173
2026-07-23T16:00:00Z,APTUSDT,-0.00006413
2026-07-24T00:00:00Z,APTUSDT,-0.00001023
2026-07-24T08:00:00Z,APTUSDT,0.0000639
2026-07-24T16:00:00Z,APTUSDT,-0.00019526
2026-07-25T00:00:00Z,APTUSDT,-0.00002727
2026-07-25T08:00:00Z,APTUSDT,0.0001
2026-07-25T16:00:00Z,APTUSDT,0.00003759
2026-07-26T00:00:00Z,APTUSDT,0.0001
2026-07-26T08:00:00Z,APTUSDT,0.0001
2026-07-26T16:00:00Z,APTUSDT,0.0001
2026-07-27T00:00:00Z,APTUSDT,-0.00013473
2026-07-27T08:00:00Z,APTUSDT,0.00005071
2026-07-27T16:00:00Z,APTUSDT,-0.00011073
2026-07-28T00:00:00Z,APTUSDT,0.00001243
2026-07-28T08:00:00Z,APTUSDT,-0.00007253
2026-07-28T16:00:00Z,APTUSDT,-0.00005931
2026-07-29T00:00:00Z,APTUSDT,0.0001
2026-07-29T08:00:00Z,APTUSDT,0.00000917
2026-07-29T16:00:00Z,APTUSDT,0.00003635
2026-07-30T00:00:00Z,APTUSDT,-0.00001924
2026-07-30T08:00:00Z,APTUSDT,-0.00000442
2026-07-30T16:00:00Z,APTUSDT,0.00003252
2026-07-31T00:00:00Z,APTUSDT,0.00006874
2026-07-31T08:00:00Z,APTUSDT,0.00003377
2026-07-31T16:00:00Z,APTUSDT,0.00001657
2026-08-01T00:00:00Z,APTUSDT,0.00006806
2026-08-01T08:00:00Z,APTUSDT,0.00007021
2026-08-01T16:00:00Z,APTUSDT,0.00001155
2026-08-02T00:00:00Z,APTUSDT,0.00000416
2026-08-02T08:00:00Z,APTUSDT,0.0001
2026-08-02T16:00:00Z,APTUSDT,-0.00003181
2026-08-03T00:00:00Z,APTUSDT,0.0001
2026-08-03T08:00:00Z,APTUSDT,-0.00003311
2026-08-03T16:00:00Z,APTUSDT,0.00004302
2026-08-04T00:00:00Z,APTUSDT,0.0001
2026-08-04T08:00:00Z,APTUSDT,0.00007713
2026-08-04T16:00:00Z,APTUSDT,0.00003605
2026-08-05T00:00:00Z,APTUSDT,0.0001
2026-08-05T08:00:00Z,APTUSDT,0.0001
2026-08-05T16:00:00Z,APTUSDT,-0.00002879
2026-08-06T00:00:00Z,APTUSDT,-0.00004363
2026-08-06T08:00:00Z,APTUSDT,0.00006341
2026-08-06T16:00:00Z,APTUSDT,0.0000639
2026-08-07T00:00:00Z,APTUSDT,-0.00006169
2026-08-07T08:00:00Z,APTUSDT,-0.00004522
2026-08-07T16:00:00Z,APTUSDT,0.00006163
2026-08-08T00:00:00Z,APTUSDT,0.0001
2026-08-08T08:00:00Z,APTUSDT,0.0001
2026-08-08T16:00:00Z,APTUSDT,0.00007836
2026-08-09T00:00:00Z,APTUSDT,0.00002836
2026-08-09T08:00:00Z,APTUSDT,0.00000233
2026-08-09T16:00:00Z,APTUSDT,0.00003295
2026-08-10T00:00:00Z,APTUSDT,0.00003628
2026-08-10T08:00:00Z,APTUSDT,0.0001
2026-08-10T16:00:00Z,APTUSDT,0.0000964
2026-08-11T00:00:00Z,APTUSDT,0.0001
2026-08-11T08:00:00Z,APTUSDT,0.00006663
2026-08-11T16:00:00Z,APTUSDT,-0.00009439
2026-08-12T00:00:00Z,APTUSDT,0.00008349
2026-08-12T08:00:00Z,APTUSDT,0.00003245
2026-08-12T16:00:00Z,APTUSDT,-0.00005307
2026-08-13T00:00:00Z,APTUSDT,-0.00002282
2026-08-13T08:00:00Z,APTUSDT,0.00006552
2026-08-13T16:00:00Z,APTUSDT,0.00009619
2026-08-14T00:00:00Z,APTUSDT,0.0001
2026-08-14T08:00:00Z,APTUSDT,0.0001
2026-08-14T16:00:00Z,APTUSDT,-0.00015785
2026-08-15T00:00:00Z,APTUSDT,0.0001
2026-08-15T08:00:00Z,APTUSDT,0.00002098
2026-08-15T16:00:00Z,APTUSDT,-0.00015107
2026-08-16T00:00:00Z,APTUSDT,0.00000834
2026-08-16T08:00:00Z,APTUSDT,0.0001
2026-08-16T16:00:00Z,APTUSDT,0.0001
2026-08-17T00:00:00Z,APTUSDT,0.00006592
2026-08-17T08:00:00Z,APTUSDT,0.0001
2026-08-17T16:00:00Z,APTUSDT,0.00008636
2026-08-18T00:00:00Z,APTUSDT,0.0001
2026-08-18T08:00:00Z,APTUSDT,0.0000787
2026-08-18T16:00:00Z,APTUSDT,0.0001
2026-08-19T00:00:00Z,APTUSDT,0.00006861
2026-08-19T08:00:00Z,APTUSDT,0.0001
2026-08-19T16:00:00Z,APTUSDT,0.00004485
2026-08-20T00:00:00Z,APTUSDT,0.0001
2026-08-20T08:00:00Z,APTUSDT,-0.00005903
2026-08-20T16:00:00Z,APTUSDT,-0.00014624
2026-08-21T00:00:00Z,APTUSDT,0.0001
2026-08-21T08:00:00Z,APTUSDT,-0.00007732
2026-08-21T16:00:00Z,APTUSDT,0.0001
2026-08-22T00:00:00Z,APTUSDT,0.0001
2026-08-22T08:00:00Z,APTUSDT,0.0001
2026-08-22T16:00:00Z,APTUSDT,0.0001
2026-08-23T00:00:00Z,APTUSDT,0.0001
2026-08-23T08:00:00Z,APTUSDT,0.0001
2026-08-23T16:00:00Z,APTUSDT,0.0001
2026-08-24T00:00:00Z,APTUSDT,0.0001
2026-08-24T08:00:00Z,APTUSDT,0.0001
2026-08-24T16:00:00Z,APTUSDT,0.0001
2026-08-25T00:00:00Z,APTUSDT,0.0001
2026-08-25T08:00:00Z,APTUSDT,0.0001
2026-08-25T16:00:00Z,APTUSDT,0.0001
2026-08-26T00:00:00Z,APTUSDT,0.00000336
2026-08-26T08:00:00Z,APTUSDT,0.0001
2026-08-26T16:00:00Z,APTUSDT,0.00001734
2026-08-27T00:00:00Z,APTUSDT,0.0001
2026-08-27T08:00:00Z,APTUSDT,0.00003904
2026-08-27T16:00:00Z,APTUSDT,-0.00004842
2026-08-28T00:00:00Z,APTUSDT,0.00001383
2026-08-28T08:00:00Z,APTUSDT,-0.00005264
2026-08-28T16:00:00Z,APTUSDT,-0.0000088
2026-08-29T00:00:00Z,APTUSDT,-0.0001097
2026-08-29T08:00:00Z,APTUSDT,0.00005194
2026-08-29T16:00:00Z,APTUSDT,0.00004233
2026-08-30T00:00:00Z,APTUSDT,0.0001
2026-08-30T08:00:00Z,APTUSDT,0.00004637
2026-08-30T16:00:00Z,APTUSDT,0.0001
2026-08-31T00:00:00Z,APTUSDT,-0.00014884
2026-08-31T08:00:00Z,APTUSDT,0.00003804
2026-08-31T16:00:00Z,APTUSDT,0.00000538
2026-09-01T00:00:00Z,APTUSDT,0.00005243
2026-09-01T08:00:00Z,APTUSDT,-0.00001981
2026-09-01T16:00:00Z,APTUSDT,-0.00007466
2026-09-02T00:00:00Z,APTUSDT,0.0001
2026-09-02T08:00:00Z,APTUSDT,0.00008248
2026-09-02T16:00:00Z,APTUSDT,0.00005455
2026-09-03T00:00:00Z,APTUSDT,0.0001
2026-09-03T08:00:00Z,APTUSDT,0.0001
2026-09-03T16:00:00Z,APTUSDT,0.0001
2026-09-04T00:00:00Z,APTUSDT,0.0001
2026-09-04T08:00:00Z,APTUSDT,0.0001
2026-09-04T16:00:00Z,APTUSDT,0.0001
2026-09-05T00:00:00Z,APTUSDT,0.00009607
2026-09-05T08:00:00Z,APTUSDT,0.00002405
2026-09-05T16:00:00Z,APTUSDT,-0.00005489
2026-09-06T00:00:00Z,APTUSDT,0.0001
2026-09-06T08:00:00Z,APTUSDT,0.0001
2026-09-06T16:00:00Z,APTUSDT,0.00005236
2026-09-07T00:00:00Z,APTUSDT,-0.00013521
2026-09-07T08:00:00Z,APTUSDT,0.0001
2026-09-07T16:00:00Z,APTUSDT,0.0001
2026-09-08T00:00:00Z,APTUSDT,0.0001
2026-09-08T08:00:00Z,APTUSDT,-0.00004123
2026-09-08T16:00:00Z,APTUSDT,0.0001
2026-09-09T00:00:00Z,APTUSDT,0.00001841
2026-09-09T08:00:00Z,APTUSDT,-0.00000565
2026-09-09T16:00:00Z,APTUSDT,0.0000764
2026-09-10T00:00:00Z,APTUSDT,0.0001
2026-09-10T08:00:00Z,APTUSDT,-0.00013704
2026-09-10T16:00:00Z,APTUSDT,0.00004761
2026-09-11T00:00:00Z,APTUSDT,0.0001
2026-09-11T08:00:00Z,APTUSDT,0.0001
2026-09-11T16:00:00Z,APTUSDT,-0.00003162
2026-09-12T00:00:00Z,APTUSDT,-0.00002683
2026-09-12T08:00:00Z,APTUSDT,0.00001952
2026-09-12T16:00:00Z,APTUSDT,0.0001
2026-09-13T00:00:00Z,APTUSDT,0.0001
2026-09-13T08:00:00Z,APTUSDT,0.0001
2026-09-13T16:00:00Z,APTUSDT,0.0001
2026-09-14T00:00:00Z,APTUSDT,-0.00002599
2026-09-14T08:00:00Z,APTUSDT,0.0001
2026-09-14T16:00:00Z,APTUSDT,0.0001
2026-09-15T00:00:00Z,APTUSDT,0.0001
2026-09-15T08:00:00Z,APTUSDT,0.0001
2026-09-15T16:00:00Z,APTUSDT,0.00002879
2026-09-16T00:00:00Z,APTUSDT,-0.00011457
2026-09-16T08:00:00Z,APTUSDT,-0.00000284
2026-09-16T16:00:00Z,APTUSDT,-0.00027632
2026-09-17T00:00:00Z,APTUSDT,0.00001897
2026-09-17T08:00:00Z,APTUSDT,0.00000873
2026-09-17T16:00:00Z,APTUSDT,0.0001
2026-09-18T00:00:00Z,APTUSDT,0.0001
2026-09-18T08:00:00Z,APTUSDT,0.0001
2026-09-18T16:00:00Z,APTUSDT,0.0001
2026-09-19T00:00:00Z,APTUSDT,0.0001
2026-09-19T08:00:00Z,APTUSDT,0.0001
2026-09-19T16:00:00Z,APTUSDT,0.0001
2026-09-20T00:00:00Z,APTUSDT,0.0001
2026-09-20T08:00:00Z,APTUSDT,0.0001
2026-09-20T16:00:00Z,APTUSDT,0.0001
2026-09-21T00:00:00Z,APTUSDT,-0.0000041
2026-09-21T08:00:00Z,APTUSDT,0.00001449
2026-09-21T16:00:00Z,APTUSDT,0.00001251
2026-09-22T00:00:00Z,APTUSDT,0.0001
2026-09-22T08:00:00Z,APTUSDT,0.0001
2026-09-22T16:00:00Z,APTUSDT,-0.00013629
2026-09-23T00:00:00Z,APTUSDT,0.0001
2026-09-23T08:00:00Z,APTUSDT,0.0001
2026-09-23T16:00:00Z,APTUSDT,0.0001
2026-09-24T00:00:00Z,APTUSDT,-0.00007606
2026-09-24T08:00:00Z,APTUSDT,-0.00018069
2026-09-24T16:00:00Z,APTUSDT,0.0001
2026-09-25T00:00:00Z,APTUSDT,0.0001
2026-09-25T08:00:00Z,APTUSDT,0.0001
2026-09-25T16:00:00Z,APTUSDT,0.0001
2026-09-26T00:00:00Z,APTUSDT,0.0001
2026-09-26T08:00:00Z,APTUSDT,0.00008419
2026-09-26T16:00:00Z,APTUSDT,0.00004814
2026-09-27T00:00:00Z,APTUSDT,-0.00004881
2026-09-27T08:00:00Z,APTUSDT,-0.00008543
2026-09-27T16:00:00Z,APTUSDT,0.0001
2026-09-28T00:00:00Z,APTUSDT,0.0001
2026-09-28T08:00:00Z,APTUSDT,0.0001
2026-09-28T16:00:00Z,APTUSDT,0.00005383
2026-09-29T00:00:00Z,APTUSDT,0.00005926
2026-09-29T08:00:00Z,APTUSDT,-0.00003265
2026-09-29T16:00:00Z,APTUSDT,0.00008478
2026-09-30T00:00:00Z,APTUSDT,0.0001
2026-09-30T08:00:00Z,APTUSDT,0.00003964
2026-09-30T16:00:00Z,APTUSDT,0.0001
2026-10-01T00:00:00Z,APTUSDT,0.0000516
2026-10-01T08:00:00Z,APTUSDT,0.00003068
2026-10-01T16:00:00Z,APTUSDT,0.00000622
2026-10-02T00:00:00Z,APTUSDT,0.0001
2026-10-02T08:00:00Z,APTUSDT,0.0001
2026-10-02T16:00:00Z,APTUSDT,0.0001
2026-10-03T00:00:00Z,APTUSDT,-0.00004896
2026-10-03T08:00:00Z,APTUSDT,0.0001
2026-10-03T16:00:00Z,APTUSDT,0.0001
2026-10-04T00:00:00Z,APTUSDT,-0.00001156
2026-10-04T08:00:00Z,APTUSDT,-0.00000186
2026-10-04T16:00:00Z,APTUSDT,0.00006964
2026-10-05T00:00:00Z,APTUSDT,0.00009432
2026-10-05T08:00:00Z,APTUSDT,0.0001
2026-10-05T16:00:00Z,APTUSDT,0.0001
2026-10-06T00:00:00Z,APTUSDT,0.0001
2026-10-06T08:00:00Z,APTUSDT,0.0001
2026-10-06T16:00:00Z,APTUSDT,-0.00006574
2026-10-07T00:00:00Z,APTUSDT,0.0001
2026-10-07T08:00:00Z,APTUSDT,-0.00014939
2026-10-07T16:00:00Z,APTUSDT,0.0001
2026-10-08T00:00:00Z,APTUSDT,0.0001
2026-10-08T08:00:00Z,APTUSDT,0.0001
2026-10-08T16:00:00Z,APTUSDT,0.0001
2026-10-09T00:00:00Z,APTUSDT,0.00000425
