timestamp,symbol,funding_rate
2023-10-09T00:00:00Z,ARBUSDT,0.0000434
2023-10-09T08:00:00Z,ARBUSDT,0.00007258
2023-10-09T16:00:00Z,ARBUSDT,-0.00000337
2023-10-10T00:00:00Z,ARBUSDT,-0.00007808
2023-10-10T08:00:00Z,ARBUSDT,-0.00005321
2023-10-10T16:00:00Z,ARBUSDT,0.00006145
2023-10-11T00:00:00Z,ARBUSDT,0.00006226
2023-10-11T08:00:00Z,ARBUSDT,0.00008796
2023-10-11T16:00:00Z,ARBUSDT,-0.00004128
2023-10-12T00:00:00Z,ARBUSDT,0.0001
2023-10-12T08:00:00Z,ARBUSDT,0.00005765
2023-10-12T16:00:00Z,ARBUSDT,0.00008634
2023-10-13T00:00:00Z,ARBUSDT,0.00006361
2023-10-13T08:00:00Z,ARBUSDT,0.0000762
2023-10-13T16:00:00Z,ARBUSDT,0.0001
2023-10-14T00:00:00Z,ARBUSDT,-0.00003885
2023-10-14T08:00:00Z,ARBUSDT,-0.00008314
2023-10-14T16:00:00Z,ARBUSDT,0.0001
2023-10-15T00:00:00Z,ARBUSDT,-0.00008141
2023-10-15T08:00:00Z,ARBUSDT,0.0001
2023-10-15T16:00:00Z,ARBUSDT,0.0001
2023-10-16T00:00:00Z,ARBUSDT,0.0001
2023-10-16T08:00:00Z,ARBUSDT,0.00001788
2023-10-16T16:00:00Z,ARBUSDT,0.00008283
2023-10-17T00:00:00Z,ARBUSDT,0.00008956
2023-10-17T08:00:00Z,ARBUSDT,0.00005288
2023-10-17T16:00:00Z,ARBUSDT,-0.00006983
2023-10-18T00:00:00Z,ARBUSDT,0.0000881
2023-10-18T08:00:00Z,ARBUSDT,0.00007761
2023-10-18T16:00:00Z,ARBUSDT,0.0001
2023-10-19T00:00:00Z,ARBUSDT,-0.00001094
2023-10-19T08:00:00Z,ARBUSDT,0.00004144
2023-10-19T16:00:00Z,ARBUSDT,0.00004385
2023-10-20T00:00:00Z,ARBUSDT,0.0001
2023-10-20T08:00:00Z,ARBUSDT,0.0001
2023-10-20T16:00:00Z,ARBUSDT,0.00008298
2023-10-21T00:00:00Z,ARBUSDT,0.0001
2023-10-21T08:00:00Z,ARBUSDT,0.0001
2023-10-21T16:00:00Z,ARBUSDT,0.00007225
2023-10-22T00:00:00Z,ARBUSDT,0.00006904
2023-10-22T08:00:00Z,ARBUSDT,0.0001
2023-10-22T16:00:00Z,ARBUSDT,0.00005174
2023-10-23T00:00:00Z,ARBUSDT,0.0001
2023-10-23T08:00:00Z,ARBUSDT,0.0001
2023-10-23T16:00:00Z,ARBUSDT,0.00007224
2023-10-24T00:00:00Z,ARBUSDT,0.00005008
2023-10-24T08:00:00Z,ARBUSDT,0.0001
2023-10-24T16:00:00Z,ARBUSDT,0.0001
2023-10-25T00:00:00Z,ARBUSDT,0.0001
2023-10-25T08:00:00Z,ARBUSDT,0.0001
2023-10-25T16:00:00Z,ARBUSDT,0.0001
2023-10-26T00:00:00Z,ARBUSDT,0.0001
2023-10-26T08:00:00Z,ARBUSDT,0.0001
2023-10-26T16:00:00Z,ARBUSDT,0.0001
2023-10-27T00:00:00Z,ARBUSDT,0.0001
2023-10-27T08:00:00Z,ARBUSDT,0.0001
2023-10-27T16:00:00Z,ARBUSDT,0.0001
2023-10-28T00:00:00Z,ARBUSDT,0.0001
2023-10-28T08:00:00Z,ARBUSDT,0.0001
2023-10-28T16:00:00Z,ARBUSDT,0.0001
2023-10-29T00:00:00Z,ARBUSDT,0.0001
2023-10-29T08:00:00Z,ARBUSDT,0.0001
2023-10-29T16:00:00Z,ARBUSDT,0.0001
2023-10-30T00:00:00Z,ARBUSDT,0.0001
2023-10-30T08:00:00Z,ARBUSDT,0.0001
2023-10-30T16:00:00Z,ARBUSDT,0.0001
2023-10-31T00:00:00Z,ARBUSDT,0.0001
2023-10-31T08:00:00Z,ARBUSDT,0.0001
2023-10-31T16:00:00Z,ARBUSDT,0.0001
2023-11-01T00:00:00Z,ARBUSDT,0.0001
2023-11-01T08:00:00Z,ARBUSDT,0.0001
2023-11-01T16:00:00Z,ARBUSDT,0.0001
2023-11-02T00:00:00Z,ARBUSDT,0.000141
2023-11-02T08:00:00Z,ARBUSDT,0.00018812
2023-11-02T16:00:00Z,ARBUSDT,0.0001
2023-11-03T00:00:00Z,ARBUSDT,0.0001
2023-11-03T08:00:00Z,ARBUSDT,0.0001
2023-11-03T16:00:00Z,ARBUSDT,0.0001
2023-11-04T00:00:00Z,ARBUSDT,0.0001
2023-11-04T08:00:00Z,ARBUSDT,0.0001
2023-11-04T16:00:00Z,ARBUSDT,0.0001
2023-11-05T00:00:00Z,ARBUSDT,0.0001
2023-11-05T08:00:00Z,ARBUSDT,0.0001
2023-11-05T16:00:00Z,ARBUSDT,0.0001
2023-11-06T00:00:00Z,ARBUSDT,0.00020025
2023-11-06T08:00:00Z,ARBUSDT,0.00029036
2023-11-06T16:00:00Z,ARBUSDT,0.00034565
2023-11-07T00:00:00Z,ARBUSDT,0.0001
2023-11-07T08:00:00Z,ARBUSDT,0.00025994
2023-11-07T16:00:00Z,ARBUSDT,0.0001
2023-11-08T00:00:00Z,ARBUSDT,0.0001452
2023-11-08T08:00:00Z,ARBUSDT,0.00032983
2023-11-08T16:00:00Z,ARBUSDT,0.0003078
2023-11-09T00:00:00Z,ARBUSDT,0.00025995
2023-11-09T08:00:00Z,ARBUSDT,0.00018551
2023-11-09T16:00:00Z,ARBUSDT,0.00031129
2023-11-10T00:00:00Z,ARBUSDT,0.0001
2023-11-10T08:00:00Z,ARBUSDT,0.00032145
2023-11-10T16:00:00Z,ARBUSDT,0.00023592
2023-11-11T00:00:00Z,ARBUSDT,0.00038358
2023-11-11T08:00:00Z,ARBUSDT,0.00020315
2023-11-11T16:00:00Z,ARBUSDT,0.00056234
2023-11-12T00:00:00Z,ARBUSDT,0.00042611
2023-11-12T08:00:00Z,ARBUSDT,0.00013242
2023-11-12T16:00:00Z,ARBUSDT,0.00038102
2023-11-13T00:00:00Z,ARBUSDT,0.00045356
2023-11-13T08:00:00Z,ARBUSDT,0.00026174
2023-11-13T16:00:00Z,ARBUSDT,0.00022247
2023-11-14T00:00:00Z,ARBUSDT,0.0001
2023-11-14T08:00:00Z,ARBUSDT,0.0001
2023-11-14T16:00:00Z,ARBUSDT,0.0001
2023-11-15T00:00:00Z,ARBUSDT,0.0001
2023-11-15T08:00:00Z,ARBUSDT,0.0001
2023-11-15T16:00:00Z,ARBUSDT,0.0001
2023-11-16T00:00:00Z,ARBUSDT,0.0001
2023-11-16T08:00:00Z,ARBUSDT,0.00044452
2023-11-16T16:00:00Z,ARBUSDT,0.00036877
2023-11-17T00:00:00Z,ARBUSDT,0.0001
2023-11-17T08:00:00Z,ARBUSDT,0.0001
2023-11-17T16:00:00Z,ARBUSDT,0.0001
2023-11-18T00:00:00Z,ARBUSDT,0.0001
2023-11-18T08:00:00Z,ARBUSDT,0.0001
2023-11-18T16:00:00Z,ARBUSDT,0.0001
2023-11-19T00:00:00Z,ARBUSDT,0.0001
2023-11-19T08:00:00Z,ARBUSDT,0.0001
2023-11-19T16:00:00Z,ARBUSDT,0.0001
2023-11-20T00:00:00Z,ARBUSDT,0.0001
2023-11-20T08:00:00Z,ARBUSDT,0.00012623
2023-11-20T16:00:00Z,ARBUSDT,0.0001
2023-11-21T00:00:00Z,ARBUSDT,0.0001
2023-11-21T08:00:00Z,ARBUSDT,0.0001
2023-11-21T16:00:00Z,ARBUSDT,0.0001
2023-11-22T00:00:00Z,ARBUSDT,0.0001
2023-11-22T08:00:00Z,ARBUSDT,0.0001
2023-11-22T16:00:00Z,ARBUSDT,0.0001
2023-11-23T00:00:00Z,ARBUSDT,0.0001
2023-11-23T08:00:00Z,ARBUSDT,0.0001
2023-11-23T16:00:00Z,ARBUSDT,0.0001
2023-11-24T00:00:00Z,ARBUSDT,0.0001
2023-11-24T08:00:00Z,ARBUSDT,0.0001
2023-11-24T16:00:00Z,ARBUSDT,0.0001
2023-11-25T00:00:00Z,ARBUSDT,0.0001
2023-11-25T08:00:00Z,ARBUSDT,0.0001
2023-11-25T16:00:00Z,ARBUSDT,0.0001
2023-11-26T00:00:00Z,ARBUSDT,0.0001
2023-11-26T08:00:00Z,ARBUSDT,0.0001
2023-11-26T16:00:00Z,ARBUSDT,0.0001
2023-11-27T00:00:00Z,ARBUSDT,0.0001
2023-11-27T08:00:00Z,ARBUSDT,0.0001
2023-11-27T16:00:00Z,ARBUSDT,0.0001
2023-11-28T00:00:00Z,ARBUSDT,0.0001
2023-11-28T08:00:00Z,ARBUSDT,0.0001
2023-11-28T16:00:00Z,ARBUSDT,0.0001
2023-11-29T00:00:00Z,ARBUSDT,0.0001
2023-11-29T08:00:00Z,ARBUSDT,0.0001
2023-11-29T16:00:00Z,ARBUSDT,0.0001
2023-11-30T00:00:00Z,ARBUSDT,0.0001
2023-11-30T08:00:00Z,ARBUSDT,0.0001
2023-11-30T16:00:00Z,ARBUSDT,0.0001
2023-12-01T00:00:00Z,ARBUSDT,0.00017541
2023-12-01T08:00:00Z,ARBUSDT,0.0001
2023-12-01T16:00:00Z,ARBUSDT,0.0001
2023-12-02T00:00:00Z,ARBUSDT,0.0001
2023-12-02T08:00:00Z,ARBUSDT,0.00030497
2023-12-02T16:00:00Z,ARBUSDT,0.00033529
2023-12-03T00:00:00Z,ARBUSDT,0.00024076
2023-12-03T08:00:00Z,ARBUSDT,0.0002539
2023-12-03T16:00:00Z,ARBUSDT,0.00028273
2023-12-04T00:00:00Z,ARBUSDT,0.0002597
2023-12-04T08:00:00Z,ARBUSDT,0.00057414
2023-12-04T16:00:00Z,ARBUSDT,0.0001
2023-12-05T00:00:00Z,ARBUSDT,0.00018843
2023-12-05T08:00:00Z,ARBUSDT,0.00023497
2023-12-05T16:00:00Z,ARBUSDT,0.00014587
2023-12-06T00:00:00Z,ARBUSDT,0.00026798
2023-12-06T08:00:00Z,ARBUSDT,0.0002867
2023-12-06T16:00:00Z,ARBUSDT,0.00024904
2023-12-07T00:00:00Z,ARBUSDT,0.00032981
2023-12-07T08:00:00Z,ARBUSDT,0.00050108
2023-12-07T16:00:00Z,ARBUSDT,0.00015894
2023-12-08T00:00:00Z,ARBUSDT,0.00060585
2023-12-08T08:00:00Z,ARBUSDT,0.00040519
2023-12-08T16:00:00Z,ARBUSDT,0.00059696
2023-12-09T00:00:00Z,ARBUSDT,0.00045547
2023-12-09T08:00:00Z,ARBUSDT,0.00077197
2023-12-09T16:00:00Z,ARBUSDT,0.00037483
2023-12-10T00:00:00Z,ARBUSDT,0.00038782
2023-12-10T08:00:00Z,ARBUSDT,0.00010641
2023-12-10T16:00:00Z,ARBUSDT,0.00028487
2023-12-11T00:00:00Z,ARBUSDT,0.00032752
2023-12-11T08:00:00Z,ARBUSDT,0.0001
2023-12-11T16:00:00Z,ARBUSDT,0.0001
2023-12-12T00:00:00Z,ARBUSDT,0.0001
2023-12-12T08:00:00Z,ARBUSDT,0.00010715
2023-12-12T16:00:00Z,ARBUSDT,0.00031317
2023-12-13T00:00:00Z,ARBUSDT,0.00033091
2023-12-13T08:00:00Z,ARBUSDT,0.0001
2023-12-13T16:00:00Z,ARBUSDT,0.0001
2023-12-14T00:00:00Z,ARBUSDT,0.0001
2023-12-14T08:00:00Z,ARBUSDT,0.0001
2023-12-14T16:00:00Z,ARBUSDT,0.00016923
2023-12-15T00:00:00Z,ARBUSDT,0.00026277
2023-12-15T08:00:00Z,ARBUSDT,0.00028395
2023-12-15T16:00:00Z,ARBUSDT,0.00025714
2023-12-16T00:00:00Z,ARBUSDT,0.0002937
2023-12-16T08:00:00Z,ARBUSDT,0.00020206
2023-12-16T16:00:00Z,ARBUSDT,0.00026093
2023-12-17T00:00:00Z,ARBUSDT,0.00024354
2023-12-17T08:00:00Z,ARBUSDT,0.00020618
2023-12-17T16:00:00Z,ARBUSDT,0.00033947
2023-12-18T00:00:00Z,ARBUSDT,0.00014971
2023-12-18T08:00:00Z,ARBUSDT,0.0001
2023-12-18T16:00:00Z,ARBUSDT,0.0001
2023-12-19T00:00:00Z,ARBUSDT,0.00012235
2023-12-19T08:00:00Z,ARBUSDT,0.00016548
2023-12-19T16:00:00Z,ARBUSDT,0.0001
2023-12-20T00:00:00Z,ARBUSDT,0.0001
2023-12-20T08:00:00Z,ARBUSDT,0.0001
2023-12-20T16:00:00Z,ARBUSDT,0.00020188
2023-12-21T00:00:00Z,ARBUSDT,0.00013889
2023-12-21T08:00:00Z,ARBUSDT,0.00023733
2023-12-21T16:00:00Z,ARBUSDT,0.00026809
2023-12-22T00:00:00Z,ARBUSDT,0.00051406
2023-12-22T08:00:00Z,ARBUSDT,0.00019321
2023-12-22T16:00:00Z,ARBUSDT,0.00037601
2023-12-23T00:00:00Z,ARBUSDT,0.00046343
2023-12-23T08:00:00Z,ARBUSDT,0.00030343
2023-12-23T16:00:00Z,ARBUSDT,0.00037821
2023-12-24T00:00:00Z,ARBUSDT,0.00035162
2023-12-24T08:00:00Z,ARBUSDT,0.00029629
2023-12-24T16:00:00Z,ARBUSDT,0.00023523
2023-12-25T00:00:00Z,ARBUSDT,0.00016626
2023-12-25T08:00:00Z,ARBUSDT,0.0002552
2023-12-25T16:00:00Z,ARBUSDT,0.00050455
2023-12-26T00:00:00Z,ARBUSDT,0.00056039
2023-12-26T08:00:00Z,ARBUSDT,0.00037252
2023-12-26T16:00:00Z,ARBUSDT,0.00047484
2023-12-27T00:00:00Z,ARBUSDT,0.0001
2023-12-27T08:00:00Z,ARBUSDT,0.0001
2023-12-27T16:00:00Z,ARBUSDT,0.00036261
2023-12-28T00:00:00Z,ARBUSDT,0.00027769
2023-12-28T08:00:00Z,ARBUSDT,0.00038886
2023-12-28T16:00:00Z,ARBUSDT,0.00061989
2023-12-29T00:00:00Z,ARBUSDT,0.00035907
2023-12-29T08:00:00Z,ARBUSDT,0.0003503
2023-12-29T16:00:00Z,ARBUSDT,0.00046018
2023-12-30T00:00:00Z,ARBUSDT,0.00048154
2023-12-30T08:00:00Z,ARBUSDT,0.00039173
2023-12-30T16:00:00Z,ARBUSDT,0.00020337
2023-12-31T00:00:00Z,ARBUSDT,0.00018552
2023-12-31T08:00:00Z,ARBUSDT,0.00036557
2023-12-31T16:00:00Z,ARBUSDT,0.00046313
2024-01-01T00:00:00Z,ARBUSDT,0.00019497
2024-01-01T08:00:00Z,ARBUSDT,0.00025772
2024-01-01T16:00:00Z,ARBUSDT,0.0003706
2024-01-02T00:00:00Z,ARBUSDT,0.00079384
2024-01-02T08:00:00Z,ARBUSDT,0.00066958
2024-01-02T16:00:00Z,ARBUSDT,0.00067646
2024-01-03T00:00:00Z,ARBUSDT,0.00046425
2024-01-03T08:00:00Z,ARBUSDT,0.00061567
2024-01-03T16:00:00Z,ARBUSDT,0.0001
2024-01-04T00:00:00Z,ARBUSDT,0.0001
2024-01-04T08:00:00Z,ARBUSDT,0.0001
2024-01-04T16:00:00Z,ARBUSDT,0.0001
2024-01-05T00:00:00Z,ARBUSDT,0.0001
2024-01-05T08:00:00Z,ARBUSDT,0.0001
2024-01-05T16:00:00Z,ARBUSDT,0.0001
2024-01-06T00:00:00Z,ARBUSDT,0.0001
2024-01-06T08:00:00Z,ARBUSDT,0.0001
2024-01-06T16:00:00Z,ARBUSDT,0.0001
2024-01-07T00:00:00Z,ARBUSDT,0.0001
2024-01-07T08:00:00Z,ARBUSDT,0.0001
2024-01-07T16:00:00Z,ARBUSDT,0.0001
2024-01-08T00:00:00Z,ARBUSDT,0.0001
2024-01-08T08:00:00Z,ARBUSDT,0.0001
2024-01-08T16:00:00Z,ARBUSDT,0.0001
2024-01-09T00:00:00Z,ARBUSDT,0.0001
2024-01-09T08:00:00Z,ARBUSDT,0.0001
2024-01-09T16:00:00Z,ARBUSDT,0.0001
2024-01-10T00:00:00Z,ARBUSDT,0.0001
2024-01-10T08:00:00Z,ARBUSDT,0.0001
2024-01-10T16:00:00Z,ARBUSDT,0.0001
2024-01-11T00:00:00Z,ARBUSDT,0.0001
2024-01-11T08:00:00Z,ARBUSDT,0.0001
2024-01-11T16:00:00Z,ARBUSDT,0.0001
2024-01-12T00:00:00Z,ARBUSDT,0.0001
2024-01-12T08:00:00Z,ARBUSDT,0.0001
2024-01-12T16:00:00Z,ARBUSDT,0.0001
2024-01-13T00:00:00Z,ARBUSDT,0.0001
2024-01-13T08:00:00Z,ARBUSDT,0.0001
2024-01-13T16:00:00Z,ARBUSDT,0.0001
2024-01-14T00:00:00Z,ARBUSDT,0.0001
2024-01-14T08:00:00Z,ARBUSDT,0.0001
2024-01-14T16:00:00Z,ARBUSDT,0.0001
2024-01-15T00:00:00Z,ARBUSDT,0.0001
2024-01-15T08:00:00Z,ARBUSDT,0.0001
2024-01-15T16:00:00Z,ARBUSDT,0.0001
2024-01-16T00:00:00Z,ARBUSDT,0.0001
2024-01-16T08:00:00Z,ARBUSDT,0.0001
2024-01-16T16:00:00Z,ARBUSDT,0.0001
2024-01-17T00:00:00Z,ARBUSDT,0.0001
2024-01-17T08:00:00Z,ARBUSDT,0.0001
2024-01-17T16:00:00Z,ARBUSDT,0.0001
2024-01-18T00:00:00Z,ARBUSDT,0.0001
2024-01-18T08:00:00Z,ARBUSDT,0.0001
2024-01-18T16:00:00Z,ARBUSDT,0.0001
2024-01-19T00:00:00Z,ARBUSDT,0.0001
2024-01-19T08:00:00Z,ARBUSDT,0.0001
2024-01-19T16:00:00Z,ARBUSDT,0.0001
2024-01-20T00:00:00Z,ARBUSDT,0.0001
2024-01-20T08:00:00Z,ARBUSDT,0.0001
2024-01-20T16:00:00Z,ARBUSDT,0.0001
2024-01-21T00:00:00Z,ARBUSDT,0.0001
2024-01-21T08:00:00Z,ARBUSDT,0.0001
2024-01-21T16:00:00Z,ARBUSDT,0.0001
2024-01-22T00:00:00Z,ARBUSDT,0.0001
2024-01-22T08:00:00Z,ARBUSDT,0.0001
2024-01-22T16:00:00Z,ARBUSDT,0.0001
2024-01-23T00:00:00Z,ARBUSDT,0.0001
2024-01-23T08:00:00Z,ARBUSDT,0.0001
2024-01-23T16:00:00Z,ARBUSDT,0.0001
2024-01-24T00:00:00Z,ARBUSDT,0.0001
2024-01-24T08:00:00Z,ARBUSDT,0.0001
2024-01-24T16:00:00Z,ARBUSDT,0.0001
2024-01-25T00:00:00Z,ARBUSDT,0.0001
2024-01-25T08:00:00Z,ARBUSDT,0.0001
2024-01-25T16:00:00Z,ARBUSDT,0.0001
2024-01-26T00:00:00Z,ARBUSDT,0.0001
2024-01-26T08:00:00Z,ARBUSDT,0.0001
2024-01-26T16:00:00Z,ARBUSDT,0.0001
2024-01-27T00:00:00Z,ARBUSDT,0.0001
2024-01-27T08:00:00Z,ARBUSDT,0.0001
2024-01-27T16:00:00Z,ARBUSDT,0.0001
2024-01-28T00:00:00Z,ARBUSDT,0.0001
2024-01-28T08:00:00Z,ARBUSDT,0.0001
2024-01-28T16:00:00Z,ARBUSDT,0.0001
2024-01-29T00:00:00Z,ARBUSDT,0.0001
2024-01-29T08:00:00Z,ARBUSDT,0.0001
2024-01-29T16:00:00Z,ARBUSDT,0.0001
2024-01-30T00:00:00Z,ARBUSDT,0.0001
2024-01-30T08:00:00Z,ARBUSDT,0.0001
2024-01-30T16:00:00Z,ARBUSDT,0.0001
2024-01-31T00:00:00Z,ARBUSDT,0.0001
2024-01-31T08:00:00Z,ARBUSDT,0.0001
2024-01-31T16:00:00Z,ARBUSDT,0.0001
2024-02-01T00:00:00Z,ARBUSDT,0.0001
2024-02-01T08:00:00Z,ARBUSDT,0.0001
2024-02-01T16:00:00Z,ARBUSDT,0.0001
2024-02-02T00:00:00Z,ARBUSDT,0.0001
2024-02-02T08:00:00Z,ARBUSDT,0.0001
2024-02-02T16:00:00Z,ARBUSDT,0.0001
2024-02-03T00:00:00Z,ARBUSDT,0.0001
2024-02-03T08:00:00Z,ARBUSDT,0.0001
2024-02-03T16:00:00Z,ARBUSDT,0.0001
2024-02-04T00:00:00Z,ARBUSDT,0.0001
2024-02-04T08:00:00Z,ARBUSDT,0.0001
2024-02-04T16:00:00Z,ARBUSDT,0.0001
2024-02-05T00:00:00Z,ARBUSDT,0.0001
2024-02-05T08:00:00Z,ARBUSDT,0.0001
2024-02-05T16:00:00Z,ARBUSDT,0.0001
2024-02-06T00:00:00Z,ARBUSDT,0.0001
2024-02-06T08:00:00Z,ARBUSDT,0.0001
2024-02-06T16:00:00Z,ARBUSDT,0.0001
2024-02-07T00:00:00Z,ARBUSDT,0.00007158
2024-02-07T08:00:00Z,ARBUSDT,0.0001
2024-02-07T16:00:00Z,ARBUSDT,0.0001
2024-02-08T00:00:00Z,ARBUSDT,-0.00010647
2024-02-08T08:00:00Z,ARBUSDT,0.0001
2024-02-08T16:00:00Z,ARBUSDT,0.0001
2024-02-09T00:00:00Z,ARBUSDT,0.0001
2024-02-09T08:00:00Z,ARBUSDT,0.0001
2024-02-09T16:00:00Z,ARBUSDT,0.0001
2024-02-10T00:00:00Z,ARBUSDT,0.0001
2024-02-10T08:00:00Z,ARBUSDT,0.0001
2024-02-10T16:00:00Z,ARBUSDT,0.0001
2024-02-11T00:00:00Z,ARBUSDT,0.0001
2024-02-11T08:00:00Z,ARBUSDT,0.0001
2024-02-11T16:00:00Z,ARBUSDT,0.0001
2024-02-12T00:00:00Z,ARBUSDT,0.0001
2024-02-12T08:00:00Z,ARBUSDT,0.0001
2024-02-12T16:00:00Z,ARBUSDT,0.0001
2024-02-13T00:00:00Z,ARBUSDT,0.0001
2024-02-13T08:00:00Z,ARBUSDT,0.0001
2024-02-13T16:00:00Z,ARBUSDT,0.0001
2024-02-14T00:00:00Z,ARBUSDT,0.0001
2024-02-14T08:00:00Z,ARBUSDT,0.0001
2024-02-14T16:00:00Z,ARBUSDT,0.0001
2024-02-15T00:00:00Z,ARBUSDT,0.0001
2024-02-15T08:00:00Z,ARBUSDT,0.00013198
2024-02-15T16:00:00Z,ARBUSDT,0.00015357
2024-02-16T00:00:00Z,ARBUSDT,0.00013064
2024-02-16T08:00:00Z,ARBUSDT,0.00023256
2024-02-16T16:00:00Z,ARBUSDT,0.0001
2024-02-17T00:00:00Z,ARBUSDT,0.00020657
2024-02-17T08:00:00Z,ARBUSDT,0.00030785
2024-02-17T16:00:00Z,ARBUSDT,0.00034335
2024-02-18T00:00:00Z,ARBUSDT,0.0002592
2024-02-18T08:00:00Z,ARBUSDT,0.00025929
2024-02-18T16:00:00Z,ARBUSDT,0.00032402
2024-02-19T00:00:00Z,ARBUSDT,0.00030817
2024-02-19T08:00:00Z,ARBUSDT,0.00016513
2024-02-19T16:00:00Z,ARBUSDT,0.00027084
2024-02-20T00:00:00Z,ARBUSDT,0.00035688
2024-02-20T08:00:00Z,ARBUSDT,0.00024812
2024-02-20T16:00:00Z,ARBUSDT,0.00020663
2024-02-21T00:00:00Z,ARBUSDT,0.0001
2024-02-21T08:00:00Z,ARBUSDT,0.00013044
2024-02-21T16:00:00Z,ARBUSDT,0.0001
2024-02-22T00:00:00Z,ARBUSDT,0.0001
2024-02-22T08:00:00Z,ARBUSDT,0.0001
2024-02-22T16:00:00Z,ARBUSDT,0.0001
2024-02-23T00:00:00Z,ARBUSDT,0.0001
2024-02-23T08:00:00Z,ARBUSDT,0.00015392
2024-02-23T16:00:00Z,ARBUSDT,0.0001
2024-02-24T00:00:00Z,ARBUSDT,0.00013373
2024-02-24T08:00:00Z,ARBUSDT,0.00016387
2024-02-24T16:00:00Z,ARBUSDT,0.00016994
2024-02-25T00:00:00Z,ARBUSDT,0.00016292
2024-02-25T08:00:00Z,ARBUSDT,0.00016505
2024-02-25T16:00:00Z,ARBUSDT,0.00015541
2024-02-26T00:00:00Z,ARBUSDT,0.00014086
2024-02-26T08:00:00Z,ARBUSDT,0.00028758
2024-02-26T16:00:00Z,ARBUSDT,0.00022733
2024-02-27T00:00:00Z,ARBUSDT,0.00044639
2024-02-27T08:00:00Z,ARBUSDT,0.00063835
2024-02-27T16:00:00Z,ARBUSDT,0.00046846
2024-02-28T00:00:00Z,ARBUSDT,0.00051685
2024-02-28T08:00:00Z,ARBUSDT,0.00047917
2024-02-28T16:00:00Z,ARBUSDT,0.00046919
2024-02-29T00:00:00Z,ARBUSDT,0.00034997
2024-02-29T08:00:00Z,ARBUSDT,0.00078156
2024-02-29T16:00:00Z,ARBUSDT,0.00104463
2024-03-01T00:00:00Z,ARBUSDT,0.00039692
2024-03-01T08:00:00Z,ARBUSDT,0.0006556
2024-03-01T16:00:00Z,ARBUSDT,0.00059476
2024-03-02T00:00:00Z,ARBUSDT,0.00102369
2024-03-02T08:00:00Z,ARBUSDT,0.00094098
2024-03-02T16:00:00Z,ARBUSDT,0.00099886
2024-03-03T00:00:00Z,ARBUSDT,0.00128078
2024-03-03T08:00:00Z,ARBUSDT,0.00097894
2024-03-03T16:00:00Z,ARBUSDT,0.00064741
2024-03-04T00:00:00Z,ARBUSDT,0.00063372
2024-03-04T08:00:00Z,ARBUSDT,0.00084004
2024-03-04T16:00:00Z,ARBUSDT,0.00099389
2024-03-05T00:00:00Z,ARBUSDT,0.00067447
2024-03-05T08:00:00Z,ARBUSDT,0.00125764
2024-03-05T16:00:00Z,ARBUSDT,0.00099004
2024-03-06T00:00:00Z,ARBUSDT,0.0001
2024-03-06T08:00:00Z,ARBUSDT,0.00024171
2024-03-06T16:00:00Z,ARBUSDT,0.00039408
2024-03-07T00:00:00Z,ARBUSDT,0.00044815
2024-03-07T08:00:00Z,ARBUSDT,0.00040459
2024-03-07T16:00:00Z,ARBUSDT,0.00067645
2024-03-08T00:00:00Z,ARBUSDT,0.00074734
2024-03-08T08:00:00Z,ARBUSDT,0.00065981
2024-03-08T16:00:00Z,ARBUSDT,0.00068437
2024-03-09T00:00:00Z,ARBUSDT,0.00046896
2024-03-09T08:00:00Z,ARBUSDT,0.00066761
2024-03-09T16:00:00Z,ARBUSDT,0.00067854
2024-03-10T00:00:00Z,ARBUSDT,0.00072213
2024-03-10T08:00:00Z,ARBUSDT,0.00068093
2024-03-10T16:00:00Z,ARBUSDT,0.00045249
2024-03-11T00:00:00Z,ARBUSDT,0.00042824
2024-03-11T08:00:00Z,ARBUSDT,0.00059413
2024-03-11T16:00:00Z,ARBUSDT,0.00076846
2024-03-12T00:00:00Z,ARBUSDT,0.00078817
2024-03-12T08:00:00Z,ARBUSDT,0.00067254
2024-03-12T16:00:00Z,ARBUSDT,0.00058093
2024-03-13T00:00:00Z,ARBUSDT,0.00063393
2024-03-13T08:00:00Z,ARBUSDT,0.00076732
2024-03-13T16:00:00Z,ARBUSDT,0.00071353
2024-03-14T00:00:00Z,ARBUSDT,0.00058423
2024-03-14T08:00:00Z,ARBUSDT,0.00080981
2024-03-14T16:00:00Z,ARBUSDT,0.00100225
2024-03-15T00:00:00Z,ARBUSDT,0.00095587
2024-03-15T08:00:00Z,ARBUSDT,0.00054115
2024-03-15T16:00:00Z,ARBUSDT,0.00027071
2024-03-16T00:00:00Z,ARBUSDT,0.00015773
2024-03-16T08:00:00Z,ARBUSDT,0.00026553
2024-03-16T16:00:00Z,ARBUSDT,0.00016084
2024-03-17T00:00:00Z,ARBUSDT,0.00020468
2024-03-17T08:00:00Z,ARBUSDT,0.00025768
2024-03-17T16:00:00Z,ARBUSDT,0.00039242
2024-03-18T00:00:00Z,ARBUSDT,0.00042547
2024-03-18T08:00:00Z,ARBUSDT,0.00042927
2024-03-18T16:00:00Z,ARBUSDT,0.00034568
2024-03-19T00:00:00Z,ARBUSDT,0.00033885
2024-03-19T08:00:00Z,ARBUSDT,0.00017351
2024-03-19T16:00:00Z,ARBUSDT,0.00015415
2024-03-20T00:00:00Z,ARBUSDT,0.0001
2024-03-20T08:00:00Z,ARBUSDT,0.00019263
2024-03-20T16:00:00Z,ARBUSDT,0.0001
2024-03-21T00:00:00Z,ARBUSDT,0.0001
2024-03-21T08:00:00Z,ARBUSDT,0.0001
2024-03-21T16:00:00Z,ARBUSDT,0.0001
2024-03-22T00:00:00Z,ARBUSDT,0.00023067
2024-03-22T08:00:00Z,ARBUSDT,0.00013894
2024-03-22T16:00:00Z,ARBUSDT,0.00019131
2024-03-23T00:00:00Z,ARBUSDT,0.0001493
2024-03-23T08:00:00Z,ARBUSDT,0.00010558
2024-03-23T16:00:00Z,ARBUSDT,0.00021155
2024-03-24T00:00:00Z,ARBUSDT,0.00023912
2024-03-24T08:00:00Z,ARBUSDT,0.00021512
2024-03-24T16:00:00Z,ARBUSDT,0.00018968
2024-03-25T00:00:00Z,ARBUSDT,0.00029159
2024-03-25T08:00:00Z,ARBUSDT,0.00038794
2024-03-25T16:00:00Z,ARBUSDT,0.00040441
2024-03-26T00:00:00Z,ARBUSDT,0.00059304
2024-03-26T08:00:00Z,ARBUSDT,0.00070505
2024-03-26T16:00:00Z,ARBUSDT,0.0005194
2024-03-27T00:00:00Z,ARBUSDT,0.00053467
2024-03-27T08:00:00Z,ARBUSDT,0.00055406
2024-03-27T16:00:00Z,ARBUSDT,0.00049789
2024-03-28T00:00:00Z,ARBUSDT,0.00058116
2024-03-28T08:00:00Z,ARBUSDT,0.00070392
2024-03-28T16:00:00Z,ARBUSDT,0.00070732
2024-03-29T00:00:00Z,ARBUSDT,0.00083168
2024-03-29T08:00:00Z,ARBUSDT,0.00062909
2024-03-29T16:00:00Z,ARBUSDT,0.00081276
2024-03-30T00:00:00Z,ARBUSDT,0.00066049
2024-03-30T08:00:00Z,ARBUSDT,0.00071816
2024-03-30T16:00:00Z,ARBUSDT,0.00084694
2024-03-31T00:00:00Z,ARBUSDT,0.00063284
2024-03-31T08:00:00Z,ARBUSDT,0.00083938
2024-03-31T16:00:00Z,ARBUSDT,0.00080219
2024-04-01T00:00:00Z,ARBUSDT,0.00083177
2024-04-01T08:00:00Z,ARBUSDT,0.0006776
2024-04-01T16:00:00Z,ARBUSDT,0.00044635
2024-04-02T00:00:00Z,ARBUSDT,0.00043435
2024-04-02T08:00:00Z,ARBUSDT,0.00025781
2024-04-02T16:00:00Z,ARBUSDT,0.00014336
2024-04-03T00:00:00Z,ARBUSDT,0.00011262
2024-04-03T08:00:00Z,ARBUSDT,0.00022559
2024-04-03T16:00:00Z,ARBUSDT,0.00023837
2024-04-04T00:00:00Z,ARBUSDT,0.00011926
2024-04-04T08:00:00Z,ARBUSDT,0.00028033
2024-04-04T16:00:00Z,ARBUSDT,0.00022367
2024-04-05T00:00:00Z,ARBUSDT,0.00020788
2024-04-05T08:00:00Z,ARBUSDT,0.00020977
2024-04-05T16:00:00Z,ARBUSDT,0.00024248
2024-04-06T00:00:00Z,ARBUSDT,0.00028794
2024-04-06T08:00:00Z,ARBUSDT,0.00020572
2024-04-06T16:00:00Z,ARBUSDT,0.0002276
2024-04-07T00:00:00Z,ARBUSDT,0.00022032
2024-04-07T08:00:00Z,ARBUSDT,0.00010981
2024-04-07T16:00:00Z,ARBUSDT,0.00026372
2024-04-08T00:00:00Z,ARBUSDT,0.0003646
2024-04-08T08:00:00Z,ARBUSDT,0.00030984
2024-04-08T16:00:00Z,ARBUSDT,0.00029015
2024-04-09T00:00:00Z,ARBUSDT,0.00030859
2024-04-09T08:00:00Z,ARBUSDT,0.00026022
2024-04-09T16:00:00Z,ARBUSDT,0.00025646
2024-04-10T00:00:00Z,ARBUSDT,0.00033255
2024-04-10T08:00:00Z,ARBUSDT,0.00028672
2024-04-10T16:00:00Z,ARBUSDT,0.00011292
2024-04-11T00:00:00Z,ARBUSDT,0.0001554
2024-04-11T08:00:00Z,ARBUSDT,0.00018624
2024-04-11T16:00:00Z,ARBUSDT,0.00014088
2024-04-12T00:00:00Z,ARBUSDT,0.00017399
2024-04-12T08:00:00Z,ARBUSDT,0.00022009
2024-04-12T16:00:00Z,ARBUSDT,0.00011749
2024-04-13T00:00:00Z,ARBUSDT,0.0000225
2024-04-13T08:00:00Z,ARBUSDT,0.0001
2024-04-13T16:00:00Z,ARBUSDT,0.0001
2024-04-14T00:00:00Z,ARBUSDT,0.0001
2024-04-14T08:00:00Z,ARBUSDT,0.00002441
2024-04-14T16:00:00Z,ARBUSDT,0.0000005
2024-04-15T00:00:00Z,ARBUSDT,0.00006356
2024-04-15T08:00:00Z,ARBUSDT,-0.00006306
2024-04-15T16:00:00Z,ARBUSDT,0.0001
2024-04-16T00:00:00Z,ARBUSDT,0.0001
2024-04-16T08:00:00Z,ARBUSDT,0.0001
2024-04-16T16:00:00Z,ARBUSDT,0.00004897
2024-04-17T00:00:00Z,ARBUSDT,-0.00003781
2024-04-17T08:00:00Z,ARBUSDT,0.0001
2024-04-17T16:00:00Z,ARBUSDT,0.00009973
2024-04-18T00:00:00Z,ARBUSDT,0.0001
2024-04-18T08:00:00Z,ARBUSDT,-0.00007198
2024-04-18T16:00:00Z,ARBUSDT,0.00006817
2024-04-19T00:00:00Z,ARBUSDT,0.0001
2024-04-19T08:00:00Z,ARBUSDT,0.0001
2024-04-19T16:00:00Z,ARBUSDT,0.0001
2024-04-20T00:00:00Z,ARBUSDT,0.0001
2024-04-20T08:00:00Z,ARBUSDT,0.00009446
2024-04-20T16:00:00Z,ARBUSDT,0.0001
2024-04-21T00:00:00Z,ARBUSDT,0.0001
2024-04-21T08:00:00Z,ARBUSDT,-0.00000921
2024-04-21T16:00:00Z,ARBUSDT,0.0001
2024-04-22T00:00:00Z,ARBUSDT,0.0001
2024-04-22T08:00:00Z,ARBUSDT,0.0001
2024-04-22T16:00:00Z,ARBUSDT,0.0001
2024-04-23T00:00:00Z,ARBUSDT,0.0001
2024-04-23T08:00:00Z,ARBUSDT,0.0001
2024-04-23T16:00:00Z,ARBUSDT,0.00008437
2024-04-24T00:00:00Z,ARBUSDT,0.00008674
2024-04-24T08:00:00Z,ARBUSDT,0.0001
2024-04-24T16:00:00Z,ARBUSDT,0.0001
2024-04-25T00:00:00Z,ARBUSDT,0.0001
2024-04-25T08:00:00Z,ARBUSDT,0.0001
2024-04-25T16:00:00Z,ARBUSDT,0.00002571
2024-04-26T00:00:00Z,ARBUSDT,0.000094
2024-04-26T08:00:00Z,ARBUSDT,0.0000338
2024-04-26T16:00:00Z,ARBUSDT,0.00007102
2024-04-27T00:00:00Z,ARBUSDT,0.0001
2024-04-27T08:00:00Z,ARBUSDT,0.0001
2024-04-27T16:00:00Z,ARBUSDT,0.0001
2024-04-28T00:00:00Z,ARBUSDT,0.00008575
2024-04-28T08:00:00Z,ARBUSDT,0.00005354
2024-04-28T16:00:00Z,ARBUSDT,-0.00000072
2024-04-29T00:00:00Z,ARBUSDT,0.00009111
2024-04-29T08:00:00Z,ARBUSDT,0.0001
2024-04-29T16:00:00Z,ARBUSDT,0.0001
2024-04-30T00:00:00Z,ARBUSDT,0.0001
2024-04-30T08:00:00Z,ARBUSDT,0.0001
2024-04-30T16:00:00Z,ARBUSDT,-0.0000623
2024-05-01T00:00:00Z,ARBUSDT,-0.0000843
2024-05-01T08:00:00Z,ARBUSDT,0.00000131
2024-05-01T16:00:00Z,ARBUSDT,0.0001
2024-05-02T00:00:00Z,ARBUSDT,0.0001
2024-05-02T08:00:00Z,ARBUSDT,0.0001
2024-05-02T16:00:00Z,ARBUSDT,0.0000174
2024-05-03T00:00:00Z,ARBUSDT,0.0001
2024-05-03T08:00:00Z,ARBUSDT,0.0001
2024-05-03T16:00:00Z,ARBUSDT,0.0001
2024-05-04T00:00:00Z,ARBUSDT,0.0001
2024-05-04T08:00:00Z,ARBUSDT,0.0001
2024-05-04T16:00:00Z,ARBUSDT,0.0001
2024-05-05T00:00:00Z,ARBUSDT,0.0001
2024-05-05T08:00:00Z,ARBUSDT,0.00009778
2024-05-05T16:00:00Z,ARBUSDT,0.0001
2024-05-06T00:00:00Z,ARBUSDT,0.0001
2024-05-06T08:00:00Z,ARBUSDT,0.0001
2024-05-06T16:00:00Z,ARBUSDT,0.0001
2024-05-07T00:00:00Z,ARBUSDT,0.0001
2024-05-07T08:00:00Z,ARBUSDT,0.0001
2024-05-07T16:00:00Z,ARBUSDT,0.0001
2024-05-08T00:00:00Z,ARBUSDT,0.0001
2024-05-08T08:00:00Z,ARBUSDT,0.0001
2024-05-08T16:00:00Z,ARBUSDT,0.0001
2024-05-09T00:00:00Z,ARBUSDT,0.0001
2024-05-09T08:00:00Z,ARBUSDT,0.0001
2024-05-09T16:00:00Z,ARBUSDT,0.0001
2024-05-10T00:00:00Z,ARBUSDT,0.0001
2024-05-10T08:00:00Z,ARBUSDT,0.0001
2024-05-10T16:00:00Z,ARBUSDT,0.0001
2024-05-11T00:00:00Z,ARBUSDT,0.0001
2024-05-11T08:00:00Z,ARBUSDT,0.0001
2024-05-11T16:00:00Z,ARBUSDT,0.0001
2024-05-12T00:00:00Z,ARBUSDT,0.0001
2024-05-12T08:00:00Z,ARBUSDT,0.0001
2024-05-12T16:00:00Z,ARBUSDT,0.0001
2024-05-13T00:00:00Z,ARBUSDT,0.0001
2024-05-13T08:00:00Z,ARBUSDT,0.0001
2024-05-13T16:00:00Z,ARBUSDT,0.00007318
2024-05-14T00:00:00Z,ARBUSDT,0.0001
2024-05-14T08:00:00Z,ARBUSDT,0.0001
2024-05-14T16:00:00Z,ARBUSDT,0.0001
2024-05-15T00:00:00Z,ARBUSDT,0.0001
2024-05-15T08:00:00Z,ARBUSDT,0.0001
2024-05-15T16:00:00Z,ARBUSDT,0.0001
2024-05-16T00:00:00Z,ARBUSDT,0.0001
2024-05-16T08:00:00Z,ARBUSDT,0.0001
2024-05-16T16:00:00Z,ARBUSDT,0.0001
2024-05-17T00:00:00Z,ARBUSDT,0.0001
2024-05-17T08:00:00Z,ARBUSDT,0.0001
2024-05-17T16:00:00Z,ARBUSDT,0.0001
2024-05-18T00:00:00Z,ARBUSDT,0.0001
2024-05-18T08:00:00Z,ARBUSDT,0.0001
2024-05-18T16:00:00Z,ARBUSDT,0.0001
2024-05-19T00:00:00Z,ARBUSDT,0.0001
2024-05-19T08:00:00Z,ARBUSDT,0.0001
2024-05-19T16:00:00Z,ARBUSDT,0.0001
2024-05-20T00:00:00Z,ARBUSDT,0.0001
2024-05-20T08:00:00Z,ARBUSDT,0.0001
2024-05-20T16:00:00Z,ARBUSDT,0.0001
2024-05-21T00:00:00Z,ARBUSDT,0.0001
2024-05-21T08:00:00Z,ARBUSDT,0.0001
2024-05-21T16:00:00Z,ARBUSDT,0.0001
2024-05-22T00:00:00Z,ARBUSDT,0.0001
2024-05-22T08:00:00Z,ARBUSDT,0.00016807
2024-05-22T16:00:00Z,ARBUSDT,0.0001
2024-05-23T00:00:00Z,ARBUSDT,0.0001
2024-05-23T08:00:00Z,ARBUSDT,0.00011261
2024-05-23T16:00:00Z,ARBUSDT,0.0001
2024-05-24T00:00:00Z,ARBUSDT,0.0001
2024-05-24T08:00:00Z,ARBUSDT,0.0001
2024-05-24T16:00:00Z,ARBUSDT,0.0001
2024-05-25T00:00:00Z,ARBUSDT,0.0001
2024-05-25T08:00:00Z,ARBUSDT,0.0001
2024-05-25T16:00:00Z,ARBUSDT,0.0001
2024-05-26T00:00:00Z,ARBUSDT,0.0001
2024-05-26T08:00:00Z,ARBUSDT,0.0001
2024-05-26T16:00:00Z,ARBUSDT,0.0001
2024-05-27T00:00:00Z,ARBUSDT,0.0001
2024-05-27T08:00:00Z,ARBUSDT,0.0001
2024-05-27T16:00:00Z,ARBUSDT,0.0001
2024-05-28T00:00:00Z,ARBUSDT,0.0001
2024-05-28T08:00:00Z,ARBUSDT,0.0001
2024-05-28T16:00:00Z,ARBUSDT,0.00013732
2024-05-29T00:00:00Z,ARBUSDT,0.00027013
2024-05-29T08:00:00Z,ARBUSDT,0.00022784
2024-05-29T16:00:00Z,ARBUSDT,0.00019318
2024-05-30T00:00:00Z,ARBUSDT,0.0002444
2024-05-30T08:00:00Z,ARBUSDT,0.00013002
2024-05-30T16:00:00Z,ARBUSDT,0.00023744
2024-05-31T00:00:00Z,ARBUSDT,0.00014584
2024-05-31T08:00:00Z,ARBUSDT,0.00010498
2024-05-31T16:00:00Z,ARBUSDT,0.0001
2024-06-01T00:00:00Z,ARBUSDT,0.00010516
2024-06-01T08:00:00Z,ARBUSDT,0.00017662
2024-06-01T16:00:00Z,ARBUSDT,0.00019371
2024-06-02T00:00:00Z,ARBUSDT,0.00012934
2024-06-02T08:00:00Z,ARBUSDT,0.00010095
2024-06-02T16:00:00Z,ARBUSDT,0.00011879
2024-06-03T00:00:00Z,ARBUSDT,0.0001
2024-06-03T08:00:00Z,ARBUSDT,0.0001
2024-06-03T16:00:00Z,ARBUSDT,0.00013536
2024-06-04T00:00:00Z,ARBUSDT,0.00011619
2024-06-04T08:00:00Z,ARBUSDT,0.00016345
2024-06-04T16:00:00Z,ARBUSDT,0.00019833
2024-06-05T00:00:00Z,ARBUSDT,0.00032205
2024-06-05T08:00:00Z,ARBUSDT,0.00036238
2024-06-05T16:00:00Z,ARBUSDT,0.00032423
2024-06-06T00:00:00Z,ARBUSDT,0.00023102
2024-06-06T08:00:00Z,ARBUSDT,0.00021905
2024-06-06T16:00:00Z,ARBUSDT,0.00036991
2024-06-07T00:00:00Z,ARBUSDT,0.00024426
2024-06-07T08:00:00Z,ARBUSDT,0.00021402
2024-06-07T16:00:00Z,ARBUSDT,0.00022416
2024-06-08T00:00:00Z,ARBUSDT,0.0001
2024-06-08T08:00:00Z,ARBUSDT,0.0001
2024-06-08T16:00:00Z,ARBUSDT,0.0001
2024-06-09T00:00:00Z,ARBUSDT,0.0001
2024-06-09T08:00:00Z,ARBUSDT,0.0001
2024-06-09T16:00:00Z,ARBUSDT,0.0001
2024-06-10T00:00:00Z,ARBUSDT,0.0001
2024-06-10T08:00:00Z,ARBUSDT,0.0001
2024-06-10T16:00:00Z,ARBUSDT,0.0001
2024-06-11T00:00:00Z,ARBUSDT,0.0001
2024-06-11T08:00:00Z,ARBUSDT,0.0001
2024-06-11T16:00:00Z,ARBUSDT,0.0001
2024-06-12T00:00:00Z,ARBUSDT,0.0001
2024-06-12T08:00:00Z,ARBUSDT,0.0001
2024-06-12T16:00:00Z,ARBUSDT,0.0001
2024-06-13T00:00:00Z,ARBUSDT,0.0001
2024-06-13T08:00:00Z,ARBUSDT,0.0001
2024-06-13T16:00:00Z,ARBUSDT,0.0001
2024-06-14T00:00:00Z,ARBUSDT,0.0001
2024-06-14T08:00:00Z,ARBUSDT,0.0001
2024-06-14T16:00:00Z,ARBUSDT,0.0001
2024-06-15T00:00:00Z,ARBUSDT,0.0001
2024-06-15T08:00:00Z,ARBUSDT,0.0001
2024-06-15T16:00:00Z,ARBUSDT,0.0001
2024-06-16T00:00:00Z,ARBUSDT,0.00002614
2024-06-16T08:00:00Z,ARBUSDT,0.00004884
2024-06-16T16:00:00Z,ARBUSDT,0.0001
2024-06-17T00:00:00Z,ARBUSDT,0.0001
2024-06-17T08:00:00Z,ARBUSDT,0.0001
2024-06-17T16:00:00Z,ARBUSDT,0.0001
2024-06-18T00:00:00Z,ARBUSDT,-0.00003844
2024-06-18T08:00:00Z,ARBUSDT,0.00001463
2024-06-18T16:00:00Z,ARBUSDT,0.00006642
2024-06-19T00:00:00Z,ARBUSDT,0.00003377
2024-06-19T08:00:00Z,ARBUSDT,0.0001
2024-06-19T16:00:00Z,ARBUSDT,0.0001
2024-06-20T00:00:00Z,ARBUSDT,-0.00008882
2024-06-20T08:00:00Z,ARBUSDT,0.00006529
2024-06-20T16:00:00Z,ARBUSDT,0.0001
2024-06-21T00:00:00Z,ARBUSDT,0.0001
2024-06-21T08:00:00Z,ARBUSDT,0.0001
2024-06-21T16:00:00Z,ARBUSDT,0.0001
2024-06-22T00:00:00Z,ARBUSDT,0.00008497
2024-06-22T08:00:00Z,ARBUSDT,0.00005571
2024-06-22T16:00:00Z,ARBUSDT,0.0001
2024-06-23T00:00:00Z,ARBUSDT,0.0001
2024-06-23T08:00:00Z,ARBUSDT,0.00005457
2024-06-23T16:00:00Z,ARBUSDT,0.0001
2024-06-24T00:00:00Z,ARBUSDT,0.00007151
2024-06-24T08:00:00Z,ARBUSDT,0.00008469
2024-06-24T16:00:00Z,ARBUSDT,0.0001
2024-06-25T00:00:00Z,ARBUSDT,0.0001
2024-06-25T08:00:00Z,ARBUSDT,0.0001
2024-06-25T16:00:00Z,ARBUSDT,0.0001
2024-06-26T00:00:00Z,ARBUSDT,0.0001
2024-06-26T08:00:00Z,ARBUSDT,0.0001
2024-06-26T16:00:00Z,ARBUSDT,0.0001
2024-06-27T00:00:00Z,ARBUSDT,0.00001101
2024-06-27T08:00:00Z,ARBUSDT,0.0001
2024-06-27T16:00:00Z,ARBUSDT,0.00009945
2024-06-28T00:00:00Z,ARBUSDT,0.00007896
2024-06-28T08:00:00Z,ARBUSDT,-0.00005745
2024-06-28T16:00:00Z,ARBUSDT,0.00009626
2024-06-29T00:00:00Z,ARBUSDT,0.0001
2024-06-29T08:00:00Z,ARBUSDT,0.00007522
2024-06-29T16:00:00Z,ARBUSDT,0.0001
2024-06-30T00:00:00Z,ARBUSDT,-0.00011866
2024-06-30T08:00:00Z,ARBUSDT,0.0000407
2024-06-30T16:00:00Z,ARBUSDT,0.00009508
2024-07-01T00:00:00Z,ARBUSDT,0.00001435
2024-07-01T08:00:00Z,ARBUSDT,0.00001393
2024-07-01T16:00:00Z,ARBUSDT,0.0001
2024-07-02T00:00:00Z,ARBUSDT,0.00004482
2024-07-02T08:00:00Z,ARBUSDT,0.0001
2024-07-02T16:00:00Z,ARBUSDT,0.0001
2024-07-03T00:00:00Z,ARBUSDT,0.0001
2024-07-03T08:00:00Z,ARBUSDT,0.00002937
2024-07-03T16:00:00Z,ARBUSDT,0.0001
2024-07-04T00:00:00Z,ARBUSDT,0.00008665
2024-07-04T08:00:00Z,ARBUSDT,0.00006619
2024-07-04T16:00:00Z,ARBUSDT,0.00008882
2024-07-05T00:00:00Z,ARBUSDT,0.0000491
2024-07-05T08:00:00Z,ARBUSDT,-0.00015661
2024-07-05T16:00:00Z,ARBUSDT,-0.00014049
2024-07-06T00:00:00Z,ARBUSDT,-0.00008221
2024-07-06T08:00:00Z,ARBUSDT,0.0001
2024-07-06T16:00:00Z,ARBUSDT,0.00007843
2024-07-07T00:00:00Z,ARBUSDT,0.00009624
2024-07-07T08:00:00Z,ARBUSDT,0.00008647
2024-07-07T16:00:00Z,ARBUSDT,0.00006924
2024-07-08T00:00:00Z,ARBUSDT,0.00004349
2024-07-08T08:00:00Z,ARBUSDT,0.00004703
2024-07-08T16:00:00Z,ARBUSDT,0.00007498
2024-07-09T00:00:00Z,ARBUSDT,-0.00003377
2024-07-09T08:00:00Z,ARBUSDT,0.00000516
2024-07-09T16:00:00Z,ARBUSDT,0.0000629
2024-07-10T00:00:00Z,ARBUSDT,-0.00032889
2024-07-10T08:00:00Z,ARBUSDT,0.0001
2024-07-10T16:00:00Z,ARBUSDT,0.00009246
2024-07-11T00:00:00Z,ARBUSDT,-0.00001027
2024-07-11T08:00:00Z,ARBUSDT,0.0001
2024-07-11T16:00:00Z,ARBUSDT,0.00004587
2024-07-12T00:00:00Z,ARBUSDT,0.00002963
2024-07-12T08:00:00Z,ARBUSDT,0.00009389
2024-07-12T16:00:00Z,ARBUSDT,0.00005721
2024-07-13T00:00:00Z,ARBUSDT,-0.00000441
2024-07-13T08:00:00Z,ARBUSDT,0.0001
2024-07-13T16:00:00Z,ARBUSDT,0.0001
2024-07-14T00:00:00Z,ARBUSDT,0.00004371
2024-07-14T08:00:00Z,ARBUSDT,0.0001
2024-07-14T16:00:00Z,ARBUSDT,0.00009951
2024-07-15T00:00:00Z,ARBUSDT,0.0001
2024-07-15T08:00:00Z,ARBUSDT,0.0001
2024-07-15T16:00:00Z,ARBUSDT,0.0001
2024-07-16T00:00:00Z,ARBUSDT,0.00008717
2024-07-16T08:00:00Z,ARBUSDT,0.0001
2024-07-16T16:00:00Z,ARBUSDT,0.0001
2024-07-17T00:00:00Z,ARBUSDT,0.00007161
2024-07-17T08:00:00Z,ARBUSDT,0.0001
2024-07-17T16:00:00Z,ARBUSDT,0.0001
2024-07-18T00:00:00Z,ARBUSDT,0.0001
2024-07-18T08:00:00Z,ARBUSDT,0.0001
2024-07-18T16:00:00Z,ARBUSDT,0.0000289
2024-07-19T00:00:00Z,ARBUSDT,0.0001
2024-07-19T08:00:00Z,ARBUSDT,0.00007624
2024-07-19T16:00:00Z,ARBUSDT,0.0000821
2024-07-20T00:00:00Z,ARBUSDT,0.0001
2024-07-20T08:00:00Z,ARBUSDT,0.00005556
2024-07-20T16:00:00Z,ARBUSDT,0.0001
2024-07-21T00:00:00Z,ARBUSDT,0.00006913
2024-07-21T08:00:00Z,ARBUSDT,0.0001
2024-07-21T16:00:00Z,ARBUSDT,0.0001
2024-07-22T00:00:00Z,ARBUSDT,0.0001
2024-07-22T08:00:00Z,ARBUSDT,0.00007074
2024-07-22T16:00:00Z,ARBUSDT,-0.00000521
2024-07-23T00:00:00Z,ARBUSDT,0.00009636
2024-07-23T08:00:00Z,ARBUSDT,0.00003576
2024-07-23T16:00:00Z,ARBUSDT,0.0001
2024-07-24T00:00:00Z,ARBUSDT,0.0001
2024-07-24T08:00:00Z,ARBUSDT,0.0001
2024-07-24T16:00:00Z,ARBUSDT,0.0001
2024-07-25T00:00:00Z,ARBUSDT,-0.00003795
2024-07-25T08:00:00Z,ARBUSDT,-0.00003726
2024-07-25T16:00:00Z,ARBUSDT,0.00004243
2024-07-26T00:00:00Z,ARBUSDT,0.0001
2024-07-26T08:00:00Z,ARBUSDT,0.0001
2024-07-26T16:00:00Z,ARBUSDT,0.0001
2024-07-27T00:00:00Z,ARBUSDT,0.0001
2024-07-27T08:00:00Z,ARBUSDT,0.0001
2024-07-27T16:00:00Z,ARBUSDT,0.0001
2024-07-28T00:00:00Z,ARBUSDT,0.0001
2024-07-28T08:00:00Z,ARBUSDT,0.0001
2024-07-28T16:00:00Z,ARBUSDT,0.0001
2024-07-29T00:00:00Z,ARBUSDT,0.0001
2024-07-29T08:00:00Z,ARBUSDT,0.0001
2024-07-29T16:00:00Z,ARBUSDT,0.0001
2024-07-30T00:00:00Z,ARBUSDT,0.0001
2024-07-30T08:00:00Z,ARBUSDT,0.0001
2024-07-30T16:00:00Z,ARBUSDT,0.0001
2024-07-31T00:00:00Z,ARBUSDT,0.0001
2024-07-31T08:00:00Z,ARBUSDT,0.0001
2024-07-31T16:00:00Z,ARBUSDT,0.0001
2024-08-01T00:00:00Z,ARBUSDT,0.0001
2024-08-01T08:00:00Z,ARBUSDT,0.0001
2024-08-01T16:00:00Z,ARBUSDT,0.0001
2024-08-02T00:00:00Z,ARBUSDT,0.0001
2024-08-02T08:00:00Z,ARBUSDT,-0.00002927
2024-08-02T16:00:00Z,ARBUSDT,-0.00000678
2024-08-03T00:00:00Z,ARBUSDT,0.0000389
2024-08-03T08:00:00Z,ARBUSDT,0.0001
2024-08-03T16:00:00Z,ARBUSDT,-0.00004265
2024-08-04T00:00:00Z,ARBUSDT,0.00002458
2024-08-04T08:00:00Z,ARBUSDT,0.00003318
2024-08-04T16:00:00Z,ARBUSDT,0.00001426
2024-08-05T00:00:00Z,ARBUSDT,-0.00003057
2024-08-05T08:00:00Z,ARBUSDT,0.00002399
2024-08-05T16:00:00Z,ARBUSDT,-0.00020213
2024-08-06T00:00:00Z,ARBUSDT,-0.00004005
2024-08-06T08:00:00Z,ARBUSDT,0.00009609
2024-08-06T16:00:00Z,ARBUSDT,0.0001
2024-08-07T00:00:00Z,ARBUSDT,0.0001
2024-08-07T08:00:00Z,ARBUSDT,0.0001
2024-08-07T16:00:00Z,ARBUSDT,-0.00005793
2024-08-08T00:00:00Z,ARBUSDT,-0.00004926
2024-08-08T08:00:00Z,ARBUSDT,0.00002742
2024-08-08T16:00:00Z,ARBUSDT,-0.00006226
2024-08-09T00:00:00Z,ARBUSDT,0.0001
2024-08-09T08:00:00Z,ARBUSDT,0.0001
2024-08-09T16:00:00Z,ARBUSDT,-0.00001822
2024-08-10T00:00:00Z,ARBUSDT,-0.00003283
2024-08-10T08:00:00Z,ARBUSDT,0.00004809
2024-08-10T16:00:00Z,ARBUSDT,-0.00013666
2024-08-11T00:00:00Z,ARBUSDT,-0.00004349
2024-08-11T08:00:00Z,ARBUSDT,0.0001
2024-08-11T16:00:00Z,ARBUSDT,0.0001
2024-08-12T00:00:00Z,ARBUSDT,0.00001866
2024-08-12T08:00:00Z,ARBUSDT,0.00006461
2024-08-12T16:00:00Z,ARBUSDT,0.0001
2024-08-13T00:00:00Z,ARBUSDT,0.0001
2024-08-13T08:00:00Z,ARBUSDT,0.00007149
2024-08-13T16:00:00Z,ARBUSDT,0.00001119
2024-08-14T00:00:00Z,ARBUSDT,0.00002799
2024-08-14T08:00:00Z,ARBUSDT,0.00007344
2024-08-14T16:00:00Z,ARBUSDT,-0.00002996
2024-08-15T00:00:00Z,ARBUSDT,-0.00001944
2024-08-15T08:00:00Z,ARBUSDT,0.0001
2024-08-15T16:00:00Z,ARBUSDT,0.00009257
2024-08-16T00:00:00Z,ARBUSDT,0.00001208
2024-08-16T08:00:00Z,ARBUSDT,0.00007021
2024-08-16T16:00:00Z,ARBUSDT,0.0001
2024-08-17T00:00:00Z,ARBUSDT,0.0001
2024-08-17T08:00:00Z,ARBUSDT,0.0001
2024-08-17T16:00:00Z,ARBUSDT,0.0001
2024-08-18T00:00:00Z,ARBUSDT,0.0001
2024-08-18T08:00:00Z,ARBUSDT,0.0001
2024-08-18T16:00:00Z,ARBUSDT,0.0001
2024-08-19T00:00:00Z,ARBUSDT,0.0001
2024-08-19T08:00:00Z,ARBUSDT,0.0001
2024-08-19T16:00:00Z,ARBUSDT,-0.00000227
2024-08-20T00:00:00Z,ARBUSDT,0.0001
2024-08-20T08:00:00Z,ARBUSDT,0.00005319
2024-08-20T16:00:00Z,ARBUSDT,-0.00005026
2024-08-21T00:00:00Z,ARBUSDT,0.00005642
2024-08-21T08:00:00Z,ARBUSDT,0.00008254
2024-08-21T16:00:00Z,ARBUSDT,-0.00000839
2024-08-22T00:00:00Z,ARBUSDT,0.0001
2024-08-22T08:00:00Z,ARBUSDT,0.00007094
2024-08-22T16:00:00Z,ARBUSDT,0.0001
2024-08-23T00:00:00Z,ARBUSDT,0.0001
2024-08-23T08:00:00Z,ARBUSDT,0.0001
2024-08-23T16:00:00Z,ARBUSDT,0.0001
2024-08-24T00:00:00Z,ARBUSDT,0.0001
2024-08-24T08:00:00Z,ARBUSDT,0.0001
2024-08-24T16:00:00Z,ARBUSDT,0.0001
2024-08-25T00:00:00Z,ARBUSDT,0.0001
2024-08-25T08:00:00Z,ARBUSDT,0.0000075
2024-08-25T16:00:00Z,ARBUSDT,0.0001
2024-08-26T00:00:00Z,ARBUSDT,0.0001
2024-08-26T08:00:00Z,ARBUSDT,0.00009297
2024-08-26T16:00:00Z,ARBUSDT,0.0001
2024-08-27T00:00:00Z,ARBUSDT,0.00000133
2024-08-27T08:00:00Z,ARBUSDT,0.00001998
2024-08-27T16:00:00Z,ARBUSDT,0.00007321
2024-08-28T00:00:00Z,ARBUSDT,-0.00009891
2024-08-28T08:00:00Z,ARBUSDT,-0.00011177
2024-08-28T16:00:00Z,ARBUSDT,0.00004074
2024-08-29T00:00:00Z,ARBUSDT,-0.0000738
2024-08-29T08:00:00Z,ARBUSDT,0.0001
2024-08-29T16:00:00Z,ARBUSDT,0.0001
2024-08-30T00:00:00Z,ARBUSDT,-0.00006682
2024-08-30T08:00:00Z,ARBUSDT,-0.00005457
2024-08-30T16:00:00Z,ARBUSDT,0.00001564
2024-08-31T00:00:00Z,ARBUSDT,0.0001
2024-08-31T08:00:00Z,ARBUSDT,0.00002652
2024-08-31T16:00:00Z,ARBUSDT,0.00008573
2024-09-01T00:00:00Z,ARBUSDT,0.00006716
2024-09-01T08:00:00Z,ARBUSDT,0.0001
2024-09-01T16:00:00Z,ARBUSDT,0.0001
2024-09-02T00:00:00Z,ARBUSDT,0.00007753
2024-09-02T08:00:00Z,ARBUSDT,0.00001726
2024-09-02T16:00:00Z,ARBUSDT,0.0001
2024-09-03T00:00:00Z,ARBUSDT,0.0001
2024-09-03T08:00:00Z,ARBUSDT,0.0001
2024-09-03T16:00:00Z,ARBUSDT,0.00007198
2024-09-04T00:00:00Z,ARBUSDT,-0.00001491
2024-09-04T08:00:00Z,ARBUSDT,-0.00005176
2024-09-04T16:00:00Z,ARBUSDT,0.00001608
2024-09-05T00:00:00Z,ARBUSDT,0.00006166
2024-09-05T08:00:00Z,ARBUSDT,0.0001
2024-09-05T16:00:00Z,ARBUSDT,0.0001
2024-09-06T00:00:00Z,ARBUSDT,0.0001
2024-09-06T08:00:00Z,ARBUSDT,0.00006938
2024-09-06T16:00:00Z,ARBUSDT,0.00007413
2024-09-07T00:00:00Z,ARBUSDT,0.0001
2024-09-07T08:00:00Z,ARBUSDT,0.0001
2024-09-07T16:00:00Z,ARBUSDT,0.0001
2024-09-08T00:00:00Z,ARBUSDT,0.0001
2024-09-08T08:00:00Z,ARBUSDT,0.0001
2024-09-08T16:00:00Z,ARBUSDT,0.0001
2024-09-09T00:00:00Z,ARBUSDT,0.00008283
2024-09-09T08:00:00Z,ARBUSDT,0.00003378
2024-09-09T16:00:00Z,ARBUSDT,0.00005299
2024-09-10T00:00:00Z,ARBUSDT,0.0000639
2024-09-10T08:00:00Z,ARBUSDT,0.00003728
2024-09-10T16:00:00Z,ARBUSDT,0.0001
2024-09-11T00:00:00Z,ARBUSDT,0.00004618
2024-09-11T08:00:00Z,ARBUSDT,0.00003134
2024-09-11T16:00:00Z,ARBUSDT,-0.00004495
2024-09-12T00:00:00Z,ARBUSDT,0.00004387
2024-09-12T08:00:00Z,ARBUSDT,0.0001
2024-09-12T16:00:00Z,ARBUSDT,0.00006003
2024-09-13T00:00:00Z,ARBUSDT,0.0001
2024-09-13T08:00:00Z,ARBUSDT,0.00008326
2024-09-13T16:00:00Z,ARBUSDT,0.0001
2024-09-14T00:00:00Z,ARBUSDT,0.00003127
2024-09-14T08:00:00Z,ARBUSDT,0.00007073
2024-09-14T16:00:00Z,ARBUSDT,0.00008942
2024-09-15T00:00:00Z,ARBUSDT,0.00006678
2024-09-15T08:00:00Z,ARBUSDT,0.0001
2024-09-15T16:00:00Z,ARBUSDT,0.0001
2024-09-16T00:00:00Z,ARBUSDT,-0.00011799
2024-09-16T08:00:00Z,ARBUSDT,-0.00019006
2024-09-16T16:00:00Z,ARBUSDT,-0.00007189
2024-09-17T00:00:00Z,ARBUSDT,-0.00010625
2024-09-17T08:00:00Z,ARBUSDT,-0.00000267
2024-09-17T16:00:00Z,ARBUSDT,-0.00007271
2024-09-18T00:00:00Z,ARBUSDT,0.00002444
2024-09-18T08:00:00Z,ARBUSDT,0.0001
2024-09-18T16:00:00Z,ARBUSDT,0.00000993
2024-09-19T00:00:00Z,ARBUSDT,0.0001
2024-09-19T08:00:00Z,ARBUSDT,0.0001
2024-09-19T16:00:00Z,ARBUSDT,0.0001
2024-09-20T00:00:00Z,ARBUSDT,0.0001
2024-09-20T08:00:00Z,ARBUSDT,0.0001
2024-09-20T16:00:00Z,ARBUSDT,0.0001
2024-09-21T00:00:00Z,ARBUSDT,0.0001
2024-09-21T08:00:00Z,ARBUSDT,0.0001
2024-09-21T16:00:00Z,ARBUSDT,0.0001
2024-09-22T00:00:00Z,ARBUSDT,0.0001
2024-09-22T08:00:00Z,ARBUSDT,0.0001
2024-09-22T16:00:00Z,ARBUSDT,0.0001
2024-09-23T00:00:00Z,ARBUSDT,0.00006934
2024-09-23T08:00:00Z,ARBUSDT,0.00008046
2024-09-23T16:00:00Z,ARBUSDT,0.00003136
2024-09-24T00:00:00Z,ARBUSDT,0.0001
2024-09-24T08:00:00Z,ARBUSDT,0.0001
2024-09-24T16:00:00Z,ARBUSDT,0.0001
2024-09-25T00:00:00Z,ARBUSDT,0.0001
2024-09-25T08:00:00Z,ARBUSDT,0.0001
2024-09-25T16:00:00Z,ARBUSDT,0.0001
2024-09-26T00:00:00Z,ARBUSDT,0.0001
2024-09-26T08:00:00Z,ARBUSDT,0.0001
2024-09-26T16:00:00Z,ARBUSDT,0.0001
2024-09-27T00:00:00Z,ARBUSDT,0.0001
2024-09-27T08:00:00Z,ARBUSDT,0.0001
2024-09-27T16:00:00Z,ARBUSDT,0.0001
2024-09-28T00:00:00Z,ARBUSDT,0.0001
2024-09-28T08:00:00Z,ARBUSDT,0.0001
2024-09-28T16:00:00Z,ARBUSDT,0.0001
2024-09-29T00:00:00Z,ARBUSDT,0.0001
2024-09-29T08:00:00Z,ARBUSDT,0.0001
2024-09-29T16:00:00Z,ARBUSDT,0.0001
2024-09-30T00:00:00Z,ARBUSDT,0.0001
2024-09-30T08:00:00Z,ARBUSDT,0.0001
2024-09-30T16:00:00Z,ARBUSDT,0.0001
2024-10-01T00:00:00Z,ARBUSDT,0.0001
2024-10-01T08:00:00Z,ARBUSDT,0.0001
2024-10-01T16:00:00Z,ARBUSDT,0.0001
2024-10-02T00:00:00Z,ARBUSDT,0.0001
2024-10-02T08:00:00Z,ARBUSDT,0.0001
2024-10-02T16:00:00Z,ARBUSDT,0.0001
2024-10-03T00:00:00Z,ARBUSDT,0.0001
2024-10-03T08:00:00Z,ARBUSDT,0.0001
2024-10-03T16:00:00Z,ARBUSDT,0.0001
2024-10-04T00:00:00Z,ARBUSDT,0.0001
2024-10-04T08:00:00Z,ARBUSDT,0.0001
2024-10-04T16:00:00Z,ARBUSDT,0.0001
2024-10-05T00:00:00Z,ARBUSDT,0.0001
2024-10-05T08:00:00Z,ARBUSDT,0.0001
2024-10-05T16:00:00Z,ARBUSDT,0.0001
2024-10-06T00:00:00Z,ARBUSDT,0.0001
2024-10-06T08:00:00Z,ARBUSDT,0.0001
2024-10-06T16:00:00Z,ARBUSDT,0.0001
2024-10-07T00:00:00Z,ARBUSDT,0.0001
2024-10-07T08:00:00Z,ARBUSDT,0.0001
2024-10-07T16:00:00Z,ARBUSDT,0.0001
2024-10-08T00:00:00Z,ARBUSDT,0.00008692
2024-10-08T08:00:00Z,ARBUSDT,0.00007924
2024-10-08T16:00:00Z,ARBUSDT,0.0001
2024-10-09T00:00:00Z,ARBUSDT,0.0001
2024-10-09T08:00:00Z,ARBUSDT,0.0001
2024-10-09T16:00:00Z,ARBUSDT,0.00003904
2024-10-10T00:00:00Z,ARBUSDT,0.00001425
2024-10-10T08:00:00Z,ARBUSDT,0.00009755
2024-10-10T16:00:00Z,ARBUSDT,0.0001
2024-10-11T00:00:00Z,ARBUSDT,0.0001
2024-10-11T08:00:00Z,ARBUSDT,0.0001
2024-10-11T16:00:00Z,ARBUSDT,0.0001
2024-10-12T00:00:00Z,ARBUSDT,0.0001
2024-10-12T08:00:00Z,ARBUSDT,0.0001
2024-10-12T16:00:00Z,ARBUSDT,0.0001
2024-10-13T00:00:00Z,ARBUSDT,0.0001
2024-10-13T08:00:00Z,ARBUSDT,0.0001
2024-10-13T16:00:00Z,ARBUSDT,0.0001
2024-10-14T00:00:00Z,ARBUSDT,0.0001
2024-10-14T08:00:00Z,ARBUSDT,0.0001
2024-10-14T16:00:00Z,ARBUSDT,0.0001
2024-10-15T00:00:00Z,ARBUSDT,0.0001
2024-10-15T08:00:00Z,ARBUSDT,0.0001
2024-10-15T16:00:00Z,ARBUSDT,0.0001
2024-10-16T00:00:00Z,ARBUSDT,0.0001
2024-10-16T08:00:00Z,ARBUSDT,0.0001
2024-10-16T16:00:00Z,ARBUSDT,0.0001
2024-10-17T00:00:00Z,ARBUSDT,0.0001
2024-10-17T08:00:00Z,ARBUSDT,0.0001
2024-10-17T16:00:00Z,ARBUSDT,0.0001
2024-10-18T00:00:00Z,ARBUSDT,0.0001
2024-10-18T08:00:00Z,ARBUSDT,0.0001
2024-10-18T16:00:00Z,ARBUSDT,0.0001
2024-10-19T00:00:00Z,ARBUSDT,0.0001
2024-10-19T08:00:00Z,ARBUSDT,0.0001
2024-10-19T16:00:00Z,ARBUSDT,0.0001
2024-10-20T00:00:00Z,ARBUSDT,0.0001
2024-10-20T08:00:00Z,ARBUSDT,0.0001
2024-10-20T16:00:00Z,ARBUSDT,0.0001
2024-10-21T00:00:00Z,ARBUSDT,0.0001
2024-10-21T08:00:00Z,ARBUSDT,0.0001
2024-10-21T16:00:00Z,ARBUSDT,0.0001
2024-10-22T00:00:00Z,ARBUSDT,0.0001
2024-10-22T08:00:00Z,ARBUSDT,0.0001
2024-10-22T16:00:00Z,ARBUSDT,0.0001
2024-10-23T00:00:00Z,ARBUSDT,0.0001
2024-10-23T08:00:00Z,ARBUSDT,0.0001
2024-10-23T16:00:00Z,ARBUSDT,0.0001
2024-10-24T00:00:00Z,ARBUSDT,0.0001
2024-10-24T08:00:00Z,ARBUSDT,0.0001
2024-10-24T16:00:00Z,ARBUSDT,0.0001
2024-10-25T00:00:00Z,ARBUSDT,0.0001
2024-10-25T08:00:00Z,ARBUSDT,0.0001
2024-10-25T16:00:00Z,ARBUSDT,0.0001
2024-10-26T00:00:00Z,ARBUSDT,0.0001
2024-10-26T08:00:00Z,ARBUSDT,0.00008675
2024-10-26T16:00:00Z,ARBUSDT,0.00001594
2024-10-27T00:00:00Z,ARBUSDT,0.00000352
2024-10-27T08:00:00Z,ARBUSDT,0.00007751
2024-10-27T16:00:00Z,ARBUSDT,0.0001
2024-10-28T00:00:00Z,ARBUSDT,0.0001
2024-10-28T08:00:00Z,ARBUSDT,0.0001
2024-10-28T16:00:00Z,ARBUSDT,0.0001
2024-10-29T00:00:00Z,ARBUSDT,0.0001
2024-10-29T08:00:00Z,ARBUSDT,0.0001
2024-10-29T16:00:00Z,ARBUSDT,0.0001
2024-10-30T00:00:00Z,ARBUSDT,0.0001
2024-10-30T08:00:00Z,ARBUSDT,0.0001
2024-10-30T16:00:00Z,ARBUSDT,0.0001
2024-10-31T00:00:00Z,ARBUSDT,0.0001
2024-10-31T08:00:00Z,ARBUSDT,0.0001
2024-10-31T16:00:00Z,ARBUSDT,0.0001
2024-11-01T00:00:00Z,ARBUSDT,0.0001
2024-11-01T08:00:00Z,ARBUSDT,0.0001
2024-11-01T16:00:00Z,ARBUSDT,0.0001
2024-11-02T00:00:00Z,ARBUSDT,0.0001
2024-11-02T08:00:00Z,ARBUSDT,0.0001
2024-11-02T16:00:00Z,ARBUSDT,0.0001
2024-11-03T00:00:00Z,ARBUSDT,0.0001
2024-11-03T08:00:00Z,ARBUSDT,0.00009297
2024-11-03T16:00:00Z,ARBUSDT,0.00007728
2024-11-04T00:00:00Z,ARBUSDT,0.00003796
2024-11-04T08:00:00Z,ARBUSDT,-0.00003726
2024-11-04T16:00:00Z,ARBUSDT,0.0001
2024-11-05T00:00:00Z,ARBUSDT,0.0001
2024-11-05T08:00:00Z,ARBUSDT,0.0001
2024-11-05T16:00:00Z,ARBUSDT,0.0001
2024-11-06T00:00:00Z,ARBUSDT,0.0001
2024-11-06T08:00:00Z,ARBUSDT,0.0001
2024-11-06T16:00:00Z,ARBUSDT,0.0001
2024-11-07T00:00:00Z,ARBUSDT,0.0001
2024-11-07T08:00:00Z,ARBUSDT,0.0001
2024-11-07T16:00:00Z,ARBUSDT,0.0001
2024-11-08T00:00:00Z,ARBUSDT,0.0001
2024-11-08T08:00:00Z,ARBUSDT,0.0001
2024-11-08T16:00:00Z,ARBUSDT,0.0001
2024-11-09T00:00:00Z,ARBUSDT,0.0001
2024-11-09T08:00:00Z,ARBUSDT,0.0001
2024-11-09T16:00:00Z,ARBUSDT,0.0001
2024-11-10T00:00:00Z,ARBUSDT,0.0001
2024-11-10T08:00:00Z,ARBUSDT,0.00028382
2024-11-10T16:00:00Z,ARBUSDT,0.00039922
2024-11-11T00:00:00Z,ARBUSDT,0.00011725
2024-11-11T08:00:00Z,ARBUSDT,0.00018409
2024-11-11T16:00:00Z,ARBUSDT,0.00012757
2024-11-12T00:00:00Z,ARBUSDT,0.00027977
2024-11-12T08:00:00Z,ARBUSDT,0.00047958
2024-11-12T16:00:00Z,ARBUSDT,0.00027687
2024-11-13T00:00:00Z,ARBUSDT,0.00012296
2024-11-13T08:00:00Z,ARBUSDT,0.0001
2024-11-13T16:00:00Z,ARBUSDT,0.0001
2024-11-14T00:00:00Z,ARBUSDT,0.0001
2024-11-14T08:00:00Z,ARBUSDT,0.00020493
2024-11-14T16:00:00Z,ARBUSDT,0.0001
2024-11-15T00:00:00Z,ARBUSDT,0.0001
2024-11-15T08:00:00Z,ARBUSDT,0.0001
2024-11-15T16:00:00Z,ARBUSDT,0.0001
2024-11-16T00:00:00Z,ARBUSDT,0.0001
2024-11-16T08:00:00Z,ARBUSDT,0.0001
2024-11-16T16:00:00Z,ARBUSDT,0.0001882
2024-11-17T00:00:00Z,ARBUSDT,0.00041088
2024-11-17T08:00:00Z,ARBUSDT,0.0001
2024-11-17T16:00:00Z,ARBUSDT,0.00012873
2024-11-18T00:00:00Z,ARBUSDT,0.0001
2024-11-18T08:00:00Z,ARBUSDT,0.00024117
2024-11-18T16:00:00Z,ARBUSDT,0.00022628
2024-11-19T00:00:00Z,ARBUSDT,0.00032659
2024-11-19T08:00:00Z,ARBUSDT,0.00014349
2024-11-19T16:00:00Z,ARBUSDT,0.00012489
2024-11-20T00:00:00Z,ARBUSDT,0.0001
2024-11-20T08:00:00Z,ARBUSDT,0.00011067
2024-11-20T16:00:00Z,ARBUSDT,0.0001036
2024-11-21T00:00:00Z,ARBUSDT,0.0001
2024-11-21T08:00:00Z,ARBUSDT,0.0001
2024-11-21T16:00:00Z,ARBUSDT,0.00012422
2024-11-22T00:00:00Z,ARBUSDT,0.00052494
2024-11-22T08:00:00Z,ARBUSDT,0.00025797
2024-11-22T16:00:00Z,ARBUSDT,0.00015544
2024-11-23T00:00:00Z,ARBUSDT,0.0001
2024-11-23T08:00:00Z,ARBUSDT,0.0003522
2024-11-23T16:00:00Z,ARBUSDT,0.00048082
2024-11-24T00:00:00Z,ARBUSDT,0.0002937
2024-11-24T08:00:00Z,ARBUSDT,0.00024863
2024-11-24T16:00:00Z,ARBUSDT,0.00013447
2024-11-25T00:00:00Z,ARBUSDT,0.00020282
2024-11-25T08:00:00Z,ARBUSDT,0.00037376
2024-11-25T16:00:00Z,ARBUSDT,0.00022649
2024-11-26T00:00:00Z,ARBUSDT,0.00018088
2024-11-26T08:00:00Z,ARBUSDT,0.0001
2024-11-26T16:00:00Z,ARBUSDT,0.0001
2024-11-27T00:00:00Z,ARBUSDT,0.0001
2024-11-27T08:00:00Z,ARBUSDT,0.0001
2024-11-27T16:00:00Z,ARBUSDT,0.00025702
2024-11-28T00:00:00Z,ARBUSDT,0.00033826
2024-11-28T08:00:00Z,ARBUSDT,0.00033881
2024-11-28T16:00:00Z,ARBUSDT,0.00020003
2024-11-29T00:00:00Z,ARBUSDT,0.00024172
2024-11-29T08:00:00Z,ARBUSDT,0.00030487
2024-11-29T16:00:00Z,ARBUSDT,0.00047615
2024-11-30T00:00:00Z,ARBUSDT,0.00055054
2024-11-30T08:00:00Z,ARBUSDT,0.00041677
2024-11-30T16:00:00Z,ARBUSDT,0.00032403
2024-12-01T00:00:00Z,ARBUSDT,0.00040191
2024-12-01T08:00:00Z,ARBUSDT,0.00021707
2024-12-01T16:00:00Z,ARBUSDT,0.00030269
2024-12-02T00:00:00Z,ARBUSDT,0.00031469
2024-12-02T08:00:00Z,ARBUSDT,0.00035117
2024-12-02T16:00:00Z,ARBUSDT,0.00037367
2024-12-03T00:00:00Z,ARBUSDT,0.00045751
2024-12-03T08:00:00Z,ARBUSDT,0.00069047
2024-12-03T16:00:00Z,ARBUSDT,0.00044037
2024-12-04T00:00:00Z,ARBUSDT,0.00062127
2024-12-04T08:00:00Z,ARBUSDT,0.00063943
2024-12-04T16:00:00Z,ARBUSDT,0.00077524
2024-12-05T00:00:00Z,ARBUSDT,0.00051759
2024-12-05T08:00:00Z,ARBUSDT,0.00079725
2024-12-05T16:00:00Z,ARBUSDT,0.00078232
2024-12-06T00:00:00Z,ARBUSDT,0.00059338
2024-12-06T08:00:00Z,ARBUSDT,0.00087928
2024-12-06T16:00:00Z,ARBUSDT,0.00051259
2024-12-07T00:00:00Z,ARBUSDT,0.00063277
2024-12-07T08:00:00Z,ARBUSDT,0.00079194
2024-12-07T16:00:00Z,ARBUSDT,0.00067205
2024-12-08T00:00:00Z,ARBUSDT,0.00071624
2024-12-08T08:00:00Z,ARBUSDT,0.00022285
2024-12-08T16:00:00Z,ARBUSDT,0.00038508
2024-12-09T00:00:00Z,ARBUSDT,0.00046735
2024-12-09T08:00:00Z,ARBUSDT,0.00031753
2024-12-09T16:00:00Z,ARBUSDT,0.00013261
2024-12-10T00:00:00Z,ARBUSDT,0.0001
2024-12-10T08:00:00Z,ARBUSDT,0.0001
2024-12-10T16:00:00Z,ARBUSDT,0.0001
2024-12-11T00:00:00Z,ARBUSDT,0.0001
2024-12-11T08:00:00Z,ARBUSDT,0.0001
2024-12-11T16:00:00Z,ARBUSDT,0.0001
2024-12-12T00:00:00Z,ARBUSDT,0.0001
2024-12-12T08:00:00Z,ARBUSDT,0.0001
2024-12-12T16:00:00Z,ARBUSDT,0.0001
2024-12-13T00:00:00Z,ARBUSDT,0.0001
2024-12-13T08:00:00Z,ARBUSDT,0.0001
2024-12-13T16:00:00Z,ARBUSDT,0.0001
2024-12-14T00:00:00Z,ARBUSDT,0.0001
2024-12-14T08:00:00Z,ARBUSDT,0.0001
2024-12-14T16:00:00Z,ARBUSDT,0.0001
2024-12-15T00:00:00Z,ARBUSDT,0.0001
2024-12-15T08:00:00Z,ARBUSDT,0.0001
2024-12-15T16:00:00Z,ARBUSDT,0.0001
2024-12-16T00:00:00Z,ARBUSDT,0.0001
2024-12-16T08:00:00Z,ARBUSDT,0.0001
2024-12-16T16:00:00Z,ARBUSDT,0.0001
2024-12-17T00:00:00Z,ARBUSDT,0.0001
2024-12-17T08:00:00Z,ARBUSDT,0.0001
2024-12-17T16:00:00Z,ARBUSDT,0.0001
2024-12-18T00:00:00Z,ARBUSDT,0.0001
2024-12-18T08:00:00Z,ARBUSDT,0.0001
2024-12-18T16:00:00Z,ARBUSDT,0.0001
2024-12-19T00:00:00Z,ARBUSDT,0.0001
2024-12-19T08:00:00Z,ARBUSDT,0.0001
2024-12-19T16:00:00Z,ARBUSDT,0.0001
2024-12-20T00:00:00Z,ARBUSDT,0.0001
2024-12-20T08:00:00Z,ARBUSDT,0.0001
2024-12-20T16:00:00Z,ARBUSDT,0.00001324
2024-12-21T00:00:00Z,ARBUSDT,0.0001
2024-12-21T08:00:00Z,ARBUSDT,0.0001
2024-12-21T16:00:00Z,ARBUSDT,0.0001
2024-12-22T00:00:00Z,ARBUSDT,0.0001
2024-12-22T08:00:00Z,ARBUSDT,0.0001
2024-12-22T16:00:00Z,ARBUSDT,0.0001
2024-12-23T00:00:00Z,ARBUSDT,0.0001
2024-12-23T08:00:00Z,ARBUSDT,0.0001
2024-12-23T16:00:00Z,ARBUSDT,0.0001
2024-12-24T00:00:00Z,ARBUSDT,0.0001
2024-12-24T08:00:00Z,ARBUSDT,0.0001
2024-12-24T16:00:00Z,ARBUSDT,0.0001
2024-12-25T00:00:00Z,ARBUSDT,0.0001
2024-12-25T08:00:00Z,ARBUSDT,0.0001
2024-12-25T16:00:00Z,ARBUSDT,0.0001
2024-12-26T00:00:00Z,ARBUSDT,0.0001
2024-12-26T08:00:00Z,ARBUSDT,0.0001
2024-12-26T16:00:00Z,ARBUSDT,0.0001
2024-12-27T00:00:00Z,ARBUSDT,0.0001
2024-12-27T08:00:00Z,ARBUSDT,0.0001
2024-12-27T16:00:00Z,ARBUSDT,0.0001
2024-12-28T00:00:00Z,ARBUSDT,0.0001
2024-12-28T08:00:00Z,ARBUSDT,0.0001
2024-12-28T16:00:00Z,ARBUSDT,0.0001
2024-12-29T00:00:00Z,ARBUSDT,0.0001
2024-12-29T08:00:00Z,ARBUSDT,0.00006254
2024-12-29T16:00:00Z,ARBUSDT,0.0001
2024-12-30T00:00:00Z,ARBUSDT,0.00003305
2024-12-30T08:00:00Z,ARBUSDT,0.0001
2024-12-30T16:00:00Z,ARBUSDT,-0.00000932
2024-12-31T00:00:00Z,ARBUSDT,0.00004573
2024-12-31T08:00:00Z,ARBUSDT,0.00004571
2024-12-31T16:00:00Z,ARBUSDT,0.0001
2025-01-01T00:00:00Z,ARBUSDT,0.0001
2025-01-01T08:00:00Z,ARBUSDT,0.0001
2025-01-01T16:00:00Z,ARBUSDT,0.0001
2025-01-02T00:00:00Z,ARBUSDT,0.0001
2025-01-02T08:00:00Z,ARBUSDT,0.0001
2025-01-02T16:00:00Z,ARBUSDT,0.0001
2025-01-03T00:00:00Z,ARBUSDT,0.0001
2025-01-03T08:00:00Z,ARBUSDT,0.0001
2025-01-03T16:00:00Z,ARBUSDT,0.0001
2025-01-04T00:00:00Z,ARBUSDT,0.0001
2025-01-04T08:00:00Z,ARBUSDT,0.0001
2025-01-04T16:00:00Z,ARBUSDT,0.0001
2025-01-05T00:00:00Z,ARBUSDT,0.0001
2025-01-05T08:00:00Z,ARBUSDT,0.0001
2025-01-05T16:00:00Z,ARBUSDT,0.0001
2025-01-06T00:00:00Z,ARBUSDT,0.0001
2025-01-06T08:00:00Z,ARBUSDT,0.0001
2025-01-06T16:00:00Z,ARBUSDT,0.0001
2025-01-07T00:00:00Z,ARBUSDT,0.0001
2025-01-07T08:00:00Z,ARBUSDT,0.0001
2025-01-07T16:00:00Z,ARBUSDT,0.0001
2025-01-08T00:00:00Z,ARBUSDT,0.0001
2025-01-08T08:00:00Z,ARBUSDT,0.0001
2025-01-08T16:00:00Z,ARBUSDT,0.0001
2025-01-09T00:00:00Z,ARBUSDT,0.0001
2025-01-09T08:00:00Z,ARBUSDT,0.0001
2025-01-09T16:00:00Z,ARBUSDT,0.00005539
2025-01-10T00:00:00Z,ARBUSDT,0.0001
2025-01-10T08:00:00Z,ARBUSDT,0.0001
2025-01-10T16:00:00Z,ARBUSDT,0.0001
2025-01-11T00:00:00Z,ARBUSDT,0.0001
2025-01-11T08:00:00Z,ARBUSDT,0.0000967
2025-01-11T16:00:00Z,ARBUSDT,0.0001
2025-01-12T00:00:00Z,ARBUSDT,0.0001
2025-01-12T08:00:00Z,ARBUSDT,0.0001
2025-01-12T16:00:00Z,ARBUSDT,0.0001
2025-01-13T00:00:00Z,ARBUSDT,0.0001
2025-01-13T08:00:00Z,ARBUSDT,0.0001
2025-01-13T16:00:00Z,ARBUSDT,-0.00000528
2025-01-14T00:00:00Z,ARBUSDT,0.00008611
2025-01-14T08:00:00Z,ARBUSDT,0.0001
2025-01-14T16:00:00Z,ARBUSDT,0.00007515
2025-01-15T00:00:00Z,ARBUSDT,0.0001
2025-01-15T08:00:00Z,ARBUSDT,0.0001
2025-01-15T16:00:00Z,ARBUSDT,0.0001
2025-01-16T00:00:00Z,ARBUSDT,0.0001
2025-01-16T08:00:00Z,ARBUSDT,0.0001
2025-01-16T16:00:00Z,ARBUSDT,0.0001
2025-01-17T00:00:00Z,ARBUSDT,0.0001
2025-01-17T08:00:00Z,ARBUSDT,0.0001
2025-01-17T16:00:00Z,ARBUSDT,0.0001
2025-01-18T00:00:00Z,ARBUSDT,0.0001
2025-01-18T08:00:00Z,ARBUSDT,0.0001
2025-01-18T16:00:00Z,ARBUSDT,0.0001
2025-01-19T00:00:00Z,ARBUSDT,0.0001
2025-01-19T08:00:00Z,ARBUSDT,0.0001
2025-01-19T16:00:00Z,ARBUSDT,0.0001
2025-01-20T00:00:00Z,ARBUSDT,0.0001
2025-01-20T08:00:00Z,ARBUSDT,0.0001
2025-01-20T16:00:00Z,ARBUSDT,0.0001
2025-01-21T00:00:00Z,ARBUSDT,0.0001
2025-01-21T08:00:00Z,ARBUSDT,0.0001
2025-01-21T16:00:00Z,ARBUSDT,0.0001
2025-01-22T00:00:00Z,ARBUSDT,0.0001
2025-01-22T08:00:00Z,ARBUSDT,0.0001
2025-01-22T16:00:00Z,ARBUSDT,0.0001
2025-01-23T00:00:00Z,ARBUSDT,0.0001
2025-01-23T08:00:00Z,ARBUSDT,0.0001
2025-01-23T16:00:00Z,ARBUSDT,0.0001
2025-01-24T00:00:00Z,ARBUSDT,0.0001
2025-01-24T08:00:00Z,ARBUSDT,0.0001
2025-01-24T16:00:00Z,ARBUSDT,0.0001
2025-01-25T00:00:00Z,ARBUSDT,0.0001
2025-01-25T08:00:00Z,ARBUSDT,0.0001
2025-01-25T16:00:00Z,ARBUSDT,0.0001
2025-01-26T00:00:00Z,ARBUSDT,0.0001
2025-01-26T08:00:00Z,ARBUSDT,0.0001
2025-01-26T16:00:00Z,ARBUSDT,0.0001
2025-01-27T00:00:00Z,ARBUSDT,0.0001
2025-01-27T08:00:00Z,ARBUSDT,0.00001805
2025-01-27T16:00:00Z,ARBUSDT,0.0001
2025-01-28T00:00:00Z,ARBUSDT,0.0001
2025-01-28T08:00:00Z,ARBUSDT,0.00007741
2025-01-28T16:00:00Z,ARBUSDT,0.0001
2025-01-29T00:00:00Z,ARBUSDT,0.00003609
2025-01-29T08:00:00Z,ARBUSDT,0.0001
2025-01-29T16:00:00Z,ARBUSDT,0.0001
2025-01-30T00:00:00Z,ARBUSDT,0.0001
2025-01-30T08:00:00Z,ARBUSDT,0.0001
2025-01-30T16:00:00Z,ARBUSDT,0.0001
2025-01-31T00:00:00Z,ARBUSDT,0.0001
2025-01-31T08:00:00Z,ARBUSDT,0.0001
2025-01-31T16:00:00Z,ARBUSDT,0.0001
2025-02-01T00:00:00Z,ARBUSDT,0.0001
2025-02-01T08:00:00Z,ARBUSDT,0.0001
2025-02-01T16:00:00Z,ARBUSDT,0.0000572
2025-02-02T00:00:00Z,ARBUSDT,0.00003468
2025-02-02T08:00:00Z,ARBUSDT,0.00003019
2025-02-02T16:00:00Z,ARBUSDT,-0.00008356
2025-02-03T00:00:00Z,ARBUSDT,-0.00009198
2025-02-03T08:00:00Z,ARBUSDT,-0.00013719
2025-02-03T16:00:00Z,ARBUSDT,-0.00007335
2025-02-04T00:00:00Z,ARBUSDT,0.00003166
2025-02-04T08:00:00Z,ARBUSDT,0.00005741
2025-02-04T16:00:00Z,ARBUSDT,-0.00000021
2025-02-05T00:00:00Z,ARBUSDT,0.00004469
2025-02-05T08:00:00Z,ARBUSDT,0.00005259
2025-02-05T16:00:00Z,ARBUSDT,0.00004511
2025-02-06T00:00:00Z,ARBUSDT,0.00000349
2025-02-06T08:00:00Z,ARBUSDT,-0.00003581
2025-02-06T16:00:00Z,ARBUSDT,-0.00001602
2025-02-07T00:00:00Z,ARBUSDT,-0.00004321
2025-02-07T08:00:00Z,ARBUSDT,0.00009799
2025-02-07T16:00:00Z,ARBUSDT,0.00001332
2025-02-08T00:00:00Z,ARBUSDT,-0.00012756
2025-02-08T08:00:00Z,ARBUSDT,-0.00001854
2025-02-08T16:00:00Z,ARBUSDT,0.00008769
2025-02-09T00:00:00Z,ARBUSDT,0.0001
2025-02-09T08:00:00Z,ARBUSDT,0.0001
2025-02-09T16:00:00Z,ARBUSDT,0.0001
2025-02-10T00:00:00Z,ARBUSDT,0.0001
2025-02-10T08:00:00Z,ARBUSDT,0.00008251
2025-02-10T16:00:00Z,ARBUSDT,0.0001
2025-02-11T00:00:00Z,ARBUSDT,0.0001
2025-02-11T08:00:00Z,ARBUSDT,0.0001
2025-02-11T16:00:00Z,ARBUSDT,-0.00005779
2025-02-12T00:00:00Z,ARBUSDT,-0.00006702
2025-02-12T08:00:00Z,ARBUSDT,-0.00014858
2025-02-12T16:00:00Z,ARBUSDT,0.00002998
2025-02-13T00:00:00Z,ARBUSDT,0.0001
2025-02-13T08:00:00Z,ARBUSDT,0.0001
2025-02-13T16:00:00Z,ARBUSDT,0.0001
2025-02-14T00:00:00Z,ARBUSDT,0.0001
2025-02-14T08:00:00Z,ARBUSDT,0.0000707
2025-02-14T16:00:00Z,ARBUSDT,0.0001
2025-02-15T00:00:00Z,ARBUSDT,0.00002647
2025-02-15T08:00:00Z,ARBUSDT,0.00007439
2025-02-15T16:00:00Z,ARBUSDT,0.00004034
2025-02-16T00:00:00Z,ARBUSDT,0.00006308
2025-02-16T08:00:00Z,ARBUSDT,0.00001684
2025-02-16T16:00:00Z,ARBUSDT,0.00003191
2025-02-17T00:00:00Z,ARBUSDT,0.00000215
2025-02-17T08:00:00Z,ARBUSDT,0.0000008
2025-02-17T16:00:00Z,ARBUSDT,0.0001
2025-02-18T00:00:00Z,ARBUSDT,0.00007157
2025-02-18T08:00:00Z,ARBUSDT,-0.0000544
2025-02-18T16:00:00Z,ARBUSDT,-0.000156
2025-02-19T00:00:00Z,ARBUSDT,0.00005489
2025-02-19T08:00:00Z,ARBUSDT,0.00004422
2025-02-19T16:00:00Z,ARBUSDT,0.0001
2025-02-20T00:00:00Z,ARBUSDT,0.00008084
2025-02-20T08:00:00Z,ARBUSDT,0.0001
2025-02-20T16:00:00Z,ARBUSDT,0.0001
2025-02-21T00:00:00Z,ARBUSDT,0.0001
2025-02-21T08:00:00Z,ARBUSDT,0.0001
2025-02-21T16:00:00Z,ARBUSDT,0.00006641
2025-02-22T00:00:00Z,ARBUSDT,-0.00013848
2025-02-22T08:00:00Z,ARBUSDT,0.0001
2025-02-22T16:00:00Z,ARBUSDT,0.0001
2025-02-23T00:00:00Z,ARBUSDT,0.0001
2025-02-23T08:00:00Z,ARBUSDT,0.0001
2025-02-23T16:00:00Z,ARBUSDT,0.0001
2025-02-24T00:00:00Z,ARBUSDT,0.0001
2025-02-24T08:00:00Z,ARBUSDT,0.0001
2025-02-24T16:00:00Z,ARBUSDT,0.0001
2025-02-25T00:00:00Z,ARBUSDT,0.00007911
2025-02-25T08:00:00Z,ARBUSDT,-0.00000957
2025-02-25T16:00:00Z,ARBUSDT,0.0001
2025-02-26T00:00:00Z,ARBUSDT,0.0001
2025-02-26T08:00:00Z,ARBUSDT,0.0001
2025-02-26T16:00:00Z,ARBUSDT,0.0001
2025-02-27T00:00:00Z,ARBUSDT,0.0001
2025-02-27T08:00:00Z,ARBUSDT,0.0001
2025-02-27T16:00:00Z,ARBUSDT,0.0001
2025-02-28T00:00:00Z,ARBUSDT,0.0001
2025-02-28T08:00:00Z,ARBUSDT,0.0001
2025-02-28T16:00:00Z,ARBUSDT,0.00007865
2025-03-01T00:00:00Z,ARBUSDT,0.0001
2025-03-01T08:00:00Z,ARBUSDT,0.00005309
2025-03-01T16:00:00Z,ARBUSDT,-0.00000771
2025-03-02T00:00:00Z,ARBUSDT,0.0001
2025-03-02T08:00:00Z,ARBUSDT,-0.00005297
2025-03-02T16:00:00Z,ARBUSDT,0.00002674
2025-03-03T00:00:00Z,ARBUSDT,0.0001
2025-03-03T08:00:00Z,ARBUSDT,0.000086
2025-03-03T16:00:00Z,ARBUSDT,0.0001
2025-03-04T00:00:00Z,ARBUSDT,-0.00001541
2025-03-04T08:00:00Z,ARBUSDT,0.00008945
2025-03-04T16:00:00Z,ARBUSDT,-0.00000864
2025-03-05T00:00:00Z,ARBUSDT,0.0000353
2025-03-05T08:00:00Z,ARBUSDT,-0.00014021
2025-03-05T16:00:00Z,ARBUSDT,-0.00005417
2025-03-06T00:00:00Z,ARBUSDT,-0.0000629
2025-03-06T08:00:00Z,ARBUSDT,0.0001
2025-03-06T16:00:00Z,ARBUSDT,-0.0000366
2025-03-07T00:00:00Z,ARBUSDT,-0.00003789
2025-03-07T08:00:00Z,ARBUSDT,0.00003585
2025-03-07T16:00:00Z,ARBUSDT,0.00006396
2025-03-08T00:00:00Z,ARBUSDT,0.00002251
2025-03-08T08:00:00Z,ARBUSDT,-0.00005575
2025-03-08T16:00:00Z,ARBUSDT,-0.00012872
2025-03-09T00:00:00Z,ARBUSDT,0.00003804
2025-03-09T08:00:00Z,ARBUSDT,-0.0000474
2025-03-09T16:00:00Z,ARBUSDT,-0.00012885
2025-03-10T00:00:00Z,ARBUSDT,-0.00013114
2025-03-10T08:00:00Z,ARBUSDT,0.00004489
2025-03-10T16:00:00Z,ARBUSDT,0.00003025
2025-03-11T00:00:00Z,ARBUSDT,-0.00001517
2025-03-11T08:00:00Z,ARBUSDT,0.00002999
2025-03-11T16:00:00Z,ARBUSDT,-0.00002042
2025-03-12T00:00:00Z,ARBUSDT,0.00009336
2025-03-12T08:00:00Z,ARBUSDT,0.0001
2025-03-12T16:00:00Z,ARBUSDT,0.00007027
2025-03-13T00:00:00Z,ARBUSDT,0.0001
2025-03-13T08:00:00Z,ARBUSDT,-0.00001361
2025-03-13T16:00:00Z,ARBUSDT,0.00001534
2025-03-14T00:00:00Z,ARBUSDT,0.00006495
2025-03-14T08:00:00Z,ARBUSDT,0.0001
2025-03-14T16:00:00Z,ARBUSDT,0.00006226
2025-03-15T00:00:00Z,ARBUSDT,0.00005121
2025-03-15T08:00:00Z,ARBUSDT,0.00007112
2025-03-15T16:00:00Z,ARBUSDT,0.00002147
2025-03-16T00:00:00Z,ARBUSDT,-0.00010324
2025-03-16T08:00:00Z,ARBUSDT,0.0001
2025-03-16T16:00:00Z,ARBUSDT,-0.00000163
2025-03-17T00:00:00Z,ARBUSDT,-0.00004268
2025-03-17T08:00:00Z,ARBUSDT,0.00008364
2025-03-17T16:00:00Z,ARBUSDT,0.00005075
2025-03-18T00:00:00Z,ARBUSDT,0.00002246
2025-03-18T08:00:00Z,ARBUSDT,0.00004272
2025-03-18T16:00:00Z,ARBUSDT,0.0001
2025-03-19T00:00:00Z,ARBUSDT,0.00008368
2025-03-19T08:00:00Z,ARBUSDT,0.00008971
2025-03-19T16:00:00Z,ARBUSDT,-0.00003954
2025-03-20T00:00:00Z,ARBUSDT,0.00004299
2025-03-20T08:00:00Z,ARBUSDT,-0.00000687
2025-03-20T16:00:00Z,ARBUSDT,0.00005149
2025-03-21T00:00:00Z,ARBUSDT,-0.00000206
2025-03-21T08:00:00Z,ARBUSDT,-0.00013723
2025-03-21T16:00:00Z,ARBUSDT,-0.00009719
2025-03-22T00:00:00Z,ARBUSDT,-0.00001037
2025-03-22T08:00:00Z,ARBUSDT,0.0001
2025-03-22T16:00:00Z,ARBUSDT,0.00009423
2025-03-23T00:00:00Z,ARBUSDT,0.00002896
2025-03-23T08:00:00Z,ARBUSDT,0.0001
2025-03-23T16:00:00Z,ARBUSDT,0.00008753
2025-03-24T00:00:00Z,ARBUSDT,0.0001
2025-03-24T08:00:00Z,ARBUSDT,0.0001
2025-03-24T16:00:00Z,ARBUSDT,0.00003162
2025-03-25T00:00:00Z,ARBUSDT,0.00000609
2025-03-25T08:00:00Z,ARBUSDT,0.00006251
2025-03-25T16:00:00Z,ARBUSDT,0.00003349
2025-03-26T00:00:00Z,ARBUSDT,0.0001
2025-03-26T08:00:00Z,ARBUSDT,0.0001
2025-03-26T16:00:00Z,ARBUSDT,0.00006156
2025-03-27T00:00:00Z,ARBUSDT,0.0000945
2025-03-27T08:00:00Z,ARBUSDT,-0.00005039
2025-03-27T16:00:00Z,ARBUSDT,-0.0001095
2025-03-28T00:00:00Z,ARBUSDT,0.00005271
2025-03-28T08:00:00Z,ARBUSDT,-0.00002606
2025-03-28T16:00:00Z,ARBUSDT,0.00001946
2025-03-29T00:00:00Z,ARBUSDT,0.00007856
2025-03-29T08:00:00Z,ARBUSDT,-0.0000015
2025-03-29T16:00:00Z,ARBUSDT,0.00000581
2025-03-30T00:00:00Z,ARBUSDT,-0.00005639
2025-03-30T08:00:00Z,ARBUSDT,-0.00002862
2025-03-30T16:00:00Z,ARBUSDT,0.00002831
2025-03-31T00:00:00Z,ARBUSDT,-0.00000842
2025-03-31T08:00:00Z,ARBUSDT,0.00000595
2025-03-31T16:00:00Z,ARBUSDT,-0.0000229
2025-04-01T00:00:00Z,ARBUSDT,-0.0000361
2025-04-01T08:00:00Z,ARBUSDT,0.0001
2025-04-01T16:00:00Z,ARBUSDT,0.00006343
2025-04-02T00:00:00Z,ARBUSDT,0.00008888
2025-04-02T08:00:00Z,ARBUSDT,0.00001461
2025-04-02T16:00:00Z,ARBUSDT,-0.00001725
2025-04-03T00:00:00Z,ARBUSDT,0.0000052
2025-04-03T08:00:00Z,ARBUSDT,0.0001
2025-04-03T16:00:00Z,ARBUSDT,-0.00003407
2025-04-04T00:00:00Z,ARBUSDT,0.00006198
2025-04-04T08:00:00Z,ARBUSDT,0.0001
2025-04-04T16:00:00Z,ARBUSDT,0.00003127
2025-04-05T00:00:00Z,ARBUSDT,0.0001
2025-04-05T08:00:00Z,ARBUSDT,0.0001
2025-04-05T16:00:00Z,ARBUSDT,0.0001
2025-04-06T00:00:00Z,ARBUSDT,0.00004028
2025-04-06T08:00:00Z,ARBUSDT,0.00000309
2025-04-06T16:00:00Z,ARBUSDT,-0.0000285
2025-04-07T00:00:00Z,ARBUSDT,-0.00010459
2025-04-07T08:00:00Z,ARBUSDT,-0.00004141
2025-04-07T16:00:00Z,ARBUSDT,-0.0000046
2025-04-08T00:00:00Z,ARBUSDT,0.0001
2025-04-08T08:00:00Z,ARBUSDT,0.00004416
2025-04-08T16:00:00Z,ARBUSDT,0.00006222
2025-04-09T00:00:00Z,ARBUSDT,0.0001
2025-04-09T08:00:00Z,ARBUSDT,0.00008487
2025-04-09T16:00:00Z,ARBUSDT,0.00002299
2025-04-10T00:00:00Z,ARBUSDT,0.00006527
2025-04-10T08:00:00Z,ARBUSDT,-0.00012354
2025-04-10T16:00:00Z,ARBUSDT,-0.0000303
2025-04-11T00:00:00Z,ARBUSDT,-0.00007324
2025-04-11T08:00:00Z,ARBUSDT,0.000074
2025-04-11T16:00:00Z,ARBUSDT,0.00003185
2025-04-12T00:00:00Z,ARBUSDT,-0.00011544
2025-04-12T08:00:00Z,ARBUSDT,0.00000054
2025-04-12T16:00:00Z,ARBUSDT,-0.00008018
2025-04-13T00:00:00Z,ARBUSDT,-0.0000643
2025-04-13T08:00:00Z,ARBUSDT,-0.00013698
2025-04-13T16:00:00Z,ARBUSDT,-0.00002734
2025-04-14T00:00:00Z,ARBUSDT,-0.00005638
2025-04-14T08:00:00Z,ARBUSDT,0.0001
2025-04-14T16:00:00Z,ARBUSDT,0.0001
2025-04-15T00:00:00Z,ARBUSDT,0.0001
2025-04-15T08:00:00Z,ARBUSDT,0.0001
2025-04-15T16:00:00Z,ARBUSDT,0.0001
2025-04-16T00:00:00Z,ARBUSDT,0.00002699
2025-04-16T08:00:00Z,ARBUSDT,0.00007057
2025-04-16T16:00:00Z,ARBUSDT,0.00000491
2025-04-17T00:00:00Z,ARBUSDT,0.0001
2025-04-17T08:00:00Z,ARBUSDT,0.00009284
2025-04-17T16:00:00Z,ARBUSDT,0.00003261
2025-04-18T00:00:00Z,ARBUSDT,0.0000684
2025-04-18T08:00:00Z,ARBUSDT,0.0000533
2025-04-18T16:00:00Z,ARBUSDT,0.00008675
2025-04-19T00:00:00Z,ARBUSDT,0.00005003
2025-04-19T08:00:00Z,ARBUSDT,0.0001
2025-04-19T16:00:00Z,ARBUSDT,-0.00004012
2025-04-20T00:00:00Z,ARBUSDT,0.0001
2025-04-20T08:00:00Z,ARBUSDT,0.00006698
2025-04-20T16:00:00Z,ARBUSDT,0.00008063
2025-04-21T00:00:00Z,ARBUSDT,0.0001
2025-04-21T08:00:00Z,ARBUSDT,0.00003301
2025-04-21T16:00:00Z,ARBUSDT,0.0001
2025-04-22T00:00:00Z,ARBUSDT,0.0001
2025-04-22T08:00:00Z,ARBUSDT,-0.00001712
2025-04-22T16:00:00Z,ARBUSDT,0.0001
2025-04-23T00:00:00Z,ARBUSDT,0.00006235
2025-04-23T08:00:00Z,ARBUSDT,0.0001
2025-04-23T16:00:00Z,ARBUSDT,0.0001
2025-04-24T00:00:00Z,ARBUSDT,0.00009978
2025-04-24T08:00:00Z,ARBUSDT,0.00009054
2025-04-24T16:00:00Z,ARBUSDT,0.0001
2025-04-25T00:00:00Z,ARBUSDT,0.0001
2025-04-25T08:00:00Z,ARBUSDT,0.0001
2025-04-25T16:00:00Z,ARBUSDT,0.00002869
2025-04-26T00:00:00Z,ARBUSDT,-0.00001631
2025-04-26T08:00:00Z,ARBUSDT,0.00008458
2025-04-26T16:00:00Z,ARBUSDT,0.0000351
2025-04-27T00:00:00Z,ARBUSDT,0.0001
2025-04-27T08:00:00Z,ARBUSDT,-0.00009048
2025-04-27T16:00:00Z,ARBUSDT,0.00002266
2025-04-28T00:00:00Z,ARBUSDT,-0.00006369
2025-04-28T08:00:00Z,ARBUSDT,0.0001
2025-04-28T16:00:00Z,ARBUSDT,0.0001
2025-04-29T00:00:00Z,ARBUSDT,0.0001
2025-04-29T08:00:00Z,ARBUSDT,0.0001
2025-04-29T16:00:00Z,ARBUSDT,0.0001
2025-04-30T00:00:00Z,ARBUSDT,0.00005777
2025-04-30T08:00:00Z,ARBUSDT,0.0001
2025-04-30T16:00:00Z,ARBUSDT,-0.00001703
2025-05-01T00:00:00Z,ARBUSDT,0.00006243
2025-05-01T08:00:00Z,ARBUSDT,0.00008238
2025-05-01T16:00:00Z,ARBUSDT,0.0001
2025-05-02T00:00:00Z,ARBUSDT,0.0001
2025-05-02T08:00:00Z,ARBUSDT,0.0001
2025-05-02T16:00:00Z,ARBUSDT,0.0001
2025-05-03T00:00:00Z,ARBUSDT,0.00007975
2025-05-03T08:00:00Z,ARBUSDT,0.0001
2025-05-03T16:00:00Z,ARBUSDT,-0.00007646
2025-05-04T00:00:00Z,ARBUSDT,-0.000073
2025-05-04T08:00:00Z,ARBUSDT,-0.00012553
2025-05-04T16:00:00Z,ARBUSDT,0.00007141
2025-05-05T00:00:00Z,ARBUSDT,-0.00001318
2025-05-05T08:00:00Z,ARBUSDT,0.00004045
2025-05-05T16:00:00Z,ARBUSDT,-0.00008826
2025-05-06T00:00:00Z,ARBUSDT,-0.00007016
2025-05-06T08:00:00Z,ARBUSDT,0.0000197
2025-05-06T16:00:00Z,ARBUSDT,-0.00003486
2025-05-07T00:00:00Z,ARBUSDT,-0.00000428
2025-05-07T08:00:00Z,ARBUSDT,0.00000512
2025-05-07T16:00:00Z,ARBUSDT,-0.00001595
2025-05-08T00:00:00Z,ARBUSDT,0.00009434
2025-05-08T08:00:00Z,ARBUSDT,-0.00000895
2025-05-08T16:00:00Z,ARBUSDT,0.0001
2025-05-09T00:00:00Z,ARBUSDT,0.0001
2025-05-09T08:00:00Z,ARBUSDT,0.0001
2025-05-09T16:00:00Z,ARBUSDT,0.0001
2025-05-10T00:00:00Z,ARBUSDT,0.0001
2025-05-10T08:00:00Z,ARBUSDT,0.0001
2025-05-10T16:00:00Z,ARBUSDT,0.0001
2025-05-11T00:00:00Z,ARBUSDT,0.0001
2025-05-11T08:00:00Z,ARBUSDT,0.0001
2025-05-11T16:00:00Z,ARBUSDT,0.0001
2025-05-12T00:00:00Z,ARBUSDT,0.0001
2025-05-12T08:00:00Z,ARBUSDT,0.00007695
2025-05-12T16:00:00Z,ARBUSDT,0.0001
2025-05-13T00:00:00Z,ARBUSDT,0.0001
2025-05-13T08:00:00Z,ARBUSDT,0.0001
2025-05-13T16:00:00Z,ARBUSDT,0.0001
2025-05-14T00:00:00Z,ARBUSDT,0.0001
2025-05-14T08:00:00Z,ARBUSDT,0.0001
2025-05-14T16:00:00Z,ARBUSDT,0.0001
2025-05-15T00:00:00Z,ARBUSDT,0.0001
2025-05-15T08:00:00Z,ARBUSDT,0.00005805
2025-05-15T16:00:00Z,ARBUSDT,0.00006218
2025-05-16T00:00:00Z,ARBUSDT,-0.00001124
2025-05-16T08:00:00Z,ARBUSDT,0.00006217
2025-05-16T16:00:00Z,ARBUSDT,0.0001
2025-05-17T00:00:00Z,ARBUSDT,0.0000655
2025-05-17T08:00:00Z,ARBUSDT,0.00004391
2025-05-17T16:00:00Z,ARBUSDT,-0.00001896
2025-05-18T00:00:00Z,ARBUSDT,0.00000305
2025-05-18T08:00:00Z,ARBUSDT,0.0000294
2025-05-18T16:00:00Z,ARBUSDT,-0.00000445
2025-05-19T00:00:00Z,ARBUSDT,0.00007177
2025-05-19T08:00:00Z,ARBUSDT,-0.0000189
2025-05-19T16:00:00Z,ARBUSDT,0.00008709
2025-05-20T00:00:00Z,ARBUSDT,0.0001
2025-05-20T08:00:00Z,ARBUSDT,0.0001
2025-05-20T16:00:00Z,ARBUSDT,0.00002537
2025-05-21T00:00:00Z,ARBUSDT,0.0001
2025-05-21T08:00:00Z,ARBUSDT,0.00006155
2025-05-21T16:00:00Z,ARBUSDT,0.00006146
2025-05-22T00:00:00Z,ARBUSDT,0.0001
2025-05-22T08:00:00Z,ARBUSDT,0.0001
2025-05-22T16:00:00Z,ARBUSDT,0.0001
2025-05-23T00:00:00Z,ARBUSDT,0.0001
2025-05-23T08:00:00Z,ARBUSDT,0.0001
2025-05-23T16:00:00Z,ARBUSDT,0.0001
2025-05-24T00:00:00Z,ARBUSDT,0.0001
2025-05-24T08:00:00Z,ARBUSDT,-0.00004394
2025-05-24T16:00:00Z,ARBUSDT,0.00000297
2025-05-25T00:00:00Z,ARBUSDT,0.0001
2025-05-25T08:00:00Z,ARBUSDT,0.00003072
2025-05-25T16:00:00Z,ARBUSDT,0.00004575
2025-05-26T00:00:00Z,ARBUSDT,0.0001
2025-05-26T08:00:00Z,ARBUSDT,0.00008416
2025-05-26T16:00:00Z,ARBUSDT,0.0001
2025-05-27T00:00:00Z,ARBUSDT,0.00008368
2025-05-27T08:00:00Z,ARBUSDT,0.0001
2025-05-27T16:00:00Z,ARBUSDT,0.0001
2025-05-28T00:00:00Z,ARBUSDT,0.0001
2025-05-28T08:00:00Z,ARBUSDT,0.0001
2025-05-28T16:00:00Z,ARBUSDT,0.00006071
2025-05-29T00:00:00Z,ARBUSDT,0.00006852
2025-05-29T08:00:00Z,ARBUSDT,0.0001
2025-05-29T16:00:00Z,ARBUSDT,0.0000802
2025-05-30T00:00:00Z,ARBUSDT,0.00004516
2025-05-30T08:00:00Z,ARBUSDT,-0.00017045
2025-05-30T16:00:00Z,ARBUSDT,-0.00016349
2025-05-31T00:00:00Z,ARBUSDT,-0.00020941
2025-05-31T08:00:00Z,ARBUSDT,0.00005982
2025-05-31T16:00:00Z,ARBUSDT,0.00002463
2025-06-01T00:00:00Z,ARBUSDT,0.00007959
2025-06-01T08:00:00Z,ARBUSDT,0.0001
2025-06-01T16:00:00Z,ARBUSDT,0.0001
2025-06-02T00:00:00Z,ARBUSDT,0.00008985
2025-06-02T08:00:00Z,ARBUSDT,0.0001
2025-06-02T16:00:00Z,ARBUSDT,0.0001
2025-06-03T00:00:00Z,ARBUSDT,0.0001
2025-06-03T08:00:00Z,ARBUSDT,0.0001
2025-06-03T16:00:00Z,ARBUSDT,0.0001
2025-06-04T00:00:00Z,ARBUSDT,0.0000703
2025-06-04T08:00:00Z,ARBUSDT,-0.00004254
2025-06-04T16:00:00Z,ARBUSDT,0.00008976
2025-06-05T00:00:00Z,ARBUSDT,0.00005362
2025-06-05T08:00:00Z,ARBUSDT,0.00004956
2025-06-05T16:00:00Z,ARBUSDT,0.00005571
2025-06-06T00:00:00Z,ARBUSDT,-0.00001775
2025-06-06T08:00:00Z,ARBUSDT,-0.00000951
2025-06-06T16:00:00Z,ARBUSDT,-0.00005703
2025-06-07T00:00:00Z,ARBUSDT,-0.00003204
2025-06-07T08:00:00Z,ARBUSDT,0.0001
2025-06-07T16:00:00Z,ARBUSDT,0.0001
2025-06-08T00:00:00Z,ARBUSDT,0.0001
2025-06-08T08:00:00Z,ARBUSDT,0.0001
2025-06-08T16:00:00Z,ARBUSDT,0.0001
2025-06-09T00:00:00Z,ARBUSDT,0.0001
2025-06-09T08:00:00Z,ARBUSDT,0.00004095
2025-06-09T16:00:00Z,ARBUSDT,0.0001
2025-06-10T00:00:00Z,ARBUSDT,0.0001
2025-06-10T08:00:00Z,ARBUSDT,0.0001
2025-06-10T16:00:00Z,ARBUSDT,0.0001
2025-06-11T00:00:00Z,ARBUSDT,0.0001
2025-06-11T08:00:00Z,ARBUSDT,0.0001
2025-06-11T16:00:00Z,ARBUSDT,0.0001
2025-06-12T00:00:00Z,ARBUSDT,0.0001
2025-06-12T08:00:00Z,ARBUSDT,-0.00019798
2025-06-12T16:00:00Z,ARBUSDT,-0.00003206
2025-06-13T00:00:00Z,ARBUSDT,0.00000373
2025-06-13T08:00:00Z,ARBUSDT,-0.00009313
2025-06-13T16:00:00Z,ARBUSDT,0.00000733
2025-06-14T00:00:00Z,ARBUSDT,0.00005609
2025-06-14T08:00:00Z,ARBUSDT,0.00009985
2025-06-14T16:00:00Z,ARBUSDT,-0.00005975
2025-06-15T00:00:00Z,ARBUSDT,0.0001
2025-06-15T08:00:00Z,ARBUSDT,0.00007675
2025-06-15T16:00:00Z,ARBUSDT,0.0001
2025-06-16T00:00:00Z,ARBUSDT,-0.00003204
2025-06-16T08:00:00Z,ARBUSDT,-0.00000351
2025-06-16T16:00:00Z,ARBUSDT,0.00002252
2025-06-17T00:00:00Z,ARBUSDT,0.00006248
2025-06-17T08:00:00Z,ARBUSDT,0.00003251
2025-06-17T16:00:00Z,ARBUSDT,-0.00001191
2025-06-18T00:00:00Z,ARBUSDT,-0.00010495
2025-06-18T08:00:00Z,ARBUSDT,-0.00010908
2025-06-18T16:00:00Z,ARBUSDT,-0.00003388
2025-06-19T00:00:00Z,ARBUSDT,0.00008285
2025-06-19T08:00:00Z,ARBUSDT,0.0001
2025-06-19T16:00:00Z,ARBUSDT,-0.00002175
2025-06-20T00:00:00Z,ARBUSDT,-0.00004578
2025-06-20T08:00:00Z,ARBUSDT,-0.00004114
2025-06-20T16:00:00Z,ARBUSDT,-0.00008758
2025-06-21T00:00:00Z,ARBUSDT,0.0001
2025-06-21T08:00:00Z,ARBUSDT,0.0001
2025-06-21T16:00:00Z,ARBUSDT,0.00005267
2025-06-22T00:00:00Z,ARBUSDT,0.00007691
2025-06-22T08:00:00Z,ARBUSDT,0.00008099
2025-06-22T16:00:00Z,ARBUSDT,0.00005142
2025-06-23T00:00:00Z,ARBUSDT,0.00006258
2025-06-23T08:00:00Z,ARBUSDT,0.00004857
2025-06-23T16:00:00Z,ARBUSDT,-0.0000053
2025-06-24T00:00:00Z,ARBUSDT,0.00004854
2025-06-24T08:00:00Z,ARBUSDT,0.0001
2025-06-24T16:00:00Z,ARBUSDT,-0.00005109
2025-06-25T00:00:00Z,ARBUSDT,0.00009449
2025-06-25T08:00:00Z,ARBUSDT,0.0001
2025-06-25T16:00:00Z,ARBUSDT,0.00001278
2025-06-26T00:00:00Z,ARBUSDT,0.00002037
2025-06-26T08:00:00Z,ARBUSDT,0.0001
2025-06-26T16:00:00Z,ARBUSDT,-0.00004635
2025-06-27T00:00:00Z,ARBUSDT,0.00009483
2025-06-27T08:00:00Z,ARBUSDT,0.00003063
2025-06-27T16:00:00Z,ARBUSDT,-0.00007599
2025-06-28T00:00:00Z,ARBUSDT,-0.00012244
2025-06-28T08:00:00Z,ARBUSDT,-0.00008207
2025-06-28T16:00:00Z,ARBUSDT,0.00001052
2025-06-29T00:00:00Z,ARBUSDT,0.0001
2025-06-29T08:00:00Z,ARBUSDT,-0.00014408
2025-06-29T16:00:00Z,ARBUSDT,0.0001
2025-06-30T00:00:00Z,ARBUSDT,0.0001
2025-06-30T08:00:00Z,ARBUSDT,0.0001
2025-06-30T16:00:00Z,ARBUSDT,0.00002817
2025-07-01T00:00:00Z,ARBUSDT,-0.0000326
2025-07-01T08:00:00Z,ARBUSDT,0.00009273
2025-07-01T16:00:00Z,ARBUSDT,-0.00001935
2025-07-02T00:00:00Z,ARBUSDT,-0.00003816
2025-07-02T08:00:00Z,ARBUSDT,-0.00002921
2025-07-02T16:00:00Z,ARBUSDT,0.0001
2025-07-03T00:00:00Z,ARBUSDT,0.0001
2025-07-03T08:00:00Z,ARBUSDT,0.00000367
2025-07-03T16:00:00Z,ARBUSDT,0.0001
2025-07-04T00:00:00Z,ARBUSDT,0.00001774
2025-07-04T08:00:00Z,ARBUSDT,0.00000019
2025-07-04T16:00:00Z,ARBUSDT,-0.00014965
2025-07-05T00:00:00Z,ARBUSDT,-0.00005483
2025-07-05T08:00:00Z,ARBUSDT,-0.00002691
2025-07-05T16:00:00Z,ARBUSDT,0.0001
2025-07-06T00:00:00Z,ARBUSDT,0.00003847
2025-07-06T08:00:00Z,ARBUSDT,-0.00015282
2025-07-06T16:00:00Z,ARBUSDT,0.0001
2025-07-07T00:00:00Z,ARBUSDT,0.0001
2025-07-07T08:00:00Z,ARBUSDT,0.0001
2025-07-07T16:00:00Z,ARBUSDT,0.0001
2025-07-08T00:00:00Z,ARBUSDT,0.0001
2025-07-08T08:00:00Z,ARBUSDT,0.00000184
2025-07-08T16:00:00Z,ARBUSDT,0.00008772
2025-07-09T00:00:00Z,ARBUSDT,0.0001
2025-07-09T08:00:00Z,ARBUSDT,0.0001
2025-07-09T16:00:00Z,ARBUSDT,0.00009737
2025-07-10T00:00:00Z,ARBUSDT,0.0000704
2025-07-10T08:00:00Z,ARBUSDT,0.0001
2025-07-10T16:00:00Z,ARBUSDT,0.000058
2025-07-11T00:00:00Z,ARBUSDT,0.0001
2025-07-11T08:00:00Z,ARBUSDT,0.0001
2025-07-11T16:00:00Z,ARBUSDT,0.0001
2025-07-12T00:00:00Z,ARBUSDT,0.0001
2025-07-12T08:00:00Z,ARBUSDT,0.0001
2025-07-12T16:00:00Z,ARBUSDT,-0.00000024
2025-07-13T00:00:00Z,ARBUSDT,0.00004559
2025-07-13T08:00:00Z,ARBUSDT,0.0001
2025-07-13T16:00:00Z,ARBUSDT,0.0001
2025-07-14T00:00:00Z,ARBUSDT,-0.00004156
2025-07-14T08:00:00Z,ARBUSDT,0.0001
2025-07-14T16:00:00Z,ARBUSDT,0.00008796
2025-07-15T00:00:00Z,ARBUSDT,0.00000788
2025-07-15T08:00:00Z,ARBUSDT,0.0001
2025-07-15T16:00:00Z,ARBUSDT,0.0001
2025-07-16T00:00:00Z,ARBUSDT,0.0001
2025-07-16T08:00:00Z,ARBUSDT,0.0001
2025-07-16T16:00:00Z,ARBUSDT,0.0001
2025-07-17T00:00:00Z,ARBUSDT,0.0001
2025-07-17T08:00:00Z,ARBUSDT,0.0001
2025-07-17T16:00:00Z,ARBUSDT,0.0001
2025-07-18T00:00:00Z,ARBUSDT,0.0001
2025-07-18T08:00:00Z,ARBUSDT,0.0001
2025-07-18T16:00:00Z,ARBUSDT,0.0001
2025-07-19T00:00:00Z,ARBUSDT,0.0001
2025-07-19T08:00:00Z,ARBUSDT,0.0001
2025-07-19T16:00:00Z,ARBUSDT,0.0001
2025-07-20T00:00:00Z,ARBUSDT,0.0001
2025-07-20T08:00:00Z,ARBUSDT,0.0001
2025-07-20T16:00:00Z,ARBUSDT,0.0001
2025-07-21T00:00:00Z,ARBUSDT,0.0001
2025-07-21T08:00:00Z,ARBUSDT,0.0001
2025-07-21T16:00:00Z,ARBUSDT,0.0001
2025-07-22T00:00:00Z,ARBUSDT,0.0001
2025-07-22T08:00:00Z,ARBUSDT,0.0001
2025-07-22T16:00:00Z,ARBUSDT,0.0001
2025-07-23T00:00:00Z,ARBUSDT,0.0001
2025-07-23T08:00:00Z,ARBUSDT,0.0001
2025-07-23T16:00:00Z,ARBUSDT,0.0001
2025-07-24T00:00:00Z,ARBUSDT,0.0001
2025-07-24T08:00:00Z,ARBUSDT,0.0001
2025-07-24T16:00:00Z,ARBUSDT,0.0001
2025-07-25T00:00:00Z,ARBUSDT,0.0001
2025-07-25T08:00:00Z,ARBUSDT,0.0001
2025-07-25T16:00:00Z,ARBUSDT,0.0001
2025-07-26T00:00:00Z,ARBUSDT,0.0001
2025-07-26T08:00:00Z,ARBUSDT,0.0001
2025-07-26T16:00:00Z,ARBUSDT,0.0001
2025-07-27T00:00:00Z,ARBUSDT,0.0001
2025-07-27T08:00:00Z,ARBUSDT,0.0001
2025-07-27T16:00:00Z,ARBUSDT,0.0001
2025-07-28T00:00:00Z,ARBUSDT,0.0001
2025-07-28T08:00:00Z,ARBUSDT,0.0001
2025-07-28T16:00:00Z,ARBUSDT,0.0001
2025-07-29T00:00:00Z,ARBUSDT,0.0001
2025-07-29T08:00:00Z,ARBUSDT,0.0001
2025-07-29T16:00:00Z,ARBUSDT,0.0001
2025-07-30T00:00:00Z,ARBUSDT,0.0001
2025-07-30T08:00:00Z,ARBUSDT,0.0001
2025-07-30T16:00:00Z,ARBUSDT,0.0001
2025-07-31T00:00:00Z,ARBUSDT,0.0001
2025-07-31T08:00:00Z,ARBUSDT,0.0001
2025-07-31T16:00:00Z,ARBUSDT,0.00004361
2025-08-01T00:00:00Z,ARBUSDT,0.0001
2025-08-01T08:00:00Z,ARBUSDT,0.00009164
2025-08-01T16:00:00Z,ARBUSDT,0.0001
2025-08-02T00:00:00Z,ARBUSDT,0.00005501
2025-08-02T08:00:00Z,ARBUSDT,0.00002626
2025-08-02T16:00:00Z,ARBUSDT,-0.00010297
2025-08-03T00:00:00Z,ARBUSDT,0.00004402
2025-08-03T08:00:00Z,ARBUSDT,-0.00008351
2025-08-03T16:00:00Z,ARBUSDT,0.0001
2025-08-04T00:00:00Z,ARBUSDT,0.0001
2025-08-04T08:00:00Z,ARBUSDT,0.00009238
2025-08-04T16:00:00Z,ARBUSDT,-0.00004296
2025-08-05T00:00:00Z,ARBUSDT,-0.0000565
2025-08-05T08:00:00Z,ARBUSDT,0.0000032
2025-08-05T16:00:00Z,ARBUSDT,0.00003184
2025-08-06T00:00:00Z,ARBUSDT,0.00005724
2025-08-06T08:00:00Z,ARBUSDT,0.0001
2025-08-06T16:00:00Z,ARBUSDT,0.0001
2025-08-07T00:00:00Z,ARBUSDT,0.00006107
2025-08-07T08:00:00Z,ARBUSDT,0.0001
2025-08-07T16:00:00Z,ARBUSDT,0.0001
2025-08-08T00:00:00Z,ARBUSDT,0.0001
2025-08-08T08:00:00Z,ARBUSDT,0.0001
2025-08-08T16:00:00Z,ARBUSDT,0.00006908
2025-08-09T00:00:00Z,ARBUSDT,0.0001
2025-08-09T08:00:00Z,ARBUSDT,0.0001
2025-08-09T16:00:00Z,ARBUSDT,0.0001
2025-08-10T00:00:00Z,ARBUSDT,0.0001
2025-08-10T08:00:00Z,ARBUSDT,0.0001
2025-08-10T16:00:00Z,ARBUSDT,0.0001
2025-08-11T00:00:00Z,ARBUSDT,0.0001
2025-08-11T08:00:00Z,ARBUSDT,0.0001
2025-08-11T16:00:00Z,ARBUSDT,0.0001
2025-08-12T00:00:00Z,ARBUSDT,0.0001
2025-08-12T08:00:00Z,ARBUSDT,0.00006355
2025-08-12T16:00:00Z,ARBUSDT,0.00003235
2025-08-13T00:00:00Z,ARBUSDT,0.0001
2025-08-13T08:00:00Z,ARBUSDT,0.0001
2025-08-13T16:00:00Z,ARBUSDT,0.0001
2025-08-14T00:00:00Z,ARBUSDT,0.0001
2025-08-14T08:00:00Z,ARBUSDT,0.0001
2025-08-14T16:00:00Z,ARBUSDT,0.0001
2025-08-15T00:00:00Z,ARBUSDT,0.0001
2025-08-15T08:00:00Z,ARBUSDT,0.0001
2025-08-15T16:00:00Z,ARBUSDT,0.0001
2025-08-16T00:00:00Z,ARBUSDT,0.00007093
2025-08-16T08:00:00Z,ARBUSDT,0.0001
2025-08-16T16:00:00Z,ARBUSDT,0.00007977
2025-08-17T00:00:00Z,ARBUSDT,0.0001
2025-08-17T08:00:00Z,ARBUSDT,0.0001
2025-08-17T16:00:00Z,ARBUSDT,0.0001
2025-08-18T00:00:00Z,ARBUSDT,0.0001
2025-08-18T08:00:00Z,ARBUSDT,0.0001
2025-08-18T16:00:00Z,ARBUSDT,-0.00001767
2025-08-19T00:00:00Z,ARBUSDT,0.00004222
2025-08-19T08:00:00Z,ARBUSDT,0.00000314
2025-08-19T16:00:00Z,ARBUSDT,0.00005604
2025-08-20T00:00:00Z,ARBUSDT,-0.00014238
2025-08-20T08:00:00Z,ARBUSDT,0.0000097
2025-08-20T16:00:00Z,ARBUSDT,0.0001
2025-08-21T00:00:00Z,ARBUSDT,0.0001
2025-08-21T08:00:00Z,ARBUSDT,0.0001
2025-08-21T16:00:00Z,ARBUSDT,-0.00019801
2025-08-22T00:00:00Z,ARBUSDT,0.0001
2025-08-22T08:00:00Z,ARBUSDT,0.00000219
2025-08-22T16:00:00Z,ARBUSDT,0.00002349
2025-08-23T00:00:00Z,ARBUSDT,0.0001
2025-08-23T08:00:00Z,ARBUSDT,0.0001
2025-08-23T16:00:00Z,ARBUSDT,0.0001
2025-08-24T00:00:00Z,ARBUSDT,0.0001
2025-08-24T08:00:00Z,ARBUSDT,0.0001
2025-08-24T16:00:00Z,ARBUSDT,0.0001
2025-08-25T00:00:00Z,ARBUSDT,0.0001
2025-08-25T08:00:00Z,ARBUSDT,0.0001
2025-08-25T16:00:00Z,ARBUSDT,0.0001
2025-08-26T00:00:00Z,ARBUSDT,0.00000419
2025-08-26T08:00:00Z,ARBUSDT,0.00005049
2025-08-26T16:00:00Z,ARBUSDT,0.0001
2025-08-27T00:00:00Z,ARBUSDT,0.0001
2025-08-27T08:00:00Z,ARBUSDT,0.00008728
2025-08-27T16:00:00Z,ARBUSDT,-0.00000194
2025-08-28T00:00:00Z,ARBUSDT,0.00000403
2025-08-28T08:00:00Z,ARBUSDT,0.0001
2025-08-28T16:00:00Z,ARBUSDT,0.0001
2025-08-29T00:00:00Z,ARBUSDT,0.0000502
2025-08-29T08:00:00Z,ARBUSDT,0.0001
2025-08-29T16:00:00Z,ARBUSDT,0.0001
2025-08-30T00:00:00Z,ARBUSDT,0.0001
2025-08-30T08:00:00Z,ARBUSDT,0.0001
2025-08-30T16:00:00Z,ARBUSDT,0.0001
2025-08-31T00:00:00Z,ARBUSDT,0.0001
2025-08-31T08:00:00Z,ARBUSDT,0.0001
2025-08-31T16:00:00Z,ARBUSDT,-0.00005072
2025-09-01T00:00:00Z,ARBUSDT,0.0001
2025-09-01T08:00:00Z,ARBUSDT,0.0000519
2025-09-01T16:00:00Z,ARBUSDT,0.0001
2025-09-02T00:00:00Z,ARBUSDT,-0.00004933
2025-09-02T08:00:00Z,ARBUSDT,0.0001
2025-09-02T16:00:00Z,ARBUSDT,0.0001
2025-09-03T00:00:00Z,ARBUSDT,0.0001
2025-09-03T08:00:00Z,ARBUSDT,0.0001
2025-09-03T16:00:00Z,ARBUSDT,0.0001
2025-09-04T00:00:00Z,ARBUSDT,0.0001
2025-09-04T08:00:00Z,ARBUSDT,0.0001
2025-09-04T16:00:00Z,ARBUSDT,0.0001
2025-09-05T00:00:00Z,ARBUSDT,-0.00010055
2025-09-05T08:00:00Z,ARBUSDT,0.0001
2025-09-05T16:00:00Z,ARBUSDT,0.0001
2025-09-06T00:00:00Z,ARBUSDT,0.0001
2025-09-06T08:00:00Z,ARBUSDT,0.0001
2025-09-06T16:00:00Z,ARBUSDT,0.0001
2025-09-07T00:00:00Z,ARBUSDT,0.0001
2025-09-07T08:00:00Z,ARBUSDT,0.0001
2025-09-07T16:00:00Z,ARBUSDT,0.0001
2025-09-08T00:00:00Z,ARBUSDT,0.0001
2025-09-08T08:00:00Z,ARBUSDT,0.0001
2025-09-08T16:00:00Z,ARBUSDT,0.0001
2025-09-09T00:00:00Z,ARBUSDT,0.0001
2025-09-09T08:00:00Z,ARBUSDT,0.0001
2025-09-09T16:00:00Z,ARBUSDT,0.0001
2025-09-10T00:00:00Z,ARBUSDT,0.0001
2025-09-10T08:00:00Z,ARBUSDT,0.0001
2025-09-10T16:00:00Z,ARBUSDT,0.00009843
2025-09-11T00:00:00Z,ARBUSDT,0.0001
2025-09-11T08:00:00Z,ARBUSDT,0.0001
2025-09-11T16:00:00Z,ARBUSDT,0.0001
2025-09-12T00:00:00Z,ARBUSDT,0.0001
2025-09-12T08:00:00Z,ARBUSDT,0.0001
2025-09-12T16:00:00Z,ARBUSDT,0.0001
2025-09-13T00:00:00Z,ARBUSDT,0.0001
2025-09-13T08:00:00Z,ARBUSDT,0.0001
2025-09-13T16:00:00Z,ARBUSDT,0.0001
2025-09-14T00:00:00Z,ARBUSDT,0.0001
2025-09-14T08:00:00Z,ARBUSDT,0.0001
2025-09-14T16:00:00Z,ARBUSDT,0.0001
2025-09-15T00:00:00Z,ARBUSDT,0.0001
2025-09-15T08:00:00Z,ARBUSDT,0.0001
2025-09-15T16:00:00Z,ARBUSDT,-0.00004091
2025-09-16T00:00:00Z,ARBUSDT,0.00000063
2025-09-16T08:00:00Z,ARBUSDT,0.00008067
2025-09-16T16:00:00Z,ARBUSDT,0.00007442
2025-09-17T00:00:00Z,ARBUSDT,-0.00004259
2025-09-17T08:00:00Z,ARBUSDT,0.00007313
2025-09-17T16:00:00Z,ARBUSDT,0.0001
2025-09-18T00:00:00Z,ARBUSDT,0.0001
2025-09-18T08:00:00Z,ARBUSDT,0.0001
2025-09-18T16:00:00Z,ARBUSDT,0.0001
2025-09-19T00:00:00Z,ARBUSDT,0.0001
2025-09-19T08:00:00Z,ARBUSDT,0.0001
2025-09-19T16:00:00Z,ARBUSDT,0.0001
2025-09-20T00:00:00Z,ARBUSDT,0.0001
2025-09-20T08:00:00Z,ARBUSDT,0.0001
2025-09-20T16:00:00Z,ARBUSDT,0.0001
2025-09-21T00:00:00Z,ARBUSDT,0.0001
2025-09-21T08:00:00Z,ARBUSDT,0.0001
2025-09-21T16:00:00Z,ARBUSDT,0.0001
2025-09-22T00:00:00Z,ARBUSDT,0.0001
2025-09-22T08:00:00Z,ARBUSDT,-0.0000262
2025-09-22T16:00:00Z,ARBUSDT,0.00004947
2025-09-23T00:00:00Z,ARBUSDT,0.0001
2025-09-23T08:00:00Z,ARBUSDT,0.0001
2025-09-23T16:00:00Z,ARBUSDT,0.0001
2025-09-24T00:00:00Z,ARBUSDT,0.00005799
2025-09-24T08:00:00Z,ARBUSDT,0.0001
2025-09-24T16:00:00Z,ARBUSDT,0.0001
2025-09-25T00:00:00Z,ARBUSDT,-0.00004347
2025-09-25T08:00:00Z,ARBUSDT,0.0001
2025-09-25T16:00:00Z,ARBUSDT,0.0001
2025-09-26T00:00:00Z,ARBUSDT,0.00009757
2025-09-26T08:00:00Z,ARBUSDT,0.00009971
2025-09-26T16:00:00Z,ARBUSDT,0.00005707
2025-09-27T00:00:00Z,ARBUSDT,0.00000655
2025-09-27T08:00:00Z,ARBUSDT,0.0001
2025-09-27T16:00:00Z,ARBUSDT,0.00000288
2025-09-28T00:00:00Z,ARBUSDT,0.0001
2025-09-28T08:00:00Z,ARBUSDT,-0.00000727
2025-09-28T16:00:00Z,ARBUSDT,-0.00002364
2025-09-29T00:00:00Z,ARBUSDT,0.00007726
2025-09-29T08:00:00Z,ARBUSDT,-0.00004905
2025-09-29T16:00:00Z,ARBUSDT,0.00001608
2025-09-30T00:00:00Z,ARBUSDT,0.00003745
2025-09-30T08:00:00Z,ARBUSDT,0.0001
2025-09-30T16:00:00Z,ARBUSDT,0.0001
2025-10-01T00:00:00Z,ARBUSDT,0.0001
2025-10-01T08:00:00Z,ARBUSDT,0.00005107
2025-10-01T16:00:00Z,ARBUSDT,0.00002366
2025-10-02T00:00:00Z,ARBUSDT,0.00009602
2025-10-02T08:00:00Z,ARBUSDT,0.0001
2025-10-02T16:00:00Z,ARBUSDT,0.0001
2025-10-03T00:00:00Z,ARBUSDT,0.0001
2025-10-03T08:00:00Z,ARBUSDT,0.00006625
2025-10-03T16:00:00Z,ARBUSDT,0.0001
2025-10-04T00:00:00Z,ARBUSDT,0.0001
2025-10-04T08:00:00Z,ARBUSDT,0.0001
2025-10-04T16:00:00Z,ARBUSDT,0.0001
2025-10-05T00:00:00Z,ARBUSDT,0.00008731
2025-10-05T08:00:00Z,ARBUSDT,0.0001
2025-10-05T16:00:00Z,ARBUSDT,0.0001
2025-10-06T00:00:00Z,ARBUSDT,0.0001
2025-10-06T08:00:00Z,ARBUSDT,0.0001
2025-10-06T16:00:00Z,ARBUSDT,0.0001
2025-10-07T00:00:00Z,ARBUSDT,0.0001
2025-10-07T08:00:00Z,ARBUSDT,0.0001
2025-10-07T16:00:00Z,ARBUSDT,-0.00000254
2025-10-08T00:00:00Z,ARBUSDT,0.0000831
2025-10-08T08:00:00Z,ARBUSDT,-0.00000833
2025-10-08T16:00:00Z,ARBUSDT,0.0001
2025-10-09T00:00:00Z,ARBUSDT,0.0001
2025-10-09T08:00:00Z,ARBUSDT,0.00003591
2025-10-09T16:00:00Z,ARBUSDT,0.0001
2025-10-10T00:00:00Z,ARBUSDT,0.0001
2025-10-10T08:00:00Z,ARBUSDT,0.0001
2025-10-10T16:00:00Z,ARBUSDT,0.0001
2025-10-11T00:00:00Z,ARBUSDT,-0.00367552
2025-10-11T08:00:00Z,ARBUSDT,-0.00014827
2025-10-11T16:00:00Z,ARBUSDT,0.0001
2025-10-12T00:00:00Z,ARBUSDT,0.00005202
2025-10-12T08:00:00Z,ARBUSDT,0.0001
2025-10-12T16:00:00Z,ARBUSDT,0.0001
2025-10-13T00:00:00Z,ARBUSDT,0.0001
2025-10-13T08:00:00Z,ARBUSDT,0.00006219
2025-10-13T16:00:00Z,ARBUSDT,0.0001
2025-10-14T00:00:00Z,ARBUSDT,0.0001
2025-10-14T08:00:00Z,ARBUSDT,-0.00005439
2025-10-14T16:00:00Z,ARBUSDT,-0.00005046
2025-10-15T00:00:00Z,ARBUSDT,0.00001303
2025-10-15T08:00:00Z,ARBUSDT,-0.00000383
2025-10-15T16:00:00Z,ARBUSDT,-0.00006733
2025-10-16T00:00:00Z,ARBUSDT,-0.0000782
2025-10-16T08:00:00Z,ARBUSDT,-0.00001009
2025-10-16T16:00:00Z,ARBUSDT,0.00005019
2025-10-17T00:00:00Z,ARBUSDT,0.00005089
2025-10-17T08:00:00Z,ARBUSDT,-0.00000598
2025-10-17T16:00:00Z,ARBUSDT,0.0001
2025-10-18T00:00:00Z,ARBUSDT,0.0001
2025-10-18T08:00:00Z,ARBUSDT,0.00001063
2025-10-18T16:00:00Z,ARBUSDT,0.00009446
2025-10-19T00:00:00Z,ARBUSDT,0.0001
2025-10-19T08:00:00Z,ARBUSDT,0.00007728
2025-10-19T16:00:00Z,ARBUSDT,-0.00000319
2025-10-20T00:00:00Z,ARBUSDT,0.00003165
2025-10-20T08:00:00Z,ARBUSDT,0.00007449
2025-10-20T16:00:00Z,ARBUSDT,0.0001
2025-10-21T00:00:00Z,ARBUSDT,0.0001
2025-10-21T08:00:00Z,ARBUSDT,-0.00023895
2025-10-21T16:00:00Z,ARBUSDT,0.00003364
2025-10-22T00:00:00Z,ARBUSDT,-0.00002688
2025-10-22T08:00:00Z,ARBUSDT,-0.00006866
2025-10-22T16:00:00Z,ARBUSDT,0.00004683
2025-10-23T00:00:00Z,ARBUSDT,-0.00009827
2025-10-23T08:00:00Z,ARBUSDT,0.0001
2025-10-23T16:00:00Z,ARBUSDT,0.0001
2025-10-24T00:00:00Z,ARBUSDT,0.0001
2025-10-24T08:00:00Z,ARBUSDT,0.00003996
2025-10-24T16:00:00Z,ARBUSDT,-0.00007501
2025-10-25T00:00:00Z,ARBUSDT,0.0001
2025-10-25T08:00:00Z,ARBUSDT,0.0001
2025-10-25T16:00:00Z,ARBUSDT,0.0001
2025-10-26T00:00:00Z,ARBUSDT,0.0001
2025-10-26T08:00:00Z,ARBUSDT,0.0000595
2025-10-26T16:00:00Z,ARBUSDT,0.0001
2025-10-27T00:00:00Z,ARBUSDT,0.0001
2025-10-27T08:00:00Z,ARBUSDT,0.00000738
2025-10-27T16:00:00Z,ARBUSDT,-0.0000857
2025-10-28T00:00:00Z,ARBUSDT,-0.00005014
2025-10-28T08:00:00Z,ARBUSDT,0.0001
2025-10-28T16:00:00Z,ARBUSDT,0.0001
2025-10-29T00:00:00Z,ARBUSDT,-0.00003727
2025-10-29T08:00:00Z,ARBUSDT,0.00003043
2025-10-29T16:00:00Z,ARBUSDT,0.0001
2025-10-30T00:00:00Z,ARBUSDT,0.0001
2025-10-30T08:00:00Z,ARBUSDT,0.00009844
2025-10-30T16:00:00Z,ARBUSDT,-0.00014181
2025-10-31T00:00:00Z,ARBUSDT,0.00003196
2025-10-31T08:00:00Z,ARBUSDT,0.00001589
2025-10-31T16:00:00Z,ARBUSDT,0.0001
2025-11-01T00:00:00Z,ARBUSDT,0.0001
2025-11-01T08:00:00Z,ARBUSDT,0.00005844
2025-11-01T16:00:00Z,ARBUSDT,0.0001
2025-11-02T00:00:00Z,ARBUSDT,0.00009457
2025-11-02T08:00:00Z,ARBUSDT,0.0001
2025-11-02T16:00:00Z,ARBUSDT,-0.00012003
2025-11-03T00:00:00Z,ARBUSDT,0.00006501
2025-11-03T08:00:00Z,ARBUSDT,-0.00005541
2025-11-03T16:00:00Z,ARBUSDT,-0.00009475
2025-11-04T00:00:00Z,ARBUSDT,-0.00010974
2025-11-04T08:00:00Z,ARBUSDT,0.00005994
2025-11-04T16:00:00Z,ARBUSDT,-0.0000368
2025-11-05T00:00:00Z,ARBUSDT,0.00005546
2025-11-05T08:00:00Z,ARBUSDT,-0.00000146
2025-11-05T16:00:00Z,ARBUSDT,-0.00003169
2025-11-06T00:00:00Z,ARBUSDT,-0.00007722
2025-11-06T08:00:00Z,ARBUSDT,-0.00006781
2025-11-06T16:00:00Z,ARBUSDT,0.00003542
2025-11-07T00:00:00Z,ARBUSDT,-0.00002275
2025-11-07T08:00:00Z,ARBUSDT,0.00009057
2025-11-07T16:00:00Z,ARBUSDT,0.00002113
2025-11-08T00:00:00Z,ARBUSDT,0.0001
2025-11-08T08:00:00Z,ARBUSDT,0.00007099
2025-11-08T16:00:00Z,ARBUSDT,0.0000894
2025-11-09T00:00:00Z,ARBUSDT,0.0001
2025-11-09T08:00:00Z,ARBUSDT,-0.00000309
2025-11-09T16:00:00Z,ARBUSDT,0.00006852
2025-11-10T00:00:00Z,ARBUSDT,0.0001
2025-11-10T08:00:00Z,ARBUSDT,0.0001
2025-11-10T16:00:00Z,ARBUSDT,0.0001
2025-11-11T00:00:00Z,ARBUSDT,0.0001
2025-11-11T08:00:00Z,ARBUSDT,0.00009088
2025-11-11T16:00:00Z,ARBUSDT,-0.00002425
2025-11-12T00:00:00Z,ARBUSDT,-0.0000666
2025-11-12T08:00:00Z,ARBUSDT,-0.00033796
2025-11-12T16:00:00Z,ARBUSDT,-0.00001821
2025-11-13T00:00:00Z,ARBUSDT,0.0000062
2025-11-13T08:00:00Z,ARBUSDT,0.0001
2025-11-13T16:00:00Z,ARBUSDT,0.0001
2025-11-14T00:00:00Z,ARBUSDT,-0.00015015
2025-11-14T08:00:00Z,ARBUSDT,-0.00005539
2025-11-14T16:00:00Z,ARBUSDT,0.00003249
2025-11-15T00:00:00Z,ARBUSDT,0.00001493
2025-11-15T08:00:00Z,ARBUSDT,0.0001
2025-11-15T16:00:00Z,ARBUSDT,-0.00002857
2025-11-16T00:00:00Z,ARBUSDT,-0.00005283
2025-11-16T08:00:00Z,ARBUSDT,-0.00006389
2025-11-16T16:00:00Z,ARBUSDT,-0.00015593
2025-11-17T00:00:00Z,ARBUSDT,-0.00008338
2025-11-17T08:00:00Z,ARBUSDT,0.0001
2025-11-17T16:00:00Z,ARBUSDT,-0.00001529
2025-11-18T00:00:00Z,ARBUSDT,0.0001
2025-11-18T08:00:00Z,ARBUSDT,0.0001
2025-11-18T16:00:00Z,ARBUSDT,-0.00010171
2025-11-19T00:00:00Z,ARBUSDT,0.00002148
2025-11-19T08:00:00Z,ARBUSDT,-0.00006988
2025-11-19T16:00:00Z,ARBUSDT,0.00008763
2025-11-20T00:00:00Z,ARBUSDT,0.0001
2025-11-20T08:00:00Z,ARBUSDT,0.0001
2025-11-20T16:00:00Z,ARBUSDT,0.0001
2025-11-21T00:00:00Z,ARBUSDT,0.0001
2025-11-21T08:00:00Z,ARBUSDT,0.0001
2025-11-21T16:00:00Z,ARBUSDT,0.00006891
2025-11-22T00:00:00Z,ARBUSDT,0.0001
2025-11-22T08:00:00Z,ARBUSDT,0.0001
2025-11-22T16:00:00Z,ARBUSDT,-0.00003036
2025-11-23T00:00:00Z,ARBUSDT,0.00004448
2025-11-23T08:00:00Z,ARBUSDT,0.0001
2025-11-23T16:00:00Z,ARBUSDT,0.00002126
2025-11-24T00:00:00Z,ARBUSDT,0.00008825
2025-11-24T08:00:00Z,ARBUSDT,0.00006361
2025-11-24T16:00:00Z,ARBUSDT,0.00004674
2025-11-25T00:00:00Z,ARBUSDT,-0.00022495
2025-11-25T08:00:00Z,ARBUSDT,-0.00027816
2025-11-25T16:00:00Z,ARBUSDT,0.0001
2025-11-26T00:00:00Z,ARBUSDT,0.0001
2025-11-26T08:00:00Z,ARBUSDT,0.0001
2025-11-26T16:00:00Z,ARBUSDT,0.0001
2025-11-27T00:00:00Z,ARBUSDT,0.0001
2025-11-27T08:00:00Z,ARBUSDT,0.00006045
2025-11-27T16:00:00Z,ARBUSDT,0.0001
2025-11-28T00:00:00Z,ARBUSDT,0.00006229
2025-11-28T08:00:00Z,ARBUSDT,-0.00007241
2025-11-28T16:00:00Z,ARBUSDT,0.00009224
2025-11-29T00:00:00Z,ARBUSDT,0.0001
2025-11-29T08:00:00Z,ARBUSDT,0.0001
2025-11-29T16:00:00Z,ARBUSDT,0.00004236
2025-11-30T00:00:00Z,ARBUSDT,0.0001
2025-11-30T08:00:00Z,ARBUSDT,0.00001531
2025-11-30T16:00:00Z,ARBUSDT,0.00007579
2025-12-01T00:00:00Z,ARBUSDT,0.0001
2025-12-01T08:00:00Z,ARBUSDT,-0.00020194
2025-12-01T16:00:00Z,ARBUSDT,-0.00034402
2025-12-02T00:00:00Z,ARBUSDT,0.0001
2025-12-02T08:00:00Z,ARBUSDT,0.0001
2025-12-02T16:00:00Z,ARBUSDT,0.0001
2025-12-03T00:00:00Z,ARBUSDT,0.00000946
2025-12-03T08:00:00Z,ARBUSDT,0.00001242
2025-12-03T16:00:00Z,ARBUSDT,0.00005563
2025-12-04T00:00:00Z,ARBUSDT,0.00006303
2025-12-04T08:00:00Z,ARBUSDT,0.00000831
2025-12-04T16:00:00Z,ARBUSDT,0.0001
2025-12-05T00:00:00Z,ARBUSDT,0.0001
2025-12-05T08:00:00Z,ARBUSDT,0.00007336
2025-12-05T16:00:00Z,ARBUSDT,0.0001
2025-12-06T00:00:00Z,ARBUSDT,-0.00011338
2025-12-06T08:00:00Z,ARBUSDT,0.0001
2025-12-06T16:00:00Z,ARBUSDT,0.0001
2025-12-07T00:00:00Z,ARBUSDT,0.00009067
2025-12-07T08:00:00Z,ARBUSDT,0.00001868
2025-12-07T16:00:00Z,ARBUSDT,0.0001
2025-12-08T00:00:00Z,ARBUSDT,0.00001586
2025-12-08T08:00:00Z,ARBUSDT,0.00004614
2025-12-08T16:00:00Z,ARBUSDT,0.0001
2025-12-09T00:00:00Z,ARBUSDT,-0.00011329
2025-12-09T08:00:00Z,ARBUSDT,0.00001237
2025-12-09T16:00:00Z,ARBUSDT,-0.00006487
2025-12-10T00:00:00Z,ARBUSDT,0.0001
2025-12-10T08:00:00Z,ARBUSDT,-0.0002365
2025-12-10T16:00:00Z,ARBUSDT,0.00006836
2025-12-11T00:00:00Z,ARBUSDT,0.0001
2025-12-11T08:00:00Z,ARBUSDT,0.00002912
2025-12-11T16:00:00Z,ARBUSDT,0.0001
2025-12-12T00:00:00Z,ARBUSDT,0.00002741
2025-12-12T08:00:00Z,ARBUSDT,0.0001
2025-12-12T16:00:00Z,ARBUSDT,0.0001
2025-12-13T00:00:00Z,ARBUSDT,0.00008614
2025-12-13T08:00:00Z,ARBUSDT,0.0001
2025-12-13T16:00:00Z,ARBUSDT,0.0001
2025-12-14T00:00:00Z,ARBUSDT,0.0000673
2025-12-14T08:00:00Z,ARBUSDT,-0.00001633
2025-12-14T16:00:00Z,ARBUSDT,-0.00004567
2025-12-15T00:00:00Z,ARBUSDT,0.0000257
2025-12-15T08:00:00Z,ARBUSDT,0.0001
2025-12-15T16:00:00Z,ARBUSDT,-0.0001539
2025-12-16T00:00:00Z,ARBUSDT,0.00004551
2025-12-16T08:00:00Z,ARBUSDT,0.0001
2025-12-16T16:00:00Z,ARBUSDT,0.0001
2025-12-17T00:00:00Z,ARBUSDT,-0.00029081
2025-12-17T08:00:00Z,ARBUSDT,-0.00016787
2025-12-17T16:00:00Z,ARBUSDT,-0.00016162
2025-12-18T00:00:00Z,ARBUSDT,0.00007051
2025-12-18T08:00:00Z,ARBUSDT,0.0001
2025-12-18T16:00:00Z,ARBUSDT,0.0001
2025-12-19T00:00:00Z,ARBUSDT,0.0001
2025-12-19T08:00:00Z,ARBUSDT,0.0001
2025-12-19T16:00:00Z,ARBUSDT,0.0001
2025-12-20T00:00:00Z,ARBUSDT,0.0001
2025-12-20T08:00:00Z,ARBUSDT,0.0001
2025-12-20T16:00:00Z,ARBUSDT,0.0001
2025-12-21T00:00:00Z,ARBUSDT,0.0001
2025-12-21T08:00:00Z,ARBUSDT,0.0001
2025-12-21T16:00:00Z,ARBUSDT,-0.00001929
2025-12-22T00:00:00Z,ARBUSDT,0.00003602
2025-12-22T08:00:00Z,ARBUSDT,0.00002291
2025-12-22T16:00:00Z,ARBUSDT,-0.00007241
2025-12-23T00:00:00Z,ARBUSDT,0.00005956
2025-12-23T08:00:00Z,ARBUSDT,-0.00006674
2025-12-23T16:00:00Z,ARBUSDT,0.0001
2025-12-24T00:00:00Z,ARBUSDT,-0.00010837
2025-12-24T08:00:00Z,ARBUSDT,-0.00002605
2025-12-24T16:00:00Z,ARBUSDT,0.00009669
2025-12-25T00:00:00Z,ARBUSDT,0.00007014
2025-12-25T08:00:00Z,ARBUSDT,0.0001
2025-12-25T16:00:00Z,ARBUSDT,0.0001
2025-12-26T00:00:00Z,ARBUSDT,0.0001
2025-12-26T08:00:00Z,ARBUSDT,0.0001
2025-12-26T16:00:00Z,ARBUSDT,0.0001
2025-12-27T00:00:00Z,ARBUSDT,0.0001
2025-12-27T08:00:00Z,ARBUSDT,0.0001
2025-12-27T16:00:00Z,ARBUSDT,0.0001
2025-12-28T00:00:00Z,ARBUSDT,0.0001
2025-12-28T08:00:00Z,ARBUSDT,0.00000384
2025-12-28T16:00:00Z,ARBUSDT,0.0001
2025-12-29T00:00:00Z,ARBUSDT,0.0001
2025-12-29T08:00:00Z,ARBUSDT,-0.00013546
2025-12-29T16:00:00Z,ARBUSDT,0.00000576
2025-12-30T00:00:00Z,ARBUSDT,0.0001
2025-12-30T08:00:00Z,ARBUSDT,0.0001
2025-12-30T16:00:00Z,ARBUSDT,-0.00009087
2025-12-31T00:00:00Z,ARBUSDT,0.00003333
2025-12-31T08:00:00Z,ARBUSDT,0.0001
2025-12-31T16:00:00Z,ARBUSDT,0.0001
2026-01-01T00:00:00Z,ARBUSDT,0.0001
2026-01-01T08:00:00Z,ARBUSDT,0.0001
2026-01-01T16:00:00Z,ARBUSDT,0.0001
2026-01-02T00:00:00Z,ARBUSDT,0.0001
2026-01-02T08:00:00Z,ARBUSDT,0.0001
2026-01-02T16:00:00Z,ARBUSDT,0.0001
2026-01-03T00:00:00Z,ARBUSDT,0.0001
2026-01-03T08:00:00Z,ARBUSDT,0.0001
2026-01-03T16:00:00Z,ARBUSDT,0.0001
2026-01-04T00:00:00Z,ARBUSDT,0.00003169
2026-01-04T08:00:00Z,ARBUSDT,0.0001
2026-01-04T16:00:00Z,ARBUSDT,0.0001
2026-01-05T00:00:00Z,ARBUSDT,-0.00001585
2026-01-05T08:00:00Z,ARBUSDT,-0.00000995
2026-01-05T16:00:00Z,ARBUSDT,0.0001
2026-01-06T00:00:00Z,ARBUSDT,0.0001
2026-01-06T08:00:00Z,ARBUSDT,0.0001
2026-01-06T16:00:00Z,ARBUSDT,0.00007461
2026-01-07T00:00:00Z,ARBUSDT,0.0001
2026-01-07T08:00:00Z,ARBUSDT,0.00004842
2026-01-07T16:00:00Z,ARBUSDT,-0.00012044
2026-01-08T00:00:00Z,ARBUSDT,0.0001
2026-01-08T08:00:00Z,ARBUSDT,0.00004545
2026-01-08T16:00:00Z,ARBUSDT,-0.00006313
2026-01-09T00:00:00Z,ARBUSDT,-0.00017575
2026-01-09T08:00:00Z,ARBUSDT,0.0001
2026-01-09T16:00:00Z,ARBUSDT,0.0001
2026-01-10T00:00:00Z,ARBUSDT,0.0000538
2026-01-10T08:00:00Z,ARBUSDT,0.00005817
2026-01-10T16:00:00Z,ARBUSDT,0.0000288
2026-01-11T00:00:00Z,ARBUSDT,-0.00010485
2026-01-11T08:00:00Z,ARBUSDT,-0.00001109
2026-01-11T16:00:00Z,ARBUSDT,-0.0000143
2026-01-12T00:00:00Z,ARBUSDT,0.0001
2026-01-12T08:00:00Z,ARBUSDT,0.0001
2026-01-12T16:00:00Z,ARBUSDT,0.00003788
2026-01-13T00:00:00Z,ARBUSDT,-0.0001398
2026-01-13T08:00:00Z,ARBUSDT,-0.00002475
2026-01-13T16:00:00Z,ARBUSDT,0.0001
2026-01-14T00:00:00Z,ARBUSDT,0.0001
2026-01-14T08:00:00Z,ARBUSDT,0.0001
2026-01-14T16:00:00Z,ARBUSDT,0.00001884
2026-01-15T00:00:00Z,ARBUSDT,0.0001
2026-01-15T08:00:00Z,ARBUSDT,-0.00003596
2026-01-15T16:00:00Z,ARBUSDT,-0.00000648
2026-01-16T00:00:00Z,ARBUSDT,-0.00006706
2026-01-16T08:00:00Z,ARBUSDT,-0.00000617
2026-01-16T16:00:00Z,ARBUSDT,-0.00016513
2026-01-17T00:00:00Z,ARBUSDT,0.0001
2026-01-17T08:00:00Z,ARBUSDT,0.0001
2026-01-17T16:00:00Z,ARBUSDT,-0.00000526
2026-01-18T00:00:00Z,ARBUSDT,-0.0001086
2026-01-18T08:00:00Z,ARBUSDT,0.00003608
2026-01-18T16:00:00Z,ARBUSDT,0.00009328
2026-01-19T00:00:00Z,ARBUSDT,-0.00001617
2026-01-19T08:00:00Z,ARBUSDT,-0.00006415
2026-01-19T16:00:00Z,ARBUSDT,-0.00005363
2026-01-20T00:00:00Z,ARBUSDT,-0.00012172
2026-01-20T08:00:00Z,ARBUSDT,-0.00003131
2026-01-20T16:00:00Z,ARBUSDT,-0.00006004
2026-01-21T00:00:00Z,ARBUSDT,0.00005241
2026-01-21T08:00:00Z,ARBUSDT,0.00002954
2026-01-21T16:00:00Z,ARBUSDT,0.00004688
2026-01-22T00:00:00Z,ARBUSDT,0.0001
2026-01-22T08:00:00Z,ARBUSDT,-0.00003458
2026-01-22T16:00:00Z,ARBUSDT,-0.00018648
2026-01-23T00:00:00Z,ARBUSDT,-0.00010303
2026-01-23T08:00:00Z,ARBUSDT,-0.00000573
2026-01-23T16:00:00Z,ARBUSDT,-0.00011159
2026-01-24T00:00:00Z,ARBUSDT,-0.00000812
2026-01-24T08:00:00Z,ARBUSDT,0.00009685
2026-01-24T16:00:00Z,ARBUSDT,0.00008127
2026-01-25T00:00:00Z,ARBUSDT,0.00004406
2026-01-25T08:00:00Z,ARBUSDT,0.00005905
2026-01-25T16:00:00Z,ARBUSDT,-0.00013753
2026-01-26T00:00:00Z,ARBUSDT,-0.00013988
2026-01-26T08:00:00Z,ARBUSDT,-0.00002633
2026-01-26T16:00:00Z,ARBUSDT,0.0001
2026-01-27T00:00:00Z,ARBUSDT,-0.00003309
2026-01-27T08:00:00Z,ARBUSDT,0.00008379
2026-01-27T16:00:00Z,ARBUSDT,0.00005103
2026-01-28T00:00:00Z,ARBUSDT,0.00007539
2026-01-28T08:00:00Z,ARBUSDT,-0.00005823
2026-01-28T16:00:00Z,ARBUSDT,0.0001
2026-01-29T00:00:00Z,ARBUSDT,0.00003655
2026-01-29T08:00:00Z,ARBUSDT,-0.00011391
2026-01-29T16:00:00Z,ARBUSDT,-0.00004657
2026-01-30T00:00:00Z,ARBUSDT,-0.0002619
2026-01-30T08:00:00Z,ARBUSDT,0.0001
2026-01-30T16:00:00Z,ARBUSDT,0.0001
2026-01-31T00:00:00Z,ARBUSDT,0.00005917
2026-01-31T08:00:00Z,ARBUSDT,0.00000926
2026-01-31T16:00:00Z,ARBUSDT,-0.00003393
2026-02-01T00:00:00Z,ARBUSDT,0.00002746
2026-02-01T08:00:00Z,ARBUSDT,0.00005349
2026-02-01T16:00:00Z,ARBUSDT,0.00006788
2026-02-02T00:00:00Z,ARBUSDT,0.0001
2026-02-02T08:00:00Z,ARBUSDT,0.0001
2026-02-02T16:00:00Z,ARBUSDT,0.00001653
2026-02-03T00:00:00Z,ARBUSDT,-0.00000628
2026-02-03T08:00:00Z,ARBUSDT,0.00008563
2026-02-03T16:00:00Z,ARBUSDT,0.00001264
2026-02-04T00:00:00Z,ARBUSDT,-0.00004557
2026-02-04T08:00:00Z,ARBUSDT,0.0001
2026-02-04T16:00:00Z,ARBUSDT,0.0001
2026-02-05T00:00:00Z,ARBUSDT,0.0001
2026-02-05T08:00:00Z,ARBUSDT,0.0001
2026-02-05T16:00:00Z,ARBUSDT,0.00009418
2026-02-06T00:00:00Z,ARBUSDT,0.00006586
2026-02-06T08:00:00Z,ARBUSDT,-0.00000703
2026-02-06T16:00:00Z,ARBUSDT,0.00006876
2026-02-07T00:00:00Z,ARBUSDT,0.00009851
2026-02-07T08:00:00Z,ARBUSDT,-0.00002057
2026-02-07T16:00:00Z,ARBUSDT,-0.00002937
2026-02-08T00:00:00Z,ARBUSDT,0.00003922
2026-02-08T08:00:00Z,ARBUSDT,0.00005172
2026-02-08T16:00:00Z,ARBUSDT,-0.00006965
2026-02-09T00:00:00Z,ARBUSDT,0.00004682
2026-02-09T08:00:00Z,ARBUSDT,0.00003868
2026-02-09T16:00:00Z,ARBUSDT,-0.00015588
2026-02-10T00:00:00Z,ARBUSDT,0.0001
2026-02-10T08:00:00Z,ARBUSDT,-0.00006406
2026-02-10T16:00:00Z,ARBUSDT,-0.00001111
2026-02-11T00:00:00Z,ARBUSDT,0.0001
2026-02-11T08:00:00Z,ARBUSDT,0.0000169
2026-02-11T16:00:00Z,ARBUSDT,-0.00005043
2026-02-12T00:00:00Z,ARBUSDT,0.0000328
2026-02-12T08:00:00Z,ARBUSDT,0.0001
2026-02-12T16:00:00Z,ARBUSDT,0.00007296
2026-02-13T00:00:00Z,ARBUSDT,0.0001
2026-02-13T08:00:00Z,ARBUSDT,-0.00016101
2026-02-13T16:00:00Z,ARBUSDT,0.00004769
2026-02-14T00:00:00Z,ARBUSDT,-0.00000457
2026-02-14T08:00:00Z,ARBUSDT,0.00009141
2026-02-14T16:00:00Z,ARBUSDT,-0.00002405
2026-02-15T00:00:00Z,ARBUSDT,0.0001
2026-02-15T08:00:00Z,ARBUSDT,0.00001759
2026-02-15T16:00:00Z,ARBUSDT,0.0000715
2026-02-16T00:00:00Z,ARBUSDT,0.0001
2026-02-16T08:00:00Z,ARBUSDT,0.00003443
2026-02-16T16:00:00Z,ARBUSDT,-0.00008692
2026-02-17T00:00:00Z,ARBUSDT,0.0001
2026-02-17T08:00:00Z,ARBUSDT,0.0001
2026-02-17T16:00:00Z,ARBUSDT,0.00003365
2026-02-18T00:00:00Z,ARBUSDT,0.00003979
2026-02-18T08:00:00Z,ARBUSDT,-0.0000846
2026-02-18T16:00:00Z,ARBUSDT,0.00002129
2026-02-19T00:00:00Z,ARBUSDT,0.00008463
2026-02-19T08:00:00Z,ARBUSDT,0.0001
2026-02-19T16:00:00Z,ARBUSDT,-0.00018812
2026-02-20T00:00:00Z,ARBUSDT,-0.00032936
2026-02-20T08:00:00Z,ARBUSDT,-0.00016376
2026-02-20T16:00:00Z,ARBUSDT,0.00006193
2026-02-21T00:00:00Z,ARBUSDT,-0.00003488
2026-02-21T08:00:00Z,ARBUSDT,-0.00002567
2026-02-21T16:00:00Z,ARBUSDT,0.0001
2026-02-22T00:00:00Z,ARBUSDT,0.00009136
2026-02-22T08:00:00Z,ARBUSDT,-0.00009396
2026-02-22T16:00:00Z,ARBUSDT,-0.00026298
2026-02-23T00:00:00Z,ARBUSDT,-0.00018923
2026-02-23T08:00:00Z,ARBUSDT,-0.00004817
2026-02-23T16:00:00Z,ARBUSDT,-0.00004494
2026-02-24T00:00:00Z,ARBUSDT,-0.00012508
2026-02-24T08:00:00Z,ARBUSDT,-0.00014812
2026-02-24T16:00:00Z,ARBUSDT,-0.00007187
2026-02-25T00:00:00Z,ARBUSDT,-0.00012487
2026-02-25T08:00:00Z,ARBUSDT,-0.00016502
2026-02-25T16:00:00Z,ARBUSDT,0.0001
2026-02-26T00:00:00Z,ARBUSDT,0.0001
2026-02-26T08:00:00Z,ARBUSDT,0.0001
2026-02-26T16:00:00Z,ARBUSDT,-0.00005003
2026-02-27T00:00:00Z,ARBUSDT,0.00009313
2026-02-27T08:00:00Z,ARBUSDT,0.0000299
2026-02-27T16:00:00Z,ARBUSDT,0.00000354
2026-02-28T00:00:00Z,ARBUSDT,-0.00003647
2026-02-28T08:00:00Z,ARBUSDT,-0.00022756
2026-02-28T16:00:00Z,ARBUSDT,-0.00007592
2026-03-01T00:00:00Z,ARBUSDT,0.00005993
2026-03-01T08:00:00Z,ARBUSDT,0.00007593
2026-03-01T16:00:00Z,ARBUSDT,0.0001
2026-03-02T00:00:00Z,ARBUSDT,0.0001
2026-03-02T08:00:00Z,ARBUSDT,0.0001
2026-03-02T16:00:00Z,ARBUSDT,0.00009386
2026-03-03T00:00:00Z,ARBUSDT,0.0001
2026-03-03T08:00:00Z,ARBUSDT,0.00001534
2026-03-03T16:00:00Z,ARBUSDT,0.0001
2026-03-04T00:00:00Z,ARBUSDT,0.0001
2026-03-04T08:00:00Z,ARBUSDT,0.0001
2026-03-04T16:00:00Z,ARBUSDT,0.0001
2026-03-05T00:00:00Z,ARBUSDT,0.00006694
2026-03-05T08:00:00Z,ARBUSDT,-0.00005453
2026-03-05T16:00:00Z,ARBUSDT,0.000011
2026-03-06T00:00:00Z,ARBUSDT,0.0000036
2026-03-06T08:00:00Z,ARBUSDT,0.0001
2026-03-06T16:00:00Z,ARBUSDT,-0.0000064
2026-03-07T00:00:00Z,ARBUSDT,0.0001
2026-03-07T08:00:00Z,ARBUSDT,-0.00008049
2026-03-07T16:00:00Z,ARBUSDT,0.00003887
2026-03-08T00:00:00Z,ARBUSDT,0.00003448
2026-03-08T08:00:00Z,ARBUSDT,-0.00011432
2026-03-08T16:00:00Z,ARBUSDT,-0.00001788
2026-03-09T00:00:00Z,ARBUSDT,-0.00002935
2026-03-09T08:00:00Z,ARBUSDT,0.0001
2026-03-09T16:00:00Z,ARBUSDT,0.00004148
2026-03-10T00:00:00Z,ARBUSDT,0.0001
2026-03-10T08:00:00Z,ARBUSDT,0.00006852
2026-03-10T16:00:00Z,ARBUSDT,0.00005055
2026-03-11T00:00:00Z,ARBUSDT,0.00002698
2026-03-11T08:00:00Z,ARBUSDT,-0.00005131
2026-03-11T16:00:00Z,ARBUSDT,-0.00002743
2026-03-12T00:00:00Z,ARBUSDT,-0.00019254
2026-03-12T08:00:00Z,ARBUSDT,-0.00014277
2026-03-12T16:00:00Z,ARBUSDT,-0.00015442
2026-03-13T00:00:00Z,ARBUSDT,0.0001
2026-03-13T08:00:00Z,ARBUSDT,0.0001
2026-03-13T16:00:00Z,ARBUSDT,0.0001
2026-03-14T00:00:00Z,ARBUSDT,0.00001121
2026-03-14T08:00:00Z,ARBUSDT,-0.00000633
2026-03-14T16:00:00Z,ARBUSDT,-0.00003419
2026-03-15T00:00:00Z,ARBUSDT,0.00008242
2026-03-15T08:00:00Z,ARBUSDT,0.00004983
2026-03-15T16:00:00Z,ARBUSDT,0.0001
2026-03-16T00:00:00Z,ARBUSDT,-0.00002007
2026-03-16T08:00:00Z,ARBUSDT,0.0001
2026-03-16T16:00:00Z,ARBUSDT,0.00003741
2026-03-17T00:00:00Z,ARBUSDT,0.0001
2026-03-17T08:00:00Z,ARBUSDT,0.00005777
2026-03-17T16:00:00Z,ARBUSDT,0.0000522
2026-03-18T00:00:00Z,ARBUSDT,-0.00003832
2026-03-18T08:00:00Z,ARBUSDT,0.00005856
2026-03-18T16:00:00Z,ARBUSDT,-0.00008741
2026-03-19T00:00:00Z,ARBUSDT,-0.00004611
2026-03-19T08:00:00Z,ARBUSDT,-0.00012377
2026-03-19T16:00:00Z,ARBUSDT,0.00001659
2026-03-20T00:00:00Z,ARBUSDT,0.00008221
2026-03-20T08:00:00Z,ARBUSDT,0.0001
2026-03-20T16:00:00Z,ARBUSDT,0.0001
2026-03-21T00:00:00Z,ARBUSDT,0.00006701
2026-03-21T08:00:00Z,ARBUSDT,0.00004135
2026-03-21T16:00:00Z,ARBUSDT,-0.00000543
2026-03-22T00:00:00Z,ARBUSDT,-0.00003567
2026-03-22T08:00:00Z,ARBUSDT,-0.00008794
2026-03-22T16:00:00Z,ARBUSDT,-0.0001333
2026-03-23T00:00:00Z,ARBUSDT,-0.00017369
2026-03-23T08:00:00Z,ARBUSDT,-0.00010954
2026-03-23T16:00:00Z,ARBUSDT,-0.00001179
2026-03-24T00:00:00Z,ARBUSDT,0.00009808
2026-03-24T08:00:00Z,ARBUSDT,0.00004873
2026-03-24T16:00:00Z,ARBUSDT,0.0001
2026-03-25T00:00:00Z,ARBUSDT,0.0001
2026-03-25T08:00:00Z,ARBUSDT,0.0001
2026-03-25T16:00:00Z,ARBUSDT,0.00005259
2026-03-26T00:00:00Z,ARBUSDT,0.0001
2026-03-26T08:00:00Z,ARBUSDT,-0.00038443
2026-03-26T16:00:00Z,ARBUSDT,-0.00009484
2026-03-27T00:00:00Z,ARBUSDT,-0.00012403
2026-03-27T08:00:00Z,ARBUSDT,0.00006849
2026-03-27T16:00:00Z,ARBUSDT,-0.00000481
2026-03-28T00:00:00Z,ARBUSDT,0.00006576
2026-03-28T08:00:00Z,ARBUSDT,-0.00014586
2026-03-28T16:00:00Z,ARBUSDT,0.0001
2026-03-29T00:00:00Z,ARBUSDT,-0.00004234
2026-03-29T08:00:00Z,ARBUSDT,-0.00003211
2026-03-29T16:00:00Z,ARBUSDT,-0.00018325
2026-03-30T00:00:00Z,ARBUSDT,0.0001
2026-03-30T08:00:00Z,ARBUSDT,0.0001
2026-03-30T16:00:00Z,ARBUSDT,-0.00005515
2026-03-31T00:00:00Z,ARBUSDT,-0.00006081
2026-03-31T08:00:00Z,ARBUSDT,0.0001
2026-03-31T16:00:00Z,ARBUSDT,0.00006502
2026-04-01T00:00:00Z,ARBUSDT,0.0000941
2026-04-01T08:00:00Z,ARBUSDT,0.0001
2026-04-01T16:00:00Z,ARBUSDT,0.00009017
2026-04-02T00:00:00Z,ARBUSDT,0.00005693
2026-04-02T08:00:00Z,ARBUSDT,-0.00001332
2026-04-02T16:00:00Z,ARBUSDT,0.00006147
2026-04-03T00:00:00Z,ARBUSDT,0.00006431
2026-04-03T08:00:00Z,ARBUSDT,0.00009898
2026-04-03T16:00:00Z,ARBUSDT,-0.00026486
2026-04-04T00:00:00Z,ARBUSDT,-0.00002991
2026-04-04T08:00:00Z,ARBUSDT,0.0001
2026-04-04T16:00:00Z,ARBUSDT,0.00004943
2026-04-05T00:00:00Z,ARBUSDT,0.000055
2026-04-05T08:00:00Z,ARBUSDT,-0.00021748
2026-04-05T16:00:00Z,ARBUSDT,0.0001
2026-04-06T00:00:00Z,ARBUSDT,0.0001
2026-04-06T08:00:00Z,ARBUSDT,0.0001
2026-04-06T16:00:00Z,ARBUSDT,0.0000616
2026-04-07T00:00:00Z,ARBUSDT,-0.00000406
2026-04-07T08:00:00Z,ARBUSDT,-0.00010111
2026-04-07T16:00:00Z,ARBUSDT,0.00008017
2026-04-08T00:00:00Z,ARBUSDT,0.0001
2026-04-08T08:00:00Z,ARBUSDT,0.0001
2026-04-08T16:00:00Z,ARBUSDT,-0.00023797
2026-04-09T00:00:00Z,ARBUSDT,0.0001
2026-04-09T08:00:00Z,ARBUSDT,0.0001
2026-04-09T16:00:00Z,ARBUSDT,0.00003618
2026-04-10T00:00:00Z,ARBUSDT,0.0001
2026-04-10T08:00:00Z,ARBUSDT,0.0001
2026-04-10T16:00:00Z,ARBUSDT,0.0001
2026-04-11T00:00:00Z,ARBUSDT,0.00007033
2026-04-11T08:00:00Z,ARBUSDT,-0.00004364
2026-04-11T16:00:00Z,ARBUSDT,-0.00005801
2026-04-12T00:00:00Z,ARBUSDT,-0.00002183
2026-04-12T08:00:00Z,ARBUSDT,0.0001
2026-04-12T16:00:00Z,ARBUSDT,0.0001
2026-04-13T00:00:00Z,ARBUSDT,0.0000616
2026-04-13T08:00:00Z,ARBUSDT,0.0001
2026-04-13T16:00:00Z,ARBUSDT,-0.00009024
2026-04-14T00:00:00Z,ARBUSDT,-0.00010159
2026-04-14T08:00:00Z,ARBUSDT,0.0001
2026-04-14T16:00:00Z,ARBUSDT,0.00006855
2026-04-15T00:00:00Z,ARBUSDT,0.0001
2026-04-15T08:00:00Z,ARBUSDT,0.0001
2026-04-15T16:00:00Z,ARBUSDT,0.0001
2026-04-16T00:00:00Z,ARBUSDT,0.00005889
2026-04-16T08:00:00Z,ARBUSDT,-0.00000769
2026-04-16T16:00:00Z,ARBUSDT,-0.00000998
2026-04-17T00:00:00Z,ARBUSDT,0.0001
2026-04-17T08:00:00Z,ARBUSDT,0.00005235
2026-04-17T16:00:00Z,ARBUSDT,-0.00006446
2026-04-18T00:00:00Z,ARBUSDT,-0.00008443
2026-04-18T08:00:00Z,ARBUSDT,0.0000816
2026-04-18T16:00:00Z,ARBUSDT,0.00002106
2026-04-19T00:00:00Z,ARBUSDT,0.0001
2026-04-19T08:00:00Z,ARBUSDT,0.00006035
2026-04-19T16:00:00Z,ARBUSDT,0.0001
2026-04-20T00:00:00Z,ARBUSDT,-0.00013861
2026-04-20T08:00:00Z,ARBUSDT,0.0001
2026-04-20T16:00:00Z,ARBUSDT,-0.00009364
2026-04-21T00:00:00Z,ARBUSDT,0.0000044
2026-04-21T08:00:00Z,ARBUSDT,-0.00001734
2026-04-21T16:00:00Z,ARBUSDT,-0.00000418
2026-04-22T00:00:00Z,ARBUSDT,0.00009286
2026-04-22T08:00:00Z,ARBUSDT,-0.00000042
2026-04-22T16:00:00Z,ARBUSDT,-0.00010467
2026-04-23T00:00:00Z,ARBUSDT,0.0001
2026-04-23T08:00:00Z,ARBUSDT,-0.00004037
2026-04-23T16:00:00Z,ARBUSDT,0.0001
2026-04-24T00:00:00Z,ARBUSDT,0.0001
2026-04-24T08:00:00Z,ARBUSDT,0.0001
2026-04-24T16:00:00Z,ARBUSDT,0.0001
2026-04-25T00:00:00Z,ARBUSDT,-0.0001913
2026-04-25T08:00:00Z,ARBUSDT,0.00004947
2026-04-25T16:00:00Z,ARBUSDT,-0.00013487
2026-04-26T00:00:00Z,ARBUSDT,-0.00000748
2026-04-26T08:00:00Z,ARBUSDT,0.0001
2026-04-26T16:00:00Z,ARBUSDT,-0.00016817
2026-04-27T00:00:00Z,ARBUSDT,-0.00006419
2026-04-27T08:00:00Z,ARBUSDT,-0.00000009
2026-04-27T16:00:00Z,ARBUSDT,-0.00001352
2026-04-28T00:00:00Z,ARBUSDT,0.0001
2026-04-28T08:00:00Z,ARBUSDT,0.0001
2026-04-28T16:00:00Z,ARBUSDT,0.00008791
2026-04-29T00:00:00Z,ARBUSDT,0.00009225
2026-04-29T08:00:00Z,ARBUSDT,0.0001
2026-04-29T16:00:00Z,ARBUSDT,0.00002399
2026-04-30T00:00:00Z,ARBUSDT,0.0001
2026-04-30T08:00:00Z,ARBUSDT,0.00002239
2026-04-30T16:00:00Z,ARBUSDT,-0.0000577
2026-05-01T00:00:00Z,ARBUSDT,-0.00019689
2026-05-01T08:00:00Z,ARBUSDT,0.00006779
2026-05-01T16:00:00Z,ARBUSDT,-0.00010418
2026-05-02T00:00:00Z,ARBUSDT,0.00001981
2026-05-02T08:00:00Z,ARBUSDT,0.00009244
2026-05-02T16:00:00Z,ARBUSDT,-0.00003435
2026-05-03T00:00:00Z,ARBUSDT,0.0001
2026-05-03T08:00:00Z,ARBUSDT,-0.00006182
2026-05-03T16:00:00Z,ARBUSDT,0.0000064
2026-05-04T00:00:00Z,ARBUSDT,0.0001
2026-05-04T08:00:00Z,ARBUSDT,-0.00004981
2026-05-04T16:00:00Z,ARBUSDT,-0.0000492
2026-05-05T00:00:00Z,ARBUSDT,0.00002773
2026-05-05T08:00:00Z,ARBUSDT,0.00009181
2026-05-05T16:00:00Z,ARBUSDT,0.00005525
2026-05-06T00:00:00Z,ARBUSDT,0.00000171
2026-05-06T08:00:00Z,ARBUSDT,0.00008074
2026-05-06T16:00:00Z,ARBUSDT,0.0001
2026-05-07T00:00:00Z,ARBUSDT,0.00005548
2026-05-07T08:00:00Z,ARBUSDT,0.00001524
2026-05-07T16:00:00Z,ARBUSDT,0.00006732
2026-05-08T00:00:00Z,ARBUSDT,0.00004564
2026-05-08T08:00:00Z,ARBUSDT,0.0001
2026-05-08T16:00:00Z,ARBUSDT,0.0001
2026-05-09T00:00:00Z,ARBUSDT,0.0001
2026-05-09T08:00:00Z,ARBUSDT,0.0001
2026-05-09T16:00:00Z,ARBUSDT,0.0001
2026-05-10T00:00:00Z,ARBUSDT,0.00005157
2026-05-10T08:00:00Z,ARBUSDT,0.00000036
2026-05-10T16:00:00Z,ARBUSDT,0.00003268
2026-05-11T00:00:00Z,ARBUSDT,0.00006605
2026-05-11T08:00:00Z,ARBUSDT,0.0001
2026-05-11T16:00:00Z,ARBUSDT,-0.00001893
2026-05-12T00:00:00Z,ARBUSDT,0.0001
2026-05-12T08:00:00Z,ARBUSDT,-0.0000039
2026-05-12T16:00:00Z,ARBUSDT,-0.00004478
2026-05-13T00:00:00Z,ARBUSDT,-0.00003262
2026-05-13T08:00:00Z,ARBUSDT,0.0001
2026-05-13T16:00:00Z,ARBUSDT,-0.00008967
2026-05-14T00:00:00Z,ARBUSDT,0.0001
2026-05-14T08:00:00Z,ARBUSDT,0.00002486
2026-05-14T16:00:00Z,ARBUSDT,0.00000207
2026-05-15T00:00:00Z,ARBUSDT,-0.00014531
2026-05-15T08:00:00Z,ARBUSDT,0.00001216
2026-05-15T16:00:00Z,ARBUSDT,-0.00002626
2026-05-16T00:00:00Z,ARBUSDT,0.00003052
2026-05-16T08:00:00Z,ARBUSDT,-0.00003059
2026-05-16T16:00:00Z,ARBUSDT,0.0001
2026-05-17T00:00:00Z,ARBUSDT,0.00005954
2026-05-17T08:00:00Z,ARBUSDT,0.00005488
2026-05-17T16:00:00Z,ARBUSDT,0.0001
2026-05-18T00:00:00Z,ARBUSDT,0.0001
2026-05-18T08:00:00Z,ARBUSDT,-0.00009378
2026-05-18T16:00:00Z,ARBUSDT,0.00004988
2026-05-19T00:00:00Z,ARBUSDT,-0.0000431
2026-05-19T08:00:00Z,ARBUSDT,-0.00000035
2026-05-19T16:00:00Z,ARBUSDT,-0.00014621
2026-05-20T00:00:00Z,ARBUSDT,0.0001
2026-05-20T08:00:00Z,ARBUSDT,0.0001
2026-05-20T16:00:00Z,ARBUSDT,0.00008238
2026-05-21T00:00:00Z,ARBUSDT,-0.00014683
2026-05-21T08:00:00Z,ARBUSDT,-0.00004438
2026-05-21T16:00:00Z,ARBUSDT,0.00007884
2026-05-22T00:00:00Z,ARBUSDT,0.00003243
2026-05-22T08:00:00Z,ARBUSDT,-0.00006139
2026-05-22T16:00:00Z,ARBUSDT,-0.00000666
2026-05-23T00:00:00Z,ARBUSDT,0.00000562
2026-05-23T08:00:00Z,ARBUSDT,-0.00003721
2026-05-23T16:00:00Z,ARBUSDT,0.0001
2026-05-24T00:00:00Z,ARBUSDT,0.00009914
2026-05-24T08:00:00Z,ARBUSDT,-0.00013292
2026-05-24T16:00:00Z,ARBUSDT,-0.0000469
2026-05-25T00:00:00Z,ARBUSDT,0.00006637
2026-05-25T08:00:00Z,ARBUSDT,0.0000232
2026-05-25T16:00:00Z,ARBUSDT,0.0001
2026-05-26T00:00:00Z,ARBUSDT,0.0001
2026-05-26T08:00:00Z,ARBUSDT,0.00005791
2026-05-26T16:00:00Z,ARBUSDT,0.00006988
2026-05-27T00:00:00Z,ARBUSDT,-0.00001251
2026-05-27T08:00:00Z,ARBUSDT,-0.00001949
2026-05-27T16:00:00Z,ARBUSDT,0.0001
2026-05-28T00:00:00Z,ARBUSDT,-0.00009456
2026-05-28T08:00:00Z,ARBUSDT,-0.00001793
2026-05-28T16:00:00Z,ARBUSDT,-0.00011747
2026-05-29T00:00:00Z,ARBUSDT,0.0001
2026-05-29T08:00:00Z,ARBUSDT,0.00005029
2026-05-29T16:00:00Z,ARBUSDT,0.00000826
2026-05-30T00:00:00Z,ARBUSDT,0.0001
2026-05-30T08:00:00Z,ARBUSDT,0.0001
2026-05-30T16:00:00Z,ARBUSDT,0.00005356
2026-05-31T00:00:00Z,ARBUSDT,-0.00009616
2026-05-31T08:00:00Z,ARBUSDT,-0.00008704
2026-05-31T16:00:00Z,ARBUSDT,0.0001
2026-06-01T00:00:00Z,ARBUSDT,0.0001
2026-06-01T08:00:00Z,ARBUSDT,-0.00010798
2026-06-01T16:00:00Z,ARBUSDT,-0.00011857
2026-06-02T00:00:00Z,ARBUSDT,0.00005453
2026-06-02T08:00:00Z,ARBUSDT,-0.00015353
2026-06-02T16:00:00Z,ARBUSDT,-0.00006145
2026-06-03T00:00:00Z,ARBUSDT,-0.00005354
2026-06-03T08:00:00Z,ARBUSDT,0.0001
2026-06-03T16:00:00Z,ARBUSDT,0.0001
2026-06-04T00:00:00Z,ARBUSDT,0.00007778
2026-06-04T08:00:00Z,ARBUSDT,-0.00001631
2026-06-04T16:00:00Z,ARBUSDT,0.0001
2026-06-05T00:00:00Z,ARBUSDT,-0.00015116
2026-06-05T08:00:00Z,ARBUSDT,0.00002023
2026-06-05T16:00:00Z,ARBUSDT,0.00000385
2026-06-06T00:00:00Z,ARBUSDT,0.00005339
2026-06-06T08:00:00Z,ARBUSDT,-0.00006265
2026-06-06T16:00:00Z,ARBUSDT,-0.0001517
2026-06-07T00:00:00Z,ARBUSDT,-0.00003731
2026-06-07T08:00:00Z,ARBUSDT,0.00002252
2026-06-07T16:00:00Z,ARBUSDT,-0.00009998
2026-06-08T00:00:00Z,ARBUSDT,-0.00006263
2026-06-08T08:00:00Z,ARBUSDT,0.00005704
2026-06-08T16:00:00Z,ARBUSDT,0.0001
2026-06-09T00:00:00Z,ARBUSDT,-0.00001941
2026-06-09T08:00:00Z,ARBUSDT,-0.00010419
2026-06-09T16:00:00Z,ARBUSDT,0.0000541
2026-06-10T00:00:00Z,ARBUSDT,0.0001
2026-06-10T08:00:00Z,ARBUSDT,0.00002634
2026-06-10T16:00:00Z,ARBUSDT,0.00002135
2026-06-11T00:00:00Z,ARBUSDT,-0.00023551
2026-06-11T08:00:00Z,ARBUSDT,0.0001
2026-06-11T16:00:00Z,ARBUSDT,0.0001
2026-06-12T00:00:00Z,ARBUSDT,0.0001
2026-06-12T08:00:00Z,ARBUSDT,0.00000141
2026-06-12T16:00:00Z,ARBUSDT,0.0001
2026-06-13T00:00:00Z,ARBUSDT,0.0001
2026-06-13T08:00:00Z,ARBUSDT,0.00004655
2026-06-13T16:00:00Z,ARBUSDT,-0.00013461
2026-06-14T00:00:00Z,ARBUSDT,-0.00009909
2026-06-14T08:00:00Z,ARBUSDT,-0.00001493
2026-06-14T16:00:00Z,ARBUSDT,0.0000838
2026-06-15T00:00:00Z,ARBUSDT,0.0001
2026-06-15T08:00:00Z,ARBUSDT,0.0001
2026-06-15T16:00:00Z,ARBUSDT,0.00004248
2026-06-16T00:00:00Z,ARBUSDT,-0.00017404
2026-06-16T08:00:00Z,ARBUSDT,0.00005719
2026-06-16T16:00:00Z,ARBUSDT,-0.00018036
2026-06-17T00:00:00Z,ARBUSDT,-0.00006503
2026-06-17T08:00:00Z,ARBUSDT,0.0001
2026-06-17T16:00:00Z,ARBUSDT,0.0001
2026-06-18T00:00:00Z,ARBUSDT,0.0001
2026-06-18T08:00:00Z,ARBUSDT,-0.00003192
2026-06-18T16:00:00Z,ARBUSDT,0.00006244
2026-06-19T00:00:00Z,ARBUSDT,0.00002091
2026-06-19T08:00:00Z,ARBUSDT,-0.00007053
2026-06-19T16:00:00Z,ARBUSDT,0.00007402
2026-06-20T00:00:00Z,ARBUSDT,0.0001
2026-06-20T08:00:00Z,ARBUSDT,-0.00014219
2026-06-20T16:00:00Z,ARBUSDT,0.00007688
2026-06-21T00:00:00Z,ARBUSDT,0.0001
2026-06-21T08:00:00Z,ARBUSDT,0.00006315
2026-06-21T16:00:00Z,ARBUSDT,0.0001
2026-06-22T00:00:00Z,ARBUSDT,0.00003231
2026-06-22T08:00:00Z,ARBUSDT,-0.00003857
2026-06-22T16:00:00Z,ARBUSDT,-0.00004956
2026-06-23T00:00:00Z,ARBUSDT,-0.00008402
2026-06-23T08:00:00Z,ARBUSDT,-0.00007181
2026-06-23T16:00:00Z,ARBUSDT,-0.00004106
2026-06-24T00:00:00Z,ARBUSDT,0.00007037
2026-06-24T08:00:00Z,ARBUSDT,-0.00007108
2026-06-24T16:00:00Z,ARBUSDT,-0.00006842
2026-06-25T00:00:00Z,ARBUSDT,-0.00004072
2026-06-25T08:00:00Z,ARBUSDT,0.00007326
2026-06-25T16:00:00Z,ARBUSDT,-0.00013618
2026-06-26T00:00:00Z,ARBUSDT,0.0001
2026-06-26T08:00:00Z,ARBUSDT,0.0001
2026-06-26T16:00:00Z,ARBUSDT,0.0001
2026-06-27T00:00:00Z,ARBUSDT,0.00003259
2026-06-27T08:00:00Z,ARBUSDT,0.00002148
2026-06-27T16:00:00Z,ARBUSDT,0.00009659
2026-06-28T00:00:00Z,ARBUSDT,-0.00004074
2026-06-28T08:00:00Z,ARBUSDT,0.0001
2026-06-28T16:00:00Z,ARBUSDT,0.0001
2026-06-29T00:00:00Z,ARBUSDT,-0.00006072
2026-06-29T08:00:00Z,ARBUSDT,0.0001
2026-06-29T16:00:00Z,ARBUSDT,-0.00001189
2026-06-30T00:00:00Z,ARBUSDT,-0.0000352
2026-06-30T08:00:00Z,ARBUSDT,0.00001701
2026-06-30T16:00:00Z,ARBUSDT,-0.00005058
2026-07-01T00:00:00Z,ARBUSDT,0.0001
2026-07-01T08:00:00Z,ARBUSDT,0.0001
2026-07-01T16:00:00Z,ARBUSDT,0.00001132
2026-07-02T00:00:00Z,ARBUSDT,-0.00008194
2026-07-02T08:00:00Z,ARBUSDT,-0.00019945
2026-07-02T16:00:00Z,ARBUSDT,-0.00003887
2026-07-03T00:00:00Z,ARBUSDT,0.0000248
2026-07-03T08:00:00Z,ARBUSDT,-0.00003662
2026-07-03T16:00:00Z,ARBUSDT,0.00009307
2026-07-04T00:00:00Z,ARBUSDT,0.00009246
2026-07-04T08:00:00Z,ARBUSDT,0.00005692
2026-07-04T16:00:00Z,ARBUSDT,0.00001596
2026-07-05T00:00:00Z,ARBUSDT,-0.00008855
2026-07-05T08:00:00Z,ARBUSDT,0.00001289
2026-07-05T16:00:00Z,ARBUSDT,0.00000235
2026-07-06T00:00:00Z,ARBUSDT,0.0001
2026-07-06T08:00:00Z,ARBUSDT,-0.00013593
2026-07-06T16:00:00Z,ARBUSDT,-0.0000526
2026-07-07T00:00:00Z,ARBUSDT,0.0001
2026-07-07T08:00:00Z,ARBUSDT,-0.00010426
2026-07-07T16:00:00Z,ARBUSDT,0.0000903
2026-07-08T00:00:00Z,ARBUSDT,0.0001
2026-07-08T08:00:00Z,ARBUSDT,-0.00008735
2026-07-08T16:00:00Z,ARBUSDT,-0.00010153
2026-07-09T00:00:00Z,ARBUSDT,0.0001
2026-07-09T08:00:00Z,ARBUSDT,0.0001
2026-07-09T16:00:00Z,ARBUSDT,0.00003254
2026-07-10T00:00:00Z,ARBUSDT,0.0001
2026-07-10T08:00:00Z,ARBUSDT,0.00004354
2026-07-10T16:00:00Z,ARBUSDT,0.0001
2026-07-11T00:00:00Z,ARBUSDT,0.0001
2026-07-11T08:00:00Z,ARBUSDT,0.00004574
2026-07-11T16:00:00Z,ARBUSDT,0.0001
2026-07-12T00:00:00Z,ARBUSDT,0.00006362
2026-07-12T08:00:00Z,ARBUSDT,0.00000866
2026-07-12T16:00:00Z,ARBUSDT,0.00003719
2026-07-13T00:00:00Z,ARBUSDT,0.0000546
2026-07-13T08:00:00Z,ARBUSDT,0.0001
2026-07-13T16:00:00Z,ARBUSDT,-0.00001505
2026-07-14T00:00:00Z,ARBUSDT,-0.00001321
2026-07-14T08:00:00Z,ARBUSDT,0.00002068
2026-07-14T16:00:00Z,ARBUSDT,-0.0000323
2026-07-15T00:00:00Z,ARBUSDT,-0.00003514
2026-07-15T08:00:00Z,ARBUSDT,-0.00007166
2026-07-15T16:00:00Z,ARBUSDT,0.00007024
2026-07-16T00:00:00Z,ARBUSDT,-0.00007764
2026-07-16T08:00:00Z,ARBUSDT,0.00002443
2026-07-16T16:00:00Z,ARBUSDT,0.00007697
2026-07-17T00:00:00Z,ARBUSDT,-0.00003103
2026-07-17T08:00:00Z,ARBUSDT,0.00003355
2026-07-17T16:00:00Z,ARBUSDT,-0.00004893
2026-07-18T00:00:00Z,ARBUSDT,0.00006754
2026-07-18T08:00:00Z,ARBUSDT,-0.00003942
2026-07-18T16:00:00Z,ARBUSDT,-0.00015817
2026-07-19T00:00:00Z,ARBUSDT,-0.00000978
2026-07-19T08:00:00Z,ARBUSDT,0.0000501
2026-07-19T16:00:00Z,ARBUSDT,0.00000797
2026-07-20T00:00:00Z,ARBUSDT,0.00007446
2026-07-20T08:00:00Z,ARBUSDT,-0.00006316
2026-07-20T16:00:00Z,ARBUSDT,0.0001
2026-07-21T00:00:00Z,ARBUSDT,0.00005714
2026-07-21T08:00:00Z,ARBUSDT,-0.00002293
2026-07-21T16:00:00Z,ARBUSDT,-0.00011402
2026-07-22T00:00:00Z,ARBUSDT,-0.00012672
2026-07-22T08:00:00Z,ARBUSDT,0.0001
2026-07-22T16:00:00Z,ARBUSDT,0.00005449
2026-07-23T00:00:00Z,ARBUSDT,-0.00007652
2026-07-23T08:00:00Z,ARBUSDT,0.00002578
2026-07-23T16:00:00Z,ARBUSDT,0.00008276
2026-07-24T00:00:00Z,ARBUSDT,-0.00004339
2026-07-24T08:00:00Z,ARBUSDT,-0.00002828
2026-07-24T16:00:00Z,ARBUSDT,-0.00005595
2026-07-25T00:00:00Z,ARBUSDT,0.0001
2026-07-25T08:00:00Z,ARBUSDT,0.00008683
2026-07-25T16:00:00Z,ARBUSDT,-0.00009104
2026-07-26T00:00:00Z,ARBUSDT,-0.00010032
2026-07-26T08:00:00Z,ARBUSDT,-0.00004066
2026-07-26T16:00:00Z,ARBUSDT,-0.00007814
2026-07-27T00:00:00Z,ARBUSDT,0.00007034
2026-07-27T08:00:00Z,ARBUSDT,-0.00006929
2026-07-27T16:00:00Z,ARBUSDT,-0.00011725
2026-07-28T00:00:00Z,ARBUSDT,0.00000953
2026-07-28T08:00:00Z,ARBUSDT,-0.00009386
2026-07-28T16:00:00Z,ARBUSDT,0.00005703
2026-07-29T00:00:00Z,ARBUSDT,0.00008341
2026-07-29T08:00:00Z,ARBUSDT,0.00006235
2026-07-29T16:00:00Z,ARBUSDT,0.00002954
2026-07-30T00:00:00Z,ARBUSDT,0.0001
2026-07-30T08:00:00Z,ARBUSDT,-0.00005747
2026-07-30T16:00:00Z,ARBUSDT,-0.00011383
2026-07-31T00:00:00Z,ARBUSDT,-0.00001578
2026-07-31T08:00:00Z,ARBUSDT,0.00004794
2026-07-31T16:00:00Z,ARBUSDT,0.00007658
2026-08-01T00:00:00Z,ARBUSDT,0.0001
2026-08-01T08:00:00Z,ARBUSDT,-0.00004529
2026-08-01T16:00:00Z,ARBUSDT,0.00003419
2026-08-02T00:00:00Z,ARBUSDT,0.0001
2026-08-02T08:00:00Z,ARBUSDT,0.0001
2026-08-02T16:00:00Z,ARBUSDT,0.0001
2026-08-03T00:00:00Z,ARBUSDT,0.0001
2026-08-03T08:00:00Z,ARBUSDT,0.0001
2026-08-03T16:00:00Z,ARBUSDT,-0.00001283
2026-08-04T00:00:00Z,ARBUSDT,0.0001
2026-08-04T08:00:00Z,ARBUSDT,0.0001
2026-08-04T16:00:00Z,ARBUSDT,0.0001
2026-08-05T00:00:00Z,ARBUSDT,0.00003354
2026-08-05T08:00:00Z,ARBUSDT,0.00002903
2026-08-05T16:00:00Z,ARBUSDT,-0.00002831
2026-08-06T00:00:00Z,ARBUSDT,-0.0000008
2026-08-06T08:00:00Z,ARBUSDT,0.00006253
2026-08-06T16:00:00Z,ARBUSDT,-0.00025555
2026-08-07T00:00:00Z,ARBUSDT,-0.00010415
2026-08-07T08:00:00Z,ARBUSDT,-0.00011324
2026-08-07T16:00:00Z,ARBUSDT,0.00004224
2026-08-08T00:00:00Z,ARBUSDT,0.00009814
2026-08-08T08:00:00Z,ARBUSDT,0.0001
2026-08-08T16:00:00Z,ARBUSDT,0.0001
2026-08-09T00:00:00Z,ARBUSDT,0.00007319
2026-08-09T08:00:00Z,ARBUSDT,-0.00004299
2026-08-09T16:00:00Z,ARBUSDT,0.00004846
2026-08-10T00:00:00Z,ARBUSDT,0.00006847
2026-08-10T08:00:00Z,ARBUSDT,0.00004112
2026-08-10T16:00:00Z,ARBUSDT,0.0001
2026-08-11T00:00:00Z,ARBUSDT,0.0001
2026-08-11T08:00:00Z,ARBUSDT,-0.00002075
2026-08-11T16:00:00Z,ARBUSDT,-0.0000663
2026-08-12T00:00:00Z,ARBUSDT,0.00003283
2026-08-12T08:00:00Z,ARBUSDT,-0.00001054
2026-08-12T16:00:00Z,ARBUSDT,-0.00006754
2026-08-13T00:00:00Z,ARBUSDT,-0.00029846
2026-08-13T08:00:00Z,ARBUSDT,0.0001
2026-08-13T16:00:00Z,ARBUSDT,-0.0000139
2026-08-14T00:00:00Z,ARBUSDT,0.00005438
2026-08-14T08:00:00Z,ARBUSDT,0.0001
2026-08-14T16:00:00Z,ARBUSDT,-0.00000472
2026-08-15T00:00:00Z,ARBUSDT,0.00002844
2026-08-15T08:00:00Z,ARBUSDT,-0.00013446
2026-08-15T16:00:00Z,ARBUSDT,0.00002424
2026-08-16T00:00:00Z,ARBUSDT,-0.00011605
2026-08-16T08:00:00Z,ARBUSDT,0.00001643
2026-08-16T16:00:00Z,ARBUSDT,0.00008839
2026-08-17T00:00:00Z,ARBUSDT,-0.00018933
2026-08-17T08:00:00Z,ARBUSDT,0.0001
2026-08-17T16:00:00Z,ARBUSDT,0.0001
2026-08-18T00:00:00Z,ARBUSDT,0.0001
2026-08-18T08:00:00Z,ARBUSDT,0.0001
2026-08-18T16:00:00Z,ARBUSDT,0.00007244
2026-08-19T00:00:00Z,ARBUSDT,0.0000503
2026-08-19T08:00:00Z,ARBUSDT,0.0001
2026-08-19T16:00:00Z,ARBUSDT,0.0001
2026-08-20T00:00:00Z,ARBUSDT,0.0001
2026-08-20T08:00:00Z,ARBUSDT,0.0000558
2026-08-20T16:00:00Z,ARBUSDT,0.0001
2026-08-21T00:00:00Z,ARBUSDT,0.0001
2026-08-21T08:00:00Z,ARBUSDT,0.00002938
2026-08-21T16:00:00Z,ARBUSDT,0.0001
2026-08-22T00:00:00Z,ARBUSDT,0.0001
2026-08-22T08:00:00Z,ARBUSDT,0.0001
2026-08-22T16:00:00Z,ARBUSDT,0.0001
2026-08-23T00:00:00Z,ARBUSDT,0.0001
2026-08-23T08:00:00Z,ARBUSDT,0.0001
2026-08-23T16:00:00Z,ARBUSDT,0.0001
2026-08-24T00:00:00Z,ARBUSDT,0.0001
2026-08-24T08:00:00Z,ARBUSDT,0.00000416
2026-08-24T16:00:00Z,ARBUSDT,0.00006495
2026-08-25T00:00:00Z,ARBUSDT,-0.00001449
2026-08-25T08:00:00Z,ARBUSDT,0.00005147
2026-08-25T16:00:00Z,ARBUSDT,0.00009009
2026-08-26T00:00:00Z,ARBUSDT,-0.00005963
2026-08-26T08:00:00Z,ARBUSDT,0.0000864
2026-08-26T16:00:00Z,ARBUSDT,-0.00023393
2026-08-27T00:00:00Z,ARBUSDT,0.0001
2026-08-27T08:00:00Z,ARBUSDT,0.0001
2026-08-27T16:00:00Z,ARBUSDT,-0.00004951
2026-08-28T00:00:00Z,ARBUSDT,0.00001282
2026-08-28T08:00:00Z,ARBUSDT,-0.00000546
2026-08-28T16:00:00Z,ARBUSDT,-0.00005151
2026-08-29T00:00:00Z,ARBUSDT,0.0001
2026-08-29T08:00:00Z,ARBUSDT,0.00001628
2026-08-29T16:00:00Z,ARBUSDT,-0.00000006
2026-08-30T00:00:00Z,ARBUSDT,0.0001
2026-08-30T08:00:00Z,ARBUSDT,-0.00010108
2026-08-30T16:00:00Z,ARBUSDT,0.0001
2026-08-31T00:00:00Z,ARBUSDT,0.00003999
2026-08-31T08:00:00Z,ARBUSDT,0.00004751
2026-08-31T16:00:00Z,ARBUSDT,-0.00008518
2026-09-01T00:00:00Z,ARBUSDT,0.0001
2026-09-01T08:00:00Z,ARBUSDT,0.0001
2026-09-01T16:00:00Z,ARBUSDT,0.0001
2026-09-02T00:00:00Z,ARBUSDT,0.0001
2026-09-02T08:00:00Z,ARBUSDT,0.0001
2026-09-02T16:00:00Z,ARBUSDT,0.0001
2026-09-03T00:00:00Z,ARBUSDT,0.0001
2026-09-03T08:00:00Z,ARBUSDT,0.0001
2026-09-03T16:00:00Z,ARBUSDT,0.0001
2026-09-04T00:00:00Z,ARBUSDT,0.0001
2026-09-04T08:00:00Z,ARBUSDT,-0.0000691
2026-09-04T16:00:00Z,ARBUSDT,0.0001
2026-09-05T00:00:00Z,ARBUSDT,-0.00017651
2026-09-05T08:00:00Z,ARBUSDT,0.00003571
2026-09-05T16:00:00Z,ARBUSDT,0.00000832
2026-09-06T00:00:00Z,ARBUSDT,0.0001
2026-09-06T08:00:00Z,ARBUSDT,0.0001
2026-09-06T16:00:00Z,ARBUSDT,0.0001
2026-09-07T00:00:00Z,ARBUSDT,0.0001
2026-09-07T08:00:00Z,ARBUSDT,0.0001
2026-09-07T16:00:00Z,ARBUSDT,0.00007379
2026-09-08T00:00:00Z,ARBUSDT,-0.00004915
2026-09-08T08:00:00Z,ARBUSDT,0.00007567
2026-09-08T16:00:00Z,ARBUSDT,0.00004262
2026-09-09T00:00:00Z,ARBUSDT,0.0001
2026-09-09T08:00:00Z,ARBUSDT,0.0000777
2026-09-09T16:00:00Z,ARBUSDT,-0.00006828
2026-09-10T00:00:00Z,ARBUSDT,0.0001
2026-09-10T08:00:00Z,ARBUSDT,0.0001
2026-09-10T16:00:00Z,ARBUSDT,0.00007245
2026-09-11T00:00:00Z,ARBUSDT,0.0001
2026-09-11T08:00:00Z,ARBUSDT,0.0001
2026-09-11T16:00:00Z,ARBUSDT,-0.00011454
2026-09-12T00:00:00Z,ARBUSDT,0.0001
2026-09-12T08:00:00Z,ARBUSDT,0.00004963
2026-09-12T16:00:00Z,ARBUSDT,0.0001
2026-09-13T00:00:00Z,ARBUSDT,-0.00016076
2026-09-13T08:00:00Z,ARBUSDT,-0.00004265
2026-09-13T16:00:00Z,ARBUSDT,0.0001
2026-09-14T00:00:00Z,ARBUSDT,-0.00005131
2026-09-14T08:00:00Z,ARBUSDT,-0.00009917
2026-09-14T16:00:00Z,ARBUSDT,0.0001
2026-09-15T00:00:00Z,ARBUSDT,0.0001
2026-09-15T08:00:00Z,ARBUSDT,0.00002569
2026-09-15T16:00:00Z,ARBUSDT,-0.00003618
2026-09-16T00:00:00Z,ARBUSDT,0.0001
2026-09-16T08:00:00Z,ARBUSDT,-0.00008583
2026-09-16T16:00:00Z,ARBUSDT,0.00007292
2026-09-17T00:00:00Z,ARBUSDT,-0.00013734
2026-09-17T08:00:00Z,ARBUSDT,-0.00000156
2026-09-17T16:00:00Z,ARBUSDT,-0.00008359
2026-09-18T00:00:00Z,ARBUSDT,0.0001
2026-09-18T08:00:00Z,ARBUSDT,0.0001
2026-09-18T16:00:00Z,ARBUSDT,0.0001
2026-09-19T00:00:00Z,ARBUSDT,0.0001
2026-09-19T08:00:00Z,ARBUSDT,0.0001
2026-09-19T16:00:00Z,ARBUSDT,0.0001
2026-09-20T00:00:00Z,ARBUSDT,0.0001
2026-09-20T08:00:00Z,ARBUSDT,0.0001
2026-09-20T16:00:00Z,ARBUSDT,0.00001809
2026-09-21T00:00:00Z,ARBUSDT,0.00009002
2026-09-21T08:00:00Z,ARBUSDT,0.0001
2026-09-21T16:00:00Z,ARBUSDT,0.0001
2026-09-22T00:00:00Z,ARBUSDT,-0.00018638
2026-09-22T08:00:00Z,ARBUSDT,0.0000273
2026-09-22T16:00:00Z,ARBUSDT,-0.00019308
2026-09-23T00:00:00Z,ARBUSDT,0.0001
2026-09-23T08:00:00Z,ARBUSDT,0.0001
2026-09-23T16:00:00Z,ARBUSDT,0.0001
2026-09-24T00:00:00Z,ARBUSDT,0.00001766
2026-09-24T08:00:00Z,ARBUSDT,-0.00005781
2026-09-24T16:00:00Z,ARBUSDT,-0.00001616
2026-09-25T00:00:00Z,ARBUSDT,-0.00004829
2026-09-25T08:00:00Z,ARBUSDT,-0.00003924
2026-09-25T16:00:00Z,ARBUSDT,0.0001
2026-09-26T00:00:00Z,ARBUSDT,0.0001
2026-09-26T08:00:00Z,ARBUSDT,0.00005532
2026-09-26T16:00:00Z,ARBUSDT,0.0001
2026-09-27T00:00:00Z,ARBUSDT,0.0001
2026-09-27T08:00:00Z,ARBUSDT,0.0001
2026-09-27T16:00:00Z,ARBUSDT,0.00001286
2026-09-28T00:00:00Z,ARBUSDT,0.0001
2026-09-28T08:00:00Z,ARBUSDT,0.0001
2026-09-28T16:00:00Z,ARBUSDT,0.0001
2026-09-29T00:00:00Z,ARBUSDT,0.0001
2026-09-29T08:00:00Z,ARBUSDT,-0.00000135
2026-09-29T16:00:00Z,ARBUSDT,0.00005406
2026-09-30T00:00:00Z,ARBUSDT,0.00002984
2026-09-30T08:00:00Z,ARBUSDT,0.0000081
2026-09-30T16:00:00Z,ARBUSDT,-0.00010344
2026-10-01T00:00:00Z,ARBUSDT,-0.00000606
2026-10-01T08:00:00Z,ARBUSDT,-0.00003229
2026-10-01T16:00:00Z,ARBUSDT,0.00006465
2026-10-02T00:00:00Z,ARBUSDT,0.00001161
2026-10-02T08:00:00Z,ARBUSDT,0.00001037
2026-10-02T16:00:00Z,ARBUSDT,0.0000578
2026-10-03T00:00:00Z,ARBUSDT,-0.00006901
2026-10-03T08:00:00Z,ARBUSDT,0.00006624
2026-10-03T16:00:00Z,ARBUSDT,0.0001
2026-10-04T00:00:00Z,ARBUSDT,-0.00003287
2026-10-04T08:00:00Z,ARBUSDT,0.00001668
2026-10-04T16:00:00Z,ARBUSDT,0.00000114
2026-10-05T00:00:00Z,ARBUSDT,0.0001
2026-10-05T08:00:00Z,ARBUSDT,0.00004794
2026-10-05T16:00:00Z,ARBUSDT,-0.00005759
2026-10-06T00:00:00Z,ARBUSDT,-0.00003485
2026-10-06T08:00:00Z,ARBUSDT,-0.00010565
2026-10-06T16:00:00Z,ARBUSDT,0.0001
2026-10-07T00:00:00Z,ARBUSDT,0.00006059
2026-10-07T08:00:00Z,ARBUSDT,-0.00005115
2026-10-07T16:00:00Z,ARBUSDT,0.0001
2026-10-08T00:00:00Z,ARBUSDT,0.0001
2026-10-08T08:00:00Z,ARBUSDT,0.0001
2026-10-08T16:00:00Z,ARBUSDT,0.0001
2026-10-09T00:00:00Z,ARBUSDT,-0.00012559
