timestamp,symbol,funding_rate
2023-10-09T00:00:00Z,ATOMUSDT,-0.00034642
2023-10-09T08:00:00Z,ATOMUSDT,-0.00016412
2023-10-09T16:00:00Z,ATOMUSDT,-0.00019825
2023-10-10T00:00:00Z,ATOMUSDT,-0.00039725
2023-10-10T08:00:00Z,ATOMUSDT,-0.00030283
2023-10-10T16:00:00Z,ATOMUSDT,-0.00016638
2023-10-11T00:00:00Z,ATOMUSDT,-0.00012029
2023-10-11T08:00:00Z,ATOMUSDT,-0.00031153
2023-10-11T16:00:00Z,ATOMUSDT,-0.00044953
2023-10-12T00:00:00Z,ATOMUSDT,-0.00012149
2023-10-12T08:00:00Z,ATOMUSDT,-0.00012606
2023-10-12T16:00:00Z,ATOMUSDT,0.0001
2023-10-13T00:00:00Z,ATOMUSDT,-0.00024113
2023-10-13T08:00:00Z,ATOMUSDT,-0.00007867
2023-10-13T16:00:00Z,ATOMUSDT,-0.00012417
2023-10-14T00:00:00Z,ATOMUSDT,-0.00007201
2023-10-14T08:00:00Z,ATOMUSDT,-0.00004197
2023-10-14T16:00:00Z,ATOMUSDT,0.00001864
2023-10-15T00:00:00Z,ATOMUSDT,0.00006701
2023-10-15T08:00:00Z,ATOMUSDT,0.00009559
2023-10-15T16:00:00Z,ATOMUSDT,0.0001
2023-10-16T00:00:00Z,ATOMUSDT,-0.00004875
2023-10-16T08:00:00Z,ATOMUSDT,-0.00011521
2023-10-16T16:00:00Z,ATOMUSDT,-0.00009124
2023-10-17T00:00:00Z,ATOMUSDT,-0.00010851
2023-10-17T08:00:00Z,ATOMUSDT,-0.00010072
2023-10-17T16:00:00Z,ATOMUSDT,-0.00009516
2023-10-18T00:00:00Z,ATOMUSDT,-0.00006053
2023-10-18T08:00:00Z,ATOMUSDT,0.00006418
2023-10-18T16:00:00Z,ATOMUSDT,0.0001
2023-10-19T00:00:00Z,ATOMUSDT,0.0001
2023-10-19T08:00:00Z,ATOMUSDT,0.0001
2023-10-19T16:00:00Z,ATOMUSDT,0.0001
2023-10-20T00:00:00Z,ATOMUSDT,0.00002931
2023-10-20T08:00:00Z,ATOMUSDT,-0.00001131
2023-10-20T16:00:00Z,ATOMUSDT,-0.00000075
2023-10-21T00:00:00Z,ATOMUSDT,-0.00003105
2023-10-21T08:00:00Z,ATOMUSDT,0.00006101
2023-10-21T16:00:00Z,ATOMUSDT,0.00007296
2023-10-22T00:00:00Z,ATOMUSDT,0.0001
2023-10-22T08:00:00Z,ATOMUSDT,0.00008969
2023-10-22T16:00:00Z,ATOMUSDT,0.00005309
2023-10-23T00:00:00Z,ATOMUSDT,0.0001
2023-10-23T08:00:00Z,ATOMUSDT,-0.00007269
2023-10-23T16:00:00Z,ATOMUSDT,-0.00003164
2023-10-24T00:00:00Z,ATOMUSDT,0.00003824
2023-10-24T08:00:00Z,ATOMUSDT,0.00008148
2023-10-24T16:00:00Z,ATOMUSDT,0.0001
2023-10-25T00:00:00Z,ATOMUSDT,0.0001
2023-10-25T08:00:00Z,ATOMUSDT,0.0001
2023-10-25T16:00:00Z,ATOMUSDT,0.00004021
2023-10-26T00:00:00Z,ATOMUSDT,0.0001
2023-10-26T08:00:00Z,ATOMUSDT,0.0001
2023-10-26T16:00:00Z,ATOMUSDT,0.0001
2023-10-27T00:00:00Z,ATOMUSDT,0.0001
2023-10-27T08:00:00Z,ATOMUSDT,0.0001
2023-10-27T16:00:00Z,ATOMUSDT,0.0001
2023-10-28T00:00:00Z,ATOMUSDT,0.0001
2023-10-28T08:00:00Z,ATOMUSDT,0.0001
2023-10-28T16:00:00Z,ATOMUSDT,0.0001
2023-10-29T00:00:00Z,ATOMUSDT,0.0001
2023-10-29T08:00:00Z,ATOMUSDT,0.0001
2023-10-29T16:00:00Z,ATOMUSDT,0.0001
2023-10-30T00:00:00Z,ATOMUSDT,0.0001
2023-10-30T08:00:00Z,ATOMUSDT,0.0001
2023-10-30T16:00:00Z,ATOMUSDT,0.0001
2023-10-31T00:00:00Z,ATOMUSDT,-0.00007365
2023-10-31T08:00:00Z,ATOMUSDT,0.0001
2023-10-31T16:00:00Z,ATOMUSDT,0.0001
2023-11-01T00:00:00Z,ATOMUSDT,0.00007233
2023-11-01T08:00:00Z,ATOMUSDT,0.0001
2023-11-01T16:00:00Z,ATOMUSDT,0.0001
2023-11-02T00:00:00Z,ATOMUSDT,0.0001
2023-11-02T08:00:00Z,ATOMUSDT,0.0001
2023-11-02T16:00:00Z,ATOMUSDT,0.0001
2023-11-03T00:00:00Z,ATOMUSDT,0.0001
2023-11-03T08:00:00Z,ATOMUSDT,0.0001
2023-11-03T16:00:00Z,ATOMUSDT,0.0001
2023-11-04T00:00:00Z,ATOMUSDT,0.0001
2023-11-04T08:00:00Z,ATOMUSDT,0.0001
2023-11-04T16:00:00Z,ATOMUSDT,0.0001
2023-11-05T00:00:00Z,ATOMUSDT,0.0001
2023-11-05T08:00:00Z,ATOMUSDT,0.0001
2023-11-05T16:00:00Z,ATOMUSDT,0.0001
2023-11-06T00:00:00Z,ATOMUSDT,0.0001
2023-11-06T08:00:00Z,ATOMUSDT,0.0001
2023-11-06T16:00:00Z,ATOMUSDT,0.0001
2023-11-07T00:00:00Z,ATOMUSDT,0.0001
2023-11-07T08:00:00Z,ATOMUSDT,0.0001
2023-11-07T16:00:00Z,ATOMUSDT,0.00013143
2023-11-08T00:00:00Z,ATOMUSDT,0.0001
2023-11-08T08:00:00Z,ATOMUSDT,0.0001
2023-11-08T16:00:00Z,ATOMUSDT,0.0001
2023-11-09T00:00:00Z,ATOMUSDT,0.0001
2023-11-09T08:00:00Z,ATOMUSDT,0.0001
2023-11-09T16:00:00Z,ATOMUSDT,0.00020551
2023-11-10T00:00:00Z,ATOMUSDT,-0.00009349
2023-11-10T08:00:00Z,ATOMUSDT,0.0001
2023-11-10T16:00:00Z,ATOMUSDT,0.00010797
2023-11-11T00:00:00Z,ATOMUSDT,0.0001
2023-11-11T08:00:00Z,ATOMUSDT,0.0001
2023-11-11T16:00:00Z,ATOMUSDT,0.0001
2023-11-12T00:00:00Z,ATOMUSDT,0.0001
2023-11-12T08:00:00Z,ATOMUSDT,0.0001
2023-11-12T16:00:00Z,ATOMUSDT,0.00024366
2023-11-13T00:00:00Z,ATOMUSDT,0.0001
2023-11-13T08:00:00Z,ATOMUSDT,0.0001
2023-11-13T16:00:00Z,ATOMUSDT,0.0001
2023-11-14T00:00:00Z,ATOMUSDT,0.00015507
2023-11-14T08:00:00Z,ATOMUSDT,0.0001
2023-11-14T16:00:00Z,ATOMUSDT,0.0001
2023-11-15T00:00:00Z,ATOMUSDT,0.0001
2023-11-15T08:00:00Z,ATOMUSDT,0.0001
2023-11-15T16:00:00Z,ATOMUSDT,0.0001
2023-11-16T00:00:00Z,ATOMUSDT,0.0001
2023-11-16T08:00:00Z,ATOMUSDT,0.0001
2023-11-16T16:00:00Z,ATOMUSDT,0.0001
2023-11-17T00:00:00Z,ATOMUSDT,0.0001
2023-11-17T08:00:00Z,ATOMUSDT,0.0001
2023-11-17T16:00:00Z,ATOMUSDT,0.0001
2023-11-18T00:00:00Z,ATOMUSDT,0.0001
2023-11-18T08:00:00Z,ATOMUSDT,0.0001
2023-11-18T16:00:00Z,ATOMUSDT,0.0001
2023-11-19T00:00:00Z,ATOMUSDT,0.0001
2023-11-19T08:00:00Z,ATOMUSDT,0.0001
2023-11-19T16:00:00Z,ATOMUSDT,0.0001
2023-11-20T00:00:00Z,ATOMUSDT,0.0001
2023-11-20T08:00:00Z,ATOMUSDT,0.0001
2023-11-20T16:00:00Z,ATOMUSDT,0.0001
2023-11-21T00:00:00Z,ATOMUSDT,0.0001
2023-11-21T08:00:00Z,ATOMUSDT,0.0001
2023-11-21T16:00:00Z,ATOMUSDT,0.0001
2023-11-22T00:00:00Z,ATOMUSDT,0.0001
2023-11-22T08:00:00Z,ATOMUSDT,0.00001452
2023-11-22T16:00:00Z,ATOMUSDT,0.0001
2023-11-23T00:00:00Z,ATOMUSDT,0.0001
2023-11-23T08:00:00Z,ATOMUSDT,0.0001
2023-11-23T16:00:00Z,ATOMUSDT,0.0001
2023-11-24T00:00:00Z,ATOMUSDT,0.0001
2023-11-24T08:00:00Z,ATOMUSDT,0.00005038
2023-11-24T16:00:00Z,ATOMUSDT,0.0001
2023-11-25T00:00:00Z,ATOMUSDT,0.0001
2023-11-25T08:00:00Z,ATOMUSDT,0.0001
2023-11-25T16:00:00Z,ATOMUSDT,0.0001
2023-11-26T00:00:00Z,ATOMUSDT,0.0001
2023-11-26T08:00:00Z,ATOMUSDT,0.0001
2023-11-26T16:00:00Z,ATOMUSDT,0.0001
2023-11-27T00:00:00Z,ATOMUSDT,0.0001
2023-11-27T08:00:00Z,ATOMUSDT,0.0001
2023-11-27T16:00:00Z,ATOMUSDT,0.0001
2023-11-28T00:00:00Z,ATOMUSDT,0.0001
2023-11-28T08:00:00Z,ATOMUSDT,0.0001
2023-11-28T16:00:00Z,ATOMUSDT,0.0001
2023-11-29T00:00:00Z,ATOMUSDT,0.0001
2023-11-29T08:00:00Z,ATOMUSDT,0.0001
2023-11-29T16:00:00Z,ATOMUSDT,0.0001
2023-11-30T00:00:00Z,ATOMUSDT,0.0001
2023-11-30T08:00:00Z,ATOMUSDT,0.0001
2023-11-30T16:00:00Z,ATOMUSDT,0.0001
2023-12-01T00:00:00Z,ATOMUSDT,0.0001
2023-12-01T08:00:00Z,ATOMUSDT,0.0001
2023-12-01T16:00:00Z,ATOMUSDT,0.0001
2023-12-02T00:00:00Z,ATOMUSDT,0.0001
2023-12-02T08:00:00Z,ATOMUSDT,0.0001
2023-12-02T16:00:00Z,ATOMUSDT,0.0001
2023-12-03T00:00:00Z,ATOMUSDT,0.0001
2023-12-03T08:00:00Z,ATOMUSDT,0.0000856
2023-12-03T16:00:00Z,ATOMUSDT,0.00006924
2023-12-04T00:00:00Z,ATOMUSDT,0.00007146
2023-12-04T08:00:00Z,ATOMUSDT,0.0001
2023-12-04T16:00:00Z,ATOMUSDT,0.0001
2023-12-05T00:00:00Z,ATOMUSDT,0.0001
2023-12-05T08:00:00Z,ATOMUSDT,0.0001
2023-12-05T16:00:00Z,ATOMUSDT,0.0001
2023-12-06T00:00:00Z,ATOMUSDT,0.0001
2023-12-06T08:00:00Z,ATOMUSDT,0.0001
2023-12-06T16:00:00Z,ATOMUSDT,0.0001
2023-12-07T00:00:00Z,ATOMUSDT,0.0001
2023-12-07T08:00:00Z,ATOMUSDT,0.0001
2023-12-07T16:00:00Z,ATOMUSDT,0.0001
2023-12-08T00:00:00Z,ATOMUSDT,0.00029036
2023-12-08T08:00:00Z,ATOMUSDT,0.00029302
2023-12-08T16:00:00Z,ATOMUSDT,0.0002571
2023-12-09T00:00:00Z,ATOMUSDT,0.0002852
2023-12-09T08:00:00Z,ATOMUSDT,0.00012032
2023-12-09T16:00:00Z,ATOMUSDT,0.00045408
2023-12-10T00:00:00Z,ATOMUSDT,0.00032272
2023-12-10T08:00:00Z,ATOMUSDT,0.00033321
2023-12-10T16:00:00Z,ATOMUSDT,0.0001
2023-12-11T00:00:00Z,ATOMUSDT,0.0001
2023-12-11T08:00:00Z,ATOMUSDT,0.0001
2023-12-11T16:00:00Z,ATOMUSDT,0.0001
2023-12-12T00:00:00Z,ATOMUSDT,0.0001
2023-12-12T08:00:00Z,ATOMUSDT,0.0001
2023-12-12T16:00:00Z,ATOMUSDT,0.0001
2023-12-13T00:00:00Z,ATOMUSDT,0.00020654
2023-12-13T08:00:00Z,ATOMUSDT,0.0001
2023-12-13T16:00:00Z,ATOMUSDT,0.0001
2023-12-14T00:00:00Z,ATOMUSDT,0.0001
2023-12-14T08:00:00Z,ATOMUSDT,0.0001
2023-12-14T16:00:00Z,ATOMUSDT,0.0001
2023-12-15T00:00:00Z,ATOMUSDT,0.0001
2023-12-15T08:00:00Z,ATOMUSDT,0.0001
2023-12-15T16:00:00Z,ATOMUSDT,0.0001
2023-12-16T00:00:00Z,ATOMUSDT,0.00022996
2023-12-16T08:00:00Z,ATOMUSDT,0.0001
2023-12-16T16:00:00Z,ATOMUSDT,0.00012136
2023-12-17T00:00:00Z,ATOMUSDT,0.0001992
2023-12-17T08:00:00Z,ATOMUSDT,0.0001
2023-12-17T16:00:00Z,ATOMUSDT,0.0001819
2023-12-18T00:00:00Z,ATOMUSDT,0.0001
2023-12-18T08:00:00Z,ATOMUSDT,0.00015963
2023-12-18T16:00:00Z,ATOMUSDT,0.0001
2023-12-19T00:00:00Z,ATOMUSDT,0.0001
2023-12-19T08:00:00Z,ATOMUSDT,0.0001
2023-12-19T16:00:00Z,ATOMUSDT,0.0001
2023-12-20T00:00:00Z,ATOMUSDT,0.0001
2023-12-20T08:00:00Z,ATOMUSDT,0.0001
2023-12-20T16:00:00Z,ATOMUSDT,0.00021803
2023-12-21T00:00:00Z,ATOMUSDT,0.00033468
2023-12-21T08:00:00Z,ATOMUSDT,0.00057215
2023-12-21T16:00:00Z,ATOMUSDT,0.00036716
2023-12-22T00:00:00Z,ATOMUSDT,0.00036573
2023-12-22T08:00:00Z,ATOMUSDT,0.00045204
2023-12-22T16:00:00Z,ATOMUSDT,0.00074463
2023-12-23T00:00:00Z,ATOMUSDT,0.00048632
2023-12-23T08:00:00Z,ATOMUSDT,0.00036267
2023-12-23T16:00:00Z,ATOMUSDT,0.00060954
2023-12-24T00:00:00Z,ATOMUSDT,0.00059578
2023-12-24T08:00:00Z,ATOMUSDT,0.00051384
2023-12-24T16:00:00Z,ATOMUSDT,0.00047541
2023-12-25T00:00:00Z,ATOMUSDT,0.00036253
2023-12-25T08:00:00Z,ATOMUSDT,0.00039643
2023-12-25T16:00:00Z,ATOMUSDT,0.00043432
2023-12-26T00:00:00Z,ATOMUSDT,0.00065911
2023-12-26T08:00:00Z,ATOMUSDT,0.00040242
2023-12-26T16:00:00Z,ATOMUSDT,0.00049508
2023-12-27T00:00:00Z,ATOMUSDT,0.00033498
2023-12-27T08:00:00Z,ATOMUSDT,0.0003105
2023-12-27T16:00:00Z,ATOMUSDT,0.00062784
2023-12-28T00:00:00Z,ATOMUSDT,0.00052967
2023-12-28T08:00:00Z,ATOMUSDT,0.00077933
2023-12-28T16:00:00Z,ATOMUSDT,0.00070219
2023-12-29T00:00:00Z,ATOMUSDT,0.00062277
2023-12-29T08:00:00Z,ATOMUSDT,0.00060525
2023-12-29T16:00:00Z,ATOMUSDT,0.00057709
2023-12-30T00:00:00Z,ATOMUSDT,0.00051425
2023-12-30T08:00:00Z,ATOMUSDT,0.00049743
2023-12-30T16:00:00Z,ATOMUSDT,0.00045069
2023-12-31T00:00:00Z,ATOMUSDT,0.00039526
2023-12-31T08:00:00Z,ATOMUSDT,0.0005937
2023-12-31T16:00:00Z,ATOMUSDT,0.0004996
2024-01-01T00:00:00Z,ATOMUSDT,0.00042019
2024-01-01T08:00:00Z,ATOMUSDT,0.00042409
2024-01-01T16:00:00Z,ATOMUSDT,0.00037377
2024-01-02T00:00:00Z,ATOMUSDT,0.00059157
2024-01-02T08:00:00Z,ATOMUSDT,0.00065469
2024-01-02T16:00:00Z,ATOMUSDT,0.00070011
2024-01-03T00:00:00Z,ATOMUSDT,0.00039727
2024-01-03T08:00:00Z,ATOMUSDT,0.00046947
2024-01-03T16:00:00Z,ATOMUSDT,0.0001
2024-01-04T00:00:00Z,ATOMUSDT,0.0001
2024-01-04T08:00:00Z,ATOMUSDT,0.0001
2024-01-04T16:00:00Z,ATOMUSDT,0.0001
2024-01-05T00:00:00Z,ATOMUSDT,0.0001
2024-01-05T08:00:00Z,ATOMUSDT,0.0001
2024-01-05T16:00:00Z,ATOMUSDT,0.0001
2024-01-06T00:00:00Z,ATOMUSDT,0.0001
2024-01-06T08:00:00Z,ATOMUSDT,0.0001
2024-01-06T16:00:00Z,ATOMUSDT,0.0001
2024-01-07T00:00:00Z,ATOMUSDT,0.0001
2024-01-07T08:00:00Z,ATOMUSDT,0.0001
2024-01-07T16:00:00Z,ATOMUSDT,0.0001
2024-01-08T00:00:00Z,ATOMUSDT,0.0001
2024-01-08T08:00:00Z,ATOMUSDT,0.00009137
2024-01-08T16:00:00Z,ATOMUSDT,0.0001
2024-01-09T00:00:00Z,ATOMUSDT,0.0001
2024-01-09T08:00:00Z,ATOMUSDT,0.00007465
2024-01-09T16:00:00Z,ATOMUSDT,0.000063
2024-01-10T00:00:00Z,ATOMUSDT,0.0001
2024-01-10T08:00:00Z,ATOMUSDT,0.0001
2024-01-10T16:00:00Z,ATOMUSDT,0.0001
2024-01-11T00:00:00Z,ATOMUSDT,0.0001
2024-01-11T08:00:00Z,ATOMUSDT,0.0001
2024-01-11T16:00:00Z,ATOMUSDT,0.0001
2024-01-12T00:00:00Z,ATOMUSDT,0.0001
2024-01-12T08:00:00Z,ATOMUSDT,0.0001
2024-01-12T16:00:00Z,ATOMUSDT,0.0001
2024-01-13T00:00:00Z,ATOMUSDT,0.0001
2024-01-13T08:00:00Z,ATOMUSDT,0.0001
2024-01-13T16:00:00Z,ATOMUSDT,0.0001
2024-01-14T00:00:00Z,ATOMUSDT,0.0001
2024-01-14T08:00:00Z,ATOMUSDT,0.0001
2024-01-14T16:00:00Z,ATOMUSDT,0.0001
2024-01-15T00:00:00Z,ATOMUSDT,0.0001
2024-01-15T08:00:00Z,ATOMUSDT,0.0001
2024-01-15T16:00:00Z,ATOMUSDT,0.0001
2024-01-16T00:00:00Z,ATOMUSDT,0.0001
2024-01-16T08:00:00Z,ATOMUSDT,0.0001
2024-01-16T16:00:00Z,ATOMUSDT,0.0001
2024-01-17T00:00:00Z,ATOMUSDT,0.0001
2024-01-17T08:00:00Z,ATOMUSDT,0.0001
2024-01-17T16:00:00Z,ATOMUSDT,0.0001
2024-01-18T00:00:00Z,ATOMUSDT,0.0001
2024-01-18T08:00:00Z,ATOMUSDT,0.0001
2024-01-18T16:00:00Z,ATOMUSDT,0.0001
2024-01-19T00:00:00Z,ATOMUSDT,0.0001
2024-01-19T08:00:00Z,ATOMUSDT,0.0001
2024-01-19T16:00:00Z,ATOMUSDT,0.0001
2024-01-20T00:00:00Z,ATOMUSDT,0.0001
2024-01-20T08:00:00Z,ATOMUSDT,0.0001
2024-01-20T16:00:00Z,ATOMUSDT,0.0001
2024-01-21T00:00:00Z,ATOMUSDT,0.0001
2024-01-21T08:00:00Z,ATOMUSDT,0.0001
2024-01-21T16:00:00Z,ATOMUSDT,0.0001
2024-01-22T00:00:00Z,ATOMUSDT,0.0001
2024-01-22T08:00:00Z,ATOMUSDT,0.0001
2024-01-22T16:00:00Z,ATOMUSDT,0.0001
2024-01-23T00:00:00Z,ATOMUSDT,0.0001
2024-01-23T08:00:00Z,ATOMUSDT,0.0001
2024-01-23T16:00:00Z,ATOMUSDT,0.00000004
2024-01-24T00:00:00Z,ATOMUSDT,-0.00002876
2024-01-24T08:00:00Z,ATOMUSDT,0.0001
2024-01-24T16:00:00Z,ATOMUSDT,-0.00002641
2024-01-25T00:00:00Z,ATOMUSDT,0.0001
2024-01-25T08:00:00Z,ATOMUSDT,0.0001
2024-01-25T16:00:00Z,ATOMUSDT,0.0001
2024-01-26T00:00:00Z,ATOMUSDT,0.0001
2024-01-26T08:00:00Z,ATOMUSDT,0.0001
2024-01-26T16:00:00Z,ATOMUSDT,-0.00000083
2024-01-27T00:00:00Z,ATOMUSDT,0.0001
2024-01-27T08:00:00Z,ATOMUSDT,0.0001
2024-01-27T16:00:00Z,ATOMUSDT,0.0001
2024-01-28T00:00:00Z,ATOMUSDT,0.0001
2024-01-28T08:00:00Z,ATOMUSDT,0.0001
2024-01-28T16:00:00Z,ATOMUSDT,0.0001
2024-01-29T00:00:00Z,ATOMUSDT,0.0001
2024-01-29T08:00:00Z,ATOMUSDT,0.0001
2024-01-29T16:00:00Z,ATOMUSDT,0.0001
2024-01-30T00:00:00Z,ATOMUSDT,0.0001
2024-01-30T08:00:00Z,ATOMUSDT,0.0001
2024-01-30T16:00:00Z,ATOMUSDT,0.0001
2024-01-31T00:00:00Z,ATOMUSDT,0.0001
2024-01-31T08:00:00Z,ATOMUSDT,0.0001
2024-01-31T16:00:00Z,ATOMUSDT,0.0001
2024-02-01T00:00:00Z,ATOMUSDT,0.0001
2024-02-01T08:00:00Z,ATOMUSDT,0.0001
2024-02-01T16:00:00Z,ATOMUSDT,0.0001
2024-02-02T00:00:00Z,ATOMUSDT,0.0001
2024-02-02T08:00:00Z,ATOMUSDT,0.0001
2024-02-02T16:00:00Z,ATOMUSDT,0.0001
2024-02-03T00:00:00Z,ATOMUSDT,0.0001
2024-02-03T08:00:00Z,ATOMUSDT,0.0001
2024-02-03T16:00:00Z,ATOMUSDT,0.0001
2024-02-04T00:00:00Z,ATOMUSDT,0.0001
2024-02-04T08:00:00Z,ATOMUSDT,0.0001
2024-02-04T16:00:00Z,ATOMUSDT,0.0001
2024-02-05T00:00:00Z,ATOMUSDT,0.0001
2024-02-05T08:00:00Z,ATOMUSDT,0.0001
2024-02-05T16:00:00Z,ATOMUSDT,0.0001
2024-02-06T00:00:00Z,ATOMUSDT,0.0001
2024-02-06T08:00:00Z,ATOMUSDT,0.0001
2024-02-06T16:00:00Z,ATOMUSDT,0.0001
2024-02-07T00:00:00Z,ATOMUSDT,0.0001
2024-02-07T08:00:00Z,ATOMUSDT,0.0001
2024-02-07T16:00:00Z,ATOMUSDT,0.0001
2024-02-08T00:00:00Z,ATOMUSDT,0.00006129
2024-02-08T08:00:00Z,ATOMUSDT,0.0001
2024-02-08T16:00:00Z,ATOMUSDT,0.0001
2024-02-09T00:00:00Z,ATOMUSDT,0.00002383
2024-02-09T08:00:00Z,ATOMUSDT,0.0001
2024-02-09T16:00:00Z,ATOMUSDT,0.0001
2024-02-10T00:00:00Z,ATOMUSDT,0.0001
2024-02-10T08:00:00Z,ATOMUSDT,0.0001
2024-02-10T16:00:00Z,ATOMUSDT,0.0001
2024-02-11T00:00:00Z,ATOMUSDT,0.0001
2024-02-11T08:00:00Z,ATOMUSDT,0.0001
2024-02-11T16:00:00Z,ATOMUSDT,0.0001
2024-02-12T00:00:00Z,ATOMUSDT,0.0001
2024-02-12T08:00:00Z,ATOMUSDT,0.0001
2024-02-12T16:00:00Z,ATOMUSDT,0.0001
2024-02-13T00:00:00Z,ATOMUSDT,0.0001
2024-02-13T08:00:00Z,ATOMUSDT,0.0001
2024-02-13T16:00:00Z,ATOMUSDT,0.0001
2024-02-14T00:00:00Z,ATOMUSDT,0.0001
2024-02-14T08:00:00Z,ATOMUSDT,0.0001
2024-02-14T16:00:00Z,ATOMUSDT,0.0001
2024-02-15T00:00:00Z,ATOMUSDT,0.0001476
2024-02-15T08:00:00Z,ATOMUSDT,0.00012508
2024-02-15T16:00:00Z,ATOMUSDT,0.00017342
2024-02-16T00:00:00Z,ATOMUSDT,0.0002524
2024-02-16T08:00:00Z,ATOMUSDT,0.00018099
2024-02-16T16:00:00Z,ATOMUSDT,0.0001
2024-02-17T00:00:00Z,ATOMUSDT,0.0001
2024-02-17T08:00:00Z,ATOMUSDT,0.0001
2024-02-17T16:00:00Z,ATOMUSDT,0.0001
2024-02-18T00:00:00Z,ATOMUSDT,0.0001
2024-02-18T08:00:00Z,ATOMUSDT,0.0001
2024-02-18T16:00:00Z,ATOMUSDT,0.00017894
2024-02-19T00:00:00Z,ATOMUSDT,0.00019249
2024-02-19T08:00:00Z,ATOMUSDT,0.00035548
2024-02-19T16:00:00Z,ATOMUSDT,0.00025673
2024-02-20T00:00:00Z,ATOMUSDT,0.00038279
2024-02-20T08:00:00Z,ATOMUSDT,0.00034026
2024-02-20T16:00:00Z,ATOMUSDT,0.00025525
2024-02-21T00:00:00Z,ATOMUSDT,0.00017163
2024-02-21T08:00:00Z,ATOMUSDT,0.00013403
2024-02-21T16:00:00Z,ATOMUSDT,0.0001
2024-02-22T00:00:00Z,ATOMUSDT,0.00010783
2024-02-22T08:00:00Z,ATOMUSDT,0.0001
2024-02-22T16:00:00Z,ATOMUSDT,0.00017697
2024-02-23T00:00:00Z,ATOMUSDT,0.00015574
2024-02-23T08:00:00Z,ATOMUSDT,0.00014629
2024-02-23T16:00:00Z,ATOMUSDT,0.00014586
2024-02-24T00:00:00Z,ATOMUSDT,0.0001
2024-02-24T08:00:00Z,ATOMUSDT,0.00011887
2024-02-24T16:00:00Z,ATOMUSDT,0.0001
2024-02-25T00:00:00Z,ATOMUSDT,0.0001
2024-02-25T08:00:00Z,ATOMUSDT,0.00013595
2024-02-25T16:00:00Z,ATOMUSDT,0.00021369
2024-02-26T00:00:00Z,ATOMUSDT,0.00034895
2024-02-26T08:00:00Z,ATOMUSDT,0.00033291
2024-02-26T16:00:00Z,ATOMUSDT,0.00025879
2024-02-27T00:00:00Z,ATOMUSDT,0.00023722
2024-02-27T08:00:00Z,ATOMUSDT,0.00044561
2024-02-27T16:00:00Z,ATOMUSDT,0.00029975
2024-02-28T00:00:00Z,ATOMUSDT,0.0001
2024-02-28T08:00:00Z,ATOMUSDT,0.0003928
2024-02-28T16:00:00Z,ATOMUSDT,0.00062482
2024-02-29T00:00:00Z,ATOMUSDT,0.00028666
2024-02-29T08:00:00Z,ATOMUSDT,0.00087688
2024-02-29T16:00:00Z,ATOMUSDT,0.00088069
2024-03-01T00:00:00Z,ATOMUSDT,0.00060295
2024-03-01T08:00:00Z,ATOMUSDT,0.00052788
2024-03-01T16:00:00Z,ATOMUSDT,0.00055557
2024-03-02T00:00:00Z,ATOMUSDT,0.00075287
2024-03-02T08:00:00Z,ATOMUSDT,0.00089195
2024-03-02T16:00:00Z,ATOMUSDT,0.00078368
2024-03-03T00:00:00Z,ATOMUSDT,0.00093647
2024-03-03T08:00:00Z,ATOMUSDT,0.00072052
2024-03-03T16:00:00Z,ATOMUSDT,0.00049828
2024-03-04T00:00:00Z,ATOMUSDT,0.00055262
2024-03-04T08:00:00Z,ATOMUSDT,0.00077336
2024-03-04T16:00:00Z,ATOMUSDT,0.0007029
2024-03-05T00:00:00Z,ATOMUSDT,0.00055626
2024-03-05T08:00:00Z,ATOMUSDT,0.00109003
2024-03-05T16:00:00Z,ATOMUSDT,0.00099021
2024-03-06T00:00:00Z,ATOMUSDT,0.0001
2024-03-06T08:00:00Z,ATOMUSDT,0.0001
2024-03-06T16:00:00Z,ATOMUSDT,0.00016771
2024-03-07T00:00:00Z,ATOMUSDT,0.00021829
2024-03-07T08:00:00Z,ATOMUSDT,0.00028443
2024-03-07T16:00:00Z,ATOMUSDT,0.0001
2024-03-08T00:00:00Z,ATOMUSDT,0.00033673
2024-03-08T08:00:00Z,ATOMUSDT,0.00045203
2024-03-08T16:00:00Z,ATOMUSDT,0.00045688
2024-03-09T00:00:00Z,ATOMUSDT,0.00039618
2024-03-09T08:00:00Z,ATOMUSDT,0.00040881
2024-03-09T16:00:00Z,ATOMUSDT,0.0004668
2024-03-10T00:00:00Z,ATOMUSDT,0.00068112
2024-03-10T08:00:00Z,ATOMUSDT,0.0007709
2024-03-10T16:00:00Z,ATOMUSDT,0.00032217
2024-03-11T00:00:00Z,ATOMUSDT,0.00046336
2024-03-11T08:00:00Z,ATOMUSDT,0.00040591
2024-03-11T16:00:00Z,ATOMUSDT,0.00053835
2024-03-12T00:00:00Z,ATOMUSDT,0.00051292
2024-03-12T08:00:00Z,ATOMUSDT,0.00048021
2024-03-12T16:00:00Z,ATOMUSDT,0.00046313
2024-03-13T00:00:00Z,ATOMUSDT,0.00053842
2024-03-13T08:00:00Z,ATOMUSDT,0.00061158
2024-03-13T16:00:00Z,ATOMUSDT,0.00067645
2024-03-14T00:00:00Z,ATOMUSDT,0.00047301
2024-03-14T08:00:00Z,ATOMUSDT,0.0006647
2024-03-14T16:00:00Z,ATOMUSDT,0.00063012
2024-03-15T00:00:00Z,ATOMUSDT,0.00060824
2024-03-15T08:00:00Z,ATOMUSDT,0.00032934
2024-03-15T16:00:00Z,ATOMUSDT,0.00019107
2024-03-16T00:00:00Z,ATOMUSDT,0.00013203
2024-03-16T08:00:00Z,ATOMUSDT,0.00019924
2024-03-16T16:00:00Z,ATOMUSDT,0.0001
2024-03-17T00:00:00Z,ATOMUSDT,0.0001
2024-03-17T08:00:00Z,ATOMUSDT,0.0001
2024-03-17T16:00:00Z,ATOMUSDT,0.00014326
2024-03-18T00:00:00Z,ATOMUSDT,0.00011008
2024-03-18T08:00:00Z,ATOMUSDT,0.00010896
2024-03-18T16:00:00Z,ATOMUSDT,0.0001
2024-03-19T00:00:00Z,ATOMUSDT,0.00012163
2024-03-19T08:00:00Z,ATOMUSDT,0.0001
2024-03-19T16:00:00Z,ATOMUSDT,0.0001
2024-03-20T00:00:00Z,ATOMUSDT,0.0001
2024-03-20T08:00:00Z,ATOMUSDT,0.0001
2024-03-20T16:00:00Z,ATOMUSDT,0.0001
2024-03-21T00:00:00Z,ATOMUSDT,0.0001
2024-03-21T08:00:00Z,ATOMUSDT,0.0001
2024-03-21T16:00:00Z,ATOMUSDT,0.0001
2024-03-22T00:00:00Z,ATOMUSDT,0.0001
2024-03-22T08:00:00Z,ATOMUSDT,0.0001
2024-03-22T16:00:00Z,ATOMUSDT,0.0001
2024-03-23T00:00:00Z,ATOMUSDT,0.0001
2024-03-23T08:00:00Z,ATOMUSDT,0.0001
2024-03-23T16:00:00Z,ATOMUSDT,0.0001
2024-03-24T00:00:00Z,ATOMUSDT,0.0001
2024-03-24T08:00:00Z,ATOMUSDT,0.0001
2024-03-24T16:00:00Z,ATOMUSDT,0.0001
2024-03-25T00:00:00Z,ATOMUSDT,0.0001
2024-03-25T08:00:00Z,ATOMUSDT,0.0001
2024-03-25T16:00:00Z,ATOMUSDT,0.00016212
2024-03-26T00:00:00Z,ATOMUSDT,0.00025349
2024-03-26T08:00:00Z,ATOMUSDT,0.0002612
2024-03-26T16:00:00Z,ATOMUSDT,0.00026914
2024-03-27T00:00:00Z,ATOMUSDT,0.00040099
2024-03-27T08:00:00Z,ATOMUSDT,0.00034702
2024-03-27T16:00:00Z,ATOMUSDT,0.00027277
2024-03-28T00:00:00Z,ATOMUSDT,0.00027318
2024-03-28T08:00:00Z,ATOMUSDT,0.00039001
2024-03-28T16:00:00Z,ATOMUSDT,0.00042585
2024-03-29T00:00:00Z,ATOMUSDT,0.00043512
2024-03-29T08:00:00Z,ATOMUSDT,0.00038255
2024-03-29T16:00:00Z,ATOMUSDT,0.00048889
2024-03-30T00:00:00Z,ATOMUSDT,0.00041969
2024-03-30T08:00:00Z,ATOMUSDT,0.00035313
2024-03-30T16:00:00Z,ATOMUSDT,0.00041056
2024-03-31T00:00:00Z,ATOMUSDT,0.00034348
2024-03-31T08:00:00Z,ATOMUSDT,0.00050366
2024-03-31T16:00:00Z,ATOMUSDT,0.00046111
2024-04-01T00:00:00Z,ATOMUSDT,0.00072351
2024-04-01T08:00:00Z,ATOMUSDT,0.0004678
2024-04-01T16:00:00Z,ATOMUSDT,0.00029943
2024-04-02T00:00:00Z,ATOMUSDT,0.00033018
2024-04-02T08:00:00Z,ATOMUSDT,0.0001
2024-04-02T16:00:00Z,ATOMUSDT,0.00013953
2024-04-03T00:00:00Z,ATOMUSDT,0.0001
2024-04-03T08:00:00Z,ATOMUSDT,0.00019839
2024-04-03T16:00:00Z,ATOMUSDT,0.00014682
2024-04-04T00:00:00Z,ATOMUSDT,0.0001
2024-04-04T08:00:00Z,ATOMUSDT,0.0001
2024-04-04T16:00:00Z,ATOMUSDT,0.0001
2024-04-05T00:00:00Z,ATOMUSDT,0.0001
2024-04-05T08:00:00Z,ATOMUSDT,0.00018806
2024-04-05T16:00:00Z,ATOMUSDT,0.0001
2024-04-06T00:00:00Z,ATOMUSDT,0.00017042
2024-04-06T08:00:00Z,ATOMUSDT,0.00023091
2024-04-06T16:00:00Z,ATOMUSDT,0.00016214
2024-04-07T00:00:00Z,ATOMUSDT,0.0001
2024-04-07T08:00:00Z,ATOMUSDT,0.0001
2024-04-07T16:00:00Z,ATOMUSDT,0.00014623
2024-04-08T00:00:00Z,ATOMUSDT,0.00019441
2024-04-08T08:00:00Z,ATOMUSDT,0.0001
2024-04-08T16:00:00Z,ATOMUSDT,0.00025957
2024-04-09T00:00:00Z,ATOMUSDT,0.0004273
2024-04-09T08:00:00Z,ATOMUSDT,0.00024812
2024-04-09T16:00:00Z,ATOMUSDT,0.00027784
2024-04-10T00:00:00Z,ATOMUSDT,0.00021833
2024-04-10T08:00:00Z,ATOMUSDT,0.00027992
2024-04-10T16:00:00Z,ATOMUSDT,0.00019404
2024-04-11T00:00:00Z,ATOMUSDT,0.00028457
2024-04-11T08:00:00Z,ATOMUSDT,0.00017256
2024-04-11T16:00:00Z,ATOMUSDT,0.00014223
2024-04-12T00:00:00Z,ATOMUSDT,0.0001
2024-04-12T08:00:00Z,ATOMUSDT,0.00021118
2024-04-12T16:00:00Z,ATOMUSDT,0.00015661
2024-04-13T00:00:00Z,ATOMUSDT,0.0001
2024-04-13T08:00:00Z,ATOMUSDT,0.0001
2024-04-13T16:00:00Z,ATOMUSDT,0.0001
2024-04-14T00:00:00Z,ATOMUSDT,-0.00014002
2024-04-14T08:00:00Z,ATOMUSDT,0.0001
2024-04-14T16:00:00Z,ATOMUSDT,0.0001
2024-04-15T00:00:00Z,ATOMUSDT,0.0001
2024-04-15T08:00:00Z,ATOMUSDT,0.0001
2024-04-15T16:00:00Z,ATOMUSDT,0.0001
2024-04-16T00:00:00Z,ATOMUSDT,0.0001
2024-04-16T08:00:00Z,ATOMUSDT,0.0001
2024-04-16T16:00:00Z,ATOMUSDT,-0.00002258
2024-04-17T00:00:00Z,ATOMUSDT,-0.00002778
2024-04-17T08:00:00Z,ATOMUSDT,0.00008257
2024-04-17T16:00:00Z,ATOMUSDT,-0.00000291
2024-04-18T00:00:00Z,ATOMUSDT,0.0001
2024-04-18T08:00:00Z,ATOMUSDT,0.0001
2024-04-18T16:00:00Z,ATOMUSDT,0.0001
2024-04-19T00:00:00Z,ATOMUSDT,0.0001
2024-04-19T08:00:00Z,ATOMUSDT,0.00007295
2024-04-19T16:00:00Z,ATOMUSDT,0.0001
2024-04-20T00:00:00Z,ATOMUSDT,0.0001
2024-04-20T08:00:00Z,ATOMUSDT,0.00004144
2024-04-20T16:00:00Z,ATOMUSDT,0.00001187
2024-04-21T00:00:00Z,ATOMUSDT,0.00002235
2024-04-21T08:00:00Z,ATOMUSDT,0.0001
2024-04-21T16:00:00Z,ATOMUSDT,0.0000105
2024-04-22T00:00:00Z,ATOMUSDT,0.00000564
2024-04-22T08:00:00Z,ATOMUSDT,-0.00021209
2024-04-22T16:00:00Z,ATOMUSDT,-0.00016826
2024-04-23T00:00:00Z,ATOMUSDT,-0.00001791
2024-04-23T08:00:00Z,ATOMUSDT,-0.00007566
2024-04-23T16:00:00Z,ATOMUSDT,0.0001
2024-04-24T00:00:00Z,ATOMUSDT,0.00001735
2024-04-24T08:00:00Z,ATOMUSDT,0.0001
2024-04-24T16:00:00Z,ATOMUSDT,0.0001
2024-04-25T00:00:00Z,ATOMUSDT,0.0001
2024-04-25T08:00:00Z,ATOMUSDT,0.00008644
2024-04-25T16:00:00Z,ATOMUSDT,0.0001
2024-04-26T00:00:00Z,ATOMUSDT,0.00000103
2024-04-26T08:00:00Z,ATOMUSDT,0.0001
2024-04-26T16:00:00Z,ATOMUSDT,0.0001
2024-04-27T00:00:00Z,ATOMUSDT,0.0001
2024-04-27T08:00:00Z,ATOMUSDT,0.0001
2024-04-27T16:00:00Z,ATOMUSDT,0.00000207
2024-04-28T00:00:00Z,ATOMUSDT,-0.00003302
2024-04-28T08:00:00Z,ATOMUSDT,0.00001459
2024-04-28T16:00:00Z,ATOMUSDT,0.0001
2024-04-29T00:00:00Z,ATOMUSDT,0.0001
2024-04-29T08:00:00Z,ATOMUSDT,0.0001
2024-04-29T16:00:00Z,ATOMUSDT,0.00008084
2024-04-30T00:00:00Z,ATOMUSDT,0.00007111
2024-04-30T08:00:00Z,ATOMUSDT,0.0001
2024-04-30T16:00:00Z,ATOMUSDT,-0.00005719
2024-05-01T00:00:00Z,ATOMUSDT,-0.0002864
2024-05-01T08:00:00Z,ATOMUSDT,-0.00021072
2024-05-01T16:00:00Z,ATOMUSDT,0.0001
2024-05-02T00:00:00Z,ATOMUSDT,-0.00000436
2024-05-02T08:00:00Z,ATOMUSDT,0.0001
2024-05-02T16:00:00Z,ATOMUSDT,-0.00011712
2024-05-03T00:00:00Z,ATOMUSDT,0.0001
2024-05-03T08:00:00Z,ATOMUSDT,0.00000132
2024-05-03T16:00:00Z,ATOMUSDT,-0.00002749
2024-05-04T00:00:00Z,ATOMUSDT,-0.00003244
2024-05-04T08:00:00Z,ATOMUSDT,0.00007421
2024-05-04T16:00:00Z,ATOMUSDT,0.0001
2024-05-05T00:00:00Z,ATOMUSDT,0.00002562
2024-05-05T08:00:00Z,ATOMUSDT,0.00006282
2024-05-05T16:00:00Z,ATOMUSDT,0.0001
2024-05-06T00:00:00Z,ATOMUSDT,0.0001
2024-05-06T08:00:00Z,ATOMUSDT,0.0001
2024-05-06T16:00:00Z,ATOMUSDT,0.0001
2024-05-07T00:00:00Z,ATOMUSDT,0.0001
2024-05-07T08:00:00Z,ATOMUSDT,0.0001
2024-05-07T16:00:00Z,ATOMUSDT,0.0001
2024-05-08T00:00:00Z,ATOMUSDT,0.0001
2024-05-08T08:00:00Z,ATOMUSDT,0.0001
2024-05-08T16:00:00Z,ATOMUSDT,0.0001
2024-05-09T00:00:00Z,ATOMUSDT,0.0001
2024-05-09T08:00:00Z,ATOMUSDT,0.0001
2024-05-09T16:00:00Z,ATOMUSDT,0.0001
2024-05-10T00:00:00Z,ATOMUSDT,0.00003452
2024-05-10T08:00:00Z,ATOMUSDT,0.0001
2024-05-10T16:00:00Z,ATOMUSDT,0.0001
2024-05-11T00:00:00Z,ATOMUSDT,0.00004315
2024-05-11T08:00:00Z,ATOMUSDT,0.0001
2024-05-11T16:00:00Z,ATOMUSDT,0.0001
2024-05-12T00:00:00Z,ATOMUSDT,0.0001
2024-05-12T08:00:00Z,ATOMUSDT,0.00006835
2024-05-12T16:00:00Z,ATOMUSDT,-0.00004608
2024-05-13T00:00:00Z,ATOMUSDT,0.00009888
2024-05-13T08:00:00Z,ATOMUSDT,0.0001
2024-05-13T16:00:00Z,ATOMUSDT,0.0001
2024-05-14T00:00:00Z,ATOMUSDT,0.00009099
2024-05-14T08:00:00Z,ATOMUSDT,0.0001
2024-05-14T16:00:00Z,ATOMUSDT,0.0001
2024-05-15T00:00:00Z,ATOMUSDT,0.00001536
2024-05-15T08:00:00Z,ATOMUSDT,0.0001
2024-05-15T16:00:00Z,ATOMUSDT,0.00006251
2024-05-16T00:00:00Z,ATOMUSDT,0.0001
2024-05-16T08:00:00Z,ATOMUSDT,0.0001
2024-05-16T16:00:00Z,ATOMUSDT,0.0001
2024-05-17T00:00:00Z,ATOMUSDT,0.0001
2024-05-17T08:00:00Z,ATOMUSDT,0.0001
2024-05-17T16:00:00Z,ATOMUSDT,0.00006993
2024-05-18T00:00:00Z,ATOMUSDT,0.0001
2024-05-18T08:00:00Z,ATOMUSDT,0.0001
2024-05-18T16:00:00Z,ATOMUSDT,0.0001
2024-05-19T00:00:00Z,ATOMUSDT,0.0001
2024-05-19T08:00:00Z,ATOMUSDT,0.0001
2024-05-19T16:00:00Z,ATOMUSDT,0.0001
2024-05-20T00:00:00Z,ATOMUSDT,0.0001
2024-05-20T08:00:00Z,ATOMUSDT,0.0001
2024-05-20T16:00:00Z,ATOMUSDT,0.0001
2024-05-21T00:00:00Z,ATOMUSDT,0.0001
2024-05-21T08:00:00Z,ATOMUSDT,0.0001
2024-05-21T16:00:00Z,ATOMUSDT,0.0001
2024-05-22T00:00:00Z,ATOMUSDT,0.00013254
2024-05-22T08:00:00Z,ATOMUSDT,0.00014541
2024-05-22T16:00:00Z,ATOMUSDT,0.0001
2024-05-23T00:00:00Z,ATOMUSDT,0.0001402
2024-05-23T08:00:00Z,ATOMUSDT,0.00015137
2024-05-23T16:00:00Z,ATOMUSDT,0.0001
2024-05-24T00:00:00Z,ATOMUSDT,0.0001
2024-05-24T08:00:00Z,ATOMUSDT,0.0001
2024-05-24T16:00:00Z,ATOMUSDT,0.0001
2024-05-25T00:00:00Z,ATOMUSDT,0.0001
2024-05-25T08:00:00Z,ATOMUSDT,0.0001
2024-05-25T16:00:00Z,ATOMUSDT,0.0001
2024-05-26T00:00:00Z,ATOMUSDT,0.0001
2024-05-26T08:00:00Z,ATOMUSDT,0.0001
2024-05-26T16:00:00Z,ATOMUSDT,0.0001
2024-05-27T00:00:00Z,ATOMUSDT,0.0001
2024-05-27T08:00:00Z,ATOMUSDT,0.0001
2024-05-27T16:00:00Z,ATOMUSDT,0.0001
2024-05-28T00:00:00Z,ATOMUSDT,0.0001
2024-05-28T08:00:00Z,ATOMUSDT,0.0001
2024-05-28T16:00:00Z,ATOMUSDT,0.0001
2024-05-29T00:00:00Z,ATOMUSDT,0.0001
2024-05-29T08:00:00Z,ATOMUSDT,0.0001
2024-05-29T16:00:00Z,ATOMUSDT,0.0001
2024-05-30T00:00:00Z,ATOMUSDT,0.0001
2024-05-30T08:00:00Z,ATOMUSDT,0.0001
2024-05-30T16:00:00Z,ATOMUSDT,0.0001
2024-05-31T00:00:00Z,ATOMUSDT,0.0001
2024-05-31T08:00:00Z,ATOMUSDT,0.0001
2024-05-31T16:00:00Z,ATOMUSDT,0.0001
2024-06-01T00:00:00Z,ATOMUSDT,0.0001
2024-06-01T08:00:00Z,ATOMUSDT,0.0001
2024-06-01T16:00:00Z,ATOMUSDT,0.0001
2024-06-02T00:00:00Z,ATOMUSDT,0.0001
2024-06-02T08:00:00Z,ATOMUSDT,0.0001
2024-06-02T16:00:00Z,ATOMUSDT,0.0001
2024-06-03T00:00:00Z,ATOMUSDT,0.0001
2024-06-03T08:00:00Z,ATOMUSDT,0.0001
2024-06-03T16:00:00Z,ATOMUSDT,0.0001
2024-06-04T00:00:00Z,ATOMUSDT,0.0001
2024-06-04T08:00:00Z,ATOMUSDT,0.0001
2024-06-04T16:00:00Z,ATOMUSDT,0.0001
2024-06-05T00:00:00Z,ATOMUSDT,0.0001
2024-06-05T08:00:00Z,ATOMUSDT,0.0001
2024-06-05T16:00:00Z,ATOMUSDT,0.0001
2024-06-06T00:00:00Z,ATOMUSDT,0.0001
2024-06-06T08:00:00Z,ATOMUSDT,0.00014357
2024-06-06T16:00:00Z,ATOMUSDT,0.0001
2024-06-07T00:00:00Z,ATOMUSDT,0.0001
2024-06-07T08:00:00Z,ATOMUSDT,0.00012901
2024-06-07T16:00:00Z,ATOMUSDT,0.0001
2024-06-08T00:00:00Z,ATOMUSDT,0.0001
2024-06-08T08:00:00Z,ATOMUSDT,0.0001
2024-06-08T16:00:00Z,ATOMUSDT,0.0001
2024-06-09T00:00:00Z,ATOMUSDT,0.0001
2024-06-09T08:00:00Z,ATOMUSDT,0.0001
2024-06-09T16:00:00Z,ATOMUSDT,0.0001
2024-06-10T00:00:00Z,ATOMUSDT,0.0001
2024-06-10T08:00:00Z,ATOMUSDT,0.0001
2024-06-10T16:00:00Z,ATOMUSDT,0.0001
2024-06-11T00:00:00Z,ATOMUSDT,0.0001
2024-06-11T08:00:00Z,ATOMUSDT,0.0001
2024-06-11T16:00:00Z,ATOMUSDT,0.0001
2024-06-12T00:00:00Z,ATOMUSDT,0.0001
2024-06-12T08:00:00Z,ATOMUSDT,0.0001
2024-06-12T16:00:00Z,ATOMUSDT,0.0001
2024-06-13T00:00:00Z,ATOMUSDT,0.0001
2024-06-13T08:00:00Z,ATOMUSDT,0.0001
2024-06-13T16:00:00Z,ATOMUSDT,0.0001
2024-06-14T00:00:00Z,ATOMUSDT,0.00008731
2024-06-14T08:00:00Z,ATOMUSDT,0.0001
2024-06-14T16:00:00Z,ATOMUSDT,0.0001
2024-06-15T00:00:00Z,ATOMUSDT,0.0000967
2024-06-15T08:00:00Z,ATOMUSDT,0.00004488
2024-06-15T16:00:00Z,ATOMUSDT,0.0001
2024-06-16T00:00:00Z,ATOMUSDT,-0.00001622
2024-06-16T08:00:00Z,ATOMUSDT,0.00001865
2024-06-16T16:00:00Z,ATOMUSDT,-0.00003458
2024-06-17T00:00:00Z,ATOMUSDT,-0.00000907
2024-06-17T08:00:00Z,ATOMUSDT,0.0001
2024-06-17T16:00:00Z,ATOMUSDT,0.00005799
2024-06-18T00:00:00Z,ATOMUSDT,-0.00007434
2024-06-18T08:00:00Z,ATOMUSDT,-0.00002351
2024-06-18T16:00:00Z,ATOMUSDT,0.00002118
2024-06-19T00:00:00Z,ATOMUSDT,0.00001715
2024-06-19T08:00:00Z,ATOMUSDT,0.00000089
2024-06-19T16:00:00Z,ATOMUSDT,0.00000475
2024-06-20T00:00:00Z,ATOMUSDT,-0.00001012
2024-06-20T08:00:00Z,ATOMUSDT,-0.00005273
2024-06-20T16:00:00Z,ATOMUSDT,0.0001
2024-06-21T00:00:00Z,ATOMUSDT,0.0001
2024-06-21T08:00:00Z,ATOMUSDT,0.0001
2024-06-21T16:00:00Z,ATOMUSDT,0.00005322
2024-06-22T00:00:00Z,ATOMUSDT,0.00006392
2024-06-22T08:00:00Z,ATOMUSDT,0.0001
2024-06-22T16:00:00Z,ATOMUSDT,0.0001
2024-06-23T00:00:00Z,ATOMUSDT,-0.00002172
2024-06-23T08:00:00Z,ATOMUSDT,0.00001168
2024-06-23T16:00:00Z,ATOMUSDT,0.00009931
2024-06-24T00:00:00Z,ATOMUSDT,0.00009523
2024-06-24T08:00:00Z,ATOMUSDT,0.00009623
2024-06-24T16:00:00Z,ATOMUSDT,-0.00003701
2024-06-25T00:00:00Z,ATOMUSDT,-0.00002207
2024-06-25T08:00:00Z,ATOMUSDT,-0.00000226
2024-06-25T16:00:00Z,ATOMUSDT,0.0001
2024-06-26T00:00:00Z,ATOMUSDT,0.0001
2024-06-26T08:00:00Z,ATOMUSDT,0.0001
2024-06-26T16:00:00Z,ATOMUSDT,0.0001
2024-06-27T00:00:00Z,ATOMUSDT,0.0001
2024-06-27T08:00:00Z,ATOMUSDT,0.0001
2024-06-27T16:00:00Z,ATOMUSDT,0.0001
2024-06-28T00:00:00Z,ATOMUSDT,0.0001
2024-06-28T08:00:00Z,ATOMUSDT,0.0001
2024-06-28T16:00:00Z,ATOMUSDT,0.0001
2024-06-29T00:00:00Z,ATOMUSDT,0.0001
2024-06-29T08:00:00Z,ATOMUSDT,0.00009939
2024-06-29T16:00:00Z,ATOMUSDT,0.0001
2024-06-30T00:00:00Z,ATOMUSDT,0.0001
2024-06-30T08:00:00Z,ATOMUSDT,0.0001
2024-06-30T16:00:00Z,ATOMUSDT,0.0001
2024-07-01T00:00:00Z,ATOMUSDT,0.0001
2024-07-01T08:00:00Z,ATOMUSDT,0.0001
2024-07-01T16:00:00Z,ATOMUSDT,0.0001
2024-07-02T00:00:00Z,ATOMUSDT,0.0001
2024-07-02T08:00:00Z,ATOMUSDT,0.0001
2024-07-02T16:00:00Z,ATOMUSDT,0.0001
2024-07-03T00:00:00Z,ATOMUSDT,0.0001
2024-07-03T08:00:00Z,ATOMUSDT,0.0001
2024-07-03T16:00:00Z,ATOMUSDT,0.0001
2024-07-04T00:00:00Z,ATOMUSDT,0.0001
2024-07-04T08:00:00Z,ATOMUSDT,-0.00007011
2024-07-04T16:00:00Z,ATOMUSDT,0.00003389
2024-07-05T00:00:00Z,ATOMUSDT,-0.0000932
2024-07-05T08:00:00Z,ATOMUSDT,-0.00025222
2024-07-05T16:00:00Z,ATOMUSDT,-0.0001791
2024-07-06T00:00:00Z,ATOMUSDT,-0.000025
2024-07-06T08:00:00Z,ATOMUSDT,0.0001
2024-07-06T16:00:00Z,ATOMUSDT,-0.00000685
2024-07-07T00:00:00Z,ATOMUSDT,-0.00015742
2024-07-07T08:00:00Z,ATOMUSDT,0.0001
2024-07-07T16:00:00Z,ATOMUSDT,0.0001
2024-07-08T00:00:00Z,ATOMUSDT,0.0001
2024-07-08T08:00:00Z,ATOMUSDT,0.0000753
2024-07-08T16:00:00Z,ATOMUSDT,0.00004223
2024-07-09T00:00:00Z,ATOMUSDT,-0.00003705
2024-07-09T08:00:00Z,ATOMUSDT,-0.00013644
2024-07-09T16:00:00Z,ATOMUSDT,-0.00005937
2024-07-10T00:00:00Z,ATOMUSDT,0.0001
2024-07-10T08:00:00Z,ATOMUSDT,0.00000923
2024-07-10T16:00:00Z,ATOMUSDT,0.0001
2024-07-11T00:00:00Z,ATOMUSDT,0.0001
2024-07-11T08:00:00Z,ATOMUSDT,-0.0000194
2024-07-11T16:00:00Z,ATOMUSDT,0.0001
2024-07-12T00:00:00Z,ATOMUSDT,0.0000216
2024-07-12T08:00:00Z,ATOMUSDT,0.00006067
2024-07-12T16:00:00Z,ATOMUSDT,0.00009551
2024-07-13T00:00:00Z,ATOMUSDT,0.00006534
2024-07-13T08:00:00Z,ATOMUSDT,0.0001
2024-07-13T16:00:00Z,ATOMUSDT,0.0001
2024-07-14T00:00:00Z,ATOMUSDT,-0.00003306
2024-07-14T08:00:00Z,ATOMUSDT,0.00005478
2024-07-14T16:00:00Z,ATOMUSDT,-0.00004937
2024-07-15T00:00:00Z,ATOMUSDT,0.00002795
2024-07-15T08:00:00Z,ATOMUSDT,0.0001
2024-07-15T16:00:00Z,ATOMUSDT,0.00006382
2024-07-16T00:00:00Z,ATOMUSDT,0.0001
2024-07-16T08:00:00Z,ATOMUSDT,0.0001
2024-07-16T16:00:00Z,ATOMUSDT,0.0001
2024-07-17T00:00:00Z,ATOMUSDT,0.00004799
2024-07-17T08:00:00Z,ATOMUSDT,0.00007099
2024-07-17T16:00:00Z,ATOMUSDT,0.0001
2024-07-18T00:00:00Z,ATOMUSDT,0.0000115
2024-07-18T08:00:00Z,ATOMUSDT,0.00006881
2024-07-18T16:00:00Z,ATOMUSDT,0.00000157
2024-07-19T00:00:00Z,ATOMUSDT,-0.0000045
2024-07-19T08:00:00Z,ATOMUSDT,0.00009241
2024-07-19T16:00:00Z,ATOMUSDT,0.0001
2024-07-20T00:00:00Z,ATOMUSDT,0.0001
2024-07-20T08:00:00Z,ATOMUSDT,0.0001
2024-07-20T16:00:00Z,ATOMUSDT,0.0001
2024-07-21T00:00:00Z,ATOMUSDT,0.0000879
2024-07-21T08:00:00Z,ATOMUSDT,0.0001
2024-07-21T16:00:00Z,ATOMUSDT,0.0001
2024-07-22T00:00:00Z,ATOMUSDT,0.0001
2024-07-22T08:00:00Z,ATOMUSDT,0.0001
2024-07-22T16:00:00Z,ATOMUSDT,0.0001
2024-07-23T00:00:00Z,ATOMUSDT,0.00004675
2024-07-23T08:00:00Z,ATOMUSDT,-0.00009291
2024-07-23T16:00:00Z,ATOMUSDT,0.00008365
2024-07-24T00:00:00Z,ATOMUSDT,-0.00000101
2024-07-24T08:00:00Z,ATOMUSDT,0.00003634
2024-07-24T16:00:00Z,ATOMUSDT,0.0001
2024-07-25T00:00:00Z,ATOMUSDT,0.00009378
2024-07-25T08:00:00Z,ATOMUSDT,-0.00007052
2024-07-25T16:00:00Z,ATOMUSDT,-0.00011024
2024-07-26T00:00:00Z,ATOMUSDT,-0.00007167
2024-07-26T08:00:00Z,ATOMUSDT,0.00000943
2024-07-26T16:00:00Z,ATOMUSDT,0.0001
2024-07-27T00:00:00Z,ATOMUSDT,0.0001
2024-07-27T08:00:00Z,ATOMUSDT,0.0001
2024-07-27T16:00:00Z,ATOMUSDT,0.00009319
2024-07-28T00:00:00Z,ATOMUSDT,0.0001
2024-07-28T08:00:00Z,ATOMUSDT,0.0001
2024-07-28T16:00:00Z,ATOMUSDT,0.0001
2024-07-29T00:00:00Z,ATOMUSDT,0.0001
2024-07-29T08:00:00Z,ATOMUSDT,0.0001
2024-07-29T16:00:00Z,ATOMUSDT,0.0001
2024-07-30T00:00:00Z,ATOMUSDT,0.0001
2024-07-30T08:00:00Z,ATOMUSDT,0.0001
2024-07-30T16:00:00Z,ATOMUSDT,0.0001
2024-07-31T00:00:00Z,ATOMUSDT,0.0001
2024-07-31T08:00:00Z,ATOMUSDT,0.0001
2024-07-31T16:00:00Z,ATOMUSDT,0.0001
2024-08-01T00:00:00Z,ATOMUSDT,0.0001
2024-08-01T08:00:00Z,ATOMUSDT,-0.00011883
2024-08-01T16:00:00Z,ATOMUSDT,0.00002876
2024-08-02T00:00:00Z,ATOMUSDT,-0.00009938
2024-08-02T08:00:00Z,ATOMUSDT,0.0001
2024-08-02T16:00:00Z,ATOMUSDT,0.00003163
2024-08-03T00:00:00Z,ATOMUSDT,-0.00001486
2024-08-03T08:00:00Z,ATOMUSDT,-0.00003694
2024-08-03T16:00:00Z,ATOMUSDT,0.0001
2024-08-04T00:00:00Z,ATOMUSDT,-0.00007791
2024-08-04T08:00:00Z,ATOMUSDT,-0.00001003
2024-08-04T16:00:00Z,ATOMUSDT,-0.00007147
2024-08-05T00:00:00Z,ATOMUSDT,-0.00003988
2024-08-05T08:00:00Z,ATOMUSDT,-0.00025527
2024-08-05T16:00:00Z,ATOMUSDT,-0.00005334
2024-08-06T00:00:00Z,ATOMUSDT,0.00005327
2024-08-06T08:00:00Z,ATOMUSDT,-0.00011264
2024-08-06T16:00:00Z,ATOMUSDT,-0.0000849
2024-08-07T00:00:00Z,ATOMUSDT,-0.00014984
2024-08-07T08:00:00Z,ATOMUSDT,-0.00005234
2024-08-07T16:00:00Z,ATOMUSDT,-0.00043267
2024-08-08T00:00:00Z,ATOMUSDT,-0.00012311
2024-08-08T08:00:00Z,ATOMUSDT,-0.00011869
2024-08-08T16:00:00Z,ATOMUSDT,-0.00002226
2024-08-09T00:00:00Z,ATOMUSDT,0.00002558
2024-08-09T08:00:00Z,ATOMUSDT,-0.00016249
2024-08-09T16:00:00Z,ATOMUSDT,-0.00010553
2024-08-10T00:00:00Z,ATOMUSDT,-0.00017392
2024-08-10T08:00:00Z,ATOMUSDT,0.00002078
2024-08-10T16:00:00Z,ATOMUSDT,-0.00009295
2024-08-11T00:00:00Z,ATOMUSDT,-0.00017852
2024-08-11T08:00:00Z,ATOMUSDT,-0.00013504
2024-08-11T16:00:00Z,ATOMUSDT,-0.00038373
2024-08-12T00:00:00Z,ATOMUSDT,-0.00039676
2024-08-12T08:00:00Z,ATOMUSDT,-0.0000809
2024-08-12T16:00:00Z,ATOMUSDT,-0.0000397
2024-08-13T00:00:00Z,ATOMUSDT,0.0000058
2024-08-13T08:00:00Z,ATOMUSDT,0.00008459
2024-08-13T16:00:00Z,ATOMUSDT,-0.00006905
2024-08-14T00:00:00Z,ATOMUSDT,-0.0000594
2024-08-14T08:00:00Z,ATOMUSDT,-0.00000122
2024-08-14T16:00:00Z,ATOMUSDT,-0.00010681
2024-08-15T00:00:00Z,ATOMUSDT,-0.00002306
2024-08-15T08:00:00Z,ATOMUSDT,-0.00005529
2024-08-15T16:00:00Z,ATOMUSDT,-0.00010131
2024-08-16T00:00:00Z,ATOMUSDT,-0.00005074
2024-08-16T08:00:00Z,ATOMUSDT,-0.00004567
2024-08-16T16:00:00Z,ATOMUSDT,-0.00008126
2024-08-17T00:00:00Z,ATOMUSDT,0.00002234
2024-08-17T08:00:00Z,ATOMUSDT,-0.00005689
2024-08-17T16:00:00Z,ATOMUSDT,-0.00023596
2024-08-18T00:00:00Z,ATOMUSDT,-0.0000232
2024-08-18T08:00:00Z,ATOMUSDT,-0.00005896
2024-08-18T16:00:00Z,ATOMUSDT,-0.00024755
2024-08-19T00:00:00Z,ATOMUSDT,-0.00014829
2024-08-19T08:00:00Z,ATOMUSDT,0.00004092
2024-08-19T16:00:00Z,ATOMUSDT,-0.00000092
2024-08-20T00:00:00Z,ATOMUSDT,0.0001
2024-08-20T08:00:00Z,ATOMUSDT,0.00001078
2024-08-20T16:00:00Z,ATOMUSDT,0.00005426
2024-08-21T00:00:00Z,ATOMUSDT,0.0001
2024-08-21T08:00:00Z,ATOMUSDT,0.00004325
2024-08-21T16:00:00Z,ATOMUSDT,-0.00003991
2024-08-22T00:00:00Z,ATOMUSDT,0.0001
2024-08-22T08:00:00Z,ATOMUSDT,-0.00005245
2024-08-22T16:00:00Z,ATOMUSDT,0.0001
2024-08-23T00:00:00Z,ATOMUSDT,0.0001
2024-08-23T08:00:00Z,ATOMUSDT,0.0000459
2024-08-23T16:00:00Z,ATOMUSDT,-0.00004332
2024-08-24T00:00:00Z,ATOMUSDT,0.0001
2024-08-24T08:00:00Z,ATOMUSDT,-0.00044814
2024-08-24T16:00:00Z,ATOMUSDT,-0.00064858
2024-08-25T00:00:00Z,ATOMUSDT,-0.00148654
2024-08-25T08:00:00Z,ATOMUSDT,-0.00039886
2024-08-25T16:00:00Z,ATOMUSDT,0.0001
2024-08-26T00:00:00Z,ATOMUSDT,0.0001
2024-08-26T08:00:00Z,ATOMUSDT,0.0001
2024-08-26T16:00:00Z,ATOMUSDT,0.0001
2024-08-27T00:00:00Z,ATOMUSDT,0.0001
2024-08-27T08:00:00Z,ATOMUSDT,0.0001
2024-08-27T16:00:00Z,ATOMUSDT,0.0001
2024-08-28T00:00:00Z,ATOMUSDT,0.00005202
2024-08-28T08:00:00Z,ATOMUSDT,-0.00005395
2024-08-28T16:00:00Z,ATOMUSDT,0.00004345
2024-08-29T00:00:00Z,ATOMUSDT,0.00004223
2024-08-29T08:00:00Z,ATOMUSDT,0.00005145
2024-08-29T16:00:00Z,ATOMUSDT,0.00002603
2024-08-30T00:00:00Z,ATOMUSDT,0.00001765
2024-08-30T08:00:00Z,ATOMUSDT,0.00009148
2024-08-30T16:00:00Z,ATOMUSDT,-0.00000277
2024-08-31T00:00:00Z,ATOMUSDT,0.00008743
2024-08-31T08:00:00Z,ATOMUSDT,0.00002066
2024-08-31T16:00:00Z,ATOMUSDT,0.00000106
2024-09-01T00:00:00Z,ATOMUSDT,-0.00001986
2024-09-01T08:00:00Z,ATOMUSDT,-0.00008316
2024-09-01T16:00:00Z,ATOMUSDT,0.00000342
2024-09-02T00:00:00Z,ATOMUSDT,-0.00009228
2024-09-02T08:00:00Z,ATOMUSDT,-0.00014641
2024-09-02T16:00:00Z,ATOMUSDT,-0.00007035
2024-09-03T00:00:00Z,ATOMUSDT,-0.00002629
2024-09-03T08:00:00Z,ATOMUSDT,0.00002432
2024-09-03T16:00:00Z,ATOMUSDT,0.00004063
2024-09-04T00:00:00Z,ATOMUSDT,0.0001
2024-09-04T08:00:00Z,ATOMUSDT,0.0000612
2024-09-04T16:00:00Z,ATOMUSDT,-0.00002625
2024-09-05T00:00:00Z,ATOMUSDT,0.0001
2024-09-05T08:00:00Z,ATOMUSDT,-0.00000492
2024-09-05T16:00:00Z,ATOMUSDT,-0.00005914
2024-09-06T00:00:00Z,ATOMUSDT,0.0001
2024-09-06T08:00:00Z,ATOMUSDT,0.00007571
2024-09-06T16:00:00Z,ATOMUSDT,0.00008507
2024-09-07T00:00:00Z,ATOMUSDT,0.00003935
2024-09-07T08:00:00Z,ATOMUSDT,0.0001
2024-09-07T16:00:00Z,ATOMUSDT,0.00005883
2024-09-08T00:00:00Z,ATOMUSDT,-0.00009301
2024-09-08T08:00:00Z,ATOMUSDT,0.0001
2024-09-08T16:00:00Z,ATOMUSDT,0.00007335
2024-09-09T00:00:00Z,ATOMUSDT,0.0001
2024-09-09T08:00:00Z,ATOMUSDT,0.00004895
2024-09-09T16:00:00Z,ATOMUSDT,-0.00002396
2024-09-10T00:00:00Z,ATOMUSDT,-0.00005981
2024-09-10T08:00:00Z,ATOMUSDT,0.0001
2024-09-10T16:00:00Z,ATOMUSDT,0.0001
2024-09-11T00:00:00Z,ATOMUSDT,0.0001
2024-09-11T08:00:00Z,ATOMUSDT,0.00001001
2024-09-11T16:00:00Z,ATOMUSDT,0.00000014
2024-09-12T00:00:00Z,ATOMUSDT,-0.00002939
2024-09-12T08:00:00Z,ATOMUSDT,-0.00003739
2024-09-12T16:00:00Z,ATOMUSDT,0.00006057
2024-09-13T00:00:00Z,ATOMUSDT,0.0001
2024-09-13T08:00:00Z,ATOMUSDT,0.00009171
2024-09-13T16:00:00Z,ATOMUSDT,-0.00001497
2024-09-14T00:00:00Z,ATOMUSDT,0.00000727
2024-09-14T08:00:00Z,ATOMUSDT,-0.00008711
2024-09-14T16:00:00Z,ATOMUSDT,-0.00004643
2024-09-15T00:00:00Z,ATOMUSDT,0.0001
2024-09-15T08:00:00Z,ATOMUSDT,0.0001
2024-09-15T16:00:00Z,ATOMUSDT,0.0001
2024-09-16T00:00:00Z,ATOMUSDT,0.00001606
2024-09-16T08:00:00Z,ATOMUSDT,-0.00012736
2024-09-16T16:00:00Z,ATOMUSDT,0.00007129
2024-09-17T00:00:00Z,ATOMUSDT,-0.00000129
2024-09-17T08:00:00Z,ATOMUSDT,0.00005886
2024-09-17T16:00:00Z,ATOMUSDT,-0.00008515
2024-09-18T00:00:00Z,ATOMUSDT,0.0001
2024-09-18T08:00:00Z,ATOMUSDT,0.00008035
2024-09-18T16:00:00Z,ATOMUSDT,0.0000506
2024-09-19T00:00:00Z,ATOMUSDT,0.0000413
2024-09-19T08:00:00Z,ATOMUSDT,-0.00001227
2024-09-19T16:00:00Z,ATOMUSDT,-0.00011492
2024-09-20T00:00:00Z,ATOMUSDT,-0.00001507
2024-09-20T08:00:00Z,ATOMUSDT,0.00004782
2024-09-20T16:00:00Z,ATOMUSDT,0.00006572
2024-09-21T00:00:00Z,ATOMUSDT,0.0001
2024-09-21T08:00:00Z,ATOMUSDT,0.00007459
2024-09-21T16:00:00Z,ATOMUSDT,0.00000051
2024-09-22T00:00:00Z,ATOMUSDT,0.00003047
2024-09-22T08:00:00Z,ATOMUSDT,0.00006962
2024-09-22T16:00:00Z,ATOMUSDT,-0.00000556
2024-09-23T00:00:00Z,ATOMUSDT,0.00006207
2024-09-23T08:00:00Z,ATOMUSDT,0.00001943
2024-09-23T16:00:00Z,ATOMUSDT,-0.00013017
2024-09-24T00:00:00Z,ATOMUSDT,0.00005426
2024-09-24T08:00:00Z,ATOMUSDT,0.0001
2024-09-24T16:00:00Z,ATOMUSDT,0.00000959
2024-09-25T00:00:00Z,ATOMUSDT,0.0001
2024-09-25T08:00:00Z,ATOMUSDT,0.0001
2024-09-25T16:00:00Z,ATOMUSDT,0.00004824
2024-09-26T00:00:00Z,ATOMUSDT,0.0001
2024-09-26T08:00:00Z,ATOMUSDT,0.0001
2024-09-26T16:00:00Z,ATOMUSDT,0.0001
2024-09-27T00:00:00Z,ATOMUSDT,0.0001
2024-09-27T08:00:00Z,ATOMUSDT,0.0001
2024-09-27T16:00:00Z,ATOMUSDT,0.0001
2024-09-28T00:00:00Z,ATOMUSDT,0.0001
2024-09-28T08:00:00Z,ATOMUSDT,-0.00003638
2024-09-28T16:00:00Z,ATOMUSDT,0.0001
2024-09-29T00:00:00Z,ATOMUSDT,0.0001
2024-09-29T08:00:00Z,ATOMUSDT,0.00007966
2024-09-29T16:00:00Z,ATOMUSDT,0.0001
2024-09-30T00:00:00Z,ATOMUSDT,0.00005086
2024-09-30T08:00:00Z,ATOMUSDT,0.0001
2024-09-30T16:00:00Z,ATOMUSDT,0.0001
2024-10-01T00:00:00Z,ATOMUSDT,0.0001
2024-10-01T08:00:00Z,ATOMUSDT,0.0001
2024-10-01T16:00:00Z,ATOMUSDT,0.0000853
2024-10-02T00:00:00Z,ATOMUSDT,0.0000412
2024-10-02T08:00:00Z,ATOMUSDT,-0.00012672
2024-10-02T16:00:00Z,ATOMUSDT,0.00006889
2024-10-03T00:00:00Z,ATOMUSDT,0.00002216
2024-10-03T08:00:00Z,ATOMUSDT,-0.00009473
2024-10-03T16:00:00Z,ATOMUSDT,0.0000651
2024-10-04T00:00:00Z,ATOMUSDT,0.00002814
2024-10-04T08:00:00Z,ATOMUSDT,-0.00002289
2024-10-04T16:00:00Z,ATOMUSDT,0.00007337
2024-10-05T00:00:00Z,ATOMUSDT,0.00009238
2024-10-05T08:00:00Z,ATOMUSDT,0.0001
2024-10-05T16:00:00Z,ATOMUSDT,0.0001
2024-10-06T00:00:00Z,ATOMUSDT,0.0001
2024-10-06T08:00:00Z,ATOMUSDT,0.00001475
2024-10-06T16:00:00Z,ATOMUSDT,0.00005608
2024-10-07T00:00:00Z,ATOMUSDT,0.00003901
2024-10-07T08:00:00Z,ATOMUSDT,0.00002049
2024-10-07T16:00:00Z,ATOMUSDT,0.0001
2024-10-08T00:00:00Z,ATOMUSDT,-0.00012955
2024-10-08T08:00:00Z,ATOMUSDT,-0.00006725
2024-10-08T16:00:00Z,ATOMUSDT,-0.00006442
2024-10-09T00:00:00Z,ATOMUSDT,0.00003508
2024-10-09T08:00:00Z,ATOMUSDT,-0.00001557
2024-10-09T16:00:00Z,ATOMUSDT,0.000078
2024-10-10T00:00:00Z,ATOMUSDT,0.00006344
2024-10-10T08:00:00Z,ATOMUSDT,0.00006688
2024-10-10T16:00:00Z,ATOMUSDT,-0.00009943
2024-10-11T00:00:00Z,ATOMUSDT,-0.00004164
2024-10-11T08:00:00Z,ATOMUSDT,-0.00008057
2024-10-11T16:00:00Z,ATOMUSDT,-0.0001452
2024-10-12T00:00:00Z,ATOMUSDT,-0.00010425
2024-10-12T08:00:00Z,ATOMUSDT,0.00002595
2024-10-12T16:00:00Z,ATOMUSDT,0.00003948
2024-10-13T00:00:00Z,ATOMUSDT,0.0001
2024-10-13T08:00:00Z,ATOMUSDT,0.0001
2024-10-13T16:00:00Z,ATOMUSDT,-0.00005337
2024-10-14T00:00:00Z,ATOMUSDT,0.00004213
2024-10-14T08:00:00Z,ATOMUSDT,0.00004976
2024-10-14T16:00:00Z,ATOMUSDT,0.0001
2024-10-15T00:00:00Z,ATOMUSDT,0.0001
2024-10-15T08:00:00Z,ATOMUSDT,0.0001
2024-10-15T16:00:00Z,ATOMUSDT,0.00009959
2024-10-16T00:00:00Z,ATOMUSDT,0.00001075
2024-10-16T08:00:00Z,ATOMUSDT,-0.00004213
2024-10-16T16:00:00Z,ATOMUSDT,0.00006898
2024-10-17T00:00:00Z,ATOMUSDT,0.00006482
2024-10-17T08:00:00Z,ATOMUSDT,-0.0000088
2024-10-17T16:00:00Z,ATOMUSDT,0.0001
2024-10-18T00:00:00Z,ATOMUSDT,0.00009595
2024-10-18T08:00:00Z,ATOMUSDT,0.0001
2024-10-18T16:00:00Z,ATOMUSDT,0.00000726
2024-10-19T00:00:00Z,ATOMUSDT,0.00009257
2024-10-19T08:00:00Z,ATOMUSDT,0.0001
2024-10-19T16:00:00Z,ATOMUSDT,0.0001
2024-10-20T00:00:00Z,ATOMUSDT,0.0001
2024-10-20T08:00:00Z,ATOMUSDT,0.0001
2024-10-20T16:00:00Z,ATOMUSDT,0.0001
2024-10-21T00:00:00Z,ATOMUSDT,0.0001
2024-10-21T08:00:00Z,ATOMUSDT,0.0001
2024-10-21T16:00:00Z,ATOMUSDT,0.0001
2024-10-22T00:00:00Z,ATOMUSDT,0.0001
2024-10-22T08:00:00Z,ATOMUSDT,0.0001
2024-10-22T16:00:00Z,ATOMUSDT,0.0001
2024-10-23T00:00:00Z,ATOMUSDT,0.0001
2024-10-23T08:00:00Z,ATOMUSDT,0.0001
2024-10-23T16:00:00Z,ATOMUSDT,0.0001
2024-10-24T00:00:00Z,ATOMUSDT,0.0001
2024-10-24T08:00:00Z,ATOMUSDT,0.0001
2024-10-24T16:00:00Z,ATOMUSDT,0.0001
2024-10-25T00:00:00Z,ATOMUSDT,0.0001
2024-10-25T08:00:00Z,ATOMUSDT,0.0001
2024-10-25T16:00:00Z,ATOMUSDT,0.0001
2024-10-26T00:00:00Z,ATOMUSDT,0.0001
2024-10-26T08:00:00Z,ATOMUSDT,0.00001745
2024-10-26T16:00:00Z,ATOMUSDT,0.00001266
2024-10-27T00:00:00Z,ATOMUSDT,-0.00007125
2024-10-27T08:00:00Z,ATOMUSDT,-0.00007735
2024-10-27T16:00:00Z,ATOMUSDT,0.0001
2024-10-28T00:00:00Z,ATOMUSDT,0.0001
2024-10-28T08:00:00Z,ATOMUSDT,0.000036
2024-10-28T16:00:00Z,ATOMUSDT,0.00004236
2024-10-29T00:00:00Z,ATOMUSDT,0.0001
2024-10-29T08:00:00Z,ATOMUSDT,0.0001
2024-10-29T16:00:00Z,ATOMUSDT,0.0001
2024-10-30T00:00:00Z,ATOMUSDT,0.0001
2024-10-30T08:00:00Z,ATOMUSDT,0.0001
2024-10-30T16:00:00Z,ATOMUSDT,0.0001
2024-10-31T00:00:00Z,ATOMUSDT,0.0001
2024-10-31T08:00:00Z,ATOMUSDT,0.0001
2024-10-31T16:00:00Z,ATOMUSDT,0.0001
2024-11-01T00:00:00Z,ATOMUSDT,0.0001
2024-11-01T08:00:00Z,ATOMUSDT,0.0001
2024-11-01T16:00:00Z,ATOMUSDT,0.0001
2024-11-02T00:00:00Z,ATOMUSDT,0.0001
2024-11-02T08:00:00Z,ATOMUSDT,0.0001
2024-11-02T16:00:00Z,ATOMUSDT,0.00008887
2024-11-03T00:00:00Z,ATOMUSDT,0.00004209
2024-11-03T08:00:00Z,ATOMUSDT,-0.00005083
2024-11-03T16:00:00Z,ATOMUSDT,-0.00000195
2024-11-04T00:00:00Z,ATOMUSDT,0.00002832
2024-11-04T08:00:00Z,ATOMUSDT,-0.00002674
2024-11-04T16:00:00Z,ATOMUSDT,0.0000232
2024-11-05T00:00:00Z,ATOMUSDT,0.00002192
2024-11-05T08:00:00Z,ATOMUSDT,-0.00000138
2024-11-05T16:00:00Z,ATOMUSDT,0.00005139
2024-11-06T00:00:00Z,ATOMUSDT,0.00006059
2024-11-06T08:00:00Z,ATOMUSDT,0.0001
2024-11-06T16:00:00Z,ATOMUSDT,0.0001
2024-11-07T00:00:00Z,ATOMUSDT,0.0001
2024-11-07T08:00:00Z,ATOMUSDT,0.0001
2024-11-07T16:00:00Z,ATOMUSDT,0.0001
2024-11-08T00:00:00Z,ATOMUSDT,0.0001
2024-11-08T08:00:00Z,ATOMUSDT,0.0001
2024-11-08T16:00:00Z,ATOMUSDT,0.0001
2024-11-09T00:00:00Z,ATOMUSDT,0.0001
2024-11-09T08:00:00Z,ATOMUSDT,0.0001
2024-11-09T16:00:00Z,ATOMUSDT,0.0001
2024-11-10T00:00:00Z,ATOMUSDT,0.0001
2024-11-10T08:00:00Z,ATOMUSDT,0.0001
2024-11-10T16:00:00Z,ATOMUSDT,0.0001
2024-11-11T00:00:00Z,ATOMUSDT,0.0001
2024-11-11T08:00:00Z,ATOMUSDT,0.0001
2024-11-11T16:00:00Z,ATOMUSDT,0.0001
2024-11-12T00:00:00Z,ATOMUSDT,0.0001
2024-11-12T08:00:00Z,ATOMUSDT,0.00023823
2024-11-12T16:00:00Z,ATOMUSDT,0.00024056
2024-11-13T00:00:00Z,ATOMUSDT,0.00011222
2024-11-13T08:00:00Z,ATOMUSDT,0.0001
2024-11-13T16:00:00Z,ATOMUSDT,0.0001
2024-11-14T00:00:00Z,ATOMUSDT,0.0001
2024-11-14T08:00:00Z,ATOMUSDT,0.0001
2024-11-14T16:00:00Z,ATOMUSDT,0.0001
2024-11-15T00:00:00Z,ATOMUSDT,0.0001
2024-11-15T08:00:00Z,ATOMUSDT,0.0001
2024-11-15T16:00:00Z,ATOMUSDT,0.0001
2024-11-16T00:00:00Z,ATOMUSDT,0.0001
2024-11-16T08:00:00Z,ATOMUSDT,0.0001
2024-11-16T16:00:00Z,ATOMUSDT,0.0001
2024-11-17T00:00:00Z,ATOMUSDT,0.0001
2024-11-17T08:00:00Z,ATOMUSDT,0.0001
2024-11-17T16:00:00Z,ATOMUSDT,0.0001
2024-11-18T00:00:00Z,ATOMUSDT,0.0001
2024-11-18T08:00:00Z,ATOMUSDT,0.0001
2024-11-18T16:00:00Z,ATOMUSDT,0.0001
2024-11-19T00:00:00Z,ATOMUSDT,0.0001
2024-11-19T08:00:00Z,ATOMUSDT,0.0001
2024-11-19T16:00:00Z,ATOMUSDT,0.0001
2024-11-20T00:00:00Z,ATOMUSDT,0.0001
2024-11-20T08:00:00Z,ATOMUSDT,0.0001
2024-11-20T16:00:00Z,ATOMUSDT,0.0001
2024-11-21T00:00:00Z,ATOMUSDT,0.0001
2024-11-21T08:00:00Z,ATOMUSDT,0.0001
2024-11-21T16:00:00Z,ATOMUSDT,0.0001
2024-11-22T00:00:00Z,ATOMUSDT,0.0001
2024-11-22T08:00:00Z,ATOMUSDT,0.0001
2024-11-22T16:00:00Z,ATOMUSDT,0.0001
2024-11-23T00:00:00Z,ATOMUSDT,0.0001
2024-11-23T08:00:00Z,ATOMUSDT,0.0001
2024-11-23T16:00:00Z,ATOMUSDT,0.0001
2024-11-24T00:00:00Z,ATOMUSDT,0.0001
2024-11-24T08:00:00Z,ATOMUSDT,0.0001
2024-11-24T16:00:00Z,ATOMUSDT,0.0001
2024-11-25T00:00:00Z,ATOMUSDT,0.0001
2024-11-25T08:00:00Z,ATOMUSDT,0.0001
2024-11-25T16:00:00Z,ATOMUSDT,0.0001
2024-11-26T00:00:00Z,ATOMUSDT,0.0001
2024-11-26T08:00:00Z,ATOMUSDT,0.0001
2024-11-26T16:00:00Z,ATOMUSDT,0.0001
2024-11-27T00:00:00Z,ATOMUSDT,0.0001
2024-11-27T08:00:00Z,ATOMUSDT,0.00010612
2024-11-27T16:00:00Z,ATOMUSDT,0.0001
2024-11-28T00:00:00Z,ATOMUSDT,0.00016876
2024-11-28T08:00:00Z,ATOMUSDT,0.00020139
2024-11-28T16:00:00Z,ATOMUSDT,0.0001728
2024-11-29T00:00:00Z,ATOMUSDT,0.00030988
2024-11-29T08:00:00Z,ATOMUSDT,0.00018391
2024-11-29T16:00:00Z,ATOMUSDT,0.00047538
2024-11-30T00:00:00Z,ATOMUSDT,0.00048133
2024-11-30T08:00:00Z,ATOMUSDT,0.00045933
2024-11-30T16:00:00Z,ATOMUSDT,0.00048697
2024-12-01T00:00:00Z,ATOMUSDT,0.00021113
2024-12-01T08:00:00Z,ATOMUSDT,0.0001
2024-12-01T16:00:00Z,ATOMUSDT,0.00036809
2024-12-02T00:00:00Z,ATOMUSDT,0.00046186
2024-12-02T08:00:00Z,ATOMUSDT,0.00027542
2024-12-02T16:00:00Z,ATOMUSDT,0.00019255
2024-12-03T00:00:00Z,ATOMUSDT,0.00022522
2024-12-03T08:00:00Z,ATOMUSDT,0.00058847
2024-12-03T16:00:00Z,ATOMUSDT,0.00034563
2024-12-04T00:00:00Z,ATOMUSDT,0.00040646
2024-12-04T08:00:00Z,ATOMUSDT,0.00055288
2024-12-04T16:00:00Z,ATOMUSDT,0.00056701
2024-12-05T00:00:00Z,ATOMUSDT,0.00035373
2024-12-05T08:00:00Z,ATOMUSDT,0.00063203
2024-12-05T16:00:00Z,ATOMUSDT,0.00049658
2024-12-06T00:00:00Z,ATOMUSDT,0.00027254
2024-12-06T08:00:00Z,ATOMUSDT,0.00045577
2024-12-06T16:00:00Z,ATOMUSDT,0.0001934
2024-12-07T00:00:00Z,ATOMUSDT,0.00037519
2024-12-07T08:00:00Z,ATOMUSDT,0.00037367
2024-12-07T16:00:00Z,ATOMUSDT,0.00054972
2024-12-08T00:00:00Z,ATOMUSDT,0.00049897
2024-12-08T08:00:00Z,ATOMUSDT,0.00038921
2024-12-08T16:00:00Z,ATOMUSDT,0.00023907
2024-12-09T00:00:00Z,ATOMUSDT,0.00034894
2024-12-09T08:00:00Z,ATOMUSDT,0.0001936
2024-12-09T16:00:00Z,ATOMUSDT,0.0001
2024-12-10T00:00:00Z,ATOMUSDT,0.0001
2024-12-10T08:00:00Z,ATOMUSDT,0.0001
2024-12-10T16:00:00Z,ATOMUSDT,0.0001
2024-12-11T00:00:00Z,ATOMUSDT,0.0001
2024-12-11T08:00:00Z,ATOMUSDT,0.0001
2024-12-11T16:00:00Z,ATOMUSDT,0.0001
2024-12-12T00:00:00Z,ATOMUSDT,0.0001
2024-12-12T08:00:00Z,ATOMUSDT,0.0001
2024-12-12T16:00:00Z,ATOMUSDT,0.0001
2024-12-13T00:00:00Z,ATOMUSDT,0.0001
2024-12-13T08:00:00Z,ATOMUSDT,0.0001
2024-12-13T16:00:00Z,ATOMUSDT,0.0001
2024-12-14T00:00:00Z,ATOMUSDT,0.0001
2024-12-14T08:00:00Z,ATOMUSDT,0.0001
2024-12-14T16:00:00Z,ATOMUSDT,0.0001
2024-12-15T00:00:00Z,ATOMUSDT,0.0001
2024-12-15T08:00:00Z,ATOMUSDT,0.0001
2024-12-15T16:00:00Z,ATOMUSDT,0.0001
2024-12-16T00:00:00Z,ATOMUSDT,0.0001
2024-12-16T08:00:00Z,ATOMUSDT,0.0001
2024-12-16T16:00:00Z,ATOMUSDT,0.0001
2024-12-17T00:00:00Z,ATOMUSDT,0.0001
2024-12-17T08:00:00Z,ATOMUSDT,0.0001
2024-12-17T16:00:00Z,ATOMUSDT,0.0001
2024-12-18T00:00:00Z,ATOMUSDT,0.0001
2024-12-18T08:00:00Z,ATOMUSDT,0.0001
2024-12-18T16:00:00Z,ATOMUSDT,0.0001
2024-12-19T00:00:00Z,ATOMUSDT,0.0001
2024-12-19T08:00:00Z,ATOMUSDT,0.0001
2024-12-19T16:00:00Z,ATOMUSDT,0.00007713
2024-12-20T00:00:00Z,ATOMUSDT,-0.00001947
2024-12-20T08:00:00Z,ATOMUSDT,-0.00004315
2024-12-20T16:00:00Z,ATOMUSDT,-0.00010533
2024-12-21T00:00:00Z,ATOMUSDT,-0.00001034
2024-12-21T08:00:00Z,ATOMUSDT,0.0001
2024-12-21T16:00:00Z,ATOMUSDT,0.0001
2024-12-22T00:00:00Z,ATOMUSDT,0.00004989
2024-12-22T08:00:00Z,ATOMUSDT,0.0000585
2024-12-22T16:00:00Z,ATOMUSDT,-0.00004234
2024-12-23T00:00:00Z,ATOMUSDT,0.00005866
2024-12-23T08:00:00Z,ATOMUSDT,-0.00000247
2024-12-23T16:00:00Z,ATOMUSDT,-0.00005785
2024-12-24T00:00:00Z,ATOMUSDT,0.00008589
2024-12-24T08:00:00Z,ATOMUSDT,0.00007166
2024-12-24T16:00:00Z,ATOMUSDT,0.0001
2024-12-25T00:00:00Z,ATOMUSDT,0.0001
2024-12-25T08:00:00Z,ATOMUSDT,0.00007695
2024-12-25T16:00:00Z,ATOMUSDT,-0.00001281
2024-12-26T00:00:00Z,ATOMUSDT,-0.00001395
2024-12-26T08:00:00Z,ATOMUSDT,-0.00008723
2024-12-26T16:00:00Z,ATOMUSDT,0.00001836
2024-12-27T00:00:00Z,ATOMUSDT,0.00008862
2024-12-27T08:00:00Z,ATOMUSDT,0.00004703
2024-12-27T16:00:00Z,ATOMUSDT,-0.00006386
2024-12-28T00:00:00Z,ATOMUSDT,-0.00009012
2024-12-28T08:00:00Z,ATOMUSDT,-0.00016511
2024-12-28T16:00:00Z,ATOMUSDT,0.00001676
2024-12-29T00:00:00Z,ATOMUSDT,0.00000504
2024-12-29T08:00:00Z,ATOMUSDT,0.00004908
2024-12-29T16:00:00Z,ATOMUSDT,-0.00003703
2024-12-30T00:00:00Z,ATOMUSDT,-0.00012578
2024-12-30T08:00:00Z,ATOMUSDT,-0.00006312
2024-12-30T16:00:00Z,ATOMUSDT,0.00006608
2024-12-31T00:00:00Z,ATOMUSDT,0.0001
2024-12-31T08:00:00Z,ATOMUSDT,0.0001
2024-12-31T16:00:00Z,ATOMUSDT,0.0001
2025-01-01T00:00:00Z,ATOMUSDT,0.0001
2025-01-01T08:00:00Z,ATOMUSDT,0.00000842
2025-01-01T16:00:00Z,ATOMUSDT,-0.00000838
2025-01-02T00:00:00Z,ATOMUSDT,0.0001
2025-01-02T08:00:00Z,ATOMUSDT,0.0001
2025-01-02T16:00:00Z,ATOMUSDT,0.0001
2025-01-03T00:00:00Z,ATOMUSDT,0.0001
2025-01-03T08:00:00Z,ATOMUSDT,0.00005955
2025-01-03T16:00:00Z,ATOMUSDT,0.0001
2025-01-04T00:00:00Z,ATOMUSDT,0.0001
2025-01-04T08:00:00Z,ATOMUSDT,0.0001
2025-01-04T16:00:00Z,ATOMUSDT,-0.00000098
2025-01-05T00:00:00Z,ATOMUSDT,0.0001
2025-01-05T08:00:00Z,ATOMUSDT,0.0001
2025-01-05T16:00:00Z,ATOMUSDT,0.0001
2025-01-06T00:00:00Z,ATOMUSDT,0.0001
2025-01-06T08:00:00Z,ATOMUSDT,-0.00004305
2025-01-06T16:00:00Z,ATOMUSDT,0.0001
2025-01-07T00:00:00Z,ATOMUSDT,0.0001
2025-01-07T08:00:00Z,ATOMUSDT,0.0001
2025-01-07T16:00:00Z,ATOMUSDT,0.000027
2025-01-08T00:00:00Z,ATOMUSDT,0.0001
2025-01-08T08:00:00Z,ATOMUSDT,0.0001
2025-01-08T16:00:00Z,ATOMUSDT,0.0001
2025-01-09T00:00:00Z,ATOMUSDT,0.0001
2025-01-09T08:00:00Z,ATOMUSDT,0.00007864
2025-01-09T16:00:00Z,ATOMUSDT,0.0001
2025-01-10T00:00:00Z,ATOMUSDT,0.0001
2025-01-10T08:00:00Z,ATOMUSDT,0.00002726
2025-01-10T16:00:00Z,ATOMUSDT,0.00007267
2025-01-11T00:00:00Z,ATOMUSDT,0.00005824
2025-01-11T08:00:00Z,ATOMUSDT,0.0001
2025-01-11T16:00:00Z,ATOMUSDT,-0.00006614
2025-01-12T00:00:00Z,ATOMUSDT,-0.00011586
2025-01-12T08:00:00Z,ATOMUSDT,-0.00015086
2025-01-12T16:00:00Z,ATOMUSDT,-0.00007481
2025-01-13T00:00:00Z,ATOMUSDT,-0.00013427
2025-01-13T08:00:00Z,ATOMUSDT,-0.00015269
2025-01-13T16:00:00Z,ATOMUSDT,-0.00004479
2025-01-14T00:00:00Z,ATOMUSDT,0.00000322
2025-01-14T08:00:00Z,ATOMUSDT,-0.0000597
2025-01-14T16:00:00Z,ATOMUSDT,-0.00034799
2025-01-15T00:00:00Z,ATOMUSDT,-0.00022504
2025-01-15T08:00:00Z,ATOMUSDT,-0.00004374
2025-01-15T16:00:00Z,ATOMUSDT,0.0001
2025-01-16T00:00:00Z,ATOMUSDT,0.0001
2025-01-16T08:00:00Z,ATOMUSDT,0.0001
2025-01-16T16:00:00Z,ATOMUSDT,0.0001
2025-01-17T00:00:00Z,ATOMUSDT,0.0001
2025-01-17T08:00:00Z,ATOMUSDT,0.0001
2025-01-17T16:00:00Z,ATOMUSDT,0.0001
2025-01-18T00:00:00Z,ATOMUSDT,0.0001
2025-01-18T08:00:00Z,ATOMUSDT,0.0001
2025-01-18T16:00:00Z,ATOMUSDT,0.0001
2025-01-19T00:00:00Z,ATOMUSDT,0.0001
2025-01-19T08:00:00Z,ATOMUSDT,0.0001
2025-01-19T16:00:00Z,ATOMUSDT,0.0001
2025-01-20T00:00:00Z,ATOMUSDT,0.0001
2025-01-20T08:00:00Z,ATOMUSDT,0.0001
2025-01-20T16:00:00Z,ATOMUSDT,0.0001
2025-01-21T00:00:00Z,ATOMUSDT,0.0001
2025-01-21T08:00:00Z,ATOMUSDT,0.0001
2025-01-21T16:00:00Z,ATOMUSDT,0.0001
2025-01-22T00:00:00Z,ATOMUSDT,0.0001
2025-01-22T08:00:00Z,ATOMUSDT,0.0001
2025-01-22T16:00:00Z,ATOMUSDT,0.0001
2025-01-23T00:00:00Z,ATOMUSDT,0.0001
2025-01-23T08:00:00Z,ATOMUSDT,0.0001
2025-01-23T16:00:00Z,ATOMUSDT,0.0001
2025-01-24T00:00:00Z,ATOMUSDT,0.0001
2025-01-24T08:00:00Z,ATOMUSDT,0.0001
2025-01-24T16:00:00Z,ATOMUSDT,0.0001
2025-01-25T00:00:00Z,ATOMUSDT,0.0001
2025-01-25T08:00:00Z,ATOMUSDT,0.0001
2025-01-25T16:00:00Z,ATOMUSDT,0.0001
2025-01-26T00:00:00Z,ATOMUSDT,0.0001
2025-01-26T08:00:00Z,ATOMUSDT,0.0001
2025-01-26T16:00:00Z,ATOMUSDT,0.0001
2025-01-27T00:00:00Z,ATOMUSDT,0.0001
2025-01-27T08:00:00Z,ATOMUSDT,0.00009825
2025-01-27T16:00:00Z,ATOMUSDT,0.00001861
2025-01-28T00:00:00Z,ATOMUSDT,0.0001
2025-01-28T08:00:00Z,ATOMUSDT,0.0001
2025-01-28T16:00:00Z,ATOMUSDT,0.00008563
2025-01-29T00:00:00Z,ATOMUSDT,0.00004334
2025-01-29T08:00:00Z,ATOMUSDT,0.0001
2025-01-29T16:00:00Z,ATOMUSDT,-0.00002664
2025-01-30T00:00:00Z,ATOMUSDT,0.00007633
2025-01-30T08:00:00Z,ATOMUSDT,0.0001
2025-01-30T16:00:00Z,ATOMUSDT,0.0001
2025-01-31T00:00:00Z,ATOMUSDT,0.0001
2025-01-31T08:00:00Z,ATOMUSDT,0.0001
2025-01-31T16:00:00Z,ATOMUSDT,0.0001
2025-02-01T00:00:00Z,ATOMUSDT,0.0001
2025-02-01T08:00:00Z,ATOMUSDT,0.0001
2025-02-01T16:00:00Z,ATOMUSDT,0.0001
2025-02-02T00:00:00Z,ATOMUSDT,0.00002366
2025-02-02T08:00:00Z,ATOMUSDT,0.00006906
2025-02-02T16:00:00Z,ATOMUSDT,-0.00002474
2025-02-03T00:00:00Z,ATOMUSDT,-0.00020499
2025-02-03T08:00:00Z,ATOMUSDT,-0.00042088
2025-02-03T16:00:00Z,ATOMUSDT,-0.00060268
2025-02-04T00:00:00Z,ATOMUSDT,-0.0004297
2025-02-04T08:00:00Z,ATOMUSDT,-0.00032578
2025-02-04T16:00:00Z,ATOMUSDT,-0.00032218
2025-02-05T00:00:00Z,ATOMUSDT,-0.00021425
2025-02-05T08:00:00Z,ATOMUSDT,-0.00015045
2025-02-05T16:00:00Z,ATOMUSDT,-0.00024675
2025-02-06T00:00:00Z,ATOMUSDT,-0.00019317
2025-02-06T08:00:00Z,ATOMUSDT,-0.00017758
2025-02-06T16:00:00Z,ATOMUSDT,-0.00039131
2025-02-07T00:00:00Z,ATOMUSDT,-0.00036848
2025-02-07T08:00:00Z,ATOMUSDT,-0.00029836
2025-02-07T16:00:00Z,ATOMUSDT,0.00004828
2025-02-08T00:00:00Z,ATOMUSDT,0.00004514
2025-02-08T08:00:00Z,ATOMUSDT,-0.00003729
2025-02-08T16:00:00Z,ATOMUSDT,0.00008275
2025-02-09T00:00:00Z,ATOMUSDT,0.00007931
2025-02-09T08:00:00Z,ATOMUSDT,-0.00000972
2025-02-09T16:00:00Z,ATOMUSDT,0.0001
2025-02-10T00:00:00Z,ATOMUSDT,0.00003544
2025-02-10T08:00:00Z,ATOMUSDT,-0.00015
2025-02-10T16:00:00Z,ATOMUSDT,0.00002128
2025-02-11T00:00:00Z,ATOMUSDT,0.00002181
2025-02-11T08:00:00Z,ATOMUSDT,-0.00007918
2025-02-11T16:00:00Z,ATOMUSDT,-0.00007906
2025-02-12T00:00:00Z,ATOMUSDT,-0.00008896
2025-02-12T08:00:00Z,ATOMUSDT,-0.00022454
2025-02-12T16:00:00Z,ATOMUSDT,-0.0000834
2025-02-13T00:00:00Z,ATOMUSDT,0.00008661
2025-02-13T08:00:00Z,ATOMUSDT,-0.00007254
2025-02-13T16:00:00Z,ATOMUSDT,-0.00013235
2025-02-14T00:00:00Z,ATOMUSDT,-0.00027332
2025-02-14T08:00:00Z,ATOMUSDT,-0.00022639
2025-02-14T16:00:00Z,ATOMUSDT,-0.00006949
2025-02-15T00:00:00Z,ATOMUSDT,-0.00025315
2025-02-15T08:00:00Z,ATOMUSDT,-0.00022206
2025-02-15T16:00:00Z,ATOMUSDT,-0.00021902
2025-02-16T00:00:00Z,ATOMUSDT,-0.00019861
2025-02-16T08:00:00Z,ATOMUSDT,-0.0001961
2025-02-16T16:00:00Z,ATOMUSDT,-0.00004993
2025-02-17T00:00:00Z,ATOMUSDT,-0.0001613
2025-02-17T08:00:00Z,ATOMUSDT,-0.00003869
2025-02-17T16:00:00Z,ATOMUSDT,0.00001931
2025-02-18T00:00:00Z,ATOMUSDT,-0.00001029
2025-02-18T08:00:00Z,ATOMUSDT,-0.00017386
2025-02-18T16:00:00Z,ATOMUSDT,0.00000737
2025-02-19T00:00:00Z,ATOMUSDT,0.00003636
2025-02-19T08:00:00Z,ATOMUSDT,0.0001
2025-02-19T16:00:00Z,ATOMUSDT,0.00004027
2025-02-20T00:00:00Z,ATOMUSDT,-0.0000261
2025-02-20T08:00:00Z,ATOMUSDT,0.00003412
2025-02-20T16:00:00Z,ATOMUSDT,0.00003636
2025-02-21T00:00:00Z,ATOMUSDT,-0.0000247
2025-02-21T08:00:00Z,ATOMUSDT,0.0001
2025-02-21T16:00:00Z,ATOMUSDT,0.00005286
2025-02-22T00:00:00Z,ATOMUSDT,0.0001
2025-02-22T08:00:00Z,ATOMUSDT,0.00023842
2025-02-22T16:00:00Z,ATOMUSDT,0.0001
2025-02-23T00:00:00Z,ATOMUSDT,0.0001
2025-02-23T08:00:00Z,ATOMUSDT,0.0002699
2025-02-23T16:00:00Z,ATOMUSDT,0.0001
2025-02-24T00:00:00Z,ATOMUSDT,0.0001
2025-02-24T08:00:00Z,ATOMUSDT,0.0001
2025-02-24T16:00:00Z,ATOMUSDT,0.0001
2025-02-25T00:00:00Z,ATOMUSDT,0.0001
2025-02-25T08:00:00Z,ATOMUSDT,0.0001
2025-02-25T16:00:00Z,ATOMUSDT,0.0001
2025-02-26T00:00:00Z,ATOMUSDT,0.00005697
2025-02-26T08:00:00Z,ATOMUSDT,0.0001
2025-02-26T16:00:00Z,ATOMUSDT,-0.00002451
2025-02-27T00:00:00Z,ATOMUSDT,0.0001
2025-02-27T08:00:00Z,ATOMUSDT,0.0001
2025-02-27T16:00:00Z,ATOMUSDT,0.0001
2025-02-28T00:00:00Z,ATOMUSDT,0.0001
2025-02-28T08:00:00Z,ATOMUSDT,-0.00010645
2025-02-28T16:00:00Z,ATOMUSDT,-0.00006543
2025-03-01T00:00:00Z,ATOMUSDT,0.0001
2025-03-01T08:00:00Z,ATOMUSDT,0.0001
2025-03-01T16:00:00Z,ATOMUSDT,-0.00027062
2025-03-02T00:00:00Z,ATOMUSDT,0.00000157
2025-03-02T08:00:00Z,ATOMUSDT,0.0001
2025-03-02T16:00:00Z,ATOMUSDT,0.0001
2025-03-03T00:00:00Z,ATOMUSDT,0.0001
2025-03-03T08:00:00Z,ATOMUSDT,0.0001
2025-03-03T16:00:00Z,ATOMUSDT,-0.00005986
2025-03-04T00:00:00Z,ATOMUSDT,-0.0000434
2025-03-04T08:00:00Z,ATOMUSDT,0.00000913
2025-03-04T16:00:00Z,ATOMUSDT,-0.00013169
2025-03-05T00:00:00Z,ATOMUSDT,-0.00007206
2025-03-05T08:00:00Z,ATOMUSDT,0.00009263
2025-03-05T16:00:00Z,ATOMUSDT,-0.00020451
2025-03-06T00:00:00Z,ATOMUSDT,0.00005026
2025-03-06T08:00:00Z,ATOMUSDT,-0.00015718
2025-03-06T16:00:00Z,ATOMUSDT,0.0001
2025-03-07T00:00:00Z,ATOMUSDT,0.00007202
2025-03-07T08:00:00Z,ATOMUSDT,0.0001
2025-03-07T16:00:00Z,ATOMUSDT,0.00005712
2025-03-08T00:00:00Z,ATOMUSDT,0.00007438
2025-03-08T08:00:00Z,ATOMUSDT,-0.00015099
2025-03-08T16:00:00Z,ATOMUSDT,-0.00024641
2025-03-09T00:00:00Z,ATOMUSDT,-0.00040265
2025-03-09T08:00:00Z,ATOMUSDT,-0.00038178
2025-03-09T16:00:00Z,ATOMUSDT,-0.0000856
2025-03-10T00:00:00Z,ATOMUSDT,-0.00012571
2025-03-10T08:00:00Z,ATOMUSDT,-0.0002912
2025-03-10T16:00:00Z,ATOMUSDT,0.00006188
2025-03-11T00:00:00Z,ATOMUSDT,-0.00024271
2025-03-11T08:00:00Z,ATOMUSDT,-0.00028904
2025-03-11T16:00:00Z,ATOMUSDT,-0.00031806
2025-03-12T00:00:00Z,ATOMUSDT,-0.0002053
2025-03-12T08:00:00Z,ATOMUSDT,0.00001225
2025-03-12T16:00:00Z,ATOMUSDT,0.00004204
2025-03-13T00:00:00Z,ATOMUSDT,0.00009105
2025-03-13T08:00:00Z,ATOMUSDT,-0.00029874
2025-03-13T16:00:00Z,ATOMUSDT,0.0001
2025-03-14T00:00:00Z,ATOMUSDT,0.0001
2025-03-14T08:00:00Z,ATOMUSDT,-0.00011099
2025-03-14T16:00:00Z,ATOMUSDT,-0.00021376
2025-03-15T00:00:00Z,ATOMUSDT,-0.00037466
2025-03-15T08:00:00Z,ATOMUSDT,-0.00013696
2025-03-15T16:00:00Z,ATOMUSDT,-0.0004358
2025-03-16T00:00:00Z,ATOMUSDT,-0.00001901
2025-03-16T08:00:00Z,ATOMUSDT,-0.00006077
2025-03-16T16:00:00Z,ATOMUSDT,0.00003237
2025-03-17T00:00:00Z,ATOMUSDT,0.00006678
2025-03-17T08:00:00Z,ATOMUSDT,0.00002682
2025-03-17T16:00:00Z,ATOMUSDT,-0.00010884
2025-03-18T00:00:00Z,ATOMUSDT,-0.00010067
2025-03-18T08:00:00Z,ATOMUSDT,0.00008172
2025-03-18T16:00:00Z,ATOMUSDT,0.00001276
2025-03-19T00:00:00Z,ATOMUSDT,-0.00010755
2025-03-19T08:00:00Z,ATOMUSDT,-0.0003765
2025-03-19T16:00:00Z,ATOMUSDT,-0.0002941
2025-03-20T00:00:00Z,ATOMUSDT,-0.00014256
2025-03-20T08:00:00Z,ATOMUSDT,-0.00039281
2025-03-20T16:00:00Z,ATOMUSDT,-0.00002431
2025-03-21T00:00:00Z,ATOMUSDT,0.00005614
2025-03-21T08:00:00Z,ATOMUSDT,-0.00012046
2025-03-21T16:00:00Z,ATOMUSDT,-0.00024331
2025-03-22T00:00:00Z,ATOMUSDT,-0.0002326
2025-03-22T08:00:00Z,ATOMUSDT,0.0001
2025-03-22T16:00:00Z,ATOMUSDT,0.00000997
2025-03-23T00:00:00Z,ATOMUSDT,-0.00009426
2025-03-23T08:00:00Z,ATOMUSDT,-0.00021511
2025-03-23T16:00:00Z,ATOMUSDT,-0.00039806
2025-03-24T00:00:00Z,ATOMUSDT,-0.00036218
2025-03-24T08:00:00Z,ATOMUSDT,-0.00004214
2025-03-24T16:00:00Z,ATOMUSDT,0.00004348
2025-03-25T00:00:00Z,ATOMUSDT,0.0000825
2025-03-25T08:00:00Z,ATOMUSDT,0.0001
2025-03-25T16:00:00Z,ATOMUSDT,0.0001
2025-03-26T00:00:00Z,ATOMUSDT,0.00009026
2025-03-26T08:00:00Z,ATOMUSDT,-0.00012211
2025-03-26T16:00:00Z,ATOMUSDT,0.0001
2025-03-27T00:00:00Z,ATOMUSDT,0.0001
2025-03-27T08:00:00Z,ATOMUSDT,0.00001066
2025-03-27T16:00:00Z,ATOMUSDT,-0.00004771
2025-03-28T00:00:00Z,ATOMUSDT,-0.00021716
2025-03-28T08:00:00Z,ATOMUSDT,-0.00016326
2025-03-28T16:00:00Z,ATOMUSDT,-0.00005859
2025-03-29T00:00:00Z,ATOMUSDT,-0.00019304
2025-03-29T08:00:00Z,ATOMUSDT,-0.00004864
2025-03-29T16:00:00Z,ATOMUSDT,-0.00006695
2025-03-30T00:00:00Z,ATOMUSDT,0.00003652
2025-03-30T08:00:00Z,ATOMUSDT,0.00008602
2025-03-30T16:00:00Z,ATOMUSDT,-0.00008821
2025-03-31T00:00:00Z,ATOMUSDT,0.00005274
2025-03-31T08:00:00Z,ATOMUSDT,0.00004558
2025-03-31T16:00:00Z,ATOMUSDT,0.00000929
2025-04-01T00:00:00Z,ATOMUSDT,-0.00005572
2025-04-01T08:00:00Z,ATOMUSDT,0.0001
2025-04-01T16:00:00Z,ATOMUSDT,0.0001
2025-04-02T00:00:00Z,ATOMUSDT,-0.00007619
2025-04-02T08:00:00Z,ATOMUSDT,0.0000253
2025-04-02T16:00:00Z,ATOMUSDT,0.00001565
2025-04-03T00:00:00Z,ATOMUSDT,0.0001
2025-04-03T08:00:00Z,ATOMUSDT,0.00001724
2025-04-03T16:00:00Z,ATOMUSDT,0.00003009
2025-04-04T00:00:00Z,ATOMUSDT,-0.00001253
2025-04-04T08:00:00Z,ATOMUSDT,-0.00006329
2025-04-04T16:00:00Z,ATOMUSDT,0.0001
2025-04-05T00:00:00Z,ATOMUSDT,0.00005811
2025-04-05T08:00:00Z,ATOMUSDT,0.0001
2025-04-05T16:00:00Z,ATOMUSDT,-0.00009589
2025-04-06T00:00:00Z,ATOMUSDT,0.00005459
2025-04-06T08:00:00Z,ATOMUSDT,0.00006404
2025-04-06T16:00:00Z,ATOMUSDT,0.0001
2025-04-07T00:00:00Z,ATOMUSDT,0.00005165
2025-04-07T08:00:00Z,ATOMUSDT,-0.00007511
2025-04-07T16:00:00Z,ATOMUSDT,-0.00000611
2025-04-08T00:00:00Z,ATOMUSDT,0.00006997
2025-04-08T08:00:00Z,ATOMUSDT,-0.00051093
2025-04-08T16:00:00Z,ATOMUSDT,-0.00022057
2025-04-09T00:00:00Z,ATOMUSDT,-0.00035047
2025-04-09T08:00:00Z,ATOMUSDT,-0.00009907
2025-04-09T16:00:00Z,ATOMUSDT,0.00003806
2025-04-10T00:00:00Z,ATOMUSDT,0.0001
2025-04-10T08:00:00Z,ATOMUSDT,-0.00011012
2025-04-10T16:00:00Z,ATOMUSDT,-0.00012295
2025-04-11T00:00:00Z,ATOMUSDT,0.00007071
2025-04-11T08:00:00Z,ATOMUSDT,-0.00011161
2025-04-11T16:00:00Z,ATOMUSDT,-0.0003961
2025-04-12T00:00:00Z,ATOMUSDT,-0.00012699
2025-04-12T08:00:00Z,ATOMUSDT,-0.00033201
2025-04-12T16:00:00Z,ATOMUSDT,-0.00032449
2025-04-13T00:00:00Z,ATOMUSDT,0.0001
2025-04-13T08:00:00Z,ATOMUSDT,-0.00005087
2025-04-13T16:00:00Z,ATOMUSDT,-0.00018642
2025-04-14T00:00:00Z,ATOMUSDT,-0.00046547
2025-04-14T08:00:00Z,ATOMUSDT,-0.00023879
2025-04-14T16:00:00Z,ATOMUSDT,-0.00000839
2025-04-15T00:00:00Z,ATOMUSDT,-0.00011226
2025-04-15T08:00:00Z,ATOMUSDT,-0.00024912
2025-04-15T16:00:00Z,ATOMUSDT,-0.00005733
2025-04-16T00:00:00Z,ATOMUSDT,0.00002352
2025-04-16T08:00:00Z,ATOMUSDT,-0.00014056
2025-04-16T16:00:00Z,ATOMUSDT,-0.00005582
2025-04-17T00:00:00Z,ATOMUSDT,-0.00003424
2025-04-17T08:00:00Z,ATOMUSDT,-0.00000324
2025-04-17T16:00:00Z,ATOMUSDT,-0.0000122
2025-04-18T00:00:00Z,ATOMUSDT,-0.00021652
2025-04-18T08:00:00Z,ATOMUSDT,-0.00011335
2025-04-18T16:00:00Z,ATOMUSDT,0.0000883
2025-04-19T00:00:00Z,ATOMUSDT,-0.00011664
2025-04-19T08:00:00Z,ATOMUSDT,-0.00019222
2025-04-19T16:00:00Z,ATOMUSDT,-0.00033553
2025-04-20T00:00:00Z,ATOMUSDT,0.0001
2025-04-20T08:00:00Z,ATOMUSDT,0.0001
2025-04-20T16:00:00Z,ATOMUSDT,-0.0001427
2025-04-21T00:00:00Z,ATOMUSDT,-0.00014223
2025-04-21T08:00:00Z,ATOMUSDT,0.0001
2025-04-21T16:00:00Z,ATOMUSDT,0.0001
2025-04-22T00:00:00Z,ATOMUSDT,-0.00041058
2025-04-22T08:00:00Z,ATOMUSDT,-0.00041347
2025-04-22T16:00:00Z,ATOMUSDT,-0.00003219
2025-04-23T00:00:00Z,ATOMUSDT,0.0001
2025-04-23T08:00:00Z,ATOMUSDT,0.0001
2025-04-23T16:00:00Z,ATOMUSDT,0.0001
2025-04-24T00:00:00Z,ATOMUSDT,0.0001
2025-04-24T08:00:00Z,ATOMUSDT,0.00007761
2025-04-24T16:00:00Z,ATOMUSDT,-0.00003656
2025-04-25T00:00:00Z,ATOMUSDT,0.00003102
2025-04-25T08:00:00Z,ATOMUSDT,0.00006035
2025-04-25T16:00:00Z,ATOMUSDT,-0.00038295
2025-04-26T00:00:00Z,ATOMUSDT,0.0001
2025-04-26T08:00:00Z,ATOMUSDT,0.0001
2025-04-26T16:00:00Z,ATOMUSDT,-0.00016901
2025-04-27T00:00:00Z,ATOMUSDT,-0.00007891
2025-04-27T08:00:00Z,ATOMUSDT,-0.00022741
2025-04-27T16:00:00Z,ATOMUSDT,-0.00013345
2025-04-28T00:00:00Z,ATOMUSDT,-0.00004449
2025-04-28T08:00:00Z,ATOMUSDT,-0.00001174
2025-04-28T16:00:00Z,ATOMUSDT,0.00004859
2025-04-29T00:00:00Z,ATOMUSDT,0.0001
2025-04-29T08:00:00Z,ATOMUSDT,0.0001
2025-04-29T16:00:00Z,ATOMUSDT,-0.00009025
2025-04-30T00:00:00Z,ATOMUSDT,-0.00007359
2025-04-30T08:00:00Z,ATOMUSDT,0.00001422
2025-04-30T16:00:00Z,ATOMUSDT,0.00000938
2025-05-01T00:00:00Z,ATOMUSDT,-0.00004564
2025-05-01T08:00:00Z,ATOMUSDT,-0.00019092
2025-05-01T16:00:00Z,ATOMUSDT,-0.00010034
2025-05-02T00:00:00Z,ATOMUSDT,0.0001
2025-05-02T08:00:00Z,ATOMUSDT,0.0001
2025-05-02T16:00:00Z,ATOMUSDT,0.0001
2025-05-03T00:00:00Z,ATOMUSDT,-0.00006948
2025-05-03T08:00:00Z,ATOMUSDT,-0.00005677
2025-05-03T16:00:00Z,ATOMUSDT,-0.00008448
2025-05-04T00:00:00Z,ATOMUSDT,-0.00016763
2025-05-04T08:00:00Z,ATOMUSDT,0.0001
2025-05-04T16:00:00Z,ATOMUSDT,-0.00005342
2025-05-05T00:00:00Z,ATOMUSDT,-0.00013999
2025-05-05T08:00:00Z,ATOMUSDT,-0.0000155
2025-05-05T16:00:00Z,ATOMUSDT,-0.00024636
2025-05-06T00:00:00Z,ATOMUSDT,-0.00007711
2025-05-06T08:00:00Z,ATOMUSDT,-0.00020868
2025-05-06T16:00:00Z,ATOMUSDT,-0.00002746
2025-05-07T00:00:00Z,ATOMUSDT,-0.00030265
2025-05-07T08:00:00Z,ATOMUSDT,-0.00034123
2025-05-07T16:00:00Z,ATOMUSDT,-0.00045685
2025-05-08T00:00:00Z,ATOMUSDT,0.00000264
2025-05-08T08:00:00Z,ATOMUSDT,0.00003783
2025-05-08T16:00:00Z,ATOMUSDT,0.0001
2025-05-09T00:00:00Z,ATOMUSDT,0.00006484
2025-05-09T08:00:00Z,ATOMUSDT,0.0001
2025-05-09T16:00:00Z,ATOMUSDT,0.0001
2025-05-10T00:00:00Z,ATOMUSDT,0.0001
2025-05-10T08:00:00Z,ATOMUSDT,0.0001
2025-05-10T16:00:00Z,ATOMUSDT,-0.00000645
2025-05-11T00:00:00Z,ATOMUSDT,0.0001
2025-05-11T08:00:00Z,ATOMUSDT,0.0001
2025-05-11T16:00:00Z,ATOMUSDT,0.0001
2025-05-12T00:00:00Z,ATOMUSDT,0.00005414
2025-05-12T08:00:00Z,ATOMUSDT,0.0001
2025-05-12T16:00:00Z,ATOMUSDT,0.0001
2025-05-13T00:00:00Z,ATOMUSDT,0.0001
2025-05-13T08:00:00Z,ATOMUSDT,0.0001
2025-05-13T16:00:00Z,ATOMUSDT,0.0001
2025-05-14T00:00:00Z,ATOMUSDT,0.0001
2025-05-14T08:00:00Z,ATOMUSDT,0.0001
2025-05-14T16:00:00Z,ATOMUSDT,0.0001
2025-05-15T00:00:00Z,ATOMUSDT,0.0001
2025-05-15T08:00:00Z,ATOMUSDT,0.00008279
2025-05-15T16:00:00Z,ATOMUSDT,0.00002749
2025-05-16T00:00:00Z,ATOMUSDT,-0.00004181
2025-05-16T08:00:00Z,ATOMUSDT,0.00009115
2025-05-16T16:00:00Z,ATOMUSDT,0.00004906
2025-05-17T00:00:00Z,ATOMUSDT,-0.00003795
2025-05-17T08:00:00Z,ATOMUSDT,-0.0001033
2025-05-17T16:00:00Z,ATOMUSDT,-0.00019504
2025-05-18T00:00:00Z,ATOMUSDT,-0.00001794
2025-05-18T08:00:00Z,ATOMUSDT,0.00006347
2025-05-18T16:00:00Z,ATOMUSDT,-0.00005695
2025-05-19T00:00:00Z,ATOMUSDT,0.0001
2025-05-19T08:00:00Z,ATOMUSDT,-0.00015435
2025-05-19T16:00:00Z,ATOMUSDT,0.00002763
2025-05-20T00:00:00Z,ATOMUSDT,0.00002228
2025-05-20T08:00:00Z,ATOMUSDT,-0.00003283
2025-05-20T16:00:00Z,ATOMUSDT,0.00000067
2025-05-21T00:00:00Z,ATOMUSDT,0.00006878
2025-05-21T08:00:00Z,ATOMUSDT,0.00009855
2025-05-21T16:00:00Z,ATOMUSDT,0.0001
2025-05-22T00:00:00Z,ATOMUSDT,0.0001
2025-05-22T08:00:00Z,ATOMUSDT,0.0001
2025-05-22T16:00:00Z,ATOMUSDT,0.0001
2025-05-23T00:00:00Z,ATOMUSDT,0.0001
2025-05-23T08:00:00Z,ATOMUSDT,0.0001
2025-05-23T16:00:00Z,ATOMUSDT,0.0001
2025-05-24T00:00:00Z,ATOMUSDT,0.0001
2025-05-24T08:00:00Z,ATOMUSDT,0.0001
2025-05-24T16:00:00Z,ATOMUSDT,-0.00012562
2025-05-25T00:00:00Z,ATOMUSDT,0.0001
2025-05-25T08:00:00Z,ATOMUSDT,0.0000545
2025-05-25T16:00:00Z,ATOMUSDT,-0.00000182
2025-05-26T00:00:00Z,ATOMUSDT,-0.00004785
2025-05-26T08:00:00Z,ATOMUSDT,0.0001
2025-05-26T16:00:00Z,ATOMUSDT,0.0001
2025-05-27T00:00:00Z,ATOMUSDT,0.0001
2025-05-27T08:00:00Z,ATOMUSDT,0.0001
2025-05-27T16:00:00Z,ATOMUSDT,0.0001
2025-05-28T00:00:00Z,ATOMUSDT,0.0001
2025-05-28T08:00:00Z,ATOMUSDT,0.00008275
2025-05-28T16:00:00Z,ATOMUSDT,0.00002336
2025-05-29T00:00:00Z,ATOMUSDT,0.0001
2025-05-29T08:00:00Z,ATOMUSDT,0.000086
2025-05-29T16:00:00Z,ATOMUSDT,0.0001
2025-05-30T00:00:00Z,ATOMUSDT,-0.00008309
2025-05-30T08:00:00Z,ATOMUSDT,-0.00016292
2025-05-30T16:00:00Z,ATOMUSDT,0.00008583
2025-05-31T00:00:00Z,ATOMUSDT,-0.00004333
2025-05-31T08:00:00Z,ATOMUSDT,0.00004203
2025-05-31T16:00:00Z,ATOMUSDT,-0.00002342
2025-06-01T00:00:00Z,ATOMUSDT,-0.00005709
2025-06-01T08:00:00Z,ATOMUSDT,0.00001933
2025-06-01T16:00:00Z,ATOMUSDT,-0.00016525
2025-06-02T00:00:00Z,ATOMUSDT,0.0001
2025-06-02T08:00:00Z,ATOMUSDT,0.00007095
2025-06-02T16:00:00Z,ATOMUSDT,-0.00009951
2025-06-03T00:00:00Z,ATOMUSDT,0.00000814
2025-06-03T08:00:00Z,ATOMUSDT,0.0001
2025-06-03T16:00:00Z,ATOMUSDT,0.00001784
2025-06-04T00:00:00Z,ATOMUSDT,-0.00005512
2025-06-04T08:00:00Z,ATOMUSDT,0.0001
2025-06-04T16:00:00Z,ATOMUSDT,-0.00005882
2025-06-05T00:00:00Z,ATOMUSDT,-0.00011122
2025-06-05T08:00:00Z,ATOMUSDT,0.00000995
2025-06-05T16:00:00Z,ATOMUSDT,0.00005667
2025-06-06T00:00:00Z,ATOMUSDT,-0.00010068
2025-06-06T08:00:00Z,ATOMUSDT,0.00004625
2025-06-06T16:00:00Z,ATOMUSDT,0.00002245
2025-06-07T00:00:00Z,ATOMUSDT,-0.0001794
2025-06-07T08:00:00Z,ATOMUSDT,0.00008194
2025-06-07T16:00:00Z,ATOMUSDT,-0.00001184
2025-06-08T00:00:00Z,ATOMUSDT,0.00004809
2025-06-08T08:00:00Z,ATOMUSDT,-0.00009403
2025-06-08T16:00:00Z,ATOMUSDT,-0.00003112
2025-06-09T00:00:00Z,ATOMUSDT,0.00006359
2025-06-09T08:00:00Z,ATOMUSDT,-0.00009092
2025-06-09T16:00:00Z,ATOMUSDT,-0.00010002
2025-06-10T00:00:00Z,ATOMUSDT,0.0001
2025-06-10T08:00:00Z,ATOMUSDT,0.0001
2025-06-10T16:00:00Z,ATOMUSDT,0.0000927
2025-06-11T00:00:00Z,ATOMUSDT,0.0001
2025-06-11T08:00:00Z,ATOMUSDT,0.0001
2025-06-11T16:00:00Z,ATOMUSDT,0.00006161
2025-06-12T00:00:00Z,ATOMUSDT,0.0000733
2025-06-12T08:00:00Z,ATOMUSDT,0.00002222
2025-06-12T16:00:00Z,ATOMUSDT,-0.00012143
2025-06-13T00:00:00Z,ATOMUSDT,-0.00009357
2025-06-13T08:00:00Z,ATOMUSDT,-0.00022695
2025-06-13T16:00:00Z,ATOMUSDT,-0.00016191
2025-06-14T00:00:00Z,ATOMUSDT,-0.00006445
2025-06-14T08:00:00Z,ATOMUSDT,-0.00010159
2025-06-14T16:00:00Z,ATOMUSDT,-0.00024049
2025-06-15T00:00:00Z,ATOMUSDT,0.0000022
2025-06-15T08:00:00Z,ATOMUSDT,-0.00009571
2025-06-15T16:00:00Z,ATOMUSDT,-0.00011663
2025-06-16T00:00:00Z,ATOMUSDT,0.00001628
2025-06-16T08:00:00Z,ATOMUSDT,0.00002314
2025-06-16T16:00:00Z,ATOMUSDT,-0.0000192
2025-06-17T00:00:00Z,ATOMUSDT,-0.00001925
2025-06-17T08:00:00Z,ATOMUSDT,0.00000707
2025-06-17T16:00:00Z,ATOMUSDT,-0.00002478
2025-06-18T00:00:00Z,ATOMUSDT,-0.00004125
2025-06-18T08:00:00Z,ATOMUSDT,-0.00008125
2025-06-18T16:00:00Z,ATOMUSDT,-0.00025405
2025-06-19T00:00:00Z,ATOMUSDT,-0.00016558
2025-06-19T08:00:00Z,ATOMUSDT,-0.00000074
2025-06-19T16:00:00Z,ATOMUSDT,-0.00003621
2025-06-20T00:00:00Z,ATOMUSDT,-0.00002699
2025-06-20T08:00:00Z,ATOMUSDT,0.00005778
2025-06-20T16:00:00Z,ATOMUSDT,-0.00010416
2025-06-21T00:00:00Z,ATOMUSDT,-0.00017704
2025-06-21T08:00:00Z,ATOMUSDT,-0.00000193
2025-06-21T16:00:00Z,ATOMUSDT,-0.00005334
2025-06-22T00:00:00Z,ATOMUSDT,-0.00026426
2025-06-22T08:00:00Z,ATOMUSDT,-0.00031126
2025-06-22T16:00:00Z,ATOMUSDT,-0.00038976
2025-06-23T00:00:00Z,ATOMUSDT,-0.00032257
2025-06-23T08:00:00Z,ATOMUSDT,-0.00021095
2025-06-23T16:00:00Z,ATOMUSDT,-0.0000643
2025-06-24T00:00:00Z,ATOMUSDT,-0.000029
2025-06-24T08:00:00Z,ATOMUSDT,-0.00009803
2025-06-24T16:00:00Z,ATOMUSDT,-0.00038453
2025-06-25T00:00:00Z,ATOMUSDT,-0.00009677
2025-06-25T08:00:00Z,ATOMUSDT,-0.0000156
2025-06-25T16:00:00Z,ATOMUSDT,-0.00019816
2025-06-26T00:00:00Z,ATOMUSDT,-0.00002843
2025-06-26T08:00:00Z,ATOMUSDT,-0.00018929
2025-06-26T16:00:00Z,ATOMUSDT,-0.00008389
2025-06-27T00:00:00Z,ATOMUSDT,-0.00020062
2025-06-27T08:00:00Z,ATOMUSDT,-0.00000636
2025-06-27T16:00:00Z,ATOMUSDT,-0.00008232
2025-06-28T00:00:00Z,ATOMUSDT,-0.00004133
2025-06-28T08:00:00Z,ATOMUSDT,-0.00025652
2025-06-28T16:00:00Z,ATOMUSDT,-0.00038068
2025-06-29T00:00:00Z,ATOMUSDT,0.00004471
2025-06-29T08:00:00Z,ATOMUSDT,-0.00009853
2025-06-29T16:00:00Z,ATOMUSDT,-0.00012785
2025-06-30T00:00:00Z,ATOMUSDT,0.0001
2025-06-30T08:00:00Z,ATOMUSDT,0.0001
2025-06-30T16:00:00Z,ATOMUSDT,-0.0000129
2025-07-01T00:00:00Z,ATOMUSDT,-0.00012389
2025-07-01T08:00:00Z,ATOMUSDT,-0.00028
2025-07-01T16:00:00Z,ATOMUSDT,-0.00024449
2025-07-02T00:00:00Z,ATOMUSDT,-0.00013279
2025-07-02T08:00:00Z,ATOMUSDT,-0.00007984
2025-07-02T16:00:00Z,ATOMUSDT,0.00000581
2025-07-03T00:00:00Z,ATOMUSDT,0.0001
2025-07-03T08:00:00Z,ATOMUSDT,0.0001
2025-07-03T16:00:00Z,ATOMUSDT,0.0001
2025-07-04T00:00:00Z,ATOMUSDT,-0.0000016
2025-07-04T08:00:00Z,ATOMUSDT,-0.00008492
2025-07-04T16:00:00Z,ATOMUSDT,-0.00026312
2025-07-05T00:00:00Z,ATOMUSDT,-0.00031685
2025-07-05T08:00:00Z,ATOMUSDT,-0.000286
2025-07-05T16:00:00Z,ATOMUSDT,-0.0002391
2025-07-06T00:00:00Z,ATOMUSDT,-0.00011098
2025-07-06T08:00:00Z,ATOMUSDT,-0.0000266
2025-07-06T16:00:00Z,ATOMUSDT,0.00004189
2025-07-07T00:00:00Z,ATOMUSDT,0.00003376
2025-07-07T08:00:00Z,ATOMUSDT,0.0001
2025-07-07T16:00:00Z,ATOMUSDT,0.00004608
2025-07-08T00:00:00Z,ATOMUSDT,-0.00002539
2025-07-08T08:00:00Z,ATOMUSDT,-0.00008062
2025-07-08T16:00:00Z,ATOMUSDT,-0.00018218
2025-07-09T00:00:00Z,ATOMUSDT,0.0001
2025-07-09T08:00:00Z,ATOMUSDT,0.00003637
2025-07-09T16:00:00Z,ATOMUSDT,-0.00000509
2025-07-10T00:00:00Z,ATOMUSDT,0.0000512
2025-07-10T08:00:00Z,ATOMUSDT,0.00001438
2025-07-10T16:00:00Z,ATOMUSDT,-0.00009074
2025-07-11T00:00:00Z,ATOMUSDT,-0.00000973
2025-07-11T08:00:00Z,ATOMUSDT,0.0001
2025-07-11T16:00:00Z,ATOMUSDT,0.0001
2025-07-12T00:00:00Z,ATOMUSDT,0.0001
2025-07-12T08:00:00Z,ATOMUSDT,0.0001
2025-07-12T16:00:00Z,ATOMUSDT,0.0001
2025-07-13T00:00:00Z,ATOMUSDT,0.0001
2025-07-13T08:00:00Z,ATOMUSDT,0.0001
2025-07-13T16:00:00Z,ATOMUSDT,0.0001
2025-07-14T00:00:00Z,ATOMUSDT,0.0001
2025-07-14T08:00:00Z,ATOMUSDT,0.0001
2025-07-14T16:00:00Z,ATOMUSDT,0.0001
2025-07-15T00:00:00Z,ATOMUSDT,0.0001
2025-07-15T08:00:00Z,ATOMUSDT,0.0001
2025-07-15T16:00:00Z,ATOMUSDT,0.0001
2025-07-16T00:00:00Z,ATOMUSDT,0.0001
2025-07-16T08:00:00Z,ATOMUSDT,0.0001
2025-07-16T16:00:00Z,ATOMUSDT,0.0001
2025-07-17T00:00:00Z,ATOMUSDT,0.0001
2025-07-17T08:00:00Z,ATOMUSDT,0.0001
2025-07-17T16:00:00Z,ATOMUSDT,0.0001
2025-07-18T00:00:00Z,ATOMUSDT,0.0001
2025-07-18T08:00:00Z,ATOMUSDT,0.00016858
2025-07-18T16:00:00Z,ATOMUSDT,0.0001
2025-07-19T00:00:00Z,ATOMUSDT,0.0001
2025-07-19T08:00:00Z,ATOMUSDT,0.0001
2025-07-19T16:00:00Z,ATOMUSDT,0.0001
2025-07-20T00:00:00Z,ATOMUSDT,0.0001
2025-07-20T08:00:00Z,ATOMUSDT,0.0001
2025-07-20T16:00:00Z,ATOMUSDT,0.0001
2025-07-21T00:00:00Z,ATOMUSDT,0.0001
2025-07-21T08:00:00Z,ATOMUSDT,0.0001
2025-07-21T16:00:00Z,ATOMUSDT,0.0001
2025-07-22T00:00:00Z,ATOMUSDT,0.0001
2025-07-22T08:00:00Z,ATOMUSDT,0.0001
2025-07-22T16:00:00Z,ATOMUSDT,0.0001
2025-07-23T00:00:00Z,ATOMUSDT,0.0001
2025-07-23T08:00:00Z,ATOMUSDT,0.0001
2025-07-23T16:00:00Z,ATOMUSDT,0.0001
2025-07-24T00:00:00Z,ATOMUSDT,0.0001
2025-07-24T08:00:00Z,ATOMUSDT,0.0001
2025-07-24T16:00:00Z,ATOMUSDT,0.0001
2025-07-25T00:00:00Z,ATOMUSDT,0.0001
2025-07-25T08:00:00Z,ATOMUSDT,0.0001
2025-07-25T16:00:00Z,ATOMUSDT,0.0001
2025-07-26T00:00:00Z,ATOMUSDT,0.0001
2025-07-26T08:00:00Z,ATOMUSDT,0.0001
2025-07-26T16:00:00Z,ATOMUSDT,0.0001
2025-07-27T00:00:00Z,ATOMUSDT,0.0001
2025-07-27T08:00:00Z,ATOMUSDT,0.0001
2025-07-27T16:00:00Z,ATOMUSDT,0.0001
2025-07-28T00:00:00Z,ATOMUSDT,0.0001
2025-07-28T08:00:00Z,ATOMUSDT,0.0001
2025-07-28T16:00:00Z,ATOMUSDT,0.0001
2025-07-29T00:00:00Z,ATOMUSDT,0.0001
2025-07-29T08:00:00Z,ATOMUSDT,0.0001
2025-07-29T16:00:00Z,ATOMUSDT,0.00002584
2025-07-30T00:00:00Z,ATOMUSDT,-0.00004414
2025-07-30T08:00:00Z,ATOMUSDT,0.0001
2025-07-30T16:00:00Z,ATOMUSDT,0.00005572
2025-07-31T00:00:00Z,ATOMUSDT,-0.00001405
2025-07-31T08:00:00Z,ATOMUSDT,0.00005704
2025-07-31T16:00:00Z,ATOMUSDT,-0.00002121
2025-08-01T00:00:00Z,ATOMUSDT,0.0001
2025-08-01T08:00:00Z,ATOMUSDT,-0.00001946
2025-08-01T16:00:00Z,ATOMUSDT,-0.00005702
2025-08-02T00:00:00Z,ATOMUSDT,-0.00005312
2025-08-02T08:00:00Z,ATOMUSDT,-0.00011591
2025-08-02T16:00:00Z,ATOMUSDT,0.00001623
2025-08-03T00:00:00Z,ATOMUSDT,-0.00000825
2025-08-03T08:00:00Z,ATOMUSDT,-0.00007361
2025-08-03T16:00:00Z,ATOMUSDT,-0.00015871
2025-08-04T00:00:00Z,ATOMUSDT,-0.00013777
2025-08-04T08:00:00Z,ATOMUSDT,-0.00000217
2025-08-04T16:00:00Z,ATOMUSDT,-0.00011299
2025-08-05T00:00:00Z,ATOMUSDT,0.00005814
2025-08-05T08:00:00Z,ATOMUSDT,0.0001
2025-08-05T16:00:00Z,ATOMUSDT,-0.00005263
2025-08-06T00:00:00Z,ATOMUSDT,0.00004175
2025-08-06T08:00:00Z,ATOMUSDT,0.0001
2025-08-06T16:00:00Z,ATOMUSDT,0.0001
2025-08-07T00:00:00Z,ATOMUSDT,0.00000599
2025-08-07T08:00:00Z,ATOMUSDT,0.0001
2025-08-07T16:00:00Z,ATOMUSDT,0.0001
2025-08-08T00:00:00Z,ATOMUSDT,-0.00000763
2025-08-08T08:00:00Z,ATOMUSDT,-0.00003777
2025-08-08T16:00:00Z,ATOMUSDT,-0.00013406
2025-08-09T00:00:00Z,ATOMUSDT,0.0001
2025-08-09T08:00:00Z,ATOMUSDT,0.0001
2025-08-09T16:00:00Z,ATOMUSDT,0.00009485
2025-08-10T00:00:00Z,ATOMUSDT,0.0001
2025-08-10T08:00:00Z,ATOMUSDT,0.0001
2025-08-10T16:00:00Z,ATOMUSDT,0.00003863
2025-08-11T00:00:00Z,ATOMUSDT,0.0001
2025-08-11T08:00:00Z,ATOMUSDT,0.0001
2025-08-11T16:00:00Z,ATOMUSDT,0.00002182
2025-08-12T00:00:00Z,ATOMUSDT,-0.00005458
2025-08-12T08:00:00Z,ATOMUSDT,0.00007252
2025-08-12T16:00:00Z,ATOMUSDT,0.0001
2025-08-13T00:00:00Z,ATOMUSDT,0.0001
2025-08-13T08:00:00Z,ATOMUSDT,0.0001
2025-08-13T16:00:00Z,ATOMUSDT,0.0001
2025-08-14T00:00:00Z,ATOMUSDT,0.0001
2025-08-14T08:00:00Z,ATOMUSDT,0.0001
2025-08-14T16:00:00Z,ATOMUSDT,0.0001
2025-08-15T00:00:00Z,ATOMUSDT,0.0001
2025-08-15T08:00:00Z,ATOMUSDT,0.0001
2025-08-15T16:00:00Z,ATOMUSDT,-0.00004249
2025-08-16T00:00:00Z,ATOMUSDT,0.0001
2025-08-16T08:00:00Z,ATOMUSDT,0.0001
2025-08-16T16:00:00Z,ATOMUSDT,0.0001
2025-08-17T00:00:00Z,ATOMUSDT,0.0001
2025-08-17T08:00:00Z,ATOMUSDT,0.0001
2025-08-17T16:00:00Z,ATOMUSDT,0.0001
2025-08-18T00:00:00Z,ATOMUSDT,0.0001
2025-08-18T08:00:00Z,ATOMUSDT,-0.00007947
2025-08-18T16:00:00Z,ATOMUSDT,-0.00021302
2025-08-19T00:00:00Z,ATOMUSDT,0.00002897
2025-08-19T08:00:00Z,ATOMUSDT,-0.00006067
2025-08-19T16:00:00Z,ATOMUSDT,-0.00006723
2025-08-20T00:00:00Z,ATOMUSDT,-0.00004478
2025-08-20T08:00:00Z,ATOMUSDT,0.00003775
2025-08-20T16:00:00Z,ATOMUSDT,-0.00000054
2025-08-21T00:00:00Z,ATOMUSDT,0.0001
2025-08-21T08:00:00Z,ATOMUSDT,0.00008735
2025-08-21T16:00:00Z,ATOMUSDT,-0.00003879
2025-08-22T00:00:00Z,ATOMUSDT,-0.00002918
2025-08-22T08:00:00Z,ATOMUSDT,-0.00008849
2025-08-22T16:00:00Z,ATOMUSDT,-0.00011031
2025-08-23T00:00:00Z,ATOMUSDT,0.0001
2025-08-23T08:00:00Z,ATOMUSDT,0.0001
2025-08-23T16:00:00Z,ATOMUSDT,0.0001
2025-08-24T00:00:00Z,ATOMUSDT,0.0001
2025-08-24T08:00:00Z,ATOMUSDT,0.0001
2025-08-24T16:00:00Z,ATOMUSDT,0.0001
2025-08-25T00:00:00Z,ATOMUSDT,0.0001
2025-08-25T08:00:00Z,ATOMUSDT,0.0001
2025-08-25T16:00:00Z,ATOMUSDT,-0.00019567
2025-08-26T00:00:00Z,ATOMUSDT,-0.00010238
2025-08-26T08:00:00Z,ATOMUSDT,-0.00006142
2025-08-26T16:00:00Z,ATOMUSDT,-0.00000132
2025-08-27T00:00:00Z,ATOMUSDT,0.00005622
2025-08-27T08:00:00Z,ATOMUSDT,0.00003338
2025-08-27T16:00:00Z,ATOMUSDT,-0.0000949
2025-08-28T00:00:00Z,ATOMUSDT,0.00007642
2025-08-28T08:00:00Z,ATOMUSDT,0.00006994
2025-08-28T16:00:00Z,ATOMUSDT,-0.00007304
2025-08-29T00:00:00Z,ATOMUSDT,0.00007807
2025-08-29T08:00:00Z,ATOMUSDT,0.00002347
2025-08-29T16:00:00Z,ATOMUSDT,-0.00020293
2025-08-30T00:00:00Z,ATOMUSDT,-0.00021089
2025-08-30T08:00:00Z,ATOMUSDT,-0.00006819
2025-08-30T16:00:00Z,ATOMUSDT,-0.00004073
2025-08-31T00:00:00Z,ATOMUSDT,0.0000609
2025-08-31T08:00:00Z,ATOMUSDT,0.0001
2025-08-31T16:00:00Z,ATOMUSDT,0.00002877
2025-09-01T00:00:00Z,ATOMUSDT,-0.00006305
2025-09-01T08:00:00Z,ATOMUSDT,-0.00014483
2025-09-01T16:00:00Z,ATOMUSDT,0.0000619
2025-09-02T00:00:00Z,ATOMUSDT,-0.00014153
2025-09-02T08:00:00Z,ATOMUSDT,0.00008878
2025-09-02T16:00:00Z,ATOMUSDT,0.00002969
2025-09-03T00:00:00Z,ATOMUSDT,0.00004889
2025-09-03T08:00:00Z,ATOMUSDT,-0.00005928
2025-09-03T16:00:00Z,ATOMUSDT,0.0001
2025-09-04T00:00:00Z,ATOMUSDT,0.0001
2025-09-04T08:00:00Z,ATOMUSDT,-0.00025319
2025-09-04T16:00:00Z,ATOMUSDT,-0.00015362
2025-09-05T00:00:00Z,ATOMUSDT,-0.0002709
2025-09-05T08:00:00Z,ATOMUSDT,0.00008742
2025-09-05T16:00:00Z,ATOMUSDT,0.0001
2025-09-06T00:00:00Z,ATOMUSDT,0.0001
2025-09-06T08:00:00Z,ATOMUSDT,0.0001
2025-09-06T16:00:00Z,ATOMUSDT,0.00002391
2025-09-07T00:00:00Z,ATOMUSDT,0.00002041
2025-09-07T08:00:00Z,ATOMUSDT,0.0001
2025-09-07T16:00:00Z,ATOMUSDT,0.0001
2025-09-08T00:00:00Z,ATOMUSDT,0.00008393
2025-09-08T08:00:00Z,ATOMUSDT,0.0001
2025-09-08T16:00:00Z,ATOMUSDT,0.0001
2025-09-09T00:00:00Z,ATOMUSDT,0.0000587
2025-09-09T08:00:00Z,ATOMUSDT,0.0001
2025-09-09T16:00:00Z,ATOMUSDT,0.0001
2025-09-10T00:00:00Z,ATOMUSDT,0.0001
2025-09-10T08:00:00Z,ATOMUSDT,0.0001
2025-09-10T16:00:00Z,ATOMUSDT,0.0001
2025-09-11T00:00:00Z,ATOMUSDT,0.0001
2025-09-11T08:00:00Z,ATOMUSDT,0.0001
2025-09-11T16:00:00Z,ATOMUSDT,0.0001
2025-09-12T00:00:00Z,ATOMUSDT,0.0001
2025-09-12T08:00:00Z,ATOMUSDT,0.0001
2025-09-12T16:00:00Z,ATOMUSDT,0.0001
2025-09-13T00:00:00Z,ATOMUSDT,0.0001
2025-09-13T08:00:00Z,ATOMUSDT,0.0001
2025-09-13T16:00:00Z,ATOMUSDT,0.0001
2025-09-14T00:00:00Z,ATOMUSDT,0.0001
2025-09-14T08:00:00Z,ATOMUSDT,0.0001
2025-09-14T16:00:00Z,ATOMUSDT,0.0001
2025-09-15T00:00:00Z,ATOMUSDT,0.0001
2025-09-15T08:00:00Z,ATOMUSDT,0.0001
2025-09-15T16:00:00Z,ATOMUSDT,-0.00007299
2025-09-16T00:00:00Z,ATOMUSDT,0.0001
2025-09-16T08:00:00Z,ATOMUSDT,0.0001
2025-09-16T16:00:00Z,ATOMUSDT,0.0001
2025-09-17T00:00:00Z,ATOMUSDT,0.00004669
2025-09-17T08:00:00Z,ATOMUSDT,0.00009275
2025-09-17T16:00:00Z,ATOMUSDT,0.00007935
2025-09-18T00:00:00Z,ATOMUSDT,0.0001
2025-09-18T08:00:00Z,ATOMUSDT,0.0001
2025-09-18T16:00:00Z,ATOMUSDT,0.0001
2025-09-19T00:00:00Z,ATOMUSDT,0.0001
2025-09-19T08:00:00Z,ATOMUSDT,0.0001
2025-09-19T16:00:00Z,ATOMUSDT,0.0001
2025-09-20T00:00:00Z,ATOMUSDT,0.00007236
2025-09-20T08:00:00Z,ATOMUSDT,0.00008921
2025-09-20T16:00:00Z,ATOMUSDT,0.00006996
2025-09-21T00:00:00Z,ATOMUSDT,0.0001
2025-09-21T08:00:00Z,ATOMUSDT,0.0001
2025-09-21T16:00:00Z,ATOMUSDT,0.0001
2025-09-22T00:00:00Z,ATOMUSDT,0.0001
2025-09-22T08:00:00Z,ATOMUSDT,-0.00022591
2025-09-22T16:00:00Z,ATOMUSDT,-0.00003532
2025-09-23T00:00:00Z,ATOMUSDT,0.00006663
2025-09-23T08:00:00Z,ATOMUSDT,-0.00006296
2025-09-23T16:00:00Z,ATOMUSDT,-0.0000807
2025-09-24T00:00:00Z,ATOMUSDT,0.00005668
2025-09-24T08:00:00Z,ATOMUSDT,0.00005425
2025-09-24T16:00:00Z,ATOMUSDT,0.00009815
2025-09-25T00:00:00Z,ATOMUSDT,-0.00008364
2025-09-25T08:00:00Z,ATOMUSDT,-0.00009444
2025-09-25T16:00:00Z,ATOMUSDT,0.00003172
2025-09-26T00:00:00Z,ATOMUSDT,-0.00015357
2025-09-26T08:00:00Z,ATOMUSDT,0.00000459
2025-09-26T16:00:00Z,ATOMUSDT,0.0000158
2025-09-27T00:00:00Z,ATOMUSDT,0.00003716
2025-09-27T08:00:00Z,ATOMUSDT,-0.00003983
2025-09-27T16:00:00Z,ATOMUSDT,-0.00002044
2025-09-28T00:00:00Z,ATOMUSDT,-0.00008576
2025-09-28T08:00:00Z,ATOMUSDT,0.00009787
2025-09-28T16:00:00Z,ATOMUSDT,-0.00011645
2025-09-29T00:00:00Z,ATOMUSDT,0.00003247
2025-09-29T08:00:00Z,ATOMUSDT,0.00002336
2025-09-29T16:00:00Z,ATOMUSDT,-0.00000565
2025-09-30T00:00:00Z,ATOMUSDT,0.00004996
2025-09-30T08:00:00Z,ATOMUSDT,0.00000438
2025-09-30T16:00:00Z,ATOMUSDT,-0.0000865
2025-10-01T00:00:00Z,ATOMUSDT,-0.00010394
2025-10-01T08:00:00Z,ATOMUSDT,0.0001
2025-10-01T16:00:00Z,ATOMUSDT,0.0001
2025-10-02T00:00:00Z,ATOMUSDT,0.0001
2025-10-02T08:00:00Z,ATOMUSDT,0.0001
2025-10-02T16:00:00Z,ATOMUSDT,0.0001
2025-10-03T00:00:00Z,ATOMUSDT,0.0001
2025-10-03T08:00:00Z,ATOMUSDT,0.0000518
2025-10-03T16:00:00Z,ATOMUSDT,0.0001
2025-10-04T00:00:00Z,ATOMUSDT,0.0001
2025-10-04T08:00:00Z,ATOMUSDT,0.0001
2025-10-04T16:00:00Z,ATOMUSDT,0.0001
2025-10-05T00:00:00Z,ATOMUSDT,0.0001
2025-10-05T08:00:00Z,ATOMUSDT,0.0001
2025-10-05T16:00:00Z,ATOMUSDT,0.0001
2025-10-06T00:00:00Z,ATOMUSDT,-0.0000259
2025-10-06T08:00:00Z,ATOMUSDT,0.00000521
2025-10-06T16:00:00Z,ATOMUSDT,0.0001
2025-10-07T00:00:00Z,ATOMUSDT,0.0001
2025-10-07T08:00:00Z,ATOMUSDT,0.0001
2025-10-07T16:00:00Z,ATOMUSDT,0.0001
2025-10-08T00:00:00Z,ATOMUSDT,0.0001
2025-10-08T08:00:00Z,ATOMUSDT,-0.00010851
2025-10-08T16:00:00Z,ATOMUSDT,0.00005885
2025-10-09T00:00:00Z,ATOMUSDT,0.00001221
2025-10-09T08:00:00Z,ATOMUSDT,0.00006786
2025-10-09T16:00:00Z,ATOMUSDT,-0.00001144
2025-10-10T00:00:00Z,ATOMUSDT,0.00003733
2025-10-10T08:00:00Z,ATOMUSDT,0.0001
2025-10-10T16:00:00Z,ATOMUSDT,0.0001
2025-10-11T00:00:00Z,ATOMUSDT,-0.00391006
2025-10-11T08:00:00Z,ATOMUSDT,-0.00040256
2025-10-11T16:00:00Z,ATOMUSDT,-0.00083874
2025-10-12T00:00:00Z,ATOMUSDT,-0.00553212
2025-10-12T08:00:00Z,ATOMUSDT,-0.00031438
2025-10-12T16:00:00Z,ATOMUSDT,-0.00034183
2025-10-13T00:00:00Z,ATOMUSDT,-0.00026515
2025-10-13T08:00:00Z,ATOMUSDT,-0.00063563
2025-10-13T16:00:00Z,ATOMUSDT,-0.00015347
2025-10-14T00:00:00Z,ATOMUSDT,-0.00043033
2025-10-14T08:00:00Z,ATOMUSDT,-0.00033881
2025-10-14T16:00:00Z,ATOMUSDT,-0.00025587
2025-10-15T00:00:00Z,ATOMUSDT,-0.00021371
2025-10-15T08:00:00Z,ATOMUSDT,-0.00016189
2025-10-15T16:00:00Z,ATOMUSDT,-0.0002042
2025-10-16T00:00:00Z,ATOMUSDT,-0.00019554
2025-10-16T08:00:00Z,ATOMUSDT,-0.00013701
2025-10-16T16:00:00Z,ATOMUSDT,0.00000167
2025-10-17T00:00:00Z,ATOMUSDT,-0.00006231
2025-10-17T08:00:00Z,ATOMUSDT,-0.00039958
2025-10-17T16:00:00Z,ATOMUSDT,-0.0001755
2025-10-18T00:00:00Z,ATOMUSDT,-0.00023922
2025-10-18T08:00:00Z,ATOMUSDT,-0.00013329
2025-10-18T16:00:00Z,ATOMUSDT,-0.00037745
2025-10-19T00:00:00Z,ATOMUSDT,-0.00023793
2025-10-19T08:00:00Z,ATOMUSDT,-0.00026923
2025-10-19T16:00:00Z,ATOMUSDT,-0.00019557
2025-10-20T00:00:00Z,ATOMUSDT,-0.00017525
2025-10-20T08:00:00Z,ATOMUSDT,0.00003107
2025-10-20T16:00:00Z,ATOMUSDT,-0.00006913
2025-10-21T00:00:00Z,ATOMUSDT,-0.00020288
2025-10-21T08:00:00Z,ATOMUSDT,-0.0002976
2025-10-21T16:00:00Z,ATOMUSDT,-0.00007168
2025-10-22T00:00:00Z,ATOMUSDT,-0.00031294
2025-10-22T08:00:00Z,ATOMUSDT,-0.00021548
2025-10-22T16:00:00Z,ATOMUSDT,-0.00003276
2025-10-23T00:00:00Z,ATOMUSDT,-0.00025781
2025-10-23T08:00:00Z,ATOMUSDT,-0.00010645
2025-10-23T16:00:00Z,ATOMUSDT,-0.0001613
2025-10-24T00:00:00Z,ATOMUSDT,0.0000629
2025-10-24T08:00:00Z,ATOMUSDT,0.00001215
2025-10-24T16:00:00Z,ATOMUSDT,-0.00021245
2025-10-25T00:00:00Z,ATOMUSDT,0.00000476
2025-10-25T08:00:00Z,ATOMUSDT,-0.00010994
2025-10-25T16:00:00Z,ATOMUSDT,-0.00022826
2025-10-26T00:00:00Z,ATOMUSDT,-0.00018795
2025-10-26T08:00:00Z,ATOMUSDT,-0.00009028
2025-10-26T16:00:00Z,ATOMUSDT,0.00005758
2025-10-27T00:00:00Z,ATOMUSDT,0.00005774
2025-10-27T08:00:00Z,ATOMUSDT,-0.0000251
2025-10-27T16:00:00Z,ATOMUSDT,-0.00005982
2025-10-28T00:00:00Z,ATOMUSDT,-0.00021299
2025-10-28T08:00:00Z,ATOMUSDT,-0.00025946
2025-10-28T16:00:00Z,ATOMUSDT,-0.00030102
2025-10-29T00:00:00Z,ATOMUSDT,-0.0003334
2025-10-29T08:00:00Z,ATOMUSDT,-0.00023777
2025-10-29T16:00:00Z,ATOMUSDT,-0.00011239
2025-10-30T00:00:00Z,ATOMUSDT,-0.00039517
2025-10-30T08:00:00Z,ATOMUSDT,-0.0008085
2025-10-30T16:00:00Z,ATOMUSDT,-0.00131765
2025-10-31T00:00:00Z,ATOMUSDT,-0.0025335
2025-10-31T08:00:00Z,ATOMUSDT,-0.00060541
2025-10-31T16:00:00Z,ATOMUSDT,-0.00076595
2025-11-01T00:00:00Z,ATOMUSDT,-0.00067642
2025-11-01T08:00:00Z,ATOMUSDT,-0.00061943
2025-11-01T16:00:00Z,ATOMUSDT,-0.00013475
2025-11-02T00:00:00Z,ATOMUSDT,-0.0001079
2025-11-02T08:00:00Z,ATOMUSDT,-0.00010168
2025-11-02T16:00:00Z,ATOMUSDT,-0.00047541
2025-11-03T00:00:00Z,ATOMUSDT,-0.00013345
2025-11-03T08:00:00Z,ATOMUSDT,-0.0009562
2025-11-03T16:00:00Z,ATOMUSDT,-0.00060299
2025-11-04T00:00:00Z,ATOMUSDT,-0.00004226
2025-11-04T08:00:00Z,ATOMUSDT,-0.00050522
2025-11-04T16:00:00Z,ATOMUSDT,-0.00055218
2025-11-05T00:00:00Z,ATOMUSDT,-0.00022453
2025-11-05T08:00:00Z,ATOMUSDT,-0.00017655
2025-11-05T16:00:00Z,ATOMUSDT,-0.00043313
2025-11-06T00:00:00Z,ATOMUSDT,-0.0006022
2025-11-06T08:00:00Z,ATOMUSDT,-0.00004259
2025-11-06T16:00:00Z,ATOMUSDT,-0.00015572
2025-11-07T00:00:00Z,ATOMUSDT,0.00002555
2025-11-07T08:00:00Z,ATOMUSDT,-0.00007821
2025-11-07T16:00:00Z,ATOMUSDT,-0.00032226
2025-11-08T00:00:00Z,ATOMUSDT,-0.00017215
2025-11-08T08:00:00Z,ATOMUSDT,0.00002486
2025-11-08T16:00:00Z,ATOMUSDT,-0.00017482
2025-11-09T00:00:00Z,ATOMUSDT,0.00004524
2025-11-09T08:00:00Z,ATOMUSDT,-0.00011184
2025-11-09T16:00:00Z,ATOMUSDT,-0.00005158
2025-11-10T00:00:00Z,ATOMUSDT,-0.00011024
2025-11-10T08:00:00Z,ATOMUSDT,-0.00004183
2025-11-10T16:00:00Z,ATOMUSDT,-0.00024397
2025-11-11T00:00:00Z,ATOMUSDT,-0.00000173
2025-11-11T08:00:00Z,ATOMUSDT,-0.00017225
2025-11-11T16:00:00Z,ATOMUSDT,0.0001
2025-11-12T00:00:00Z,ATOMUSDT,-0.00015036
2025-11-12T08:00:00Z,ATOMUSDT,0.0000075
2025-11-12T16:00:00Z,ATOMUSDT,-0.00014583
2025-11-13T00:00:00Z,ATOMUSDT,-0.0003028
2025-11-13T08:00:00Z,ATOMUSDT,-0.00002732
2025-11-13T16:00:00Z,ATOMUSDT,0.00007054
2025-11-14T00:00:00Z,ATOMUSDT,-0.00000365
2025-11-14T08:00:00Z,ATOMUSDT,0.00008161
2025-11-14T16:00:00Z,ATOMUSDT,0.00007607
2025-11-15T00:00:00Z,ATOMUSDT,-0.00006826
2025-11-15T08:00:00Z,ATOMUSDT,0.00007378
2025-11-15T16:00:00Z,ATOMUSDT,-0.00016099
2025-11-16T00:00:00Z,ATOMUSDT,-0.00028873
2025-11-16T08:00:00Z,ATOMUSDT,0.00007849
2025-11-16T16:00:00Z,ATOMUSDT,-0.0002156
2025-11-17T00:00:00Z,ATOMUSDT,0.00004344
2025-11-17T08:00:00Z,ATOMUSDT,0.0001
2025-11-17T16:00:00Z,ATOMUSDT,0.00009495
2025-11-18T00:00:00Z,ATOMUSDT,0.00001623
2025-11-18T08:00:00Z,ATOMUSDT,0.00005159
2025-11-18T16:00:00Z,ATOMUSDT,0.0001
2025-11-19T00:00:00Z,ATOMUSDT,0.00001643
2025-11-19T08:00:00Z,ATOMUSDT,-0.0000372
2025-11-19T16:00:00Z,ATOMUSDT,0.0001
2025-11-20T00:00:00Z,ATOMUSDT,0.0001
2025-11-20T08:00:00Z,ATOMUSDT,-0.00016242
2025-11-20T16:00:00Z,ATOMUSDT,0.0001
2025-11-21T00:00:00Z,ATOMUSDT,-0.00041352
2025-11-21T08:00:00Z,ATOMUSDT,-0.00027094
2025-11-21T16:00:00Z,ATOMUSDT,-0.00013251
2025-11-22T00:00:00Z,ATOMUSDT,-0.00017266
2025-11-22T08:00:00Z,ATOMUSDT,-0.0000259
2025-11-22T16:00:00Z,ATOMUSDT,-0.00015939
2025-11-23T00:00:00Z,ATOMUSDT,-0.000023
2025-11-23T08:00:00Z,ATOMUSDT,0.00003308
2025-11-23T16:00:00Z,ATOMUSDT,-0.00021463
2025-11-24T00:00:00Z,ATOMUSDT,-0.00005674
2025-11-24T08:00:00Z,ATOMUSDT,-0.00003959
2025-11-24T16:00:00Z,ATOMUSDT,-0.00001458
2025-11-25T00:00:00Z,ATOMUSDT,-0.00007344
2025-11-25T08:00:00Z,ATOMUSDT,0.00001283
2025-11-25T16:00:00Z,ATOMUSDT,0.0000721
2025-11-26T00:00:00Z,ATOMUSDT,0.00000025
2025-11-26T08:00:00Z,ATOMUSDT,-0.00012235
2025-11-26T16:00:00Z,ATOMUSDT,-0.00009564
2025-11-27T00:00:00Z,ATOMUSDT,0.00009838
2025-11-27T08:00:00Z,ATOMUSDT,-0.00003601
2025-11-27T16:00:00Z,ATOMUSDT,-0.00018055
2025-11-28T00:00:00Z,ATOMUSDT,-0.00013105
2025-11-28T08:00:00Z,ATOMUSDT,-0.00040762
2025-11-28T16:00:00Z,ATOMUSDT,-0.00016404
2025-11-29T00:00:00Z,ATOMUSDT,-0.00002164
2025-11-29T08:00:00Z,ATOMUSDT,-0.00012185
2025-11-29T16:00:00Z,ATOMUSDT,-0.00033916
2025-11-30T00:00:00Z,ATOMUSDT,-0.00001459
2025-11-30T08:00:00Z,ATOMUSDT,-0.00016803
2025-11-30T16:00:00Z,ATOMUSDT,-0.00014785
2025-12-01T00:00:00Z,ATOMUSDT,-0.00015336
2025-12-01T08:00:00Z,ATOMUSDT,-0.00056426
2025-12-01T16:00:00Z,ATOMUSDT,-0.00008082
2025-12-02T00:00:00Z,ATOMUSDT,-0.00016078
2025-12-02T08:00:00Z,ATOMUSDT,-0.00031312
2025-12-02T16:00:00Z,ATOMUSDT,-0.00027321
2025-12-03T00:00:00Z,ATOMUSDT,-0.0001367
2025-12-03T08:00:00Z,ATOMUSDT,-0.00006294
2025-12-03T16:00:00Z,ATOMUSDT,-0.00012701
2025-12-04T00:00:00Z,ATOMUSDT,-0.00017651
2025-12-04T08:00:00Z,ATOMUSDT,-0.00008606
2025-12-04T16:00:00Z,ATOMUSDT,-0.00016307
2025-12-05T00:00:00Z,ATOMUSDT,-0.00023454
2025-12-05T08:00:00Z,ATOMUSDT,-0.00029558
2025-12-05T16:00:00Z,ATOMUSDT,-0.00025755
2025-12-06T00:00:00Z,ATOMUSDT,-0.00053701
2025-12-06T08:00:00Z,ATOMUSDT,-0.00070809
2025-12-06T16:00:00Z,ATOMUSDT,-0.00043449
2025-12-07T00:00:00Z,ATOMUSDT,-0.00009644
2025-12-07T08:00:00Z,ATOMUSDT,-0.00032414
2025-12-07T16:00:00Z,ATOMUSDT,-0.00041563
2025-12-08T00:00:00Z,ATOMUSDT,-0.0003951
2025-12-08T08:00:00Z,ATOMUSDT,-0.00021502
2025-12-08T16:00:00Z,ATOMUSDT,-0.00019317
2025-12-09T00:00:00Z,ATOMUSDT,-0.00013984
2025-12-09T08:00:00Z,ATOMUSDT,-0.0004068
2025-12-09T16:00:00Z,ATOMUSDT,-0.00013749
2025-12-10T00:00:00Z,ATOMUSDT,-0.00013944
2025-12-10T08:00:00Z,ATOMUSDT,-0.00035226
2025-12-10T16:00:00Z,ATOMUSDT,-0.00001215
2025-12-11T00:00:00Z,ATOMUSDT,0.00005688
2025-12-11T08:00:00Z,ATOMUSDT,-0.00026912
2025-12-11T16:00:00Z,ATOMUSDT,-0.00004332
2025-12-12T00:00:00Z,ATOMUSDT,-0.00013325
2025-12-12T08:00:00Z,ATOMUSDT,-0.00026559
2025-12-12T16:00:00Z,ATOMUSDT,-0.00027101
2025-12-13T00:00:00Z,ATOMUSDT,-0.00055243
2025-12-13T08:00:00Z,ATOMUSDT,0.0000505
2025-12-13T16:00:00Z,ATOMUSDT,0.00006468
2025-12-14T00:00:00Z,ATOMUSDT,-0.00022583
2025-12-14T08:00:00Z,ATOMUSDT,-0.00016547
2025-12-14T16:00:00Z,ATOMUSDT,-0.00044745
2025-12-15T00:00:00Z,ATOMUSDT,-0.00017965
2025-12-15T08:00:00Z,ATOMUSDT,0.00004752
2025-12-15T16:00:00Z,ATOMUSDT,-0.00009267
2025-12-16T00:00:00Z,ATOMUSDT,-0.00014502
2025-12-16T08:00:00Z,ATOMUSDT,-0.00023969
2025-12-16T16:00:00Z,ATOMUSDT,-0.00000906
2025-12-17T00:00:00Z,ATOMUSDT,0.0001
2025-12-17T08:00:00Z,ATOMUSDT,-0.0000424
2025-12-17T16:00:00Z,ATOMUSDT,0.0001
2025-12-18T00:00:00Z,ATOMUSDT,0.00006728
2025-12-18T08:00:00Z,ATOMUSDT,0.0001
2025-12-18T16:00:00Z,ATOMUSDT,0.0001
2025-12-19T00:00:00Z,ATOMUSDT,-0.00003609
2025-12-19T08:00:00Z,ATOMUSDT,0.00001905
2025-12-19T16:00:00Z,ATOMUSDT,0.00004957
2025-12-20T00:00:00Z,ATOMUSDT,-0.00002581
2025-12-20T08:00:00Z,ATOMUSDT,-0.00005794
2025-12-20T16:00:00Z,ATOMUSDT,0.00001794
2025-12-21T00:00:00Z,ATOMUSDT,-0.00012855
2025-12-21T08:00:00Z,ATOMUSDT,-0.00010412
2025-12-21T16:00:00Z,ATOMUSDT,-0.00020898
2025-12-22T00:00:00Z,ATOMUSDT,-0.00014706
2025-12-22T08:00:00Z,ATOMUSDT,-0.0000921
2025-12-22T16:00:00Z,ATOMUSDT,-0.00001496
2025-12-23T00:00:00Z,ATOMUSDT,0.00007712
2025-12-23T08:00:00Z,ATOMUSDT,-0.00000083
2025-12-23T16:00:00Z,ATOMUSDT,-0.00033916
2025-12-24T00:00:00Z,ATOMUSDT,0.0001
2025-12-24T08:00:00Z,ATOMUSDT,-0.00014981
2025-12-24T16:00:00Z,ATOMUSDT,-0.00018188
2025-12-25T00:00:00Z,ATOMUSDT,0.0001
2025-12-25T08:00:00Z,ATOMUSDT,0.0001
2025-12-25T16:00:00Z,ATOMUSDT,0.0001
2025-12-26T00:00:00Z,ATOMUSDT,-0.00006332
2025-12-26T08:00:00Z,ATOMUSDT,-0.0000202
2025-12-26T16:00:00Z,ATOMUSDT,-0.0000934
2025-12-27T00:00:00Z,ATOMUSDT,0.00003143
2025-12-27T08:00:00Z,ATOMUSDT,0.00009659
2025-12-27T16:00:00Z,ATOMUSDT,0.00009262
2025-12-28T00:00:00Z,ATOMUSDT,0.0001
2025-12-28T08:00:00Z,ATOMUSDT,-0.00008066
2025-12-28T16:00:00Z,ATOMUSDT,-0.00015816
2025-12-29T00:00:00Z,ATOMUSDT,0.0001
2025-12-29T08:00:00Z,ATOMUSDT,0.0001
2025-12-29T16:00:00Z,ATOMUSDT,-0.00015809
2025-12-30T00:00:00Z,ATOMUSDT,0.0001
2025-12-30T08:00:00Z,ATOMUSDT,0.0000582
2025-12-30T16:00:00Z,ATOMUSDT,-0.00005267
2025-12-31T00:00:00Z,ATOMUSDT,-0.00024665
2025-12-31T08:00:00Z,ATOMUSDT,-0.00013566
2025-12-31T16:00:00Z,ATOMUSDT,0.0000339
2026-01-01T00:00:00Z,ATOMUSDT,0.00009364
2026-01-01T08:00:00Z,ATOMUSDT,0.0001
2026-01-01T16:00:00Z,ATOMUSDT,0.00008361
2026-01-02T00:00:00Z,ATOMUSDT,0.0001
2026-01-02T08:00:00Z,ATOMUSDT,0.0001
2026-01-02T16:00:00Z,ATOMUSDT,-0.00017277
2026-01-03T00:00:00Z,ATOMUSDT,-0.00003566
2026-01-03T08:00:00Z,ATOMUSDT,-0.00007243
2026-01-03T16:00:00Z,ATOMUSDT,-0.0001475
2026-01-04T00:00:00Z,ATOMUSDT,-0.00018877
2026-01-04T08:00:00Z,ATOMUSDT,-0.00014565
2026-01-04T16:00:00Z,ATOMUSDT,-0.0000308
2026-01-05T00:00:00Z,ATOMUSDT,0.00003891
2026-01-05T08:00:00Z,ATOMUSDT,-0.00005529
2026-01-05T16:00:00Z,ATOMUSDT,-0.00014291
2026-01-06T00:00:00Z,ATOMUSDT,0.0001
2026-01-06T08:00:00Z,ATOMUSDT,0.0001
2026-01-06T16:00:00Z,ATOMUSDT,0.00003518
2026-01-07T00:00:00Z,ATOMUSDT,-0.00015409
2026-01-07T08:00:00Z,ATOMUSDT,-0.00022356
2026-01-07T16:00:00Z,ATOMUSDT,-0.00015647
2026-01-08T00:00:00Z,ATOMUSDT,-0.00018271
2026-01-08T08:00:00Z,ATOMUSDT,-0.0000543
2026-01-08T16:00:00Z,ATOMUSDT,-0.0001602
2026-01-09T00:00:00Z,ATOMUSDT,-0.00015423
2026-01-09T08:00:00Z,ATOMUSDT,-0.00022957
2026-01-09T16:00:00Z,ATOMUSDT,-0.00022086
2026-01-10T00:00:00Z,ATOMUSDT,-0.00002443
2026-01-10T08:00:00Z,ATOMUSDT,-0.00006132
2026-01-10T16:00:00Z,ATOMUSDT,-0.00005922
2026-01-11T00:00:00Z,ATOMUSDT,-0.00006891
2026-01-11T08:00:00Z,ATOMUSDT,0.00004917
2026-01-11T16:00:00Z,ATOMUSDT,0.00001173
2026-01-12T00:00:00Z,ATOMUSDT,-0.00021525
2026-01-12T08:00:00Z,ATOMUSDT,-0.00006137
2026-01-12T16:00:00Z,ATOMUSDT,-0.0001157
2026-01-13T00:00:00Z,ATOMUSDT,0.00000869
2026-01-13T08:00:00Z,ATOMUSDT,0.0001
2026-01-13T16:00:00Z,ATOMUSDT,-0.00002544
2026-01-14T00:00:00Z,ATOMUSDT,0.0001
2026-01-14T08:00:00Z,ATOMUSDT,0.00007254
2026-01-14T16:00:00Z,ATOMUSDT,-0.00016555
2026-01-15T00:00:00Z,ATOMUSDT,-0.00020994
2026-01-15T08:00:00Z,ATOMUSDT,-0.00021916
2026-01-15T16:00:00Z,ATOMUSDT,0.00005447
2026-01-16T00:00:00Z,ATOMUSDT,0.00007976
2026-01-16T08:00:00Z,ATOMUSDT,0.0001
2026-01-16T16:00:00Z,ATOMUSDT,-0.00005977
2026-01-17T00:00:00Z,ATOMUSDT,0.0001
2026-01-17T08:00:00Z,ATOMUSDT,0.00006451
2026-01-17T16:00:00Z,ATOMUSDT,0.00009072
2026-01-18T00:00:00Z,ATOMUSDT,0.0001
2026-01-18T08:00:00Z,ATOMUSDT,-0.00040097
2026-01-18T16:00:00Z,ATOMUSDT,-0.00000563
2026-01-19T00:00:00Z,ATOMUSDT,0.00007925
2026-01-19T08:00:00Z,ATOMUSDT,-0.00007768
2026-01-19T16:00:00Z,ATOMUSDT,0.00002559
2026-01-20T00:00:00Z,ATOMUSDT,0.00009967
2026-01-20T08:00:00Z,ATOMUSDT,-0.00000509
2026-01-20T16:00:00Z,ATOMUSDT,-0.00003425
2026-01-21T00:00:00Z,ATOMUSDT,0.0001
2026-01-21T08:00:00Z,ATOMUSDT,0.00001504
2026-01-21T16:00:00Z,ATOMUSDT,-0.00013382
2026-01-22T00:00:00Z,ATOMUSDT,0.00004436
2026-01-22T08:00:00Z,ATOMUSDT,0.00005621
2026-01-22T16:00:00Z,ATOMUSDT,-0.0001382
2026-01-23T00:00:00Z,ATOMUSDT,-0.00002065
2026-01-23T08:00:00Z,ATOMUSDT,-0.00001793
2026-01-23T16:00:00Z,ATOMUSDT,-0.00012619
2026-01-24T00:00:00Z,ATOMUSDT,-0.00006826
2026-01-24T08:00:00Z,ATOMUSDT,-0.00011187
2026-01-24T16:00:00Z,ATOMUSDT,-0.0001357
2026-01-25T00:00:00Z,ATOMUSDT,-0.00014724
2026-01-25T08:00:00Z,ATOMUSDT,-0.00002661
2026-01-25T16:00:00Z,ATOMUSDT,-0.00005273
2026-01-26T00:00:00Z,ATOMUSDT,0.00008129
2026-01-26T08:00:00Z,ATOMUSDT,-0.00000849
2026-01-26T16:00:00Z,ATOMUSDT,-0.00003178
2026-01-27T00:00:00Z,ATOMUSDT,0.00003133
2026-01-27T08:00:00Z,ATOMUSDT,0.00005341
2026-01-27T16:00:00Z,ATOMUSDT,-0.00002971
2026-01-28T00:00:00Z,ATOMUSDT,0.0000764
2026-01-28T08:00:00Z,ATOMUSDT,-0.00005031
2026-01-28T16:00:00Z,ATOMUSDT,-0.000148
2026-01-29T00:00:00Z,ATOMUSDT,0.00007793
2026-01-29T08:00:00Z,ATOMUSDT,-0.00014411
2026-01-29T16:00:00Z,ATOMUSDT,-0.00017889
2026-01-30T00:00:00Z,ATOMUSDT,-0.00000417
2026-01-30T08:00:00Z,ATOMUSDT,-0.00001624
2026-01-30T16:00:00Z,ATOMUSDT,-0.00017837
2026-01-31T00:00:00Z,ATOMUSDT,-0.00007086
2026-01-31T08:00:00Z,ATOMUSDT,-0.0000933
2026-01-31T16:00:00Z,ATOMUSDT,-0.00017302
2026-02-01T00:00:00Z,ATOMUSDT,-0.00015902
2026-02-01T08:00:00Z,ATOMUSDT,-0.0000344
2026-02-01T16:00:00Z,ATOMUSDT,-0.00025558
2026-02-02T00:00:00Z,ATOMUSDT,-0.00015326
2026-02-02T08:00:00Z,ATOMUSDT,-0.0001475
2026-02-02T16:00:00Z,ATOMUSDT,-0.00005629
2026-02-03T00:00:00Z,ATOMUSDT,-0.00027498
2026-02-03T08:00:00Z,ATOMUSDT,0.00000364
2026-02-03T16:00:00Z,ATOMUSDT,-0.00018728
2026-02-04T00:00:00Z,ATOMUSDT,-0.00005767
2026-02-04T08:00:00Z,ATOMUSDT,-0.00006569
2026-02-04T16:00:00Z,ATOMUSDT,-0.00009857
2026-02-05T00:00:00Z,ATOMUSDT,0.0001
2026-02-05T08:00:00Z,ATOMUSDT,0.00007
2026-02-05T16:00:00Z,ATOMUSDT,-0.00002516
2026-02-06T00:00:00Z,ATOMUSDT,-0.00002335
2026-02-06T08:00:00Z,ATOMUSDT,-0.00020213
2026-02-06T16:00:00Z,ATOMUSDT,-0.00016922
2026-02-07T00:00:00Z,ATOMUSDT,0.00003372
2026-02-07T08:00:00Z,ATOMUSDT,-0.00005599
2026-02-07T16:00:00Z,ATOMUSDT,0.00000922
2026-02-08T00:00:00Z,ATOMUSDT,0.00003224
2026-02-08T08:00:00Z,ATOMUSDT,-0.00014817
2026-02-08T16:00:00Z,ATOMUSDT,-0.00014372
2026-02-09T00:00:00Z,ATOMUSDT,-0.00002594
2026-02-09T08:00:00Z,ATOMUSDT,-0.00011407
2026-02-09T16:00:00Z,ATOMUSDT,-0.00006098
2026-02-10T00:00:00Z,ATOMUSDT,0.0001
2026-02-10T08:00:00Z,ATOMUSDT,-0.00012031
2026-02-10T16:00:00Z,ATOMUSDT,-0.00002926
2026-02-11T00:00:00Z,ATOMUSDT,0.00001352
2026-02-11T08:00:00Z,ATOMUSDT,-0.00014277
2026-02-11T16:00:00Z,ATOMUSDT,-0.0001124
2026-02-12T00:00:00Z,ATOMUSDT,0.00000268
2026-02-12T08:00:00Z,ATOMUSDT,0.00007119
2026-02-12T16:00:00Z,ATOMUSDT,0.0001
2026-02-13T00:00:00Z,ATOMUSDT,0.0001
2026-02-13T08:00:00Z,ATOMUSDT,0.0000919
2026-02-13T16:00:00Z,ATOMUSDT,0.00006799
2026-02-14T00:00:00Z,ATOMUSDT,0.00002255
2026-02-14T08:00:00Z,ATOMUSDT,-0.00000114
2026-02-14T16:00:00Z,ATOMUSDT,-0.0000677
2026-02-15T00:00:00Z,ATOMUSDT,-0.00001893
2026-02-15T08:00:00Z,ATOMUSDT,-0.0000746
2026-02-15T16:00:00Z,ATOMUSDT,-0.00001755
2026-02-16T00:00:00Z,ATOMUSDT,-0.00000269
2026-02-16T08:00:00Z,ATOMUSDT,0.00009915
2026-02-16T16:00:00Z,ATOMUSDT,-0.00021663
2026-02-17T00:00:00Z,ATOMUSDT,-0.00020709
2026-02-17T08:00:00Z,ATOMUSDT,-0.00017336
2026-02-17T16:00:00Z,ATOMUSDT,-0.00006954
2026-02-18T00:00:00Z,ATOMUSDT,0.00003082
2026-02-18T08:00:00Z,ATOMUSDT,-0.00001466
2026-02-18T16:00:00Z,ATOMUSDT,-0.00017651
2026-02-19T00:00:00Z,ATOMUSDT,-0.00001135
2026-02-19T08:00:00Z,ATOMUSDT,-0.00016885
2026-02-19T16:00:00Z,ATOMUSDT,0.00000255
2026-02-20T00:00:00Z,ATOMUSDT,0.00002879
2026-02-20T08:00:00Z,ATOMUSDT,-0.00003977
2026-02-20T16:00:00Z,ATOMUSDT,-0.00008356
2026-02-21T00:00:00Z,ATOMUSDT,0.00007325
2026-02-21T08:00:00Z,ATOMUSDT,-0.00004361
2026-02-21T16:00:00Z,ATOMUSDT,-0.00018731
2026-02-22T00:00:00Z,ATOMUSDT,-0.000171
2026-02-22T08:00:00Z,ATOMUSDT,-0.00010773
2026-02-22T16:00:00Z,ATOMUSDT,-0.00007994
2026-02-23T00:00:00Z,ATOMUSDT,0.00009172
2026-02-23T08:00:00Z,ATOMUSDT,-0.00000557
2026-02-23T16:00:00Z,ATOMUSDT,-0.00005107
2026-02-24T00:00:00Z,ATOMUSDT,0.0001
2026-02-24T08:00:00Z,ATOMUSDT,0.0001
2026-02-24T16:00:00Z,ATOMUSDT,0.0001
2026-02-25T00:00:00Z,ATOMUSDT,-0.00002159
2026-02-25T08:00:00Z,ATOMUSDT,-0.00028773
2026-02-25T16:00:00Z,ATOMUSDT,0.0001
2026-02-26T00:00:00Z,ATOMUSDT,-0.00126875
2026-02-26T08:00:00Z,ATOMUSDT,-0.00305911
2026-02-26T16:00:00Z,ATOMUSDT,-0.00330435
2026-02-27T00:00:00Z,ATOMUSDT,-0.0014438
2026-02-27T08:00:00Z,ATOMUSDT,-0.00113142
2026-02-27T16:00:00Z,ATOMUSDT,-0.00082805
2026-02-28T00:00:00Z,ATOMUSDT,-0.00057178
2026-02-28T08:00:00Z,ATOMUSDT,-0.00085202
2026-02-28T16:00:00Z,ATOMUSDT,-0.0004027
2026-03-01T00:00:00Z,ATOMUSDT,-0.00032628
2026-03-01T08:00:00Z,ATOMUSDT,-0.00088469
2026-03-01T16:00:00Z,ATOMUSDT,-0.00113468
2026-03-02T00:00:00Z,ATOMUSDT,-0.00090827
2026-03-02T08:00:00Z,ATOMUSDT,-0.00163239
2026-03-02T16:00:00Z,ATOMUSDT,-0.00049399
2026-03-03T00:00:00Z,ATOMUSDT,-0.00030542
2026-03-03T08:00:00Z,ATOMUSDT,-0.00034876
2026-03-03T16:00:00Z,ATOMUSDT,-0.00019381
2026-03-04T00:00:00Z,ATOMUSDT,-0.00032189
2026-03-04T08:00:00Z,ATOMUSDT,-0.00065288
2026-03-04T16:00:00Z,ATOMUSDT,-0.00051425
2026-03-05T00:00:00Z,ATOMUSDT,-0.0004571
2026-03-05T08:00:00Z,ATOMUSDT,-0.00043989
2026-03-05T16:00:00Z,ATOMUSDT,-0.00030027
2026-03-06T00:00:00Z,ATOMUSDT,-0.00005056
2026-03-06T08:00:00Z,ATOMUSDT,-0.0004056
2026-03-06T16:00:00Z,ATOMUSDT,-0.00036812
2026-03-07T00:00:00Z,ATOMUSDT,-0.00055374
2026-03-07T08:00:00Z,ATOMUSDT,-0.00040324
2026-03-07T16:00:00Z,ATOMUSDT,-0.00053213
2026-03-08T00:00:00Z,ATOMUSDT,-0.00082404
2026-03-08T08:00:00Z,ATOMUSDT,-0.0006183
2026-03-08T16:00:00Z,ATOMUSDT,-0.0004844
2026-03-09T00:00:00Z,ATOMUSDT,-0.00077626
2026-03-09T08:00:00Z,ATOMUSDT,-0.00017687
2026-03-09T16:00:00Z,ATOMUSDT,-0.00016241
2026-03-10T00:00:00Z,ATOMUSDT,-0.00033483
2026-03-10T08:00:00Z,ATOMUSDT,-0.00027904
2026-03-10T16:00:00Z,ATOMUSDT,-0.00026073
2026-03-11T00:00:00Z,ATOMUSDT,-0.00007091
2026-03-11T08:00:00Z,ATOMUSDT,-0.00013562
2026-03-11T16:00:00Z,ATOMUSDT,-0.00002262
2026-03-12T00:00:00Z,ATOMUSDT,-0.00010993
2026-03-12T08:00:00Z,ATOMUSDT,-0.00005966
2026-03-12T16:00:00Z,ATOMUSDT,-0.00027273
2026-03-13T00:00:00Z,ATOMUSDT,-0.00017545
2026-03-13T08:00:00Z,ATOMUSDT,-0.00010342
2026-03-13T16:00:00Z,ATOMUSDT,-0.00005599
2026-03-14T00:00:00Z,ATOMUSDT,0.00003139
2026-03-14T08:00:00Z,ATOMUSDT,-0.00029903
2026-03-14T16:00:00Z,ATOMUSDT,-0.00030505
2026-03-15T00:00:00Z,ATOMUSDT,-0.00006968
2026-03-15T08:00:00Z,ATOMUSDT,-0.00037478
2026-03-15T16:00:00Z,ATOMUSDT,-0.00017644
2026-03-16T00:00:00Z,ATOMUSDT,-0.00006859
2026-03-16T08:00:00Z,ATOMUSDT,-0.00007612
2026-03-16T16:00:00Z,ATOMUSDT,0.00002994
2026-03-17T00:00:00Z,ATOMUSDT,-0.00004331
2026-03-17T08:00:00Z,ATOMUSDT,-0.000039
2026-03-17T16:00:00Z,ATOMUSDT,-0.0002111
2026-03-18T00:00:00Z,ATOMUSDT,-0.00003569
2026-03-18T08:00:00Z,ATOMUSDT,0.0001
2026-03-18T16:00:00Z,ATOMUSDT,0.00003109
2026-03-19T00:00:00Z,ATOMUSDT,-0.00015664
2026-03-19T08:00:00Z,ATOMUSDT,-0.00034193
2026-03-19T16:00:00Z,ATOMUSDT,0.0000019
2026-03-20T00:00:00Z,ATOMUSDT,0.00007625
2026-03-20T08:00:00Z,ATOMUSDT,0.0001
2026-03-20T16:00:00Z,ATOMUSDT,0.0001
2026-03-21T00:00:00Z,ATOMUSDT,0.00008698
2026-03-21T08:00:00Z,ATOMUSDT,-0.00000953
2026-03-21T16:00:00Z,ATOMUSDT,-0.00005463
2026-03-22T00:00:00Z,ATOMUSDT,-0.00014523
2026-03-22T08:00:00Z,ATOMUSDT,-0.00007905
2026-03-22T16:00:00Z,ATOMUSDT,-0.00010304
2026-03-23T00:00:00Z,ATOMUSDT,-0.00002986
2026-03-23T08:00:00Z,ATOMUSDT,0.00007239
2026-03-23T16:00:00Z,ATOMUSDT,-0.0000104
2026-03-24T00:00:00Z,ATOMUSDT,-0.00018252
2026-03-24T08:00:00Z,ATOMUSDT,-0.00016855
2026-03-24T16:00:00Z,ATOMUSDT,-0.00005945
2026-03-25T00:00:00Z,ATOMUSDT,0.0000342
2026-03-25T08:00:00Z,ATOMUSDT,-0.00031286
2026-03-25T16:00:00Z,ATOMUSDT,-0.00048861
2026-03-26T00:00:00Z,ATOMUSDT,-0.00018122
2026-03-26T08:00:00Z,ATOMUSDT,-0.00047973
2026-03-26T16:00:00Z,ATOMUSDT,-0.00030722
2026-03-27T00:00:00Z,ATOMUSDT,-0.00012414
2026-03-27T08:00:00Z,ATOMUSDT,-0.00009566
2026-03-27T16:00:00Z,ATOMUSDT,-0.00037023
2026-03-28T00:00:00Z,ATOMUSDT,-0.00027099
2026-03-28T08:00:00Z,ATOMUSDT,-0.00012912
2026-03-28T16:00:00Z,ATOMUSDT,-0.00009229
2026-03-29T00:00:00Z,ATOMUSDT,-0.00002017
2026-03-29T08:00:00Z,ATOMUSDT,0.00008119
2026-03-29T16:00:00Z,ATOMUSDT,-0.00016001
2026-03-30T00:00:00Z,ATOMUSDT,-0.00008687
2026-03-30T08:00:00Z,ATOMUSDT,0.0001
2026-03-30T16:00:00Z,ATOMUSDT,-0.00036096
2026-03-31T00:00:00Z,ATOMUSDT,-0.00002647
2026-03-31T08:00:00Z,ATOMUSDT,-0.00005765
2026-03-31T16:00:00Z,ATOMUSDT,-0.00000603
2026-04-01T00:00:00Z,ATOMUSDT,0.0001
2026-04-01T08:00:00Z,ATOMUSDT,-0.00011255
2026-04-01T16:00:00Z,ATOMUSDT,0.0001
2026-04-02T00:00:00Z,ATOMUSDT,-0.0002569
2026-04-02T08:00:00Z,ATOMUSDT,-0.00029134
2026-04-02T16:00:00Z,ATOMUSDT,-0.00023573
2026-04-03T00:00:00Z,ATOMUSDT,-0.00010573
2026-04-03T08:00:00Z,ATOMUSDT,0.0001
2026-04-03T16:00:00Z,ATOMUSDT,0.00001262
2026-04-04T00:00:00Z,ATOMUSDT,0.00003842
2026-04-04T08:00:00Z,ATOMUSDT,-0.00003574
2026-04-04T16:00:00Z,ATOMUSDT,-0.00016185
2026-04-05T00:00:00Z,ATOMUSDT,0.00004323
2026-04-05T08:00:00Z,ATOMUSDT,-0.00003598
2026-04-05T16:00:00Z,ATOMUSDT,-0.00000591
2026-04-06T00:00:00Z,ATOMUSDT,-0.00004766
2026-04-06T08:00:00Z,ATOMUSDT,-0.00029081
2026-04-06T16:00:00Z,ATOMUSDT,0.0001
2026-04-07T00:00:00Z,ATOMUSDT,0.0001
2026-04-07T08:00:00Z,ATOMUSDT,-0.00015911
2026-04-07T16:00:00Z,ATOMUSDT,-0.00004238
2026-04-08T00:00:00Z,ATOMUSDT,0.0001
2026-04-08T08:00:00Z,ATOMUSDT,0.0001
2026-04-08T16:00:00Z,ATOMUSDT,0.0001
2026-04-09T00:00:00Z,ATOMUSDT,-0.00008121
2026-04-09T08:00:00Z,ATOMUSDT,0.00008209
2026-04-09T16:00:00Z,ATOMUSDT,0.0001
2026-04-10T00:00:00Z,ATOMUSDT,-0.0001217
2026-04-10T08:00:00Z,ATOMUSDT,-0.00005052
2026-04-10T16:00:00Z,ATOMUSDT,-0.00002245
2026-04-11T00:00:00Z,ATOMUSDT,-0.00017997
2026-04-11T08:00:00Z,ATOMUSDT,0.00004994
2026-04-11T16:00:00Z,ATOMUSDT,-0.00007298
2026-04-12T00:00:00Z,ATOMUSDT,-0.00007036
2026-04-12T08:00:00Z,ATOMUSDT,-0.00029003
2026-04-12T16:00:00Z,ATOMUSDT,0.0001
2026-04-13T00:00:00Z,ATOMUSDT,-0.00001855
2026-04-13T08:00:00Z,ATOMUSDT,0.0001
2026-04-13T16:00:00Z,ATOMUSDT,-0.00016867
2026-04-14T00:00:00Z,ATOMUSDT,0.0001
2026-04-14T08:00:00Z,ATOMUSDT,-0.00009239
2026-04-14T16:00:00Z,ATOMUSDT,0.0000001
2026-04-15T00:00:00Z,ATOMUSDT,0.0001
2026-04-15T08:00:00Z,ATOMUSDT,0.00008522
2026-04-15T16:00:00Z,ATOMUSDT,-0.00008245
2026-04-16T00:00:00Z,ATOMUSDT,-0.00016718
2026-04-16T08:00:00Z,ATOMUSDT,0.00007389
2026-04-16T16:00:00Z,ATOMUSDT,0.0001
2026-04-17T00:00:00Z,ATOMUSDT,-0.00028984
2026-04-17T08:00:00Z,ATOMUSDT,-0.00018645
2026-04-17T16:00:00Z,ATOMUSDT,-0.00007586
2026-04-18T00:00:00Z,ATOMUSDT,-0.0004619
2026-04-18T08:00:00Z,ATOMUSDT,0.00000534
2026-04-18T16:00:00Z,ATOMUSDT,0.00000229
2026-04-19T00:00:00Z,ATOMUSDT,0.0001
2026-04-19T08:00:00Z,ATOMUSDT,-0.00034514
2026-04-19T16:00:00Z,ATOMUSDT,0.0001
2026-04-20T00:00:00Z,ATOMUSDT,-0.00007578
2026-04-20T08:00:00Z,ATOMUSDT,0.0001
2026-04-20T16:00:00Z,ATOMUSDT,0.0001
2026-04-21T00:00:00Z,ATOMUSDT,0.0001
2026-04-21T08:00:00Z,ATOMUSDT,0.00000657
2026-04-21T16:00:00Z,ATOMUSDT,0.0001
2026-04-22T00:00:00Z,ATOMUSDT,0.0001
2026-04-22T08:00:00Z,ATOMUSDT,0.0001
2026-04-22T16:00:00Z,ATOMUSDT,-0.00013744
2026-04-23T00:00:00Z,ATOMUSDT,-0.00000942
2026-04-23T08:00:00Z,ATOMUSDT,-0.00013914
2026-04-23T16:00:00Z,ATOMUSDT,-0.00007387
2026-04-24T00:00:00Z,ATOMUSDT,0.0001
2026-04-24T08:00:00Z,ATOMUSDT,0.00003633
2026-04-24T16:00:00Z,ATOMUSDT,-0.00004019
2026-04-25T00:00:00Z,ATOMUSDT,0.00001055
2026-04-25T08:00:00Z,ATOMUSDT,0.00001995
2026-04-25T16:00:00Z,ATOMUSDT,-0.00014626
2026-04-26T00:00:00Z,ATOMUSDT,0.00006612
2026-04-26T08:00:00Z,ATOMUSDT,-0.00005011
2026-04-26T16:00:00Z,ATOMUSDT,0.0001
2026-04-27T00:00:00Z,ATOMUSDT,0.0001
2026-04-27T08:00:00Z,ATOMUSDT,-0.00006116
2026-04-27T16:00:00Z,ATOMUSDT,-0.00004501
2026-04-28T00:00:00Z,ATOMUSDT,0.00004992
2026-04-28T08:00:00Z,ATOMUSDT,0.00001106
2026-04-28T16:00:00Z,ATOMUSDT,0.00002391
2026-04-29T00:00:00Z,ATOMUSDT,-0.00004272
2026-04-29T08:00:00Z,ATOMUSDT,0.00000683
2026-04-29T16:00:00Z,ATOMUSDT,0.0001
2026-04-30T00:00:00Z,ATOMUSDT,0.0001
2026-04-30T08:00:00Z,ATOMUSDT,-0.00001243
2026-04-30T16:00:00Z,ATOMUSDT,-0.00029664
2026-05-01T00:00:00Z,ATOMUSDT,0.00006404
2026-05-01T08:00:00Z,ATOMUSDT,0.00007864
2026-05-01T16:00:00Z,ATOMUSDT,0.00004839
2026-05-02T00:00:00Z,ATOMUSDT,-0.00019691
2026-05-02T08:00:00Z,ATOMUSDT,-0.00007692
2026-05-02T16:00:00Z,ATOMUSDT,0.0000159
2026-05-03T00:00:00Z,ATOMUSDT,0.00005009
2026-05-03T08:00:00Z,ATOMUSDT,-0.0001315
2026-05-03T16:00:00Z,ATOMUSDT,-0.00014663
2026-05-04T00:00:00Z,ATOMUSDT,-0.00020418
2026-05-04T08:00:00Z,ATOMUSDT,-0.00014207
2026-05-04T16:00:00Z,ATOMUSDT,-0.00004021
2026-05-05T00:00:00Z,ATOMUSDT,0.0001
2026-05-05T08:00:00Z,ATOMUSDT,0.0001
2026-05-05T16:00:00Z,ATOMUSDT,0.00000262
2026-05-06T00:00:00Z,ATOMUSDT,0.0000272
2026-05-06T08:00:00Z,ATOMUSDT,0.0001
2026-05-06T16:00:00Z,ATOMUSDT,0.00006321
2026-05-07T00:00:00Z,ATOMUSDT,-0.00019722
2026-05-07T08:00:00Z,ATOMUSDT,-0.00046141
2026-05-07T16:00:00Z,ATOMUSDT,-0.00023459
2026-05-08T00:00:00Z,ATOMUSDT,0.0000081
2026-05-08T08:00:00Z,ATOMUSDT,-0.00030621
2026-05-08T16:00:00Z,ATOMUSDT,-0.00003482
2026-05-09T00:00:00Z,ATOMUSDT,0.0001
2026-05-09T08:00:00Z,ATOMUSDT,0.0001
2026-05-09T16:00:00Z,ATOMUSDT,0.0001
2026-05-10T00:00:00Z,ATOMUSDT,0.0001
2026-05-10T08:00:00Z,ATOMUSDT,-0.00007527
2026-05-10T16:00:00Z,ATOMUSDT,0.0001
2026-05-11T00:00:00Z,ATOMUSDT,0.0001
2026-05-11T08:00:00Z,ATOMUSDT,-0.0000257
2026-05-11T16:00:00Z,ATOMUSDT,0.00005083
2026-05-12T00:00:00Z,ATOMUSDT,-0.000072
2026-05-12T08:00:00Z,ATOMUSDT,0.00005113
2026-05-12T16:00:00Z,ATOMUSDT,-0.0001232
2026-05-13T00:00:00Z,ATOMUSDT,0.00001156
2026-05-13T08:00:00Z,ATOMUSDT,-0.00009497
2026-05-13T16:00:00Z,ATOMUSDT,0.00000021
2026-05-14T00:00:00Z,ATOMUSDT,0.0001
2026-05-14T08:00:00Z,ATOMUSDT,0.0001
2026-05-14T16:00:00Z,ATOMUSDT,0.0001
2026-05-15T00:00:00Z,ATOMUSDT,0.0001
2026-05-15T08:00:00Z,ATOMUSDT,0.00000826
2026-05-15T16:00:00Z,ATOMUSDT,-0.00025269
2026-05-16T00:00:00Z,ATOMUSDT,-0.00015182
2026-05-16T08:00:00Z,ATOMUSDT,-0.00031585
2026-05-16T16:00:00Z,ATOMUSDT,0.00003539
2026-05-17T00:00:00Z,ATOMUSDT,0.0001
2026-05-17T08:00:00Z,ATOMUSDT,0.0001
2026-05-17T16:00:00Z,ATOMUSDT,0.0001
2026-05-18T00:00:00Z,ATOMUSDT,0.0001
2026-05-18T08:00:00Z,ATOMUSDT,0.00006931
2026-05-18T16:00:00Z,ATOMUSDT,0.00003671
2026-05-19T00:00:00Z,ATOMUSDT,0.0001
2026-05-19T08:00:00Z,ATOMUSDT,0.0001
2026-05-19T16:00:00Z,ATOMUSDT,0.0001
2026-05-20T00:00:00Z,ATOMUSDT,0.0001
2026-05-20T08:00:00Z,ATOMUSDT,-0.00007702
2026-05-20T16:00:00Z,ATOMUSDT,0.00001355
2026-05-21T00:00:00Z,ATOMUSDT,-0.00027683
2026-05-21T08:00:00Z,ATOMUSDT,0.0001
2026-05-21T16:00:00Z,ATOMUSDT,0.0001
2026-05-22T00:00:00Z,ATOMUSDT,0.0001
2026-05-22T08:00:00Z,ATOMUSDT,0.0001
2026-05-22T16:00:00Z,ATOMUSDT,0.0001
2026-05-23T00:00:00Z,ATOMUSDT,0.00001335
2026-05-23T08:00:00Z,ATOMUSDT,0.00001066
2026-05-23T16:00:00Z,ATOMUSDT,0.00009988
2026-05-24T00:00:00Z,ATOMUSDT,0.00003069
2026-05-24T08:00:00Z,ATOMUSDT,-0.0000525
2026-05-24T16:00:00Z,ATOMUSDT,-0.00002439
2026-05-25T00:00:00Z,ATOMUSDT,-0.00004804
2026-05-25T08:00:00Z,ATOMUSDT,0.0001
2026-05-25T16:00:00Z,ATOMUSDT,0.0001
2026-05-26T00:00:00Z,ATOMUSDT,0.00007785
2026-05-26T08:00:00Z,ATOMUSDT,0.00009561
2026-05-26T16:00:00Z,ATOMUSDT,-0.00005946
2026-05-27T00:00:00Z,ATOMUSDT,0.00003494
2026-05-27T08:00:00Z,ATOMUSDT,0.00009486
2026-05-27T16:00:00Z,ATOMUSDT,0.00007201
2026-05-28T00:00:00Z,ATOMUSDT,0.00007444
2026-05-28T08:00:00Z,ATOMUSDT,0.00007155
2026-05-28T16:00:00Z,ATOMUSDT,-0.00000872
2026-05-29T00:00:00Z,ATOMUSDT,-0.00003848
2026-05-29T08:00:00Z,ATOMUSDT,-0.00024067
2026-05-29T16:00:00Z,ATOMUSDT,-0.00010326
2026-05-30T00:00:00Z,ATOMUSDT,0.00000101
2026-05-30T08:00:00Z,ATOMUSDT,-0.00015351
2026-05-30T16:00:00Z,ATOMUSDT,-0.00000504
2026-05-31T00:00:00Z,ATOMUSDT,-0.00004895
2026-05-31T08:00:00Z,ATOMUSDT,-0.00006122
2026-05-31T16:00:00Z,ATOMUSDT,-0.00000773
2026-06-01T00:00:00Z,ATOMUSDT,-0.00007923
2026-06-01T08:00:00Z,ATOMUSDT,-0.00028884
2026-06-01T16:00:00Z,ATOMUSDT,0.00005088
2026-06-02T00:00:00Z,ATOMUSDT,-0.00003031
2026-06-02T08:00:00Z,ATOMUSDT,-0.00008094
2026-06-02T16:00:00Z,ATOMUSDT,-0.00012022
2026-06-03T00:00:00Z,ATOMUSDT,-0.00024416
2026-06-03T08:00:00Z,ATOMUSDT,-0.00000757
2026-06-03T16:00:00Z,ATOMUSDT,-0.00003587
2026-06-04T00:00:00Z,ATOMUSDT,0.0000588
2026-06-04T08:00:00Z,ATOMUSDT,-0.00016068
2026-06-04T16:00:00Z,ATOMUSDT,-0.00005433
2026-06-05T00:00:00Z,ATOMUSDT,0.00003191
2026-06-05T08:00:00Z,ATOMUSDT,-0.00011002
2026-06-05T16:00:00Z,ATOMUSDT,0.00007768
2026-06-06T00:00:00Z,ATOMUSDT,0.00006948
2026-06-06T08:00:00Z,ATOMUSDT,-0.00019608
2026-06-06T16:00:00Z,ATOMUSDT,-0.00003154
2026-06-07T00:00:00Z,ATOMUSDT,-0.00014485
2026-06-07T08:00:00Z,ATOMUSDT,-0.00031588
2026-06-07T16:00:00Z,ATOMUSDT,-0.00022158
2026-06-08T00:00:00Z,ATOMUSDT,-0.00010183
2026-06-08T08:00:00Z,ATOMUSDT,0.00006479
2026-06-08T16:00:00Z,ATOMUSDT,-0.00005778
2026-06-09T00:00:00Z,ATOMUSDT,-0.00029047
2026-06-09T08:00:00Z,ATOMUSDT,0.00000144
2026-06-09T16:00:00Z,ATOMUSDT,0.0000473
2026-06-10T00:00:00Z,ATOMUSDT,0.0001
2026-06-10T08:00:00Z,ATOMUSDT,0.0001
2026-06-10T16:00:00Z,ATOMUSDT,0.00005804
2026-06-11T00:00:00Z,ATOMUSDT,0.0001
2026-06-11T08:00:00Z,ATOMUSDT,0.00006732
2026-06-11T16:00:00Z,ATOMUSDT,0.0000858
2026-06-12T00:00:00Z,ATOMUSDT,0.0001
2026-06-12T08:00:00Z,ATOMUSDT,-0.00000972
2026-06-12T16:00:00Z,ATOMUSDT,0.00002294
2026-06-13T00:00:00Z,ATOMUSDT,0.00002658
2026-06-13T08:00:00Z,ATOMUSDT,0.00007842
2026-06-13T16:00:00Z,ATOMUSDT,0.0001
2026-06-14T00:00:00Z,ATOMUSDT,0.00005681
2026-06-14T08:00:00Z,ATOMUSDT,-0.00002427
2026-06-14T16:00:00Z,ATOMUSDT,0.00009924
2026-06-15T00:00:00Z,ATOMUSDT,-0.00009985
2026-06-15T08:00:00Z,ATOMUSDT,-0.00005824
2026-06-15T16:00:00Z,ATOMUSDT,-0.00018121
2026-06-16T00:00:00Z,ATOMUSDT,-0.00024305
2026-06-16T08:00:00Z,ATOMUSDT,-0.00013227
2026-06-16T16:00:00Z,ATOMUSDT,-0.0000827
2026-06-17T00:00:00Z,ATOMUSDT,-0.00006496
2026-06-17T08:00:00Z,ATOMUSDT,-0.00019327
2026-06-17T16:00:00Z,ATOMUSDT,0.00006265
2026-06-18T00:00:00Z,ATOMUSDT,-0.00006453
2026-06-18T08:00:00Z,ATOMUSDT,-0.0001287
2026-06-18T16:00:00Z,ATOMUSDT,-0.00026306
2026-06-19T00:00:00Z,ATOMUSDT,-0.00002967
2026-06-19T08:00:00Z,ATOMUSDT,-0.00014145
2026-06-19T16:00:00Z,ATOMUSDT,-0.00012759
2026-06-20T00:00:00Z,ATOMUSDT,-0.00007911
2026-06-20T08:00:00Z,ATOMUSDT,-0.00000902
2026-06-20T16:00:00Z,ATOMUSDT,-0.00011556
2026-06-21T00:00:00Z,ATOMUSDT,0.0001
2026-06-21T08:00:00Z,ATOMUSDT,-0.0000919
2026-06-21T16:00:00Z,ATOMUSDT,-0.00004627
2026-06-22T00:00:00Z,ATOMUSDT,0.00000089
2026-06-22T08:00:00Z,ATOMUSDT,-0.00004021
2026-06-22T16:00:00Z,ATOMUSDT,-0.00012178
2026-06-23T00:00:00Z,ATOMUSDT,0.0000102
2026-06-23T08:00:00Z,ATOMUSDT,-0.00012056
2026-06-23T16:00:00Z,ATOMUSDT,-0.00003709
2026-06-24T00:00:00Z,ATOMUSDT,0.00003333
2026-06-24T08:00:00Z,ATOMUSDT,-0.00025229
2026-06-24T16:00:00Z,ATOMUSDT,-0.000122
2026-06-25T00:00:00Z,ATOMUSDT,-0.00006566
2026-06-25T08:00:00Z,ATOMUSDT,-0.00017001
2026-06-25T16:00:00Z,ATOMUSDT,-0.00021213
2026-06-26T00:00:00Z,ATOMUSDT,0.0001
2026-06-26T08:00:00Z,ATOMUSDT,0.0001
2026-06-26T16:00:00Z,ATOMUSDT,0.00001559
2026-06-27T00:00:00Z,ATOMUSDT,0.00004217
2026-06-27T08:00:00Z,ATOMUSDT,-0.00000064
2026-06-27T16:00:00Z,ATOMUSDT,-0.00022022
2026-06-28T00:00:00Z,ATOMUSDT,-0.00005905
2026-06-28T08:00:00Z,ATOMUSDT,-0.0002438
2026-06-28T16:00:00Z,ATOMUSDT,-0.00012811
2026-06-29T00:00:00Z,ATOMUSDT,0.00000844
2026-06-29T08:00:00Z,ATOMUSDT,-0.00019912
2026-06-29T16:00:00Z,ATOMUSDT,-0.00007001
2026-06-30T00:00:00Z,ATOMUSDT,-0.00002056
2026-06-30T08:00:00Z,ATOMUSDT,-0.00003304
2026-06-30T16:00:00Z,ATOMUSDT,-0.00017546
2026-07-01T00:00:00Z,ATOMUSDT,0.0001
2026-07-01T08:00:00Z,ATOMUSDT,0.0001
2026-07-01T16:00:00Z,ATOMUSDT,0.00009171
2026-07-02T00:00:00Z,ATOMUSDT,0.00001719
2026-07-02T08:00:00Z,ATOMUSDT,0.00002804
2026-07-02T16:00:00Z,ATOMUSDT,-0.00007701
2026-07-03T00:00:00Z,ATOMUSDT,-0.00006218
2026-07-03T08:00:00Z,ATOMUSDT,-0.00006668
2026-07-03T16:00:00Z,ATOMUSDT,-0.00002392
2026-07-04T00:00:00Z,ATOMUSDT,-0.00020072
2026-07-04T08:00:00Z,ATOMUSDT,-0.00012976
2026-07-04T16:00:00Z,ATOMUSDT,-0.00010473
2026-07-05T00:00:00Z,ATOMUSDT,-0.00008143
2026-07-05T08:00:00Z,ATOMUSDT,-0.00031711
2026-07-05T16:00:00Z,ATOMUSDT,-0.00018412
2026-07-06T00:00:00Z,ATOMUSDT,-0.00004636
2026-07-06T08:00:00Z,ATOMUSDT,-0.00017465
2026-07-06T16:00:00Z,ATOMUSDT,-0.00016669
2026-07-07T00:00:00Z,ATOMUSDT,-0.00018177
2026-07-07T08:00:00Z,ATOMUSDT,-0.00021369
2026-07-07T16:00:00Z,ATOMUSDT,-0.00009206
2026-07-08T00:00:00Z,ATOMUSDT,-0.0000917
2026-07-08T08:00:00Z,ATOMUSDT,-0.00021793
2026-07-08T16:00:00Z,ATOMUSDT,-0.00033484
2026-07-09T00:00:00Z,ATOMUSDT,-0.00018878
2026-07-09T08:00:00Z,ATOMUSDT,-0.00014954
2026-07-09T16:00:00Z,ATOMUSDT,-0.00002375
2026-07-10T00:00:00Z,ATOMUSDT,-0.00012829
2026-07-10T08:00:00Z,ATOMUSDT,-0.00011151
2026-07-10T16:00:00Z,ATOMUSDT,0.00008507
2026-07-11T00:00:00Z,ATOMUSDT,0.00005149
2026-07-11T08:00:00Z,ATOMUSDT,0.00000438
2026-07-11T16:00:00Z,ATOMUSDT,-0.00003251
2026-07-12T00:00:00Z,ATOMUSDT,-0.00010011
2026-07-12T08:00:00Z,ATOMUSDT,-0.00031073
2026-07-12T16:00:00Z,ATOMUSDT,-0.00022275
2026-07-13T00:00:00Z,ATOMUSDT,-0.00024109
2026-07-13T08:00:00Z,ATOMUSDT,-0.00028147
2026-07-13T16:00:00Z,ATOMUSDT,-0.00022831
2026-07-14T00:00:00Z,ATOMUSDT,-0.00019459
2026-07-14T08:00:00Z,ATOMUSDT,-0.00009513
2026-07-14T16:00:00Z,ATOMUSDT,-0.00016601
2026-07-15T00:00:00Z,ATOMUSDT,-0.00010697
2026-07-15T08:00:00Z,ATOMUSDT,-0.00007735
2026-07-15T16:00:00Z,ATOMUSDT,0.00002238
2026-07-16T00:00:00Z,ATOMUSDT,-0.00001401
2026-07-16T08:00:00Z,ATOMUSDT,-0.0000167
2026-07-16T16:00:00Z,ATOMUSDT,0.00005531
2026-07-17T00:00:00Z,ATOMUSDT,0.0001
2026-07-17T08:00:00Z,ATOMUSDT,-0.00011954
2026-07-17T16:00:00Z,ATOMUSDT,-0.00024421
2026-07-18T00:00:00Z,ATOMUSDT,0.0001
2026-07-18T08:00:00Z,ATOMUSDT,0.0001
2026-07-18T16:00:00Z,ATOMUSDT,-0.00024984
2026-07-19T00:00:00Z,ATOMUSDT,-0.00011113
2026-07-19T08:00:00Z,ATOMUSDT,0.00003897
2026-07-19T16:00:00Z,ATOMUSDT,-0.00003957
2026-07-20T00:00:00Z,ATOMUSDT,-0.00004619
2026-07-20T08:00:00Z,ATOMUSDT,-0.00021
2026-07-20T16:00:00Z,ATOMUSDT,-0.00019248
2026-07-21T00:00:00Z,ATOMUSDT,-0.00000861
2026-07-21T08:00:00Z,ATOMUSDT,0.0001
2026-07-21T16:00:00Z,ATOMUSDT,0.00001692
2026-07-22T00:00:00Z,ATOMUSDT,-0.0001005
2026-07-22T08:00:00Z,ATOMUSDT,-0.00016509
2026-07-22T16:00:00Z,ATOMUSDT,-0.00019986
2026-07-23T00:00:00Z,ATOMUSDT,-0.00027861
2026-07-23T08:00:00Z,ATOMUSDT,-0.00016105
2026-07-23T16:00:00Z,ATOMUSDT,0.00001742
2026-07-24T00:00:00Z,ATOMUSDT,0.00001741
2026-07-24T08:00:00Z,ATOMUSDT,0.0001
2026-07-24T16:00:00Z,ATOMUSDT,-0.00006883
2026-07-25T00:00:00Z,ATOMUSDT,0.0001
2026-07-25T08:00:00Z,ATOMUSDT,0.0001
2026-07-25T16:00:00Z,ATOMUSDT,0.0001
2026-07-26T00:00:00Z,ATOMUSDT,0.0001
2026-07-26T08:00:00Z,ATOMUSDT,0.0000423
2026-07-26T16:00:00Z,ATOMUSDT,0.00008846
2026-07-27T00:00:00Z,ATOMUSDT,-0.00008282
2026-07-27T08:00:00Z,ATOMUSDT,-0.00016081
2026-07-27T16:00:00Z,ATOMUSDT,-0.00022902
2026-07-28T00:00:00Z,ATOMUSDT,-0.00013899
2026-07-28T08:00:00Z,ATOMUSDT,-0.00012006
2026-07-28T16:00:00Z,ATOMUSDT,-0.00005339
2026-07-29T00:00:00Z,ATOMUSDT,0.00007712
2026-07-29T08:00:00Z,ATOMUSDT,-0.000105
2026-07-29T16:00:00Z,ATOMUSDT,-0.00002966
2026-07-30T00:00:00Z,ATOMUSDT,0.00007935
2026-07-30T08:00:00Z,ATOMUSDT,0.00000242
2026-07-30T16:00:00Z,ATOMUSDT,-0.00011852
2026-07-31T00:00:00Z,ATOMUSDT,-0.00018761
2026-07-31T08:00:00Z,ATOMUSDT,0.00006579
2026-07-31T16:00:00Z,ATOMUSDT,-0.00011883
2026-08-01T00:00:00Z,ATOMUSDT,0.0001
2026-08-01T08:00:00Z,ATOMUSDT,0.0001
2026-08-01T16:00:00Z,ATOMUSDT,0.00009686
2026-08-02T00:00:00Z,ATOMUSDT,0.00001593
2026-08-02T08:00:00Z,ATOMUSDT,-0.00014942
2026-08-02T16:00:00Z,ATOMUSDT,-0.00026089
2026-08-03T00:00:00Z,ATOMUSDT,-0.00018685
2026-08-03T08:00:00Z,ATOMUSDT,-0.00003353
2026-08-03T16:00:00Z,ATOMUSDT,-0.00020321
2026-08-04T00:00:00Z,ATOMUSDT,0.00000021
2026-08-04T08:00:00Z,ATOMUSDT,-0.00002479
2026-08-04T16:00:00Z,ATOMUSDT,-0.00009482
2026-08-05T00:00:00Z,ATOMUSDT,0.0001
2026-08-05T08:00:00Z,ATOMUSDT,0.0001
2026-08-05T16:00:00Z,ATOMUSDT,0.0001
2026-08-06T00:00:00Z,ATOMUSDT,0.0001
2026-08-06T08:00:00Z,ATOMUSDT,0.0001
2026-08-06T16:00:00Z,ATOMUSDT,0.0001
2026-08-07T00:00:00Z,ATOMUSDT,-0.00003458
2026-08-07T08:00:00Z,ATOMUSDT,0.0001
2026-08-07T16:00:00Z,ATOMUSDT,0.00002674
2026-08-08T00:00:00Z,ATOMUSDT,0.0001
2026-08-08T08:00:00Z,ATOMUSDT,0.0001
2026-08-08T16:00:00Z,ATOMUSDT,0.00007578
2026-08-09T00:00:00Z,ATOMUSDT,-0.00001998
2026-08-09T08:00:00Z,ATOMUSDT,0.00007742
2026-08-09T16:00:00Z,ATOMUSDT,0.00000088
2026-08-10T00:00:00Z,ATOMUSDT,0.00009313
2026-08-10T08:00:00Z,ATOMUSDT,-0.00005944
2026-08-10T16:00:00Z,ATOMUSDT,0.0001
2026-08-11T00:00:00Z,ATOMUSDT,0.0000922
2026-08-11T08:00:00Z,ATOMUSDT,-0.00000027
2026-08-11T16:00:00Z,ATOMUSDT,0.00002767
2026-08-12T00:00:00Z,ATOMUSDT,0.0001
2026-08-12T08:00:00Z,ATOMUSDT,-0.00000948
2026-08-12T16:00:00Z,ATOMUSDT,0.00004472
2026-08-13T00:00:00Z,ATOMUSDT,0.0001
2026-08-13T08:00:00Z,ATOMUSDT,0.0001
2026-08-13T16:00:00Z,ATOMUSDT,-0.00018294
2026-08-14T00:00:00Z,ATOMUSDT,0.00000154
2026-08-14T08:00:00Z,ATOMUSDT,-0.00019481
2026-08-14T16:00:00Z,ATOMUSDT,-0.00018282
2026-08-15T00:00:00Z,ATOMUSDT,0.0001
2026-08-15T08:00:00Z,ATOMUSDT,0.00004508
2026-08-15T16:00:00Z,ATOMUSDT,0.0001
2026-08-16T00:00:00Z,ATOMUSDT,-0.00013749
2026-08-16T08:00:00Z,ATOMUSDT,0.00003072
2026-08-16T16:00:00Z,ATOMUSDT,-0.00009672
2026-08-17T00:00:00Z,ATOMUSDT,0.00005765
2026-08-17T08:00:00Z,ATOMUSDT,-0.00007632
2026-08-17T16:00:00Z,ATOMUSDT,-0.00026725
2026-08-18T00:00:00Z,ATOMUSDT,-0.00002566
2026-08-18T08:00:00Z,ATOMUSDT,-0.00014436
2026-08-18T16:00:00Z,ATOMUSDT,-0.00034582
2026-08-19T00:00:00Z,ATOMUSDT,-0.00004731
2026-08-19T08:00:00Z,ATOMUSDT,0.0001
2026-08-19T16:00:00Z,ATOMUSDT,-0.00000208
2026-08-20T00:00:00Z,ATOMUSDT,0.0001
2026-08-20T08:00:00Z,ATOMUSDT,0.00007142
2026-08-20T16:00:00Z,ATOMUSDT,-0.00005343
2026-08-21T00:00:00Z,ATOMUSDT,-0.00032335
2026-08-21T08:00:00Z,ATOMUSDT,0.0001
2026-08-21T16:00:00Z,ATOMUSDT,0.0001
2026-08-22T00:00:00Z,ATOMUSDT,0.00005142
2026-08-22T08:00:00Z,ATOMUSDT,0.0001
2026-08-22T16:00:00Z,ATOMUSDT,0.0001
2026-08-23T00:00:00Z,ATOMUSDT,0.0001
2026-08-23T08:00:00Z,ATOMUSDT,0.00000549
2026-08-23T16:00:00Z,ATOMUSDT,-0.00005297
2026-08-24T00:00:00Z,ATOMUSDT,0.0000916
2026-08-24T08:00:00Z,ATOMUSDT,0.00003129
2026-08-24T16:00:00Z,ATOMUSDT,0.00001403
2026-08-25T00:00:00Z,ATOMUSDT,-0.00014915
2026-08-25T08:00:00Z,ATOMUSDT,-0.00013154
2026-08-25T16:00:00Z,ATOMUSDT,-0.00016472
2026-08-26T00:00:00Z,ATOMUSDT,-0.00017735
2026-08-26T08:00:00Z,ATOMUSDT,0.0001
2026-08-26T16:00:00Z,ATOMUSDT,-0.00005915
2026-08-27T00:00:00Z,ATOMUSDT,-0.00021101
2026-08-27T08:00:00Z,ATOMUSDT,-0.00016808
2026-08-27T16:00:00Z,ATOMUSDT,-0.0002351
2026-08-28T00:00:00Z,ATOMUSDT,0.0001
2026-08-28T08:00:00Z,ATOMUSDT,-0.00011814
2026-08-28T16:00:00Z,ATOMUSDT,-0.000062
2026-08-29T00:00:00Z,ATOMUSDT,-0.00011827
2026-08-29T08:00:00Z,ATOMUSDT,0.00003984
2026-08-29T16:00:00Z,ATOMUSDT,0.0001
2026-08-30T00:00:00Z,ATOMUSDT,0.0001
2026-08-30T08:00:00Z,ATOMUSDT,-0.00016515
2026-08-30T16:00:00Z,ATOMUSDT,-0.00013083
2026-08-31T00:00:00Z,ATOMUSDT,-0.00027584
2026-08-31T08:00:00Z,ATOMUSDT,-0.00015367
2026-08-31T16:00:00Z,ATOMUSDT,0.00003501
2026-09-01T00:00:00Z,ATOMUSDT,0.0001
2026-09-01T08:00:00Z,ATOMUSDT,-0.00000187
2026-09-01T16:00:00Z,ATOMUSDT,0.00003753
2026-09-02T00:00:00Z,ATOMUSDT,-0.00023769
2026-09-02T08:00:00Z,ATOMUSDT,-0.00015707
2026-09-02T16:00:00Z,ATOMUSDT,0.0000497
2026-09-03T00:00:00Z,ATOMUSDT,0.0001
2026-09-03T08:00:00Z,ATOMUSDT,0.0001
2026-09-03T16:00:00Z,ATOMUSDT,0.0001
2026-09-04T00:00:00Z,ATOMUSDT,0.0001
2026-09-04T08:00:00Z,ATOMUSDT,-0.00002168
2026-09-04T16:00:00Z,ATOMUSDT,-0.00008536
2026-09-05T00:00:00Z,ATOMUSDT,0.00006965
2026-09-05T08:00:00Z,ATOMUSDT,0.0001
2026-09-05T16:00:00Z,ATOMUSDT,0.0001
2026-09-06T00:00:00Z,ATOMUSDT,0.0001
2026-09-06T08:00:00Z,ATOMUSDT,-0.00000475
2026-09-06T16:00:00Z,ATOMUSDT,0.00009511
2026-09-07T00:00:00Z,ATOMUSDT,0.0001
2026-09-07T08:00:00Z,ATOMUSDT,0.0001
2026-09-07T16:00:00Z,ATOMUSDT,0.00005091
2026-09-08T00:00:00Z,ATOMUSDT,0.0001
2026-09-08T08:00:00Z,ATOMUSDT,0.0001
2026-09-08T16:00:00Z,ATOMUSDT,0.0001
2026-09-09T00:00:00Z,ATOMUSDT,0.00001431
2026-09-09T08:00:00Z,ATOMUSDT,0.0001
2026-09-09T16:00:00Z,ATOMUSDT,0.0001
2026-09-10T00:00:00Z,ATOMUSDT,0.0001
2026-09-10T08:00:00Z,ATOMUSDT,0.00001257
2026-09-10T16:00:00Z,ATOMUSDT,0.0001
2026-09-11T00:00:00Z,ATOMUSDT,-0.0000507
2026-09-11T08:00:00Z,ATOMUSDT,0.00002874
2026-09-11T16:00:00Z,ATOMUSDT,-0.00001277
2026-09-12T00:00:00Z,ATOMUSDT,-0.0001666
2026-09-12T08:00:00Z,ATOMUSDT,-0.00008561
2026-09-12T16:00:00Z,ATOMUSDT,0.00000654
2026-09-13T00:00:00Z,ATOMUSDT,-0.00000718
2026-09-13T08:00:00Z,ATOMUSDT,0.0000001
2026-09-13T16:00:00Z,ATOMUSDT,0.0001
2026-09-14T00:00:00Z,ATOMUSDT,-0.00025413
2026-09-14T08:00:00Z,ATOMUSDT,-0.00039056
2026-09-14T16:00:00Z,ATOMUSDT,-0.00041751
2026-09-15T00:00:00Z,ATOMUSDT,-0.00026429
2026-09-15T08:00:00Z,ATOMUSDT,-0.00004563
2026-09-15T16:00:00Z,ATOMUSDT,-0.00016442
2026-09-16T00:00:00Z,ATOMUSDT,0.00003294
2026-09-16T08:00:00Z,ATOMUSDT,-0.00009216
2026-09-16T16:00:00Z,ATOMUSDT,-0.00013445
2026-09-17T00:00:00Z,ATOMUSDT,0.0001
2026-09-17T08:00:00Z,ATOMUSDT,0.00003633
2026-09-17T16:00:00Z,ATOMUSDT,0.00000199
2026-09-18T00:00:00Z,ATOMUSDT,0.0001
2026-09-18T08:00:00Z,ATOMUSDT,0.0001
2026-09-18T16:00:00Z,ATOMUSDT,0.0001
2026-09-19T00:00:00Z,ATOMUSDT,0.0001
2026-09-19T08:00:00Z,ATOMUSDT,0.0001
2026-09-19T16:00:00Z,ATOMUSDT,0.0001
2026-09-20T00:00:00Z,ATOMUSDT,0.0001
2026-09-20T08:00:00Z,ATOMUSDT,0.00006152
2026-09-20T16:00:00Z,ATOMUSDT,0.00007926
2026-09-21T00:00:00Z,ATOMUSDT,0.0001
2026-09-21T08:00:00Z,ATOMUSDT,0.00007051
2026-09-21T16:00:00Z,ATOMUSDT,-0.0000726
2026-09-22T00:00:00Z,ATOMUSDT,-0.0000354
2026-09-22T08:00:00Z,ATOMUSDT,0.0001
2026-09-22T16:00:00Z,ATOMUSDT,-0.00030195
2026-09-23T00:00:00Z,ATOMUSDT,0.0001
2026-09-23T08:00:00Z,ATOMUSDT,0.0001
2026-09-23T16:00:00Z,ATOMUSDT,-0.00026632
2026-09-24T00:00:00Z,ATOMUSDT,-0.00049284
2026-09-24T08:00:00Z,ATOMUSDT,-0.00043602
2026-09-24T16:00:00Z,ATOMUSDT,0.0001
2026-09-25T00:00:00Z,ATOMUSDT,0.0001
2026-09-25T08:00:00Z,ATOMUSDT,0.0001
2026-09-25T16:00:00Z,ATOMUSDT,0.0001
2026-09-26T00:00:00Z,ATOMUSDT,0.0001
2026-09-26T08:00:00Z,ATOMUSDT,0.0001
2026-09-26T16:00:00Z,ATOMUSDT,0.0001
2026-09-27T00:00:00Z,ATOMUSDT,0.0001
2026-09-27T08:00:00Z,ATOMUSDT,0.0001
2026-09-27T16:00:00Z,ATOMUSDT,0.00004262
2026-09-28T00:00:00Z,ATOMUSDT,0.0001
2026-09-28T08:00:00Z,ATOMUSDT,0.00005008
2026-09-28T16:00:00Z,ATOMUSDT,-0.00028198
2026-09-29T00:00:00Z,ATOMUSDT,-0.00038843
2026-09-29T08:00:00Z,ATOMUSDT,-0.00016369
2026-09-29T16:00:00Z,ATOMUSDT,0.0001
2026-09-30T00:00:00Z,ATOMUSDT,0.0001
2026-09-30T08:00:00Z,ATOMUSDT,0.0001
2026-09-30T16:00:00Z,ATOMUSDT,0.00004145
2026-10-01T00:00:00Z,ATOMUSDT,0.0001
2026-10-01T08:00:00Z,ATOMUSDT,0.0001
2026-10-01T16:00:00Z,ATOMUSDT,0.0001
2026-10-02T00:00:00Z,ATOMUSDT,-0.0003832
2026-10-02T08:00:00Z,ATOMUSDT,0.0001
2026-10-02T16:00:00Z,ATOMUSDT,0.00006912
2026-10-03T00:00:00Z,ATOMUSDT,-0.00045889
2026-10-03T08:00:00Z,ATOMUSDT,-0.00012125
2026-10-03T16:00:00Z,ATOMUSDT,0.0001
2026-10-04T00:00:00Z,ATOMUSDT,0.0001
2026-10-04T08:00:00Z,ATOMUSDT,0.00006926
2026-10-04T16:00:00Z,ATOMUSDT,0.00007864
2026-10-05T00:00:00Z,ATOMUSDT,-0.00006073
2026-10-05T08:00:00Z,ATOMUSDT,-0.00019629
2026-10-05T16:00:00Z,ATOMUSDT,-0.00006354
2026-10-06T00:00:00Z,ATOMUSDT,0.0001
2026-10-06T08:00:00Z,ATOMUSDT,0.0001
2026-10-06T16:00:00Z,ATOMUSDT,-0.00009381
2026-10-07T00:00:00Z,ATOMUSDT,0.00002415
2026-10-07T08:00:00Z,ATOMUSDT,-0.0003898
2026-10-07T16:00:00Z,ATOMUSDT,-0.00019244
2026-10-08T00:00:00Z,ATOMUSDT,0.00008413
2026-10-08T08:00:00Z,ATOMUSDT,0.0001
2026-10-08T16:00:00Z,ATOMUSDT,0.0001
2026-10-09T00:00:00Z,ATOMUSDT,0.0001
