timestamp,symbol,funding_rate
2023-10-09T00:00:00Z,AVAXUSDT,-0.00009699
2023-10-09T08:00:00Z,AVAXUSDT,0.00005894
2023-10-09T16:00:00Z,AVAXUSDT,0.00003363
2023-10-10T00:00:00Z,AVAXUSDT,-0.00001529
2023-10-10T08:00:00Z,AVAXUSDT,0.00003041
2023-10-10T16:00:00Z,AVAXUSDT,0.00009578
2023-10-11T00:00:00Z,AVAXUSDT,0.0001
2023-10-11T08:00:00Z,AVAXUSDT,0.00005815
2023-10-11T16:00:00Z,AVAXUSDT,0.00002592
2023-10-12T00:00:00Z,AVAXUSDT,0.0001
2023-10-12T08:00:00Z,AVAXUSDT,0.0001
2023-10-12T16:00:00Z,AVAXUSDT,0.0001
2023-10-13T00:00:00Z,AVAXUSDT,0.00004931
2023-10-13T08:00:00Z,AVAXUSDT,0.00003551
2023-10-13T16:00:00Z,AVAXUSDT,0.00000132
2023-10-14T00:00:00Z,AVAXUSDT,0.00005914
2023-10-14T08:00:00Z,AVAXUSDT,0.0001
2023-10-14T16:00:00Z,AVAXUSDT,0.0001
2023-10-15T00:00:00Z,AVAXUSDT,0.0001
2023-10-15T08:00:00Z,AVAXUSDT,0.0001
2023-10-15T16:00:00Z,AVAXUSDT,0.0001
2023-10-16T00:00:00Z,AVAXUSDT,0.0001
2023-10-16T08:00:00Z,AVAXUSDT,0.0001
2023-10-16T16:00:00Z,AVAXUSDT,0.0001
2023-10-17T00:00:00Z,AVAXUSDT,0.0001
2023-10-17T08:00:00Z,AVAXUSDT,0.0001
2023-10-17T16:00:00Z,AVAXUSDT,0.00004253
2023-10-18T00:00:00Z,AVAXUSDT,0.00002923
2023-10-18T08:00:00Z,AVAXUSDT,0.0001
2023-10-18T16:00:00Z,AVAXUSDT,0.00004786
2023-10-19T00:00:00Z,AVAXUSDT,-0.00012072
2023-10-19T08:00:00Z,AVAXUSDT,0.00007197
2023-10-19T16:00:00Z,AVAXUSDT,-0.00005398
2023-10-20T00:00:00Z,AVAXUSDT,0.00004954
2023-10-20T08:00:00Z,AVAXUSDT,0.00007711
2023-10-20T16:00:00Z,AVAXUSDT,-0.00002469
2023-10-21T00:00:00Z,AVAXUSDT,0.00000943
2023-10-21T08:00:00Z,AVAXUSDT,0.0001
2023-10-21T16:00:00Z,AVAXUSDT,0.00005101
2023-10-22T00:00:00Z,AVAXUSDT,0.0001
2023-10-22T08:00:00Z,AVAXUSDT,0.0001
2023-10-22T16:00:00Z,AVAXUSDT,-0.00001199
2023-10-23T00:00:00Z,AVAXUSDT,0.0001
2023-10-23T08:00:00Z,AVAXUSDT,0.0001
2023-10-23T16:00:00Z,AVAXUSDT,0.0001
2023-10-24T00:00:00Z,AVAXUSDT,0.0001
2023-10-24T08:00:00Z,AVAXUSDT,0.0001
2023-10-24T16:00:00Z,AVAXUSDT,0.0001
2023-10-25T00:00:00Z,AVAXUSDT,0.0001
2023-10-25T08:00:00Z,AVAXUSDT,0.0001
2023-10-25T16:00:00Z,AVAXUSDT,0.0001
2023-10-26T00:00:00Z,AVAXUSDT,0.0001
2023-10-26T08:00:00Z,AVAXUSDT,0.0001
2023-10-26T16:00:00Z,AVAXUSDT,0.0001
2023-10-27T00:00:00Z,AVAXUSDT,0.0001
2023-10-27T08:00:00Z,AVAXUSDT,0.0001
2023-10-27T16:00:00Z,AVAXUSDT,0.0001
2023-10-28T00:00:00Z,AVAXUSDT,0.0001
2023-10-28T08:00:00Z,AVAXUSDT,0.0001
2023-10-28T16:00:00Z,AVAXUSDT,0.0001
2023-10-29T00:00:00Z,AVAXUSDT,0.0001
2023-10-29T08:00:00Z,AVAXUSDT,0.0001
2023-10-29T16:00:00Z,AVAXUSDT,0.0001
2023-10-30T00:00:00Z,AVAXUSDT,0.0001
2023-10-30T08:00:00Z,AVAXUSDT,0.0001
2023-10-30T16:00:00Z,AVAXUSDT,0.0001
2023-10-31T00:00:00Z,AVAXUSDT,0.00016032
2023-10-31T08:00:00Z,AVAXUSDT,0.00012137
2023-10-31T16:00:00Z,AVAXUSDT,0.0001
2023-11-01T00:00:00Z,AVAXUSDT,0.0001
2023-11-01T08:00:00Z,AVAXUSDT,0.0001
2023-11-01T16:00:00Z,AVAXUSDT,0.0001
2023-11-02T00:00:00Z,AVAXUSDT,0.00014648
2023-11-02T08:00:00Z,AVAXUSDT,0.00022536
2023-11-02T16:00:00Z,AVAXUSDT,0.0001
2023-11-03T00:00:00Z,AVAXUSDT,0.0001
2023-11-03T08:00:00Z,AVAXUSDT,0.0001
2023-11-03T16:00:00Z,AVAXUSDT,0.0001
2023-11-04T00:00:00Z,AVAXUSDT,0.0001
2023-11-04T08:00:00Z,AVAXUSDT,0.0001
2023-11-04T16:00:00Z,AVAXUSDT,0.0001
2023-11-05T00:00:00Z,AVAXUSDT,0.00017596
2023-11-05T08:00:00Z,AVAXUSDT,0.00022056
2023-11-05T16:00:00Z,AVAXUSDT,0.00011973
2023-11-06T00:00:00Z,AVAXUSDT,0.0001
2023-11-06T08:00:00Z,AVAXUSDT,0.0001
2023-11-06T16:00:00Z,AVAXUSDT,0.00027115
2023-11-07T00:00:00Z,AVAXUSDT,0.00022202
2023-11-07T08:00:00Z,AVAXUSDT,0.00018823
2023-11-07T16:00:00Z,AVAXUSDT,0.0001
2023-11-08T00:00:00Z,AVAXUSDT,0.00011931
2023-11-08T08:00:00Z,AVAXUSDT,0.00022344
2023-11-08T16:00:00Z,AVAXUSDT,0.00017904
2023-11-09T00:00:00Z,AVAXUSDT,0.00028654
2023-11-09T08:00:00Z,AVAXUSDT,0.0001
2023-11-09T16:00:00Z,AVAXUSDT,0.00031548
2023-11-10T00:00:00Z,AVAXUSDT,0.0001
2023-11-10T08:00:00Z,AVAXUSDT,0.00029078
2023-11-10T16:00:00Z,AVAXUSDT,0.00022746
2023-11-11T00:00:00Z,AVAXUSDT,0.00036381
2023-11-11T08:00:00Z,AVAXUSDT,0.00035608
2023-11-11T16:00:00Z,AVAXUSDT,0.00046694
2023-11-12T00:00:00Z,AVAXUSDT,0.00028
2023-11-12T08:00:00Z,AVAXUSDT,0.00036103
2023-11-12T16:00:00Z,AVAXUSDT,0.00035275
2023-11-13T00:00:00Z,AVAXUSDT,0.00062524
2023-11-13T08:00:00Z,AVAXUSDT,0.0004892
2023-11-13T16:00:00Z,AVAXUSDT,0.00049038
2023-11-14T00:00:00Z,AVAXUSDT,0.00034661
2023-11-14T08:00:00Z,AVAXUSDT,0.0001
2023-11-14T16:00:00Z,AVAXUSDT,0.00012403
2023-11-15T00:00:00Z,AVAXUSDT,0.0001
2023-11-15T08:00:00Z,AVAXUSDT,0.0001
2023-11-15T16:00:00Z,AVAXUSDT,0.00029708
2023-11-16T00:00:00Z,AVAXUSDT,0.00023403
2023-11-16T08:00:00Z,AVAXUSDT,0.00030171
2023-11-16T16:00:00Z,AVAXUSDT,0.00046229
2023-11-17T00:00:00Z,AVAXUSDT,0.00010342
2023-11-17T08:00:00Z,AVAXUSDT,0.0001
2023-11-17T16:00:00Z,AVAXUSDT,0.0001
2023-11-18T00:00:00Z,AVAXUSDT,0.0001
2023-11-18T08:00:00Z,AVAXUSDT,0.0001
2023-11-18T16:00:00Z,AVAXUSDT,0.0001
2023-11-19T00:00:00Z,AVAXUSDT,0.0001
2023-11-19T08:00:00Z,AVAXUSDT,0.0001
2023-11-19T16:00:00Z,AVAXUSDT,0.0001
2023-11-20T00:00:00Z,AVAXUSDT,0.0001
2023-11-20T08:00:00Z,AVAXUSDT,0.0001
2023-11-20T16:00:00Z,AVAXUSDT,0.0001
2023-11-21T00:00:00Z,AVAXUSDT,0.0001
2023-11-21T08:00:00Z,AVAXUSDT,0.0001
2023-11-21T16:00:00Z,AVAXUSDT,0.0001
2023-11-22T00:00:00Z,AVAXUSDT,0.0001
2023-11-22T08:00:00Z,AVAXUSDT,0.0001
2023-11-22T16:00:00Z,AVAXUSDT,0.0001
2023-11-23T00:00:00Z,AVAXUSDT,0.0001
2023-11-23T08:00:00Z,AVAXUSDT,0.0001
2023-11-23T16:00:00Z,AVAXUSDT,0.0001
2023-11-24T00:00:00Z,AVAXUSDT,0.0001
2023-11-24T08:00:00Z,AVAXUSDT,0.0001
2023-11-24T16:00:00Z,AVAXUSDT,0.0001
2023-11-25T00:00:00Z,AVAXUSDT,0.0001
2023-11-25T08:00:00Z,AVAXUSDT,0.0001
2023-11-25T16:00:00Z,AVAXUSDT,0.0001
2023-11-26T00:00:00Z,AVAXUSDT,0.0001
2023-11-26T08:00:00Z,AVAXUSDT,0.00012126
2023-11-26T16:00:00Z,AVAXUSDT,0.0001
2023-11-27T00:00:00Z,AVAXUSDT,0.0001
2023-11-27T08:00:00Z,AVAXUSDT,0.0001
2023-11-27T16:00:00Z,AVAXUSDT,0.0001
2023-11-28T00:00:00Z,AVAXUSDT,0.0001
2023-11-28T08:00:00Z,AVAXUSDT,0.0001
2023-11-28T16:00:00Z,AVAXUSDT,0.0001
2023-11-29T00:00:00Z,AVAXUSDT,0.0001
2023-11-29T08:00:00Z,AVAXUSDT,0.0001
2023-11-29T16:00:00Z,AVAXUSDT,0.0001
2023-11-30T00:00:00Z,AVAXUSDT,0.0001
2023-11-30T08:00:00Z,AVAXUSDT,0.0001
2023-11-30T16:00:00Z,AVAXUSDT,0.0001
2023-12-01T00:00:00Z,AVAXUSDT,0.0001
2023-12-01T08:00:00Z,AVAXUSDT,0.0001
2023-12-01T16:00:00Z,AVAXUSDT,0.0001
2023-12-02T00:00:00Z,AVAXUSDT,0.00027078
2023-12-02T08:00:00Z,AVAXUSDT,0.0001
2023-12-02T16:00:00Z,AVAXUSDT,0.0001
2023-12-03T00:00:00Z,AVAXUSDT,0.00023594
2023-12-03T08:00:00Z,AVAXUSDT,0.00022637
2023-12-03T16:00:00Z,AVAXUSDT,0.0001
2023-12-04T00:00:00Z,AVAXUSDT,0.0001
2023-12-04T08:00:00Z,AVAXUSDT,0.00028604
2023-12-04T16:00:00Z,AVAXUSDT,0.0001
2023-12-05T00:00:00Z,AVAXUSDT,0.0001
2023-12-05T08:00:00Z,AVAXUSDT,0.00034891
2023-12-05T16:00:00Z,AVAXUSDT,0.0001
2023-12-06T00:00:00Z,AVAXUSDT,0.00046535
2023-12-06T08:00:00Z,AVAXUSDT,0.0004041
2023-12-06T16:00:00Z,AVAXUSDT,0.00022022
2023-12-07T00:00:00Z,AVAXUSDT,0.0002517
2023-12-07T08:00:00Z,AVAXUSDT,0.0002183
2023-12-07T16:00:00Z,AVAXUSDT,0.00023388
2023-12-08T00:00:00Z,AVAXUSDT,0.00035949
2023-12-08T08:00:00Z,AVAXUSDT,0.00054085
2023-12-08T16:00:00Z,AVAXUSDT,0.00046024
2023-12-09T00:00:00Z,AVAXUSDT,0.00055874
2023-12-09T08:00:00Z,AVAXUSDT,0.00063748
2023-12-09T16:00:00Z,AVAXUSDT,0.00040431
2023-12-10T00:00:00Z,AVAXUSDT,0.00030002
2023-12-10T08:00:00Z,AVAXUSDT,0.00042912
2023-12-10T16:00:00Z,AVAXUSDT,0.0001366
2023-12-11T00:00:00Z,AVAXUSDT,0.00048347
2023-12-11T08:00:00Z,AVAXUSDT,0.00017812
2023-12-11T16:00:00Z,AVAXUSDT,0.00019268
2023-12-12T00:00:00Z,AVAXUSDT,0.00024053
2023-12-12T08:00:00Z,AVAXUSDT,0.000305
2023-12-12T16:00:00Z,AVAXUSDT,0.00032676
2023-12-13T00:00:00Z,AVAXUSDT,0.00018314
2023-12-13T08:00:00Z,AVAXUSDT,0.0001
2023-12-13T16:00:00Z,AVAXUSDT,0.0001
2023-12-14T00:00:00Z,AVAXUSDT,0.00019539
2023-12-14T08:00:00Z,AVAXUSDT,0.00014967
2023-12-14T16:00:00Z,AVAXUSDT,0.0001
2023-12-15T00:00:00Z,AVAXUSDT,0.00018695
2023-12-15T08:00:00Z,AVAXUSDT,0.0004001
2023-12-15T16:00:00Z,AVAXUSDT,0.0005531
2023-12-16T00:00:00Z,AVAXUSDT,0.00047654
2023-12-16T08:00:00Z,AVAXUSDT,0.00014301
2023-12-16T16:00:00Z,AVAXUSDT,0.00024775
2023-12-17T00:00:00Z,AVAXUSDT,0.0001
2023-12-17T08:00:00Z,AVAXUSDT,0.0001
2023-12-17T16:00:00Z,AVAXUSDT,0.0001
2023-12-18T00:00:00Z,AVAXUSDT,0.00011242
2023-12-18T08:00:00Z,AVAXUSDT,0.0001
2023-12-18T16:00:00Z,AVAXUSDT,0.0001
2023-12-19T00:00:00Z,AVAXUSDT,0.0001
2023-12-19T08:00:00Z,AVAXUSDT,0.0001
2023-12-19T16:00:00Z,AVAXUSDT,0.0001
2023-12-20T00:00:00Z,AVAXUSDT,0.0001
2023-12-20T08:00:00Z,AVAXUSDT,0.0001
2023-12-20T16:00:00Z,AVAXUSDT,0.00026174
2023-12-21T00:00:00Z,AVAXUSDT,0.00017607
2023-12-21T08:00:00Z,AVAXUSDT,0.00029462
2023-12-21T16:00:00Z,AVAXUSDT,0.00028231
2023-12-22T00:00:00Z,AVAXUSDT,0.00043196
2023-12-22T08:00:00Z,AVAXUSDT,0.00062085
2023-12-22T16:00:00Z,AVAXUSDT,0.00038642
2023-12-23T00:00:00Z,AVAXUSDT,0.00020208
2023-12-23T08:00:00Z,AVAXUSDT,0.0001
2023-12-23T16:00:00Z,AVAXUSDT,0.00037395
2023-12-24T00:00:00Z,AVAXUSDT,0.00072082
2023-12-24T08:00:00Z,AVAXUSDT,0.00056859
2023-12-24T16:00:00Z,AVAXUSDT,0.000449
2023-12-25T00:00:00Z,AVAXUSDT,0.00055493
2023-12-25T08:00:00Z,AVAXUSDT,0.00037537
2023-12-25T16:00:00Z,AVAXUSDT,0.00050788
2023-12-26T00:00:00Z,AVAXUSDT,0.00097209
2023-12-26T08:00:00Z,AVAXUSDT,0.00033471
2023-12-26T16:00:00Z,AVAXUSDT,0.00047716
2023-12-27T00:00:00Z,AVAXUSDT,0.0001
2023-12-27T08:00:00Z,AVAXUSDT,0.00024262
2023-12-27T16:00:00Z,AVAXUSDT,0.00057396
2023-12-28T00:00:00Z,AVAXUSDT,0.00072979
2023-12-28T08:00:00Z,AVAXUSDT,0.0007467
2023-12-28T16:00:00Z,AVAXUSDT,0.00103897
2023-12-29T00:00:00Z,AVAXUSDT,0.00083788
2023-12-29T08:00:00Z,AVAXUSDT,0.00043976
2023-12-29T16:00:00Z,AVAXUSDT,0.00076418
2023-12-30T00:00:00Z,AVAXUSDT,0.00055969
2023-12-30T08:00:00Z,AVAXUSDT,0.00050126
2023-12-30T16:00:00Z,AVAXUSDT,0.00032402
2023-12-31T00:00:00Z,AVAXUSDT,0.00042216
2023-12-31T08:00:00Z,AVAXUSDT,0.00045299
2023-12-31T16:00:00Z,AVAXUSDT,0.0006709
2024-01-01T00:00:00Z,AVAXUSDT,0.00043657
2024-01-01T08:00:00Z,AVAXUSDT,0.00045528
2024-01-01T16:00:00Z,AVAXUSDT,0.00083155
2024-01-02T00:00:00Z,AVAXUSDT,0.00076856
2024-01-02T08:00:00Z,AVAXUSDT,0.00077561
2024-01-02T16:00:00Z,AVAXUSDT,0.00068277
2024-01-03T00:00:00Z,AVAXUSDT,0.00050819
2024-01-03T08:00:00Z,AVAXUSDT,0.00053355
2024-01-03T16:00:00Z,AVAXUSDT,0.0001
2024-01-04T00:00:00Z,AVAXUSDT,0.0001
2024-01-04T08:00:00Z,AVAXUSDT,0.0001
2024-01-04T16:00:00Z,AVAXUSDT,0.0001
2024-01-05T00:00:00Z,AVAXUSDT,0.0001
2024-01-05T08:00:00Z,AVAXUSDT,0.0001
2024-01-05T16:00:00Z,AVAXUSDT,0.0001
2024-01-06T00:00:00Z,AVAXUSDT,0.0001
2024-01-06T08:00:00Z,AVAXUSDT,0.0001
2024-01-06T16:00:00Z,AVAXUSDT,0.0001
2024-01-07T00:00:00Z,AVAXUSDT,0.0001
2024-01-07T08:00:00Z,AVAXUSDT,0.0001
2024-01-07T16:00:00Z,AVAXUSDT,0.0001
2024-01-08T00:00:00Z,AVAXUSDT,0.0001
2024-01-08T08:00:00Z,AVAXUSDT,0.0001
2024-01-08T16:00:00Z,AVAXUSDT,0.0001
2024-01-09T00:00:00Z,AVAXUSDT,0.0001
2024-01-09T08:00:00Z,AVAXUSDT,0.0001
2024-01-09T16:00:00Z,AVAXUSDT,0.0001
2024-01-10T00:00:00Z,AVAXUSDT,0.0001
2024-01-10T08:00:00Z,AVAXUSDT,0.0001
2024-01-10T16:00:00Z,AVAXUSDT,0.0001
2024-01-11T00:00:00Z,AVAXUSDT,0.0001
2024-01-11T08:00:00Z,AVAXUSDT,0.0001
2024-01-11T16:00:00Z,AVAXUSDT,0.0001
2024-01-12T00:00:00Z,AVAXUSDT,0.0001
2024-01-12T08:00:00Z,AVAXUSDT,0.0001
2024-01-12T16:00:00Z,AVAXUSDT,0.0001
2024-01-13T00:00:00Z,AVAXUSDT,0.0001
2024-01-13T08:00:00Z,AVAXUSDT,0.0001
2024-01-13T16:00:00Z,AVAXUSDT,0.0001
2024-01-14T00:00:00Z,AVAXUSDT,0.0001
2024-01-14T08:00:00Z,AVAXUSDT,0.0001
2024-01-14T16:00:00Z,AVAXUSDT,0.0001
2024-01-15T00:00:00Z,AVAXUSDT,0.0001
2024-01-15T08:00:00Z,AVAXUSDT,0.0001
2024-01-15T16:00:00Z,AVAXUSDT,0.0001
2024-01-16T00:00:00Z,AVAXUSDT,0.0001
2024-01-16T08:00:00Z,AVAXUSDT,0.0001
2024-01-16T16:00:00Z,AVAXUSDT,0.0001
2024-01-17T00:00:00Z,AVAXUSDT,0.0001
2024-01-17T08:00:00Z,AVAXUSDT,0.0001
2024-01-17T16:00:00Z,AVAXUSDT,0.0001
2024-01-18T00:00:00Z,AVAXUSDT,0.0001
2024-01-18T08:00:00Z,AVAXUSDT,0.0001
2024-01-18T16:00:00Z,AVAXUSDT,0.0001
2024-01-19T00:00:00Z,AVAXUSDT,0.0001
2024-01-19T08:00:00Z,AVAXUSDT,0.0001
2024-01-19T16:00:00Z,AVAXUSDT,0.0001
2024-01-20T00:00:00Z,AVAXUSDT,0.0001
2024-01-20T08:00:00Z,AVAXUSDT,0.0001
2024-01-20T16:00:00Z,AVAXUSDT,0.0001
2024-01-21T00:00:00Z,AVAXUSDT,0.0001
2024-01-21T08:00:00Z,AVAXUSDT,0.0001
2024-01-21T16:00:00Z,AVAXUSDT,0.0001
2024-01-22T00:00:00Z,AVAXUSDT,0.0001
2024-01-22T08:00:00Z,AVAXUSDT,0.0001
2024-01-22T16:00:00Z,AVAXUSDT,0.0001
2024-01-23T00:00:00Z,AVAXUSDT,0.0001
2024-01-23T08:00:00Z,AVAXUSDT,0.0001
2024-01-23T16:00:00Z,AVAXUSDT,0.00005148
2024-01-24T00:00:00Z,AVAXUSDT,0.0001
2024-01-24T08:00:00Z,AVAXUSDT,0.0001
2024-01-24T16:00:00Z,AVAXUSDT,0.0001
2024-01-25T00:00:00Z,AVAXUSDT,0.0001
2024-01-25T08:00:00Z,AVAXUSDT,0.0001
2024-01-25T16:00:00Z,AVAXUSDT,0.0001
2024-01-26T00:00:00Z,AVAXUSDT,0.0001
2024-01-26T08:00:00Z,AVAXUSDT,0.0001
2024-01-26T16:00:00Z,AVAXUSDT,0.0001
2024-01-27T00:00:00Z,AVAXUSDT,0.0001
2024-01-27T08:00:00Z,AVAXUSDT,0.0001
2024-01-27T16:00:00Z,AVAXUSDT,0.0001
2024-01-28T00:00:00Z,AVAXUSDT,0.0001
2024-01-28T08:00:00Z,AVAXUSDT,0.0001
2024-01-28T16:00:00Z,AVAXUSDT,0.0001
2024-01-29T00:00:00Z,AVAXUSDT,0.0001
2024-01-29T08:00:00Z,AVAXUSDT,-0.00000176
2024-01-29T16:00:00Z,AVAXUSDT,0.0001
2024-01-30T00:00:00Z,AVAXUSDT,0.0001
2024-01-30T08:00:00Z,AVAXUSDT,0.0001
2024-01-30T16:00:00Z,AVAXUSDT,0.0001
2024-01-31T00:00:00Z,AVAXUSDT,0.0001
2024-01-31T08:00:00Z,AVAXUSDT,0.0001
2024-01-31T16:00:00Z,AVAXUSDT,0.0001
2024-02-01T00:00:00Z,AVAXUSDT,0.0001
2024-02-01T08:00:00Z,AVAXUSDT,0.0001
2024-02-01T16:00:00Z,AVAXUSDT,0.0001
2024-02-02T00:00:00Z,AVAXUSDT,0.0001
2024-02-02T08:00:00Z,AVAXUSDT,0.0001
2024-02-02T16:00:00Z,AVAXUSDT,0.0001
2024-02-03T00:00:00Z,AVAXUSDT,0.0001
2024-02-03T08:00:00Z,AVAXUSDT,0.0001
2024-02-03T16:00:00Z,AVAXUSDT,0.0001
2024-02-04T00:00:00Z,AVAXUSDT,0.0001
2024-02-04T08:00:00Z,AVAXUSDT,0.0001
2024-02-04T16:00:00Z,AVAXUSDT,0.0001
2024-02-05T00:00:00Z,AVAXUSDT,0.00009202
2024-02-05T08:00:00Z,AVAXUSDT,0.0001
2024-02-05T16:00:00Z,AVAXUSDT,0.0001
2024-02-06T00:00:00Z,AVAXUSDT,0.0001
2024-02-06T08:00:00Z,AVAXUSDT,0.0000825
2024-02-06T16:00:00Z,AVAXUSDT,0.0001
2024-02-07T00:00:00Z,AVAXUSDT,0.0001
2024-02-07T08:00:00Z,AVAXUSDT,0.0001
2024-02-07T16:00:00Z,AVAXUSDT,0.0001
2024-02-08T00:00:00Z,AVAXUSDT,0.0001
2024-02-08T08:00:00Z,AVAXUSDT,0.0001
2024-02-08T16:00:00Z,AVAXUSDT,0.0001
2024-02-09T00:00:00Z,AVAXUSDT,0.0001
2024-02-09T08:00:00Z,AVAXUSDT,0.0001
2024-02-09T16:00:00Z,AVAXUSDT,0.0001
2024-02-10T00:00:00Z,AVAXUSDT,0.0001
2024-02-10T08:00:00Z,AVAXUSDT,0.0001
2024-02-10T16:00:00Z,AVAXUSDT,0.0001
2024-02-11T00:00:00Z,AVAXUSDT,0.0001
2024-02-11T08:00:00Z,AVAXUSDT,0.0001
2024-02-11T16:00:00Z,AVAXUSDT,0.0001
2024-02-12T00:00:00Z,AVAXUSDT,0.0001
2024-02-12T08:00:00Z,AVAXUSDT,0.0001
2024-02-12T16:00:00Z,AVAXUSDT,0.0001
2024-02-13T00:00:00Z,AVAXUSDT,0.0001
2024-02-13T08:00:00Z,AVAXUSDT,0.00012906
2024-02-13T16:00:00Z,AVAXUSDT,0.00017222
2024-02-14T00:00:00Z,AVAXUSDT,0.0001
2024-02-14T08:00:00Z,AVAXUSDT,0.0001
2024-02-14T16:00:00Z,AVAXUSDT,0.00031486
2024-02-15T00:00:00Z,AVAXUSDT,0.00048803
2024-02-15T08:00:00Z,AVAXUSDT,0.00039364
2024-02-15T16:00:00Z,AVAXUSDT,0.00039923
2024-02-16T00:00:00Z,AVAXUSDT,0.0001
2024-02-16T08:00:00Z,AVAXUSDT,0.00018312
2024-02-16T16:00:00Z,AVAXUSDT,0.0001
2024-02-17T00:00:00Z,AVAXUSDT,0.0001
2024-02-17T08:00:00Z,AVAXUSDT,0.00023512
2024-02-17T16:00:00Z,AVAXUSDT,0.0001
2024-02-18T00:00:00Z,AVAXUSDT,0.0001
2024-02-18T08:00:00Z,AVAXUSDT,0.00011474
2024-02-18T16:00:00Z,AVAXUSDT,0.00012917
2024-02-19T00:00:00Z,AVAXUSDT,0.00017571
2024-02-19T08:00:00Z,AVAXUSDT,0.00022749
2024-02-19T16:00:00Z,AVAXUSDT,0.00026635
2024-02-20T00:00:00Z,AVAXUSDT,0.0004633
2024-02-20T08:00:00Z,AVAXUSDT,0.00031594
2024-02-20T16:00:00Z,AVAXUSDT,0.0002331
2024-02-21T00:00:00Z,AVAXUSDT,0.0001
2024-02-21T08:00:00Z,AVAXUSDT,0.0001
2024-02-21T16:00:00Z,AVAXUSDT,0.0001
2024-02-22T00:00:00Z,AVAXUSDT,0.0001
2024-02-22T08:00:00Z,AVAXUSDT,0.00016844
2024-02-22T16:00:00Z,AVAXUSDT,0.0001
2024-02-23T00:00:00Z,AVAXUSDT,0.00020254
2024-02-23T08:00:00Z,AVAXUSDT,0.0001
2024-02-23T16:00:00Z,AVAXUSDT,0.00013995
2024-02-24T00:00:00Z,AVAXUSDT,0.00016383
2024-02-24T08:00:00Z,AVAXUSDT,0.00038949
2024-02-24T16:00:00Z,AVAXUSDT,0.00017556
2024-02-25T00:00:00Z,AVAXUSDT,0.00030915
2024-02-25T08:00:00Z,AVAXUSDT,0.00023264
2024-02-25T16:00:00Z,AVAXUSDT,0.00028232
2024-02-26T00:00:00Z,AVAXUSDT,0.00041512
2024-02-26T08:00:00Z,AVAXUSDT,0.00044365
2024-02-26T16:00:00Z,AVAXUSDT,0.00038596
2024-02-27T00:00:00Z,AVAXUSDT,0.00044025
2024-02-27T08:00:00Z,AVAXUSDT,0.00060728
2024-02-27T16:00:00Z,AVAXUSDT,0.00028784
2024-02-28T00:00:00Z,AVAXUSDT,0.00030275
2024-02-28T08:00:00Z,AVAXUSDT,0.00044019
2024-02-28T16:00:00Z,AVAXUSDT,0.0005177
2024-02-29T00:00:00Z,AVAXUSDT,0.0005096
2024-02-29T08:00:00Z,AVAXUSDT,0.00091205
2024-02-29T16:00:00Z,AVAXUSDT,0.00092757
2024-03-01T00:00:00Z,AVAXUSDT,0.00057626
2024-03-01T08:00:00Z,AVAXUSDT,0.00061219
2024-03-01T16:00:00Z,AVAXUSDT,0.00050867
2024-03-02T00:00:00Z,AVAXUSDT,0.00068499
2024-03-02T08:00:00Z,AVAXUSDT,0.0010698
2024-03-02T16:00:00Z,AVAXUSDT,0.00080543
2024-03-03T00:00:00Z,AVAXUSDT,0.0008094
2024-03-03T08:00:00Z,AVAXUSDT,0.00080381
2024-03-03T16:00:00Z,AVAXUSDT,0.00052527
2024-03-04T00:00:00Z,AVAXUSDT,0.0006179
2024-03-04T08:00:00Z,AVAXUSDT,0.00081724
2024-03-04T16:00:00Z,AVAXUSDT,0.0008299
2024-03-05T00:00:00Z,AVAXUSDT,0.00054608
2024-03-05T08:00:00Z,AVAXUSDT,0.00128206
2024-03-05T16:00:00Z,AVAXUSDT,0.00140524
2024-03-06T00:00:00Z,AVAXUSDT,0.0001
2024-03-06T08:00:00Z,AVAXUSDT,0.0001882
2024-03-06T16:00:00Z,AVAXUSDT,0.00035969
2024-03-07T00:00:00Z,AVAXUSDT,0.00042246
2024-03-07T08:00:00Z,AVAXUSDT,0.00051043
2024-03-07T16:00:00Z,AVAXUSDT,0.00064897
2024-03-08T00:00:00Z,AVAXUSDT,0.00054913
2024-03-08T08:00:00Z,AVAXUSDT,0.00045725
2024-03-08T16:00:00Z,AVAXUSDT,0.00072104
2024-03-09T00:00:00Z,AVAXUSDT,0.00058287
2024-03-09T08:00:00Z,AVAXUSDT,0.00058943
2024-03-09T16:00:00Z,AVAXUSDT,0.00062923
2024-03-10T00:00:00Z,AVAXUSDT,0.00078861
2024-03-10T08:00:00Z,AVAXUSDT,0.00092275
2024-03-10T16:00:00Z,AVAXUSDT,0.00026313
2024-03-11T00:00:00Z,AVAXUSDT,0.00033293
2024-03-11T08:00:00Z,AVAXUSDT,0.00036614
2024-03-11T16:00:00Z,AVAXUSDT,0.000697
2024-03-12T00:00:00Z,AVAXUSDT,0.00101015
2024-03-12T08:00:00Z,AVAXUSDT,0.00042185
2024-03-12T16:00:00Z,AVAXUSDT,0.00065015
2024-03-13T00:00:00Z,AVAXUSDT,0.00067782
2024-03-13T08:00:00Z,AVAXUSDT,0.00057715
2024-03-13T16:00:00Z,AVAXUSDT,0.0005468
2024-03-14T00:00:00Z,AVAXUSDT,0.00044374
2024-03-14T08:00:00Z,AVAXUSDT,0.00064865
2024-03-14T16:00:00Z,AVAXUSDT,0.00073803
2024-03-15T00:00:00Z,AVAXUSDT,0.00054852
2024-03-15T08:00:00Z,AVAXUSDT,0.00030414
2024-03-15T16:00:00Z,AVAXUSDT,0.0002723
2024-03-16T00:00:00Z,AVAXUSDT,0.0001
2024-03-16T08:00:00Z,AVAXUSDT,0.00027263
2024-03-16T16:00:00Z,AVAXUSDT,0.0001
2024-03-17T00:00:00Z,AVAXUSDT,0.0001
2024-03-17T08:00:00Z,AVAXUSDT,0.0001
2024-03-17T16:00:00Z,AVAXUSDT,0.0001
2024-03-18T00:00:00Z,AVAXUSDT,0.0001
2024-03-18T08:00:00Z,AVAXUSDT,0.00022582
2024-03-18T16:00:00Z,AVAXUSDT,0.00014964
2024-03-19T00:00:00Z,AVAXUSDT,0.0001
2024-03-19T08:00:00Z,AVAXUSDT,0.0001
2024-03-19T16:00:00Z,AVAXUSDT,0.0001
2024-03-20T00:00:00Z,AVAXUSDT,0.0001
2024-03-20T08:00:00Z,AVAXUSDT,0.0001
2024-03-20T16:00:00Z,AVAXUSDT,0.0001
2024-03-21T00:00:00Z,AVAXUSDT,0.0001
2024-03-21T08:00:00Z,AVAXUSDT,0.0001
2024-03-21T16:00:00Z,AVAXUSDT,0.0001
2024-03-22T00:00:00Z,AVAXUSDT,0.0001
2024-03-22T08:00:00Z,AVAXUSDT,0.0001
2024-03-22T16:00:00Z,AVAXUSDT,0.0001
2024-03-23T00:00:00Z,AVAXUSDT,0.0001
2024-03-23T08:00:00Z,AVAXUSDT,0.0001
2024-03-23T16:00:00Z,AVAXUSDT,0.0001
2024-03-24T00:00:00Z,AVAXUSDT,0.0001
2024-03-24T08:00:00Z,AVAXUSDT,0.0001
2024-03-24T16:00:00Z,AVAXUSDT,0.0001
2024-03-25T00:00:00Z,AVAXUSDT,0.0001
2024-03-25T08:00:00Z,AVAXUSDT,0.00017562
2024-03-25T16:00:00Z,AVAXUSDT,0.00010357
2024-03-26T00:00:00Z,AVAXUSDT,0.00028517
2024-03-26T08:00:00Z,AVAXUSDT,0.00030302
2024-03-26T16:00:00Z,AVAXUSDT,0.0004061
2024-03-27T00:00:00Z,AVAXUSDT,0.00049521
2024-03-27T08:00:00Z,AVAXUSDT,0.00028106
2024-03-27T16:00:00Z,AVAXUSDT,0.00048915
2024-03-28T00:00:00Z,AVAXUSDT,0.00030217
2024-03-28T08:00:00Z,AVAXUSDT,0.00050229
2024-03-28T16:00:00Z,AVAXUSDT,0.00058614
2024-03-29T00:00:00Z,AVAXUSDT,0.00055861
2024-03-29T08:00:00Z,AVAXUSDT,0.00052853
2024-03-29T16:00:00Z,AVAXUSDT,0.00052582
2024-03-30T00:00:00Z,AVAXUSDT,0.00048925
2024-03-30T08:00:00Z,AVAXUSDT,0.00062906
2024-03-30T16:00:00Z,AVAXUSDT,0.00066519
2024-03-31T00:00:00Z,AVAXUSDT,0.00041747
2024-03-31T08:00:00Z,AVAXUSDT,0.00062948
2024-03-31T16:00:00Z,AVAXUSDT,0.00067013
2024-04-01T00:00:00Z,AVAXUSDT,0.00108969
2024-04-01T08:00:00Z,AVAXUSDT,0.00056314
2024-04-01T16:00:00Z,AVAXUSDT,0.00028544
2024-04-02T00:00:00Z,AVAXUSDT,0.00034554
2024-04-02T08:00:00Z,AVAXUSDT,0.0001
2024-04-02T16:00:00Z,AVAXUSDT,0.0001
2024-04-03T00:00:00Z,AVAXUSDT,0.0001
2024-04-03T08:00:00Z,AVAXUSDT,0.0001974
2024-04-03T16:00:00Z,AVAXUSDT,0.0001
2024-04-04T00:00:00Z,AVAXUSDT,0.0001
2024-04-04T08:00:00Z,AVAXUSDT,0.000132
2024-04-04T16:00:00Z,AVAXUSDT,0.0001
2024-04-05T00:00:00Z,AVAXUSDT,0.0001
2024-04-05T08:00:00Z,AVAXUSDT,0.0001
2024-04-05T16:00:00Z,AVAXUSDT,0.0001
2024-04-06T00:00:00Z,AVAXUSDT,0.0001
2024-04-06T08:00:00Z,AVAXUSDT,0.00021428
2024-04-06T16:00:00Z,AVAXUSDT,0.0001
2024-04-07T00:00:00Z,AVAXUSDT,0.0001
2024-04-07T08:00:00Z,AVAXUSDT,0.0001
2024-04-07T16:00:00Z,AVAXUSDT,0.0001
2024-04-08T00:00:00Z,AVAXUSDT,0.0001
2024-04-08T08:00:00Z,AVAXUSDT,0.00015345
2024-04-08T16:00:00Z,AVAXUSDT,0.00021333
2024-04-09T00:00:00Z,AVAXUSDT,0.00027324
2024-04-09T08:00:00Z,AVAXUSDT,0.00026072
2024-04-09T16:00:00Z,AVAXUSDT,0.00021506
2024-04-10T00:00:00Z,AVAXUSDT,0.00017653
2024-04-10T08:00:00Z,AVAXUSDT,0.00024336
2024-04-10T16:00:00Z,AVAXUSDT,0.00013061
2024-04-11T00:00:00Z,AVAXUSDT,0.00021929
2024-04-11T08:00:00Z,AVAXUSDT,0.00013535
2024-04-11T16:00:00Z,AVAXUSDT,0.0001
2024-04-12T00:00:00Z,AVAXUSDT,0.00013953
2024-04-12T08:00:00Z,AVAXUSDT,0.00026538
2024-04-12T16:00:00Z,AVAXUSDT,0.0001
2024-04-13T00:00:00Z,AVAXUSDT,0.0001
2024-04-13T08:00:00Z,AVAXUSDT,0.0001
2024-04-13T16:00:00Z,AVAXUSDT,0.00009489
2024-04-14T00:00:00Z,AVAXUSDT,-0.00016691
2024-04-14T08:00:00Z,AVAXUSDT,0.00004422
2024-04-14T16:00:00Z,AVAXUSDT,0.00008501
2024-04-15T00:00:00Z,AVAXUSDT,-0.00009125
2024-04-15T08:00:00Z,AVAXUSDT,-0.00008515
2024-04-15T16:00:00Z,AVAXUSDT,-0.00005395
2024-04-16T00:00:00Z,AVAXUSDT,-0.00002927
2024-04-16T08:00:00Z,AVAXUSDT,-0.0000766
2024-04-16T16:00:00Z,AVAXUSDT,0.00007102
2024-04-17T00:00:00Z,AVAXUSDT,0.00004245
2024-04-17T08:00:00Z,AVAXUSDT,-0.00001863
2024-04-17T16:00:00Z,AVAXUSDT,0.00002512
2024-04-18T00:00:00Z,AVAXUSDT,-0.0000228
2024-04-18T08:00:00Z,AVAXUSDT,0.0001
2024-04-18T16:00:00Z,AVAXUSDT,-0.00002181
2024-04-19T00:00:00Z,AVAXUSDT,0.00002346
2024-04-19T08:00:00Z,AVAXUSDT,0.0000774
2024-04-19T16:00:00Z,AVAXUSDT,0.0001
2024-04-20T00:00:00Z,AVAXUSDT,0.00001936
2024-04-20T08:00:00Z,AVAXUSDT,0.00001482
2024-04-20T16:00:00Z,AVAXUSDT,-0.00002702
2024-04-21T00:00:00Z,AVAXUSDT,0.0001
2024-04-21T08:00:00Z,AVAXUSDT,0.00001833
2024-04-21T16:00:00Z,AVAXUSDT,-0.00005406
2024-04-22T00:00:00Z,AVAXUSDT,0.00005252
2024-04-22T08:00:00Z,AVAXUSDT,0.0001
2024-04-22T16:00:00Z,AVAXUSDT,0.00008201
2024-04-23T00:00:00Z,AVAXUSDT,-0.00004308
2024-04-23T08:00:00Z,AVAXUSDT,0.0001
2024-04-23T16:00:00Z,AVAXUSDT,0.0001
2024-04-24T00:00:00Z,AVAXUSDT,0.0000942
2024-04-24T08:00:00Z,AVAXUSDT,0.0001
2024-04-24T16:00:00Z,AVAXUSDT,0.0001
2024-04-25T00:00:00Z,AVAXUSDT,0.00006966
2024-04-25T08:00:00Z,AVAXUSDT,-0.00002417
2024-04-25T16:00:00Z,AVAXUSDT,0.00004902
2024-04-26T00:00:00Z,AVAXUSDT,-0.00001601
2024-04-26T08:00:00Z,AVAXUSDT,-0.00009468
2024-04-26T16:00:00Z,AVAXUSDT,0.00006822
2024-04-27T00:00:00Z,AVAXUSDT,0.0001
2024-04-27T08:00:00Z,AVAXUSDT,0.00006246
2024-04-27T16:00:00Z,AVAXUSDT,0.00003912
2024-04-28T00:00:00Z,AVAXUSDT,0.0001
2024-04-28T08:00:00Z,AVAXUSDT,-0.00001009
2024-04-28T16:00:00Z,AVAXUSDT,0.0001
2024-04-29T00:00:00Z,AVAXUSDT,0.0001
2024-04-29T08:00:00Z,AVAXUSDT,0.0001
2024-04-29T16:00:00Z,AVAXUSDT,0.00006959
2024-04-30T00:00:00Z,AVAXUSDT,0.0001
2024-04-30T08:00:00Z,AVAXUSDT,0.0001
2024-04-30T16:00:00Z,AVAXUSDT,0.00005595
2024-05-01T00:00:00Z,AVAXUSDT,-0.00007437
2024-05-01T08:00:00Z,AVAXUSDT,0.00003421
2024-05-01T16:00:00Z,AVAXUSDT,0.00000777
2024-05-02T00:00:00Z,AVAXUSDT,-0.00002518
2024-05-02T08:00:00Z,AVAXUSDT,0.0001
2024-05-02T16:00:00Z,AVAXUSDT,0.0001
2024-05-03T00:00:00Z,AVAXUSDT,0.0001
2024-05-03T08:00:00Z,AVAXUSDT,0.00008782
2024-05-03T16:00:00Z,AVAXUSDT,0.00002164
2024-05-04T00:00:00Z,AVAXUSDT,0.0001
2024-05-04T08:00:00Z,AVAXUSDT,0.0001
2024-05-04T16:00:00Z,AVAXUSDT,0.0001
2024-05-05T00:00:00Z,AVAXUSDT,0.0001
2024-05-05T08:00:00Z,AVAXUSDT,0.0001
2024-05-05T16:00:00Z,AVAXUSDT,0.00000419
2024-05-06T00:00:00Z,AVAXUSDT,-0.00005399
2024-05-06T08:00:00Z,AVAXUSDT,0.0001
2024-05-06T16:00:00Z,AVAXUSDT,0.0001
2024-05-07T00:00:00Z,AVAXUSDT,0.00006649
2024-05-07T08:00:00Z,AVAXUSDT,0.00008761
2024-05-07T16:00:00Z,AVAXUSDT,0.00007531
2024-05-08T00:00:00Z,AVAXUSDT,0.0001
2024-05-08T08:00:00Z,AVAXUSDT,0.0001
2024-05-08T16:00:00Z,AVAXUSDT,0.0001
2024-05-09T00:00:00Z,AVAXUSDT,0.0001
2024-05-09T08:00:00Z,AVAXUSDT,-0.00000621
2024-05-09T16:00:00Z,AVAXUSDT,0.0001
2024-05-10T00:00:00Z,AVAXUSDT,0.0001
2024-05-10T08:00:00Z,AVAXUSDT,0.0001
2024-05-10T16:00:00Z,AVAXUSDT,0.0001
2024-05-11T00:00:00Z,AVAXUSDT,0.0001
2024-05-11T08:00:00Z,AVAXUSDT,-0.0000231
2024-05-11T16:00:00Z,AVAXUSDT,-0.00005751
2024-05-12T00:00:00Z,AVAXUSDT,-0.00003167
2024-05-12T08:00:00Z,AVAXUSDT,0.0001
2024-05-12T16:00:00Z,AVAXUSDT,0.00004303
2024-05-13T00:00:00Z,AVAXUSDT,0.00002281
2024-05-13T08:00:00Z,AVAXUSDT,0.0001
2024-05-13T16:00:00Z,AVAXUSDT,0.0001
2024-05-14T00:00:00Z,AVAXUSDT,0.0001
2024-05-14T08:00:00Z,AVAXUSDT,-0.00001863
2024-05-14T16:00:00Z,AVAXUSDT,0.0001
2024-05-15T00:00:00Z,AVAXUSDT,-0.0000942
2024-05-15T08:00:00Z,AVAXUSDT,0.00007306
2024-05-15T16:00:00Z,AVAXUSDT,0.00005553
2024-05-16T00:00:00Z,AVAXUSDT,0.0001
2024-05-16T08:00:00Z,AVAXUSDT,0.0001
2024-05-16T16:00:00Z,AVAXUSDT,0.0001
2024-05-17T00:00:00Z,AVAXUSDT,0.0001
2024-05-17T08:00:00Z,AVAXUSDT,0.0001
2024-05-17T16:00:00Z,AVAXUSDT,0.0001
2024-05-18T00:00:00Z,AVAXUSDT,0.0001
2024-05-18T08:00:00Z,AVAXUSDT,0.0001
2024-05-18T16:00:00Z,AVAXUSDT,0.0001
2024-05-19T00:00:00Z,AVAXUSDT,0.0001
2024-05-19T08:00:00Z,AVAXUSDT,0.0001
2024-05-19T16:00:00Z,AVAXUSDT,0.0001
2024-05-20T00:00:00Z,AVAXUSDT,0.0001
2024-05-20T08:00:00Z,AVAXUSDT,0.0000621
2024-05-20T16:00:00Z,AVAXUSDT,0.0001
2024-05-21T00:00:00Z,AVAXUSDT,0.0001
2024-05-21T08:00:00Z,AVAXUSDT,0.0001
2024-05-21T16:00:00Z,AVAXUSDT,0.0001
2024-05-22T00:00:00Z,AVAXUSDT,0.00015021
2024-05-22T08:00:00Z,AVAXUSDT,0.00012517
2024-05-22T16:00:00Z,AVAXUSDT,0.00011859
2024-05-23T00:00:00Z,AVAXUSDT,0.0001
2024-05-23T08:00:00Z,AVAXUSDT,0.0001
2024-05-23T16:00:00Z,AVAXUSDT,0.0001
2024-05-24T00:00:00Z,AVAXUSDT,0.0001
2024-05-24T08:00:00Z,AVAXUSDT,0.0001
2024-05-24T16:00:00Z,AVAXUSDT,0.0001
2024-05-25T00:00:00Z,AVAXUSDT,0.0001
2024-05-25T08:00:00Z,AVAXUSDT,0.0001
2024-05-25T16:00:00Z,AVAXUSDT,0.0001
2024-05-26T00:00:00Z,AVAXUSDT,0.0001
2024-05-26T08:00:00Z,AVAXUSDT,0.0001
2024-05-26T16:00:00Z,AVAXUSDT,0.0001
2024-05-27T00:00:00Z,AVAXUSDT,0.0001
2024-05-27T08:00:00Z,AVAXUSDT,0.0001
2024-05-27T16:00:00Z,AVAXUSDT,0.0001
2024-05-28T00:00:00Z,AVAXUSDT,0.0001
2024-05-28T08:00:00Z,AVAXUSDT,0.0001
2024-05-28T16:00:00Z,AVAXUSDT,0.0001
2024-05-29T00:00:00Z,AVAXUSDT,0.0001
2024-05-29T08:00:00Z,AVAXUSDT,0.0001369
2024-05-29T16:00:00Z,AVAXUSDT,0.00012958
2024-05-30T00:00:00Z,AVAXUSDT,0.0001
2024-05-30T08:00:00Z,AVAXUSDT,0.0001
2024-05-30T16:00:00Z,AVAXUSDT,0.0001
2024-05-31T00:00:00Z,AVAXUSDT,0.0001
2024-05-31T08:00:00Z,AVAXUSDT,0.0001
2024-05-31T16:00:00Z,AVAXUSDT,0.0001
2024-06-01T00:00:00Z,AVAXUSDT,0.0001
2024-06-01T08:00:00Z,AVAXUSDT,0.0001
2024-06-01T16:00:00Z,AVAXUSDT,0.0001
2024-06-02T00:00:00Z,AVAXUSDT,0.0001
2024-06-02T08:00:00Z,AVAXUSDT,0.00011996
2024-06-02T16:00:00Z,AVAXUSDT,0.00011799
2024-06-03T00:00:00Z,AVAXUSDT,0.0001
2024-06-03T08:00:00Z,AVAXUSDT,0.0001
2024-06-03T16:00:00Z,AVAXUSDT,0.00018133
2024-06-04T00:00:00Z,AVAXUSDT,0.0001
2024-06-04T08:00:00Z,AVAXUSDT,0.00011671
2024-06-04T16:00:00Z,AVAXUSDT,0.00011304
2024-06-05T00:00:00Z,AVAXUSDT,0.0001
2024-06-05T08:00:00Z,AVAXUSDT,0.0001
2024-06-05T16:00:00Z,AVAXUSDT,0.00014174
2024-06-06T00:00:00Z,AVAXUSDT,0.0001
2024-06-06T08:00:00Z,AVAXUSDT,0.0001
2024-06-06T16:00:00Z,AVAXUSDT,0.00015186
2024-06-07T00:00:00Z,AVAXUSDT,0.0001
2024-06-07T08:00:00Z,AVAXUSDT,0.0001
2024-06-07T16:00:00Z,AVAXUSDT,0.00020822
2024-06-08T00:00:00Z,AVAXUSDT,0.0001
2024-06-08T08:00:00Z,AVAXUSDT,0.0001
2024-06-08T16:00:00Z,AVAXUSDT,0.0001
2024-06-09T00:00:00Z,AVAXUSDT,0.0001
2024-06-09T08:00:00Z,AVAXUSDT,0.0001
2024-06-09T16:00:00Z,AVAXUSDT,0.0001
2024-06-10T00:00:00Z,AVAXUSDT,0.0001
2024-06-10T08:00:00Z,AVAXUSDT,0.0001
2024-06-10T16:00:00Z,AVAXUSDT,0.0001
2024-06-11T00:00:00Z,AVAXUSDT,0.0001
2024-06-11T08:00:00Z,AVAXUSDT,0.0001
2024-06-11T16:00:00Z,AVAXUSDT,0.0001
2024-06-12T00:00:00Z,AVAXUSDT,0.0001
2024-06-12T08:00:00Z,AVAXUSDT,0.0001
2024-06-12T16:00:00Z,AVAXUSDT,0.0001
2024-06-13T00:00:00Z,AVAXUSDT,0.0001
2024-06-13T08:00:00Z,AVAXUSDT,0.00002256
2024-06-13T16:00:00Z,AVAXUSDT,0.00005607
2024-06-14T00:00:00Z,AVAXUSDT,-0.00010586
2024-06-14T08:00:00Z,AVAXUSDT,0.0001
2024-06-14T16:00:00Z,AVAXUSDT,0.0001
2024-06-15T00:00:00Z,AVAXUSDT,-0.00007188
2024-06-15T08:00:00Z,AVAXUSDT,-0.00010461
2024-06-15T16:00:00Z,AVAXUSDT,0.00003139
2024-06-16T00:00:00Z,AVAXUSDT,-0.00001116
2024-06-16T08:00:00Z,AVAXUSDT,0.0001
2024-06-16T16:00:00Z,AVAXUSDT,0.0001
2024-06-17T00:00:00Z,AVAXUSDT,0.00009854
2024-06-17T08:00:00Z,AVAXUSDT,0.00008262
2024-06-17T16:00:00Z,AVAXUSDT,0.00003697
2024-06-18T00:00:00Z,AVAXUSDT,0.00003789
2024-06-18T08:00:00Z,AVAXUSDT,-0.00000464
2024-06-18T16:00:00Z,AVAXUSDT,0.00004497
2024-06-19T00:00:00Z,AVAXUSDT,0.00003959
2024-06-19T08:00:00Z,AVAXUSDT,-0.00000562
2024-06-19T16:00:00Z,AVAXUSDT,-0.00008464
2024-06-20T00:00:00Z,AVAXUSDT,-0.00004829
2024-06-20T08:00:00Z,AVAXUSDT,0.0001
2024-06-20T16:00:00Z,AVAXUSDT,0.0001
2024-06-21T00:00:00Z,AVAXUSDT,0.0000739
2024-06-21T08:00:00Z,AVAXUSDT,-0.00000101
2024-06-21T16:00:00Z,AVAXUSDT,0.0001
2024-06-22T00:00:00Z,AVAXUSDT,0.0001
2024-06-22T08:00:00Z,AVAXUSDT,0.0001
2024-06-22T16:00:00Z,AVAXUSDT,0.0001
2024-06-23T00:00:00Z,AVAXUSDT,0.00008142
2024-06-23T08:00:00Z,AVAXUSDT,0.0001
2024-06-23T16:00:00Z,AVAXUSDT,-0.00013737
2024-06-24T00:00:00Z,AVAXUSDT,-0.00004519
2024-06-24T08:00:00Z,AVAXUSDT,0.0001
2024-06-24T16:00:00Z,AVAXUSDT,0.00001766
2024-06-25T00:00:00Z,AVAXUSDT,-0.0001438
2024-06-25T08:00:00Z,AVAXUSDT,-0.00010778
2024-06-25T16:00:00Z,AVAXUSDT,-0.00008252
2024-06-26T00:00:00Z,AVAXUSDT,0.00000134
2024-06-26T08:00:00Z,AVAXUSDT,-0.00004993
2024-06-26T16:00:00Z,AVAXUSDT,0.00006495
2024-06-27T00:00:00Z,AVAXUSDT,0.00000321
2024-06-27T08:00:00Z,AVAXUSDT,-0.0000517
2024-06-27T16:00:00Z,AVAXUSDT,0.00009387
2024-06-28T00:00:00Z,AVAXUSDT,0.0001
2024-06-28T08:00:00Z,AVAXUSDT,0.0001
2024-06-28T16:00:00Z,AVAXUSDT,0.0001
2024-06-29T00:00:00Z,AVAXUSDT,0.0001
2024-06-29T08:00:00Z,AVAXUSDT,0.0001
2024-06-29T16:00:00Z,AVAXUSDT,-0.00000714
2024-06-30T00:00:00Z,AVAXUSDT,0.0001
2024-06-30T08:00:00Z,AVAXUSDT,0.0001
2024-06-30T16:00:00Z,AVAXUSDT,0.0001
2024-07-01T00:00:00Z,AVAXUSDT,0.0001
2024-07-01T08:00:00Z,AVAXUSDT,0.0001
2024-07-01T16:00:00Z,AVAXUSDT,0.00002686
2024-07-02T00:00:00Z,AVAXUSDT,0.0001
2024-07-02T08:00:00Z,AVAXUSDT,0.0001
2024-07-02T16:00:00Z,AVAXUSDT,0.0001
2024-07-03T00:00:00Z,AVAXUSDT,0.0001
2024-07-03T08:00:00Z,AVAXUSDT,0.0001
2024-07-03T16:00:00Z,AVAXUSDT,0.00009009
2024-07-04T00:00:00Z,AVAXUSDT,0.00008514
2024-07-04T08:00:00Z,AVAXUSDT,-0.00004757
2024-07-04T16:00:00Z,AVAXUSDT,-0.00006488
2024-07-05T00:00:00Z,AVAXUSDT,-0.00000852
2024-07-05T08:00:00Z,AVAXUSDT,-0.0002814
2024-07-05T16:00:00Z,AVAXUSDT,-0.00004137
2024-07-06T00:00:00Z,AVAXUSDT,-0.00008786
2024-07-06T08:00:00Z,AVAXUSDT,0.0001
2024-07-06T16:00:00Z,AVAXUSDT,-0.00000577
2024-07-07T00:00:00Z,AVAXUSDT,0.00006386
2024-07-07T08:00:00Z,AVAXUSDT,-0.00001794
2024-07-07T16:00:00Z,AVAXUSDT,-0.00005619
2024-07-08T00:00:00Z,AVAXUSDT,-0.00004862
2024-07-08T08:00:00Z,AVAXUSDT,0.00003525
2024-07-08T16:00:00Z,AVAXUSDT,0.00007172
2024-07-09T00:00:00Z,AVAXUSDT,0.0001
2024-07-09T08:00:00Z,AVAXUSDT,0.00003936
2024-07-09T16:00:00Z,AVAXUSDT,-0.00011723
2024-07-10T00:00:00Z,AVAXUSDT,0.00004147
2024-07-10T08:00:00Z,AVAXUSDT,0.0001
2024-07-10T16:00:00Z,AVAXUSDT,0.0001
2024-07-11T00:00:00Z,AVAXUSDT,0.0001
2024-07-11T08:00:00Z,AVAXUSDT,0.0000891
2024-07-11T16:00:00Z,AVAXUSDT,0.00000898
2024-07-12T00:00:00Z,AVAXUSDT,-0.00025211
2024-07-12T08:00:00Z,AVAXUSDT,-0.00010036
2024-07-12T16:00:00Z,AVAXUSDT,0.00005365
2024-07-13T00:00:00Z,AVAXUSDT,0.0001
2024-07-13T08:00:00Z,AVAXUSDT,0.0001
2024-07-13T16:00:00Z,AVAXUSDT,0.00006595
2024-07-14T00:00:00Z,AVAXUSDT,0.0001
2024-07-14T08:00:00Z,AVAXUSDT,-0.00005149
2024-07-14T16:00:00Z,AVAXUSDT,0.00007628
2024-07-15T00:00:00Z,AVAXUSDT,0.0001
2024-07-15T08:00:00Z,AVAXUSDT,0.0001
2024-07-15T16:00:00Z,AVAXUSDT,-0.00004735
2024-07-16T00:00:00Z,AVAXUSDT,0.0001
2024-07-16T08:00:00Z,AVAXUSDT,0.00002215
2024-07-16T16:00:00Z,AVAXUSDT,0.00005463
2024-07-17T00:00:00Z,AVAXUSDT,-0.00000696
2024-07-17T08:00:00Z,AVAXUSDT,0.00008506
2024-07-17T16:00:00Z,AVAXUSDT,0.0001
2024-07-18T00:00:00Z,AVAXUSDT,0.0001
2024-07-18T08:00:00Z,AVAXUSDT,0.00002011
2024-07-18T16:00:00Z,AVAXUSDT,0.00000644
2024-07-19T00:00:00Z,AVAXUSDT,-0.00002807
2024-07-19T08:00:00Z,AVAXUSDT,0.00004377
2024-07-19T16:00:00Z,AVAXUSDT,0.00004231
2024-07-20T00:00:00Z,AVAXUSDT,0.0001
2024-07-20T08:00:00Z,AVAXUSDT,0.0001
2024-07-20T16:00:00Z,AVAXUSDT,0.00004559
2024-07-21T00:00:00Z,AVAXUSDT,0.0001
2024-07-21T08:00:00Z,AVAXUSDT,0.0001
2024-07-21T16:00:00Z,AVAXUSDT,0.0001
2024-07-22T00:00:00Z,AVAXUSDT,0.0001
2024-07-22T08:00:00Z,AVAXUSDT,0.0001
2024-07-22T16:00:00Z,AVAXUSDT,0.00009644
2024-07-23T00:00:00Z,AVAXUSDT,0.0001
2024-07-23T08:00:00Z,AVAXUSDT,-0.00008521
2024-07-23T16:00:00Z,AVAXUSDT,-0.00009529
2024-07-24T00:00:00Z,AVAXUSDT,0.00004985
2024-07-24T08:00:00Z,AVAXUSDT,-0.000146
2024-07-24T16:00:00Z,AVAXUSDT,0.0001
2024-07-25T00:00:00Z,AVAXUSDT,-0.00004322
2024-07-25T08:00:00Z,AVAXUSDT,-0.00011424
2024-07-25T16:00:00Z,AVAXUSDT,-0.00022786
2024-07-26T00:00:00Z,AVAXUSDT,-0.00014477
2024-07-26T08:00:00Z,AVAXUSDT,0.00000272
2024-07-26T16:00:00Z,AVAXUSDT,0.00003495
2024-07-27T00:00:00Z,AVAXUSDT,-0.00002544
2024-07-27T08:00:00Z,AVAXUSDT,0.00008007
2024-07-27T16:00:00Z,AVAXUSDT,0.00006155
2024-07-28T00:00:00Z,AVAXUSDT,-0.00011529
2024-07-28T08:00:00Z,AVAXUSDT,-0.00002495
2024-07-28T16:00:00Z,AVAXUSDT,-0.00020998
2024-07-29T00:00:00Z,AVAXUSDT,-0.00026392
2024-07-29T08:00:00Z,AVAXUSDT,0.0001
2024-07-29T16:00:00Z,AVAXUSDT,-0.00000242
2024-07-30T00:00:00Z,AVAXUSDT,-0.0004794
2024-07-30T08:00:00Z,AVAXUSDT,-0.00027508
2024-07-30T16:00:00Z,AVAXUSDT,-0.00010428
2024-07-31T00:00:00Z,AVAXUSDT,-0.00004824
2024-07-31T08:00:00Z,AVAXUSDT,0.0001
2024-07-31T16:00:00Z,AVAXUSDT,0.00003951
2024-08-01T00:00:00Z,AVAXUSDT,-0.00001372
2024-08-01T08:00:00Z,AVAXUSDT,-0.00018215
2024-08-01T16:00:00Z,AVAXUSDT,-0.00014599
2024-08-02T00:00:00Z,AVAXUSDT,-0.00022657
2024-08-02T08:00:00Z,AVAXUSDT,-0.00001378
2024-08-02T16:00:00Z,AVAXUSDT,-0.00014043
2024-08-03T00:00:00Z,AVAXUSDT,-0.00015883
2024-08-03T08:00:00Z,AVAXUSDT,-0.00001706
2024-08-03T16:00:00Z,AVAXUSDT,-0.00002408
2024-08-04T00:00:00Z,AVAXUSDT,-0.00039615
2024-08-04T08:00:00Z,AVAXUSDT,-0.00012881
2024-08-04T16:00:00Z,AVAXUSDT,-0.00025323
2024-08-05T00:00:00Z,AVAXUSDT,-0.00015617
2024-08-05T08:00:00Z,AVAXUSDT,-0.00051775
2024-08-05T16:00:00Z,AVAXUSDT,-0.00024096
2024-08-06T00:00:00Z,AVAXUSDT,-0.00014679
2024-08-06T08:00:00Z,AVAXUSDT,-0.00036423
2024-08-06T16:00:00Z,AVAXUSDT,-0.00025296
2024-08-07T00:00:00Z,AVAXUSDT,-0.00020456
2024-08-07T08:00:00Z,AVAXUSDT,-0.00027816
2024-08-07T16:00:00Z,AVAXUSDT,-0.0002249
2024-08-08T00:00:00Z,AVAXUSDT,0.00001006
2024-08-08T08:00:00Z,AVAXUSDT,-0.00005165
2024-08-08T16:00:00Z,AVAXUSDT,-0.00009709
2024-08-09T00:00:00Z,AVAXUSDT,-0.00021551
2024-08-09T08:00:00Z,AVAXUSDT,-0.0001034
2024-08-09T16:00:00Z,AVAXUSDT,-0.00027474
2024-08-10T00:00:00Z,AVAXUSDT,-0.00017325
2024-08-10T08:00:00Z,AVAXUSDT,-0.00026823
2024-08-10T16:00:00Z,AVAXUSDT,-0.00053455
2024-08-11T00:00:00Z,AVAXUSDT,-0.00042577
2024-08-11T08:00:00Z,AVAXUSDT,0.00009449
2024-08-11T16:00:00Z,AVAXUSDT,-0.00036656
2024-08-12T00:00:00Z,AVAXUSDT,-0.00047566
2024-08-12T08:00:00Z,AVAXUSDT,-0.00023265
2024-08-12T16:00:00Z,AVAXUSDT,-0.00014396
2024-08-13T00:00:00Z,AVAXUSDT,-0.00025825
2024-08-13T08:00:00Z,AVAXUSDT,-0.00035339
2024-08-13T16:00:00Z,AVAXUSDT,-0.00022062
2024-08-14T00:00:00Z,AVAXUSDT,-0.00001951
2024-08-14T08:00:00Z,AVAXUSDT,-0.00007764
2024-08-14T16:00:00Z,AVAXUSDT,-0.00024396
2024-08-15T00:00:00Z,AVAXUSDT,-0.00004056
2024-08-15T08:00:00Z,AVAXUSDT,-0.00009225
2024-08-15T16:00:00Z,AVAXUSDT,-0.00003576
2024-08-16T00:00:00Z,AVAXUSDT,-0.000437
2024-08-16T08:00:00Z,AVAXUSDT,-0.00033116
2024-08-16T16:00:00Z,AVAXUSDT,-0.00029391
2024-08-17T00:00:00Z,AVAXUSDT,0.00005736
2024-08-17T08:00:00Z,AVAXUSDT,0.00001011
2024-08-17T16:00:00Z,AVAXUSDT,0.00006038
2024-08-18T00:00:00Z,AVAXUSDT,-0.00005482
2024-08-18T08:00:00Z,AVAXUSDT,0.00003527
2024-08-18T16:00:00Z,AVAXUSDT,0.00006249
2024-08-19T00:00:00Z,AVAXUSDT,0.0000568
2024-08-19T08:00:00Z,AVAXUSDT,-0.00010722
2024-08-19T16:00:00Z,AVAXUSDT,-0.00016669
2024-08-20T00:00:00Z,AVAXUSDT,-0.00022399
2024-08-20T08:00:00Z,AVAXUSDT,-0.00011698
2024-08-20T16:00:00Z,AVAXUSDT,-0.00012088
2024-08-21T00:00:00Z,AVAXUSDT,0.00003005
2024-08-21T08:00:00Z,AVAXUSDT,-0.0001308
2024-08-21T16:00:00Z,AVAXUSDT,-0.00007495
2024-08-22T00:00:00Z,AVAXUSDT,0.00004584
2024-08-22T08:00:00Z,AVAXUSDT,-0.0000518
2024-08-22T16:00:00Z,AVAXUSDT,-0.00001609
2024-08-23T00:00:00Z,AVAXUSDT,-0.00006059
2024-08-23T08:00:00Z,AVAXUSDT,-0.00015982
2024-08-23T16:00:00Z,AVAXUSDT,-0.00011634
2024-08-24T00:00:00Z,AVAXUSDT,-0.00006022
2024-08-24T08:00:00Z,AVAXUSDT,-0.00013732
2024-08-24T16:00:00Z,AVAXUSDT,0.0001
2024-08-25T00:00:00Z,AVAXUSDT,0.0001
2024-08-25T08:00:00Z,AVAXUSDT,0.0001
2024-08-25T16:00:00Z,AVAXUSDT,-0.00003345
2024-08-26T00:00:00Z,AVAXUSDT,-0.00007497
2024-08-26T08:00:00Z,AVAXUSDT,-0.00002993
2024-08-26T16:00:00Z,AVAXUSDT,-0.00006633
2024-08-27T00:00:00Z,AVAXUSDT,-0.00001157
2024-08-27T08:00:00Z,AVAXUSDT,0.00002553
2024-08-27T16:00:00Z,AVAXUSDT,0.0001
2024-08-28T00:00:00Z,AVAXUSDT,0.00002066
2024-08-28T08:00:00Z,AVAXUSDT,-0.00006246
2024-08-28T16:00:00Z,AVAXUSDT,-0.0000509
2024-08-29T00:00:00Z,AVAXUSDT,-0.00003462
2024-08-29T08:00:00Z,AVAXUSDT,0.00003664
2024-08-29T16:00:00Z,AVAXUSDT,-0.00015007
2024-08-30T00:00:00Z,AVAXUSDT,-0.00003399
2024-08-30T08:00:00Z,AVAXUSDT,-0.00006375
2024-08-30T16:00:00Z,AVAXUSDT,-0.00012409
2024-08-31T00:00:00Z,AVAXUSDT,0.00001484
2024-08-31T08:00:00Z,AVAXUSDT,-0.0001106
2024-08-31T16:00:00Z,AVAXUSDT,-0.00013299
2024-09-01T00:00:00Z,AVAXUSDT,-0.00012318
2024-09-01T08:00:00Z,AVAXUSDT,-0.00020975
2024-09-01T16:00:00Z,AVAXUSDT,-0.00014012
2024-09-02T00:00:00Z,AVAXUSDT,-0.00043753
2024-09-02T08:00:00Z,AVAXUSDT,-0.00023494
2024-09-02T16:00:00Z,AVAXUSDT,-0.00031073
2024-09-03T00:00:00Z,AVAXUSDT,-0.00011272
2024-09-03T08:00:00Z,AVAXUSDT,-0.00015306
2024-09-03T16:00:00Z,AVAXUSDT,-0.00016855
2024-09-04T00:00:00Z,AVAXUSDT,-0.00041418
2024-09-04T08:00:00Z,AVAXUSDT,-0.0002225
2024-09-04T16:00:00Z,AVAXUSDT,-0.00012145
2024-09-05T00:00:00Z,AVAXUSDT,-0.00019964
2024-09-05T08:00:00Z,AVAXUSDT,-0.00026093
2024-09-05T16:00:00Z,AVAXUSDT,-0.00024634
2024-09-06T00:00:00Z,AVAXUSDT,-0.00012461
2024-09-06T08:00:00Z,AVAXUSDT,-0.000159
2024-09-06T16:00:00Z,AVAXUSDT,-0.00008053
2024-09-07T00:00:00Z,AVAXUSDT,-0.00015956
2024-09-07T08:00:00Z,AVAXUSDT,-0.00012858
2024-09-07T16:00:00Z,AVAXUSDT,-0.00004626
2024-09-08T00:00:00Z,AVAXUSDT,-0.00007944
2024-09-08T08:00:00Z,AVAXUSDT,0.00007832
2024-09-08T16:00:00Z,AVAXUSDT,0.00004161
2024-09-09T00:00:00Z,AVAXUSDT,0.00002568
2024-09-09T08:00:00Z,AVAXUSDT,0.00008371
2024-09-09T16:00:00Z,AVAXUSDT,-0.00004305
2024-09-10T00:00:00Z,AVAXUSDT,-0.00003131
2024-09-10T08:00:00Z,AVAXUSDT,-0.00022241
2024-09-10T16:00:00Z,AVAXUSDT,-0.00003248
2024-09-11T00:00:00Z,AVAXUSDT,0.00006982
2024-09-11T08:00:00Z,AVAXUSDT,-0.00007354
2024-09-11T16:00:00Z,AVAXUSDT,-0.00012429
2024-09-12T00:00:00Z,AVAXUSDT,-0.00009963
2024-09-12T08:00:00Z,AVAXUSDT,-0.0002274
2024-09-12T16:00:00Z,AVAXUSDT,-0.00007077
2024-09-13T00:00:00Z,AVAXUSDT,0.00006177
2024-09-13T08:00:00Z,AVAXUSDT,0.0001
2024-09-13T16:00:00Z,AVAXUSDT,0.0001
2024-09-14T00:00:00Z,AVAXUSDT,0.0001
2024-09-14T08:00:00Z,AVAXUSDT,0.0001
2024-09-14T16:00:00Z,AVAXUSDT,0.0001
2024-09-15T00:00:00Z,AVAXUSDT,0.0001
2024-09-15T08:00:00Z,AVAXUSDT,0.0000671
2024-09-15T16:00:00Z,AVAXUSDT,0.00005386
2024-09-16T00:00:00Z,AVAXUSDT,-0.00000143
2024-09-16T08:00:00Z,AVAXUSDT,0.00001855
2024-09-16T16:00:00Z,AVAXUSDT,0.00009229
2024-09-17T00:00:00Z,AVAXUSDT,-0.00004418
2024-09-17T08:00:00Z,AVAXUSDT,0.0000323
2024-09-17T16:00:00Z,AVAXUSDT,0.0001
2024-09-18T00:00:00Z,AVAXUSDT,0.00005715
2024-09-18T08:00:00Z,AVAXUSDT,-0.00002169
2024-09-18T16:00:00Z,AVAXUSDT,-0.00017228
2024-09-19T00:00:00Z,AVAXUSDT,0.0001
2024-09-19T08:00:00Z,AVAXUSDT,0.0001
2024-09-19T16:00:00Z,AVAXUSDT,0.00007167
2024-09-20T00:00:00Z,AVAXUSDT,0.0001
2024-09-20T08:00:00Z,AVAXUSDT,-0.00000447
2024-09-20T16:00:00Z,AVAXUSDT,0.0000797
2024-09-21T00:00:00Z,AVAXUSDT,-0.00009727
2024-09-21T08:00:00Z,AVAXUSDT,-0.00018693
2024-09-21T16:00:00Z,AVAXUSDT,-0.00003295
2024-09-22T00:00:00Z,AVAXUSDT,-0.00004074
2024-09-22T08:00:00Z,AVAXUSDT,-0.00017765
2024-09-22T16:00:00Z,AVAXUSDT,-0.00002526
2024-09-23T00:00:00Z,AVAXUSDT,-0.00008566
2024-09-23T08:00:00Z,AVAXUSDT,-0.00008203
2024-09-23T16:00:00Z,AVAXUSDT,0.00003044
2024-09-24T00:00:00Z,AVAXUSDT,0.00003632
2024-09-24T08:00:00Z,AVAXUSDT,0.00008114
2024-09-24T16:00:00Z,AVAXUSDT,-0.00000205
2024-09-25T00:00:00Z,AVAXUSDT,0.0001
2024-09-25T08:00:00Z,AVAXUSDT,-0.00005557
2024-09-25T16:00:00Z,AVAXUSDT,0.00007443
2024-09-26T00:00:00Z,AVAXUSDT,-0.00014903
2024-09-26T08:00:00Z,AVAXUSDT,0.0001
2024-09-26T16:00:00Z,AVAXUSDT,0.0001
2024-09-27T00:00:00Z,AVAXUSDT,0.0001
2024-09-27T08:00:00Z,AVAXUSDT,0.0001
2024-09-27T16:00:00Z,AVAXUSDT,0.0001
2024-09-28T00:00:00Z,AVAXUSDT,0.0001
2024-09-28T08:00:00Z,AVAXUSDT,0.0001
2024-09-28T16:00:00Z,AVAXUSDT,0.0001
2024-09-29T00:00:00Z,AVAXUSDT,-0.00012858
2024-09-29T08:00:00Z,AVAXUSDT,-0.00005112
2024-09-29T16:00:00Z,AVAXUSDT,0.00000081
2024-09-30T00:00:00Z,AVAXUSDT,0.00006043
2024-09-30T08:00:00Z,AVAXUSDT,0.0001
2024-09-30T16:00:00Z,AVAXUSDT,0.0001
2024-10-01T00:00:00Z,AVAXUSDT,0.00008165
2024-10-01T08:00:00Z,AVAXUSDT,0.0001
2024-10-01T16:00:00Z,AVAXUSDT,0.0001
2024-10-02T00:00:00Z,AVAXUSDT,0.000028
2024-10-02T08:00:00Z,AVAXUSDT,-0.00000332
2024-10-02T16:00:00Z,AVAXUSDT,-0.00006575
2024-10-03T00:00:00Z,AVAXUSDT,-0.00000556
2024-10-03T08:00:00Z,AVAXUSDT,-0.00004161
2024-10-03T16:00:00Z,AVAXUSDT,-0.00021007
2024-10-04T00:00:00Z,AVAXUSDT,-0.0003042
2024-10-04T08:00:00Z,AVAXUSDT,-0.00017082
2024-10-04T16:00:00Z,AVAXUSDT,-0.00034163
2024-10-05T00:00:00Z,AVAXUSDT,-0.00002313
2024-10-05T08:00:00Z,AVAXUSDT,0.0001
2024-10-05T16:00:00Z,AVAXUSDT,-0.00005704
2024-10-06T00:00:00Z,AVAXUSDT,0.0000003
2024-10-06T08:00:00Z,AVAXUSDT,0.00007576
2024-10-06T16:00:00Z,AVAXUSDT,0.00007216
2024-10-07T00:00:00Z,AVAXUSDT,0.0001
2024-10-07T08:00:00Z,AVAXUSDT,-0.0000141
2024-10-07T16:00:00Z,AVAXUSDT,-0.00007121
2024-10-08T00:00:00Z,AVAXUSDT,0.00005753
2024-10-08T08:00:00Z,AVAXUSDT,-0.00007691
2024-10-08T16:00:00Z,AVAXUSDT,-0.00011105
2024-10-09T00:00:00Z,AVAXUSDT,-0.000042
2024-10-09T08:00:00Z,AVAXUSDT,-0.0001327
2024-10-09T16:00:00Z,AVAXUSDT,-0.00007862
2024-10-10T00:00:00Z,AVAXUSDT,0.00001734
2024-10-10T08:00:00Z,AVAXUSDT,-0.00000615
2024-10-10T16:00:00Z,AVAXUSDT,-0.00007041
2024-10-11T00:00:00Z,AVAXUSDT,-0.00009063
2024-10-11T08:00:00Z,AVAXUSDT,-0.0000156
2024-10-11T16:00:00Z,AVAXUSDT,0.00007083
2024-10-12T00:00:00Z,AVAXUSDT,0.0001
2024-10-12T08:00:00Z,AVAXUSDT,0.0001
2024-10-12T16:00:00Z,AVAXUSDT,0.0001
2024-10-13T00:00:00Z,AVAXUSDT,0.0001
2024-10-13T08:00:00Z,AVAXUSDT,0.0001
2024-10-13T16:00:00Z,AVAXUSDT,0.0001
2024-10-14T00:00:00Z,AVAXUSDT,0.0001
2024-10-14T08:00:00Z,AVAXUSDT,0.00008877
2024-10-14T16:00:00Z,AVAXUSDT,-0.00006722
2024-10-15T00:00:00Z,AVAXUSDT,0.00000493
2024-10-15T08:00:00Z,AVAXUSDT,0.0001
2024-10-15T16:00:00Z,AVAXUSDT,-0.00005
2024-10-16T00:00:00Z,AVAXUSDT,-0.00007089
2024-10-16T08:00:00Z,AVAXUSDT,-0.00009893
2024-10-16T16:00:00Z,AVAXUSDT,0.00009499
2024-10-17T00:00:00Z,AVAXUSDT,0.0000959
2024-10-17T08:00:00Z,AVAXUSDT,0.00003982
2024-10-17T16:00:00Z,AVAXUSDT,0.0000385
2024-10-18T00:00:00Z,AVAXUSDT,-0.00002605
2024-10-18T08:00:00Z,AVAXUSDT,0.00007956
2024-10-18T16:00:00Z,AVAXUSDT,0.00001662
2024-10-19T00:00:00Z,AVAXUSDT,0.0001
2024-10-19T08:00:00Z,AVAXUSDT,0.0001
2024-10-19T16:00:00Z,AVAXUSDT,0.0001
2024-10-20T00:00:00Z,AVAXUSDT,0.0001
2024-10-20T08:00:00Z,AVAXUSDT,0.0001
2024-10-20T16:00:00Z,AVAXUSDT,0.0001
2024-10-21T00:00:00Z,AVAXUSDT,0.0001
2024-10-21T08:00:00Z,AVAXUSDT,0.0001
2024-10-21T16:00:00Z,AVAXUSDT,0.0001
2024-10-22T00:00:00Z,AVAXUSDT,-0.00006194
2024-10-22T08:00:00Z,AVAXUSDT,0.0001
2024-10-22T16:00:00Z,AVAXUSDT,0.00004109
2024-10-23T00:00:00Z,AVAXUSDT,0.0001
2024-10-23T08:00:00Z,AVAXUSDT,0.00006608
2024-10-23T16:00:00Z,AVAXUSDT,-0.00009955
2024-10-24T00:00:00Z,AVAXUSDT,0.00005684
2024-10-24T08:00:00Z,AVAXUSDT,0.0001
2024-10-24T16:00:00Z,AVAXUSDT,0.0001
2024-10-25T00:00:00Z,AVAXUSDT,0.0001
2024-10-25T08:00:00Z,AVAXUSDT,-0.00005088
2024-10-25T16:00:00Z,AVAXUSDT,0.00002802
2024-10-26T00:00:00Z,AVAXUSDT,-0.00011885
2024-10-26T08:00:00Z,AVAXUSDT,-0.00015089
2024-10-26T16:00:00Z,AVAXUSDT,-0.00002384
2024-10-27T00:00:00Z,AVAXUSDT,-0.00009003
2024-10-27T08:00:00Z,AVAXUSDT,-0.00015557
2024-10-27T16:00:00Z,AVAXUSDT,-0.00001221
2024-10-28T00:00:00Z,AVAXUSDT,0.000007
2024-10-28T08:00:00Z,AVAXUSDT,-0.00005802
2024-10-28T16:00:00Z,AVAXUSDT,-0.00004764
2024-10-29T00:00:00Z,AVAXUSDT,0.00008556
2024-10-29T08:00:00Z,AVAXUSDT,0.0001
2024-10-29T16:00:00Z,AVAXUSDT,0.0001
2024-10-30T00:00:00Z,AVAXUSDT,0.0001
2024-10-30T08:00:00Z,AVAXUSDT,0.0001
2024-10-30T16:00:00Z,AVAXUSDT,0.0001
2024-10-31T00:00:00Z,AVAXUSDT,0.0001
2024-10-31T08:00:00Z,AVAXUSDT,-0.00006605
2024-10-31T16:00:00Z,AVAXUSDT,-0.00017322
2024-11-01T00:00:00Z,AVAXUSDT,-0.00023915
2024-11-01T08:00:00Z,AVAXUSDT,0.00004929
2024-11-01T16:00:00Z,AVAXUSDT,-0.00004661
2024-11-02T00:00:00Z,AVAXUSDT,0.00006707
2024-11-02T08:00:00Z,AVAXUSDT,0.0001
2024-11-02T16:00:00Z,AVAXUSDT,-0.00024254
2024-11-03T00:00:00Z,AVAXUSDT,-0.000326
2024-11-03T08:00:00Z,AVAXUSDT,-0.00017886
2024-11-03T16:00:00Z,AVAXUSDT,-0.00011432
2024-11-04T00:00:00Z,AVAXUSDT,-0.00011598
2024-11-04T08:00:00Z,AVAXUSDT,-0.00024571
2024-11-04T16:00:00Z,AVAXUSDT,-0.00002945
2024-11-05T00:00:00Z,AVAXUSDT,0.00001712
2024-11-05T08:00:00Z,AVAXUSDT,0.00000817
2024-11-05T16:00:00Z,AVAXUSDT,0.00001522
2024-11-06T00:00:00Z,AVAXUSDT,-0.00000062
2024-11-06T08:00:00Z,AVAXUSDT,0.0001
2024-11-06T16:00:00Z,AVAXUSDT,0.0001
2024-11-07T00:00:00Z,AVAXUSDT,0.0001
2024-11-07T08:00:00Z,AVAXUSDT,0.0001
2024-11-07T16:00:00Z,AVAXUSDT,0.0001
2024-11-08T00:00:00Z,AVAXUSDT,0.0001
2024-11-08T08:00:00Z,AVAXUSDT,0.0001
2024-11-08T16:00:00Z,AVAXUSDT,0.0001
2024-11-09T00:00:00Z,AVAXUSDT,0.0001
2024-11-09T08:00:00Z,AVAXUSDT,0.0001
2024-11-09T16:00:00Z,AVAXUSDT,0.0001
2024-11-10T00:00:00Z,AVAXUSDT,0.0001
2024-11-10T08:00:00Z,AVAXUSDT,0.00043601
2024-11-10T16:00:00Z,AVAXUSDT,0.00014398
2024-11-11T00:00:00Z,AVAXUSDT,0.0001
2024-11-11T08:00:00Z,AVAXUSDT,0.00011108
2024-11-11T16:00:00Z,AVAXUSDT,0.0001
2024-11-12T00:00:00Z,AVAXUSDT,0.00026711
2024-11-12T08:00:00Z,AVAXUSDT,0.00043461
2024-11-12T16:00:00Z,AVAXUSDT,0.0006029
2024-11-13T00:00:00Z,AVAXUSDT,0.00023771
2024-11-13T08:00:00Z,AVAXUSDT,0.0001
2024-11-13T16:00:00Z,AVAXUSDT,0.0001
2024-11-14T00:00:00Z,AVAXUSDT,0.0001
2024-11-14T08:00:00Z,AVAXUSDT,0.0001
2024-11-14T16:00:00Z,AVAXUSDT,0.0001
2024-11-15T00:00:00Z,AVAXUSDT,0.0001
2024-11-15T08:00:00Z,AVAXUSDT,0.0001
2024-11-15T16:00:00Z,AVAXUSDT,0.0001
2024-11-16T00:00:00Z,AVAXUSDT,0.0001
2024-11-16T08:00:00Z,AVAXUSDT,0.0001
2024-11-16T16:00:00Z,AVAXUSDT,0.00017231
2024-11-17T00:00:00Z,AVAXUSDT,0.0002037
2024-11-17T08:00:00Z,AVAXUSDT,0.0001
2024-11-17T16:00:00Z,AVAXUSDT,0.00025834
2024-11-18T00:00:00Z,AVAXUSDT,0.0001
2024-11-18T08:00:00Z,AVAXUSDT,0.00016967
2024-11-18T16:00:00Z,AVAXUSDT,0.0001
2024-11-19T00:00:00Z,AVAXUSDT,0.00028892
2024-11-19T08:00:00Z,AVAXUSDT,0.00037096
2024-11-19T16:00:00Z,AVAXUSDT,0.00020409
2024-11-20T00:00:00Z,AVAXUSDT,0.00010771
2024-11-20T08:00:00Z,AVAXUSDT,0.0001
2024-11-20T16:00:00Z,AVAXUSDT,0.0001
2024-11-21T00:00:00Z,AVAXUSDT,0.0001
2024-11-21T08:00:00Z,AVAXUSDT,0.0001
2024-11-21T16:00:00Z,AVAXUSDT,0.00010715
2024-11-22T00:00:00Z,AVAXUSDT,0.00051527
2024-11-22T08:00:00Z,AVAXUSDT,0.00029694
2024-11-22T16:00:00Z,AVAXUSDT,0.00030179
2024-11-23T00:00:00Z,AVAXUSDT,0.00018579
2024-11-23T08:00:00Z,AVAXUSDT,0.00037786
2024-11-23T16:00:00Z,AVAXUSDT,0.00036862
2024-11-24T00:00:00Z,AVAXUSDT,0.0001
2024-11-24T08:00:00Z,AVAXUSDT,0.00032633
2024-11-24T16:00:00Z,AVAXUSDT,0.00012856
2024-11-25T00:00:00Z,AVAXUSDT,0.0001
2024-11-25T08:00:00Z,AVAXUSDT,0.00019526
2024-11-25T16:00:00Z,AVAXUSDT,0.00028866
2024-11-26T00:00:00Z,AVAXUSDT,0.0001
2024-11-26T08:00:00Z,AVAXUSDT,0.0001
2024-11-26T16:00:00Z,AVAXUSDT,0.0001
2024-11-27T00:00:00Z,AVAXUSDT,0.0001
2024-11-27T08:00:00Z,AVAXUSDT,0.0001
2024-11-27T16:00:00Z,AVAXUSDT,0.0001
2024-11-28T00:00:00Z,AVAXUSDT,0.0001
2024-11-28T08:00:00Z,AVAXUSDT,0.0001
2024-11-28T16:00:00Z,AVAXUSDT,0.0001
2024-11-29T00:00:00Z,AVAXUSDT,0.0001
2024-11-29T08:00:00Z,AVAXUSDT,0.00018465
2024-11-29T16:00:00Z,AVAXUSDT,0.00016899
2024-11-30T00:00:00Z,AVAXUSDT,0.00022779
2024-11-30T08:00:00Z,AVAXUSDT,0.00027162
2024-11-30T16:00:00Z,AVAXUSDT,0.00036049
2024-12-01T00:00:00Z,AVAXUSDT,0.00023478
2024-12-01T08:00:00Z,AVAXUSDT,0.00014483
2024-12-01T16:00:00Z,AVAXUSDT,0.0001
2024-12-02T00:00:00Z,AVAXUSDT,0.00052826
2024-12-02T08:00:00Z,AVAXUSDT,0.00020801
2024-12-02T16:00:00Z,AVAXUSDT,0.00027518
2024-12-03T00:00:00Z,AVAXUSDT,0.00034369
2024-12-03T08:00:00Z,AVAXUSDT,0.00062418
2024-12-03T16:00:00Z,AVAXUSDT,0.00039792
2024-12-04T00:00:00Z,AVAXUSDT,0.00034834
2024-12-04T08:00:00Z,AVAXUSDT,0.00053502
2024-12-04T16:00:00Z,AVAXUSDT,0.00051088
2024-12-05T00:00:00Z,AVAXUSDT,0.00048688
2024-12-05T08:00:00Z,AVAXUSDT,0.00064343
2024-12-05T16:00:00Z,AVAXUSDT,0.00070395
2024-12-06T00:00:00Z,AVAXUSDT,0.00030307
2024-12-06T08:00:00Z,AVAXUSDT,0.00057513
2024-12-06T16:00:00Z,AVAXUSDT,0.00023723
2024-12-07T00:00:00Z,AVAXUSDT,0.00056202
2024-12-07T08:00:00Z,AVAXUSDT,0.00044072
2024-12-07T16:00:00Z,AVAXUSDT,0.00048981
2024-12-08T00:00:00Z,AVAXUSDT,0.00047638
2024-12-08T08:00:00Z,AVAXUSDT,0.00014964
2024-12-08T16:00:00Z,AVAXUSDT,0.00040643
2024-12-09T00:00:00Z,AVAXUSDT,0.00059464
2024-12-09T08:00:00Z,AVAXUSDT,0.00024372
2024-12-09T16:00:00Z,AVAXUSDT,0.0001
2024-12-10T00:00:00Z,AVAXUSDT,0.0001
2024-12-10T08:00:00Z,AVAXUSDT,0.0001
2024-12-10T16:00:00Z,AVAXUSDT,0.0001
2024-12-11T00:00:00Z,AVAXUSDT,0.0001
2024-12-11T08:00:00Z,AVAXUSDT,0.0001
2024-12-11T16:00:00Z,AVAXUSDT,0.0001
2024-12-12T00:00:00Z,AVAXUSDT,0.0001
2024-12-12T08:00:00Z,AVAXUSDT,0.0001
2024-12-12T16:00:00Z,AVAXUSDT,0.0001
2024-12-13T00:00:00Z,AVAXUSDT,0.0001
2024-12-13T08:00:00Z,AVAXUSDT,0.0001
2024-12-13T16:00:00Z,AVAXUSDT,0.0001
2024-12-14T00:00:00Z,AVAXUSDT,0.0001
2024-12-14T08:00:00Z,AVAXUSDT,0.0001
2024-12-14T16:00:00Z,AVAXUSDT,0.0001
2024-12-15T00:00:00Z,AVAXUSDT,0.0001
2024-12-15T08:00:00Z,AVAXUSDT,0.0001
2024-12-15T16:00:00Z,AVAXUSDT,0.0001
2024-12-16T00:00:00Z,AVAXUSDT,0.0001
2024-12-16T08:00:00Z,AVAXUSDT,0.0001
2024-12-16T16:00:00Z,AVAXUSDT,0.0001
2024-12-17T00:00:00Z,AVAXUSDT,0.0001
2024-12-17T08:00:00Z,AVAXUSDT,0.0001
2024-12-17T16:00:00Z,AVAXUSDT,0.0001
2024-12-18T00:00:00Z,AVAXUSDT,0.0001
2024-12-18T08:00:00Z,AVAXUSDT,0.0001
2024-12-18T16:00:00Z,AVAXUSDT,0.0001
2024-12-19T00:00:00Z,AVAXUSDT,0.0001
2024-12-19T08:00:00Z,AVAXUSDT,0.0001
2024-12-19T16:00:00Z,AVAXUSDT,0.0001
2024-12-20T00:00:00Z,AVAXUSDT,0.0001
2024-12-20T08:00:00Z,AVAXUSDT,0.0001
2024-12-20T16:00:00Z,AVAXUSDT,-0.00008126
2024-12-21T00:00:00Z,AVAXUSDT,0.00008212
2024-12-21T08:00:00Z,AVAXUSDT,0.00006989
2024-12-21T16:00:00Z,AVAXUSDT,0.0000799
2024-12-22T00:00:00Z,AVAXUSDT,0.00009414
2024-12-22T08:00:00Z,AVAXUSDT,0.0001
2024-12-22T16:00:00Z,AVAXUSDT,0.00008109
2024-12-23T00:00:00Z,AVAXUSDT,0.0001
2024-12-23T08:00:00Z,AVAXUSDT,0.00008551
2024-12-23T16:00:00Z,AVAXUSDT,-0.00003182
2024-12-24T00:00:00Z,AVAXUSDT,0.0001
2024-12-24T08:00:00Z,AVAXUSDT,0.00005307
2024-12-24T16:00:00Z,AVAXUSDT,-0.00003132
2024-12-25T00:00:00Z,AVAXUSDT,0.0000401
2024-12-25T08:00:00Z,AVAXUSDT,0.00009276
2024-12-25T16:00:00Z,AVAXUSDT,0.00000857
2024-12-26T00:00:00Z,AVAXUSDT,0.00001672
2024-12-26T08:00:00Z,AVAXUSDT,0.0001
2024-12-26T16:00:00Z,AVAXUSDT,0.00002715
2024-12-27T00:00:00Z,AVAXUSDT,0.00005336
2024-12-27T08:00:00Z,AVAXUSDT,0.00002715
2024-12-27T16:00:00Z,AVAXUSDT,-0.00000883
2024-12-28T00:00:00Z,AVAXUSDT,0.0001
2024-12-28T08:00:00Z,AVAXUSDT,0.0001
2024-12-28T16:00:00Z,AVAXUSDT,0.0001
2024-12-29T00:00:00Z,AVAXUSDT,0.0001
2024-12-29T08:00:00Z,AVAXUSDT,0.0001
2024-12-29T16:00:00Z,AVAXUSDT,0.00003863
2024-12-30T00:00:00Z,AVAXUSDT,-0.0000012
2024-12-30T08:00:00Z,AVAXUSDT,0.00009541
2024-12-30T16:00:00Z,AVAXUSDT,0.0001
2024-12-31T00:00:00Z,AVAXUSDT,0.0000788
2024-12-31T08:00:00Z,AVAXUSDT,0.00002239
2024-12-31T16:00:00Z,AVAXUSDT,0.00008043
2025-01-01T00:00:00Z,AVAXUSDT,0.0001
2025-01-01T08:00:00Z,AVAXUSDT,0.00006232
2025-01-01T16:00:00Z,AVAXUSDT,0.0001
2025-01-02T00:00:00Z,AVAXUSDT,0.0001
2025-01-02T08:00:00Z,AVAXUSDT,0.0001
2025-01-02T16:00:00Z,AVAXUSDT,0.0001
2025-01-03T00:00:00Z,AVAXUSDT,0.0001
2025-01-03T08:00:00Z,AVAXUSDT,0.0001
2025-01-03T16:00:00Z,AVAXUSDT,0.0001
2025-01-04T00:00:00Z,AVAXUSDT,0.0001
2025-01-04T08:00:00Z,AVAXUSDT,0.0001
2025-01-04T16:00:00Z,AVAXUSDT,0.0001
2025-01-05T00:00:00Z,AVAXUSDT,0.0001
2025-01-05T08:00:00Z,AVAXUSDT,0.0001
2025-01-05T16:00:00Z,AVAXUSDT,0.0001
2025-01-06T00:00:00Z,AVAXUSDT,0.0001
2025-01-06T08:00:00Z,AVAXUSDT,0.0001
2025-01-06T16:00:00Z,AVAXUSDT,0.0001
2025-01-07T00:00:00Z,AVAXUSDT,0.0001
2025-01-07T08:00:00Z,AVAXUSDT,0.0001
2025-01-07T16:00:00Z,AVAXUSDT,0.0001
2025-01-08T00:00:00Z,AVAXUSDT,0.0001
2025-01-08T08:00:00Z,AVAXUSDT,0.00008133
2025-01-08T16:00:00Z,AVAXUSDT,0.0001
2025-01-09T00:00:00Z,AVAXUSDT,0.00008435
2025-01-09T08:00:00Z,AVAXUSDT,0.00004045
2025-01-09T16:00:00Z,AVAXUSDT,0.00001441
2025-01-10T00:00:00Z,AVAXUSDT,0.00001726
2025-01-10T08:00:00Z,AVAXUSDT,0.00009476
2025-01-10T16:00:00Z,AVAXUSDT,0.0001
2025-01-11T00:00:00Z,AVAXUSDT,0.00005827
2025-01-11T08:00:00Z,AVAXUSDT,-0.0000213
2025-01-11T16:00:00Z,AVAXUSDT,0.00001145
2025-01-12T00:00:00Z,AVAXUSDT,0.00006561
2025-01-12T08:00:00Z,AVAXUSDT,0.0001
2025-01-12T16:00:00Z,AVAXUSDT,0.0001
2025-01-13T00:00:00Z,AVAXUSDT,0.00005679
2025-01-13T08:00:00Z,AVAXUSDT,-0.00004387
2025-01-13T16:00:00Z,AVAXUSDT,-0.00004829
2025-01-14T00:00:00Z,AVAXUSDT,0.00002299
2025-01-14T08:00:00Z,AVAXUSDT,0.0001
2025-01-14T16:00:00Z,AVAXUSDT,0.00001889
2025-01-15T00:00:00Z,AVAXUSDT,0.0000773
2025-01-15T08:00:00Z,AVAXUSDT,0.0001
2025-01-15T16:00:00Z,AVAXUSDT,0.0001
2025-01-16T00:00:00Z,AVAXUSDT,0.0001
2025-01-16T08:00:00Z,AVAXUSDT,0.00001862
2025-01-16T16:00:00Z,AVAXUSDT,0.0001
2025-01-17T00:00:00Z,AVAXUSDT,0.0001
2025-01-17T08:00:00Z,AVAXUSDT,0.0001
2025-01-17T16:00:00Z,AVAXUSDT,0.0001
2025-01-18T00:00:00Z,AVAXUSDT,0.0001
2025-01-18T08:00:00Z,AVAXUSDT,0.0001
2025-01-18T16:00:00Z,AVAXUSDT,0.0001
2025-01-19T00:00:00Z,AVAXUSDT,0.0001
2025-01-19T08:00:00Z,AVAXUSDT,0.0001
2025-01-19T16:00:00Z,AVAXUSDT,0.0001
2025-01-20T00:00:00Z,AVAXUSDT,0.0001
2025-01-20T08:00:00Z,AVAXUSDT,0.0001
2025-01-20T16:00:00Z,AVAXUSDT,0.0001
2025-01-21T00:00:00Z,AVAXUSDT,0.0001
2025-01-21T08:00:00Z,AVAXUSDT,0.0001
2025-01-21T16:00:00Z,AVAXUSDT,0.0001
2025-01-22T00:00:00Z,AVAXUSDT,0.0001
2025-01-22T08:00:00Z,AVAXUSDT,0.0001
2025-01-22T16:00:00Z,AVAXUSDT,0.0001
2025-01-23T00:00:00Z,AVAXUSDT,0.0001
2025-01-23T08:00:00Z,AVAXUSDT,0.0001
2025-01-23T16:00:00Z,AVAXUSDT,0.0001
2025-01-24T00:00:00Z,AVAXUSDT,0.0001
2025-01-24T08:00:00Z,AVAXUSDT,0.0001
2025-01-24T16:00:00Z,AVAXUSDT,0.0001
2025-01-25T00:00:00Z,AVAXUSDT,-0.00005526
2025-01-25T08:00:00Z,AVAXUSDT,0.0001
2025-01-25T16:00:00Z,AVAXUSDT,0.00009983
2025-01-26T00:00:00Z,AVAXUSDT,0.0001
2025-01-26T08:00:00Z,AVAXUSDT,0.0001
2025-01-26T16:00:00Z,AVAXUSDT,0.0001
2025-01-27T00:00:00Z,AVAXUSDT,0.00001533
2025-01-27T08:00:00Z,AVAXUSDT,-0.00020644
2025-01-27T16:00:00Z,AVAXUSDT,-0.00010709
2025-01-28T00:00:00Z,AVAXUSDT,-0.00005232
2025-01-28T08:00:00Z,AVAXUSDT,0.00003739
2025-01-28T16:00:00Z,AVAXUSDT,0.00006741
2025-01-29T00:00:00Z,AVAXUSDT,-0.00014662
2025-01-29T08:00:00Z,AVAXUSDT,0.00006777
2025-01-29T16:00:00Z,AVAXUSDT,0.00001518
2025-01-30T00:00:00Z,AVAXUSDT,-0.00002225
2025-01-30T08:00:00Z,AVAXUSDT,0.0001
2025-01-30T16:00:00Z,AVAXUSDT,0.0001
2025-01-31T00:00:00Z,AVAXUSDT,0.00008549
2025-01-31T08:00:00Z,AVAXUSDT,0.0001
2025-01-31T16:00:00Z,AVAXUSDT,0.0001
2025-02-01T00:00:00Z,AVAXUSDT,0.0001
2025-02-01T08:00:00Z,AVAXUSDT,0.0001
2025-02-01T16:00:00Z,AVAXUSDT,0.00008889
2025-02-02T00:00:00Z,AVAXUSDT,-0.00014919
2025-02-02T08:00:00Z,AVAXUSDT,-0.00005179
2025-02-02T16:00:00Z,AVAXUSDT,-0.00014967
2025-02-03T00:00:00Z,AVAXUSDT,-0.00007875
2025-02-03T08:00:00Z,AVAXUSDT,-0.00036682
2025-02-03T16:00:00Z,AVAXUSDT,-0.00042854
2025-02-04T00:00:00Z,AVAXUSDT,-0.00011983
2025-02-04T08:00:00Z,AVAXUSDT,-0.00008552
2025-02-04T16:00:00Z,AVAXUSDT,-0.00011511
2025-02-05T00:00:00Z,AVAXUSDT,-0.00006484
2025-02-05T08:00:00Z,AVAXUSDT,0.00002065
2025-02-05T16:00:00Z,AVAXUSDT,0.00002964
2025-02-06T00:00:00Z,AVAXUSDT,0.0000133
2025-02-06T08:00:00Z,AVAXUSDT,0.00007817
2025-02-06T16:00:00Z,AVAXUSDT,-0.00001485
2025-02-07T00:00:00Z,AVAXUSDT,0.00000142
2025-02-07T08:00:00Z,AVAXUSDT,0.00001005
2025-02-07T16:00:00Z,AVAXUSDT,0.00005032
2025-02-08T00:00:00Z,AVAXUSDT,-0.00005086
2025-02-08T08:00:00Z,AVAXUSDT,0.00003749
2025-02-08T16:00:00Z,AVAXUSDT,0.00003664
2025-02-09T00:00:00Z,AVAXUSDT,0.0001
2025-02-09T08:00:00Z,AVAXUSDT,0.0000534
2025-02-09T16:00:00Z,AVAXUSDT,0.0001
2025-02-10T00:00:00Z,AVAXUSDT,0.00002187
2025-02-10T08:00:00Z,AVAXUSDT,0.00008601
2025-02-10T16:00:00Z,AVAXUSDT,0.00003252
2025-02-11T00:00:00Z,AVAXUSDT,0.00004021
2025-02-11T08:00:00Z,AVAXUSDT,0.00004047
2025-02-11T16:00:00Z,AVAXUSDT,-0.00001764
2025-02-12T00:00:00Z,AVAXUSDT,-0.00006413
2025-02-12T08:00:00Z,AVAXUSDT,-0.0001514
2025-02-12T16:00:00Z,AVAXUSDT,0.0001
2025-02-13T00:00:00Z,AVAXUSDT,0.0001
2025-02-13T08:00:00Z,AVAXUSDT,0.00007484
2025-02-13T16:00:00Z,AVAXUSDT,-0.00004756
2025-02-14T00:00:00Z,AVAXUSDT,-0.00004571
2025-02-14T08:00:00Z,AVAXUSDT,0.0001
2025-02-14T16:00:00Z,AVAXUSDT,0.0001
2025-02-15T00:00:00Z,AVAXUSDT,0.0001
2025-02-15T08:00:00Z,AVAXUSDT,0.0001
2025-02-15T16:00:00Z,AVAXUSDT,-0.00001033
2025-02-16T00:00:00Z,AVAXUSDT,-0.00014193
2025-02-16T08:00:00Z,AVAXUSDT,-0.00016628
2025-02-16T16:00:00Z,AVAXUSDT,-0.00000143
2025-02-17T00:00:00Z,AVAXUSDT,-0.00009427
2025-02-17T08:00:00Z,AVAXUSDT,-0.00001394
2025-02-17T16:00:00Z,AVAXUSDT,0.000052
2025-02-18T00:00:00Z,AVAXUSDT,0.0000018
2025-02-18T08:00:00Z,AVAXUSDT,-0.00019924
2025-02-18T16:00:00Z,AVAXUSDT,-0.00020879
2025-02-19T00:00:00Z,AVAXUSDT,-0.00010661
2025-02-19T08:00:00Z,AVAXUSDT,-0.000018
2025-02-19T16:00:00Z,AVAXUSDT,0.00003469
2025-02-20T00:00:00Z,AVAXUSDT,0.00006978
2025-02-20T08:00:00Z,AVAXUSDT,0.00005236
2025-02-20T16:00:00Z,AVAXUSDT,0.0001
2025-02-21T00:00:00Z,AVAXUSDT,0.0000432
2025-02-21T08:00:00Z,AVAXUSDT,0.0001
2025-02-21T16:00:00Z,AVAXUSDT,0.0001
2025-02-22T00:00:00Z,AVAXUSDT,0.0005857
2025-02-22T08:00:00Z,AVAXUSDT,0.00057288
2025-02-22T16:00:00Z,AVAXUSDT,0.0001
2025-02-23T00:00:00Z,AVAXUSDT,0.0001
2025-02-23T08:00:00Z,AVAXUSDT,0.0001
2025-02-23T16:00:00Z,AVAXUSDT,0.0001
2025-02-24T00:00:00Z,AVAXUSDT,0.0001
2025-02-24T08:00:00Z,AVAXUSDT,0.0001
2025-02-24T16:00:00Z,AVAXUSDT,0.0001
2025-02-25T00:00:00Z,AVAXUSDT,-0.00012174
2025-02-25T08:00:00Z,AVAXUSDT,-0.00002603
2025-02-25T16:00:00Z,AVAXUSDT,-0.00003045
2025-02-26T00:00:00Z,AVAXUSDT,0.0001
2025-02-26T08:00:00Z,AVAXUSDT,0.0001
2025-02-26T16:00:00Z,AVAXUSDT,0.00007592
2025-02-27T00:00:00Z,AVAXUSDT,0.0001
2025-02-27T08:00:00Z,AVAXUSDT,0.0001
2025-02-27T16:00:00Z,AVAXUSDT,0.0001
2025-02-28T00:00:00Z,AVAXUSDT,0.0001
2025-02-28T08:00:00Z,AVAXUSDT,0.0001
2025-02-28T16:00:00Z,AVAXUSDT,0.00009459
2025-03-01T00:00:00Z,AVAXUSDT,0.0001
2025-03-01T08:00:00Z,AVAXUSDT,0.0001
2025-03-01T16:00:00Z,AVAXUSDT,0.00008415
2025-03-02T00:00:00Z,AVAXUSDT,0.0001
2025-03-02T08:00:00Z,AVAXUSDT,0.0001
2025-03-02T16:00:00Z,AVAXUSDT,0.0001
2025-03-03T00:00:00Z,AVAXUSDT,0.0001
2025-03-03T08:00:00Z,AVAXUSDT,0.0001
2025-03-03T16:00:00Z,AVAXUSDT,0.0001
2025-03-04T00:00:00Z,AVAXUSDT,-0.00006289
2025-03-04T08:00:00Z,AVAXUSDT,-0.00018108
2025-03-04T16:00:00Z,AVAXUSDT,-0.00027257
2025-03-05T00:00:00Z,AVAXUSDT,0.00004835
2025-03-05T08:00:00Z,AVAXUSDT,-0.00002447
2025-03-05T16:00:00Z,AVAXUSDT,0.00003626
2025-03-06T00:00:00Z,AVAXUSDT,0.0001
2025-03-06T08:00:00Z,AVAXUSDT,0.0001
2025-03-06T16:00:00Z,AVAXUSDT,0.0001
2025-03-07T00:00:00Z,AVAXUSDT,0.00006243
2025-03-07T08:00:00Z,AVAXUSDT,0.0001
2025-03-07T16:00:00Z,AVAXUSDT,0.00008192
2025-03-08T00:00:00Z,AVAXUSDT,0.00006857
2025-03-08T08:00:00Z,AVAXUSDT,0.00000956
2025-03-08T16:00:00Z,AVAXUSDT,-0.00010929
2025-03-09T00:00:00Z,AVAXUSDT,-0.00004338
2025-03-09T08:00:00Z,AVAXUSDT,-0.00003144
2025-03-09T16:00:00Z,AVAXUSDT,-0.00030946
2025-03-10T00:00:00Z,AVAXUSDT,-0.00027735
2025-03-10T08:00:00Z,AVAXUSDT,-0.0002312
2025-03-10T16:00:00Z,AVAXUSDT,-0.000019
2025-03-11T00:00:00Z,AVAXUSDT,0.0000341
2025-03-11T08:00:00Z,AVAXUSDT,-0.00003769
2025-03-11T16:00:00Z,AVAXUSDT,0.00003172
2025-03-12T00:00:00Z,AVAXUSDT,0.00008343
2025-03-12T08:00:00Z,AVAXUSDT,-0.00008473
2025-03-12T16:00:00Z,AVAXUSDT,-0.00000443
2025-03-13T00:00:00Z,AVAXUSDT,-0.00001326
2025-03-13T08:00:00Z,AVAXUSDT,0.0000099
2025-03-13T16:00:00Z,AVAXUSDT,0.00001568
2025-03-14T00:00:00Z,AVAXUSDT,0.0001
2025-03-14T08:00:00Z,AVAXUSDT,0.00006939
2025-03-14T16:00:00Z,AVAXUSDT,0.0001
2025-03-15T00:00:00Z,AVAXUSDT,-0.0000015
2025-03-15T08:00:00Z,AVAXUSDT,-0.00001714
2025-03-15T16:00:00Z,AVAXUSDT,-0.00006227
2025-03-16T00:00:00Z,AVAXUSDT,0.0001
2025-03-16T08:00:00Z,AVAXUSDT,0.0001
2025-03-16T16:00:00Z,AVAXUSDT,-0.00013938
2025-03-17T00:00:00Z,AVAXUSDT,-0.0001734
2025-03-17T08:00:00Z,AVAXUSDT,-0.00011601
2025-03-17T16:00:00Z,AVAXUSDT,-0.00021961
2025-03-18T00:00:00Z,AVAXUSDT,0.00006189
2025-03-18T08:00:00Z,AVAXUSDT,0.00005629
2025-03-18T16:00:00Z,AVAXUSDT,-0.00004641
2025-03-19T00:00:00Z,AVAXUSDT,0.00008778
2025-03-19T08:00:00Z,AVAXUSDT,0.0001
2025-03-19T16:00:00Z,AVAXUSDT,0.0001
2025-03-20T00:00:00Z,AVAXUSDT,0.0001
2025-03-20T08:00:00Z,AVAXUSDT,-0.00002503
2025-03-20T16:00:00Z,AVAXUSDT,-0.0000913
2025-03-21T00:00:00Z,AVAXUSDT,-0.00004271
2025-03-21T08:00:00Z,AVAXUSDT,0.0001
2025-03-21T16:00:00Z,AVAXUSDT,-0.00013484
2025-03-22T00:00:00Z,AVAXUSDT,0.0001
2025-03-22T08:00:00Z,AVAXUSDT,0.00009647
2025-03-22T16:00:00Z,AVAXUSDT,0.00009242
2025-03-23T00:00:00Z,AVAXUSDT,0.0001
2025-03-23T08:00:00Z,AVAXUSDT,0.0001
2025-03-23T16:00:00Z,AVAXUSDT,0.00005611
2025-03-24T00:00:00Z,AVAXUSDT,0.0001
2025-03-24T08:00:00Z,AVAXUSDT,0.0001
2025-03-24T16:00:00Z,AVAXUSDT,0.0001
2025-03-25T00:00:00Z,AVAXUSDT,-0.00003578
2025-03-25T08:00:00Z,AVAXUSDT,0.00004974
2025-03-25T16:00:00Z,AVAXUSDT,-0.00003855
2025-03-26T00:00:00Z,AVAXUSDT,-0.00002217
2025-03-26T08:00:00Z,AVAXUSDT,0.00003803
2025-03-26T16:00:00Z,AVAXUSDT,-0.00006212
2025-03-27T00:00:00Z,AVAXUSDT,0.0001
2025-03-27T08:00:00Z,AVAXUSDT,0.00001419
2025-03-27T16:00:00Z,AVAXUSDT,-0.00001591
2025-03-28T00:00:00Z,AVAXUSDT,-0.00012379
2025-03-28T08:00:00Z,AVAXUSDT,0.0000388
2025-03-28T16:00:00Z,AVAXUSDT,-0.00002762
2025-03-29T00:00:00Z,AVAXUSDT,-0.00015165
2025-03-29T08:00:00Z,AVAXUSDT,-0.00003387
2025-03-29T16:00:00Z,AVAXUSDT,-0.0001079
2025-03-30T00:00:00Z,AVAXUSDT,-0.00021999
2025-03-30T08:00:00Z,AVAXUSDT,-0.00018133
2025-03-30T16:00:00Z,AVAXUSDT,-0.0001782
2025-03-31T00:00:00Z,AVAXUSDT,-0.0001981
2025-03-31T08:00:00Z,AVAXUSDT,-0.00007885
2025-03-31T16:00:00Z,AVAXUSDT,-0.00011246
2025-04-01T00:00:00Z,AVAXUSDT,-0.00010709
2025-04-01T08:00:00Z,AVAXUSDT,-0.00011243
2025-04-01T16:00:00Z,AVAXUSDT,-0.00005965
2025-04-02T00:00:00Z,AVAXUSDT,-0.00004848
2025-04-02T08:00:00Z,AVAXUSDT,0.00002834
2025-04-02T16:00:00Z,AVAXUSDT,-0.00003218
2025-04-03T00:00:00Z,AVAXUSDT,-0.00004615
2025-04-03T08:00:00Z,AVAXUSDT,0.00001407
2025-04-03T16:00:00Z,AVAXUSDT,-0.00008078
2025-04-04T00:00:00Z,AVAXUSDT,0.00002145
2025-04-04T08:00:00Z,AVAXUSDT,0.00003803
2025-04-04T16:00:00Z,AVAXUSDT,-0.00006886
2025-04-05T00:00:00Z,AVAXUSDT,-0.00003102
2025-04-05T08:00:00Z,AVAXUSDT,-0.00003256
2025-04-05T16:00:00Z,AVAXUSDT,0.00000141
2025-04-06T00:00:00Z,AVAXUSDT,0.0001
2025-04-06T08:00:00Z,AVAXUSDT,-0.00017666
2025-04-06T16:00:00Z,AVAXUSDT,-0.00011718
2025-04-07T00:00:00Z,AVAXUSDT,-0.00009401
2025-04-07T08:00:00Z,AVAXUSDT,-0.00000939
2025-04-07T16:00:00Z,AVAXUSDT,-0.00012014
2025-04-08T00:00:00Z,AVAXUSDT,-0.00011411
2025-04-08T08:00:00Z,AVAXUSDT,-0.00023398
2025-04-08T16:00:00Z,AVAXUSDT,-0.00022665
2025-04-09T00:00:00Z,AVAXUSDT,-0.00014279
2025-04-09T08:00:00Z,AVAXUSDT,-0.00021819
2025-04-09T16:00:00Z,AVAXUSDT,-0.00009141
2025-04-10T00:00:00Z,AVAXUSDT,-0.0000176
2025-04-10T08:00:00Z,AVAXUSDT,-0.00011614
2025-04-10T16:00:00Z,AVAXUSDT,-0.00007894
2025-04-11T00:00:00Z,AVAXUSDT,-0.00005747
2025-04-11T08:00:00Z,AVAXUSDT,0.00000628
2025-04-11T16:00:00Z,AVAXUSDT,-0.00008919
2025-04-12T00:00:00Z,AVAXUSDT,-0.00001433
2025-04-12T08:00:00Z,AVAXUSDT,-0.00000853
2025-04-12T16:00:00Z,AVAXUSDT,-0.00023012
2025-04-13T00:00:00Z,AVAXUSDT,-0.00001748
2025-04-13T08:00:00Z,AVAXUSDT,-0.00019338
2025-04-13T16:00:00Z,AVAXUSDT,-0.00017414
2025-04-14T00:00:00Z,AVAXUSDT,-0.00009701
2025-04-14T08:00:00Z,AVAXUSDT,-0.00020442
2025-04-14T16:00:00Z,AVAXUSDT,-0.00011586
2025-04-15T00:00:00Z,AVAXUSDT,-0.00000757
2025-04-15T08:00:00Z,AVAXUSDT,-0.00009749
2025-04-15T16:00:00Z,AVAXUSDT,-0.00019129
2025-04-16T00:00:00Z,AVAXUSDT,-0.00000454
2025-04-16T08:00:00Z,AVAXUSDT,-0.00009217
2025-04-16T16:00:00Z,AVAXUSDT,-0.00010611
2025-04-17T00:00:00Z,AVAXUSDT,-0.0000653
2025-04-17T08:00:00Z,AVAXUSDT,0.0001
2025-04-17T16:00:00Z,AVAXUSDT,0.00007335
2025-04-18T00:00:00Z,AVAXUSDT,0.0000466
2025-04-18T08:00:00Z,AVAXUSDT,0.00006101
2025-04-18T16:00:00Z,AVAXUSDT,0.00001344
2025-04-19T00:00:00Z,AVAXUSDT,0.0001
2025-04-19T08:00:00Z,AVAXUSDT,0.0000309
2025-04-19T16:00:00Z,AVAXUSDT,0.00008587
2025-04-20T00:00:00Z,AVAXUSDT,0.0001
2025-04-20T08:00:00Z,AVAXUSDT,0.00008111
2025-04-20T16:00:00Z,AVAXUSDT,-0.00006458
2025-04-21T00:00:00Z,AVAXUSDT,-0.00001111
2025-04-21T08:00:00Z,AVAXUSDT,0.0001
2025-04-21T16:00:00Z,AVAXUSDT,0.0001
2025-04-22T00:00:00Z,AVAXUSDT,0.0001
2025-04-22T08:00:00Z,AVAXUSDT,0.00004505
2025-04-22T16:00:00Z,AVAXUSDT,0.0001
2025-04-23T00:00:00Z,AVAXUSDT,0.0001
2025-04-23T08:00:00Z,AVAXUSDT,0.0001
2025-04-23T16:00:00Z,AVAXUSDT,0.0001
2025-04-24T00:00:00Z,AVAXUSDT,0.0001
2025-04-24T08:00:00Z,AVAXUSDT,0.0001
2025-04-24T16:00:00Z,AVAXUSDT,0.0001
2025-04-25T00:00:00Z,AVAXUSDT,0.0001
2025-04-25T08:00:00Z,AVAXUSDT,0.0001
2025-04-25T16:00:00Z,AVAXUSDT,0.0000875
2025-04-26T00:00:00Z,AVAXUSDT,0.00007668
2025-04-26T08:00:00Z,AVAXUSDT,-0.00000273
2025-04-26T16:00:00Z,AVAXUSDT,-0.00006587
2025-04-27T00:00:00Z,AVAXUSDT,0.00007729
2025-04-27T08:00:00Z,AVAXUSDT,0.00008538
2025-04-27T16:00:00Z,AVAXUSDT,-0.00007264
2025-04-28T00:00:00Z,AVAXUSDT,-0.00003444
2025-04-28T08:00:00Z,AVAXUSDT,0.00008237
2025-04-28T16:00:00Z,AVAXUSDT,-0.00004184
2025-04-29T00:00:00Z,AVAXUSDT,0.0001
2025-04-29T08:00:00Z,AVAXUSDT,0.0001
2025-04-29T16:00:00Z,AVAXUSDT,0.0001
2025-04-30T00:00:00Z,AVAXUSDT,0.00000552
2025-04-30T08:00:00Z,AVAXUSDT,-0.00001395
2025-04-30T16:00:00Z,AVAXUSDT,-0.00008178
2025-05-01T00:00:00Z,AVAXUSDT,-0.00009507
2025-05-01T08:00:00Z,AVAXUSDT,-0.00002241
2025-05-01T16:00:00Z,AVAXUSDT,0.00002374
2025-05-02T00:00:00Z,AVAXUSDT,0.0001
2025-05-02T08:00:00Z,AVAXUSDT,0.00001334
2025-05-02T16:00:00Z,AVAXUSDT,-0.00001162
2025-05-03T00:00:00Z,AVAXUSDT,-0.00014416
2025-05-03T08:00:00Z,AVAXUSDT,-0.00012852
2025-05-03T16:00:00Z,AVAXUSDT,-0.00005637
2025-05-04T00:00:00Z,AVAXUSDT,-0.00000755
2025-05-04T08:00:00Z,AVAXUSDT,-0.00014077
2025-05-04T16:00:00Z,AVAXUSDT,-0.00014287
2025-05-05T00:00:00Z,AVAXUSDT,-0.00009676
2025-05-05T08:00:00Z,AVAXUSDT,0.0001
2025-05-05T16:00:00Z,AVAXUSDT,-0.00004747
2025-05-06T00:00:00Z,AVAXUSDT,-0.00006023
2025-05-06T08:00:00Z,AVAXUSDT,-0.00002024
2025-05-06T16:00:00Z,AVAXUSDT,0.00001352
2025-05-07T00:00:00Z,AVAXUSDT,0.00005995
2025-05-07T08:00:00Z,AVAXUSDT,-0.00001028
2025-05-07T16:00:00Z,AVAXUSDT,-0.00011163
2025-05-08T00:00:00Z,AVAXUSDT,0.00001687
2025-05-08T08:00:00Z,AVAXUSDT,0.0001
2025-05-08T16:00:00Z,AVAXUSDT,0.0001
2025-05-09T00:00:00Z,AVAXUSDT,0.0001
2025-05-09T08:00:00Z,AVAXUSDT,0.0001
2025-05-09T16:00:00Z,AVAXUSDT,0.0001
2025-05-10T00:00:00Z,AVAXUSDT,0.0001
2025-05-10T08:00:00Z,AVAXUSDT,0.0001
2025-05-10T16:00:00Z,AVAXUSDT,0.0001
2025-05-11T00:00:00Z,AVAXUSDT,0.0001
2025-05-11T08:00:00Z,AVAXUSDT,0.0001
2025-05-11T16:00:00Z,AVAXUSDT,0.0001
2025-05-12T00:00:00Z,AVAXUSDT,0.0001
2025-05-12T08:00:00Z,AVAXUSDT,0.0001
2025-05-12T16:00:00Z,AVAXUSDT,0.0001
2025-05-13T00:00:00Z,AVAXUSDT,0.0001
2025-05-13T08:00:00Z,AVAXUSDT,0.0001
2025-05-13T16:00:00Z,AVAXUSDT,0.0001
2025-05-14T00:00:00Z,AVAXUSDT,0.0001
2025-05-14T08:00:00Z,AVAXUSDT,0.0001
2025-05-14T16:00:00Z,AVAXUSDT,0.0001
2025-05-15T00:00:00Z,AVAXUSDT,0.0001
2025-05-15T08:00:00Z,AVAXUSDT,0.00008047
2025-05-15T16:00:00Z,AVAXUSDT,0.00006155
2025-05-16T00:00:00Z,AVAXUSDT,0.00000776
2025-05-16T08:00:00Z,AVAXUSDT,0.00007002
2025-05-16T16:00:00Z,AVAXUSDT,0.00007577
2025-05-17T00:00:00Z,AVAXUSDT,0.00006947
2025-05-17T08:00:00Z,AVAXUSDT,0.00007227
2025-05-17T16:00:00Z,AVAXUSDT,0.00003823
2025-05-18T00:00:00Z,AVAXUSDT,0.0000683
2025-05-18T08:00:00Z,AVAXUSDT,-0.00006636
2025-05-18T16:00:00Z,AVAXUSDT,-0.00000838
2025-05-19T00:00:00Z,AVAXUSDT,-0.00006959
2025-05-19T08:00:00Z,AVAXUSDT,-0.00005447
2025-05-19T16:00:00Z,AVAXUSDT,-0.00000742
2025-05-20T00:00:00Z,AVAXUSDT,0.0001
2025-05-20T08:00:00Z,AVAXUSDT,0.00003814
2025-05-20T16:00:00Z,AVAXUSDT,0.00006803
2025-05-21T00:00:00Z,AVAXUSDT,0.0001
2025-05-21T08:00:00Z,AVAXUSDT,0.0001
2025-05-21T16:00:00Z,AVAXUSDT,0.0001
2025-05-22T00:00:00Z,AVAXUSDT,0.00008133
2025-05-22T08:00:00Z,AVAXUSDT,0.0001
2025-05-22T16:00:00Z,AVAXUSDT,0.0001
2025-05-23T00:00:00Z,AVAXUSDT,0.0001
2025-05-23T08:00:00Z,AVAXUSDT,0.0001
2025-05-23T16:00:00Z,AVAXUSDT,0.0001
2025-05-24T00:00:00Z,AVAXUSDT,0.0001
2025-05-24T08:00:00Z,AVAXUSDT,0.00007881
2025-05-24T16:00:00Z,AVAXUSDT,-0.00000819
2025-05-25T00:00:00Z,AVAXUSDT,0.00004235
2025-05-25T08:00:00Z,AVAXUSDT,0.00005754
2025-05-25T16:00:00Z,AVAXUSDT,-0.00007971
2025-05-26T00:00:00Z,AVAXUSDT,0.00006453
2025-05-26T08:00:00Z,AVAXUSDT,0.0000279
2025-05-26T16:00:00Z,AVAXUSDT,0.00007771
2025-05-27T00:00:00Z,AVAXUSDT,0.00003653
2025-05-27T08:00:00Z,AVAXUSDT,0.00002278
2025-05-27T16:00:00Z,AVAXUSDT,0.00009919
2025-05-28T00:00:00Z,AVAXUSDT,0.00008963
2025-05-28T08:00:00Z,AVAXUSDT,0.00006314
2025-05-28T16:00:00Z,AVAXUSDT,0.00001703
2025-05-29T00:00:00Z,AVAXUSDT,0.00002395
2025-05-29T08:00:00Z,AVAXUSDT,0.0001
2025-05-29T16:00:00Z,AVAXUSDT,-0.00000392
2025-05-30T00:00:00Z,AVAXUSDT,-0.00003311
2025-05-30T08:00:00Z,AVAXUSDT,-0.00014586
2025-05-30T16:00:00Z,AVAXUSDT,-0.00005919
2025-05-31T00:00:00Z,AVAXUSDT,-0.00004512
2025-05-31T08:00:00Z,AVAXUSDT,-0.00005408
2025-05-31T16:00:00Z,AVAXUSDT,-0.00002741
2025-06-01T00:00:00Z,AVAXUSDT,-0.00002784
2025-06-01T08:00:00Z,AVAXUSDT,-0.00006155
2025-06-01T16:00:00Z,AVAXUSDT,-0.00003012
2025-06-02T00:00:00Z,AVAXUSDT,-0.0000243
2025-06-02T08:00:00Z,AVAXUSDT,0.00001165
2025-06-02T16:00:00Z,AVAXUSDT,0.00007112
2025-06-03T00:00:00Z,AVAXUSDT,0.00005726
2025-06-03T08:00:00Z,AVAXUSDT,0.00008802
2025-06-03T16:00:00Z,AVAXUSDT,0.0001
2025-06-04T00:00:00Z,AVAXUSDT,0.00001588
2025-06-04T08:00:00Z,AVAXUSDT,0.00001807
2025-06-04T16:00:00Z,AVAXUSDT,-0.00004415
2025-06-05T00:00:00Z,AVAXUSDT,0.00001102
2025-06-05T08:00:00Z,AVAXUSDT,0.00001793
2025-06-05T16:00:00Z,AVAXUSDT,0.0000272
2025-06-06T00:00:00Z,AVAXUSDT,-0.00011826
2025-06-06T08:00:00Z,AVAXUSDT,-0.00014055
2025-06-06T16:00:00Z,AVAXUSDT,-0.00006902
2025-06-07T00:00:00Z,AVAXUSDT,-0.00003867
2025-06-07T08:00:00Z,AVAXUSDT,0.00000938
2025-06-07T16:00:00Z,AVAXUSDT,0.00006775
2025-06-08T00:00:00Z,AVAXUSDT,0.0000384
2025-06-08T08:00:00Z,AVAXUSDT,0.00004546
2025-06-08T16:00:00Z,AVAXUSDT,0.00003214
2025-06-09T00:00:00Z,AVAXUSDT,0.00008855
2025-06-09T08:00:00Z,AVAXUSDT,0.00001871
2025-06-09T16:00:00Z,AVAXUSDT,0.0000506
2025-06-10T00:00:00Z,AVAXUSDT,0.0001
2025-06-10T08:00:00Z,AVAXUSDT,0.0001
2025-06-10T16:00:00Z,AVAXUSDT,0.0001
2025-06-11T00:00:00Z,AVAXUSDT,0.0001
2025-06-11T08:00:00Z,AVAXUSDT,0.0001
2025-06-11T16:00:00Z,AVAXUSDT,0.0001
2025-06-12T00:00:00Z,AVAXUSDT,0.0001
2025-06-12T08:00:00Z,AVAXUSDT,0.0001
2025-06-12T16:00:00Z,AVAXUSDT,0.00009148
2025-06-13T00:00:00Z,AVAXUSDT,0.0000821
2025-06-13T08:00:00Z,AVAXUSDT,-0.0000959
2025-06-13T16:00:00Z,AVAXUSDT,-0.00003233
2025-06-14T00:00:00Z,AVAXUSDT,0.00003771
2025-06-14T08:00:00Z,AVAXUSDT,0.00001339
2025-06-14T16:00:00Z,AVAXUSDT,-0.00003017
2025-06-15T00:00:00Z,AVAXUSDT,0.00003101
2025-06-15T08:00:00Z,AVAXUSDT,0.00000382
2025-06-15T16:00:00Z,AVAXUSDT,0.00006784
2025-06-16T00:00:00Z,AVAXUSDT,0.0000267
2025-06-16T08:00:00Z,AVAXUSDT,0.0001
2025-06-16T16:00:00Z,AVAXUSDT,0.0001
2025-06-17T00:00:00Z,AVAXUSDT,0.00009706
2025-06-17T08:00:00Z,AVAXUSDT,0.0001
2025-06-17T16:00:00Z,AVAXUSDT,-0.00001033
2025-06-18T00:00:00Z,AVAXUSDT,0.00002345
2025-06-18T08:00:00Z,AVAXUSDT,0.00004801
2025-06-18T16:00:00Z,AVAXUSDT,-0.00012156
2025-06-19T00:00:00Z,AVAXUSDT,0.00002756
2025-06-19T08:00:00Z,AVAXUSDT,-0.00006727
2025-06-19T16:00:00Z,AVAXUSDT,-0.00010306
2025-06-20T00:00:00Z,AVAXUSDT,0.0001
2025-06-20T08:00:00Z,AVAXUSDT,0.00008684
2025-06-20T16:00:00Z,AVAXUSDT,0.00004342
2025-06-21T00:00:00Z,AVAXUSDT,0.00002788
2025-06-21T08:00:00Z,AVAXUSDT,-0.00001154
2025-06-21T16:00:00Z,AVAXUSDT,-0.00001362
2025-06-22T00:00:00Z,AVAXUSDT,0.00002631
2025-06-22T08:00:00Z,AVAXUSDT,0.00003004
2025-06-22T16:00:00Z,AVAXUSDT,0.00003416
2025-06-23T00:00:00Z,AVAXUSDT,-0.00000111
2025-06-23T08:00:00Z,AVAXUSDT,-0.00003648
2025-06-23T16:00:00Z,AVAXUSDT,-0.00000091
2025-06-24T00:00:00Z,AVAXUSDT,0.00005012
2025-06-24T08:00:00Z,AVAXUSDT,0.00003499
2025-06-24T16:00:00Z,AVAXUSDT,-0.00002331
2025-06-25T00:00:00Z,AVAXUSDT,0.00001623
2025-06-25T08:00:00Z,AVAXUSDT,0.00008583
2025-06-25T16:00:00Z,AVAXUSDT,0.00006803
2025-06-26T00:00:00Z,AVAXUSDT,0.00002099
2025-06-26T08:00:00Z,AVAXUSDT,0.00006541
2025-06-26T16:00:00Z,AVAXUSDT,0.00007023
2025-06-27T00:00:00Z,AVAXUSDT,0.00009423
2025-06-27T08:00:00Z,AVAXUSDT,0.00006136
2025-06-27T16:00:00Z,AVAXUSDT,-0.00002279
2025-06-28T00:00:00Z,AVAXUSDT,0.00001422
2025-06-28T08:00:00Z,AVAXUSDT,0.0000982
2025-06-28T16:00:00Z,AVAXUSDT,0.00000243
2025-06-29T00:00:00Z,AVAXUSDT,0.0001
2025-06-29T08:00:00Z,AVAXUSDT,0.0001
2025-06-29T16:00:00Z,AVAXUSDT,0.00006265
2025-06-30T00:00:00Z,AVAXUSDT,0.0001
2025-06-30T08:00:00Z,AVAXUSDT,0.00005097
2025-06-30T16:00:00Z,AVAXUSDT,0.00004492
2025-07-01T00:00:00Z,AVAXUSDT,0.00004851
2025-07-01T08:00:00Z,AVAXUSDT,-0.00006259
2025-07-01T16:00:00Z,AVAXUSDT,0.00006343
2025-07-02T00:00:00Z,AVAXUSDT,0.00002052
2025-07-02T08:00:00Z,AVAXUSDT,-0.00002171
2025-07-02T16:00:00Z,AVAXUSDT,0.0001
2025-07-03T00:00:00Z,AVAXUSDT,0.0001
2025-07-03T08:00:00Z,AVAXUSDT,0.0001
2025-07-03T16:00:00Z,AVAXUSDT,0.0001
2025-07-04T00:00:00Z,AVAXUSDT,0.0001
2025-07-04T08:00:00Z,AVAXUSDT,0.0001
2025-07-04T16:00:00Z,AVAXUSDT,-0.00004457
2025-07-05T00:00:00Z,AVAXUSDT,0.00003357
2025-07-05T08:00:00Z,AVAXUSDT,-0.00001025
2025-07-05T16:00:00Z,AVAXUSDT,-0.00005375
2025-07-06T00:00:00Z,AVAXUSDT,0.00001382
2025-07-06T08:00:00Z,AVAXUSDT,-0.00010689
2025-07-06T16:00:00Z,AVAXUSDT,0.00009257
2025-07-07T00:00:00Z,AVAXUSDT,0.0001
2025-07-07T08:00:00Z,AVAXUSDT,0.0001
2025-07-07T16:00:00Z,AVAXUSDT,0.0001
2025-07-08T00:00:00Z,AVAXUSDT,0.00005782
2025-07-08T08:00:00Z,AVAXUSDT,0.00007503
2025-07-08T16:00:00Z,AVAXUSDT,0.0001
2025-07-09T00:00:00Z,AVAXUSDT,0.0001
2025-07-09T08:00:00Z,AVAXUSDT,0.0001
2025-07-09T16:00:00Z,AVAXUSDT,0.0001
2025-07-10T00:00:00Z,AVAXUSDT,0.0001
2025-07-10T08:00:00Z,AVAXUSDT,0.0001
2025-07-10T16:00:00Z,AVAXUSDT,0.0001
2025-07-11T00:00:00Z,AVAXUSDT,0.0001
2025-07-11T08:00:00Z,AVAXUSDT,0.0001
2025-07-11T16:00:00Z,AVAXUSDT,0.0001
2025-07-12T00:00:00Z,AVAXUSDT,0.0001
2025-07-12T08:00:00Z,AVAXUSDT,0.0001
2025-07-12T16:00:00Z,AVAXUSDT,-0.00001176
2025-07-13T00:00:00Z,AVAXUSDT,-0.00000082
2025-07-13T08:00:00Z,AVAXUSDT,-0.00003633
2025-07-13T16:00:00Z,AVAXUSDT,0.0001
2025-07-14T00:00:00Z,AVAXUSDT,-0.00001212
2025-07-14T08:00:00Z,AVAXUSDT,0.0001
2025-07-14T16:00:00Z,AVAXUSDT,0.0001
2025-07-15T00:00:00Z,AVAXUSDT,0.00008995
2025-07-15T08:00:00Z,AVAXUSDT,0.00007432
2025-07-15T16:00:00Z,AVAXUSDT,0.00004049
2025-07-16T00:00:00Z,AVAXUSDT,0.0001
2025-07-16T08:00:00Z,AVAXUSDT,0.0001
2025-07-16T16:00:00Z,AVAXUSDT,0.0001
2025-07-17T00:00:00Z,AVAXUSDT,0.0001
2025-07-17T08:00:00Z,AVAXUSDT,0.0001
2025-07-17T16:00:00Z,AVAXUSDT,0.0001
2025-07-18T00:00:00Z,AVAXUSDT,0.0001
2025-07-18T08:00:00Z,AVAXUSDT,0.0001
2025-07-18T16:00:00Z,AVAXUSDT,0.0001
2025-07-19T00:00:00Z,AVAXUSDT,0.0001
2025-07-19T08:00:00Z,AVAXUSDT,0.0001
2025-07-19T16:00:00Z,AVAXUSDT,0.0001
2025-07-20T00:00:00Z,AVAXUSDT,0.0001
2025-07-20T08:00:00Z,AVAXUSDT,0.0001
2025-07-20T16:00:00Z,AVAXUSDT,0.0001
2025-07-21T00:00:00Z,AVAXUSDT,0.0001
2025-07-21T08:00:00Z,AVAXUSDT,0.0001
2025-07-21T16:00:00Z,AVAXUSDT,0.0001
2025-07-22T00:00:00Z,AVAXUSDT,0.0001
2025-07-22T08:00:00Z,AVAXUSDT,0.0001
2025-07-22T16:00:00Z,AVAXUSDT,0.0001
2025-07-23T00:00:00Z,AVAXUSDT,0.0001
2025-07-23T08:00:00Z,AVAXUSDT,0.00015538
2025-07-23T16:00:00Z,AVAXUSDT,0.0001
2025-07-24T00:00:00Z,AVAXUSDT,0.0001
2025-07-24T08:00:00Z,AVAXUSDT,0.0001
2025-07-24T16:00:00Z,AVAXUSDT,0.0001
2025-07-25T00:00:00Z,AVAXUSDT,0.0001
2025-07-25T08:00:00Z,AVAXUSDT,0.0001
2025-07-25T16:00:00Z,AVAXUSDT,0.0001
2025-07-26T00:00:00Z,AVAXUSDT,0.0001
2025-07-26T08:00:00Z,AVAXUSDT,0.0001
2025-07-26T16:00:00Z,AVAXUSDT,0.0001
2025-07-27T00:00:00Z,AVAXUSDT,0.0001
2025-07-27T08:00:00Z,AVAXUSDT,0.0001
2025-07-27T16:00:00Z,AVAXUSDT,0.0001
2025-07-28T00:00:00Z,AVAXUSDT,0.0001
2025-07-28T08:00:00Z,AVAXUSDT,0.0001
2025-07-28T16:00:00Z,AVAXUSDT,0.0001
2025-07-29T00:00:00Z,AVAXUSDT,0.0001
2025-07-29T08:00:00Z,AVAXUSDT,0.0001
2025-07-29T16:00:00Z,AVAXUSDT,0.00002111
2025-07-30T00:00:00Z,AVAXUSDT,0.00008198
2025-07-30T08:00:00Z,AVAXUSDT,0.00003232
2025-07-30T16:00:00Z,AVAXUSDT,0.00004216
2025-07-31T00:00:00Z,AVAXUSDT,0.00009227
2025-07-31T08:00:00Z,AVAXUSDT,0.00007424
2025-07-31T16:00:00Z,AVAXUSDT,-0.00000518
2025-08-01T00:00:00Z,AVAXUSDT,-0.00000258
2025-08-01T08:00:00Z,AVAXUSDT,0.0000139
2025-08-01T16:00:00Z,AVAXUSDT,0.00004471
2025-08-02T00:00:00Z,AVAXUSDT,0.00001504
2025-08-02T08:00:00Z,AVAXUSDT,0.00003101
2025-08-02T16:00:00Z,AVAXUSDT,-0.0000092
2025-08-03T00:00:00Z,AVAXUSDT,0.0001
2025-08-03T08:00:00Z,AVAXUSDT,0.00003608
2025-08-03T16:00:00Z,AVAXUSDT,0.00006254
2025-08-04T00:00:00Z,AVAXUSDT,0.00006578
2025-08-04T08:00:00Z,AVAXUSDT,0.0000562
2025-08-04T16:00:00Z,AVAXUSDT,0.00003367
2025-08-05T00:00:00Z,AVAXUSDT,-0.00002919
2025-08-05T08:00:00Z,AVAXUSDT,0.0000219
2025-08-05T16:00:00Z,AVAXUSDT,0.0001
2025-08-06T00:00:00Z,AVAXUSDT,0.00007295
2025-08-06T08:00:00Z,AVAXUSDT,0.00004846
2025-08-06T16:00:00Z,AVAXUSDT,0.00008642
2025-08-07T00:00:00Z,AVAXUSDT,0.0001
2025-08-07T08:00:00Z,AVAXUSDT,0.00005956
2025-08-07T16:00:00Z,AVAXUSDT,0.0001
2025-08-08T00:00:00Z,AVAXUSDT,0.0001
2025-08-08T08:00:00Z,AVAXUSDT,0.0001
2025-08-08T16:00:00Z,AVAXUSDT,0.0001
2025-08-09T00:00:00Z,AVAXUSDT,0.0001
2025-08-09T08:00:00Z,AVAXUSDT,0.0001
2025-08-09T16:00:00Z,AVAXUSDT,0.0001
2025-08-10T00:00:00Z,AVAXUSDT,0.0001
2025-08-10T08:00:00Z,AVAXUSDT,0.0001
2025-08-10T16:00:00Z,AVAXUSDT,0.0001
2025-08-11T00:00:00Z,AVAXUSDT,0.0001
2025-08-11T08:00:00Z,AVAXUSDT,0.0001
2025-08-11T16:00:00Z,AVAXUSDT,0.00004261
2025-08-12T00:00:00Z,AVAXUSDT,0.0000525
2025-08-12T08:00:00Z,AVAXUSDT,0.00003881
2025-08-12T16:00:00Z,AVAXUSDT,0.0001
2025-08-13T00:00:00Z,AVAXUSDT,0.0001
2025-08-13T08:00:00Z,AVAXUSDT,0.0001
2025-08-13T16:00:00Z,AVAXUSDT,0.0001
2025-08-14T00:00:00Z,AVAXUSDT,0.0001
2025-08-14T08:00:00Z,AVAXUSDT,0.0001
2025-08-14T16:00:00Z,AVAXUSDT,0.0001
2025-08-15T00:00:00Z,AVAXUSDT,0.00005501
2025-08-15T08:00:00Z,AVAXUSDT,0.0001
2025-08-15T16:00:00Z,AVAXUSDT,0.0001
2025-08-16T00:00:00Z,AVAXUSDT,0.00000456
2025-08-16T08:00:00Z,AVAXUSDT,0.00006247
2025-08-16T16:00:00Z,AVAXUSDT,0.0000538
2025-08-17T00:00:00Z,AVAXUSDT,0.0001
2025-08-17T08:00:00Z,AVAXUSDT,0.0001
2025-08-17T16:00:00Z,AVAXUSDT,0.0001
2025-08-18T00:00:00Z,AVAXUSDT,0.0001
2025-08-18T08:00:00Z,AVAXUSDT,-0.00013708
2025-08-18T16:00:00Z,AVAXUSDT,-0.00004008
2025-08-19T00:00:00Z,AVAXUSDT,-0.0000018
2025-08-19T08:00:00Z,AVAXUSDT,-0.00002128
2025-08-19T16:00:00Z,AVAXUSDT,0.00004938
2025-08-20T00:00:00Z,AVAXUSDT,0.00005031
2025-08-20T08:00:00Z,AVAXUSDT,0.00004764
2025-08-20T16:00:00Z,AVAXUSDT,0.0001
2025-08-21T00:00:00Z,AVAXUSDT,0.0001
2025-08-21T08:00:00Z,AVAXUSDT,0.0001
2025-08-21T16:00:00Z,AVAXUSDT,0.0001
2025-08-22T00:00:00Z,AVAXUSDT,0.0001
2025-08-22T08:00:00Z,AVAXUSDT,0.00007309
2025-08-22T16:00:00Z,AVAXUSDT,0.0001
2025-08-23T00:00:00Z,AVAXUSDT,0.0001
2025-08-23T08:00:00Z,AVAXUSDT,0.0001
2025-08-23T16:00:00Z,AVAXUSDT,0.0001
2025-08-24T00:00:00Z,AVAXUSDT,0.0001
2025-08-24T08:00:00Z,AVAXUSDT,0.0001
2025-08-24T16:00:00Z,AVAXUSDT,0.0001
2025-08-25T00:00:00Z,AVAXUSDT,0.0001
2025-08-25T08:00:00Z,AVAXUSDT,0.0001
2025-08-25T16:00:00Z,AVAXUSDT,0.00003401
2025-08-26T00:00:00Z,AVAXUSDT,-0.00004478
2025-08-26T08:00:00Z,AVAXUSDT,0.00001767
2025-08-26T16:00:00Z,AVAXUSDT,0.00002562
2025-08-27T00:00:00Z,AVAXUSDT,0.0001
2025-08-27T08:00:00Z,AVAXUSDT,0.0001
2025-08-27T16:00:00Z,AVAXUSDT,0.0001
2025-08-28T00:00:00Z,AVAXUSDT,0.0001
2025-08-28T08:00:00Z,AVAXUSDT,0.0001
2025-08-28T16:00:00Z,AVAXUSDT,0.00009522
2025-08-29T00:00:00Z,AVAXUSDT,0.0001
2025-08-29T08:00:00Z,AVAXUSDT,0.0001
2025-08-29T16:00:00Z,AVAXUSDT,-0.00006706
2025-08-30T00:00:00Z,AVAXUSDT,0.00007522
2025-08-30T08:00:00Z,AVAXUSDT,0.00007036
2025-08-30T16:00:00Z,AVAXUSDT,0.00007006
2025-08-31T00:00:00Z,AVAXUSDT,0.0001
2025-08-31T08:00:00Z,AVAXUSDT,0.0001
2025-08-31T16:00:00Z,AVAXUSDT,0.00008248
2025-09-01T00:00:00Z,AVAXUSDT,0.00003126
2025-09-01T08:00:00Z,AVAXUSDT,-0.00002372
2025-09-01T16:00:00Z,AVAXUSDT,0.0001
2025-09-02T00:00:00Z,AVAXUSDT,-0.00004717
2025-09-02T08:00:00Z,AVAXUSDT,0.0001
2025-09-02T16:00:00Z,AVAXUSDT,0.0001
2025-09-03T00:00:00Z,AVAXUSDT,0.0001
2025-09-03T08:00:00Z,AVAXUSDT,0.0001
2025-09-03T16:00:00Z,AVAXUSDT,0.0001
2025-09-04T00:00:00Z,AVAXUSDT,0.0001
2025-09-04T08:00:00Z,AVAXUSDT,0.0001
2025-09-04T16:00:00Z,AVAXUSDT,0.0000128
2025-09-05T00:00:00Z,AVAXUSDT,0.00009257
2025-09-05T08:00:00Z,AVAXUSDT,0.00009845
2025-09-05T16:00:00Z,AVAXUSDT,0.00009393
2025-09-06T00:00:00Z,AVAXUSDT,0.0001
2025-09-06T08:00:00Z,AVAXUSDT,0.00000473
2025-09-06T16:00:00Z,AVAXUSDT,0.00008543
2025-09-07T00:00:00Z,AVAXUSDT,0.0001
2025-09-07T08:00:00Z,AVAXUSDT,0.0001
2025-09-07T16:00:00Z,AVAXUSDT,0.0001
2025-09-08T00:00:00Z,AVAXUSDT,0.0001
2025-09-08T08:00:00Z,AVAXUSDT,0.0001
2025-09-08T16:00:00Z,AVAXUSDT,0.0001
2025-09-09T00:00:00Z,AVAXUSDT,0.0001
2025-09-09T08:00:00Z,AVAXUSDT,0.0001
2025-09-09T16:00:00Z,AVAXUSDT,0.0001
2025-09-10T00:00:00Z,AVAXUSDT,0.0001
2025-09-10T08:00:00Z,AVAXUSDT,0.0001
2025-09-10T16:00:00Z,AVAXUSDT,0.0001
2025-09-11T00:00:00Z,AVAXUSDT,0.0001
2025-09-11T08:00:00Z,AVAXUSDT,0.0001
2025-09-11T16:00:00Z,AVAXUSDT,0.0001
2025-09-12T00:00:00Z,AVAXUSDT,0.0001
2025-09-12T08:00:00Z,AVAXUSDT,0.0001
2025-09-12T16:00:00Z,AVAXUSDT,0.0001
2025-09-13T00:00:00Z,AVAXUSDT,0.0001
2025-09-13T08:00:00Z,AVAXUSDT,0.0001
2025-09-13T16:00:00Z,AVAXUSDT,0.0001
2025-09-14T00:00:00Z,AVAXUSDT,0.0001
2025-09-14T08:00:00Z,AVAXUSDT,0.0001
2025-09-14T16:00:00Z,AVAXUSDT,0.0001
2025-09-15T00:00:00Z,AVAXUSDT,0.0001
2025-09-15T08:00:00Z,AVAXUSDT,0.0001
2025-09-15T16:00:00Z,AVAXUSDT,0.00005458
2025-09-16T00:00:00Z,AVAXUSDT,0.0001
2025-09-16T08:00:00Z,AVAXUSDT,0.0001
2025-09-16T16:00:00Z,AVAXUSDT,0.00000799
2025-09-17T00:00:00Z,AVAXUSDT,0.00001801
2025-09-17T08:00:00Z,AVAXUSDT,0.00000678
2025-09-17T16:00:00Z,AVAXUSDT,-0.00002938
2025-09-18T00:00:00Z,AVAXUSDT,0.0001
2025-09-18T08:00:00Z,AVAXUSDT,0.0001
2025-09-18T16:00:00Z,AVAXUSDT,0.0001
2025-09-19T00:00:00Z,AVAXUSDT,0.0001
2025-09-19T08:00:00Z,AVAXUSDT,0.0001
2025-09-19T16:00:00Z,AVAXUSDT,0.0001
2025-09-20T00:00:00Z,AVAXUSDT,0.0001
2025-09-20T08:00:00Z,AVAXUSDT,0.0001
2025-09-20T16:00:00Z,AVAXUSDT,0.0001
2025-09-21T00:00:00Z,AVAXUSDT,0.00005698
2025-09-21T08:00:00Z,AVAXUSDT,0.0001
2025-09-21T16:00:00Z,AVAXUSDT,0.0001
2025-09-22T00:00:00Z,AVAXUSDT,0.0001
2025-09-22T08:00:00Z,AVAXUSDT,0.0001
2025-09-22T16:00:00Z,AVAXUSDT,0.0001
2025-09-23T00:00:00Z,AVAXUSDT,0.0001
2025-09-23T08:00:00Z,AVAXUSDT,0.0001
2025-09-23T16:00:00Z,AVAXUSDT,0.0001
2025-09-24T00:00:00Z,AVAXUSDT,-0.00000692
2025-09-24T08:00:00Z,AVAXUSDT,0.00008925
2025-09-24T16:00:00Z,AVAXUSDT,0.0001
2025-09-25T00:00:00Z,AVAXUSDT,-0.00007082
2025-09-25T08:00:00Z,AVAXUSDT,0.00002761
2025-09-25T16:00:00Z,AVAXUSDT,0.0000188
2025-09-26T00:00:00Z,AVAXUSDT,-0.00005113
2025-09-26T08:00:00Z,AVAXUSDT,0.00005968
2025-09-26T16:00:00Z,AVAXUSDT,-0.0000538
2025-09-27T00:00:00Z,AVAXUSDT,-0.00005236
2025-09-27T08:00:00Z,AVAXUSDT,0.00008024
2025-09-27T16:00:00Z,AVAXUSDT,0.00001578
2025-09-28T00:00:00Z,AVAXUSDT,0.0001
2025-09-28T08:00:00Z,AVAXUSDT,0.00004024
2025-09-28T16:00:00Z,AVAXUSDT,0.0001
2025-09-29T00:00:00Z,AVAXUSDT,0.0001
2025-09-29T08:00:00Z,AVAXUSDT,0.00002377
2025-09-29T16:00:00Z,AVAXUSDT,-0.00002156
2025-09-30T00:00:00Z,AVAXUSDT,0.00003606
2025-09-30T08:00:00Z,AVAXUSDT,-0.00011674
2025-09-30T16:00:00Z,AVAXUSDT,-0.00006593
2025-10-01T00:00:00Z,AVAXUSDT,0.0001
2025-10-01T08:00:00Z,AVAXUSDT,0.0001
2025-10-01T16:00:00Z,AVAXUSDT,-0.00009571
2025-10-02T00:00:00Z,AVAXUSDT,0.0001
2025-10-02T08:00:00Z,AVAXUSDT,0.00000595
2025-10-02T16:00:00Z,AVAXUSDT,-0.00005906
2025-10-03T00:00:00Z,AVAXUSDT,0.0001
2025-10-03T08:00:00Z,AVAXUSDT,-0.00000034
2025-10-03T16:00:00Z,AVAXUSDT,0.00007806
2025-10-04T00:00:00Z,AVAXUSDT,0.0001
2025-10-04T08:00:00Z,AVAXUSDT,0.0001
2025-10-04T16:00:00Z,AVAXUSDT,-0.00001859
2025-10-05T00:00:00Z,AVAXUSDT,0.00003168
2025-10-05T08:00:00Z,AVAXUSDT,0.0001
2025-10-05T16:00:00Z,AVAXUSDT,0.00002778
2025-10-06T00:00:00Z,AVAXUSDT,-0.00001648
2025-10-06T08:00:00Z,AVAXUSDT,0.0001
2025-10-06T16:00:00Z,AVAXUSDT,0.0001
2025-10-07T00:00:00Z,AVAXUSDT,0.0001
2025-10-07T08:00:00Z,AVAXUSDT,0.0001
2025-10-07T16:00:00Z,AVAXUSDT,0.00003327
2025-10-08T00:00:00Z,AVAXUSDT,0.0001
2025-10-08T08:00:00Z,AVAXUSDT,-0.00000269
2025-10-08T16:00:00Z,AVAXUSDT,0.00006854
2025-10-09T00:00:00Z,AVAXUSDT,0.0001
2025-10-09T08:00:00Z,AVAXUSDT,0.0001
2025-10-09T16:00:00Z,AVAXUSDT,0.0001
2025-10-10T00:00:00Z,AVAXUSDT,0.0001
2025-10-10T08:00:00Z,AVAXUSDT,0.0001
2025-10-10T16:00:00Z,AVAXUSDT,0.0001
2025-10-11T00:00:00Z,AVAXUSDT,-0.00841627
2025-10-11T08:00:00Z,AVAXUSDT,-0.00032003
2025-10-11T16:00:00Z,AVAXUSDT,-0.00039466
2025-10-12T00:00:00Z,AVAXUSDT,0.00008989
2025-10-12T08:00:00Z,AVAXUSDT,-0.00002193
2025-10-12T16:00:00Z,AVAXUSDT,-0.00017234
2025-10-13T00:00:00Z,AVAXUSDT,-0.00019049
2025-10-13T08:00:00Z,AVAXUSDT,-0.00013724
2025-10-13T16:00:00Z,AVAXUSDT,0.0001
2025-10-14T00:00:00Z,AVAXUSDT,0.0001
2025-10-14T08:00:00Z,AVAXUSDT,0.00003708
2025-10-14T16:00:00Z,AVAXUSDT,-0.00002878
2025-10-15T00:00:00Z,AVAXUSDT,0.00004261
2025-10-15T08:00:00Z,AVAXUSDT,-0.0000719
2025-10-15T16:00:00Z,AVAXUSDT,-0.00016732
2025-10-16T00:00:00Z,AVAXUSDT,-0.00015545
2025-10-16T08:00:00Z,AVAXUSDT,-0.00013113
2025-10-16T16:00:00Z,AVAXUSDT,0.00000468
2025-10-17T00:00:00Z,AVAXUSDT,-0.00022074
2025-10-17T08:00:00Z,AVAXUSDT,0.0000266
2025-10-17T16:00:00Z,AVAXUSDT,0.00006021
2025-10-18T00:00:00Z,AVAXUSDT,0.0001
2025-10-18T08:00:00Z,AVAXUSDT,0.00007417
2025-10-18T16:00:00Z,AVAXUSDT,0.00003103
2025-10-19T00:00:00Z,AVAXUSDT,0.00002964
2025-10-19T08:00:00Z,AVAXUSDT,-0.0000375
2025-10-19T16:00:00Z,AVAXUSDT,0.0001
2025-10-20T00:00:00Z,AVAXUSDT,0.00000417
2025-10-20T08:00:00Z,AVAXUSDT,0.0001
2025-10-20T16:00:00Z,AVAXUSDT,-0.00016954
2025-10-21T00:00:00Z,AVAXUSDT,0.0001
2025-10-21T08:00:00Z,AVAXUSDT,-0.0001368
2025-10-21T16:00:00Z,AVAXUSDT,0.0001
2025-10-22T00:00:00Z,AVAXUSDT,0.00005843
2025-10-22T08:00:00Z,AVAXUSDT,-0.00010255
2025-10-22T16:00:00Z,AVAXUSDT,-0.00001791
2025-10-23T00:00:00Z,AVAXUSDT,0.00004328
2025-10-23T08:00:00Z,AVAXUSDT,-0.00009128
2025-10-23T16:00:00Z,AVAXUSDT,0.0001
2025-10-24T00:00:00Z,AVAXUSDT,0.0001
2025-10-24T08:00:00Z,AVAXUSDT,0.0001
2025-10-24T16:00:00Z,AVAXUSDT,-0.00003364
2025-10-25T00:00:00Z,AVAXUSDT,0.0001
2025-10-25T08:00:00Z,AVAXUSDT,0.0001
2025-10-25T16:00:00Z,AVAXUSDT,0.00006693
2025-10-26T00:00:00Z,AVAXUSDT,0.0001
2025-10-26T08:00:00Z,AVAXUSDT,0.0001
2025-10-26T16:00:00Z,AVAXUSDT,0.00001455
2025-10-27T00:00:00Z,AVAXUSDT,0.0001
2025-10-27T08:00:00Z,AVAXUSDT,-0.00008023
2025-10-27T16:00:00Z,AVAXUSDT,0.00008298
2025-10-28T00:00:00Z,AVAXUSDT,-0.00012714
2025-10-28T08:00:00Z,AVAXUSDT,-0.00015318
2025-10-28T16:00:00Z,AVAXUSDT,-0.00010382
2025-10-29T00:00:00Z,AVAXUSDT,-0.00008456
2025-10-29T08:00:00Z,AVAXUSDT,-0.00000964
2025-10-29T16:00:00Z,AVAXUSDT,-0.00012138
2025-10-30T00:00:00Z,AVAXUSDT,0.0001
2025-10-30T08:00:00Z,AVAXUSDT,-0.00008425
2025-10-30T16:00:00Z,AVAXUSDT,-0.00035153
2025-10-31T00:00:00Z,AVAXUSDT,-0.00021234
2025-10-31T08:00:00Z,AVAXUSDT,-0.00015312
2025-10-31T16:00:00Z,AVAXUSDT,-0.0000925
2025-11-01T00:00:00Z,AVAXUSDT,0.00003515
2025-11-01T08:00:00Z,AVAXUSDT,0.00002345
2025-11-01T16:00:00Z,AVAXUSDT,0.00005307
2025-11-02T00:00:00Z,AVAXUSDT,0.00002359
2025-11-02T08:00:00Z,AVAXUSDT,0.00006609
2025-11-02T16:00:00Z,AVAXUSDT,-0.00012374
2025-11-03T00:00:00Z,AVAXUSDT,-0.00011355
2025-11-03T08:00:00Z,AVAXUSDT,-0.00045162
2025-11-03T16:00:00Z,AVAXUSDT,-0.00023906
2025-11-04T00:00:00Z,AVAXUSDT,-0.00036669
2025-11-04T08:00:00Z,AVAXUSDT,-0.00005468
2025-11-04T16:00:00Z,AVAXUSDT,0.0000162
2025-11-05T00:00:00Z,AVAXUSDT,0.00003908
2025-11-05T08:00:00Z,AVAXUSDT,0.0001
2025-11-05T16:00:00Z,AVAXUSDT,-0.00010201
2025-11-06T00:00:00Z,AVAXUSDT,0.00008701
2025-11-06T08:00:00Z,AVAXUSDT,-0.00003476
2025-11-06T16:00:00Z,AVAXUSDT,-0.00001289
2025-11-07T00:00:00Z,AVAXUSDT,0.0001
2025-11-07T08:00:00Z,AVAXUSDT,0.0001
2025-11-07T16:00:00Z,AVAXUSDT,0.00003199
2025-11-08T00:00:00Z,AVAXUSDT,0.0001
2025-11-08T08:00:00Z,AVAXUSDT,0.0001
2025-11-08T16:00:00Z,AVAXUSDT,-0.00004846
2025-11-09T00:00:00Z,AVAXUSDT,-0.00002646
2025-11-09T08:00:00Z,AVAXUSDT,-0.00014678
2025-11-09T16:00:00Z,AVAXUSDT,-0.00002338
2025-11-10T00:00:00Z,AVAXUSDT,0.0001
2025-11-10T08:00:00Z,AVAXUSDT,0.00000508
2025-11-10T16:00:00Z,AVAXUSDT,-0.00003848
2025-11-11T00:00:00Z,AVAXUSDT,0.00008478
2025-11-11T08:00:00Z,AVAXUSDT,-0.00011306
2025-11-11T16:00:00Z,AVAXUSDT,-0.00011265
2025-11-12T00:00:00Z,AVAXUSDT,-0.00009975
2025-11-12T08:00:00Z,AVAXUSDT,-0.0001845
2025-11-12T16:00:00Z,AVAXUSDT,-0.00010402
2025-11-13T00:00:00Z,AVAXUSDT,-0.00031455
2025-11-13T08:00:00Z,AVAXUSDT,-0.0000174
2025-11-13T16:00:00Z,AVAXUSDT,0.0001
2025-11-14T00:00:00Z,AVAXUSDT,-0.00030726
2025-11-14T08:00:00Z,AVAXUSDT,-0.0000378
2025-11-14T16:00:00Z,AVAXUSDT,-0.00010931
2025-11-15T00:00:00Z,AVAXUSDT,-0.00022249
2025-11-15T08:00:00Z,AVAXUSDT,-0.00010684
2025-11-15T16:00:00Z,AVAXUSDT,0.00006033
2025-11-16T00:00:00Z,AVAXUSDT,-0.00006422
2025-11-16T08:00:00Z,AVAXUSDT,0.00003016
2025-11-16T16:00:00Z,AVAXUSDT,-0.00018925
2025-11-17T00:00:00Z,AVAXUSDT,-0.00003134
2025-11-17T08:00:00Z,AVAXUSDT,0.0001
2025-11-17T16:00:00Z,AVAXUSDT,0.0001
2025-11-18T00:00:00Z,AVAXUSDT,-0.00019602
2025-11-18T08:00:00Z,AVAXUSDT,0.0001
2025-11-18T16:00:00Z,AVAXUSDT,0.0001
2025-11-19T00:00:00Z,AVAXUSDT,0.0001
2025-11-19T08:00:00Z,AVAXUSDT,-0.00015466
2025-11-19T16:00:00Z,AVAXUSDT,0.0001
2025-11-20T00:00:00Z,AVAXUSDT,0.0001
2025-11-20T08:00:00Z,AVAXUSDT,0.0001
2025-11-20T16:00:00Z,AVAXUSDT,0.0001
2025-11-21T00:00:00Z,AVAXUSDT,-0.0000443
2025-11-21T08:00:00Z,AVAXUSDT,-0.00017178
2025-11-21T16:00:00Z,AVAXUSDT,-0.00002008
2025-11-22T00:00:00Z,AVAXUSDT,-0.00016928
2025-11-22T08:00:00Z,AVAXUSDT,-0.00010491
2025-11-22T16:00:00Z,AVAXUSDT,-0.00030033
2025-11-23T00:00:00Z,AVAXUSDT,0.00000923
2025-11-23T08:00:00Z,AVAXUSDT,0.00003379
2025-11-23T16:00:00Z,AVAXUSDT,-0.00020842
2025-11-24T00:00:00Z,AVAXUSDT,0.00000577
2025-11-24T08:00:00Z,AVAXUSDT,0.00009632
2025-11-24T16:00:00Z,AVAXUSDT,0.00002635
2025-11-25T00:00:00Z,AVAXUSDT,0.0001
2025-11-25T08:00:00Z,AVAXUSDT,-0.0001024
2025-11-25T16:00:00Z,AVAXUSDT,-0.00020731
2025-11-26T00:00:00Z,AVAXUSDT,0.0001
2025-11-26T08:00:00Z,AVAXUSDT,-0.00002519
2025-11-26T16:00:00Z,AVAXUSDT,-0.00016283
2025-11-27T00:00:00Z,AVAXUSDT,0.0001
2025-11-27T08:00:00Z,AVAXUSDT,-0.00039665
2025-11-27T16:00:00Z,AVAXUSDT,-0.00007588
2025-11-28T00:00:00Z,AVAXUSDT,-0.00019679
2025-11-28T08:00:00Z,AVAXUSDT,-0.0000896
2025-11-28T16:00:00Z,AVAXUSDT,-0.00019122
2025-11-29T00:00:00Z,AVAXUSDT,-0.00032115
2025-11-29T08:00:00Z,AVAXUSDT,-0.00022424
2025-11-29T16:00:00Z,AVAXUSDT,0.00003347
2025-11-30T00:00:00Z,AVAXUSDT,-0.00014007
2025-11-30T08:00:00Z,AVAXUSDT,-0.00019559
2025-11-30T16:00:00Z,AVAXUSDT,-0.00012553
2025-12-01T00:00:00Z,AVAXUSDT,-0.00008087
2025-12-01T08:00:00Z,AVAXUSDT,-0.00018743
2025-12-01T16:00:00Z,AVAXUSDT,-0.000051
2025-12-02T00:00:00Z,AVAXUSDT,-0.00020009
2025-12-02T08:00:00Z,AVAXUSDT,-0.00007567
2025-12-02T16:00:00Z,AVAXUSDT,0.00006589
2025-12-03T00:00:00Z,AVAXUSDT,0.0001
2025-12-03T08:00:00Z,AVAXUSDT,0.0001
2025-12-03T16:00:00Z,AVAXUSDT,0.00009289
2025-12-04T00:00:00Z,AVAXUSDT,0.0001
2025-12-04T08:00:00Z,AVAXUSDT,0.00000023
2025-12-04T16:00:00Z,AVAXUSDT,-0.00000265
2025-12-05T00:00:00Z,AVAXUSDT,-0.0000869
2025-12-05T08:00:00Z,AVAXUSDT,-0.00005981
2025-12-05T16:00:00Z,AVAXUSDT,-0.00029023
2025-12-06T00:00:00Z,AVAXUSDT,-0.00019446
2025-12-06T08:00:00Z,AVAXUSDT,-0.00026762
2025-12-06T16:00:00Z,AVAXUSDT,-0.00007463
2025-12-07T00:00:00Z,AVAXUSDT,-0.00013384
2025-12-07T08:00:00Z,AVAXUSDT,0.00000036
2025-12-07T16:00:00Z,AVAXUSDT,0.00000063
2025-12-08T00:00:00Z,AVAXUSDT,-0.0000105
2025-12-08T08:00:00Z,AVAXUSDT,0.0001
2025-12-08T16:00:00Z,AVAXUSDT,0.0001
2025-12-09T00:00:00Z,AVAXUSDT,0.0001
2025-12-09T08:00:00Z,AVAXUSDT,0.00003428
2025-12-09T16:00:00Z,AVAXUSDT,0.00001632
2025-12-10T00:00:00Z,AVAXUSDT,0.0001
2025-12-10T08:00:00Z,AVAXUSDT,0.00009682
2025-12-10T16:00:00Z,AVAXUSDT,-0.0000431
2025-12-11T00:00:00Z,AVAXUSDT,0.00002311
2025-12-11T08:00:00Z,AVAXUSDT,-0.00031547
2025-12-11T16:00:00Z,AVAXUSDT,-0.00014337
2025-12-12T00:00:00Z,AVAXUSDT,0.00003194
2025-12-12T08:00:00Z,AVAXUSDT,0.0001
2025-12-12T16:00:00Z,AVAXUSDT,0.0001
2025-12-13T00:00:00Z,AVAXUSDT,-0.00004616
2025-12-13T08:00:00Z,AVAXUSDT,0.0001
2025-12-13T16:00:00Z,AVAXUSDT,0.0001
2025-12-14T00:00:00Z,AVAXUSDT,0.0001
2025-12-14T08:00:00Z,AVAXUSDT,0.00002291
2025-12-14T16:00:00Z,AVAXUSDT,-0.00002588
2025-12-15T00:00:00Z,AVAXUSDT,-0.00008845
2025-12-15T08:00:00Z,AVAXUSDT,0.0001
2025-12-15T16:00:00Z,AVAXUSDT,-0.00015134
2025-12-16T00:00:00Z,AVAXUSDT,-0.00018577
2025-12-16T08:00:00Z,AVAXUSDT,-0.00003091
2025-12-16T16:00:00Z,AVAXUSDT,-0.00004635
2025-12-17T00:00:00Z,AVAXUSDT,0.00005559
2025-12-17T08:00:00Z,AVAXUSDT,0.0001
2025-12-17T16:00:00Z,AVAXUSDT,0.0000941
2025-12-18T00:00:00Z,AVAXUSDT,-0.00016244
2025-12-18T08:00:00Z,AVAXUSDT,-0.00014598
2025-12-18T16:00:00Z,AVAXUSDT,-0.00001132
2025-12-19T00:00:00Z,AVAXUSDT,0.0000679
2025-12-19T08:00:00Z,AVAXUSDT,0.00006049
2025-12-19T16:00:00Z,AVAXUSDT,0.00008919
2025-12-20T00:00:00Z,AVAXUSDT,0.0001
2025-12-20T08:00:00Z,AVAXUSDT,0.00005597
2025-12-20T16:00:00Z,AVAXUSDT,0.0001
2025-12-21T00:00:00Z,AVAXUSDT,0.00000754
2025-12-21T08:00:00Z,AVAXUSDT,0.0001
2025-12-21T16:00:00Z,AVAXUSDT,-0.0000896
2025-12-22T00:00:00Z,AVAXUSDT,0.0001
2025-12-22T08:00:00Z,AVAXUSDT,0.00008194
2025-12-22T16:00:00Z,AVAXUSDT,0.00005957
2025-12-23T00:00:00Z,AVAXUSDT,-0.00035938
2025-12-23T08:00:00Z,AVAXUSDT,-0.00009734
2025-12-23T16:00:00Z,AVAXUSDT,-0.00017804
2025-12-24T00:00:00Z,AVAXUSDT,0.0001
2025-12-24T08:00:00Z,AVAXUSDT,-0.00010087
2025-12-24T16:00:00Z,AVAXUSDT,0.0001
2025-12-25T00:00:00Z,AVAXUSDT,0.0001
2025-12-25T08:00:00Z,AVAXUSDT,0.0001
2025-12-25T16:00:00Z,AVAXUSDT,0.0001
2025-12-26T00:00:00Z,AVAXUSDT,0.0001
2025-12-26T08:00:00Z,AVAXUSDT,0.0001
2025-12-26T16:00:00Z,AVAXUSDT,0.00003905
2025-12-27T00:00:00Z,AVAXUSDT,0.0000207
2025-12-27T08:00:00Z,AVAXUSDT,0.0001
2025-12-27T16:00:00Z,AVAXUSDT,0.0001
2025-12-28T00:00:00Z,AVAXUSDT,0.0001
2025-12-28T08:00:00Z,AVAXUSDT,0.0001
2025-12-28T16:00:00Z,AVAXUSDT,0.00004925
2025-12-29T00:00:00Z,AVAXUSDT,0.00008891
2025-12-29T08:00:00Z,AVAXUSDT,0.0001
2025-12-29T16:00:00Z,AVAXUSDT,0.00002252
2025-12-30T00:00:00Z,AVAXUSDT,-0.00012287
2025-12-30T08:00:00Z,AVAXUSDT,-0.00002269
2025-12-30T16:00:00Z,AVAXUSDT,0.0001
2025-12-31T00:00:00Z,AVAXUSDT,0.00001855
2025-12-31T08:00:00Z,AVAXUSDT,0.0001
2025-12-31T16:00:00Z,AVAXUSDT,-0.00002119
2026-01-01T00:00:00Z,AVAXUSDT,-0.0001452
2026-01-01T08:00:00Z,AVAXUSDT,-0.00006948
2026-01-01T16:00:00Z,AVAXUSDT,0.0001
2026-01-02T00:00:00Z,AVAXUSDT,0.0001
2026-01-02T08:00:00Z,AVAXUSDT,0.0001
2026-01-02T16:00:00Z,AVAXUSDT,0.0001
2026-01-03T00:00:00Z,AVAXUSDT,0.00003039
2026-01-03T08:00:00Z,AVAXUSDT,0.0001
2026-01-03T16:00:00Z,AVAXUSDT,0.0001
2026-01-04T00:00:00Z,AVAXUSDT,0.00002166
2026-01-04T08:00:00Z,AVAXUSDT,0.00002985
2026-01-04T16:00:00Z,AVAXUSDT,0.00007692
2026-01-05T00:00:00Z,AVAXUSDT,0.00007857
2026-01-05T08:00:00Z,AVAXUSDT,-0.00002469
2026-01-05T16:00:00Z,AVAXUSDT,0.00009209
2026-01-06T00:00:00Z,AVAXUSDT,0.0001
2026-01-06T08:00:00Z,AVAXUSDT,-0.00003369
2026-01-06T16:00:00Z,AVAXUSDT,0.00008444
2026-01-07T00:00:00Z,AVAXUSDT,0.0001
2026-01-07T08:00:00Z,AVAXUSDT,-0.00007192
2026-01-07T16:00:00Z,AVAXUSDT,-0.00019458
2026-01-08T00:00:00Z,AVAXUSDT,0.00009741
2026-01-08T08:00:00Z,AVAXUSDT,0.00004681
2026-01-08T16:00:00Z,AVAXUSDT,0.00002866
2026-01-09T00:00:00Z,AVAXUSDT,0.00009568
2026-01-09T08:00:00Z,AVAXUSDT,0.0001
2026-01-09T16:00:00Z,AVAXUSDT,0.00001898
2026-01-10T00:00:00Z,AVAXUSDT,0.0001
2026-01-10T08:00:00Z,AVAXUSDT,0.00008966
2026-01-10T16:00:00Z,AVAXUSDT,0.0001
2026-01-11T00:00:00Z,AVAXUSDT,0.00006844
2026-01-11T08:00:00Z,AVAXUSDT,0.00006005
2026-01-11T16:00:00Z,AVAXUSDT,0.00007803
2026-01-12T00:00:00Z,AVAXUSDT,-0.00006573
2026-01-12T08:00:00Z,AVAXUSDT,0.0001
2026-01-12T16:00:00Z,AVAXUSDT,-0.0001335
2026-01-13T00:00:00Z,AVAXUSDT,0.00000241
2026-01-13T08:00:00Z,AVAXUSDT,0.00002794
2026-01-13T16:00:00Z,AVAXUSDT,0.0001
2026-01-14T00:00:00Z,AVAXUSDT,0.0001
2026-01-14T08:00:00Z,AVAXUSDT,0.0001
2026-01-14T16:00:00Z,AVAXUSDT,0.0001
2026-01-15T00:00:00Z,AVAXUSDT,0.0001
2026-01-15T08:00:00Z,AVAXUSDT,-0.00003525
2026-01-15T16:00:00Z,AVAXUSDT,-0.00005718
2026-01-16T00:00:00Z,AVAXUSDT,-0.00002078
2026-01-16T08:00:00Z,AVAXUSDT,-0.000033
2026-01-16T16:00:00Z,AVAXUSDT,-0.00006706
2026-01-17T00:00:00Z,AVAXUSDT,0.000023
2026-01-17T08:00:00Z,AVAXUSDT,-0.00003499
2026-01-17T16:00:00Z,AVAXUSDT,0.0001
2026-01-18T00:00:00Z,AVAXUSDT,0.0001
2026-01-18T08:00:00Z,AVAXUSDT,-0.00012586
2026-01-18T16:00:00Z,AVAXUSDT,-0.00000944
2026-01-19T00:00:00Z,AVAXUSDT,0.0001
2026-01-19T08:00:00Z,AVAXUSDT,-0.00006788
2026-01-19T16:00:00Z,AVAXUSDT,0.00004524
2026-01-20T00:00:00Z,AVAXUSDT,0.0001
2026-01-20T08:00:00Z,AVAXUSDT,0.0001
2026-01-20T16:00:00Z,AVAXUSDT,-0.00002858
2026-01-21T00:00:00Z,AVAXUSDT,-0.00002737
2026-01-21T08:00:00Z,AVAXUSDT,0.00001321
2026-01-21T16:00:00Z,AVAXUSDT,-0.00003564
2026-01-22T00:00:00Z,AVAXUSDT,-0.00006861
2026-01-22T08:00:00Z,AVAXUSDT,-0.00012618
2026-01-22T16:00:00Z,AVAXUSDT,-0.00006304
2026-01-23T00:00:00Z,AVAXUSDT,0.00006501
2026-01-23T08:00:00Z,AVAXUSDT,-0.00004031
2026-01-23T16:00:00Z,AVAXUSDT,-0.00003578
2026-01-24T00:00:00Z,AVAXUSDT,-0.00000731
2026-01-24T08:00:00Z,AVAXUSDT,-0.00008779
2026-01-24T16:00:00Z,AVAXUSDT,-0.00004061
2026-01-25T00:00:00Z,AVAXUSDT,-0.00001478
2026-01-25T08:00:00Z,AVAXUSDT,-0.00002679
2026-01-25T16:00:00Z,AVAXUSDT,0.00002111
2026-01-26T00:00:00Z,AVAXUSDT,-0.00011518
2026-01-26T08:00:00Z,AVAXUSDT,0.00001447
2026-01-26T16:00:00Z,AVAXUSDT,-0.00002233
2026-01-27T00:00:00Z,AVAXUSDT,-0.00000097
2026-01-27T08:00:00Z,AVAXUSDT,-0.00013186
2026-01-27T16:00:00Z,AVAXUSDT,-0.00012335
2026-01-28T00:00:00Z,AVAXUSDT,0.00004307
2026-01-28T08:00:00Z,AVAXUSDT,-0.00009818
2026-01-28T16:00:00Z,AVAXUSDT,-0.00012127
2026-01-29T00:00:00Z,AVAXUSDT,0.00000074
2026-01-29T08:00:00Z,AVAXUSDT,-0.00004742
2026-01-29T16:00:00Z,AVAXUSDT,-0.00037484
2026-01-30T00:00:00Z,AVAXUSDT,-0.00019774
2026-01-30T08:00:00Z,AVAXUSDT,-0.00001614
2026-01-30T16:00:00Z,AVAXUSDT,-0.00003183
2026-01-31T00:00:00Z,AVAXUSDT,-0.00005339
2026-01-31T08:00:00Z,AVAXUSDT,-0.00012304
2026-01-31T16:00:00Z,AVAXUSDT,-0.0000622
2026-02-01T00:00:00Z,AVAXUSDT,-0.00023022
2026-02-01T08:00:00Z,AVAXUSDT,0.0001
2026-02-01T16:00:00Z,AVAXUSDT,0.00002511
2026-02-02T00:00:00Z,AVAXUSDT,-0.0000972
2026-02-02T08:00:00Z,AVAXUSDT,-0.00005829
2026-02-02T16:00:00Z,AVAXUSDT,-0.00008989
2026-02-03T00:00:00Z,AVAXUSDT,-0.00000274
2026-02-03T08:00:00Z,AVAXUSDT,-0.00024009
2026-02-03T16:00:00Z,AVAXUSDT,-0.00013629
2026-02-04T00:00:00Z,AVAXUSDT,0.00006892
2026-02-04T08:00:00Z,AVAXUSDT,0.00006921
2026-02-04T16:00:00Z,AVAXUSDT,-0.00002322
2026-02-05T00:00:00Z,AVAXUSDT,0.0001
2026-02-05T08:00:00Z,AVAXUSDT,0.00009925
2026-02-05T16:00:00Z,AVAXUSDT,0.00009398
2026-02-06T00:00:00Z,AVAXUSDT,0.0001
2026-02-06T08:00:00Z,AVAXUSDT,-0.00002889
2026-02-06T16:00:00Z,AVAXUSDT,0.00004384
2026-02-07T00:00:00Z,AVAXUSDT,0.00003923
2026-02-07T08:00:00Z,AVAXUSDT,-0.00000541
2026-02-07T16:00:00Z,AVAXUSDT,0.0001
2026-02-08T00:00:00Z,AVAXUSDT,0.00009639
2026-02-08T08:00:00Z,AVAXUSDT,0.0000654
2026-02-08T16:00:00Z,AVAXUSDT,-0.00000903
2026-02-09T00:00:00Z,AVAXUSDT,0.00004181
2026-02-09T08:00:00Z,AVAXUSDT,0.00004283
2026-02-09T16:00:00Z,AVAXUSDT,0.00003555
2026-02-10T00:00:00Z,AVAXUSDT,0.0001
2026-02-10T08:00:00Z,AVAXUSDT,0.00003174
2026-02-10T16:00:00Z,AVAXUSDT,0.00001893
2026-02-11T00:00:00Z,AVAXUSDT,0.0001
2026-02-11T08:00:00Z,AVAXUSDT,-0.00007186
2026-02-11T16:00:00Z,AVAXUSDT,-0.00002071
2026-02-12T00:00:00Z,AVAXUSDT,-0.00004747
2026-02-12T08:00:00Z,AVAXUSDT,0.0001
2026-02-12T16:00:00Z,AVAXUSDT,0.0001
2026-02-13T00:00:00Z,AVAXUSDT,0.0001
2026-02-13T08:00:00Z,AVAXUSDT,-0.00005723
2026-02-13T16:00:00Z,AVAXUSDT,0.00006519
2026-02-14T00:00:00Z,AVAXUSDT,0.0001
2026-02-14T08:00:00Z,AVAXUSDT,0.0001
2026-02-14T16:00:00Z,AVAXUSDT,0.0001
2026-02-15T00:00:00Z,AVAXUSDT,0.00007922
2026-02-15T08:00:00Z,AVAXUSDT,0.00004229
2026-02-15T16:00:00Z,AVAXUSDT,-0.00001774
2026-02-16T00:00:00Z,AVAXUSDT,-0.00005103
2026-02-16T08:00:00Z,AVAXUSDT,0.00007548
2026-02-16T16:00:00Z,AVAXUSDT,-0.00005918
2026-02-17T00:00:00Z,AVAXUSDT,0.0001
2026-02-17T08:00:00Z,AVAXUSDT,0.0001
2026-02-17T16:00:00Z,AVAXUSDT,0.00001207
2026-02-18T00:00:00Z,AVAXUSDT,0.00008632
2026-02-18T08:00:00Z,AVAXUSDT,0.00008092
2026-02-18T16:00:00Z,AVAXUSDT,-0.00000233
2026-02-19T00:00:00Z,AVAXUSDT,-0.0001075
2026-02-19T08:00:00Z,AVAXUSDT,-0.00007797
2026-02-19T16:00:00Z,AVAXUSDT,-0.00021066
2026-02-20T00:00:00Z,AVAXUSDT,0.0001
2026-02-20T08:00:00Z,AVAXUSDT,0.0001
2026-02-20T16:00:00Z,AVAXUSDT,0.00002867
2026-02-21T00:00:00Z,AVAXUSDT,0.0001
2026-02-21T08:00:00Z,AVAXUSDT,0.0001
2026-02-21T16:00:00Z,AVAXUSDT,0.0001
2026-02-22T00:00:00Z,AVAXUSDT,-0.00014236
2026-02-22T08:00:00Z,AVAXUSDT,-0.00010495
2026-02-22T16:00:00Z,AVAXUSDT,-0.00004697
2026-02-23T00:00:00Z,AVAXUSDT,-0.0001724
2026-02-23T08:00:00Z,AVAXUSDT,-0.00016532
2026-02-23T16:00:00Z,AVAXUSDT,0.00007508
2026-02-24T00:00:00Z,AVAXUSDT,-0.00004293
2026-02-24T08:00:00Z,AVAXUSDT,-0.00009767
2026-02-24T16:00:00Z,AVAXUSDT,-0.00011768
2026-02-25T00:00:00Z,AVAXUSDT,-0.00000311
2026-02-25T08:00:00Z,AVAXUSDT,0.00004966
2026-02-25T16:00:00Z,AVAXUSDT,0.0001
2026-02-26T00:00:00Z,AVAXUSDT,0.0001
2026-02-26T08:00:00Z,AVAXUSDT,0.00006431
2026-02-26T16:00:00Z,AVAXUSDT,0.00004932
2026-02-27T00:00:00Z,AVAXUSDT,0.0001
2026-02-27T08:00:00Z,AVAXUSDT,0.0001
2026-02-27T16:00:00Z,AVAXUSDT,-0.0001214
2026-02-28T00:00:00Z,AVAXUSDT,-0.00006506
2026-02-28T08:00:00Z,AVAXUSDT,-0.00008999
2026-02-28T16:00:00Z,AVAXUSDT,-0.00002785
2026-03-01T00:00:00Z,AVAXUSDT,0.0001
2026-03-01T08:00:00Z,AVAXUSDT,0.0001
2026-03-01T16:00:00Z,AVAXUSDT,0.0001
2026-03-02T00:00:00Z,AVAXUSDT,0.0001
2026-03-02T08:00:00Z,AVAXUSDT,0.0001
2026-03-02T16:00:00Z,AVAXUSDT,0.00003648
2026-03-03T00:00:00Z,AVAXUSDT,0.0001
2026-03-03T08:00:00Z,AVAXUSDT,-0.00003178
2026-03-03T16:00:00Z,AVAXUSDT,-0.00008454
2026-03-04T00:00:00Z,AVAXUSDT,0.0001
2026-03-04T08:00:00Z,AVAXUSDT,0.00003039
2026-03-04T16:00:00Z,AVAXUSDT,0.00008866
2026-03-05T00:00:00Z,AVAXUSDT,0.0001
2026-03-05T08:00:00Z,AVAXUSDT,0.00000609
2026-03-05T16:00:00Z,AVAXUSDT,0.00001159
2026-03-06T00:00:00Z,AVAXUSDT,0.0000068
2026-03-06T08:00:00Z,AVAXUSDT,0.00002658
2026-03-06T16:00:00Z,AVAXUSDT,-0.00020248
2026-03-07T00:00:00Z,AVAXUSDT,-0.00007701
2026-03-07T08:00:00Z,AVAXUSDT,-0.00006976
2026-03-07T16:00:00Z,AVAXUSDT,-0.00011905
2026-03-08T00:00:00Z,AVAXUSDT,-0.00014135
2026-03-08T08:00:00Z,AVAXUSDT,-0.00013402
2026-03-08T16:00:00Z,AVAXUSDT,-0.0000643
2026-03-09T00:00:00Z,AVAXUSDT,-0.00010413
2026-03-09T08:00:00Z,AVAXUSDT,0.0001
2026-03-09T16:00:00Z,AVAXUSDT,0.0001
2026-03-10T00:00:00Z,AVAXUSDT,0.0001
2026-03-10T08:00:00Z,AVAXUSDT,0.0001
2026-03-10T16:00:00Z,AVAXUSDT,0.0001
2026-03-11T00:00:00Z,AVAXUSDT,0.0001
2026-03-11T08:00:00Z,AVAXUSDT,0.00008265
2026-03-11T16:00:00Z,AVAXUSDT,0.00007219
2026-03-12T00:00:00Z,AVAXUSDT,0.00007218
2026-03-12T08:00:00Z,AVAXUSDT,-0.00001266
2026-03-12T16:00:00Z,AVAXUSDT,0.0000127
2026-03-13T00:00:00Z,AVAXUSDT,0.0001
2026-03-13T08:00:00Z,AVAXUSDT,0.0001
2026-03-13T16:00:00Z,AVAXUSDT,0.00006955
2026-03-14T00:00:00Z,AVAXUSDT,-0.00003594
2026-03-14T08:00:00Z,AVAXUSDT,0.00004698
2026-03-14T16:00:00Z,AVAXUSDT,-0.00009433
2026-03-15T00:00:00Z,AVAXUSDT,-0.00009639
2026-03-15T08:00:00Z,AVAXUSDT,0.00004748
2026-03-15T16:00:00Z,AVAXUSDT,0.00006413
2026-03-16T00:00:00Z,AVAXUSDT,0.00006844
2026-03-16T08:00:00Z,AVAXUSDT,0.0001
2026-03-16T16:00:00Z,AVAXUSDT,0.00006947
2026-03-17T00:00:00Z,AVAXUSDT,0.0001
2026-03-17T08:00:00Z,AVAXUSDT,-0.00005049
2026-03-17T16:00:00Z,AVAXUSDT,-0.00003903
2026-03-18T00:00:00Z,AVAXUSDT,0.00008511
2026-03-18T08:00:00Z,AVAXUSDT,0.00003822
2026-03-18T16:00:00Z,AVAXUSDT,-0.00006868
2026-03-19T00:00:00Z,AVAXUSDT,0.00001442
2026-03-19T08:00:00Z,AVAXUSDT,0.00004269
2026-03-19T16:00:00Z,AVAXUSDT,0.0000908
2026-03-20T00:00:00Z,AVAXUSDT,-0.00000877
2026-03-20T08:00:00Z,AVAXUSDT,-0.00005827
2026-03-20T16:00:00Z,AVAXUSDT,0.00002198
2026-03-21T00:00:00Z,AVAXUSDT,-0.00003045
2026-03-21T08:00:00Z,AVAXUSDT,0.00000994
2026-03-21T16:00:00Z,AVAXUSDT,0.00004306
2026-03-22T00:00:00Z,AVAXUSDT,0.00009379
2026-03-22T08:00:00Z,AVAXUSDT,-0.00004015
2026-03-22T16:00:00Z,AVAXUSDT,-0.00016997
2026-03-23T00:00:00Z,AVAXUSDT,-0.00016957
2026-03-23T08:00:00Z,AVAXUSDT,-0.00003229
2026-03-23T16:00:00Z,AVAXUSDT,0.00007672
2026-03-24T00:00:00Z,AVAXUSDT,0.00004142
2026-03-24T08:00:00Z,AVAXUSDT,0.0001
2026-03-24T16:00:00Z,AVAXUSDT,0.0000436
2026-03-25T00:00:00Z,AVAXUSDT,0.0001
2026-03-25T08:00:00Z,AVAXUSDT,0.0001
2026-03-25T16:00:00Z,AVAXUSDT,0.0001
2026-03-26T00:00:00Z,AVAXUSDT,0.0001
2026-03-26T08:00:00Z,AVAXUSDT,0.00006278
2026-03-26T16:00:00Z,AVAXUSDT,0.00004465
2026-03-27T00:00:00Z,AVAXUSDT,-0.00019416
2026-03-27T08:00:00Z,AVAXUSDT,-0.00000042
2026-03-27T16:00:00Z,AVAXUSDT,-0.000123
2026-03-28T00:00:00Z,AVAXUSDT,-0.0000099
2026-03-28T08:00:00Z,AVAXUSDT,-0.00005883
2026-03-28T16:00:00Z,AVAXUSDT,0.00003479
2026-03-29T00:00:00Z,AVAXUSDT,-0.00005768
2026-03-29T08:00:00Z,AVAXUSDT,-0.00001227
2026-03-29T16:00:00Z,AVAXUSDT,-0.00008837
2026-03-30T00:00:00Z,AVAXUSDT,-0.00000564
2026-03-30T08:00:00Z,AVAXUSDT,0.00006284
2026-03-30T16:00:00Z,AVAXUSDT,0.00007299
2026-03-31T00:00:00Z,AVAXUSDT,0.00000656
2026-03-31T08:00:00Z,AVAXUSDT,0.00007608
2026-03-31T16:00:00Z,AVAXUSDT,-0.00000627
2026-04-01T00:00:00Z,AVAXUSDT,0.0001
2026-04-01T08:00:00Z,AVAXUSDT,0.0001
2026-04-01T16:00:00Z,AVAXUSDT,0.00002817
2026-04-02T00:00:00Z,AVAXUSDT,-0.00003839
2026-04-02T08:00:00Z,AVAXUSDT,-0.00013463
2026-04-02T16:00:00Z,AVAXUSDT,-0.00002565
2026-04-03T00:00:00Z,AVAXUSDT,0.00000724
2026-04-03T08:00:00Z,AVAXUSDT,0.0001
2026-04-03T16:00:00Z,AVAXUSDT,0.0001
2026-04-04T00:00:00Z,AVAXUSDT,0.0001
2026-04-04T08:00:00Z,AVAXUSDT,0.00003395
2026-04-04T16:00:00Z,AVAXUSDT,0.00003085
2026-04-05T00:00:00Z,AVAXUSDT,0.0001
2026-04-05T08:00:00Z,AVAXUSDT,0.00002945
2026-04-05T16:00:00Z,AVAXUSDT,-0.00011316
2026-04-06T00:00:00Z,AVAXUSDT,0.00006921
2026-04-06T08:00:00Z,AVAXUSDT,0.0001
2026-04-06T16:00:00Z,AVAXUSDT,0.0001
2026-04-07T00:00:00Z,AVAXUSDT,0.00000859
2026-04-07T08:00:00Z,AVAXUSDT,-0.0003296
2026-04-07T16:00:00Z,AVAXUSDT,-0.00016854
2026-04-08T00:00:00Z,AVAXUSDT,0.0001
2026-04-08T08:00:00Z,AVAXUSDT,0.0001
2026-04-08T16:00:00Z,AVAXUSDT,0.0001
2026-04-09T00:00:00Z,AVAXUSDT,0.0001
2026-04-09T08:00:00Z,AVAXUSDT,0.0000981
2026-04-09T16:00:00Z,AVAXUSDT,0.0001
2026-04-10T00:00:00Z,AVAXUSDT,0.0001
2026-04-10T08:00:00Z,AVAXUSDT,0.0001
2026-04-10T16:00:00Z,AVAXUSDT,0.00006782
2026-04-11T00:00:00Z,AVAXUSDT,0.00009419
2026-04-11T08:00:00Z,AVAXUSDT,-0.00006983
2026-04-11T16:00:00Z,AVAXUSDT,0.00003532
2026-04-12T00:00:00Z,AVAXUSDT,0.00009756
2026-04-12T08:00:00Z,AVAXUSDT,-0.0000613
2026-04-12T16:00:00Z,AVAXUSDT,0.00003797
2026-04-13T00:00:00Z,AVAXUSDT,0.0000192
2026-04-13T08:00:00Z,AVAXUSDT,-0.00000575
2026-04-13T16:00:00Z,AVAXUSDT,0.0000616
2026-04-14T00:00:00Z,AVAXUSDT,0.0001
2026-04-14T08:00:00Z,AVAXUSDT,0.00009961
2026-04-14T16:00:00Z,AVAXUSDT,-0.00001192
2026-04-15T00:00:00Z,AVAXUSDT,-0.00005873
2026-04-15T08:00:00Z,AVAXUSDT,0.00000513
2026-04-15T16:00:00Z,AVAXUSDT,0.0001
2026-04-16T00:00:00Z,AVAXUSDT,0.0001
2026-04-16T08:00:00Z,AVAXUSDT,0.0001
2026-04-16T16:00:00Z,AVAXUSDT,0.00004399
2026-04-17T00:00:00Z,AVAXUSDT,0.0001
2026-04-17T08:00:00Z,AVAXUSDT,0.00001075
2026-04-17T16:00:00Z,AVAXUSDT,0.0001
2026-04-18T00:00:00Z,AVAXUSDT,-0.00007787
2026-04-18T08:00:00Z,AVAXUSDT,0.00001659
2026-04-18T16:00:00Z,AVAXUSDT,-0.00006459
2026-04-19T00:00:00Z,AVAXUSDT,0.00003032
2026-04-19T08:00:00Z,AVAXUSDT,-0.00012324
2026-04-19T16:00:00Z,AVAXUSDT,0.00007504
2026-04-20T00:00:00Z,AVAXUSDT,-0.0000432
2026-04-20T08:00:00Z,AVAXUSDT,0.00002366
2026-04-20T16:00:00Z,AVAXUSDT,-0.00000652
2026-04-21T00:00:00Z,AVAXUSDT,0.00006774
2026-04-21T08:00:00Z,AVAXUSDT,0.00001154
2026-04-21T16:00:00Z,AVAXUSDT,0.0001
2026-04-22T00:00:00Z,AVAXUSDT,0.00009274
2026-04-22T08:00:00Z,AVAXUSDT,0.0001
2026-04-22T16:00:00Z,AVAXUSDT,0.00006232
2026-04-23T00:00:00Z,AVAXUSDT,0.00001878
2026-04-23T08:00:00Z,AVAXUSDT,-0.00011365
2026-04-23T16:00:00Z,AVAXUSDT,0.00001815
2026-04-24T00:00:00Z,AVAXUSDT,-0.00002636
2026-04-24T08:00:00Z,AVAXUSDT,0.00006818
2026-04-24T16:00:00Z,AVAXUSDT,0.0001
2026-04-25T00:00:00Z,AVAXUSDT,0.0001
2026-04-25T08:00:00Z,AVAXUSDT,0.00005537
2026-04-25T16:00:00Z,AVAXUSDT,-0.0000639
2026-04-26T00:00:00Z,AVAXUSDT,-0.00009254
2026-04-26T08:00:00Z,AVAXUSDT,0.00007831
2026-04-26T16:00:00Z,AVAXUSDT,0.0001
2026-04-27T00:00:00Z,AVAXUSDT,-0.00003375
2026-04-27T08:00:00Z,AVAXUSDT,-0.00020452
2026-04-27T16:00:00Z,AVAXUSDT,-0.00013356
2026-04-28T00:00:00Z,AVAXUSDT,0.0001
2026-04-28T08:00:00Z,AVAXUSDT,0.0001
2026-04-28T16:00:00Z,AVAXUSDT,0.00003227
2026-04-29T00:00:00Z,AVAXUSDT,0.00009481
2026-04-29T08:00:00Z,AVAXUSDT,0.0001
2026-04-29T16:00:00Z,AVAXUSDT,-0.00007389
2026-04-30T00:00:00Z,AVAXUSDT,-0.00005964
2026-04-30T08:00:00Z,AVAXUSDT,0.0001
2026-04-30T16:00:00Z,AVAXUSDT,0.00003933
2026-05-01T00:00:00Z,AVAXUSDT,0.000083
2026-05-01T08:00:00Z,AVAXUSDT,0.0001
2026-05-01T16:00:00Z,AVAXUSDT,0.00006934
2026-05-02T00:00:00Z,AVAXUSDT,-0.00002747
2026-05-02T08:00:00Z,AVAXUSDT,0.00000081
2026-05-02T16:00:00Z,AVAXUSDT,-0.00003315
2026-05-03T00:00:00Z,AVAXUSDT,0.00007062
2026-05-03T08:00:00Z,AVAXUSDT,-0.00021331
2026-05-03T16:00:00Z,AVAXUSDT,0.0001
2026-05-04T00:00:00Z,AVAXUSDT,0.0001
2026-05-04T08:00:00Z,AVAXUSDT,0.0001
2026-05-04T16:00:00Z,AVAXUSDT,0.00000107
2026-05-05T00:00:00Z,AVAXUSDT,0.0001
2026-05-05T08:00:00Z,AVAXUSDT,0.0001
2026-05-05T16:00:00Z,AVAXUSDT,0.0001
2026-05-06T00:00:00Z,AVAXUSDT,0.0001
2026-05-06T08:00:00Z,AVAXUSDT,0.0001
2026-05-06T16:00:00Z,AVAXUSDT,0.00000683
2026-05-07T00:00:00Z,AVAXUSDT,0.00008925
2026-05-07T08:00:00Z,AVAXUSDT,0.0000507
2026-05-07T16:00:00Z,AVAXUSDT,-0.00001849
2026-05-08T00:00:00Z,AVAXUSDT,0.0001
2026-05-08T08:00:00Z,AVAXUSDT,0.0001
2026-05-08T16:00:00Z,AVAXUSDT,0.0001
2026-05-09T00:00:00Z,AVAXUSDT,-0.00000859
2026-05-09T08:00:00Z,AVAXUSDT,-0.00001422
2026-05-09T16:00:00Z,AVAXUSDT,-0.0000143
2026-05-10T00:00:00Z,AVAXUSDT,-0.00006701
2026-05-10T08:00:00Z,AVAXUSDT,0.00007898
2026-05-10T16:00:00Z,AVAXUSDT,0.00004122
2026-05-11T00:00:00Z,AVAXUSDT,0.00007216
2026-05-11T08:00:00Z,AVAXUSDT,0.00002109
2026-05-11T16:00:00Z,AVAXUSDT,0.00009643
2026-05-12T00:00:00Z,AVAXUSDT,0.00004204
2026-05-12T08:00:00Z,AVAXUSDT,0.0001
2026-05-12T16:00:00Z,AVAXUSDT,-0.00003841
2026-05-13T00:00:00Z,AVAXUSDT,0.00006949
2026-05-13T08:00:00Z,AVAXUSDT,0.0000879
2026-05-13T16:00:00Z,AVAXUSDT,-0.00002498
2026-05-14T00:00:00Z,AVAXUSDT,0.00005767
2026-05-14T08:00:00Z,AVAXUSDT,-0.00005298
2026-05-14T16:00:00Z,AVAXUSDT,0.0001
2026-05-15T00:00:00Z,AVAXUSDT,0.0001
2026-05-15T08:00:00Z,AVAXUSDT,0.00006541
2026-05-15T16:00:00Z,AVAXUSDT,-0.00020903
2026-05-16T00:00:00Z,AVAXUSDT,-0.00003935
2026-05-16T08:00:00Z,AVAXUSDT,-0.00014614
2026-05-16T16:00:00Z,AVAXUSDT,0.00004978
2026-05-17T00:00:00Z,AVAXUSDT,0.0001
2026-05-17T08:00:00Z,AVAXUSDT,0.00005738
2026-05-17T16:00:00Z,AVAXUSDT,0.0000051
2026-05-18T00:00:00Z,AVAXUSDT,0.00000558
2026-05-18T08:00:00Z,AVAXUSDT,0.00001271
2026-05-18T16:00:00Z,AVAXUSDT,-0.00005811
2026-05-19T00:00:00Z,AVAXUSDT,0.0001
2026-05-19T08:00:00Z,AVAXUSDT,0.0001
2026-05-19T16:00:00Z,AVAXUSDT,0.0000936
2026-05-20T00:00:00Z,AVAXUSDT,0.0001
2026-05-20T08:00:00Z,AVAXUSDT,0.00001162
2026-05-20T16:00:00Z,AVAXUSDT,0.00009574
2026-05-21T00:00:00Z,AVAXUSDT,0.00003486
2026-05-21T08:00:00Z,AVAXUSDT,0.00008071
2026-05-21T16:00:00Z,AVAXUSDT,0.00002034
2026-05-22T00:00:00Z,AVAXUSDT,0.0001
2026-05-22T08:00:00Z,AVAXUSDT,0.0001
2026-05-22T16:00:00Z,AVAXUSDT,0.00000521
2026-05-23T00:00:00Z,AVAXUSDT,-0.00000494
2026-05-23T08:00:00Z,AVAXUSDT,-0.0001141
2026-05-23T16:00:00Z,AVAXUSDT,-0.00009333
2026-05-24T00:00:00Z,AVAXUSDT,0.0001
2026-05-24T08:00:00Z,AVAXUSDT,0.00001072
2026-05-24T16:00:00Z,AVAXUSDT,-0.00000985
2026-05-25T00:00:00Z,AVAXUSDT,0.0000262
2026-05-25T08:00:00Z,AVAXUSDT,0.00006555
2026-05-25T16:00:00Z,AVAXUSDT,0.0001
2026-05-26T00:00:00Z,AVAXUSDT,0.0001
2026-05-26T08:00:00Z,AVAXUSDT,0.00006886
2026-05-26T16:00:00Z,AVAXUSDT,0.00006582
2026-05-27T00:00:00Z,AVAXUSDT,0.00000738
2026-05-27T08:00:00Z,AVAXUSDT,0.00004339
2026-05-27T16:00:00Z,AVAXUSDT,0.00008291
2026-05-28T00:00:00Z,AVAXUSDT,0.00000882
2026-05-28T08:00:00Z,AVAXUSDT,-0.00021554
2026-05-28T16:00:00Z,AVAXUSDT,-0.00000073
2026-05-29T00:00:00Z,AVAXUSDT,0.00003236
2026-05-29T08:00:00Z,AVAXUSDT,0.0001
2026-05-29T16:00:00Z,AVAXUSDT,0.0001
2026-05-30T00:00:00Z,AVAXUSDT,0.0001
2026-05-30T08:00:00Z,AVAXUSDT,0.0001
2026-05-30T16:00:00Z,AVAXUSDT,0.00006016
2026-05-31T00:00:00Z,AVAXUSDT,0.0001
2026-05-31T08:00:00Z,AVAXUSDT,0.00002049
2026-05-31T16:00:00Z,AVAXUSDT,-0.00000961
2026-06-01T00:00:00Z,AVAXUSDT,-0.00002714
2026-06-01T08:00:00Z,AVAXUSDT,0.00006886
2026-06-01T16:00:00Z,AVAXUSDT,0.0000246
2026-06-02T00:00:00Z,AVAXUSDT,0.0001
2026-06-02T08:00:00Z,AVAXUSDT,-0.00001655
2026-06-02T16:00:00Z,AVAXUSDT,-0.00006722
2026-06-03T00:00:00Z,AVAXUSDT,-0.00000129
2026-06-03T08:00:00Z,AVAXUSDT,0.00008209
2026-06-03T16:00:00Z,AVAXUSDT,0.00006505
2026-06-04T00:00:00Z,AVAXUSDT,-0.00003378
2026-06-04T08:00:00Z,AVAXUSDT,0.00006691
2026-06-04T16:00:00Z,AVAXUSDT,-0.00000474
2026-06-05T00:00:00Z,AVAXUSDT,-0.00003806
2026-06-05T08:00:00Z,AVAXUSDT,0.00005447
2026-06-05T16:00:00Z,AVAXUSDT,-0.00003775
2026-06-06T00:00:00Z,AVAXUSDT,-0.00013663
2026-06-06T08:00:00Z,AVAXUSDT,-0.00000571
2026-06-06T16:00:00Z,AVAXUSDT,-0.00004443
2026-06-07T00:00:00Z,AVAXUSDT,-0.00002799
2026-06-07T08:00:00Z,AVAXUSDT,-0.00001029
2026-06-07T16:00:00Z,AVAXUSDT,-0.00006644
2026-06-08T00:00:00Z,AVAXUSDT,0.00009171
2026-06-08T08:00:00Z,AVAXUSDT,-0.0000233
2026-06-08T16:00:00Z,AVAXUSDT,-0.00001406
2026-06-09T00:00:00Z,AVAXUSDT,0.00000602
2026-06-09T08:00:00Z,AVAXUSDT,0.0000418
2026-06-09T16:00:00Z,AVAXUSDT,-0.00007983
2026-06-10T00:00:00Z,AVAXUSDT,0.0001
2026-06-10T08:00:00Z,AVAXUSDT,-0.0000208
2026-06-10T16:00:00Z,AVAXUSDT,-0.00007794
2026-06-11T00:00:00Z,AVAXUSDT,-0.00006549
2026-06-11T08:00:00Z,AVAXUSDT,0.0001
2026-06-11T16:00:00Z,AVAXUSDT,-0.00000369
2026-06-12T00:00:00Z,AVAXUSDT,0.00007781
2026-06-12T08:00:00Z,AVAXUSDT,-0.00000216
2026-06-12T16:00:00Z,AVAXUSDT,-0.00003613
2026-06-13T00:00:00Z,AVAXUSDT,-0.00005555
2026-06-13T08:00:00Z,AVAXUSDT,-0.00005047
2026-06-13T16:00:00Z,AVAXUSDT,0.000045
2026-06-14T00:00:00Z,AVAXUSDT,0.00007538
2026-06-14T08:00:00Z,AVAXUSDT,-0.00010449
2026-06-14T16:00:00Z,AVAXUSDT,-0.00009469
2026-06-15T00:00:00Z,AVAXUSDT,0.00002924
2026-06-15T08:00:00Z,AVAXUSDT,0.00008263
2026-06-15T16:00:00Z,AVAXUSDT,0.00004517
2026-06-16T00:00:00Z,AVAXUSDT,0.00003465
2026-06-16T08:00:00Z,AVAXUSDT,-0.00001471
2026-06-16T16:00:00Z,AVAXUSDT,-0.00005338
2026-06-17T00:00:00Z,AVAXUSDT,0.00005218
2026-06-17T08:00:00Z,AVAXUSDT,0.00000586
2026-06-17T16:00:00Z,AVAXUSDT,0.00004552
2026-06-18T00:00:00Z,AVAXUSDT,-0.00015664
2026-06-18T08:00:00Z,AVAXUSDT,-0.00015382
2026-06-18T16:00:00Z,AVAXUSDT,-0.00008195
2026-06-19T00:00:00Z,AVAXUSDT,-0.00004255
2026-06-19T08:00:00Z,AVAXUSDT,-0.00011101
2026-06-19T16:00:00Z,AVAXUSDT,-0.00010386
2026-06-20T00:00:00Z,AVAXUSDT,-0.00008089
2026-06-20T08:00:00Z,AVAXUSDT,0.00001507
2026-06-20T16:00:00Z,AVAXUSDT,0.0001
2026-06-21T00:00:00Z,AVAXUSDT,0.0001
2026-06-21T08:00:00Z,AVAXUSDT,0.0001
2026-06-21T16:00:00Z,AVAXUSDT,-0.00006539
2026-06-22T00:00:00Z,AVAXUSDT,0.00003129
2026-06-22T08:00:00Z,AVAXUSDT,-0.00004645
2026-06-22T16:00:00Z,AVAXUSDT,0.00001086
2026-06-23T00:00:00Z,AVAXUSDT,-0.0000553
2026-06-23T08:00:00Z,AVAXUSDT,-0.00000828
2026-06-23T16:00:00Z,AVAXUSDT,-0.00001977
2026-06-24T00:00:00Z,AVAXUSDT,0.00008137
2026-06-24T08:00:00Z,AVAXUSDT,0.00006912
2026-06-24T16:00:00Z,AVAXUSDT,0.00004549
2026-06-25T00:00:00Z,AVAXUSDT,0.00001244
2026-06-25T08:00:00Z,AVAXUSDT,-0.00000438
2026-06-25T16:00:00Z,AVAXUSDT,-0.0000666
2026-06-26T00:00:00Z,AVAXUSDT,0.00001679
2026-06-26T08:00:00Z,AVAXUSDT,-0.00003208
2026-06-26T16:00:00Z,AVAXUSDT,0.00002579
2026-06-27T00:00:00Z,AVAXUSDT,0.0001
2026-06-27T08:00:00Z,AVAXUSDT,0.0000497
2026-06-27T16:00:00Z,AVAXUSDT,0.0001
2026-06-28T00:00:00Z,AVAXUSDT,0.00000043
2026-06-28T08:00:00Z,AVAXUSDT,-0.00005725
2026-06-28T16:00:00Z,AVAXUSDT,0.0001
2026-06-29T00:00:00Z,AVAXUSDT,0.00001828
2026-06-29T08:00:00Z,AVAXUSDT,0.00002082
2026-06-29T16:00:00Z,AVAXUSDT,0.00002027
2026-06-30T00:00:00Z,AVAXUSDT,0.0001
2026-06-30T08:00:00Z,AVAXUSDT,-0.00001126
2026-06-30T16:00:00Z,AVAXUSDT,0.0000392
2026-07-01T00:00:00Z,AVAXUSDT,0.00004886
2026-07-01T08:00:00Z,AVAXUSDT,0.00008719
2026-07-01T16:00:00Z,AVAXUSDT,0.00003036
2026-07-02T00:00:00Z,AVAXUSDT,0.00003493
2026-07-02T08:00:00Z,AVAXUSDT,-0.00008802
2026-07-02T16:00:00Z,AVAXUSDT,-0.00005147
2026-07-03T00:00:00Z,AVAXUSDT,0.00000395
2026-07-03T08:00:00Z,AVAXUSDT,0.00005694
2026-07-03T16:00:00Z,AVAXUSDT,-0.00003511
2026-07-04T00:00:00Z,AVAXUSDT,0.0001
2026-07-04T08:00:00Z,AVAXUSDT,0.00003091
2026-07-04T16:00:00Z,AVAXUSDT,0.0001
2026-07-05T00:00:00Z,AVAXUSDT,0.0001
2026-07-05T08:00:00Z,AVAXUSDT,-0.00005092
2026-07-05T16:00:00Z,AVAXUSDT,0.00006805
2026-07-06T00:00:00Z,AVAXUSDT,0.0000416
2026-07-06T08:00:00Z,AVAXUSDT,0.0001
2026-07-06T16:00:00Z,AVAXUSDT,0.0000565
2026-07-07T00:00:00Z,AVAXUSDT,0.0001
2026-07-07T08:00:00Z,AVAXUSDT,-0.00010052
2026-07-07T16:00:00Z,AVAXUSDT,-0.00006881
2026-07-08T00:00:00Z,AVAXUSDT,0.00009903
2026-07-08T08:00:00Z,AVAXUSDT,-0.00011826
2026-07-08T16:00:00Z,AVAXUSDT,-0.00001747
2026-07-09T00:00:00Z,AVAXUSDT,0.00007038
2026-07-09T08:00:00Z,AVAXUSDT,0.0001
2026-07-09T16:00:00Z,AVAXUSDT,0.00009698
2026-07-10T00:00:00Z,AVAXUSDT,0.00004622
2026-07-10T08:00:00Z,AVAXUSDT,0.0001
2026-07-10T16:00:00Z,AVAXUSDT,0.00000002
2026-07-11T00:00:00Z,AVAXUSDT,0.00008537
2026-07-11T08:00:00Z,AVAXUSDT,0.00006812
2026-07-11T16:00:00Z,AVAXUSDT,0.00008096
2026-07-12T00:00:00Z,AVAXUSDT,-0.00009994
2026-07-12T08:00:00Z,AVAXUSDT,-0.00015847
2026-07-12T16:00:00Z,AVAXUSDT,-0.00015792
2026-07-13T00:00:00Z,AVAXUSDT,0.00002688
2026-07-13T08:00:00Z,AVAXUSDT,0.00003307
2026-07-13T16:00:00Z,AVAXUSDT,0.00004408
2026-07-14T00:00:00Z,AVAXUSDT,-0.00011871
2026-07-14T08:00:00Z,AVAXUSDT,0.00009682
2026-07-14T16:00:00Z,AVAXUSDT,-0.00001797
2026-07-15T00:00:00Z,AVAXUSDT,0.00001683
2026-07-15T08:00:00Z,AVAXUSDT,0.00009382
2026-07-15T16:00:00Z,AVAXUSDT,0.0001
2026-07-16T00:00:00Z,AVAXUSDT,0.00008089
2026-07-16T08:00:00Z,AVAXUSDT,0.00000857
2026-07-16T16:00:00Z,AVAXUSDT,0.00006447
2026-07-17T00:00:00Z,AVAXUSDT,0.00005156
2026-07-17T08:00:00Z,AVAXUSDT,-0.00001944
2026-07-17T16:00:00Z,AVAXUSDT,0.00002037
2026-07-18T00:00:00Z,AVAXUSDT,-0.00013464
2026-07-18T08:00:00Z,AVAXUSDT,0.00005857
2026-07-18T16:00:00Z,AVAXUSDT,-0.0000542
2026-07-19T00:00:00Z,AVAXUSDT,0.0001
2026-07-19T08:00:00Z,AVAXUSDT,-0.00004826
2026-07-19T16:00:00Z,AVAXUSDT,-0.0000287
2026-07-20T00:00:00Z,AVAXUSDT,-0.00012086
2026-07-20T08:00:00Z,AVAXUSDT,0.00004121
2026-07-20T16:00:00Z,AVAXUSDT,-0.00003491
2026-07-21T00:00:00Z,AVAXUSDT,0.0001
2026-07-21T08:00:00Z,AVAXUSDT,0.00006982
2026-07-21T16:00:00Z,AVAXUSDT,-0.00003478
2026-07-22T00:00:00Z,AVAXUSDT,0.00000573
2026-07-22T08:00:00Z,AVAXUSDT,0.00006582
2026-07-22T16:00:00Z,AVAXUSDT,0.00008405
2026-07-23T00:00:00Z,AVAXUSDT,0.0001
2026-07-23T08:00:00Z,AVAXUSDT,-0.00000873
2026-07-23T16:00:00Z,AVAXUSDT,-0.00013746
2026-07-24T00:00:00Z,AVAXUSDT,-0.00007893
2026-07-24T08:00:00Z,AVAXUSDT,0.0000121
2026-07-24T16:00:00Z,AVAXUSDT,0.00002225
2026-07-25T00:00:00Z,AVAXUSDT,0.00007566
2026-07-25T08:00:00Z,AVAXUSDT,-0.00003957
2026-07-25T16:00:00Z,AVAXUSDT,0.00004212
2026-07-26T00:00:00Z,AVAXUSDT,0.0001
2026-07-26T08:00:00Z,AVAXUSDT,0.0001
2026-07-26T16:00:00Z,AVAXUSDT,0.00000309
2026-07-27T00:00:00Z,AVAXUSDT,0.00009053
2026-07-27T08:00:00Z,AVAXUSDT,0.0001
2026-07-27T16:00:00Z,AVAXUSDT,0.0001
2026-07-28T00:00:00Z,AVAXUSDT,0.0001
2026-07-28T08:00:00Z,AVAXUSDT,0.00001935
2026-07-28T16:00:00Z,AVAXUSDT,0.00000883
2026-07-29T00:00:00Z,AVAXUSDT,0.00004089
2026-07-29T08:00:00Z,AVAXUSDT,-0.00004408
2026-07-29T16:00:00Z,AVAXUSDT,0.0001
2026-07-30T00:00:00Z,AVAXUSDT,-0.00004273
2026-07-30T08:00:00Z,AVAXUSDT,-0.00000876
2026-07-30T16:00:00Z,AVAXUSDT,0.00002749
2026-07-31T00:00:00Z,AVAXUSDT,0.00002112
2026-07-31T08:00:00Z,AVAXUSDT,-0.00006828
2026-07-31T16:00:00Z,AVAXUSDT,0.00005887
2026-08-01T00:00:00Z,AVAXUSDT,0.00004503
2026-08-01T08:00:00Z,AVAXUSDT,0.00003195
2026-08-01T16:00:00Z,AVAXUSDT,0.0000125
2026-08-02T00:00:00Z,AVAXUSDT,-0.00017037
2026-08-02T08:00:00Z,AVAXUSDT,0.0001
2026-08-02T16:00:00Z,AVAXUSDT,0.0001
2026-08-03T00:00:00Z,AVAXUSDT,0.00005856
2026-08-03T08:00:00Z,AVAXUSDT,-0.00006157
2026-08-03T16:00:00Z,AVAXUSDT,0.00001775
2026-08-04T00:00:00Z,AVAXUSDT,0.00009699
2026-08-04T08:00:00Z,AVAXUSDT,0.0001
2026-08-04T16:00:00Z,AVAXUSDT,0.0001
2026-08-05T00:00:00Z,AVAXUSDT,0.0001
2026-08-05T08:00:00Z,AVAXUSDT,0.0001
2026-08-05T16:00:00Z,AVAXUSDT,0.00008329
2026-08-06T00:00:00Z,AVAXUSDT,-0.00000859
2026-08-06T08:00:00Z,AVAXUSDT,-0.00005103
2026-08-06T16:00:00Z,AVAXUSDT,-0.00007268
2026-08-07T00:00:00Z,AVAXUSDT,-0.0000104
2026-08-07T08:00:00Z,AVAXUSDT,-0.0001725
2026-08-07T16:00:00Z,AVAXUSDT,-0.0000624
2026-08-08T00:00:00Z,AVAXUSDT,0.00002745
2026-08-08T08:00:00Z,AVAXUSDT,-0.00004308
2026-08-08T16:00:00Z,AVAXUSDT,0.00000282
2026-08-09T00:00:00Z,AVAXUSDT,0.00002961
2026-08-09T08:00:00Z,AVAXUSDT,0.0001
2026-08-09T16:00:00Z,AVAXUSDT,0.0001
2026-08-10T00:00:00Z,AVAXUSDT,0.0001
2026-08-10T08:00:00Z,AVAXUSDT,0.00008848
2026-08-10T16:00:00Z,AVAXUSDT,-0.00003149
2026-08-11T00:00:00Z,AVAXUSDT,0.00003244
2026-08-11T08:00:00Z,AVAXUSDT,0.0001
2026-08-11T16:00:00Z,AVAXUSDT,-0.00000367
2026-08-12T00:00:00Z,AVAXUSDT,-0.00011295
2026-08-12T08:00:00Z,AVAXUSDT,-0.00003337
2026-08-12T16:00:00Z,AVAXUSDT,-0.00002647
2026-08-13T00:00:00Z,AVAXUSDT,-0.0000049
2026-08-13T08:00:00Z,AVAXUSDT,0.0001
2026-08-13T16:00:00Z,AVAXUSDT,0.0001
2026-08-14T00:00:00Z,AVAXUSDT,0.00005947
2026-08-14T08:00:00Z,AVAXUSDT,0.00004214
2026-08-14T16:00:00Z,AVAXUSDT,0.00001739
2026-08-15T00:00:00Z,AVAXUSDT,0.00001202
2026-08-15T08:00:00Z,AVAXUSDT,0.0001
2026-08-15T16:00:00Z,AVAXUSDT,0.00009298
2026-08-16T00:00:00Z,AVAXUSDT,0.0001
2026-08-16T08:00:00Z,AVAXUSDT,-0.00010704
2026-08-16T16:00:00Z,AVAXUSDT,-0.00006568
2026-08-17T00:00:00Z,AVAXUSDT,0.00003533
2026-08-17T08:00:00Z,AVAXUSDT,-0.00000945
2026-08-17T16:00:00Z,AVAXUSDT,-0.00008533
2026-08-18T00:00:00Z,AVAXUSDT,0.00003324
2026-08-18T08:00:00Z,AVAXUSDT,-0.00008348
2026-08-18T16:00:00Z,AVAXUSDT,0.00005371
2026-08-19T00:00:00Z,AVAXUSDT,0.00004195
2026-08-19T08:00:00Z,AVAXUSDT,0.0001
2026-08-19T16:00:00Z,AVAXUSDT,0.00006043
2026-08-20T00:00:00Z,AVAXUSDT,0.0001
2026-08-20T08:00:00Z,AVAXUSDT,0.0001
2026-08-20T16:00:00Z,AVAXUSDT,0.0001
2026-08-21T00:00:00Z,AVAXUSDT,0.0001
2026-08-21T08:00:00Z,AVAXUSDT,0.0001
2026-08-21T16:00:00Z,AVAXUSDT,0.0001
2026-08-22T00:00:00Z,AVAXUSDT,0.0001
2026-08-22T08:00:00Z,AVAXUSDT,0.0001
2026-08-22T16:00:00Z,AVAXUSDT,0.0001
2026-08-23T00:00:00Z,AVAXUSDT,0.0001
2026-08-23T08:00:00Z,AVAXUSDT,0.0001
2026-08-23T16:00:00Z,AVAXUSDT,0.0001
2026-08-24T00:00:00Z,AVAXUSDT,0.0001
2026-08-24T08:00:00Z,AVAXUSDT,0.0001
2026-08-24T16:00:00Z,AVAXUSDT,0.0001
2026-08-25T00:00:00Z,AVAXUSDT,0.0001
2026-08-25T08:00:00Z,AVAXUSDT,0.0001
2026-08-25T16:00:00Z,AVAXUSDT,0.00007974
2026-08-26T00:00:00Z,AVAXUSDT,0.00002525
2026-08-26T08:00:00Z,AVAXUSDT,0.0000674
2026-08-26T16:00:00Z,AVAXUSDT,-0.00001215
2026-08-27T00:00:00Z,AVAXUSDT,0.00009089
2026-08-27T08:00:00Z,AVAXUSDT,0.00008255
2026-08-27T16:00:00Z,AVAXUSDT,0.00006574
2026-08-28T00:00:00Z,AVAXUSDT,0.00006037
2026-08-28T08:00:00Z,AVAXUSDT,0.00005492
2026-08-28T16:00:00Z,AVAXUSDT,0.0000147
2026-08-29T00:00:00Z,AVAXUSDT,-0.00000136
2026-08-29T08:00:00Z,AVAXUSDT,0.00001076
2026-08-29T16:00:00Z,AVAXUSDT,0.00008334
2026-08-30T00:00:00Z,AVAXUSDT,0.00007556
2026-08-30T08:00:00Z,AVAXUSDT,-0.00002077
2026-08-30T16:00:00Z,AVAXUSDT,0.00006562
2026-08-31T00:00:00Z,AVAXUSDT,-0.00000909
2026-08-31T08:00:00Z,AVAXUSDT,0.0001
2026-08-31T16:00:00Z,AVAXUSDT,0.00004101
2026-09-01T00:00:00Z,AVAXUSDT,0.0000694
2026-09-01T08:00:00Z,AVAXUSDT,0.00003011
2026-09-01T16:00:00Z,AVAXUSDT,0.0001
2026-09-02T00:00:00Z,AVAXUSDT,0.00000648
2026-09-02T08:00:00Z,AVAXUSDT,0.0001
2026-09-02T16:00:00Z,AVAXUSDT,0.00001412
2026-09-03T00:00:00Z,AVAXUSDT,0.00001743
2026-09-03T08:00:00Z,AVAXUSDT,0.0000902
2026-09-03T16:00:00Z,AVAXUSDT,0.0001
2026-09-04T00:00:00Z,AVAXUSDT,0.00006005
2026-09-04T08:00:00Z,AVAXUSDT,0.00000114
2026-09-04T16:00:00Z,AVAXUSDT,-0.00002257
2026-09-05T00:00:00Z,AVAXUSDT,0.00001781
2026-09-05T08:00:00Z,AVAXUSDT,0.0001
2026-09-05T16:00:00Z,AVAXUSDT,0.0001
2026-09-06T00:00:00Z,AVAXUSDT,0.0001
2026-09-06T08:00:00Z,AVAXUSDT,0.00008957
2026-09-06T16:00:00Z,AVAXUSDT,-0.00000592
2026-09-07T00:00:00Z,AVAXUSDT,0.00001374
2026-09-07T08:00:00Z,AVAXUSDT,0.00002007
2026-09-07T16:00:00Z,AVAXUSDT,0.00008446
2026-09-08T00:00:00Z,AVAXUSDT,0.00003778
2026-09-08T08:00:00Z,AVAXUSDT,-0.00001354
2026-09-08T16:00:00Z,AVAXUSDT,0.00006354
2026-09-09T00:00:00Z,AVAXUSDT,-0.00001928
2026-09-09T08:00:00Z,AVAXUSDT,0.00004258
2026-09-09T16:00:00Z,AVAXUSDT,-0.00000127
2026-09-10T00:00:00Z,AVAXUSDT,-0.00000283
2026-09-10T08:00:00Z,AVAXUSDT,0.00001013
2026-09-10T16:00:00Z,AVAXUSDT,0.00000765
2026-09-11T00:00:00Z,AVAXUSDT,-0.00000393
2026-09-11T08:00:00Z,AVAXUSDT,0.00007108
2026-09-11T16:00:00Z,AVAXUSDT,0.0001
2026-09-12T00:00:00Z,AVAXUSDT,0.00008757
2026-09-12T08:00:00Z,AVAXUSDT,-0.00005845
2026-09-12T16:00:00Z,AVAXUSDT,0.00002859
2026-09-13T00:00:00Z,AVAXUSDT,0.00009063
2026-09-13T08:00:00Z,AVAXUSDT,0.00006478
2026-09-13T16:00:00Z,AVAXUSDT,0.00003937
2026-09-14T00:00:00Z,AVAXUSDT,0.00001901
2026-09-14T08:00:00Z,AVAXUSDT,0.00000802
2026-09-14T16:00:00Z,AVAXUSDT,0.0001
2026-09-15T00:00:00Z,AVAXUSDT,0.0001
2026-09-15T08:00:00Z,AVAXUSDT,-0.00010637
2026-09-15T16:00:00Z,AVAXUSDT,-0.0000185
2026-09-16T00:00:00Z,AVAXUSDT,0.00003275
2026-09-16T08:00:00Z,AVAXUSDT,-0.00005671
2026-09-16T16:00:00Z,AVAXUSDT,-0.00000853
2026-09-17T00:00:00Z,AVAXUSDT,0.0001
2026-09-17T08:00:00Z,AVAXUSDT,0.0001
2026-09-17T16:00:00Z,AVAXUSDT,0.00008592
2026-09-18T00:00:00Z,AVAXUSDT,0.0001
2026-09-18T08:00:00Z,AVAXUSDT,0.0001
2026-09-18T16:00:00Z,AVAXUSDT,0.0001
2026-09-19T00:00:00Z,AVAXUSDT,0.0001
2026-09-19T08:00:00Z,AVAXUSDT,0.0001
2026-09-19T16:00:00Z,AVAXUSDT,0.0001
2026-09-20T00:00:00Z,AVAXUSDT,0.0001
2026-09-20T08:00:00Z,AVAXUSDT,0.0000444
2026-09-20T16:00:00Z,AVAXUSDT,0.00004201
2026-09-21T00:00:00Z,AVAXUSDT,0.0001
2026-09-21T08:00:00Z,AVAXUSDT,-0.00006957
2026-09-21T16:00:00Z,AVAXUSDT,-0.00006807
2026-09-22T00:00:00Z,AVAXUSDT,0.0001
2026-09-22T08:00:00Z,AVAXUSDT,0.0001
2026-09-22T16:00:00Z,AVAXUSDT,0.00009151
2026-09-23T00:00:00Z,AVAXUSDT,0.00009031
2026-09-23T08:00:00Z,AVAXUSDT,0.0001
2026-09-23T16:00:00Z,AVAXUSDT,0.00001937
2026-09-24T00:00:00Z,AVAXUSDT,-0.0001519
2026-09-24T08:00:00Z,AVAXUSDT,0.00002414
2026-09-24T16:00:00Z,AVAXUSDT,0.00005688
2026-09-25T00:00:00Z,AVAXUSDT,0.00002511
2026-09-25T08:00:00Z,AVAXUSDT,-0.0000519
2026-09-25T16:00:00Z,AVAXUSDT,0.0000146
2026-09-26T00:00:00Z,AVAXUSDT,0.0001
2026-09-26T08:00:00Z,AVAXUSDT,-0.0000336
2026-09-26T16:00:00Z,AVAXUSDT,0.0001
2026-09-27T00:00:00Z,AVAXUSDT,0.00005041
2026-09-27T08:00:00Z,AVAXUSDT,0.0000842
2026-09-27T16:00:00Z,AVAXUSDT,-0.00000058
2026-09-28T00:00:00Z,AVAXUSDT,0.00008711
2026-09-28T08:00:00Z,AVAXUSDT,0.00008396
2026-09-28T16:00:00Z,AVAXUSDT,0.00005948
2026-09-29T00:00:00Z,AVAXUSDT,0.00004068
2026-09-29T08:00:00Z,AVAXUSDT,0.0001
2026-09-29T16:00:00Z,AVAXUSDT,0.0001
2026-09-30T00:00:00Z,AVAXUSDT,0.0001
2026-09-30T08:00:00Z,AVAXUSDT,-0.00007143
2026-09-30T16:00:00Z,AVAXUSDT,-0.00008917
2026-10-01T00:00:00Z,AVAXUSDT,0.00000374
2026-10-01T08:00:00Z,AVAXUSDT,0.0000231
2026-10-01T16:00:00Z,AVAXUSDT,-0.00000408
2026-10-02T00:00:00Z,AVAXUSDT,0.00007754
2026-10-02T08:00:00Z,AVAXUSDT,0.00008369
2026-10-02T16:00:00Z,AVAXUSDT,0.0001
2026-10-03T00:00:00Z,AVAXUSDT,-0.0000784
2026-10-03T08:00:00Z,AVAXUSDT,0.0001
2026-10-03T16:00:00Z,AVAXUSDT,0.0001
2026-10-04T00:00:00Z,AVAXUSDT,0.0001
2026-10-04T08:00:00Z,AVAXUSDT,0.0001
2026-10-04T16:00:00Z,AVAXUSDT,0.00001698
2026-10-05T00:00:00Z,AVAXUSDT,0.0001
2026-10-05T08:00:00Z,AVAXUSDT,0.00002391
2026-10-05T16:00:00Z,AVAXUSDT,0.00001858
2026-10-06T00:00:00Z,AVAXUSDT,0.0001
2026-10-06T08:00:00Z,AVAXUSDT,0.0001
2026-10-06T16:00:00Z,AVAXUSDT,0.0001
2026-10-07T00:00:00Z,AVAXUSDT,0.0001
2026-10-07T08:00:00Z,AVAXUSDT,0.00005225
2026-10-07T16:00:00Z,AVAXUSDT,0.0001
2026-10-08T00:00:00Z,AVAXUSDT,0.00000677
2026-10-08T08:00:00Z,AVAXUSDT,-0.00007335
2026-10-08T16:00:00Z,AVAXUSDT,-0.00002783
2026-10-09T00:00:00Z,AVAXUSDT,-0.00005752
