timestamp,symbol,funding_rate
2023-10-09T00:00:00Z,BNBUSDT,0.0001
2023-10-09T08:00:00Z,BNBUSDT,0.00006574
2023-10-09T16:00:00Z,BNBUSDT,0.00002596
2023-10-10T00:00:00Z,BNBUSDT,-0.00023
2023-10-10T08:00:00Z,BNBUSDT,-0.00003787
2023-10-10T16:00:00Z,BNBUSDT,-0.00036254
2023-10-11T00:00:00Z,BNBUSDT,-0.00038749
2023-10-11T08:00:00Z,BNBUSDT,-0.00022198
2023-10-11T16:00:00Z,BNBUSDT,0.00003813
2023-10-12T00:00:00Z,BNBUSDT,-0.00000408
2023-10-12T08:00:00Z,BNBUSDT,-0.00012386
2023-10-12T16:00:00Z,BNBUSDT,-0.00010381
2023-10-13T00:00:00Z,BNBUSDT,-0.00011418
2023-10-13T08:00:00Z,BNBUSDT,-0.00003444
2023-10-13T16:00:00Z,BNBUSDT,0.00004466
2023-10-14T00:00:00Z,BNBUSDT,0.0001
2023-10-14T08:00:00Z,BNBUSDT,0.00007266
2023-10-14T16:00:00Z,BNBUSDT,0.00003837
2023-10-15T00:00:00Z,BNBUSDT,0.0001
2023-10-15T08:00:00Z,BNBUSDT,0.0001
2023-10-15T16:00:00Z,BNBUSDT,0.00009243
2023-10-16T00:00:00Z,BNBUSDT,0.00000532
2023-10-16T08:00:00Z,BNBUSDT,0.0000605
2023-10-16T16:00:00Z,BNBUSDT,0.00001103
2023-10-17T00:00:00Z,BNBUSDT,0.0001
2023-10-17T08:00:00Z,BNBUSDT,0.0001
2023-10-17T16:00:00Z,BNBUSDT,0.00005164
2023-10-18T00:00:00Z,BNBUSDT,0.00004033
2023-10-18T08:00:00Z,BNBUSDT,0.00001926
2023-10-18T16:00:00Z,BNBUSDT,-0.00006859
2023-10-19T00:00:00Z,BNBUSDT,-0.00006924
2023-10-19T08:00:00Z,BNBUSDT,-0.00000701
2023-10-19T16:00:00Z,BNBUSDT,0.0001
2023-10-20T00:00:00Z,BNBUSDT,0.0001
2023-10-20T08:00:00Z,BNBUSDT,0.0001
2023-10-20T16:00:00Z,BNBUSDT,0.00009172
2023-10-21T00:00:00Z,BNBUSDT,-0.00000896
2023-10-21T08:00:00Z,BNBUSDT,-0.00002035
2023-10-21T16:00:00Z,BNBUSDT,0.0001
2023-10-22T00:00:00Z,BNBUSDT,0.0001
2023-10-22T08:00:00Z,BNBUSDT,0.0001
2023-10-22T16:00:00Z,BNBUSDT,0.00003065
2023-10-23T00:00:00Z,BNBUSDT,0.0001
2023-10-23T08:00:00Z,BNBUSDT,0.0001
2023-10-23T16:00:00Z,BNBUSDT,0.00002853
2023-10-24T00:00:00Z,BNBUSDT,0.0001
2023-10-24T08:00:00Z,BNBUSDT,0.0001
2023-10-24T16:00:00Z,BNBUSDT,0.0001
2023-10-25T00:00:00Z,BNBUSDT,0.0001
2023-10-25T08:00:00Z,BNBUSDT,0.0001
2023-10-25T16:00:00Z,BNBUSDT,0.0001
2023-10-26T00:00:00Z,BNBUSDT,0.0001
2023-10-26T08:00:00Z,BNBUSDT,0.0001
2023-10-26T16:00:00Z,BNBUSDT,0.0001
2023-10-27T00:00:00Z,BNBUSDT,0.0001
2023-10-27T08:00:00Z,BNBUSDT,0.0001
2023-10-27T16:00:00Z,BNBUSDT,0.0001
2023-10-28T00:00:00Z,BNBUSDT,0.0001
2023-10-28T08:00:00Z,BNBUSDT,0.0001
2023-10-28T16:00:00Z,BNBUSDT,0.0001
2023-10-29T00:00:00Z,BNBUSDT,0.0001
2023-10-29T08:00:00Z,BNBUSDT,0.0001
2023-10-29T16:00:00Z,BNBUSDT,0.0001
2023-10-30T00:00:00Z,BNBUSDT,0.0001
2023-10-30T08:00:00Z,BNBUSDT,0.0001
2023-10-30T16:00:00Z,BNBUSDT,0.0001
2023-10-31T00:00:00Z,BNBUSDT,0.0001
2023-10-31T08:00:00Z,BNBUSDT,0.0001
2023-10-31T16:00:00Z,BNBUSDT,0.0001
2023-11-01T00:00:00Z,BNBUSDT,0.0001
2023-11-01T08:00:00Z,BNBUSDT,0.0001
2023-11-01T16:00:00Z,BNBUSDT,0.0001
2023-11-02T00:00:00Z,BNBUSDT,0.0001
2023-11-02T08:00:00Z,BNBUSDT,0.0001
2023-11-02T16:00:00Z,BNBUSDT,0.0001
2023-11-03T00:00:00Z,BNBUSDT,0.0001
2023-11-03T08:00:00Z,BNBUSDT,0.0001
2023-11-03T16:00:00Z,BNBUSDT,0.0001
2023-11-04T00:00:00Z,BNBUSDT,0.0001
2023-11-04T08:00:00Z,BNBUSDT,0.0001
2023-11-04T16:00:00Z,BNBUSDT,0.0001
2023-11-05T00:00:00Z,BNBUSDT,0.0001
2023-11-05T08:00:00Z,BNBUSDT,0.0001
2023-11-05T16:00:00Z,BNBUSDT,0.0001
2023-11-06T00:00:00Z,BNBUSDT,0.0001
2023-11-06T08:00:00Z,BNBUSDT,0.0001
2023-11-06T16:00:00Z,BNBUSDT,0.00018498
2023-11-07T00:00:00Z,BNBUSDT,0.00055488
2023-11-07T08:00:00Z,BNBUSDT,0.0001
2023-11-07T16:00:00Z,BNBUSDT,0.0001
2023-11-08T00:00:00Z,BNBUSDT,0.00019404
2023-11-08T08:00:00Z,BNBUSDT,0.00010862
2023-11-08T16:00:00Z,BNBUSDT,0.0001
2023-11-09T00:00:00Z,BNBUSDT,0.0001
2023-11-09T08:00:00Z,BNBUSDT,0.0001
2023-11-09T16:00:00Z,BNBUSDT,0.0001
2023-11-10T00:00:00Z,BNBUSDT,0.0001
2023-11-10T08:00:00Z,BNBUSDT,0.00038921
2023-11-10T16:00:00Z,BNBUSDT,0.00010738
2023-11-11T00:00:00Z,BNBUSDT,0.00014135
2023-11-11T08:00:00Z,BNBUSDT,0.0001
2023-11-11T16:00:00Z,BNBUSDT,0.00016575
2023-11-12T00:00:00Z,BNBUSDT,0.00039004
2023-11-12T08:00:00Z,BNBUSDT,0.0001
2023-11-12T16:00:00Z,BNBUSDT,0.00027942
2023-11-13T00:00:00Z,BNBUSDT,0.00031708
2023-11-13T08:00:00Z,BNBUSDT,0.00033966
2023-11-13T16:00:00Z,BNBUSDT,0.0002377
2023-11-14T00:00:00Z,BNBUSDT,0.0001
2023-11-14T08:00:00Z,BNBUSDT,0.0002301
2023-11-14T16:00:00Z,BNBUSDT,0.00015117
2023-11-15T00:00:00Z,BNBUSDT,0.0001
2023-11-15T08:00:00Z,BNBUSDT,0.0001
2023-11-15T16:00:00Z,BNBUSDT,0.0001
2023-11-16T00:00:00Z,BNBUSDT,0.0001
2023-11-16T08:00:00Z,BNBUSDT,0.00021811
2023-11-16T16:00:00Z,BNBUSDT,0.00010727
2023-11-17T00:00:00Z,BNBUSDT,0.0001
2023-11-17T08:00:00Z,BNBUSDT,0.0001
2023-11-17T16:00:00Z,BNBUSDT,0.0001
2023-11-18T00:00:00Z,BNBUSDT,0.0001
2023-11-18T08:00:00Z,BNBUSDT,0.0001
2023-11-18T16:00:00Z,BNBUSDT,0.0001
2023-11-19T00:00:00Z,BNBUSDT,0.0001
2023-11-19T08:00:00Z,BNBUSDT,0.0001
2023-11-19T16:00:00Z,BNBUSDT,0.0001
2023-11-20T00:00:00Z,BNBUSDT,0.0001
2023-11-20T08:00:00Z,BNBUSDT,0.0001
2023-11-20T16:00:00Z,BNBUSDT,0.0001
2023-11-21T00:00:00Z,BNBUSDT,0.00026163
2023-11-21T08:00:00Z,BNBUSDT,0.0001
2023-11-21T16:00:00Z,BNBUSDT,0.0001
2023-11-22T00:00:00Z,BNBUSDT,0.0001
2023-11-22T08:00:00Z,BNBUSDT,0.0001
2023-11-22T16:00:00Z,BNBUSDT,0.0001
2023-11-23T00:00:00Z,BNBUSDT,0.0001
2023-11-23T08:00:00Z,BNBUSDT,0.0001
2023-11-23T16:00:00Z,BNBUSDT,0.0001
2023-11-24T00:00:00Z,BNBUSDT,0.00003736
2023-11-24T08:00:00Z,BNBUSDT,0.0001
2023-11-24T16:00:00Z,BNBUSDT,0.0001
2023-11-25T00:00:00Z,BNBUSDT,0.0001
2023-11-25T08:00:00Z,BNBUSDT,0.0001
2023-11-25T16:00:00Z,BNBUSDT,0.0001
2023-11-26T00:00:00Z,BNBUSDT,0.0001
2023-11-26T08:00:00Z,BNBUSDT,0.0001
2023-11-26T16:00:00Z,BNBUSDT,0.0001
2023-11-27T00:00:00Z,BNBUSDT,0.0001
2023-11-27T08:00:00Z,BNBUSDT,0.0001
2023-11-27T16:00:00Z,BNBUSDT,0.0001
2023-11-28T00:00:00Z,BNBUSDT,0.0001
2023-11-28T08:00:00Z,BNBUSDT,0.0001
2023-11-28T16:00:00Z,BNBUSDT,0.0001
2023-11-29T00:00:00Z,BNBUSDT,0.0001
2023-11-29T08:00:00Z,BNBUSDT,0.0001
2023-11-29T16:00:00Z,BNBUSDT,0.0001
2023-11-30T00:00:00Z,BNBUSDT,0.0001
2023-11-30T08:00:00Z,BNBUSDT,0.0001
2023-11-30T16:00:00Z,BNBUSDT,0.0001
2023-12-01T00:00:00Z,BNBUSDT,0.0001
2023-12-01T08:00:00Z,BNBUSDT,0.0001
2023-12-01T16:00:00Z,BNBUSDT,0.0001
2023-12-02T00:00:00Z,BNBUSDT,0.0001
2023-12-02T08:00:00Z,BNBUSDT,0.0001
2023-12-02T16:00:00Z,BNBUSDT,0.0001
2023-12-03T00:00:00Z,BNBUSDT,0.0001
2023-12-03T08:00:00Z,BNBUSDT,0.0001
2023-12-03T16:00:00Z,BNBUSDT,0.0001
2023-12-04T00:00:00Z,BNBUSDT,0.0001
2023-12-04T08:00:00Z,BNBUSDT,0.00038603
2023-12-04T16:00:00Z,BNBUSDT,0.0001
2023-12-05T00:00:00Z,BNBUSDT,0.0001
2023-12-05T08:00:00Z,BNBUSDT,0.0001
2023-12-05T16:00:00Z,BNBUSDT,0.0001
2023-12-06T00:00:00Z,BNBUSDT,0.0001
2023-12-06T08:00:00Z,BNBUSDT,0.0001
2023-12-06T16:00:00Z,BNBUSDT,0.0001
2023-12-07T00:00:00Z,BNBUSDT,0.0001
2023-12-07T08:00:00Z,BNBUSDT,0.0001
2023-12-07T16:00:00Z,BNBUSDT,0.0001
2023-12-08T00:00:00Z,BNBUSDT,0.0001
2023-12-08T08:00:00Z,BNBUSDT,0.0001
2023-12-08T16:00:00Z,BNBUSDT,0.0001
2023-12-09T00:00:00Z,BNBUSDT,0.0003412
2023-12-09T08:00:00Z,BNBUSDT,0.00040735
2023-12-09T16:00:00Z,BNBUSDT,0.00022643
2023-12-10T00:00:00Z,BNBUSDT,0.0001
2023-12-10T08:00:00Z,BNBUSDT,0.0001
2023-12-10T16:00:00Z,BNBUSDT,0.0001
2023-12-11T00:00:00Z,BNBUSDT,0.00026114
2023-12-11T08:00:00Z,BNBUSDT,0.0001
2023-12-11T16:00:00Z,BNBUSDT,0.0001
2023-12-12T00:00:00Z,BNBUSDT,0.0001
2023-12-12T08:00:00Z,BNBUSDT,0.0001
2023-12-12T16:00:00Z,BNBUSDT,0.0001
2023-12-13T00:00:00Z,BNBUSDT,-0.00057786
2023-12-13T08:00:00Z,BNBUSDT,-0.00047206
2023-12-13T16:00:00Z,BNBUSDT,-0.00070418
2023-12-14T00:00:00Z,BNBUSDT,-0.00051667
2023-12-14T08:00:00Z,BNBUSDT,0.00001474
2023-12-14T16:00:00Z,BNBUSDT,-0.00035415
2023-12-15T00:00:00Z,BNBUSDT,0.0001
2023-12-15T08:00:00Z,BNBUSDT,0.0001
2023-12-15T16:00:00Z,BNBUSDT,0.00004485
2023-12-16T00:00:00Z,BNBUSDT,-0.0004627
2023-12-16T08:00:00Z,BNBUSDT,-0.00013734
2023-12-16T16:00:00Z,BNBUSDT,-0.00001313
2023-12-17T00:00:00Z,BNBUSDT,-0.00030345
2023-12-17T08:00:00Z,BNBUSDT,0.0001
2023-12-17T16:00:00Z,BNBUSDT,0.0001
2023-12-18T00:00:00Z,BNBUSDT,0.0001
2023-12-18T08:00:00Z,BNBUSDT,0.00013467
2023-12-18T16:00:00Z,BNBUSDT,0.00011834
2023-12-19T00:00:00Z,BNBUSDT,0.00015996
2023-12-19T08:00:00Z,BNBUSDT,0.00038852
2023-12-19T16:00:00Z,BNBUSDT,0.0001
2023-12-20T00:00:00Z,BNBUSDT,-0.00083576
2023-12-20T08:00:00Z,BNBUSDT,-0.00010241
2023-12-20T16:00:00Z,BNBUSDT,-0.00020402
2023-12-21T00:00:00Z,BNBUSDT,-0.00040048
2023-12-21T08:00:00Z,BNBUSDT,-0.00015987
2023-12-21T16:00:00Z,BNBUSDT,0.0001
2023-12-22T00:00:00Z,BNBUSDT,-0.00023503
2023-12-22T08:00:00Z,BNBUSDT,-0.00013588
2023-12-22T16:00:00Z,BNBUSDT,0.0001
2023-12-23T00:00:00Z,BNBUSDT,0.00006947
2023-12-23T08:00:00Z,BNBUSDT,0.0001
2023-12-23T16:00:00Z,BNBUSDT,-0.00067202
2023-12-24T00:00:00Z,BNBUSDT,-0.00037475
2023-12-24T08:00:00Z,BNBUSDT,-0.00014149
2023-12-24T16:00:00Z,BNBUSDT,-0.00013092
2023-12-25T00:00:00Z,BNBUSDT,-0.00036785
2023-12-25T08:00:00Z,BNBUSDT,-0.00001579
2023-12-25T16:00:00Z,BNBUSDT,0.0001
2023-12-26T00:00:00Z,BNBUSDT,0.0001
2023-12-26T08:00:00Z,BNBUSDT,0.0001
2023-12-26T16:00:00Z,BNBUSDT,0.0001
2023-12-27T00:00:00Z,BNBUSDT,0.0001
2023-12-27T08:00:00Z,BNBUSDT,0.0001
2023-12-27T16:00:00Z,BNBUSDT,-0.00056111
2023-12-28T00:00:00Z,BNBUSDT,-0.00070977
2023-12-28T08:00:00Z,BNBUSDT,-0.00023939
2023-12-28T16:00:00Z,BNBUSDT,-0.00052467
2023-12-29T00:00:00Z,BNBUSDT,-0.00009148
2023-12-29T08:00:00Z,BNBUSDT,-0.00027
2023-12-29T16:00:00Z,BNBUSDT,-0.00009645
2023-12-30T00:00:00Z,BNBUSDT,-0.00039383
2023-12-30T08:00:00Z,BNBUSDT,-0.00030765
2023-12-30T16:00:00Z,BNBUSDT,-0.00040554
2023-12-31T00:00:00Z,BNBUSDT,-0.00136971
2023-12-31T08:00:00Z,BNBUSDT,-0.00062361
2023-12-31T16:00:00Z,BNBUSDT,-0.00058803
2024-01-01T00:00:00Z,BNBUSDT,-0.0007484
2024-01-01T08:00:00Z,BNBUSDT,-0.00020171
2024-01-01T16:00:00Z,BNBUSDT,0.0001
2024-01-02T00:00:00Z,BNBUSDT,0.0001
2024-01-02T08:00:00Z,BNBUSDT,0.0001
2024-01-02T16:00:00Z,BNBUSDT,0.0001
2024-01-03T00:00:00Z,BNBUSDT,0.0001
2024-01-03T08:00:00Z,BNBUSDT,0.0001
2024-01-03T16:00:00Z,BNBUSDT,-0.00008765
2024-01-04T00:00:00Z,BNBUSDT,-0.00015729
2024-01-04T08:00:00Z,BNBUSDT,0.0001
2024-01-04T16:00:00Z,BNBUSDT,-0.00001301
2024-01-05T00:00:00Z,BNBUSDT,-0.00051493
2024-01-05T08:00:00Z,BNBUSDT,-0.00056432
2024-01-05T16:00:00Z,BNBUSDT,-0.0008996
2024-01-06T00:00:00Z,BNBUSDT,-0.00105637
2024-01-06T08:00:00Z,BNBUSDT,-0.00058131
2024-01-06T16:00:00Z,BNBUSDT,-0.00058776
2024-01-07T00:00:00Z,BNBUSDT,-0.00090214
2024-01-07T08:00:00Z,BNBUSDT,-0.00081467
2024-01-07T16:00:00Z,BNBUSDT,-0.00058009
2024-01-08T00:00:00Z,BNBUSDT,-0.00066265
2024-01-08T08:00:00Z,BNBUSDT,-0.00058008
2024-01-08T16:00:00Z,BNBUSDT,-0.00016868
2024-01-09T00:00:00Z,BNBUSDT,-0.00016644
2024-01-09T08:00:00Z,BNBUSDT,0.0001
2024-01-09T16:00:00Z,BNBUSDT,0.0001
2024-01-10T00:00:00Z,BNBUSDT,0.0001
2024-01-10T08:00:00Z,BNBUSDT,0.0001
2024-01-10T16:00:00Z,BNBUSDT,0.0001
2024-01-11T00:00:00Z,BNBUSDT,0.0001
2024-01-11T08:00:00Z,BNBUSDT,0.0001
2024-01-11T16:00:00Z,BNBUSDT,0.0001
2024-01-12T00:00:00Z,BNBUSDT,0.0001
2024-01-12T08:00:00Z,BNBUSDT,0.00023686
2024-01-12T16:00:00Z,BNBUSDT,0.0001
2024-01-13T00:00:00Z,BNBUSDT,0.0001
2024-01-13T08:00:00Z,BNBUSDT,0.0001
2024-01-13T16:00:00Z,BNBUSDT,0.0001
2024-01-14T00:00:00Z,BNBUSDT,0.0001
2024-01-14T08:00:00Z,BNBUSDT,0.0001
2024-01-14T16:00:00Z,BNBUSDT,0.00010677
2024-01-15T00:00:00Z,BNBUSDT,0.0001
2024-01-15T08:00:00Z,BNBUSDT,0.00033346
2024-01-15T16:00:00Z,BNBUSDT,0.0001
2024-01-16T00:00:00Z,BNBUSDT,-0.00001327
2024-01-16T08:00:00Z,BNBUSDT,-0.00022361
2024-01-16T16:00:00Z,BNBUSDT,0.00004296
2024-01-17T00:00:00Z,BNBUSDT,-0.00011643
2024-01-17T08:00:00Z,BNBUSDT,0.0001
2024-01-17T16:00:00Z,BNBUSDT,-0.00008992
2024-01-18T00:00:00Z,BNBUSDT,-0.00046933
2024-01-18T08:00:00Z,BNBUSDT,0.0001
2024-01-18T16:00:00Z,BNBUSDT,-0.00035804
2024-01-19T00:00:00Z,BNBUSDT,-0.00031441
2024-01-19T08:00:00Z,BNBUSDT,-0.00086358
2024-01-19T16:00:00Z,BNBUSDT,-0.00031592
2024-01-20T00:00:00Z,BNBUSDT,-0.00045255
2024-01-20T08:00:00Z,BNBUSDT,-0.00012523
2024-01-20T16:00:00Z,BNBUSDT,-0.00050012
2024-01-21T00:00:00Z,BNBUSDT,-0.00049648
2024-01-21T08:00:00Z,BNBUSDT,-0.00006622
2024-01-21T16:00:00Z,BNBUSDT,-0.00019562
2024-01-22T00:00:00Z,BNBUSDT,-0.00019218
2024-01-22T08:00:00Z,BNBUSDT,-0.00044046
2024-01-22T16:00:00Z,BNBUSDT,-0.00056649
2024-01-23T00:00:00Z,BNBUSDT,-0.00030491
2024-01-23T08:00:00Z,BNBUSDT,-0.00042541
2024-01-23T16:00:00Z,BNBUSDT,-0.00013677
2024-01-24T00:00:00Z,BNBUSDT,-0.00026511
2024-01-24T08:00:00Z,BNBUSDT,-0.00000454
2024-01-24T16:00:00Z,BNBUSDT,0.00006882
2024-01-25T00:00:00Z,BNBUSDT,-0.00015396
2024-01-25T08:00:00Z,BNBUSDT,0.0001
2024-01-25T16:00:00Z,BNBUSDT,0.0001
2024-01-26T00:00:00Z,BNBUSDT,0.0001
2024-01-26T08:00:00Z,BNBUSDT,0.0001
2024-01-26T16:00:00Z,BNBUSDT,0.0001
2024-01-27T00:00:00Z,BNBUSDT,0.0001
2024-01-27T08:00:00Z,BNBUSDT,0.0001
2024-01-27T16:00:00Z,BNBUSDT,0.0001
2024-01-28T00:00:00Z,BNBUSDT,0.0001
2024-01-28T08:00:00Z,BNBUSDT,0.0001
2024-01-28T16:00:00Z,BNBUSDT,0.0001
2024-01-29T00:00:00Z,BNBUSDT,0.0001
2024-01-29T08:00:00Z,BNBUSDT,0.0001
2024-01-29T16:00:00Z,BNBUSDT,0.0001
2024-01-30T00:00:00Z,BNBUSDT,0.0001
2024-01-30T08:00:00Z,BNBUSDT,0.0001
2024-01-30T16:00:00Z,BNBUSDT,0.0001
2024-01-31T00:00:00Z,BNBUSDT,0.0001
2024-01-31T08:00:00Z,BNBUSDT,0.0001
2024-01-31T16:00:00Z,BNBUSDT,0.0001
2024-02-01T00:00:00Z,BNBUSDT,0.0001
2024-02-01T08:00:00Z,BNBUSDT,0.0001
2024-02-01T16:00:00Z,BNBUSDT,0.0001
2024-02-02T00:00:00Z,BNBUSDT,0.0001
2024-02-02T08:00:00Z,BNBUSDT,0.00003787
2024-02-02T16:00:00Z,BNBUSDT,0.00007586
2024-02-03T00:00:00Z,BNBUSDT,0.00009894
2024-02-03T08:00:00Z,BNBUSDT,0.00002772
2024-02-03T16:00:00Z,BNBUSDT,0.0001
2024-02-04T00:00:00Z,BNBUSDT,0.0001
2024-02-04T08:00:00Z,BNBUSDT,0.0001
2024-02-04T16:00:00Z,BNBUSDT,0.0001
2024-02-05T00:00:00Z,BNBUSDT,0.0001
2024-02-05T08:00:00Z,BNBUSDT,0.0001
2024-02-05T16:00:00Z,BNBUSDT,0.00008173
2024-02-06T00:00:00Z,BNBUSDT,0.00001956
2024-02-06T08:00:00Z,BNBUSDT,0.00006068
2024-02-06T16:00:00Z,BNBUSDT,-0.00014771
2024-02-07T00:00:00Z,BNBUSDT,0.00008958
2024-02-07T08:00:00Z,BNBUSDT,0.0001
2024-02-07T16:00:00Z,BNBUSDT,0.0001
2024-02-08T00:00:00Z,BNBUSDT,0.0001
2024-02-08T08:00:00Z,BNBUSDT,-0.00017121
2024-02-08T16:00:00Z,BNBUSDT,-0.00093755
2024-02-09T00:00:00Z,BNBUSDT,-0.00134083
2024-02-09T08:00:00Z,BNBUSDT,-0.00086414
2024-02-09T16:00:00Z,BNBUSDT,-0.00069595
2024-02-10T00:00:00Z,BNBUSDT,-0.00073571
2024-02-10T08:00:00Z,BNBUSDT,-0.00073553
2024-02-10T16:00:00Z,BNBUSDT,-0.00044803
2024-02-11T00:00:00Z,BNBUSDT,-0.00066744
2024-02-11T08:00:00Z,BNBUSDT,-0.000801
2024-02-11T16:00:00Z,BNBUSDT,-0.00064534
2024-02-12T00:00:00Z,BNBUSDT,-0.00079354
2024-02-12T08:00:00Z,BNBUSDT,-0.00078231
2024-02-12T16:00:00Z,BNBUSDT,-0.00034474
2024-02-13T00:00:00Z,BNBUSDT,-0.00122523
2024-02-13T08:00:00Z,BNBUSDT,-0.00009766
2024-02-13T16:00:00Z,BNBUSDT,-0.00039791
2024-02-14T00:00:00Z,BNBUSDT,-0.00046353
2024-02-14T08:00:00Z,BNBUSDT,-0.00060175
2024-02-14T16:00:00Z,BNBUSDT,-0.00002889
2024-02-15T00:00:00Z,BNBUSDT,-0.00020523
2024-02-15T08:00:00Z,BNBUSDT,-0.00037538
2024-02-15T16:00:00Z,BNBUSDT,-0.00008145
2024-02-16T00:00:00Z,BNBUSDT,0.0000277
2024-02-16T08:00:00Z,BNBUSDT,0.0001
2024-02-16T16:00:00Z,BNBUSDT,0.00002872
2024-02-17T00:00:00Z,BNBUSDT,0.0001
2024-02-17T08:00:00Z,BNBUSDT,0.0001
2024-02-17T16:00:00Z,BNBUSDT,0.00004548
2024-02-18T00:00:00Z,BNBUSDT,-0.00023893
2024-02-18T08:00:00Z,BNBUSDT,-0.00042517
2024-02-18T16:00:00Z,BNBUSDT,-0.00010075
2024-02-19T00:00:00Z,BNBUSDT,-0.00014748
2024-02-19T08:00:00Z,BNBUSDT,0.0001
2024-02-19T16:00:00Z,BNBUSDT,0.0001
2024-02-20T00:00:00Z,BNBUSDT,0.00021792
2024-02-20T08:00:00Z,BNBUSDT,0.00034698
2024-02-20T16:00:00Z,BNBUSDT,0.00027432
2024-02-21T00:00:00Z,BNBUSDT,0.00019837
2024-02-21T08:00:00Z,BNBUSDT,0.00018388
2024-02-21T16:00:00Z,BNBUSDT,-0.00025626
2024-02-22T00:00:00Z,BNBUSDT,-0.00047875
2024-02-22T08:00:00Z,BNBUSDT,-0.00119506
2024-02-22T16:00:00Z,BNBUSDT,-0.00094468
2024-02-23T00:00:00Z,BNBUSDT,-0.00027755
2024-02-23T08:00:00Z,BNBUSDT,-0.00061026
2024-02-23T16:00:00Z,BNBUSDT,-0.00049369
2024-02-24T00:00:00Z,BNBUSDT,-0.00066612
2024-02-24T08:00:00Z,BNBUSDT,-0.00042906
2024-02-24T16:00:00Z,BNBUSDT,-0.0007211
2024-02-25T00:00:00Z,BNBUSDT,-0.00095822
2024-02-25T08:00:00Z,BNBUSDT,-0.0007794
2024-02-25T16:00:00Z,BNBUSDT,-0.00011901
2024-02-26T00:00:00Z,BNBUSDT,-0.00002621
2024-02-26T08:00:00Z,BNBUSDT,-0.00030131
2024-02-26T16:00:00Z,BNBUSDT,0.0001
2024-02-27T00:00:00Z,BNBUSDT,0.00002169
2024-02-27T08:00:00Z,BNBUSDT,-0.00016581
2024-02-27T16:00:00Z,BNBUSDT,-0.00057566
2024-02-28T00:00:00Z,BNBUSDT,-0.00072555
2024-02-28T08:00:00Z,BNBUSDT,-0.00062371
2024-02-28T16:00:00Z,BNBUSDT,0.0001
2024-02-29T00:00:00Z,BNBUSDT,0.00002319
2024-02-29T08:00:00Z,BNBUSDT,0.0003911
2024-02-29T16:00:00Z,BNBUSDT,0.00043361
2024-03-01T00:00:00Z,BNBUSDT,0.00019635
2024-03-01T08:00:00Z,BNBUSDT,0.00034503
2024-03-01T16:00:00Z,BNBUSDT,0.00015816
2024-03-02T00:00:00Z,BNBUSDT,0.00011538
2024-03-02T08:00:00Z,BNBUSDT,0.00033155
2024-03-02T16:00:00Z,BNBUSDT,0.00030026
2024-03-03T00:00:00Z,BNBUSDT,0.00032971
2024-03-03T08:00:00Z,BNBUSDT,0.00054632
2024-03-03T16:00:00Z,BNBUSDT,0.00051751
2024-03-04T00:00:00Z,BNBUSDT,0.00038577
2024-03-04T08:00:00Z,BNBUSDT,0.00044353
2024-03-04T16:00:00Z,BNBUSDT,0.00048197
2024-03-05T00:00:00Z,BNBUSDT,0.00037349
2024-03-05T08:00:00Z,BNBUSDT,0.00097286
2024-03-05T16:00:00Z,BNBUSDT,0.00060824
2024-03-06T00:00:00Z,BNBUSDT,0.0001
2024-03-06T08:00:00Z,BNBUSDT,0.0004067
2024-03-06T16:00:00Z,BNBUSDT,0.0001
2024-03-07T00:00:00Z,BNBUSDT,0.0001
2024-03-07T08:00:00Z,BNBUSDT,0.0001
2024-03-07T16:00:00Z,BNBUSDT,0.0001
2024-03-08T00:00:00Z,BNBUSDT,0.0001
2024-03-08T08:00:00Z,BNBUSDT,0.0001
2024-03-08T16:00:00Z,BNBUSDT,-0.00003289
2024-03-09T00:00:00Z,BNBUSDT,-0.00006724
2024-03-09T08:00:00Z,BNBUSDT,-0.00006861
2024-03-09T16:00:00Z,BNBUSDT,-0.00009165
2024-03-10T00:00:00Z,BNBUSDT,0.0001
2024-03-10T08:00:00Z,BNBUSDT,0.0001
2024-03-10T16:00:00Z,BNBUSDT,0.00022594
2024-03-11T00:00:00Z,BNBUSDT,0.0001
2024-03-11T08:00:00Z,BNBUSDT,0.0001
2024-03-11T16:00:00Z,BNBUSDT,0.00010317
2024-03-12T00:00:00Z,BNBUSDT,0.00037559
2024-03-12T08:00:00Z,BNBUSDT,0.00077313
2024-03-12T16:00:00Z,BNBUSDT,0.0001
2024-03-13T00:00:00Z,BNBUSDT,0.00032703
2024-03-13T08:00:00Z,BNBUSDT,0.00046937
2024-03-13T16:00:00Z,BNBUSDT,0.00060316
2024-03-14T00:00:00Z,BNBUSDT,0.00038191
2024-03-14T08:00:00Z,BNBUSDT,0.00049077
2024-03-14T16:00:00Z,BNBUSDT,0.00068621
2024-03-15T00:00:00Z,BNBUSDT,0.00023297
2024-03-15T08:00:00Z,BNBUSDT,0.00016013
2024-03-15T16:00:00Z,BNBUSDT,0.0001
2024-03-16T00:00:00Z,BNBUSDT,0.0001
2024-03-16T08:00:00Z,BNBUSDT,0.00014555
2024-03-16T16:00:00Z,BNBUSDT,0.0001
2024-03-17T00:00:00Z,BNBUSDT,0.0001
2024-03-17T08:00:00Z,BNBUSDT,0.0001
2024-03-17T16:00:00Z,BNBUSDT,0.0001
2024-03-18T00:00:00Z,BNBUSDT,0.0001
2024-03-18T08:00:00Z,BNBUSDT,0.0001
2024-03-18T16:00:00Z,BNBUSDT,0.0001
2024-03-19T00:00:00Z,BNBUSDT,0.00016598
2024-03-19T08:00:00Z,BNBUSDT,0.00014083
2024-03-19T16:00:00Z,BNBUSDT,0.0001
2024-03-20T00:00:00Z,BNBUSDT,0.0001
2024-03-20T08:00:00Z,BNBUSDT,0.0001
2024-03-20T16:00:00Z,BNBUSDT,0.0001
2024-03-21T00:00:00Z,BNBUSDT,0.0001
2024-03-21T08:00:00Z,BNBUSDT,0.0001
2024-03-21T16:00:00Z,BNBUSDT,0.0001
2024-03-22T00:00:00Z,BNBUSDT,0.0001
2024-03-22T08:00:00Z,BNBUSDT,0.0001
2024-03-22T16:00:00Z,BNBUSDT,0.0001
2024-03-23T00:00:00Z,BNBUSDT,0.0001
2024-03-23T08:00:00Z,BNBUSDT,0.0001
2024-03-23T16:00:00Z,BNBUSDT,0.0001
2024-03-24T00:00:00Z,BNBUSDT,0.0001
2024-03-24T08:00:00Z,BNBUSDT,0.00013887
2024-03-24T16:00:00Z,BNBUSDT,0.00018547
2024-03-25T00:00:00Z,BNBUSDT,0.00020277
2024-03-25T08:00:00Z,BNBUSDT,0.00043007
2024-03-25T16:00:00Z,BNBUSDT,0.0001
2024-03-26T00:00:00Z,BNBUSDT,0.00014908
2024-03-26T08:00:00Z,BNBUSDT,0.00020721
2024-03-26T16:00:00Z,BNBUSDT,0.00023684
2024-03-27T00:00:00Z,BNBUSDT,0.00022393
2024-03-27T08:00:00Z,BNBUSDT,0.00021973
2024-03-27T16:00:00Z,BNBUSDT,0.00030101
2024-03-28T00:00:00Z,BNBUSDT,0.00036022
2024-03-28T08:00:00Z,BNBUSDT,0.00041546
2024-03-28T16:00:00Z,BNBUSDT,0.00038011
2024-03-29T00:00:00Z,BNBUSDT,0.00046428
2024-03-29T08:00:00Z,BNBUSDT,0.00028986
2024-03-29T16:00:00Z,BNBUSDT,0.00017572
2024-03-30T00:00:00Z,BNBUSDT,0.0001
2024-03-30T08:00:00Z,BNBUSDT,0.00002399
2024-03-30T16:00:00Z,BNBUSDT,-0.00058018
2024-03-31T00:00:00Z,BNBUSDT,-0.00011284
2024-03-31T08:00:00Z,BNBUSDT,-0.00032877
2024-03-31T16:00:00Z,BNBUSDT,0.00008162
2024-04-01T00:00:00Z,BNBUSDT,0.00004333
2024-04-01T08:00:00Z,BNBUSDT,-0.00003457
2024-04-01T16:00:00Z,BNBUSDT,-0.00030219
2024-04-02T00:00:00Z,BNBUSDT,0.0001
2024-04-02T08:00:00Z,BNBUSDT,0.00019946
2024-04-02T16:00:00Z,BNBUSDT,0.00024211
2024-04-03T00:00:00Z,BNBUSDT,0.00023759
2024-04-03T08:00:00Z,BNBUSDT,0.00011458
2024-04-03T16:00:00Z,BNBUSDT,0.00021949
2024-04-04T00:00:00Z,BNBUSDT,0.00026584
2024-04-04T08:00:00Z,BNBUSDT,0.0001
2024-04-04T16:00:00Z,BNBUSDT,-0.00000528
2024-04-05T00:00:00Z,BNBUSDT,-0.00043991
2024-04-05T08:00:00Z,BNBUSDT,-0.0002859
2024-04-05T16:00:00Z,BNBUSDT,-0.0002393
2024-04-06T00:00:00Z,BNBUSDT,-0.00056761
2024-04-06T08:00:00Z,BNBUSDT,-0.00005379
2024-04-06T16:00:00Z,BNBUSDT,0.00000516
2024-04-07T00:00:00Z,BNBUSDT,-0.0001634
2024-04-07T08:00:00Z,BNBUSDT,-0.0002694
2024-04-07T16:00:00Z,BNBUSDT,-0.000218
2024-04-08T00:00:00Z,BNBUSDT,-0.00003326
2024-04-08T08:00:00Z,BNBUSDT,-0.00023289
2024-04-08T16:00:00Z,BNBUSDT,0.0001
2024-04-09T00:00:00Z,BNBUSDT,0.0001
2024-04-09T08:00:00Z,BNBUSDT,0.0001
2024-04-09T16:00:00Z,BNBUSDT,0.0001
2024-04-10T00:00:00Z,BNBUSDT,0.00010383
2024-04-10T08:00:00Z,BNBUSDT,0.0001
2024-04-10T16:00:00Z,BNBUSDT,0.00023378
2024-04-11T00:00:00Z,BNBUSDT,0.00034694
2024-04-11T08:00:00Z,BNBUSDT,0.0001
2024-04-11T16:00:00Z,BNBUSDT,0.00017369
2024-04-12T00:00:00Z,BNBUSDT,0.00021391
2024-04-12T08:00:00Z,BNBUSDT,0.0001
2024-04-12T16:00:00Z,BNBUSDT,-0.00010619
2024-04-13T00:00:00Z,BNBUSDT,-0.00019227
2024-04-13T08:00:00Z,BNBUSDT,-0.00073145
2024-04-13T16:00:00Z,BNBUSDT,-0.00036899
2024-04-14T00:00:00Z,BNBUSDT,-0.00064393
2024-04-14T08:00:00Z,BNBUSDT,-0.00036034
2024-04-14T16:00:00Z,BNBUSDT,-0.00047183
2024-04-15T00:00:00Z,BNBUSDT,-0.00019958
2024-04-15T08:00:00Z,BNBUSDT,-0.00019568
2024-04-15T16:00:00Z,BNBUSDT,-0.00044726
2024-04-16T00:00:00Z,BNBUSDT,-0.00084306
2024-04-16T08:00:00Z,BNBUSDT,-0.00075739
2024-04-16T16:00:00Z,BNBUSDT,-0.00056078
2024-04-17T00:00:00Z,BNBUSDT,-0.00016892
2024-04-17T08:00:00Z,BNBUSDT,0.00009735
2024-04-17T16:00:00Z,BNBUSDT,0.00005826
2024-04-18T00:00:00Z,BNBUSDT,0.0001
2024-04-18T08:00:00Z,BNBUSDT,0.0001
2024-04-18T16:00:00Z,BNBUSDT,-0.00039429
2024-04-19T00:00:00Z,BNBUSDT,0.0001
2024-04-19T08:00:00Z,BNBUSDT,-0.00007615
2024-04-19T16:00:00Z,BNBUSDT,0.0001
2024-04-20T00:00:00Z,BNBUSDT,0.0001
2024-04-20T08:00:00Z,BNBUSDT,0.0001
2024-04-20T16:00:00Z,BNBUSDT,0.0001
2024-04-21T00:00:00Z,BNBUSDT,0.00000678
2024-04-21T08:00:00Z,BNBUSDT,-0.00003023
2024-04-21T16:00:00Z,BNBUSDT,-0.00002299
2024-04-22T00:00:00Z,BNBUSDT,0.0001
2024-04-22T08:00:00Z,BNBUSDT,0.0001
2024-04-22T16:00:00Z,BNBUSDT,0.00003431
2024-04-23T00:00:00Z,BNBUSDT,0.0001
2024-04-23T08:00:00Z,BNBUSDT,0.0001
2024-04-23T16:00:00Z,BNBUSDT,-0.00016221
2024-04-24T00:00:00Z,BNBUSDT,-0.00027079
2024-04-24T08:00:00Z,BNBUSDT,-0.00024407
2024-04-24T16:00:00Z,BNBUSDT,-0.00013227
2024-04-25T00:00:00Z,BNBUSDT,0.00001701
2024-04-25T08:00:00Z,BNBUSDT,0.00001093
2024-04-25T16:00:00Z,BNBUSDT,-0.0004627
2024-04-26T00:00:00Z,BNBUSDT,-0.0006829
2024-04-26T08:00:00Z,BNBUSDT,-0.00080659
2024-04-26T16:00:00Z,BNBUSDT,-0.00045998
2024-04-27T00:00:00Z,BNBUSDT,-0.00030456
2024-04-27T08:00:00Z,BNBUSDT,-0.00047789
2024-04-27T16:00:00Z,BNBUSDT,-0.00028763
2024-04-28T00:00:00Z,BNBUSDT,-0.00055969
2024-04-28T08:00:00Z,BNBUSDT,-0.00076527
2024-04-28T16:00:00Z,BNBUSDT,-0.00083844
2024-04-29T00:00:00Z,BNBUSDT,-0.0008574
2024-04-29T08:00:00Z,BNBUSDT,-0.00092926
2024-04-29T16:00:00Z,BNBUSDT,-0.00053803
2024-04-30T00:00:00Z,BNBUSDT,-0.00029425
2024-04-30T08:00:00Z,BNBUSDT,0.0001
2024-04-30T16:00:00Z,BNBUSDT,-0.00066615
2024-05-01T00:00:00Z,BNBUSDT,-0.00009978
2024-05-01T08:00:00Z,BNBUSDT,-0.00010243
2024-05-01T16:00:00Z,BNBUSDT,-0.00015023
2024-05-02T00:00:00Z,BNBUSDT,-0.00020659
2024-05-02T08:00:00Z,BNBUSDT,0.00005928
2024-05-02T16:00:00Z,BNBUSDT,-0.00020473
2024-05-03T00:00:00Z,BNBUSDT,-0.00007324
2024-05-03T08:00:00Z,BNBUSDT,0.00000835
2024-05-03T16:00:00Z,BNBUSDT,-0.00033623
2024-05-04T00:00:00Z,BNBUSDT,-0.0001045
2024-05-04T08:00:00Z,BNBUSDT,-0.0001046
2024-05-04T16:00:00Z,BNBUSDT,-0.00029704
2024-05-05T00:00:00Z,BNBUSDT,-0.00071469
2024-05-05T08:00:00Z,BNBUSDT,-0.00028993
2024-05-05T16:00:00Z,BNBUSDT,-0.00033985
2024-05-06T00:00:00Z,BNBUSDT,-0.00013294
2024-05-06T08:00:00Z,BNBUSDT,-0.00010572
2024-05-06T16:00:00Z,BNBUSDT,-0.00024261
2024-05-07T00:00:00Z,BNBUSDT,0.0001
2024-05-07T08:00:00Z,BNBUSDT,-0.00016658
2024-05-07T16:00:00Z,BNBUSDT,0.0001
2024-05-08T00:00:00Z,BNBUSDT,-0.00022965
2024-05-08T08:00:00Z,BNBUSDT,0.0000065
2024-05-08T16:00:00Z,BNBUSDT,0.0001
2024-05-09T00:00:00Z,BNBUSDT,0.0001
2024-05-09T08:00:00Z,BNBUSDT,0.0001
2024-05-09T16:00:00Z,BNBUSDT,0.0001
2024-05-10T00:00:00Z,BNBUSDT,-0.00001253
2024-05-10T08:00:00Z,BNBUSDT,-0.0000727
2024-05-10T16:00:00Z,BNBUSDT,-0.00019063
2024-05-11T00:00:00Z,BNBUSDT,-0.00017457
2024-05-11T08:00:00Z,BNBUSDT,0.0001
2024-05-11T16:00:00Z,BNBUSDT,0.0001
2024-05-12T00:00:00Z,BNBUSDT,0.0001
2024-05-12T08:00:00Z,BNBUSDT,0.0001
2024-05-12T16:00:00Z,BNBUSDT,0.00001011
2024-05-13T00:00:00Z,BNBUSDT,-0.00041348
2024-05-13T08:00:00Z,BNBUSDT,-0.00013495
2024-05-13T16:00:00Z,BNBUSDT,-0.00044599
2024-05-14T00:00:00Z,BNBUSDT,-0.0001131
2024-05-14T08:00:00Z,BNBUSDT,-0.0004535
2024-05-14T16:00:00Z,BNBUSDT,-0.00120564
2024-05-15T00:00:00Z,BNBUSDT,-0.00102011
2024-05-15T08:00:00Z,BNBUSDT,-0.00056613
2024-05-15T16:00:00Z,BNBUSDT,-0.00105681
2024-05-16T00:00:00Z,BNBUSDT,-0.00058024
2024-05-16T08:00:00Z,BNBUSDT,0.0001
2024-05-16T16:00:00Z,BNBUSDT,-0.00004004
2024-05-17T00:00:00Z,BNBUSDT,-0.00026326
2024-05-17T08:00:00Z,BNBUSDT,-0.00007697
2024-05-17T16:00:00Z,BNBUSDT,-0.00001715
2024-05-18T00:00:00Z,BNBUSDT,-0.00007594
2024-05-18T08:00:00Z,BNBUSDT,0.0001
2024-05-18T16:00:00Z,BNBUSDT,-0.00001183
2024-05-19T00:00:00Z,BNBUSDT,0.00000695
2024-05-19T08:00:00Z,BNBUSDT,0.0001
2024-05-19T16:00:00Z,BNBUSDT,0.00003686
2024-05-20T00:00:00Z,BNBUSDT,0.00003958
2024-05-20T08:00:00Z,BNBUSDT,-0.00000123
2024-05-20T16:00:00Z,BNBUSDT,0.0000184
2024-05-21T00:00:00Z,BNBUSDT,0.0001
2024-05-21T08:00:00Z,BNBUSDT,0.00011843
2024-05-21T16:00:00Z,BNBUSDT,0.00024051
2024-05-22T00:00:00Z,BNBUSDT,0.00038114
2024-05-22T08:00:00Z,BNBUSDT,0.00030511
2024-05-22T16:00:00Z,BNBUSDT,0.0001
2024-05-23T00:00:00Z,BNBUSDT,0.0001397
2024-05-23T08:00:00Z,BNBUSDT,0.0001
2024-05-23T16:00:00Z,BNBUSDT,0.0001
2024-05-24T00:00:00Z,BNBUSDT,0.0001
2024-05-24T08:00:00Z,BNBUSDT,0.0001
2024-05-24T16:00:00Z,BNBUSDT,0.0001
2024-05-25T00:00:00Z,BNBUSDT,0.0001
2024-05-25T08:00:00Z,BNBUSDT,0.0001
2024-05-25T16:00:00Z,BNBUSDT,0.0001
2024-05-26T00:00:00Z,BNBUSDT,0.0001
2024-05-26T08:00:00Z,BNBUSDT,0.0001
2024-05-26T16:00:00Z,BNBUSDT,0.0001
2024-05-27T00:00:00Z,BNBUSDT,0.0001
2024-05-27T08:00:00Z,BNBUSDT,0.0001
2024-05-27T16:00:00Z,BNBUSDT,0.0001
2024-05-28T00:00:00Z,BNBUSDT,0.0001
2024-05-28T08:00:00Z,BNBUSDT,0.0001
2024-05-28T16:00:00Z,BNBUSDT,0.0001
2024-05-29T00:00:00Z,BNBUSDT,0.0001
2024-05-29T08:00:00Z,BNBUSDT,0.0001
2024-05-29T16:00:00Z,BNBUSDT,0.0001
2024-05-30T00:00:00Z,BNBUSDT,0.0001
2024-05-30T08:00:00Z,BNBUSDT,0.0001
2024-05-30T16:00:00Z,BNBUSDT,0.0001
2024-05-31T00:00:00Z,BNBUSDT,0.0001
2024-05-31T08:00:00Z,BNBUSDT,0.0001
2024-05-31T16:00:00Z,BNBUSDT,0.0001
2024-06-01T00:00:00Z,BNBUSDT,0.0001
2024-06-01T08:00:00Z,BNBUSDT,0.0001
2024-06-01T16:00:00Z,BNBUSDT,0.0001
2024-06-02T00:00:00Z,BNBUSDT,0.0001
2024-06-02T08:00:00Z,BNBUSDT,0.0001
2024-06-02T16:00:00Z,BNBUSDT,0.0001
2024-06-03T00:00:00Z,BNBUSDT,0.0001
2024-06-03T08:00:00Z,BNBUSDT,0.00027543
2024-06-03T16:00:00Z,BNBUSDT,0.00020284
2024-06-04T00:00:00Z,BNBUSDT,0.00020267
2024-06-04T08:00:00Z,BNBUSDT,0.00030592
2024-06-04T16:00:00Z,BNBUSDT,0.00011992
2024-06-05T00:00:00Z,BNBUSDT,0.00021635
2024-06-05T08:00:00Z,BNBUSDT,0.00020177
2024-06-05T16:00:00Z,BNBUSDT,0.00013094
2024-06-06T00:00:00Z,BNBUSDT,0.0003492
2024-06-06T08:00:00Z,BNBUSDT,0.00012955
2024-06-06T16:00:00Z,BNBUSDT,0.0001
2024-06-07T00:00:00Z,BNBUSDT,0.0001
2024-06-07T08:00:00Z,BNBUSDT,0.0001
2024-06-07T16:00:00Z,BNBUSDT,0.0001
2024-06-08T00:00:00Z,BNBUSDT,0.0001
2024-06-08T08:00:00Z,BNBUSDT,0.0001
2024-06-08T16:00:00Z,BNBUSDT,0.0001
2024-06-09T00:00:00Z,BNBUSDT,0.0001
2024-06-09T08:00:00Z,BNBUSDT,0.0001
2024-06-09T16:00:00Z,BNBUSDT,0.0001
2024-06-10T00:00:00Z,BNBUSDT,0.0001
2024-06-10T08:00:00Z,BNBUSDT,0.0001
2024-06-10T16:00:00Z,BNBUSDT,0.0001
2024-06-11T00:00:00Z,BNBUSDT,0.0001
2024-06-11T08:00:00Z,BNBUSDT,0.0001
2024-06-11T16:00:00Z,BNBUSDT,0.0001
2024-06-12T00:00:00Z,BNBUSDT,0.0001
2024-06-12T08:00:00Z,BNBUSDT,0.0001
2024-06-12T16:00:00Z,BNBUSDT,-0.00013545
2024-06-13T00:00:00Z,BNBUSDT,0.00005016
2024-06-13T08:00:00Z,BNBUSDT,0.0001
2024-06-13T16:00:00Z,BNBUSDT,-0.00007061
2024-06-14T00:00:00Z,BNBUSDT,0.00007665
2024-06-14T08:00:00Z,BNBUSDT,-0.00005939
2024-06-14T16:00:00Z,BNBUSDT,-0.00004638
2024-06-15T00:00:00Z,BNBUSDT,0.0001
2024-06-15T08:00:00Z,BNBUSDT,0.0001
2024-06-15T16:00:00Z,BNBUSDT,0.0001
2024-06-16T00:00:00Z,BNBUSDT,0.0001
2024-06-16T08:00:00Z,BNBUSDT,0.0001
2024-06-16T16:00:00Z,BNBUSDT,0.0001
2024-06-17T00:00:00Z,BNBUSDT,0.0001
2024-06-17T08:00:00Z,BNBUSDT,0.0001
2024-06-17T16:00:00Z,BNBUSDT,0.0001
2024-06-18T00:00:00Z,BNBUSDT,0.0001
2024-06-18T08:00:00Z,BNBUSDT,0.0001
2024-06-18T16:00:00Z,BNBUSDT,0.00006373
2024-06-19T00:00:00Z,BNBUSDT,0.0001
2024-06-19T08:00:00Z,BNBUSDT,0.0001
2024-06-19T16:00:00Z,BNBUSDT,-0.00001386
2024-06-20T00:00:00Z,BNBUSDT,0.0001
2024-06-20T08:00:00Z,BNBUSDT,0.00005265
2024-06-20T16:00:00Z,BNBUSDT,0.00003219
2024-06-21T00:00:00Z,BNBUSDT,0.00008247
2024-06-21T08:00:00Z,BNBUSDT,-0.00002166
2024-06-21T16:00:00Z,BNBUSDT,0.0000469
2024-06-22T00:00:00Z,BNBUSDT,0.0001
2024-06-22T08:00:00Z,BNBUSDT,0.0001
2024-06-22T16:00:00Z,BNBUSDT,0.0001
2024-06-23T00:00:00Z,BNBUSDT,0.0001
2024-06-23T08:00:00Z,BNBUSDT,0.0001
2024-06-23T16:00:00Z,BNBUSDT,0.0000727
2024-06-24T00:00:00Z,BNBUSDT,-0.00000364
2024-06-24T08:00:00Z,BNBUSDT,-0.000041
2024-06-24T16:00:00Z,BNBUSDT,-0.00001483
2024-06-25T00:00:00Z,BNBUSDT,0.0001
2024-06-25T08:00:00Z,BNBUSDT,-0.00005844
2024-06-25T16:00:00Z,BNBUSDT,0.00000508
2024-06-26T00:00:00Z,BNBUSDT,-0.00016043
2024-06-26T08:00:00Z,BNBUSDT,0.00008884
2024-06-26T16:00:00Z,BNBUSDT,0.00006699
2024-06-27T00:00:00Z,BNBUSDT,0.0001
2024-06-27T08:00:00Z,BNBUSDT,0.0001
2024-06-27T16:00:00Z,BNBUSDT,-0.00002154
2024-06-28T00:00:00Z,BNBUSDT,0.00002199
2024-06-28T08:00:00Z,BNBUSDT,0.0001
2024-06-28T16:00:00Z,BNBUSDT,0.0001
2024-06-29T00:00:00Z,BNBUSDT,0.0001
2024-06-29T08:00:00Z,BNBUSDT,0.0001
2024-06-29T16:00:00Z,BNBUSDT,0.0001
2024-06-30T00:00:00Z,BNBUSDT,0.00006402
2024-06-30T08:00:00Z,BNBUSDT,0.00009581
2024-06-30T16:00:00Z,BNBUSDT,0.00003488
2024-07-01T00:00:00Z,BNBUSDT,-0.0000139
2024-07-01T08:00:00Z,BNBUSDT,0.00002939
2024-07-01T16:00:00Z,BNBUSDT,0.00006406
2024-07-02T00:00:00Z,BNBUSDT,0.00009975
2024-07-02T08:00:00Z,BNBUSDT,0.0001
2024-07-02T16:00:00Z,BNBUSDT,0.00006381
2024-07-03T00:00:00Z,BNBUSDT,0.0001
2024-07-03T08:00:00Z,BNBUSDT,0.0001
2024-07-03T16:00:00Z,BNBUSDT,0.0001
2024-07-04T00:00:00Z,BNBUSDT,0.0001
2024-07-04T08:00:00Z,BNBUSDT,0.00008042
2024-07-04T16:00:00Z,BNBUSDT,0.00002341
2024-07-05T00:00:00Z,BNBUSDT,-0.00012151
2024-07-05T08:00:00Z,BNBUSDT,-0.00000757
2024-07-05T16:00:00Z,BNBUSDT,-0.0000408
2024-07-06T00:00:00Z,BNBUSDT,-0.00001524
2024-07-06T08:00:00Z,BNBUSDT,0.00008663
2024-07-06T16:00:00Z,BNBUSDT,0.00004319
2024-07-07T00:00:00Z,BNBUSDT,0.0001
2024-07-07T08:00:00Z,BNBUSDT,0.0001
2024-07-07T16:00:00Z,BNBUSDT,0.0001
2024-07-08T00:00:00Z,BNBUSDT,-0.0000918
2024-07-08T08:00:00Z,BNBUSDT,0.00007627
2024-07-08T16:00:00Z,BNBUSDT,0.0001
2024-07-09T00:00:00Z,BNBUSDT,0.0001
2024-07-09T08:00:00Z,BNBUSDT,0.0001
2024-07-09T16:00:00Z,BNBUSDT,0.00009747
2024-07-10T00:00:00Z,BNBUSDT,0.00008485
2024-07-10T08:00:00Z,BNBUSDT,0.0001
2024-07-10T16:00:00Z,BNBUSDT,0.0001
2024-07-11T00:00:00Z,BNBUSDT,0.00006941
2024-07-11T08:00:00Z,BNBUSDT,0.0001
2024-07-11T16:00:00Z,BNBUSDT,0.0001
2024-07-12T00:00:00Z,BNBUSDT,0.00007793
2024-07-12T08:00:00Z,BNBUSDT,0.00004168
2024-07-12T16:00:00Z,BNBUSDT,0.00005895
2024-07-13T00:00:00Z,BNBUSDT,0.00004969
2024-07-13T08:00:00Z,BNBUSDT,-0.00000431
2024-07-13T16:00:00Z,BNBUSDT,0.00008805
2024-07-14T00:00:00Z,BNBUSDT,0.00001575
2024-07-14T08:00:00Z,BNBUSDT,-0.00011506
2024-07-14T16:00:00Z,BNBUSDT,0.00002275
2024-07-15T00:00:00Z,BNBUSDT,0.00006026
2024-07-15T08:00:00Z,BNBUSDT,-0.00007417
2024-07-15T16:00:00Z,BNBUSDT,0.00004321
2024-07-16T00:00:00Z,BNBUSDT,0.00008655
2024-07-16T08:00:00Z,BNBUSDT,0.00006703
2024-07-16T16:00:00Z,BNBUSDT,0.00001484
2024-07-17T00:00:00Z,BNBUSDT,-0.00006214
2024-07-17T08:00:00Z,BNBUSDT,0.0001
2024-07-17T16:00:00Z,BNBUSDT,0.0001
2024-07-18T00:00:00Z,BNBUSDT,0.0001
2024-07-18T08:00:00Z,BNBUSDT,0.0001
2024-07-18T16:00:00Z,BNBUSDT,0.00005073
2024-07-19T00:00:00Z,BNBUSDT,0.0001
2024-07-19T08:00:00Z,BNBUSDT,0.00008155
2024-07-19T16:00:00Z,BNBUSDT,0.0001
2024-07-20T00:00:00Z,BNBUSDT,0.00006326
2024-07-20T08:00:00Z,BNBUSDT,0.00009507
2024-07-20T16:00:00Z,BNBUSDT,0.0001
2024-07-21T00:00:00Z,BNBUSDT,0.00004361
2024-07-21T08:00:00Z,BNBUSDT,0.00009854
2024-07-21T16:00:00Z,BNBUSDT,0.0001
2024-07-22T00:00:00Z,BNBUSDT,0.0001
2024-07-22T08:00:00Z,BNBUSDT,0.00006733
2024-07-22T16:00:00Z,BNBUSDT,0.00004429
2024-07-23T00:00:00Z,BNBUSDT,0.00009919
2024-07-23T08:00:00Z,BNBUSDT,0.00002784
2024-07-23T16:00:00Z,BNBUSDT,0.00002768
2024-07-24T00:00:00Z,BNBUSDT,0.0001
2024-07-24T08:00:00Z,BNBUSDT,-0.0000389
2024-07-24T16:00:00Z,BNBUSDT,0.0001
2024-07-25T00:00:00Z,BNBUSDT,-0.00006017
2024-07-25T08:00:00Z,BNBUSDT,0.0001
2024-07-25T16:00:00Z,BNBUSDT,0.0001
2024-07-26T00:00:00Z,BNBUSDT,0.0001
2024-07-26T08:00:00Z,BNBUSDT,0.0001
2024-07-26T16:00:00Z,BNBUSDT,0.00002032
2024-07-27T00:00:00Z,BNBUSDT,0.00007498
2024-07-27T08:00:00Z,BNBUSDT,0.00002804
2024-07-27T16:00:00Z,BNBUSDT,0.0001
2024-07-28T00:00:00Z,BNBUSDT,0.0001
2024-07-28T08:00:00Z,BNBUSDT,0.0001
2024-07-28T16:00:00Z,BNBUSDT,0.0001
2024-07-29T00:00:00Z,BNBUSDT,0.0001
2024-07-29T08:00:00Z,BNBUSDT,0.0001
2024-07-29T16:00:00Z,BNBUSDT,0.0001
2024-07-30T00:00:00Z,BNBUSDT,-0.00003891
2024-07-30T08:00:00Z,BNBUSDT,0.0001
2024-07-30T16:00:00Z,BNBUSDT,0.00003063
2024-07-31T00:00:00Z,BNBUSDT,0.00002384
2024-07-31T08:00:00Z,BNBUSDT,0.0001
2024-07-31T16:00:00Z,BNBUSDT,0.0001
2024-08-01T00:00:00Z,BNBUSDT,0.0001
2024-08-01T08:00:00Z,BNBUSDT,0.0001
2024-08-01T16:00:00Z,BNBUSDT,0.0001
2024-08-02T00:00:00Z,BNBUSDT,0.0001
2024-08-02T08:00:00Z,BNBUSDT,0.00002565
2024-08-02T16:00:00Z,BNBUSDT,-0.00000669
2024-08-03T00:00:00Z,BNBUSDT,0.0000962
2024-08-03T08:00:00Z,BNBUSDT,0.0000505
2024-08-03T16:00:00Z,BNBUSDT,-0.00018328
2024-08-04T00:00:00Z,BNBUSDT,0.00000668
2024-08-04T08:00:00Z,BNBUSDT,-0.00008138
2024-08-04T16:00:00Z,BNBUSDT,-0.00005452
2024-08-05T00:00:00Z,BNBUSDT,0.00004739
2024-08-05T08:00:00Z,BNBUSDT,-0.00015417
2024-08-05T16:00:00Z,BNBUSDT,-0.00017349
2024-08-06T00:00:00Z,BNBUSDT,-0.00011226
2024-08-06T08:00:00Z,BNBUSDT,-0.00022657
2024-08-06T16:00:00Z,BNBUSDT,0.00007588
2024-08-07T00:00:00Z,BNBUSDT,0.00003878
2024-08-07T08:00:00Z,BNBUSDT,0.00002581
2024-08-07T16:00:00Z,BNBUSDT,0.00002236
2024-08-08T00:00:00Z,BNBUSDT,0.0001
2024-08-08T08:00:00Z,BNBUSDT,0.00007842
2024-08-08T16:00:00Z,BNBUSDT,-0.00009286
2024-08-09T00:00:00Z,BNBUSDT,0.00006942
2024-08-09T08:00:00Z,BNBUSDT,0.0001
2024-08-09T16:00:00Z,BNBUSDT,0.00004319
2024-08-10T00:00:00Z,BNBUSDT,0.0001
2024-08-10T08:00:00Z,BNBUSDT,0.0001
2024-08-10T16:00:00Z,BNBUSDT,0.0001
2024-08-11T00:00:00Z,BNBUSDT,0.0001
2024-08-11T08:00:00Z,BNBUSDT,0.00005257
2024-08-11T16:00:00Z,BNBUSDT,0.0001
2024-08-12T00:00:00Z,BNBUSDT,-0.00003292
2024-08-12T08:00:00Z,BNBUSDT,0.00004255
2024-08-12T16:00:00Z,BNBUSDT,0.00007599
2024-08-13T00:00:00Z,BNBUSDT,0.0001
2024-08-13T08:00:00Z,BNBUSDT,0.0001
2024-08-13T16:00:00Z,BNBUSDT,-0.00026529
2024-08-14T00:00:00Z,BNBUSDT,-0.00005281
2024-08-14T08:00:00Z,BNBUSDT,-0.00002509
2024-08-14T16:00:00Z,BNBUSDT,-0.00007112
2024-08-15T00:00:00Z,BNBUSDT,0.00005716
2024-08-15T08:00:00Z,BNBUSDT,0.00002823
2024-08-15T16:00:00Z,BNBUSDT,0.00008636
2024-08-16T00:00:00Z,BNBUSDT,0.00001836
2024-08-16T08:00:00Z,BNBUSDT,0.00006038
2024-08-16T16:00:00Z,BNBUSDT,-0.00005704
2024-08-17T00:00:00Z,BNBUSDT,-0.00014971
2024-08-17T08:00:00Z,BNBUSDT,0.0000492
2024-08-17T16:00:00Z,BNBUSDT,0.00006727
2024-08-18T00:00:00Z,BNBUSDT,0.00002647
2024-08-18T08:00:00Z,BNBUSDT,0.0001
2024-08-18T16:00:00Z,BNBUSDT,-0.00003868
2024-08-19T00:00:00Z,BNBUSDT,-0.00003955
2024-08-19T08:00:00Z,BNBUSDT,0.00001279
2024-08-19T16:00:00Z,BNBUSDT,0.0001
2024-08-20T00:00:00Z,BNBUSDT,0.0001
2024-08-20T08:00:00Z,BNBUSDT,0.0001
2024-08-20T16:00:00Z,BNBUSDT,0.0001
2024-08-21T00:00:00Z,BNBUSDT,-0.00013351
2024-08-21T08:00:00Z,BNBUSDT,0.0001
2024-08-21T16:00:00Z,BNBUSDT,-0.00007363
2024-08-22T00:00:00Z,BNBUSDT,0.00004138
2024-08-22T08:00:00Z,BNBUSDT,0.0001
2024-08-22T16:00:00Z,BNBUSDT,0.00002766
2024-08-23T00:00:00Z,BNBUSDT,-0.00017568
2024-08-23T08:00:00Z,BNBUSDT,-0.00014766
2024-08-23T16:00:00Z,BNBUSDT,-0.00022766
2024-08-24T00:00:00Z,BNBUSDT,-0.0002118
2024-08-24T08:00:00Z,BNBUSDT,0.0001
2024-08-24T16:00:00Z,BNBUSDT,-0.00012979
2024-08-25T00:00:00Z,BNBUSDT,-0.00014143
2024-08-25T08:00:00Z,BNBUSDT,-0.00017349
2024-08-25T16:00:00Z,BNBUSDT,0.00000134
2024-08-26T00:00:00Z,BNBUSDT,0.00000556
2024-08-26T08:00:00Z,BNBUSDT,-0.00001419
2024-08-26T16:00:00Z,BNBUSDT,-0.00000416
2024-08-27T00:00:00Z,BNBUSDT,-0.00011714
2024-08-27T08:00:00Z,BNBUSDT,-0.00011214
2024-08-27T16:00:00Z,BNBUSDT,0.00006996
2024-08-28T00:00:00Z,BNBUSDT,-0.0001449
2024-08-28T08:00:00Z,BNBUSDT,-0.00006765
2024-08-28T16:00:00Z,BNBUSDT,-0.00000017
2024-08-29T00:00:00Z,BNBUSDT,0.00006636
2024-08-29T08:00:00Z,BNBUSDT,0.0001
2024-08-29T16:00:00Z,BNBUSDT,-0.00003095
2024-08-30T00:00:00Z,BNBUSDT,0.00002575
2024-08-30T08:00:00Z,BNBUSDT,0.00003656
2024-08-30T16:00:00Z,BNBUSDT,-0.00013626
2024-08-31T00:00:00Z,BNBUSDT,-0.00000561
2024-08-31T08:00:00Z,BNBUSDT,0.00009002
2024-08-31T16:00:00Z,BNBUSDT,0.00004702
2024-09-01T00:00:00Z,BNBUSDT,0.00000742
2024-09-01T08:00:00Z,BNBUSDT,-0.00011063
2024-09-01T16:00:00Z,BNBUSDT,-0.00017264
2024-09-02T00:00:00Z,BNBUSDT,-0.00007373
2024-09-02T08:00:00Z,BNBUSDT,0.0000113
2024-09-02T16:00:00Z,BNBUSDT,0.0000589
2024-09-03T00:00:00Z,BNBUSDT,0.0001
2024-09-03T08:00:00Z,BNBUSDT,0.0001
2024-09-03T16:00:00Z,BNBUSDT,0.0001
2024-09-04T00:00:00Z,BNBUSDT,0.0001
2024-09-04T08:00:00Z,BNBUSDT,0.00001096
2024-09-04T16:00:00Z,BNBUSDT,-0.00005989
2024-09-05T00:00:00Z,BNBUSDT,-0.00003617
2024-09-05T08:00:00Z,BNBUSDT,0.0001
2024-09-05T16:00:00Z,BNBUSDT,0.0001
2024-09-06T00:00:00Z,BNBUSDT,0.0001
2024-09-06T08:00:00Z,BNBUSDT,0.00001456
2024-09-06T16:00:00Z,BNBUSDT,0.00000962
2024-09-07T00:00:00Z,BNBUSDT,-0.0000447
2024-09-07T08:00:00Z,BNBUSDT,0.00003529
2024-09-07T16:00:00Z,BNBUSDT,-0.00007186
2024-09-08T00:00:00Z,BNBUSDT,0.00002774
2024-09-08T08:00:00Z,BNBUSDT,0.0000859
2024-09-08T16:00:00Z,BNBUSDT,0.0001
2024-09-09T00:00:00Z,BNBUSDT,0.00000728
2024-09-09T08:00:00Z,BNBUSDT,0.0001
2024-09-09T16:00:00Z,BNBUSDT,0.0000778
2024-09-10T00:00:00Z,BNBUSDT,0.0001
2024-09-10T08:00:00Z,BNBUSDT,0.00007822
2024-09-10T16:00:00Z,BNBUSDT,-0.00003065
2024-09-11T00:00:00Z,BNBUSDT,-0.00000153
2024-09-11T08:00:00Z,BNBUSDT,-0.00011132
2024-09-11T16:00:00Z,BNBUSDT,0.0001
2024-09-12T00:00:00Z,BNBUSDT,0.0001
2024-09-12T08:00:00Z,BNBUSDT,0.0001
2024-09-12T16:00:00Z,BNBUSDT,0.0001
2024-09-13T00:00:00Z,BNBUSDT,0.00002376
2024-09-13T08:00:00Z,BNBUSDT,-0.00003437
2024-09-13T16:00:00Z,BNBUSDT,-0.00014227
2024-09-14T00:00:00Z,BNBUSDT,-0.00016234
2024-09-14T08:00:00Z,BNBUSDT,-0.00001141
2024-09-14T16:00:00Z,BNBUSDT,-0.0000167
2024-09-15T00:00:00Z,BNBUSDT,0.00003849
2024-09-15T08:00:00Z,BNBUSDT,0.00005837
2024-09-15T16:00:00Z,BNBUSDT,0.0001
2024-09-16T00:00:00Z,BNBUSDT,-0.00014709
2024-09-16T08:00:00Z,BNBUSDT,-0.00017061
2024-09-16T16:00:00Z,BNBUSDT,-0.00012486
2024-09-17T00:00:00Z,BNBUSDT,-0.00022433
2024-09-17T08:00:00Z,BNBUSDT,-0.0000777
2024-09-17T16:00:00Z,BNBUSDT,-0.0000375
2024-09-18T00:00:00Z,BNBUSDT,-0.00001775
2024-09-18T08:00:00Z,BNBUSDT,-0.00005247
2024-09-18T16:00:00Z,BNBUSDT,-0.00000053
2024-09-19T00:00:00Z,BNBUSDT,0.00002288
2024-09-19T08:00:00Z,BNBUSDT,0.0001
2024-09-19T16:00:00Z,BNBUSDT,-0.00030963
2024-09-20T00:00:00Z,BNBUSDT,-0.00000607
2024-09-20T08:00:00Z,BNBUSDT,0.00006463
2024-09-20T16:00:00Z,BNBUSDT,0.00004377
2024-09-21T00:00:00Z,BNBUSDT,0.0001
2024-09-21T08:00:00Z,BNBUSDT,0.00004683
2024-09-21T16:00:00Z,BNBUSDT,0.0001
2024-09-22T00:00:00Z,BNBUSDT,0.0001
2024-09-22T08:00:00Z,BNBUSDT,0.0001
2024-09-22T16:00:00Z,BNBUSDT,0.00007003
2024-09-23T00:00:00Z,BNBUSDT,0.00001387
2024-09-23T08:00:00Z,BNBUSDT,0.00006977
2024-09-23T16:00:00Z,BNBUSDT,-0.00002871
2024-09-24T00:00:00Z,BNBUSDT,0.0001
2024-09-24T08:00:00Z,BNBUSDT,0.0001
2024-09-24T16:00:00Z,BNBUSDT,0.0001
2024-09-25T00:00:00Z,BNBUSDT,0.0001
2024-09-25T08:00:00Z,BNBUSDT,0.00005546
2024-09-25T16:00:00Z,BNBUSDT,0.00005799
2024-09-26T00:00:00Z,BNBUSDT,0.00002993
2024-09-26T08:00:00Z,BNBUSDT,0.0001
2024-09-26T16:00:00Z,BNBUSDT,0.0001
2024-09-27T00:00:00Z,BNBUSDT,0.00005226
2024-09-27T08:00:00Z,BNBUSDT,0.0001
2024-09-27T16:00:00Z,BNBUSDT,0.0001
2024-09-28T00:00:00Z,BNBUSDT,0.0001
2024-09-28T08:00:00Z,BNBUSDT,0.00006513
2024-09-28T16:00:00Z,BNBUSDT,0.0001
2024-09-29T00:00:00Z,BNBUSDT,0.0001
2024-09-29T08:00:00Z,BNBUSDT,0.0001
2024-09-29T16:00:00Z,BNBUSDT,0.0001
2024-09-30T00:00:00Z,BNBUSDT,0.00006221
2024-09-30T08:00:00Z,BNBUSDT,-0.00006968
2024-09-30T16:00:00Z,BNBUSDT,0.00001458
2024-10-01T00:00:00Z,BNBUSDT,0.0001
2024-10-01T08:00:00Z,BNBUSDT,0.00007272
2024-10-01T16:00:00Z,BNBUSDT,-0.00003552
2024-10-02T00:00:00Z,BNBUSDT,-0.00010225
2024-10-02T08:00:00Z,BNBUSDT,0.00007584
2024-10-02T16:00:00Z,BNBUSDT,-0.00000979
2024-10-03T00:00:00Z,BNBUSDT,-0.00004749
2024-10-03T08:00:00Z,BNBUSDT,-0.00001597
2024-10-03T16:00:00Z,BNBUSDT,-0.00016794
2024-10-04T00:00:00Z,BNBUSDT,-0.0000187
2024-10-04T08:00:00Z,BNBUSDT,-0.00003555
2024-10-04T16:00:00Z,BNBUSDT,-0.00004152
2024-10-05T00:00:00Z,BNBUSDT,0.00009754
2024-10-05T08:00:00Z,BNBUSDT,0.0001
2024-10-05T16:00:00Z,BNBUSDT,-0.00003191
2024-10-06T00:00:00Z,BNBUSDT,0.0001
2024-10-06T08:00:00Z,BNBUSDT,0.0001
2024-10-06T16:00:00Z,BNBUSDT,0.0000153
2024-10-07T00:00:00Z,BNBUSDT,-0.00003353
2024-10-07T08:00:00Z,BNBUSDT,0.00002366
2024-10-07T16:00:00Z,BNBUSDT,0.0001
2024-10-08T00:00:00Z,BNBUSDT,0.00006274
2024-10-08T08:00:00Z,BNBUSDT,-0.0000158
2024-10-08T16:00:00Z,BNBUSDT,-0.00004786
2024-10-09T00:00:00Z,BNBUSDT,-0.00034838
2024-10-09T08:00:00Z,BNBUSDT,-0.00062035
2024-10-09T16:00:00Z,BNBUSDT,-0.0003758
2024-10-10T00:00:00Z,BNBUSDT,-0.00029128
2024-10-10T08:00:00Z,BNBUSDT,-0.00019941
2024-10-10T16:00:00Z,BNBUSDT,-0.00021167
2024-10-11T00:00:00Z,BNBUSDT,-0.00022532
2024-10-11T08:00:00Z,BNBUSDT,0.0001
2024-10-11T16:00:00Z,BNBUSDT,0.00008729
2024-10-12T00:00:00Z,BNBUSDT,0.0001
2024-10-12T08:00:00Z,BNBUSDT,0.0001
2024-10-12T16:00:00Z,BNBUSDT,0.00003789
2024-10-13T00:00:00Z,BNBUSDT,-0.00000439
2024-10-13T08:00:00Z,BNBUSDT,0.0001
2024-10-13T16:00:00Z,BNBUSDT,0.00007501
2024-10-14T00:00:00Z,BNBUSDT,-0.00002926
2024-10-14T08:00:00Z,BNBUSDT,0.0001
2024-10-14T16:00:00Z,BNBUSDT,0.0001
2024-10-15T00:00:00Z,BNBUSDT,0.0001
2024-10-15T08:00:00Z,BNBUSDT,0.0001
2024-10-15T16:00:00Z,BNBUSDT,0.0001
2024-10-16T00:00:00Z,BNBUSDT,0.0001
2024-10-16T08:00:00Z,BNBUSDT,0.0001
2024-10-16T16:00:00Z,BNBUSDT,0.0001
2024-10-17T00:00:00Z,BNBUSDT,0.00008148
2024-10-17T08:00:00Z,BNBUSDT,0.0001
2024-10-17T16:00:00Z,BNBUSDT,0.00009447
2024-10-18T00:00:00Z,BNBUSDT,0.00001131
2024-10-18T08:00:00Z,BNBUSDT,0.0001
2024-10-18T16:00:00Z,BNBUSDT,0.0001
2024-10-19T00:00:00Z,BNBUSDT,0.00004821
2024-10-19T08:00:00Z,BNBUSDT,0.00000348
2024-10-19T16:00:00Z,BNBUSDT,0.0001
2024-10-20T00:00:00Z,BNBUSDT,0.0000673
2024-10-20T08:00:00Z,BNBUSDT,0.0001
2024-10-20T16:00:00Z,BNBUSDT,0.0001
2024-10-21T00:00:00Z,BNBUSDT,0.0001
2024-10-21T08:00:00Z,BNBUSDT,0.0001
2024-10-21T16:00:00Z,BNBUSDT,0.0001
2024-10-22T00:00:00Z,BNBUSDT,-0.00006065
2024-10-22T08:00:00Z,BNBUSDT,0.0001
2024-10-22T16:00:00Z,BNBUSDT,0.00001069
2024-10-23T00:00:00Z,BNBUSDT,0.0001
2024-10-23T08:00:00Z,BNBUSDT,0.0001
2024-10-23T16:00:00Z,BNBUSDT,0.00004072
2024-10-24T00:00:00Z,BNBUSDT,0.0001
2024-10-24T08:00:00Z,BNBUSDT,0.0001
2024-10-24T16:00:00Z,BNBUSDT,0.0001
2024-10-25T00:00:00Z,BNBUSDT,0.0001
2024-10-25T08:00:00Z,BNBUSDT,0.0001
2024-10-25T16:00:00Z,BNBUSDT,0.0001
2024-10-26T00:00:00Z,BNBUSDT,-0.00021322
2024-10-26T08:00:00Z,BNBUSDT,-0.0000621
2024-10-26T16:00:00Z,BNBUSDT,0.0001
2024-10-27T00:00:00Z,BNBUSDT,0.0001
2024-10-27T08:00:00Z,BNBUSDT,0.00004305
2024-10-27T16:00:00Z,BNBUSDT,0.00001887
2024-10-28T00:00:00Z,BNBUSDT,0.0001
2024-10-28T08:00:00Z,BNBUSDT,0.0001
2024-10-28T16:00:00Z,BNBUSDT,0.0001
2024-10-29T00:00:00Z,BNBUSDT,0.0001
2024-10-29T08:00:00Z,BNBUSDT,0.0001
2024-10-29T16:00:00Z,BNBUSDT,0.0001
2024-10-30T00:00:00Z,BNBUSDT,0.0001
2024-10-30T08:00:00Z,BNBUSDT,0.0001
2024-10-30T16:00:00Z,BNBUSDT,0.0001
2024-10-31T00:00:00Z,BNBUSDT,0.0001
2024-10-31T08:00:00Z,BNBUSDT,0.0001
2024-10-31T16:00:00Z,BNBUSDT,0.0001
2024-11-01T00:00:00Z,BNBUSDT,0.00007292
2024-11-01T08:00:00Z,BNBUSDT,0.00007376
2024-11-01T16:00:00Z,BNBUSDT,0.0001
2024-11-02T00:00:00Z,BNBUSDT,0.00002365
2024-11-02T08:00:00Z,BNBUSDT,0.00000824
2024-11-02T16:00:00Z,BNBUSDT,-0.00000455
2024-11-03T00:00:00Z,BNBUSDT,0.00002674
2024-11-03T08:00:00Z,BNBUSDT,0.00001401
2024-11-03T16:00:00Z,BNBUSDT,0.00000976
2024-11-04T00:00:00Z,BNBUSDT,0.0001
2024-11-04T08:00:00Z,BNBUSDT,0.00005458
2024-11-04T16:00:00Z,BNBUSDT,0.0001
2024-11-05T00:00:00Z,BNBUSDT,0.00007543
2024-11-05T08:00:00Z,BNBUSDT,0.0001
2024-11-05T16:00:00Z,BNBUSDT,0.0001
2024-11-06T00:00:00Z,BNBUSDT,0.0001
2024-11-06T08:00:00Z,BNBUSDT,0.0001
2024-11-06T16:00:00Z,BNBUSDT,0.0001
2024-11-07T00:00:00Z,BNBUSDT,0.0001
2024-11-07T08:00:00Z,BNBUSDT,0.0001
2024-11-07T16:00:00Z,BNBUSDT,0.0001
2024-11-08T00:00:00Z,BNBUSDT,0.0001
2024-11-08T08:00:00Z,BNBUSDT,0.00013899
2024-11-08T16:00:00Z,BNBUSDT,0.0001
2024-11-09T00:00:00Z,BNBUSDT,0.0001
2024-11-09T08:00:00Z,BNBUSDT,0.0001
2024-11-09T16:00:00Z,BNBUSDT,0.0001
2024-11-10T00:00:00Z,BNBUSDT,0.0001
2024-11-10T08:00:00Z,BNBUSDT,0.00045727
2024-11-10T16:00:00Z,BNBUSDT,0.00034354
2024-11-11T00:00:00Z,BNBUSDT,0.00015038
2024-11-11T08:00:00Z,BNBUSDT,0.00011106
2024-11-11T16:00:00Z,BNBUSDT,0.00014665
2024-11-12T00:00:00Z,BNBUSDT,0.00042792
2024-11-12T08:00:00Z,BNBUSDT,0.00049816
2024-11-12T16:00:00Z,BNBUSDT,0.00033367
2024-11-13T00:00:00Z,BNBUSDT,0.00024827
2024-11-13T08:00:00Z,BNBUSDT,0.00014641
2024-11-13T16:00:00Z,BNBUSDT,0.00029933
2024-11-14T00:00:00Z,BNBUSDT,0.00021462
2024-11-14T08:00:00Z,BNBUSDT,0.00034171
2024-11-14T16:00:00Z,BNBUSDT,0.0001
2024-11-15T00:00:00Z,BNBUSDT,0.0001
2024-11-15T08:00:00Z,BNBUSDT,0.0001
2024-11-15T16:00:00Z,BNBUSDT,0.0001
2024-11-16T00:00:00Z,BNBUSDT,0.0001
2024-11-16T08:00:00Z,BNBUSDT,0.0001
2024-11-16T16:00:00Z,BNBUSDT,0.0001
2024-11-17T00:00:00Z,BNBUSDT,0.0001
2024-11-17T08:00:00Z,BNBUSDT,0.0001
2024-11-17T16:00:00Z,BNBUSDT,0.00042561
2024-11-18T00:00:00Z,BNBUSDT,0.0001
2024-11-18T08:00:00Z,BNBUSDT,0.00044075
2024-11-18T16:00:00Z,BNBUSDT,0.00015741
2024-11-19T00:00:00Z,BNBUSDT,0.00022405
2024-11-19T08:00:00Z,BNBUSDT,0.00034972
2024-11-19T16:00:00Z,BNBUSDT,0.00036413
2024-11-20T00:00:00Z,BNBUSDT,0.00018843
2024-11-20T08:00:00Z,BNBUSDT,0.00025382
2024-11-20T16:00:00Z,BNBUSDT,0.00018078
2024-11-21T00:00:00Z,BNBUSDT,0.0001
2024-11-21T08:00:00Z,BNBUSDT,0.0001
2024-11-21T16:00:00Z,BNBUSDT,0.00015079
2024-11-22T00:00:00Z,BNBUSDT,0.00033509
2024-11-22T08:00:00Z,BNBUSDT,0.00036491
2024-11-22T16:00:00Z,BNBUSDT,0.00019321
2024-11-23T00:00:00Z,BNBUSDT,0.00016408
2024-11-23T08:00:00Z,BNBUSDT,0.00041514
2024-11-23T16:00:00Z,BNBUSDT,0.00052566
2024-11-24T00:00:00Z,BNBUSDT,0.00029519
2024-11-24T08:00:00Z,BNBUSDT,0.00038582
2024-11-24T16:00:00Z,BNBUSDT,0.00024093
2024-11-25T00:00:00Z,BNBUSDT,0.00032368
2024-11-25T08:00:00Z,BNBUSDT,0.00031548
2024-11-25T16:00:00Z,BNBUSDT,0.00029913
2024-11-26T00:00:00Z,BNBUSDT,0.00015247
2024-11-26T08:00:00Z,BNBUSDT,0.00024041
2024-11-26T16:00:00Z,BNBUSDT,0.00014415
2024-11-27T00:00:00Z,BNBUSDT,0.00020633
2024-11-27T08:00:00Z,BNBUSDT,0.00022072
2024-11-27T16:00:00Z,BNBUSDT,0.0002531
2024-11-28T00:00:00Z,BNBUSDT,0.00015829
2024-11-28T08:00:00Z,BNBUSDT,0.00018519
2024-11-28T16:00:00Z,BNBUSDT,0.00020167
2024-11-29T00:00:00Z,BNBUSDT,0.00041357
2024-11-29T08:00:00Z,BNBUSDT,0.00045612
2024-11-29T16:00:00Z,BNBUSDT,0.00048426
2024-11-30T00:00:00Z,BNBUSDT,0.00024944
2024-11-30T08:00:00Z,BNBUSDT,0.00049063
2024-11-30T16:00:00Z,BNBUSDT,0.00044137
2024-12-01T00:00:00Z,BNBUSDT,0.00042551
2024-12-01T08:00:00Z,BNBUSDT,0.0003625
2024-12-01T16:00:00Z,BNBUSDT,0.00041651
2024-12-02T00:00:00Z,BNBUSDT,0.00044019
2024-12-02T08:00:00Z,BNBUSDT,0.00033781
2024-12-02T16:00:00Z,BNBUSDT,0.00026382
2024-12-03T00:00:00Z,BNBUSDT,0.00042621
2024-12-03T08:00:00Z,BNBUSDT,0.00052345
2024-12-03T16:00:00Z,BNBUSDT,0.00036991
2024-12-04T00:00:00Z,BNBUSDT,0.00084032
2024-12-04T08:00:00Z,BNBUSDT,0.00061342
2024-12-04T16:00:00Z,BNBUSDT,0.00071014
2024-12-05T00:00:00Z,BNBUSDT,0.00046256
2024-12-05T08:00:00Z,BNBUSDT,0.00081407
2024-12-05T16:00:00Z,BNBUSDT,0.00072198
2024-12-06T00:00:00Z,BNBUSDT,0.00053835
2024-12-06T08:00:00Z,BNBUSDT,0.00059268
2024-12-06T16:00:00Z,BNBUSDT,0.00033935
2024-12-07T00:00:00Z,BNBUSDT,0.00046537
2024-12-07T08:00:00Z,BNBUSDT,0.00048944
2024-12-07T16:00:00Z,BNBUSDT,0.00060212
2024-12-08T00:00:00Z,BNBUSDT,0.0005536
2024-12-08T08:00:00Z,BNBUSDT,0.00041285
2024-12-08T16:00:00Z,BNBUSDT,0.00044079
2024-12-09T00:00:00Z,BNBUSDT,0.00032459
2024-12-09T08:00:00Z,BNBUSDT,0.00020703
2024-12-09T16:00:00Z,BNBUSDT,0.00018953
2024-12-10T00:00:00Z,BNBUSDT,0.0001
2024-12-10T08:00:00Z,BNBUSDT,0.0001
2024-12-10T16:00:00Z,BNBUSDT,0.0001
2024-12-11T00:00:00Z,BNBUSDT,0.0001
2024-12-11T08:00:00Z,BNBUSDT,0.0001
2024-12-11T16:00:00Z,BNBUSDT,0.0001
2024-12-12T00:00:00Z,BNBUSDT,0.0001
2024-12-12T08:00:00Z,BNBUSDT,0.0001
2024-12-12T16:00:00Z,BNBUSDT,0.0001
2024-12-13T00:00:00Z,BNBUSDT,0.0001
2024-12-13T08:00:00Z,BNBUSDT,0.0001
2024-12-13T16:00:00Z,BNBUSDT,0.0001
2024-12-14T00:00:00Z,BNBUSDT,0.0001
2024-12-14T08:00:00Z,BNBUSDT,0.0001
2024-12-14T16:00:00Z,BNBUSDT,0.0001
2024-12-15T00:00:00Z,BNBUSDT,0.0001
2024-12-15T08:00:00Z,BNBUSDT,0.0001
2024-12-15T16:00:00Z,BNBUSDT,0.0001
2024-12-16T00:00:00Z,BNBUSDT,0.0001
2024-12-16T08:00:00Z,BNBUSDT,0.0001
2024-12-16T16:00:00Z,BNBUSDT,0.0001
2024-12-17T00:00:00Z,BNBUSDT,0.0001
2024-12-17T08:00:00Z,BNBUSDT,0.0001
2024-12-17T16:00:00Z,BNBUSDT,0.0001
2024-12-18T00:00:00Z,BNBUSDT,0.0001
2024-12-18T08:00:00Z,BNBUSDT,0.0001
2024-12-18T16:00:00Z,BNBUSDT,0.0001
2024-12-19T00:00:00Z,BNBUSDT,0.0001
2024-12-19T08:00:00Z,BNBUSDT,0.0001
2024-12-19T16:00:00Z,BNBUSDT,0.0001
2024-12-20T00:00:00Z,BNBUSDT,0.00002898
2024-12-20T08:00:00Z,BNBUSDT,0.00007798
2024-12-20T16:00:00Z,BNBUSDT,-0.00006954
2024-12-21T00:00:00Z,BNBUSDT,0.0001
2024-12-21T08:00:00Z,BNBUSDT,0.0001
2024-12-21T16:00:00Z,BNBUSDT,0.0001
2024-12-22T00:00:00Z,BNBUSDT,0.0001
2024-12-22T08:00:00Z,BNBUSDT,0.0001
2024-12-22T16:00:00Z,BNBUSDT,0.0001
2024-12-23T00:00:00Z,BNBUSDT,0.0001
2024-12-23T08:00:00Z,BNBUSDT,0.00008338
2024-12-23T16:00:00Z,BNBUSDT,-0.00025071
2024-12-24T00:00:00Z,BNBUSDT,-0.00025772
2024-12-24T08:00:00Z,BNBUSDT,-0.00011874
2024-12-24T16:00:00Z,BNBUSDT,0.0001
2024-12-25T00:00:00Z,BNBUSDT,-0.00006995
2024-12-25T08:00:00Z,BNBUSDT,0.0001
2024-12-25T16:00:00Z,BNBUSDT,0.0001
2024-12-26T00:00:00Z,BNBUSDT,-0.00010214
2024-12-26T08:00:00Z,BNBUSDT,-0.00001143
2024-12-26T16:00:00Z,BNBUSDT,-0.0002895
2024-12-27T00:00:00Z,BNBUSDT,-0.0002055
2024-12-27T08:00:00Z,BNBUSDT,-0.00014201
2024-12-27T16:00:00Z,BNBUSDT,-0.00001306
2024-12-28T00:00:00Z,BNBUSDT,-0.00012204
2024-12-28T08:00:00Z,BNBUSDT,0.00009218
2024-12-28T16:00:00Z,BNBUSDT,0.00000352
2024-12-29T00:00:00Z,BNBUSDT,0.0001
2024-12-29T08:00:00Z,BNBUSDT,0.0001
2024-12-29T16:00:00Z,BNBUSDT,0.00000955
2024-12-30T00:00:00Z,BNBUSDT,0.0001
2024-12-30T08:00:00Z,BNBUSDT,-0.00002654
2024-12-30T16:00:00Z,BNBUSDT,-0.0000388
2024-12-31T00:00:00Z,BNBUSDT,0.00003877
2024-12-31T08:00:00Z,BNBUSDT,0.00007454
2024-12-31T16:00:00Z,BNBUSDT,-0.00002048
2025-01-01T00:00:00Z,BNBUSDT,0.00008651
2025-01-01T08:00:00Z,BNBUSDT,0.00007384
2025-01-01T16:00:00Z,BNBUSDT,0.00006337
2025-01-02T00:00:00Z,BNBUSDT,-0.00012653
2025-01-02T08:00:00Z,BNBUSDT,0.0000746
2025-01-02T16:00:00Z,BNBUSDT,0.00009631
2025-01-03T00:00:00Z,BNBUSDT,0.0001
2025-01-03T08:00:00Z,BNBUSDT,0.0001
2025-01-03T16:00:00Z,BNBUSDT,0.0001
2025-01-04T00:00:00Z,BNBUSDT,0.0001
2025-01-04T08:00:00Z,BNBUSDT,0.0001
2025-01-04T16:00:00Z,BNBUSDT,0.0001
2025-01-05T00:00:00Z,BNBUSDT,0.0001
2025-01-05T08:00:00Z,BNBUSDT,0.0001
2025-01-05T16:00:00Z,BNBUSDT,0.0001
2025-01-06T00:00:00Z,BNBUSDT,0.0001
2025-01-06T08:00:00Z,BNBUSDT,0.0001
2025-01-06T16:00:00Z,BNBUSDT,0.0001
2025-01-07T00:00:00Z,BNBUSDT,0.0001
2025-01-07T08:00:00Z,BNBUSDT,0.00006706
2025-01-07T16:00:00Z,BNBUSDT,-0.00010648
2025-01-08T00:00:00Z,BNBUSDT,-0.00085387
2025-01-08T08:00:00Z,BNBUSDT,-0.00040253
2025-01-08T16:00:00Z,BNBUSDT,0.0001
2025-01-09T00:00:00Z,BNBUSDT,-0.00011196
2025-01-09T08:00:00Z,BNBUSDT,-0.00005033
2025-01-09T16:00:00Z,BNBUSDT,-0.00005213
2025-01-10T00:00:00Z,BNBUSDT,-0.00031686
2025-01-10T08:00:00Z,BNBUSDT,-0.00015151
2025-01-10T16:00:00Z,BNBUSDT,-0.00002424
2025-01-11T00:00:00Z,BNBUSDT,0.0001
2025-01-11T08:00:00Z,BNBUSDT,0.00001662
2025-01-11T16:00:00Z,BNBUSDT,0.00000788
2025-01-12T00:00:00Z,BNBUSDT,0.00006144
2025-01-12T08:00:00Z,BNBUSDT,-0.00005412
2025-01-12T16:00:00Z,BNBUSDT,-0.00002003
2025-01-13T00:00:00Z,BNBUSDT,-0.00002097
2025-01-13T08:00:00Z,BNBUSDT,-0.00035802
2025-01-13T16:00:00Z,BNBUSDT,-0.00049226
2025-01-14T00:00:00Z,BNBUSDT,0.00005131
2025-01-14T08:00:00Z,BNBUSDT,0.00008323
2025-01-14T16:00:00Z,BNBUSDT,0.0001
2025-01-15T00:00:00Z,BNBUSDT,0.0001
2025-01-15T08:00:00Z,BNBUSDT,0.0001
2025-01-15T16:00:00Z,BNBUSDT,0.0001
2025-01-16T00:00:00Z,BNBUSDT,0.0001
2025-01-16T08:00:00Z,BNBUSDT,0.0001
2025-01-16T16:00:00Z,BNBUSDT,0.0001
2025-01-17T00:00:00Z,BNBUSDT,0.0001
2025-01-17T08:00:00Z,BNBUSDT,0.0001
2025-01-17T16:00:00Z,BNBUSDT,0.0001
2025-01-18T00:00:00Z,BNBUSDT,0.0001
2025-01-18T08:00:00Z,BNBUSDT,0.0001
2025-01-18T16:00:00Z,BNBUSDT,0.0001
2025-01-19T00:00:00Z,BNBUSDT,0.0001
2025-01-19T08:00:00Z,BNBUSDT,0.0001
2025-01-19T16:00:00Z,BNBUSDT,0.0001
2025-01-20T00:00:00Z,BNBUSDT,0.0001
2025-01-20T08:00:00Z,BNBUSDT,0.0001
2025-01-20T16:00:00Z,BNBUSDT,0.0001
2025-01-21T00:00:00Z,BNBUSDT,0.0001
2025-01-21T08:00:00Z,BNBUSDT,0.0001
2025-01-21T16:00:00Z,BNBUSDT,0.0001
2025-01-22T00:00:00Z,BNBUSDT,0.0001
2025-01-22T08:00:00Z,BNBUSDT,0.0001
2025-01-22T16:00:00Z,BNBUSDT,0.0001
2025-01-23T00:00:00Z,BNBUSDT,0.0001
2025-01-23T08:00:00Z,BNBUSDT,0.0001
2025-01-23T16:00:00Z,BNBUSDT,0.0001
2025-01-24T00:00:00Z,BNBUSDT,0.0001
2025-01-24T08:00:00Z,BNBUSDT,0.0001
2025-01-24T16:00:00Z,BNBUSDT,0.0001
2025-01-25T00:00:00Z,BNBUSDT,-0.00000221
2025-01-25T08:00:00Z,BNBUSDT,0.0001
2025-01-25T16:00:00Z,BNBUSDT,0.0001
2025-01-26T00:00:00Z,BNBUSDT,0.0001
2025-01-26T08:00:00Z,BNBUSDT,0.0001
2025-01-26T16:00:00Z,BNBUSDT,0.0001
2025-01-27T00:00:00Z,BNBUSDT,-0.00014395
2025-01-27T08:00:00Z,BNBUSDT,-0.00017694
2025-01-27T16:00:00Z,BNBUSDT,0.0001
2025-01-28T00:00:00Z,BNBUSDT,0.0001
2025-01-28T08:00:00Z,BNBUSDT,0.0001
2025-01-28T16:00:00Z,BNBUSDT,0.0001
2025-01-29T00:00:00Z,BNBUSDT,-0.00011787
2025-01-29T08:00:00Z,BNBUSDT,0.0001
2025-01-29T16:00:00Z,BNBUSDT,-0.0000009
2025-01-30T00:00:00Z,BNBUSDT,-0.00002365
2025-01-30T08:00:00Z,BNBUSDT,0.0001
2025-01-30T16:00:00Z,BNBUSDT,0.0001
2025-01-31T00:00:00Z,BNBUSDT,0.0001
2025-01-31T08:00:00Z,BNBUSDT,0.0001
2025-01-31T16:00:00Z,BNBUSDT,0.0001
2025-02-01T00:00:00Z,BNBUSDT,0.0001
2025-02-01T08:00:00Z,BNBUSDT,0.0001
2025-02-01T16:00:00Z,BNBUSDT,0.0000697
2025-02-02T00:00:00Z,BNBUSDT,-0.00005096
2025-02-02T08:00:00Z,BNBUSDT,0.00003558
2025-02-02T16:00:00Z,BNBUSDT,0.0001
2025-02-03T00:00:00Z,BNBUSDT,-0.00005757
2025-02-03T08:00:00Z,BNBUSDT,-0.00011298
2025-02-03T16:00:00Z,BNBUSDT,-0.00015251
2025-02-04T00:00:00Z,BNBUSDT,-0.00011139
2025-02-04T08:00:00Z,BNBUSDT,0.0001
2025-02-04T16:00:00Z,BNBUSDT,0.0001
2025-02-05T00:00:00Z,BNBUSDT,0.0001
2025-02-05T08:00:00Z,BNBUSDT,0.00000541
2025-02-05T16:00:00Z,BNBUSDT,0.00001589
2025-02-06T00:00:00Z,BNBUSDT,0.00007673
2025-02-06T08:00:00Z,BNBUSDT,-0.00000453
2025-02-06T16:00:00Z,BNBUSDT,-0.00027735
2025-02-07T00:00:00Z,BNBUSDT,-0.00015693
2025-02-07T08:00:00Z,BNBUSDT,-0.00019552
2025-02-07T16:00:00Z,BNBUSDT,0.0001
2025-02-08T00:00:00Z,BNBUSDT,-0.00003473
2025-02-08T08:00:00Z,BNBUSDT,0.0001
2025-02-08T16:00:00Z,BNBUSDT,0.00005018
2025-02-09T00:00:00Z,BNBUSDT,-0.00003022
2025-02-09T08:00:00Z,BNBUSDT,-0.00024824
2025-02-09T16:00:00Z,BNBUSDT,-0.00004773
2025-02-10T00:00:00Z,BNBUSDT,0.00004319
2025-02-10T08:00:00Z,BNBUSDT,0.00009624
2025-02-10T16:00:00Z,BNBUSDT,-0.00003188
2025-02-11T00:00:00Z,BNBUSDT,-0.00001654
2025-02-11T08:00:00Z,BNBUSDT,0.00000356
2025-02-11T16:00:00Z,BNBUSDT,0.00006609
2025-02-12T00:00:00Z,BNBUSDT,-0.00015035
2025-02-12T08:00:00Z,BNBUSDT,-0.00008337
2025-02-12T16:00:00Z,BNBUSDT,0.00009054
2025-02-13T00:00:00Z,BNBUSDT,-0.00001827
2025-02-13T08:00:00Z,BNBUSDT,-0.00000481
2025-02-13T16:00:00Z,BNBUSDT,-0.00035001
2025-02-14T00:00:00Z,BNBUSDT,-0.00010221
2025-02-14T08:00:00Z,BNBUSDT,-0.00000704
2025-02-14T16:00:00Z,BNBUSDT,-0.00005982
2025-02-15T00:00:00Z,BNBUSDT,-0.00019372
2025-02-15T08:00:00Z,BNBUSDT,0.00007344
2025-02-15T16:00:00Z,BNBUSDT,-0.00002421
2025-02-16T00:00:00Z,BNBUSDT,0.00001701
2025-02-16T08:00:00Z,BNBUSDT,-0.00009941
2025-02-16T16:00:00Z,BNBUSDT,-0.00034184
2025-02-17T00:00:00Z,BNBUSDT,-0.00014893
2025-02-17T08:00:00Z,BNBUSDT,0.0001
2025-02-17T16:00:00Z,BNBUSDT,-0.0001595
2025-02-18T00:00:00Z,BNBUSDT,-0.0000362
2025-02-18T08:00:00Z,BNBUSDT,-0.000144
2025-02-18T16:00:00Z,BNBUSDT,-0.00000622
2025-02-19T00:00:00Z,BNBUSDT,0.0001
2025-02-19T08:00:00Z,BNBUSDT,0.0001
2025-02-19T16:00:00Z,BNBUSDT,-0.00018059
2025-02-20T00:00:00Z,BNBUSDT,-0.0000607
2025-02-20T08:00:00Z,BNBUSDT,-0.00014381
2025-02-20T16:00:00Z,BNBUSDT,-0.00000039
2025-02-21T00:00:00Z,BNBUSDT,-0.00002293
2025-02-21T08:00:00Z,BNBUSDT,-0.00008803
2025-02-21T16:00:00Z,BNBUSDT,-0.00030824
2025-02-22T00:00:00Z,BNBUSDT,0.0001
2025-02-22T08:00:00Z,BNBUSDT,0.0001
2025-02-22T16:00:00Z,BNBUSDT,0.0001
2025-02-23T00:00:00Z,BNBUSDT,0.0001
2025-02-23T08:00:00Z,BNBUSDT,0.0001
2025-02-23T16:00:00Z,BNBUSDT,0.0001
2025-02-24T00:00:00Z,BNBUSDT,0.00005111
2025-02-24T08:00:00Z,BNBUSDT,0.0001
2025-02-24T16:00:00Z,BNBUSDT,0.0001
2025-02-25T00:00:00Z,BNBUSDT,0.0001
2025-02-25T08:00:00Z,BNBUSDT,0.0001
2025-02-25T16:00:00Z,BNBUSDT,-0.00014657
2025-02-26T00:00:00Z,BNBUSDT,-0.00022419
2025-02-26T08:00:00Z,BNBUSDT,-0.00009787
2025-02-26T16:00:00Z,BNBUSDT,0.00007295
2025-02-27T00:00:00Z,BNBUSDT,0.0001
2025-02-27T08:00:00Z,BNBUSDT,0.0001
2025-02-27T16:00:00Z,BNBUSDT,0.00009978
2025-02-28T00:00:00Z,BNBUSDT,0.00001765
2025-02-28T08:00:00Z,BNBUSDT,0.00006342
2025-02-28T16:00:00Z,BNBUSDT,0.0001
2025-03-01T00:00:00Z,BNBUSDT,0.00008781
2025-03-01T08:00:00Z,BNBUSDT,-0.00013877
2025-03-01T16:00:00Z,BNBUSDT,-0.00028204
2025-03-02T00:00:00Z,BNBUSDT,-0.00027267
2025-03-02T08:00:00Z,BNBUSDT,-0.00011473
2025-03-02T16:00:00Z,BNBUSDT,-0.00000684
2025-03-03T00:00:00Z,BNBUSDT,0.00000234
2025-03-03T08:00:00Z,BNBUSDT,0.00000525
2025-03-03T16:00:00Z,BNBUSDT,-0.00014722
2025-03-04T00:00:00Z,BNBUSDT,-0.00007538
2025-03-04T08:00:00Z,BNBUSDT,-0.00004143
2025-03-04T16:00:00Z,BNBUSDT,0.00007136
2025-03-05T00:00:00Z,BNBUSDT,0.0001
2025-03-05T08:00:00Z,BNBUSDT,-0.00009187
2025-03-05T16:00:00Z,BNBUSDT,0.0001
2025-03-06T00:00:00Z,BNBUSDT,0.00008117
2025-03-06T08:00:00Z,BNBUSDT,0.00004318
2025-03-06T16:00:00Z,BNBUSDT,0.00008984
2025-03-07T00:00:00Z,BNBUSDT,-0.00004056
2025-03-07T08:00:00Z,BNBUSDT,0.0001
2025-03-07T16:00:00Z,BNBUSDT,0.0001
2025-03-08T00:00:00Z,BNBUSDT,0.00003255
2025-03-08T08:00:00Z,BNBUSDT,0.0001
2025-03-08T16:00:00Z,BNBUSDT,0.0001
2025-03-09T00:00:00Z,BNBUSDT,-0.00015546
2025-03-09T08:00:00Z,BNBUSDT,-0.00033441
2025-03-09T16:00:00Z,BNBUSDT,-0.00018144
2025-03-10T00:00:00Z,BNBUSDT,-0.00016762
2025-03-10T08:00:00Z,BNBUSDT,-0.00011218
2025-03-10T16:00:00Z,BNBUSDT,-0.00008868
2025-03-11T00:00:00Z,BNBUSDT,-0.00007002
2025-03-11T08:00:00Z,BNBUSDT,-0.00011576
2025-03-11T16:00:00Z,BNBUSDT,0.0001
2025-03-12T00:00:00Z,BNBUSDT,0.0001
2025-03-12T08:00:00Z,BNBUSDT,-0.00003426
2025-03-12T16:00:00Z,BNBUSDT,0.00005847
2025-03-13T00:00:00Z,BNBUSDT,0.0001
2025-03-13T08:00:00Z,BNBUSDT,-0.00006434
2025-03-13T16:00:00Z,BNBUSDT,-0.00000578
2025-03-14T00:00:00Z,BNBUSDT,-0.00004017
2025-03-14T08:00:00Z,BNBUSDT,-0.00008554
2025-03-14T16:00:00Z,BNBUSDT,-0.00002596
2025-03-15T00:00:00Z,BNBUSDT,-0.00003544
2025-03-15T08:00:00Z,BNBUSDT,0.0001
2025-03-15T16:00:00Z,BNBUSDT,0.0001
2025-03-16T00:00:00Z,BNBUSDT,0.00006487
2025-03-16T08:00:00Z,BNBUSDT,0.0001
2025-03-16T16:00:00Z,BNBUSDT,-0.00002971
2025-03-17T00:00:00Z,BNBUSDT,0.0000787
2025-03-17T08:00:00Z,BNBUSDT,0.0001
2025-03-17T16:00:00Z,BNBUSDT,0.0001
2025-03-18T00:00:00Z,BNBUSDT,-0.0000038
2025-03-18T08:00:00Z,BNBUSDT,0.0000855
2025-03-18T16:00:00Z,BNBUSDT,-0.00011278
2025-03-19T00:00:00Z,BNBUSDT,0.00003742
2025-03-19T08:00:00Z,BNBUSDT,-0.00002277
2025-03-19T16:00:00Z,BNBUSDT,-0.00014245
2025-03-20T00:00:00Z,BNBUSDT,-0.00045913
2025-03-20T08:00:00Z,BNBUSDT,0.0001
2025-03-20T16:00:00Z,BNBUSDT,-0.00005253
2025-03-21T00:00:00Z,BNBUSDT,-0.00009662
2025-03-21T08:00:00Z,BNBUSDT,-0.00039841
2025-03-21T16:00:00Z,BNBUSDT,-0.00021904
2025-03-22T00:00:00Z,BNBUSDT,-0.0003352
2025-03-22T08:00:00Z,BNBUSDT,-0.00029308
2025-03-22T16:00:00Z,BNBUSDT,-0.00037978
2025-03-23T00:00:00Z,BNBUSDT,-0.00031575
2025-03-23T08:00:00Z,BNBUSDT,-0.00034474
2025-03-23T16:00:00Z,BNBUSDT,-0.00047873
2025-03-24T00:00:00Z,BNBUSDT,-0.00021738
2025-03-24T08:00:00Z,BNBUSDT,-0.00025718
2025-03-24T16:00:00Z,BNBUSDT,-0.000076
2025-03-25T00:00:00Z,BNBUSDT,-0.00002647
2025-03-25T08:00:00Z,BNBUSDT,-0.0002154
2025-03-25T16:00:00Z,BNBUSDT,0.00004195
2025-03-26T00:00:00Z,BNBUSDT,-0.00003138
2025-03-26T08:00:00Z,BNBUSDT,-0.00012219
2025-03-26T16:00:00Z,BNBUSDT,-0.0000723
2025-03-27T00:00:00Z,BNBUSDT,-0.00014537
2025-03-27T08:00:00Z,BNBUSDT,0.00006982
2025-03-27T16:00:00Z,BNBUSDT,-0.0001596
2025-03-28T00:00:00Z,BNBUSDT,-0.00016274
2025-03-28T08:00:00Z,BNBUSDT,-0.0001613
2025-03-28T16:00:00Z,BNBUSDT,-0.0000067
2025-03-29T00:00:00Z,BNBUSDT,-0.0001733
2025-03-29T08:00:00Z,BNBUSDT,-0.00021532
2025-03-29T16:00:00Z,BNBUSDT,-0.00027767
2025-03-30T00:00:00Z,BNBUSDT,-0.00039405
2025-03-30T08:00:00Z,BNBUSDT,-0.00043502
2025-03-30T16:00:00Z,BNBUSDT,-0.00025816
2025-03-31T00:00:00Z,BNBUSDT,-0.0001602
2025-03-31T08:00:00Z,BNBUSDT,-0.00006954
2025-03-31T16:00:00Z,BNBUSDT,-0.00009909
2025-04-01T00:00:00Z,BNBUSDT,0.0001
2025-04-01T08:00:00Z,BNBUSDT,0.00006912
2025-04-01T16:00:00Z,BNBUSDT,-0.00061389
2025-04-02T00:00:00Z,BNBUSDT,0.00005138
2025-04-02T08:00:00Z,BNBUSDT,-0.00001952
2025-04-02T16:00:00Z,BNBUSDT,-0.00008461
2025-04-03T00:00:00Z,BNBUSDT,-0.00039115
2025-04-03T08:00:00Z,BNBUSDT,-0.00040466
2025-04-03T16:00:00Z,BNBUSDT,0.00003903
2025-04-04T00:00:00Z,BNBUSDT,0.00000344
2025-04-04T08:00:00Z,BNBUSDT,0.0001
2025-04-04T16:00:00Z,BNBUSDT,0.00008503
2025-04-05T00:00:00Z,BNBUSDT,0.0001
2025-04-05T08:00:00Z,BNBUSDT,0.00005298
2025-04-05T16:00:00Z,BNBUSDT,0.0001
2025-04-06T00:00:00Z,BNBUSDT,0.00008372
2025-04-06T08:00:00Z,BNBUSDT,0.00000446
2025-04-06T16:00:00Z,BNBUSDT,0.00000207
2025-04-07T00:00:00Z,BNBUSDT,0.00007407
2025-04-07T08:00:00Z,BNBUSDT,-0.00000182
2025-04-07T16:00:00Z,BNBUSDT,0.00007138
2025-04-08T00:00:00Z,BNBUSDT,0.0001
2025-04-08T08:00:00Z,BNBUSDT,-0.00000907
2025-04-08T16:00:00Z,BNBUSDT,0.00002024
2025-04-09T00:00:00Z,BNBUSDT,0.0001
2025-04-09T08:00:00Z,BNBUSDT,0.0001
2025-04-09T16:00:00Z,BNBUSDT,0.0001
2025-04-10T00:00:00Z,BNBUSDT,0.00001922
2025-04-10T08:00:00Z,BNBUSDT,-0.00004286
2025-04-10T16:00:00Z,BNBUSDT,-0.00004137
2025-04-11T00:00:00Z,BNBUSDT,0.0001
2025-04-11T08:00:00Z,BNBUSDT,0.0001
2025-04-11T16:00:00Z,BNBUSDT,-0.00002032
2025-04-12T00:00:00Z,BNBUSDT,0.00004037
2025-04-12T08:00:00Z,BNBUSDT,-0.00014012
2025-04-12T16:00:00Z,BNBUSDT,-0.00002901
2025-04-13T00:00:00Z,BNBUSDT,0.00003018
2025-04-13T08:00:00Z,BNBUSDT,-0.00011042
2025-04-13T16:00:00Z,BNBUSDT,-0.00003054
2025-04-14T00:00:00Z,BNBUSDT,-0.00012056
2025-04-14T08:00:00Z,BNBUSDT,0.00001354
2025-04-14T16:00:00Z,BNBUSDT,-0.00006376
2025-04-15T00:00:00Z,BNBUSDT,-0.00006737
2025-04-15T08:00:00Z,BNBUSDT,0.00002988
2025-04-15T16:00:00Z,BNBUSDT,-0.00001688
2025-04-16T00:00:00Z,BNBUSDT,-0.00016289
2025-04-16T08:00:00Z,BNBUSDT,-0.00001326
2025-04-16T16:00:00Z,BNBUSDT,0.0001
2025-04-17T00:00:00Z,BNBUSDT,0.0001
2025-04-17T08:00:00Z,BNBUSDT,0.00000277
2025-04-17T16:00:00Z,BNBUSDT,0.0000784
2025-04-18T00:00:00Z,BNBUSDT,0.0001
2025-04-18T08:00:00Z,BNBUSDT,-0.00016849
2025-04-18T16:00:00Z,BNBUSDT,-0.00005794
2025-04-19T00:00:00Z,BNBUSDT,-0.00006882
2025-04-19T08:00:00Z,BNBUSDT,-0.00032539
2025-04-19T16:00:00Z,BNBUSDT,-0.00040253
2025-04-20T00:00:00Z,BNBUSDT,0.00005929
2025-04-20T08:00:00Z,BNBUSDT,-0.00001762
2025-04-20T16:00:00Z,BNBUSDT,0.00005061
2025-04-21T00:00:00Z,BNBUSDT,-0.00019038
2025-04-21T08:00:00Z,BNBUSDT,0.0001
2025-04-21T16:00:00Z,BNBUSDT,0.0001
2025-04-22T00:00:00Z,BNBUSDT,-0.00020897
2025-04-22T08:00:00Z,BNBUSDT,-0.00015559
2025-04-22T16:00:00Z,BNBUSDT,0.0001
2025-04-23T00:00:00Z,BNBUSDT,0.00000115
2025-04-23T08:00:00Z,BNBUSDT,0.0001
2025-04-23T16:00:00Z,BNBUSDT,0.0001
2025-04-24T00:00:00Z,BNBUSDT,0.00001231
2025-04-24T08:00:00Z,BNBUSDT,0.0001
2025-04-24T16:00:00Z,BNBUSDT,0.0001
2025-04-25T00:00:00Z,BNBUSDT,0.00009191
2025-04-25T08:00:00Z,BNBUSDT,0.00009643
2025-04-25T16:00:00Z,BNBUSDT,0.00009212
2025-04-26T00:00:00Z,BNBUSDT,0.00009185
2025-04-26T08:00:00Z,BNBUSDT,-0.00006073
2025-04-26T16:00:00Z,BNBUSDT,0.0001
2025-04-27T00:00:00Z,BNBUSDT,0.0001
2025-04-27T08:00:00Z,BNBUSDT,0.0000007
2025-04-27T16:00:00Z,BNBUSDT,-0.00008281
2025-04-28T00:00:00Z,BNBUSDT,0.0001
2025-04-28T08:00:00Z,BNBUSDT,0.0001
2025-04-28T16:00:00Z,BNBUSDT,0.0001
2025-04-29T00:00:00Z,BNBUSDT,0.00002346
2025-04-29T08:00:00Z,BNBUSDT,0.0001
2025-04-29T16:00:00Z,BNBUSDT,-0.00008308
2025-04-30T00:00:00Z,BNBUSDT,-0.00022133
2025-04-30T08:00:00Z,BNBUSDT,-0.00010557
2025-04-30T16:00:00Z,BNBUSDT,-0.00008097
2025-05-01T00:00:00Z,BNBUSDT,-0.00035795
2025-05-01T08:00:00Z,BNBUSDT,0.00001598
2025-05-01T16:00:00Z,BNBUSDT,0.0001
2025-05-02T00:00:00Z,BNBUSDT,-0.00007292
2025-05-02T08:00:00Z,BNBUSDT,0.00001195
2025-05-02T16:00:00Z,BNBUSDT,-0.00001527
2025-05-03T00:00:00Z,BNBUSDT,0.0001
2025-05-03T08:00:00Z,BNBUSDT,0.0001
2025-05-03T16:00:00Z,BNBUSDT,-0.00010112
2025-05-04T00:00:00Z,BNBUSDT,0.00002489
2025-05-04T08:00:00Z,BNBUSDT,-0.00006748
2025-05-04T16:00:00Z,BNBUSDT,-0.00048473
2025-05-05T00:00:00Z,BNBUSDT,-0.00021556
2025-05-05T08:00:00Z,BNBUSDT,0.00009456
2025-05-05T16:00:00Z,BNBUSDT,0.00008234
2025-05-06T00:00:00Z,BNBUSDT,0.0000616
2025-05-06T08:00:00Z,BNBUSDT,-0.00023659
2025-05-06T16:00:00Z,BNBUSDT,-0.00000317
2025-05-07T00:00:00Z,BNBUSDT,0.0000862
2025-05-07T08:00:00Z,BNBUSDT,0.0001
2025-05-07T16:00:00Z,BNBUSDT,0.0001
2025-05-08T00:00:00Z,BNBUSDT,-0.00007231
2025-05-08T08:00:00Z,BNBUSDT,0.0001
2025-05-08T16:00:00Z,BNBUSDT,0.0001
2025-05-09T00:00:00Z,BNBUSDT,0.0001
2025-05-09T08:00:00Z,BNBUSDT,0.0001
2025-05-09T16:00:00Z,BNBUSDT,0.0001
2025-05-10T00:00:00Z,BNBUSDT,0.0001
2025-05-10T08:00:00Z,BNBUSDT,0.0001
2025-05-10T16:00:00Z,BNBUSDT,0.0001
2025-05-11T00:00:00Z,BNBUSDT,0.0001
2025-05-11T08:00:00Z,BNBUSDT,0.0001
2025-05-11T16:00:00Z,BNBUSDT,0.0001
2025-05-12T00:00:00Z,BNBUSDT,0.0001
2025-05-12T08:00:00Z,BNBUSDT,0.0001
2025-05-12T16:00:00Z,BNBUSDT,0.0001
2025-05-13T00:00:00Z,BNBUSDT,0.0001
2025-05-13T08:00:00Z,BNBUSDT,0.0001
2025-05-13T16:00:00Z,BNBUSDT,0.0001
2025-05-14T00:00:00Z,BNBUSDT,0.0001
2025-05-14T08:00:00Z,BNBUSDT,0.0001
2025-05-14T16:00:00Z,BNBUSDT,0.0001
2025-05-15T00:00:00Z,BNBUSDT,0.0001
2025-05-15T08:00:00Z,BNBUSDT,0.00008692
2025-05-15T16:00:00Z,BNBUSDT,0.00009992
2025-05-16T00:00:00Z,BNBUSDT,0.0001
2025-05-16T08:00:00Z,BNBUSDT,0.00002529
2025-05-16T16:00:00Z,BNBUSDT,0.00004191
2025-05-17T00:00:00Z,BNBUSDT,-0.00009566
2025-05-17T08:00:00Z,BNBUSDT,-0.00015285
2025-05-17T16:00:00Z,BNBUSDT,-0.00005597
2025-05-18T00:00:00Z,BNBUSDT,0.00009099
2025-05-18T08:00:00Z,BNBUSDT,0.00005002
2025-05-18T16:00:00Z,BNBUSDT,0.0001
2025-05-19T00:00:00Z,BNBUSDT,-0.00005298
2025-05-19T08:00:00Z,BNBUSDT,-0.00015411
2025-05-19T16:00:00Z,BNBUSDT,0.0001
2025-05-20T00:00:00Z,BNBUSDT,0.0001
2025-05-20T08:00:00Z,BNBUSDT,0.0001
2025-05-20T16:00:00Z,BNBUSDT,0.00005746
2025-05-21T00:00:00Z,BNBUSDT,0.0001
2025-05-21T08:00:00Z,BNBUSDT,0.0001
2025-05-21T16:00:00Z,BNBUSDT,0.0001
2025-05-22T00:00:00Z,BNBUSDT,0.0001
2025-05-22T08:00:00Z,BNBUSDT,0.0001
2025-05-22T16:00:00Z,BNBUSDT,0.0001
2025-05-23T00:00:00Z,BNBUSDT,-0.00004469
2025-05-23T08:00:00Z,BNBUSDT,0.0001
2025-05-23T16:00:00Z,BNBUSDT,0.0001
2025-05-24T00:00:00Z,BNBUSDT,0.00003707
2025-05-24T08:00:00Z,BNBUSDT,0.00005673
2025-05-24T16:00:00Z,BNBUSDT,0.0001
2025-05-25T00:00:00Z,BNBUSDT,0.000057
2025-05-25T08:00:00Z,BNBUSDT,-0.00011523
2025-05-25T16:00:00Z,BNBUSDT,-0.00005933
2025-05-26T00:00:00Z,BNBUSDT,-0.00007274
2025-05-26T08:00:00Z,BNBUSDT,-0.00005835
2025-05-26T16:00:00Z,BNBUSDT,0.00004012
2025-05-27T00:00:00Z,BNBUSDT,0.00002022
2025-05-27T08:00:00Z,BNBUSDT,0.00002442
2025-05-27T16:00:00Z,BNBUSDT,0.00005552
2025-05-28T00:00:00Z,BNBUSDT,0.0001
2025-05-28T08:00:00Z,BNBUSDT,-0.00011357
2025-05-28T16:00:00Z,BNBUSDT,-0.00008389
2025-05-29T00:00:00Z,BNBUSDT,0.00006874
2025-05-29T08:00:00Z,BNBUSDT,-0.00003027
2025-05-29T16:00:00Z,BNBUSDT,-0.00000535
2025-05-30T00:00:00Z,BNBUSDT,0.00000709
2025-05-30T08:00:00Z,BNBUSDT,0.00001335
2025-05-30T16:00:00Z,BNBUSDT,0.00005386
2025-05-31T00:00:00Z,BNBUSDT,-0.00003007
2025-05-31T08:00:00Z,BNBUSDT,-0.00010785
2025-05-31T16:00:00Z,BNBUSDT,0.00001654
2025-06-01T00:00:00Z,BNBUSDT,0.00009419
2025-06-01T08:00:00Z,BNBUSDT,-0.00005747
2025-06-01T16:00:00Z,BNBUSDT,-0.00016813
2025-06-02T00:00:00Z,BNBUSDT,0.0000511
2025-06-02T08:00:00Z,BNBUSDT,0.0001
2025-06-02T16:00:00Z,BNBUSDT,0.00004837
2025-06-03T00:00:00Z,BNBUSDT,0.0001
2025-06-03T08:00:00Z,BNBUSDT,0.0001
2025-06-03T16:00:00Z,BNBUSDT,-0.00002531
2025-06-04T00:00:00Z,BNBUSDT,-0.00001639
2025-06-04T08:00:00Z,BNBUSDT,0.0001
2025-06-04T16:00:00Z,BNBUSDT,0.0001
2025-06-05T00:00:00Z,BNBUSDT,0.00003472
2025-06-05T08:00:00Z,BNBUSDT,0.00008372
2025-06-05T16:00:00Z,BNBUSDT,0.00000457
2025-06-06T00:00:00Z,BNBUSDT,-0.00023119
2025-06-06T08:00:00Z,BNBUSDT,-0.0002032
2025-06-06T16:00:00Z,BNBUSDT,-0.00004933
2025-06-07T00:00:00Z,BNBUSDT,-0.00004107
2025-06-07T08:00:00Z,BNBUSDT,0.0000057
2025-06-07T16:00:00Z,BNBUSDT,-0.00009604
2025-06-08T00:00:00Z,BNBUSDT,-0.00006548
2025-06-08T08:00:00Z,BNBUSDT,0.00000206
2025-06-08T16:00:00Z,BNBUSDT,-0.00001255
2025-06-09T00:00:00Z,BNBUSDT,-0.00007753
2025-06-09T08:00:00Z,BNBUSDT,-0.00010158
2025-06-09T16:00:00Z,BNBUSDT,0.00002022
2025-06-10T00:00:00Z,BNBUSDT,0.0001
2025-06-10T08:00:00Z,BNBUSDT,0.0001
2025-06-10T16:00:00Z,BNBUSDT,0.00001899
2025-06-11T00:00:00Z,BNBUSDT,0.0001
2025-06-11T08:00:00Z,BNBUSDT,0.00002446
2025-06-11T16:00:00Z,BNBUSDT,0.0001
2025-06-12T00:00:00Z,BNBUSDT,0.0001
2025-06-12T08:00:00Z,BNBUSDT,0.0001
2025-06-12T16:00:00Z,BNBUSDT,0.00003104
2025-06-13T00:00:00Z,BNBUSDT,-0.00024814
2025-06-13T08:00:00Z,BNBUSDT,-0.00009703
2025-06-13T16:00:00Z,BNBUSDT,0.00006358
2025-06-14T00:00:00Z,BNBUSDT,-0.00004312
2025-06-14T08:00:00Z,BNBUSDT,-0.0001133
2025-06-14T16:00:00Z,BNBUSDT,-0.00014716
2025-06-15T00:00:00Z,BNBUSDT,-0.00014068
2025-06-15T08:00:00Z,BNBUSDT,0.00003712
2025-06-15T16:00:00Z,BNBUSDT,0.00000304
2025-06-16T00:00:00Z,BNBUSDT,-0.00003491
2025-06-16T08:00:00Z,BNBUSDT,0.0001
2025-06-16T16:00:00Z,BNBUSDT,0.0001
2025-06-17T00:00:00Z,BNBUSDT,0.00004301
2025-06-17T08:00:00Z,BNBUSDT,0.0001
2025-06-17T16:00:00Z,BNBUSDT,0.0001
2025-06-18T00:00:00Z,BNBUSDT,-0.00004318
2025-06-18T08:00:00Z,BNBUSDT,0.0000468
2025-06-18T16:00:00Z,BNBUSDT,-0.00028412
2025-06-19T00:00:00Z,BNBUSDT,-0.00026067
2025-06-19T08:00:00Z,BNBUSDT,-0.00007088
2025-06-19T16:00:00Z,BNBUSDT,-0.00007943
2025-06-20T00:00:00Z,BNBUSDT,-0.00000388
2025-06-20T08:00:00Z,BNBUSDT,-0.00009472
2025-06-20T16:00:00Z,BNBUSDT,0.0001
2025-06-21T00:00:00Z,BNBUSDT,0.0001
2025-06-21T08:00:00Z,BNBUSDT,0.00008303
2025-06-21T16:00:00Z,BNBUSDT,-0.00021181
2025-06-22T00:00:00Z,BNBUSDT,-0.00016967
2025-06-22T08:00:00Z,BNBUSDT,0.00003215
2025-06-22T16:00:00Z,BNBUSDT,0.00001615
2025-06-23T00:00:00Z,BNBUSDT,0.00000196
2025-06-23T08:00:00Z,BNBUSDT,0.0001
2025-06-23T16:00:00Z,BNBUSDT,0.0001
2025-06-24T00:00:00Z,BNBUSDT,-0.00010852
2025-06-24T08:00:00Z,BNBUSDT,-0.00021156
2025-06-24T16:00:00Z,BNBUSDT,-0.00012412
2025-06-25T00:00:00Z,BNBUSDT,-0.00005224
2025-06-25T08:00:00Z,BNBUSDT,0.00000418
2025-06-25T16:00:00Z,BNBUSDT,0.00004226
2025-06-26T00:00:00Z,BNBUSDT,0.0001
2025-06-26T08:00:00Z,BNBUSDT,0.00003991
2025-06-26T16:00:00Z,BNBUSDT,0.0001
2025-06-27T00:00:00Z,BNBUSDT,0.0001
2025-06-27T08:00:00Z,BNBUSDT,0.000047
2025-06-27T16:00:00Z,BNBUSDT,0.00001835
2025-06-28T00:00:00Z,BNBUSDT,0.00007301
2025-06-28T08:00:00Z,BNBUSDT,-0.00004571
2025-06-28T16:00:00Z,BNBUSDT,0.00000822
2025-06-29T00:00:00Z,BNBUSDT,-0.00005548
2025-06-29T08:00:00Z,BNBUSDT,0.00000771
2025-06-29T16:00:00Z,BNBUSDT,0.0000444
2025-06-30T00:00:00Z,BNBUSDT,0.0000903
2025-06-30T08:00:00Z,BNBUSDT,0.0001
2025-06-30T16:00:00Z,BNBUSDT,0.0001
2025-07-01T00:00:00Z,BNBUSDT,0.0001
2025-07-01T08:00:00Z,BNBUSDT,-0.00000277
2025-07-01T16:00:00Z,BNBUSDT,-0.00002937
2025-07-02T00:00:00Z,BNBUSDT,0.00006229
2025-07-02T08:00:00Z,BNBUSDT,0.0001
2025-07-02T16:00:00Z,BNBUSDT,0.0001
2025-07-03T00:00:00Z,BNBUSDT,-0.00001187
2025-07-03T08:00:00Z,BNBUSDT,0.00005501
2025-07-03T16:00:00Z,BNBUSDT,0.00000819
2025-07-04T00:00:00Z,BNBUSDT,0.00008037
2025-07-04T08:00:00Z,BNBUSDT,0.00008853
2025-07-04T16:00:00Z,BNBUSDT,0.00002818
2025-07-05T00:00:00Z,BNBUSDT,-0.00008618
2025-07-05T08:00:00Z,BNBUSDT,-0.00001434
2025-07-05T16:00:00Z,BNBUSDT,0.00001024
2025-07-06T00:00:00Z,BNBUSDT,-0.0000772
2025-07-06T08:00:00Z,BNBUSDT,-0.00006526
2025-07-06T16:00:00Z,BNBUSDT,0.00008231
2025-07-07T00:00:00Z,BNBUSDT,0.00004017
2025-07-07T08:00:00Z,BNBUSDT,-0.00006588
2025-07-07T16:00:00Z,BNBUSDT,-0.00001904
2025-07-08T00:00:00Z,BNBUSDT,-0.00011713
2025-07-08T08:00:00Z,BNBUSDT,0.0001
2025-07-08T16:00:00Z,BNBUSDT,0.0001
2025-07-09T00:00:00Z,BNBUSDT,-0.00000459
2025-07-09T08:00:00Z,BNBUSDT,0.0001
2025-07-09T16:00:00Z,BNBUSDT,-0.00001654
2025-07-10T00:00:00Z,BNBUSDT,0.0001
2025-07-10T08:00:00Z,BNBUSDT,0.00003198
2025-07-10T16:00:00Z,BNBUSDT,0.0001
2025-07-11T00:00:00Z,BNBUSDT,0.0001
2025-07-11T08:00:00Z,BNBUSDT,0.0001
2025-07-11T16:00:00Z,BNBUSDT,0.0001
2025-07-12T00:00:00Z,BNBUSDT,0.0001
2025-07-12T08:00:00Z,BNBUSDT,0.0001
2025-07-12T16:00:00Z,BNBUSDT,0.0001
2025-07-13T00:00:00Z,BNBUSDT,0.0001
2025-07-13T08:00:00Z,BNBUSDT,0.0001
2025-07-13T16:00:00Z,BNBUSDT,0.0001
2025-07-14T00:00:00Z,BNBUSDT,0.0001
2025-07-14T08:00:00Z,BNBUSDT,0.0001
2025-07-14T16:00:00Z,BNBUSDT,0.0001
2025-07-15T00:00:00Z,BNBUSDT,-0.00003142
2025-07-15T08:00:00Z,BNBUSDT,0.00002709
2025-07-15T16:00:00Z,BNBUSDT,-0.00002786
2025-07-16T00:00:00Z,BNBUSDT,0.0001
2025-07-16T08:00:00Z,BNBUSDT,0.0001
2025-07-16T16:00:00Z,BNBUSDT,0.0001
2025-07-17T00:00:00Z,BNBUSDT,0.0001
2025-07-17T08:00:00Z,BNBUSDT,0.0001
2025-07-17T16:00:00Z,BNBUSDT,0.0001
2025-07-18T00:00:00Z,BNBUSDT,0.0001
2025-07-18T08:00:00Z,BNBUSDT,0.0001
2025-07-18T16:00:00Z,BNBUSDT,0.0001
2025-07-19T00:00:00Z,BNBUSDT,0.0001
2025-07-19T08:00:00Z,BNBUSDT,0.0001
2025-07-19T16:00:00Z,BNBUSDT,0.0001
2025-07-20T00:00:00Z,BNBUSDT,0.0001
2025-07-20T08:00:00Z,BNBUSDT,0.0001
2025-07-20T16:00:00Z,BNBUSDT,0.0001
2025-07-21T00:00:00Z,BNBUSDT,0.0001
2025-07-21T08:00:00Z,BNBUSDT,0.0001
2025-07-21T16:00:00Z,BNBUSDT,0.0001
2025-07-22T00:00:00Z,BNBUSDT,0.0001
2025-07-22T08:00:00Z,BNBUSDT,0.0001
2025-07-22T16:00:00Z,BNBUSDT,0.0001
2025-07-23T00:00:00Z,BNBUSDT,0.0001
2025-07-23T08:00:00Z,BNBUSDT,0.0003172
2025-07-23T16:00:00Z,BNBUSDT,0.0001
2025-07-24T00:00:00Z,BNBUSDT,0.0001
2025-07-24T08:00:00Z,BNBUSDT,0.0001
2025-07-24T16:00:00Z,BNBUSDT,0.0001
2025-07-25T00:00:00Z,BNBUSDT,0.0001
2025-07-25T08:00:00Z,BNBUSDT,0.0001
2025-07-25T16:00:00Z,BNBUSDT,0.0001
2025-07-26T00:00:00Z,BNBUSDT,0.0001
2025-07-26T08:00:00Z,BNBUSDT,0.0001
2025-07-26T16:00:00Z,BNBUSDT,0.0001
2025-07-27T00:00:00Z,BNBUSDT,0.0001
2025-07-27T08:00:00Z,BNBUSDT,0.0001
2025-07-27T16:00:00Z,BNBUSDT,0.0001
2025-07-28T00:00:00Z,BNBUSDT,0.0001
2025-07-28T08:00:00Z,BNBUSDT,0.0001
2025-07-28T16:00:00Z,BNBUSDT,0.0001
2025-07-29T00:00:00Z,BNBUSDT,0.0001
2025-07-29T08:00:00Z,BNBUSDT,0.0001
2025-07-29T16:00:00Z,BNBUSDT,0.0001
2025-07-30T00:00:00Z,BNBUSDT,0.0001
2025-07-30T08:00:00Z,BNBUSDT,0.0001
2025-07-30T16:00:00Z,BNBUSDT,0.0001
2025-07-31T00:00:00Z,BNBUSDT,0.0001
2025-07-31T08:00:00Z,BNBUSDT,0.0001
2025-07-31T16:00:00Z,BNBUSDT,0.00004378
2025-08-01T00:00:00Z,BNBUSDT,0.00006385
2025-08-01T08:00:00Z,BNBUSDT,0.0001
2025-08-01T16:00:00Z,BNBUSDT,0.0001
2025-08-02T00:00:00Z,BNBUSDT,0.0001
2025-08-02T08:00:00Z,BNBUSDT,0.00008338
2025-08-02T16:00:00Z,BNBUSDT,-0.00008606
2025-08-03T00:00:00Z,BNBUSDT,0.00006372
2025-08-03T08:00:00Z,BNBUSDT,0.00000988
2025-08-03T16:00:00Z,BNBUSDT,0.00003754
2025-08-04T00:00:00Z,BNBUSDT,-0.00005793
2025-08-04T08:00:00Z,BNBUSDT,0.00005777
2025-08-04T16:00:00Z,BNBUSDT,0.0000135
2025-08-05T00:00:00Z,BNBUSDT,0.00004802
2025-08-05T08:00:00Z,BNBUSDT,0.00007831
2025-08-05T16:00:00Z,BNBUSDT,0.0001
2025-08-06T00:00:00Z,BNBUSDT,0.0001
2025-08-06T08:00:00Z,BNBUSDT,0.0001
2025-08-06T16:00:00Z,BNBUSDT,0.00005507
2025-08-07T00:00:00Z,BNBUSDT,0.00009782
2025-08-07T08:00:00Z,BNBUSDT,0.0001
2025-08-07T16:00:00Z,BNBUSDT,0.00007191
2025-08-08T00:00:00Z,BNBUSDT,0.00001487
2025-08-08T08:00:00Z,BNBUSDT,0.0001
2025-08-08T16:00:00Z,BNBUSDT,0.0001
2025-08-09T00:00:00Z,BNBUSDT,-0.00010285
2025-08-09T08:00:00Z,BNBUSDT,0.00003021
2025-08-09T16:00:00Z,BNBUSDT,0.0000671
2025-08-10T00:00:00Z,BNBUSDT,-0.00006471
2025-08-10T08:00:00Z,BNBUSDT,0.0001
2025-08-10T16:00:00Z,BNBUSDT,-0.00005428
2025-08-11T00:00:00Z,BNBUSDT,0.00004451
2025-08-11T08:00:00Z,BNBUSDT,0.0001
2025-08-11T16:00:00Z,BNBUSDT,0.00006901
2025-08-12T00:00:00Z,BNBUSDT,0.00001051
2025-08-12T08:00:00Z,BNBUSDT,0.00006865
2025-08-12T16:00:00Z,BNBUSDT,0.0001
2025-08-13T00:00:00Z,BNBUSDT,0.0001
2025-08-13T08:00:00Z,BNBUSDT,0.0001
2025-08-13T16:00:00Z,BNBUSDT,0.0001
2025-08-14T00:00:00Z,BNBUSDT,0.0001
2025-08-14T08:00:00Z,BNBUSDT,0.0001
2025-08-14T16:00:00Z,BNBUSDT,0.0001
2025-08-15T00:00:00Z,BNBUSDT,0.0001
2025-08-15T08:00:00Z,BNBUSDT,0.0001
2025-08-15T16:00:00Z,BNBUSDT,0.0001
2025-08-16T00:00:00Z,BNBUSDT,0.0001
2025-08-16T08:00:00Z,BNBUSDT,0.0001
2025-08-16T16:00:00Z,BNBUSDT,0.0001
2025-08-17T00:00:00Z,BNBUSDT,0.0001
2025-08-17T08:00:00Z,BNBUSDT,0.0001
2025-08-17T16:00:00Z,BNBUSDT,0.0001
2025-08-18T00:00:00Z,BNBUSDT,0.0001
2025-08-18T08:00:00Z,BNBUSDT,-0.00007974
2025-08-18T16:00:00Z,BNBUSDT,0.00006219
2025-08-19T00:00:00Z,BNBUSDT,0.0001
2025-08-19T08:00:00Z,BNBUSDT,0.000098
2025-08-19T16:00:00Z,BNBUSDT,-0.00001318
2025-08-20T00:00:00Z,BNBUSDT,0.0001
2025-08-20T08:00:00Z,BNBUSDT,0.0001
2025-08-20T16:00:00Z,BNBUSDT,0.0001
2025-08-21T00:00:00Z,BNBUSDT,0.0001
2025-08-21T08:00:00Z,BNBUSDT,0.0001
2025-08-21T16:00:00Z,BNBUSDT,0.0001
2025-08-22T00:00:00Z,BNBUSDT,-0.00006831
2025-08-22T08:00:00Z,BNBUSDT,0.00003384
2025-08-22T16:00:00Z,BNBUSDT,0.0001
2025-08-23T00:00:00Z,BNBUSDT,0.0001
2025-08-23T08:00:00Z,BNBUSDT,0.0001
2025-08-23T16:00:00Z,BNBUSDT,0.0001
2025-08-24T00:00:00Z,BNBUSDT,0.0001
2025-08-24T08:00:00Z,BNBUSDT,0.0001
2025-08-24T16:00:00Z,BNBUSDT,0.00005018
2025-08-25T00:00:00Z,BNBUSDT,0.00007133
2025-08-25T08:00:00Z,BNBUSDT,0.0001
2025-08-25T16:00:00Z,BNBUSDT,0.0001
2025-08-26T00:00:00Z,BNBUSDT,-0.00006326
2025-08-26T08:00:00Z,BNBUSDT,0.00000228
2025-08-26T16:00:00Z,BNBUSDT,0.0001
2025-08-27T00:00:00Z,BNBUSDT,0.0001
2025-08-27T08:00:00Z,BNBUSDT,0.0001
2025-08-27T16:00:00Z,BNBUSDT,0.0001
2025-08-28T00:00:00Z,BNBUSDT,0.0001
2025-08-28T08:00:00Z,BNBUSDT,0.0001
2025-08-28T16:00:00Z,BNBUSDT,-0.00000339
2025-08-29T00:00:00Z,BNBUSDT,0.00000346
2025-08-29T08:00:00Z,BNBUSDT,-0.00005941
2025-08-29T16:00:00Z,BNBUSDT,-0.00007194
2025-08-30T00:00:00Z,BNBUSDT,-0.00000072
2025-08-30T08:00:00Z,BNBUSDT,0.0001
2025-08-30T16:00:00Z,BNBUSDT,-0.00002417
2025-08-31T00:00:00Z,BNBUSDT,0.0001
2025-08-31T08:00:00Z,BNBUSDT,0.0001
2025-08-31T16:00:00Z,BNBUSDT,0.00004001
2025-09-01T00:00:00Z,BNBUSDT,0.00005142
2025-09-01T08:00:00Z,BNBUSDT,-0.00010412
2025-09-01T16:00:00Z,BNBUSDT,0.00003645
2025-09-02T00:00:00Z,BNBUSDT,-0.00004694
2025-09-02T08:00:00Z,BNBUSDT,0.00007311
2025-09-02T16:00:00Z,BNBUSDT,0.00007991
2025-09-03T00:00:00Z,BNBUSDT,0.0001
2025-09-03T08:00:00Z,BNBUSDT,0.00006113
2025-09-03T16:00:00Z,BNBUSDT,0.00009816
2025-09-04T00:00:00Z,BNBUSDT,0.0001
2025-09-04T08:00:00Z,BNBUSDT,0.0001
2025-09-04T16:00:00Z,BNBUSDT,0.0001
2025-09-05T00:00:00Z,BNBUSDT,-0.00002251
2025-09-05T08:00:00Z,BNBUSDT,-0.00003077
2025-09-05T16:00:00Z,BNBUSDT,0.0000973
2025-09-06T00:00:00Z,BNBUSDT,0.00005713
2025-09-06T08:00:00Z,BNBUSDT,0.0001
2025-09-06T16:00:00Z,BNBUSDT,0.0001
2025-09-07T00:00:00Z,BNBUSDT,0.0001
2025-09-07T08:00:00Z,BNBUSDT,0.0001
2025-09-07T16:00:00Z,BNBUSDT,0.0001
2025-09-08T00:00:00Z,BNBUSDT,0.0001
2025-09-08T08:00:00Z,BNBUSDT,-0.00006247
2025-09-08T16:00:00Z,BNBUSDT,-0.00004525
2025-09-09T00:00:00Z,BNBUSDT,-0.00010339
2025-09-09T08:00:00Z,BNBUSDT,0.00000897
2025-09-09T16:00:00Z,BNBUSDT,-0.00004667
2025-09-10T00:00:00Z,BNBUSDT,0.00007952
2025-09-10T08:00:00Z,BNBUSDT,0.0001
2025-09-10T16:00:00Z,BNBUSDT,0.0001
2025-09-11T00:00:00Z,BNBUSDT,0.0001
2025-09-11T08:00:00Z,BNBUSDT,0.0001
2025-09-11T16:00:00Z,BNBUSDT,0.0001
2025-09-12T00:00:00Z,BNBUSDT,0.00001435
2025-09-12T08:00:00Z,BNBUSDT,0.00007859
2025-09-12T16:00:00Z,BNBUSDT,0.0000896
2025-09-13T00:00:00Z,BNBUSDT,0.0001
2025-09-13T08:00:00Z,BNBUSDT,0.0001
2025-09-13T16:00:00Z,BNBUSDT,0.0001
2025-09-14T00:00:00Z,BNBUSDT,0.0001
2025-09-14T08:00:00Z,BNBUSDT,0.0001
2025-09-14T16:00:00Z,BNBUSDT,0.0001
2025-09-15T00:00:00Z,BNBUSDT,0.00002354
2025-09-15T08:00:00Z,BNBUSDT,-0.00002324
2025-09-15T16:00:00Z,BNBUSDT,-0.00001596
2025-09-16T00:00:00Z,BNBUSDT,0.00007645
2025-09-16T08:00:00Z,BNBUSDT,0.0001
2025-09-16T16:00:00Z,BNBUSDT,0.0001
2025-09-17T00:00:00Z,BNBUSDT,0.0001
2025-09-17T08:00:00Z,BNBUSDT,0.0001
2025-09-17T16:00:00Z,BNBUSDT,0.0001
2025-09-18T00:00:00Z,BNBUSDT,0.0001
2025-09-18T08:00:00Z,BNBUSDT,0.0001
2025-09-18T16:00:00Z,BNBUSDT,0.0001
2025-09-19T00:00:00Z,BNBUSDT,0.0001
2025-09-19T08:00:00Z,BNBUSDT,0.00005162
2025-09-19T16:00:00Z,BNBUSDT,0.0001
2025-09-20T00:00:00Z,BNBUSDT,-0.00002092
2025-09-20T08:00:00Z,BNBUSDT,-0.00000571
2025-09-20T16:00:00Z,BNBUSDT,0.0001
2025-09-21T00:00:00Z,BNBUSDT,0.0001
2025-09-21T08:00:00Z,BNBUSDT,0.0001
2025-09-21T16:00:00Z,BNBUSDT,-0.00003726
2025-09-22T00:00:00Z,BNBUSDT,0.00007873
2025-09-22T08:00:00Z,BNBUSDT,0.0001
2025-09-22T16:00:00Z,BNBUSDT,0.0001
2025-09-23T00:00:00Z,BNBUSDT,0.0001
2025-09-23T08:00:00Z,BNBUSDT,0.00000157
2025-09-23T16:00:00Z,BNBUSDT,0.0001
2025-09-24T00:00:00Z,BNBUSDT,0.0001
2025-09-24T08:00:00Z,BNBUSDT,0.0001
2025-09-24T16:00:00Z,BNBUSDT,0.0001
2025-09-25T00:00:00Z,BNBUSDT,-0.00004703
2025-09-25T08:00:00Z,BNBUSDT,0.00001388
2025-09-25T16:00:00Z,BNBUSDT,0.00000838
2025-09-26T00:00:00Z,BNBUSDT,0.0001
2025-09-26T08:00:00Z,BNBUSDT,0.0001
2025-09-26T16:00:00Z,BNBUSDT,0.00002022
2025-09-27T00:00:00Z,BNBUSDT,-0.00011427
2025-09-27T08:00:00Z,BNBUSDT,-0.00001838
2025-09-27T16:00:00Z,BNBUSDT,0.0001
2025-09-28T00:00:00Z,BNBUSDT,0.00006775
2025-09-28T08:00:00Z,BNBUSDT,0.00001652
2025-09-28T16:00:00Z,BNBUSDT,-0.00004781
2025-09-29T00:00:00Z,BNBUSDT,-0.00012364
2025-09-29T08:00:00Z,BNBUSDT,0.0001
2025-09-29T16:00:00Z,BNBUSDT,0.0001
2025-09-30T00:00:00Z,BNBUSDT,0.0001
2025-09-30T08:00:00Z,BNBUSDT,0.0001
2025-09-30T16:00:00Z,BNBUSDT,0.0001
2025-10-01T00:00:00Z,BNBUSDT,-0.00012802
2025-10-01T08:00:00Z,BNBUSDT,-0.00002824
2025-10-01T16:00:00Z,BNBUSDT,-0.00004149
2025-10-02T00:00:00Z,BNBUSDT,-0.00007383
2025-10-02T08:00:00Z,BNBUSDT,0.0001
2025-10-02T16:00:00Z,BNBUSDT,0.0001
2025-10-03T00:00:00Z,BNBUSDT,0.0001
2025-10-03T08:00:00Z,BNBUSDT,0.0001
2025-10-03T16:00:00Z,BNBUSDT,0.0001
2025-10-04T00:00:00Z,BNBUSDT,0.0001
2025-10-04T08:00:00Z,BNBUSDT,0.0001
2025-10-04T16:00:00Z,BNBUSDT,0.0001
2025-10-05T00:00:00Z,BNBUSDT,0.0001
2025-10-05T08:00:00Z,BNBUSDT,0.00008885
2025-10-05T16:00:00Z,BNBUSDT,-0.00010658
2025-10-06T00:00:00Z,BNBUSDT,0.00009615
2025-10-06T08:00:00Z,BNBUSDT,0.0001
2025-10-06T16:00:00Z,BNBUSDT,0.0001
2025-10-07T00:00:00Z,BNBUSDT,0.00003763
2025-10-07T08:00:00Z,BNBUSDT,0.00004129
2025-10-07T16:00:00Z,BNBUSDT,0.0001
2025-10-08T00:00:00Z,BNBUSDT,0.0001
2025-10-08T08:00:00Z,BNBUSDT,-0.00019599
2025-10-08T16:00:00Z,BNBUSDT,-0.00013408
2025-10-09T00:00:00Z,BNBUSDT,-0.00012525
2025-10-09T08:00:00Z,BNBUSDT,-0.00018259
2025-10-09T16:00:00Z,BNBUSDT,0.00009328
2025-10-10T00:00:00Z,BNBUSDT,0.0001
2025-10-10T08:00:00Z,BNBUSDT,0.0001
2025-10-10T16:00:00Z,BNBUSDT,0.00007723
2025-10-11T00:00:00Z,BNBUSDT,0.0001
2025-10-11T08:00:00Z,BNBUSDT,0.00008796
2025-10-11T16:00:00Z,BNBUSDT,0.0001
2025-10-12T00:00:00Z,BNBUSDT,-0.00009422
2025-10-12T08:00:00Z,BNBUSDT,0.0001
2025-10-12T16:00:00Z,BNBUSDT,0.00009203
2025-10-13T00:00:00Z,BNBUSDT,0.0001
2025-10-13T08:00:00Z,BNBUSDT,-0.00023026
2025-10-13T16:00:00Z,BNBUSDT,0.00000663
2025-10-14T00:00:00Z,BNBUSDT,-0.00016092
2025-10-14T08:00:00Z,BNBUSDT,0.0001
2025-10-14T16:00:00Z,BNBUSDT,-0.00010101
2025-10-15T00:00:00Z,BNBUSDT,-0.00010028
2025-10-15T08:00:00Z,BNBUSDT,0.00006966
2025-10-15T16:00:00Z,BNBUSDT,0.0001
2025-10-16T00:00:00Z,BNBUSDT,0.0001
2025-10-16T08:00:00Z,BNBUSDT,0.0001
2025-10-16T16:00:00Z,BNBUSDT,-0.00010194
2025-10-17T00:00:00Z,BNBUSDT,0.00005413
2025-10-17T08:00:00Z,BNBUSDT,0.0000138
2025-10-17T16:00:00Z,BNBUSDT,-0.00009807
2025-10-18T00:00:00Z,BNBUSDT,-0.00004504
2025-10-18T08:00:00Z,BNBUSDT,0.00001195
2025-10-18T16:00:00Z,BNBUSDT,-0.00006754
2025-10-19T00:00:00Z,BNBUSDT,0.0000659
2025-10-19T08:00:00Z,BNBUSDT,0.0001
2025-10-19T16:00:00Z,BNBUSDT,0.00002526
2025-10-20T00:00:00Z,BNBUSDT,-0.00009026
2025-10-20T08:00:00Z,BNBUSDT,-0.00001167
2025-10-20T16:00:00Z,BNBUSDT,-0.00013414
2025-10-21T00:00:00Z,BNBUSDT,0.00004891
2025-10-21T08:00:00Z,BNBUSDT,0.0001
2025-10-21T16:00:00Z,BNBUSDT,0.0001
2025-10-22T00:00:00Z,BNBUSDT,0.0001
2025-10-22T08:00:00Z,BNBUSDT,0.00000971
2025-10-22T16:00:00Z,BNBUSDT,0.0000017
2025-10-23T00:00:00Z,BNBUSDT,-0.00006418
2025-10-23T08:00:00Z,BNBUSDT,0.0001
2025-10-23T16:00:00Z,BNBUSDT,0.00001262
2025-10-24T00:00:00Z,BNBUSDT,-0.0002024
2025-10-24T08:00:00Z,BNBUSDT,0.00000948
2025-10-24T16:00:00Z,BNBUSDT,-0.00030517
2025-10-25T00:00:00Z,BNBUSDT,-0.00024977
2025-10-25T08:00:00Z,BNBUSDT,-0.00007825
2025-10-25T16:00:00Z,BNBUSDT,0.00004186
2025-10-26T00:00:00Z,BNBUSDT,0.0001
2025-10-26T08:00:00Z,BNBUSDT,0.00008592
2025-10-26T16:00:00Z,BNBUSDT,0.0001
2025-10-27T00:00:00Z,BNBUSDT,0.0001
2025-10-27T08:00:00Z,BNBUSDT,0.0001
2025-10-27T16:00:00Z,BNBUSDT,0.00006703
2025-10-28T00:00:00Z,BNBUSDT,-0.00000873
2025-10-28T08:00:00Z,BNBUSDT,-0.00015935
2025-10-28T16:00:00Z,BNBUSDT,0.00005889
2025-10-29T00:00:00Z,BNBUSDT,-0.00025457
2025-10-29T08:00:00Z,BNBUSDT,-0.00034711
2025-10-29T16:00:00Z,BNBUSDT,0.0001
2025-10-30T00:00:00Z,BNBUSDT,0.0001
2025-10-30T08:00:00Z,BNBUSDT,0.00005825
2025-10-30T16:00:00Z,BNBUSDT,-0.00019693
2025-10-31T00:00:00Z,BNBUSDT,-0.00036282
2025-10-31T08:00:00Z,BNBUSDT,-0.0001241
2025-10-31T16:00:00Z,BNBUSDT,0.00009608
2025-11-01T00:00:00Z,BNBUSDT,-0.00003313
2025-11-01T08:00:00Z,BNBUSDT,0.00004987
2025-11-01T16:00:00Z,BNBUSDT,-0.00013824
2025-11-02T00:00:00Z,BNBUSDT,0.00003188
2025-11-02T08:00:00Z,BNBUSDT,0.0000335
2025-11-02T16:00:00Z,BNBUSDT,0.00003866
2025-11-03T00:00:00Z,BNBUSDT,0.0001
2025-11-03T08:00:00Z,BNBUSDT,0.0001
2025-11-03T16:00:00Z,BNBUSDT,-0.0001142
2025-11-04T00:00:00Z,BNBUSDT,-0.00004119
2025-11-04T08:00:00Z,BNBUSDT,0.0001
2025-11-04T16:00:00Z,BNBUSDT,0.0001
2025-11-05T00:00:00Z,BNBUSDT,0.0001
2025-11-05T08:00:00Z,BNBUSDT,0.0001
2025-11-05T16:00:00Z,BNBUSDT,0.00003427
2025-11-06T00:00:00Z,BNBUSDT,-0.0001124
2025-11-06T08:00:00Z,BNBUSDT,0.00006232
2025-11-06T16:00:00Z,BNBUSDT,-0.00002625
2025-11-07T00:00:00Z,BNBUSDT,0.0001
2025-11-07T08:00:00Z,BNBUSDT,0.0001
2025-11-07T16:00:00Z,BNBUSDT,0.0001
2025-11-08T00:00:00Z,BNBUSDT,0.0001
2025-11-08T08:00:00Z,BNBUSDT,0.0001
2025-11-08T16:00:00Z,BNBUSDT,0.00001136
2025-11-09T00:00:00Z,BNBUSDT,-0.00007594
2025-11-09T08:00:00Z,BNBUSDT,0.00000673
2025-11-09T16:00:00Z,BNBUSDT,-0.00010294
2025-11-10T00:00:00Z,BNBUSDT,-0.00004836
2025-11-10T08:00:00Z,BNBUSDT,-0.00007148
2025-11-10T16:00:00Z,BNBUSDT,-0.00017453
2025-11-11T00:00:00Z,BNBUSDT,-0.00008698
2025-11-11T08:00:00Z,BNBUSDT,-0.00005245
2025-11-11T16:00:00Z,BNBUSDT,0.0000507
2025-11-12T00:00:00Z,BNBUSDT,0.0001
2025-11-12T08:00:00Z,BNBUSDT,-0.00001958
2025-11-12T16:00:00Z,BNBUSDT,0.0001
2025-11-13T00:00:00Z,BNBUSDT,-0.00001602
2025-11-13T08:00:00Z,BNBUSDT,0.0001
2025-11-13T16:00:00Z,BNBUSDT,0.0001
2025-11-14T00:00:00Z,BNBUSDT,-0.00002524
2025-11-14T08:00:00Z,BNBUSDT,0.0001
2025-11-14T16:00:00Z,BNBUSDT,0.0001
2025-11-15T00:00:00Z,BNBUSDT,0.0001
2025-11-15T08:00:00Z,BNBUSDT,0.0001
2025-11-15T16:00:00Z,BNBUSDT,0.00002392
2025-11-16T00:00:00Z,BNBUSDT,-0.00003878
2025-11-16T08:00:00Z,BNBUSDT,0.00000308
2025-11-16T16:00:00Z,BNBUSDT,-0.00009903
2025-11-17T00:00:00Z,BNBUSDT,0.0000469
2025-11-17T08:00:00Z,BNBUSDT,0.0001
2025-11-17T16:00:00Z,BNBUSDT,0.0000249
2025-11-18T00:00:00Z,BNBUSDT,-0.00010213
2025-11-18T08:00:00Z,BNBUSDT,0.0001
2025-11-18T16:00:00Z,BNBUSDT,0.0001
2025-11-19T00:00:00Z,BNBUSDT,0.0001
2025-11-19T08:00:00Z,BNBUSDT,0.0001
2025-11-19T16:00:00Z,BNBUSDT,-0.00003822
2025-11-20T00:00:00Z,BNBUSDT,-0.00007107
2025-11-20T08:00:00Z,BNBUSDT,0.0001
2025-11-20T16:00:00Z,BNBUSDT,0.0001
2025-11-21T00:00:00Z,BNBUSDT,0.0001
2025-11-21T08:00:00Z,BNBUSDT,0.0001
2025-11-21T16:00:00Z,BNBUSDT,0.0001
2025-11-22T00:00:00Z,BNBUSDT,0.0001
2025-11-22T08:00:00Z,BNBUSDT,0.0001
2025-11-22T16:00:00Z,BNBUSDT,0.00000442
2025-11-23T00:00:00Z,BNBUSDT,0.00007053
2025-11-23T08:00:00Z,BNBUSDT,0.0001
2025-11-23T16:00:00Z,BNBUSDT,0.00001845
2025-11-24T00:00:00Z,BNBUSDT,0.00000398
2025-11-24T08:00:00Z,BNBUSDT,0.0001
2025-11-24T16:00:00Z,BNBUSDT,0.00004608
2025-11-25T00:00:00Z,BNBUSDT,-0.00004984
2025-11-25T08:00:00Z,BNBUSDT,-0.00006933
2025-11-25T16:00:00Z,BNBUSDT,-0.00011404
2025-11-26T00:00:00Z,BNBUSDT,0.0001
2025-11-26T08:00:00Z,BNBUSDT,0.0001
2025-11-26T16:00:00Z,BNBUSDT,0.00001667
2025-11-27T00:00:00Z,BNBUSDT,0.00009027
2025-11-27T08:00:00Z,BNBUSDT,-0.00006116
2025-11-27T16:00:00Z,BNBUSDT,-0.00003291
2025-11-28T00:00:00Z,BNBUSDT,0.00002583
2025-11-28T08:00:00Z,BNBUSDT,0.0001
2025-11-28T16:00:00Z,BNBUSDT,-0.00005122
2025-11-29T00:00:00Z,BNBUSDT,-0.00003972
2025-11-29T08:00:00Z,BNBUSDT,-0.00000952
2025-11-29T16:00:00Z,BNBUSDT,-0.00007163
2025-11-30T00:00:00Z,BNBUSDT,-0.00008723
2025-11-30T08:00:00Z,BNBUSDT,-0.00004722
2025-11-30T16:00:00Z,BNBUSDT,0.0001
2025-12-01T00:00:00Z,BNBUSDT,0.0001
2025-12-01T08:00:00Z,BNBUSDT,-0.00002048
2025-12-01T16:00:00Z,BNBUSDT,-0.0000294
2025-12-02T00:00:00Z,BNBUSDT,-0.00004695
2025-12-02T08:00:00Z,BNBUSDT,-0.00013797
2025-12-02T16:00:00Z,BNBUSDT,-0.00005938
2025-12-03T00:00:00Z,BNBUSDT,0.0001
2025-12-03T08:00:00Z,BNBUSDT,0.0001
2025-12-03T16:00:00Z,BNBUSDT,0.0001
2025-12-04T00:00:00Z,BNBUSDT,0.0001
2025-12-04T08:00:00Z,BNBUSDT,0.0001
2025-12-04T16:00:00Z,BNBUSDT,0.0001
2025-12-05T00:00:00Z,BNBUSDT,0.0001
2025-12-05T08:00:00Z,BNBUSDT,0.00006946
2025-12-05T16:00:00Z,BNBUSDT,0.00004325
2025-12-06T00:00:00Z,BNBUSDT,0.0000245
2025-12-06T08:00:00Z,BNBUSDT,-0.00006032
2025-12-06T16:00:00Z,BNBUSDT,-0.00001203
2025-12-07T00:00:00Z,BNBUSDT,-0.00003978
2025-12-07T08:00:00Z,BNBUSDT,-0.00004642
2025-12-07T16:00:00Z,BNBUSDT,-0.00007545
2025-12-08T00:00:00Z,BNBUSDT,0.0001
2025-12-08T08:00:00Z,BNBUSDT,0.0001
2025-12-08T16:00:00Z,BNBUSDT,0.0001
2025-12-09T00:00:00Z,BNBUSDT,-0.0000537
2025-12-09T08:00:00Z,BNBUSDT,-0.00007436
2025-12-09T16:00:00Z,BNBUSDT,-0.00007893
2025-12-10T00:00:00Z,BNBUSDT,0.0001
2025-12-10T08:00:00Z,BNBUSDT,-0.00016331
2025-12-10T16:00:00Z,BNBUSDT,-0.00010967
2025-12-11T00:00:00Z,BNBUSDT,0.0001
2025-12-11T08:00:00Z,BNBUSDT,-0.00011699
2025-12-11T16:00:00Z,BNBUSDT,-0.00006316
2025-12-12T00:00:00Z,BNBUSDT,0.0001
2025-12-12T08:00:00Z,BNBUSDT,0.0001
2025-12-12T16:00:00Z,BNBUSDT,0.0001
2025-12-13T00:00:00Z,BNBUSDT,-0.00005075
2025-12-13T08:00:00Z,BNBUSDT,0.0001
2025-12-13T16:00:00Z,BNBUSDT,0.0001
2025-12-14T00:00:00Z,BNBUSDT,0.0001
2025-12-14T08:00:00Z,BNBUSDT,0.00006321
2025-12-14T16:00:00Z,BNBUSDT,0.00001839
2025-12-15T00:00:00Z,BNBUSDT,-0.00008927
2025-12-15T08:00:00Z,BNBUSDT,0.00000456
2025-12-15T16:00:00Z,BNBUSDT,-0.000051
2025-12-16T00:00:00Z,BNBUSDT,-0.00010649
2025-12-16T08:00:00Z,BNBUSDT,0.00005812
2025-12-16T16:00:00Z,BNBUSDT,0.00009536
2025-12-17T00:00:00Z,BNBUSDT,0.00005408
2025-12-17T08:00:00Z,BNBUSDT,0.00001325
2025-12-17T16:00:00Z,BNBUSDT,0.00002203
2025-12-18T00:00:00Z,BNBUSDT,-0.00012411
2025-12-18T08:00:00Z,BNBUSDT,-0.00014594
2025-12-18T16:00:00Z,BNBUSDT,-0.0000832
2025-12-19T00:00:00Z,BNBUSDT,-0.00006326
2025-12-19T08:00:00Z,BNBUSDT,-0.00000093
2025-12-19T16:00:00Z,BNBUSDT,0.0001
2025-12-20T00:00:00Z,BNBUSDT,0.0001
2025-12-20T08:00:00Z,BNBUSDT,0.0001
2025-12-20T16:00:00Z,BNBUSDT,0.0000552
2025-12-21T00:00:00Z,BNBUSDT,-0.00002941
2025-12-21T08:00:00Z,BNBUSDT,0.00004579
2025-12-21T16:00:00Z,BNBUSDT,-0.00004021
2025-12-22T00:00:00Z,BNBUSDT,-0.00000498
2025-12-22T08:00:00Z,BNBUSDT,0.00002812
2025-12-22T16:00:00Z,BNBUSDT,0.0001
2025-12-23T00:00:00Z,BNBUSDT,-0.00004485
2025-12-23T08:00:00Z,BNBUSDT,-0.00008682
2025-12-23T16:00:00Z,BNBUSDT,-0.00010648
2025-12-24T00:00:00Z,BNBUSDT,-0.00012497
2025-12-24T08:00:00Z,BNBUSDT,-0.00004108
2025-12-24T16:00:00Z,BNBUSDT,-0.0000674
2025-12-25T00:00:00Z,BNBUSDT,0.00002843
2025-12-25T08:00:00Z,BNBUSDT,0.00001117
2025-12-25T16:00:00Z,BNBUSDT,-0.00013268
2025-12-26T00:00:00Z,BNBUSDT,-0.00006736
2025-12-26T08:00:00Z,BNBUSDT,0.0001
2025-12-26T16:00:00Z,BNBUSDT,-0.00002552
2025-12-27T00:00:00Z,BNBUSDT,0.00003077
2025-12-27T08:00:00Z,BNBUSDT,0.00006669
2025-12-27T16:00:00Z,BNBUSDT,0.0001
2025-12-28T00:00:00Z,BNBUSDT,0.0001
2025-12-28T08:00:00Z,BNBUSDT,0.0001
2025-12-28T16:00:00Z,BNBUSDT,0.0001
2025-12-29T00:00:00Z,BNBUSDT,0.0001
2025-12-29T08:00:00Z,BNBUSDT,0.00008511
2025-12-29T16:00:00Z,BNBUSDT,0.00005732
2025-12-30T00:00:00Z,BNBUSDT,0.00007855
2025-12-30T08:00:00Z,BNBUSDT,0.0001
2025-12-30T16:00:00Z,BNBUSDT,0.0001
2025-12-31T00:00:00Z,BNBUSDT,0.0001
2025-12-31T08:00:00Z,BNBUSDT,0.0001
2025-12-31T16:00:00Z,BNBUSDT,0.00000702
2026-01-01T00:00:00Z,BNBUSDT,-0.00000324
2026-01-01T08:00:00Z,BNBUSDT,0.0000498
2026-01-01T16:00:00Z,BNBUSDT,-0.00016452
2026-01-02T00:00:00Z,BNBUSDT,-0.00014792
2026-01-02T08:00:00Z,BNBUSDT,-0.00003144
2026-01-02T16:00:00Z,BNBUSDT,0.0001
2026-01-03T00:00:00Z,BNBUSDT,0.0001
2026-01-03T08:00:00Z,BNBUSDT,0.00008059
2026-01-03T16:00:00Z,BNBUSDT,-0.0000959
2026-01-04T00:00:00Z,BNBUSDT,0.0001
2026-01-04T08:00:00Z,BNBUSDT,0.0001
2026-01-04T16:00:00Z,BNBUSDT,0.0001
2026-01-05T00:00:00Z,BNBUSDT,0.0001
2026-01-05T08:00:00Z,BNBUSDT,0.0001
2026-01-05T16:00:00Z,BNBUSDT,0.0001
2026-01-06T00:00:00Z,BNBUSDT,0.0001
2026-01-06T08:00:00Z,BNBUSDT,-0.00008439
2026-01-06T16:00:00Z,BNBUSDT,0.0001
2026-01-07T00:00:00Z,BNBUSDT,0.0001
2026-01-07T08:00:00Z,BNBUSDT,0.0001
2026-01-07T16:00:00Z,BNBUSDT,0.00003291
2026-01-08T00:00:00Z,BNBUSDT,-0.00005918
2026-01-08T08:00:00Z,BNBUSDT,-0.00012386
2026-01-08T16:00:00Z,BNBUSDT,-0.00010602
2026-01-09T00:00:00Z,BNBUSDT,-0.00007667
2026-01-09T08:00:00Z,BNBUSDT,0.00000211
2026-01-09T16:00:00Z,BNBUSDT,-0.00002568
2026-01-10T00:00:00Z,BNBUSDT,0.0001
2026-01-10T08:00:00Z,BNBUSDT,0.0001
2026-01-10T16:00:00Z,BNBUSDT,0.0001
2026-01-11T00:00:00Z,BNBUSDT,0.0001
2026-01-11T08:00:00Z,BNBUSDT,0.0001
2026-01-11T16:00:00Z,BNBUSDT,0.0001
2026-01-12T00:00:00Z,BNBUSDT,-0.0000493
2026-01-12T08:00:00Z,BNBUSDT,-0.00009441
2026-01-12T16:00:00Z,BNBUSDT,-0.00009573
2026-01-13T00:00:00Z,BNBUSDT,0.00001298
2026-01-13T08:00:00Z,BNBUSDT,0.0001
2026-01-13T16:00:00Z,BNBUSDT,0.0001
2026-01-14T00:00:00Z,BNBUSDT,0.0001
2026-01-14T08:00:00Z,BNBUSDT,0.0001
2026-01-14T16:00:00Z,BNBUSDT,0.00001879
2026-01-15T00:00:00Z,BNBUSDT,0.0001
2026-01-15T08:00:00Z,BNBUSDT,-0.00004041
2026-01-15T16:00:00Z,BNBUSDT,0.00008434
2026-01-16T00:00:00Z,BNBUSDT,-0.00002349
2026-01-16T08:00:00Z,BNBUSDT,0.0000266
2026-01-16T16:00:00Z,BNBUSDT,-0.00007674
2026-01-17T00:00:00Z,BNBUSDT,0.0001
2026-01-17T08:00:00Z,BNBUSDT,0.00008352
2026-01-17T16:00:00Z,BNBUSDT,0.0001
2026-01-18T00:00:00Z,BNBUSDT,0.0001
2026-01-18T08:00:00Z,BNBUSDT,0.00003886
2026-01-18T16:00:00Z,BNBUSDT,0.00001811
2026-01-19T00:00:00Z,BNBUSDT,0.0000058
2026-01-19T08:00:00Z,BNBUSDT,-0.00012669
2026-01-19T16:00:00Z,BNBUSDT,0.00003155
2026-01-20T00:00:00Z,BNBUSDT,0.0001
2026-01-20T08:00:00Z,BNBUSDT,0.00002119
2026-01-20T16:00:00Z,BNBUSDT,-0.00002888
2026-01-21T00:00:00Z,BNBUSDT,-0.00008863
2026-01-21T08:00:00Z,BNBUSDT,-0.00014083
2026-01-21T16:00:00Z,BNBUSDT,-0.00014021
2026-01-22T00:00:00Z,BNBUSDT,0.00003935
2026-01-22T08:00:00Z,BNBUSDT,-0.00004675
2026-01-22T16:00:00Z,BNBUSDT,-0.00003344
2026-01-23T00:00:00Z,BNBUSDT,0.00006262
2026-01-23T08:00:00Z,BNBUSDT,0.00007127
2026-01-23T16:00:00Z,BNBUSDT,0.00009564
2026-01-24T00:00:00Z,BNBUSDT,0.0001
2026-01-24T08:00:00Z,BNBUSDT,0.0000299
2026-01-24T16:00:00Z,BNBUSDT,0.00002016
2026-01-25T00:00:00Z,BNBUSDT,-0.00002639
2026-01-25T08:00:00Z,BNBUSDT,0.00002609
2026-01-25T16:00:00Z,BNBUSDT,-0.00007413
2026-01-26T00:00:00Z,BNBUSDT,-0.00000804
2026-01-26T08:00:00Z,BNBUSDT,0.00001459
2026-01-26T16:00:00Z,BNBUSDT,0.00003663
2026-01-27T00:00:00Z,BNBUSDT,0.000067
2026-01-27T08:00:00Z,BNBUSDT,0.00003548
2026-01-27T16:00:00Z,BNBUSDT,-0.00007043
2026-01-28T00:00:00Z,BNBUSDT,0.0001
2026-01-28T08:00:00Z,BNBUSDT,0.0001
2026-01-28T16:00:00Z,BNBUSDT,0.00009556
2026-01-29T00:00:00Z,BNBUSDT,-0.00000831
2026-01-29T08:00:00Z,BNBUSDT,0.0001
2026-01-29T16:00:00Z,BNBUSDT,-0.00016027
2026-01-30T00:00:00Z,BNBUSDT,-0.00014594
2026-01-30T08:00:00Z,BNBUSDT,-0.0000662
2026-01-30T16:00:00Z,BNBUSDT,-0.00015207
2026-01-31T00:00:00Z,BNBUSDT,0.00002996
2026-01-31T08:00:00Z,BNBUSDT,-0.00003401
2026-01-31T16:00:00Z,BNBUSDT,-0.00007616
2026-02-01T00:00:00Z,BNBUSDT,0.0000198
2026-02-01T08:00:00Z,BNBUSDT,0.00007031
2026-02-01T16:00:00Z,BNBUSDT,-0.00006539
2026-02-02T00:00:00Z,BNBUSDT,0.0001
2026-02-02T08:00:00Z,BNBUSDT,0.0001
2026-02-02T16:00:00Z,BNBUSDT,0.00001507
2026-02-03T00:00:00Z,BNBUSDT,0.00000766
2026-02-03T08:00:00Z,BNBUSDT,0.0001
2026-02-03T16:00:00Z,BNBUSDT,-0.00006694
2026-02-04T00:00:00Z,BNBUSDT,0.0001
2026-02-04T08:00:00Z,BNBUSDT,0.0001
2026-02-04T16:00:00Z,BNBUSDT,-0.00000899
2026-02-05T00:00:00Z,BNBUSDT,0.0000519
2026-02-05T08:00:00Z,BNBUSDT,0.00001585
2026-02-05T16:00:00Z,BNBUSDT,0.0001
2026-02-06T00:00:00Z,BNBUSDT,0.0001
2026-02-06T08:00:00Z,BNBUSDT,-0.00009497
2026-02-06T16:00:00Z,BNBUSDT,-0.00008604
2026-02-07T00:00:00Z,BNBUSDT,-0.0001947
2026-02-07T08:00:00Z,BNBUSDT,-0.00007916
2026-02-07T16:00:00Z,BNBUSDT,-0.00008899
2026-02-08T00:00:00Z,BNBUSDT,0.00002012
2026-02-08T08:00:00Z,BNBUSDT,-0.00007412
2026-02-08T16:00:00Z,BNBUSDT,-0.00014704
2026-02-09T00:00:00Z,BNBUSDT,0.00000676
2026-02-09T08:00:00Z,BNBUSDT,-0.0001177
2026-02-09T16:00:00Z,BNBUSDT,0.0000839
2026-02-10T00:00:00Z,BNBUSDT,0.00002429
2026-02-10T08:00:00Z,BNBUSDT,-0.00002234
2026-02-10T16:00:00Z,BNBUSDT,-0.00012641
2026-02-11T00:00:00Z,BNBUSDT,-0.00018425
2026-02-11T08:00:00Z,BNBUSDT,-0.00005457
2026-02-11T16:00:00Z,BNBUSDT,-0.00002505
2026-02-12T00:00:00Z,BNBUSDT,0.0001
2026-02-12T08:00:00Z,BNBUSDT,0.0001
2026-02-12T16:00:00Z,BNBUSDT,-0.00002942
2026-02-13T00:00:00Z,BNBUSDT,-0.00004032
2026-02-13T08:00:00Z,BNBUSDT,-0.00008338
2026-02-13T16:00:00Z,BNBUSDT,-0.00001585
2026-02-14T00:00:00Z,BNBUSDT,0.00004658
2026-02-14T08:00:00Z,BNBUSDT,0.0001
2026-02-14T16:00:00Z,BNBUSDT,0.0001
2026-02-15T00:00:00Z,BNBUSDT,0.00009865
2026-02-15T08:00:00Z,BNBUSDT,0.0001
2026-02-15T16:00:00Z,BNBUSDT,0.0000657
2026-02-16T00:00:00Z,BNBUSDT,-0.00008808
2026-02-16T08:00:00Z,BNBUSDT,-0.00017839
2026-02-16T16:00:00Z,BNBUSDT,-0.00011128
2026-02-17T00:00:00Z,BNBUSDT,0.0001
2026-02-17T08:00:00Z,BNBUSDT,0.0001
2026-02-17T16:00:00Z,BNBUSDT,0.0000364
2026-02-18T00:00:00Z,BNBUSDT,0.0001
2026-02-18T08:00:00Z,BNBUSDT,-0.00005891
2026-02-18T16:00:00Z,BNBUSDT,-0.00009575
2026-02-19T00:00:00Z,BNBUSDT,-0.00014822
2026-02-19T08:00:00Z,BNBUSDT,-0.00000496
2026-02-19T16:00:00Z,BNBUSDT,-0.00008554
2026-02-20T00:00:00Z,BNBUSDT,0.0000893
2026-02-20T08:00:00Z,BNBUSDT,0.0001
2026-02-20T16:00:00Z,BNBUSDT,0.0001
2026-02-21T00:00:00Z,BNBUSDT,0.0001
2026-02-21T08:00:00Z,BNBUSDT,0.0001
2026-02-21T16:00:00Z,BNBUSDT,0.0001
2026-02-22T00:00:00Z,BNBUSDT,0.0001
2026-02-22T08:00:00Z,BNBUSDT,0.00009278
2026-02-22T16:00:00Z,BNBUSDT,0.00001721
2026-02-23T00:00:00Z,BNBUSDT,-0.0000379
2026-02-23T08:00:00Z,BNBUSDT,-0.00019787
2026-02-23T16:00:00Z,BNBUSDT,0.0001
2026-02-24T00:00:00Z,BNBUSDT,-0.00011175
2026-02-24T08:00:00Z,BNBUSDT,-0.0002239
2026-02-24T16:00:00Z,BNBUSDT,-0.00014179
2026-02-25T00:00:00Z,BNBUSDT,-0.00003505
2026-02-25T08:00:00Z,BNBUSDT,0.00005428
2026-02-25T16:00:00Z,BNBUSDT,0.0001
2026-02-26T00:00:00Z,BNBUSDT,0.0001
2026-02-26T08:00:00Z,BNBUSDT,0.0001
2026-02-26T16:00:00Z,BNBUSDT,0.0001
2026-02-27T00:00:00Z,BNBUSDT,0.0001
2026-02-27T08:00:00Z,BNBUSDT,0.0001
2026-02-27T16:00:00Z,BNBUSDT,-0.00011318
2026-02-28T00:00:00Z,BNBUSDT,0.00000485
2026-02-28T08:00:00Z,BNBUSDT,-0.0000996
2026-02-28T16:00:00Z,BNBUSDT,-0.00006442
2026-03-01T00:00:00Z,BNBUSDT,0.00006148
2026-03-01T08:00:00Z,BNBUSDT,0.0001
2026-03-01T16:00:00Z,BNBUSDT,0.0001
2026-03-02T00:00:00Z,BNBUSDT,0.0001
2026-03-02T08:00:00Z,BNBUSDT,0.00002151
2026-03-02T16:00:00Z,BNBUSDT,0.0001
2026-03-03T00:00:00Z,BNBUSDT,0.0001
2026-03-03T08:00:00Z,BNBUSDT,-0.00014301
2026-03-03T16:00:00Z,BNBUSDT,-0.00019143
2026-03-04T00:00:00Z,BNBUSDT,0.00002013
2026-03-04T08:00:00Z,BNBUSDT,0.0000324
2026-03-04T16:00:00Z,BNBUSDT,0.0001
2026-03-05T00:00:00Z,BNBUSDT,0.00003917
2026-03-05T08:00:00Z,BNBUSDT,0.00001162
2026-03-05T16:00:00Z,BNBUSDT,-0.00007798
2026-03-06T00:00:00Z,BNBUSDT,-0.00011516
2026-03-06T08:00:00Z,BNBUSDT,0.00002357
2026-03-06T16:00:00Z,BNBUSDT,-0.00022033
2026-03-07T00:00:00Z,BNBUSDT,-0.00018621
2026-03-07T08:00:00Z,BNBUSDT,-0.00006299
2026-03-07T16:00:00Z,BNBUSDT,-0.00006071
2026-03-08T00:00:00Z,BNBUSDT,-0.00003817
2026-03-08T08:00:00Z,BNBUSDT,-0.00005996
2026-03-08T16:00:00Z,BNBUSDT,-0.00015762
2026-03-09T00:00:00Z,BNBUSDT,-0.00003686
2026-03-09T08:00:00Z,BNBUSDT,0.00001809
2026-03-09T16:00:00Z,BNBUSDT,0.0001
2026-03-10T00:00:00Z,BNBUSDT,0.0001
2026-03-10T08:00:00Z,BNBUSDT,0.00008872
2026-03-10T16:00:00Z,BNBUSDT,0.00009744
2026-03-11T00:00:00Z,BNBUSDT,-0.00001534
2026-03-11T08:00:00Z,BNBUSDT,-0.00003102
2026-03-11T16:00:00Z,BNBUSDT,0.00007486
2026-03-12T00:00:00Z,BNBUSDT,0.0001
2026-03-12T08:00:00Z,BNBUSDT,-0.0001669
2026-03-12T16:00:00Z,BNBUSDT,0.0001
2026-03-13T00:00:00Z,BNBUSDT,0.0001
2026-03-13T08:00:00Z,BNBUSDT,0.0001
2026-03-13T16:00:00Z,BNBUSDT,0.0001
2026-03-14T00:00:00Z,BNBUSDT,-0.00013356
2026-03-14T08:00:00Z,BNBUSDT,-0.00015671
2026-03-14T16:00:00Z,BNBUSDT,-0.00009895
2026-03-15T00:00:00Z,BNBUSDT,-0.00012517
2026-03-15T08:00:00Z,BNBUSDT,-0.00012638
2026-03-15T16:00:00Z,BNBUSDT,0.00001518
2026-03-16T00:00:00Z,BNBUSDT,0.00007075
2026-03-16T08:00:00Z,BNBUSDT,0.00008518
2026-03-16T16:00:00Z,BNBUSDT,-0.00005773
2026-03-17T00:00:00Z,BNBUSDT,-0.0000783
2026-03-17T08:00:00Z,BNBUSDT,-0.0001537
2026-03-17T16:00:00Z,BNBUSDT,-0.00013461
2026-03-18T00:00:00Z,BNBUSDT,-0.00007839
2026-03-18T08:00:00Z,BNBUSDT,-0.00001134
2026-03-18T16:00:00Z,BNBUSDT,-0.00020186
2026-03-19T00:00:00Z,BNBUSDT,-0.00003321
2026-03-19T08:00:00Z,BNBUSDT,-0.00002375
2026-03-19T16:00:00Z,BNBUSDT,0.00001529
2026-03-20T00:00:00Z,BNBUSDT,0.00000313
2026-03-20T08:00:00Z,BNBUSDT,-0.00001666
2026-03-20T16:00:00Z,BNBUSDT,0.00003127
2026-03-21T00:00:00Z,BNBUSDT,0.00008781
2026-03-21T08:00:00Z,BNBUSDT,-0.00002165
2026-03-21T16:00:00Z,BNBUSDT,0.00002586
2026-03-22T00:00:00Z,BNBUSDT,0.0001
2026-03-22T08:00:00Z,BNBUSDT,0.00004932
2026-03-22T16:00:00Z,BNBUSDT,-0.00003305
2026-03-23T00:00:00Z,BNBUSDT,-0.00000751
2026-03-23T08:00:00Z,BNBUSDT,-0.00001176
2026-03-23T16:00:00Z,BNBUSDT,0.0001
2026-03-24T00:00:00Z,BNBUSDT,0.0001
2026-03-24T08:00:00Z,BNBUSDT,-0.00001555
2026-03-24T16:00:00Z,BNBUSDT,0.0001
2026-03-25T00:00:00Z,BNBUSDT,0.0001
2026-03-25T08:00:00Z,BNBUSDT,0.0001
2026-03-25T16:00:00Z,BNBUSDT,0.0001
2026-03-26T00:00:00Z,BNBUSDT,0.0001
2026-03-26T08:00:00Z,BNBUSDT,-0.00014256
2026-03-26T16:00:00Z,BNBUSDT,-0.00009981
2026-03-27T00:00:00Z,BNBUSDT,-0.00012499
2026-03-27T08:00:00Z,BNBUSDT,-0.00005389
2026-03-27T16:00:00Z,BNBUSDT,-0.00003302
2026-03-28T00:00:00Z,BNBUSDT,0.00001475
2026-03-28T08:00:00Z,BNBUSDT,0.00005055
2026-03-28T16:00:00Z,BNBUSDT,0.00003725
2026-03-29T00:00:00Z,BNBUSDT,0.00005112
2026-03-29T08:00:00Z,BNBUSDT,-0.00005356
2026-03-29T16:00:00Z,BNBUSDT,-0.00004534
2026-03-30T00:00:00Z,BNBUSDT,0.00002703
2026-03-30T08:00:00Z,BNBUSDT,0.0001
2026-03-30T16:00:00Z,BNBUSDT,0.0001
2026-03-31T00:00:00Z,BNBUSDT,0.0001
2026-03-31T08:00:00Z,BNBUSDT,0.00005304
2026-03-31T16:00:00Z,BNBUSDT,0.00002999
2026-04-01T00:00:00Z,BNBUSDT,0.0001
2026-04-01T08:00:00Z,BNBUSDT,0.0001
2026-04-01T16:00:00Z,BNBUSDT,0.0001
2026-04-02T00:00:00Z,BNBUSDT,0.00005371
2026-04-02T08:00:00Z,BNBUSDT,-0.00008911
2026-04-02T16:00:00Z,BNBUSDT,0.0001
2026-04-03T00:00:00Z,BNBUSDT,-0.00002558
2026-04-03T08:00:00Z,BNBUSDT,-0.00009059
2026-04-03T16:00:00Z,BNBUSDT,-0.00005818
2026-04-04T00:00:00Z,BNBUSDT,0.0000328
2026-04-04T08:00:00Z,BNBUSDT,-0.00002168
2026-04-04T16:00:00Z,BNBUSDT,0.0000078
2026-04-05T00:00:00Z,BNBUSDT,0.00006913
2026-04-05T08:00:00Z,BNBUSDT,0.0001
2026-04-05T16:00:00Z,BNBUSDT,0.0000223
2026-04-06T00:00:00Z,BNBUSDT,0.00003208
2026-04-06T08:00:00Z,BNBUSDT,0.0001
2026-04-06T16:00:00Z,BNBUSDT,0.0001
2026-04-07T00:00:00Z,BNBUSDT,0.0001
2026-04-07T08:00:00Z,BNBUSDT,-0.00008303
2026-04-07T16:00:00Z,BNBUSDT,0.00001838
2026-04-08T00:00:00Z,BNBUSDT,0.0001
2026-04-08T08:00:00Z,BNBUSDT,0.0001
2026-04-08T16:00:00Z,BNBUSDT,0.0001
2026-04-09T00:00:00Z,BNBUSDT,0.00009395
2026-04-09T08:00:00Z,BNBUSDT,0.00007278
2026-04-09T16:00:00Z,BNBUSDT,0.00004678
2026-04-10T00:00:00Z,BNBUSDT,0.0001
2026-04-10T08:00:00Z,BNBUSDT,0.00003634
2026-04-10T16:00:00Z,BNBUSDT,0.00007519
2026-04-11T00:00:00Z,BNBUSDT,0.00006098
2026-04-11T08:00:00Z,BNBUSDT,0.00002498
2026-04-11T16:00:00Z,BNBUSDT,0.00001555
2026-04-12T00:00:00Z,BNBUSDT,0.0001
2026-04-12T08:00:00Z,BNBUSDT,-0.00011652
2026-04-12T16:00:00Z,BNBUSDT,-0.00010245
2026-04-13T00:00:00Z,BNBUSDT,-0.0000442
2026-04-13T08:00:00Z,BNBUSDT,0.00009036
2026-04-13T16:00:00Z,BNBUSDT,0.0001
2026-04-14T00:00:00Z,BNBUSDT,0.0001
2026-04-14T08:00:00Z,BNBUSDT,0.0001
2026-04-14T16:00:00Z,BNBUSDT,0.0001
2026-04-15T00:00:00Z,BNBUSDT,0.0001
2026-04-15T08:00:00Z,BNBUSDT,0.00006018
2026-04-15T16:00:00Z,BNBUSDT,0.00006615
2026-04-16T00:00:00Z,BNBUSDT,0.0001
2026-04-16T08:00:00Z,BNBUSDT,0.000065
2026-04-16T16:00:00Z,BNBUSDT,0.0000378
2026-04-17T00:00:00Z,BNBUSDT,0.0001
2026-04-17T08:00:00Z,BNBUSDT,0.0001
2026-04-17T16:00:00Z,BNBUSDT,0.0001
2026-04-18T00:00:00Z,BNBUSDT,0.00000609
2026-04-18T08:00:00Z,BNBUSDT,0.00007313
2026-04-18T16:00:00Z,BNBUSDT,-0.00005827
2026-04-19T00:00:00Z,BNBUSDT,-0.00004587
2026-04-19T08:00:00Z,BNBUSDT,-0.00008544
2026-04-19T16:00:00Z,BNBUSDT,-0.00004936
2026-04-20T00:00:00Z,BNBUSDT,-0.00007112
2026-04-20T08:00:00Z,BNBUSDT,0.00002363
2026-04-20T16:00:00Z,BNBUSDT,0.00000404
2026-04-21T00:00:00Z,BNBUSDT,0.0001
2026-04-21T08:00:00Z,BNBUSDT,0.0001
2026-04-21T16:00:00Z,BNBUSDT,0.00001506
2026-04-22T00:00:00Z,BNBUSDT,-0.00003102
2026-04-22T08:00:00Z,BNBUSDT,0.0001
2026-04-22T16:00:00Z,BNBUSDT,0.0001
2026-04-23T00:00:00Z,BNBUSDT,0.0001
2026-04-23T08:00:00Z,BNBUSDT,-0.00010276
2026-04-23T16:00:00Z,BNBUSDT,-0.00009613
2026-04-24T00:00:00Z,BNBUSDT,0.00005044
2026-04-24T08:00:00Z,BNBUSDT,0.00000538
2026-04-24T16:00:00Z,BNBUSDT,0.00005697
2026-04-25T00:00:00Z,BNBUSDT,0.0001
2026-04-25T08:00:00Z,BNBUSDT,0.0001
2026-04-25T16:00:00Z,BNBUSDT,0.00003965
2026-04-26T00:00:00Z,BNBUSDT,-0.00012033
2026-04-26T08:00:00Z,BNBUSDT,-0.00008557
2026-04-26T16:00:00Z,BNBUSDT,-0.00010998
2026-04-27T00:00:00Z,BNBUSDT,0.0001
2026-04-27T08:00:00Z,BNBUSDT,-0.00002056
2026-04-27T16:00:00Z,BNBUSDT,0.00000283
2026-04-28T00:00:00Z,BNBUSDT,0.0001
2026-04-28T08:00:00Z,BNBUSDT,-0.00001263
2026-04-28T16:00:00Z,BNBUSDT,0.0000626
2026-04-29T00:00:00Z,BNBUSDT,-0.00004324
2026-04-29T08:00:00Z,BNBUSDT,0.00006676
2026-04-29T16:00:00Z,BNBUSDT,-0.00009217
2026-04-30T00:00:00Z,BNBUSDT,-0.00009742
2026-04-30T08:00:00Z,BNBUSDT,0.00003871
2026-04-30T16:00:00Z,BNBUSDT,0.000083
2026-05-01T00:00:00Z,BNBUSDT,0.00000779
2026-05-01T08:00:00Z,BNBUSDT,0.0001
2026-05-01T16:00:00Z,BNBUSDT,0.0001
2026-05-02T00:00:00Z,BNBUSDT,0.0001
2026-05-02T08:00:00Z,BNBUSDT,-0.00006228
2026-05-02T16:00:00Z,BNBUSDT,-0.00009528
2026-05-03T00:00:00Z,BNBUSDT,0.0001
2026-05-03T08:00:00Z,BNBUSDT,0.00001692
2026-05-03T16:00:00Z,BNBUSDT,0.0001
2026-05-04T00:00:00Z,BNBUSDT,0.0001
2026-05-04T08:00:00Z,BNBUSDT,0.0001
2026-05-04T16:00:00Z,BNBUSDT,-0.00000784
2026-05-05T00:00:00Z,BNBUSDT,0.0001
2026-05-05T08:00:00Z,BNBUSDT,0.0000964
2026-05-05T16:00:00Z,BNBUSDT,0.0001
2026-05-06T00:00:00Z,BNBUSDT,0.0001
2026-05-06T08:00:00Z,BNBUSDT,0.0001
2026-05-06T16:00:00Z,BNBUSDT,0.0001
2026-05-07T00:00:00Z,BNBUSDT,0.0001
2026-05-07T08:00:00Z,BNBUSDT,-0.00001099
2026-05-07T16:00:00Z,BNBUSDT,-0.00001704
2026-05-08T00:00:00Z,BNBUSDT,-0.00013951
2026-05-08T08:00:00Z,BNBUSDT,0.0001
2026-05-08T16:00:00Z,BNBUSDT,0.00008192
2026-05-09T00:00:00Z,BNBUSDT,0.0001
2026-05-09T08:00:00Z,BNBUSDT,0.0001
2026-05-09T16:00:00Z,BNBUSDT,0.0001
2026-05-10T00:00:00Z,BNBUSDT,0.0001
2026-05-10T08:00:00Z,BNBUSDT,0.00004492
2026-05-10T16:00:00Z,BNBUSDT,0.0001
2026-05-11T00:00:00Z,BNBUSDT,0.0001
2026-05-11T08:00:00Z,BNBUSDT,-0.00004649
2026-05-11T16:00:00Z,BNBUSDT,0.00001597
2026-05-12T00:00:00Z,BNBUSDT,0.0001
2026-05-12T08:00:00Z,BNBUSDT,-0.0001028
2026-05-12T16:00:00Z,BNBUSDT,-0.00010533
2026-05-13T00:00:00Z,BNBUSDT,0.0001
2026-05-13T08:00:00Z,BNBUSDT,0.0001
2026-05-13T16:00:00Z,BNBUSDT,0.00002011
2026-05-14T00:00:00Z,BNBUSDT,-0.0000665
2026-05-14T08:00:00Z,BNBUSDT,-0.00002097
2026-05-14T16:00:00Z,BNBUSDT,0.00009922
2026-05-15T00:00:00Z,BNBUSDT,0.0001
2026-05-15T08:00:00Z,BNBUSDT,0.0000777
2026-05-15T16:00:00Z,BNBUSDT,-0.00006985
2026-05-16T00:00:00Z,BNBUSDT,-0.00006815
2026-05-16T08:00:00Z,BNBUSDT,-0.00017065
2026-05-16T16:00:00Z,BNBUSDT,-0.00004079
2026-05-17T00:00:00Z,BNBUSDT,0.0001
2026-05-17T08:00:00Z,BNBUSDT,-0.00001218
2026-05-17T16:00:00Z,BNBUSDT,-0.00003817
2026-05-18T00:00:00Z,BNBUSDT,0.00002716
2026-05-18T08:00:00Z,BNBUSDT,0.000078
2026-05-18T16:00:00Z,BNBUSDT,-0.00008482
2026-05-19T00:00:00Z,BNBUSDT,0.00003033
2026-05-19T08:00:00Z,BNBUSDT,0.00002044
2026-05-19T16:00:00Z,BNBUSDT,0.00008735
2026-05-20T00:00:00Z,BNBUSDT,-0.00000747
2026-05-20T08:00:00Z,BNBUSDT,0.00004211
2026-05-20T16:00:00Z,BNBUSDT,0.0000631
2026-05-21T00:00:00Z,BNBUSDT,0.00006174
2026-05-21T08:00:00Z,BNBUSDT,0.0001
2026-05-21T16:00:00Z,BNBUSDT,0.00004561
2026-05-22T00:00:00Z,BNBUSDT,0.0001
2026-05-22T08:00:00Z,BNBUSDT,0.0001
2026-05-22T16:00:00Z,BNBUSDT,0.0001
2026-05-23T00:00:00Z,BNBUSDT,-0.0000266
2026-05-23T08:00:00Z,BNBUSDT,-0.00006143
2026-05-23T16:00:00Z,BNBUSDT,-0.00004672
2026-05-24T00:00:00Z,BNBUSDT,0.0001
2026-05-24T08:00:00Z,BNBUSDT,0.0001
2026-05-24T16:00:00Z,BNBUSDT,0.0001
2026-05-25T00:00:00Z,BNBUSDT,0.0001
2026-05-25T08:00:00Z,BNBUSDT,0.0001
2026-05-25T16:00:00Z,BNBUSDT,0.0001
2026-05-26T00:00:00Z,BNBUSDT,0.0001
2026-05-26T08:00:00Z,BNBUSDT,-0.00005025
2026-05-26T16:00:00Z,BNBUSDT,0.0000365
2026-05-27T00:00:00Z,BNBUSDT,-0.00005805
2026-05-27T08:00:00Z,BNBUSDT,-0.00000618
2026-05-27T16:00:00Z,BNBUSDT,0.00000771
2026-05-28T00:00:00Z,BNBUSDT,0.00006171
2026-05-28T08:00:00Z,BNBUSDT,-0.00025759
2026-05-28T16:00:00Z,BNBUSDT,-0.00002129
2026-05-29T00:00:00Z,BNBUSDT,0.0001
2026-05-29T08:00:00Z,BNBUSDT,0.0000826
2026-05-29T16:00:00Z,BNBUSDT,0.00001513
2026-05-30T00:00:00Z,BNBUSDT,0.0001
2026-05-30T08:00:00Z,BNBUSDT,0.0001
2026-05-30T16:00:00Z,BNBUSDT,0.0001
2026-05-31T00:00:00Z,BNBUSDT,0.0001
2026-05-31T08:00:00Z,BNBUSDT,0.0001
2026-05-31T16:00:00Z,BNBUSDT,0.0001
2026-06-01T00:00:00Z,BNBUSDT,0.0001
2026-06-01T08:00:00Z,BNBUSDT,0.0001
2026-06-01T16:00:00Z,BNBUSDT,0.00007923
2026-06-02T00:00:00Z,BNBUSDT,0.00004519
2026-06-02T08:00:00Z,BNBUSDT,0.0000249
2026-06-02T16:00:00Z,BNBUSDT,0.0001
2026-06-03T00:00:00Z,BNBUSDT,-0.00013637
2026-06-03T08:00:00Z,BNBUSDT,-0.00005944
2026-06-03T16:00:00Z,BNBUSDT,-0.00000531
2026-06-04T00:00:00Z,BNBUSDT,-0.00004653
2026-06-04T08:00:00Z,BNBUSDT,0.00007529
2026-06-04T16:00:00Z,BNBUSDT,-0.00007186
2026-06-05T00:00:00Z,BNBUSDT,-0.00009728
2026-06-05T08:00:00Z,BNBUSDT,-0.00005014
2026-06-05T16:00:00Z,BNBUSDT,0.00009708
2026-06-06T00:00:00Z,BNBUSDT,0.0001
2026-06-06T08:00:00Z,BNBUSDT,0.00009431
2026-06-06T16:00:00Z,BNBUSDT,-0.00004718
2026-06-07T00:00:00Z,BNBUSDT,-0.00000542
2026-06-07T08:00:00Z,BNBUSDT,0.00008927
2026-06-07T16:00:00Z,BNBUSDT,0.00005288
2026-06-08T00:00:00Z,BNBUSDT,0.0001
2026-06-08T08:00:00Z,BNBUSDT,-0.00003026
2026-06-08T16:00:00Z,BNBUSDT,0.00008874
2026-06-09T00:00:00Z,BNBUSDT,0.0001
2026-06-09T08:00:00Z,BNBUSDT,0.000001
2026-06-09T16:00:00Z,BNBUSDT,0.00002272
2026-06-10T00:00:00Z,BNBUSDT,0.0001
2026-06-10T08:00:00Z,BNBUSDT,-0.00001327
2026-06-10T16:00:00Z,BNBUSDT,0.00001413
2026-06-11T00:00:00Z,BNBUSDT,-0.00002078
2026-06-11T08:00:00Z,BNBUSDT,0.0001
2026-06-11T16:00:00Z,BNBUSDT,0.0001
2026-06-12T00:00:00Z,BNBUSDT,0.0001
2026-06-12T08:00:00Z,BNBUSDT,0.00008053
2026-06-12T16:00:00Z,BNBUSDT,0.0001
2026-06-13T00:00:00Z,BNBUSDT,0.00001809
2026-06-13T08:00:00Z,BNBUSDT,-0.00007672
2026-06-13T16:00:00Z,BNBUSDT,0.00009273
2026-06-14T00:00:00Z,BNBUSDT,-0.00008468
2026-06-14T08:00:00Z,BNBUSDT,-0.00010465
2026-06-14T16:00:00Z,BNBUSDT,-0.00006461
2026-06-15T00:00:00Z,BNBUSDT,0.00009793
2026-06-15T08:00:00Z,BNBUSDT,-0.00006402
2026-06-15T16:00:00Z,BNBUSDT,0.00000076
2026-06-16T00:00:00Z,BNBUSDT,-0.0001196
2026-06-16T08:00:00Z,BNBUSDT,-0.00010268
2026-06-16T16:00:00Z,BNBUSDT,-0.00008124
2026-06-17T00:00:00Z,BNBUSDT,0.0001
2026-06-17T08:00:00Z,BNBUSDT,0.0001
2026-06-17T16:00:00Z,BNBUSDT,0.0001
2026-06-18T00:00:00Z,BNBUSDT,0.00005261
2026-06-18T08:00:00Z,BNBUSDT,-0.00009744
2026-06-18T16:00:00Z,BNBUSDT,-0.00013199
2026-06-19T00:00:00Z,BNBUSDT,0.0001
2026-06-19T08:00:00Z,BNBUSDT,0.00006599
2026-06-19T16:00:00Z,BNBUSDT,-0.00008139
2026-06-20T00:00:00Z,BNBUSDT,-0.00001322
2026-06-20T08:00:00Z,BNBUSDT,0.0001
2026-06-20T16:00:00Z,BNBUSDT,0.0001
2026-06-21T00:00:00Z,BNBUSDT,0.0001
2026-06-21T08:00:00Z,BNBUSDT,0.0001
2026-06-21T16:00:00Z,BNBUSDT,0.0001
2026-06-22T00:00:00Z,BNBUSDT,0.0001
2026-06-22T08:00:00Z,BNBUSDT,0.00005574
2026-06-22T16:00:00Z,BNBUSDT,0.0001
2026-06-23T00:00:00Z,BNBUSDT,-0.00008351
2026-06-23T08:00:00Z,BNBUSDT,-0.00012502
2026-06-23T16:00:00Z,BNBUSDT,-0.00024579
2026-06-24T00:00:00Z,BNBUSDT,-0.00009149
2026-06-24T08:00:00Z,BNBUSDT,0.0001
2026-06-24T16:00:00Z,BNBUSDT,-0.00003568
2026-06-25T00:00:00Z,BNBUSDT,-0.00005634
2026-06-25T08:00:00Z,BNBUSDT,0.00006773
2026-06-25T16:00:00Z,BNBUSDT,0.00006731
2026-06-26T00:00:00Z,BNBUSDT,0.0001
2026-06-26T08:00:00Z,BNBUSDT,0.0001
2026-06-26T16:00:00Z,BNBUSDT,0.0001
2026-06-27T00:00:00Z,BNBUSDT,0.0001
2026-06-27T08:00:00Z,BNBUSDT,0.0001
2026-06-27T16:00:00Z,BNBUSDT,0.00005178
2026-06-28T00:00:00Z,BNBUSDT,-0.00005322
2026-06-28T08:00:00Z,BNBUSDT,-0.00009193
2026-06-28T16:00:00Z,BNBUSDT,-0.00011986
2026-06-29T00:00:00Z,BNBUSDT,0.00006911
2026-06-29T08:00:00Z,BNBUSDT,0.0001
2026-06-29T16:00:00Z,BNBUSDT,0.0000928
2026-06-30T00:00:00Z,BNBUSDT,0.0001
2026-06-30T08:00:00Z,BNBUSDT,0.0001
2026-06-30T16:00:00Z,BNBUSDT,-0.00006483
2026-07-01T00:00:00Z,BNBUSDT,0.0001
2026-07-01T08:00:00Z,BNBUSDT,0.0001
2026-07-01T16:00:00Z,BNBUSDT,0.00009919
2026-07-02T00:00:00Z,BNBUSDT,0.0001
2026-07-02T08:00:00Z,BNBUSDT,-0.00004132
2026-07-02T16:00:00Z,BNBUSDT,0.00004958
2026-07-03T00:00:00Z,BNBUSDT,-0.00004336
2026-07-03T08:00:00Z,BNBUSDT,-0.00004059
2026-07-03T16:00:00Z,BNBUSDT,0.0001
2026-07-04T00:00:00Z,BNBUSDT,0.0001
2026-07-04T08:00:00Z,BNBUSDT,0.00007549
2026-07-04T16:00:00Z,BNBUSDT,-0.0001042
2026-07-05T00:00:00Z,BNBUSDT,0.00004137
2026-07-05T08:00:00Z,BNBUSDT,0.00009469
2026-07-05T16:00:00Z,BNBUSDT,0.0001
2026-07-06T00:00:00Z,BNBUSDT,0.0001
2026-07-06T08:00:00Z,BNBUSDT,0.00003522
2026-07-06T16:00:00Z,BNBUSDT,0.00002798
2026-07-07T00:00:00Z,BNBUSDT,0.0001
2026-07-07T08:00:00Z,BNBUSDT,0.0001
2026-07-07T16:00:00Z,BNBUSDT,-0.00003212
2026-07-08T00:00:00Z,BNBUSDT,-0.00000259
2026-07-08T08:00:00Z,BNBUSDT,-0.00014124
2026-07-08T16:00:00Z,BNBUSDT,-0.00000961
2026-07-09T00:00:00Z,BNBUSDT,0.0001
2026-07-09T08:00:00Z,BNBUSDT,0.0001
2026-07-09T16:00:00Z,BNBUSDT,-0.00000409
2026-07-10T00:00:00Z,BNBUSDT,-0.00012432
2026-07-10T08:00:00Z,BNBUSDT,0.00009189
2026-07-10T16:00:00Z,BNBUSDT,-0.0000424
2026-07-11T00:00:00Z,BNBUSDT,0.00002229
2026-07-11T08:00:00Z,BNBUSDT,0.00005285
2026-07-11T16:00:00Z,BNBUSDT,0.0001
2026-07-12T00:00:00Z,BNBUSDT,0.00006336
2026-07-12T08:00:00Z,BNBUSDT,-0.00022586
2026-07-12T16:00:00Z,BNBUSDT,0.0001
2026-07-13T00:00:00Z,BNBUSDT,0.00000342
2026-07-13T08:00:00Z,BNBUSDT,-0.00007586
2026-07-13T16:00:00Z,BNBUSDT,0.0001
2026-07-14T00:00:00Z,BNBUSDT,0.00002821
2026-07-14T08:00:00Z,BNBUSDT,0.0001
2026-07-14T16:00:00Z,BNBUSDT,0.0001
2026-07-15T00:00:00Z,BNBUSDT,0.0001
2026-07-15T08:00:00Z,BNBUSDT,0.0001
2026-07-15T16:00:00Z,BNBUSDT,0.00007672
2026-07-16T00:00:00Z,BNBUSDT,0.0001
2026-07-16T08:00:00Z,BNBUSDT,0.0001
2026-07-16T16:00:00Z,BNBUSDT,0.0001
2026-07-17T00:00:00Z,BNBUSDT,0.00003956
2026-07-17T08:00:00Z,BNBUSDT,-0.00004376
2026-07-17T16:00:00Z,BNBUSDT,-0.00005345
2026-07-18T00:00:00Z,BNBUSDT,0.00009821
2026-07-18T08:00:00Z,BNBUSDT,0.00001371
2026-07-18T16:00:00Z,BNBUSDT,0.00000322
2026-07-19T00:00:00Z,BNBUSDT,0.000019
2026-07-19T08:00:00Z,BNBUSDT,0.00001112
2026-07-19T16:00:00Z,BNBUSDT,0.00002447
2026-07-20T00:00:00Z,BNBUSDT,0.0000637
2026-07-20T08:00:00Z,BNBUSDT,0.00000409
2026-07-20T16:00:00Z,BNBUSDT,0.0001
2026-07-21T00:00:00Z,BNBUSDT,0.0001
2026-07-21T08:00:00Z,BNBUSDT,0.00008413
2026-07-21T16:00:00Z,BNBUSDT,0.0001
2026-07-22T00:00:00Z,BNBUSDT,0.00003379
2026-07-22T08:00:00Z,BNBUSDT,-0.00009498
2026-07-22T16:00:00Z,BNBUSDT,0.0001
2026-07-23T00:00:00Z,BNBUSDT,-0.00003826
2026-07-23T08:00:00Z,BNBUSDT,0.00006031
2026-07-23T16:00:00Z,BNBUSDT,0.00004284
2026-07-24T00:00:00Z,BNBUSDT,0.00005469
2026-07-24T08:00:00Z,BNBUSDT,0.0000353
2026-07-24T16:00:00Z,BNBUSDT,-0.00005727
2026-07-25T00:00:00Z,BNBUSDT,0.00000061
2026-07-25T08:00:00Z,BNBUSDT,-0.0001257
2026-07-25T16:00:00Z,BNBUSDT,0.0001
2026-07-26T00:00:00Z,BNBUSDT,0.0001
2026-07-26T08:00:00Z,BNBUSDT,0.0001
2026-07-26T16:00:00Z,BNBUSDT,0.0001
2026-07-27T00:00:00Z,BNBUSDT,0.0001
2026-07-27T08:00:00Z,BNBUSDT,0.0001
2026-07-27T16:00:00Z,BNBUSDT,0.00001489
2026-07-28T00:00:00Z,BNBUSDT,0.0001
2026-07-28T08:00:00Z,BNBUSDT,-0.00011769
2026-07-28T16:00:00Z,BNBUSDT,0.0001
2026-07-29T00:00:00Z,BNBUSDT,0.0001
2026-07-29T08:00:00Z,BNBUSDT,0.0001
2026-07-29T16:00:00Z,BNBUSDT,0.00002576
2026-07-30T00:00:00Z,BNBUSDT,0.0001
2026-07-30T08:00:00Z,BNBUSDT,0.0001
2026-07-30T16:00:00Z,BNBUSDT,0.0001
2026-07-31T00:00:00Z,BNBUSDT,0.0001
2026-07-31T08:00:00Z,BNBUSDT,0.0001
2026-07-31T16:00:00Z,BNBUSDT,0.0000793
2026-08-01T00:00:00Z,BNBUSDT,-0.00002146
2026-08-01T08:00:00Z,BNBUSDT,0.00004039
2026-08-01T16:00:00Z,BNBUSDT,-0.00025631
2026-08-02T00:00:00Z,BNBUSDT,0.00005745
2026-08-02T08:00:00Z,BNBUSDT,0.00001105
2026-08-02T16:00:00Z,BNBUSDT,0.0001
2026-08-03T00:00:00Z,BNBUSDT,0.0001
2026-08-03T08:00:00Z,BNBUSDT,0.00003161
2026-08-03T16:00:00Z,BNBUSDT,0.0001
2026-08-04T00:00:00Z,BNBUSDT,0.0001
2026-08-04T08:00:00Z,BNBUSDT,0.0001
2026-08-04T16:00:00Z,BNBUSDT,0.0001
2026-08-05T00:00:00Z,BNBUSDT,0.0001
2026-08-05T08:00:00Z,BNBUSDT,0.0001
2026-08-05T16:00:00Z,BNBUSDT,0.0001
2026-08-06T00:00:00Z,BNBUSDT,-0.00011161
2026-08-06T08:00:00Z,BNBUSDT,-0.00006277
2026-08-06T16:00:00Z,BNBUSDT,-0.00010437
2026-08-07T00:00:00Z,BNBUSDT,0.00005125
2026-08-07T08:00:00Z,BNBUSDT,0.00002285
2026-08-07T16:00:00Z,BNBUSDT,0.00007964
2026-08-08T00:00:00Z,BNBUSDT,0.00003788
2026-08-08T08:00:00Z,BNBUSDT,0.00008807
2026-08-08T16:00:00Z,BNBUSDT,0.0001
2026-08-09T00:00:00Z,BNBUSDT,0.0001
2026-08-09T08:00:00Z,BNBUSDT,0.00009808
2026-08-09T16:00:00Z,BNBUSDT,0.0001
2026-08-10T00:00:00Z,BNBUSDT,0.0001
2026-08-10T08:00:00Z,BNBUSDT,0.00008306
2026-08-10T16:00:00Z,BNBUSDT,0.00004687
2026-08-11T00:00:00Z,BNBUSDT,0.00003246
2026-08-11T08:00:00Z,BNBUSDT,-0.00008289
2026-08-11T16:00:00Z,BNBUSDT,0.0001
2026-08-12T00:00:00Z,BNBUSDT,0.0001
2026-08-12T08:00:00Z,BNBUSDT,0.0001
2026-08-12T16:00:00Z,BNBUSDT,0.00004685
2026-08-13T00:00:00Z,BNBUSDT,-0.0001477
2026-08-13T08:00:00Z,BNBUSDT,0.00004327
2026-08-13T16:00:00Z,BNBUSDT,-0.00008442
2026-08-14T00:00:00Z,BNBUSDT,0.00009271
2026-08-14T08:00:00Z,BNBUSDT,0.0000035
2026-08-14T16:00:00Z,BNBUSDT,-0.00004166
2026-08-15T00:00:00Z,BNBUSDT,0.0001
2026-08-15T08:00:00Z,BNBUSDT,0.0001
2026-08-15T16:00:00Z,BNBUSDT,0.0001
2026-08-16T00:00:00Z,BNBUSDT,0.00002249
2026-08-16T08:00:00Z,BNBUSDT,-0.0000126
2026-08-16T16:00:00Z,BNBUSDT,0.00006915
2026-08-17T00:00:00Z,BNBUSDT,-0.00002986
2026-08-17T08:00:00Z,BNBUSDT,-0.00013172
2026-08-17T16:00:00Z,BNBUSDT,0.00000031
2026-08-18T00:00:00Z,BNBUSDT,-0.00000448
2026-08-18T08:00:00Z,BNBUSDT,0.0000079
2026-08-18T16:00:00Z,BNBUSDT,-0.00006625
2026-08-19T00:00:00Z,BNBUSDT,0.0001
2026-08-19T08:00:00Z,BNBUSDT,0.0001
2026-08-19T16:00:00Z,BNBUSDT,0.0001
2026-08-20T00:00:00Z,BNBUSDT,0.0001
2026-08-20T08:00:00Z,BNBUSDT,0.00009398
2026-08-20T16:00:00Z,BNBUSDT,0.00003685
2026-08-21T00:00:00Z,BNBUSDT,0.0001
2026-08-21T08:00:00Z,BNBUSDT,0.00009364
2026-08-21T16:00:00Z,BNBUSDT,0.0001
2026-08-22T00:00:00Z,BNBUSDT,0.0001
2026-08-22T08:00:00Z,BNBUSDT,0.0001
2026-08-22T16:00:00Z,BNBUSDT,0.0001
2026-08-23T00:00:00Z,BNBUSDT,0.0001
2026-08-23T08:00:00Z,BNBUSDT,0.0001
2026-08-23T16:00:00Z,BNBUSDT,0.0001
2026-08-24T00:00:00Z,BNBUSDT,0.0001
2026-08-24T08:00:00Z,BNBUSDT,0.0001
2026-08-24T16:00:00Z,BNBUSDT,0.0001
2026-08-25T00:00:00Z,BNBUSDT,0.00008086
2026-08-25T08:00:00Z,BNBUSDT,0.0001
2026-08-25T16:00:00Z,BNBUSDT,0.00002063
2026-08-26T00:00:00Z,BNBUSDT,0.0001
2026-08-26T08:00:00Z,BNBUSDT,0.00005319
2026-08-26T16:00:00Z,BNBUSDT,0.0001
2026-08-27T00:00:00Z,BNBUSDT,0.0001
2026-08-27T08:00:00Z,BNBUSDT,0.0001
2026-08-27T16:00:00Z,BNBUSDT,0.0001
2026-08-28T00:00:00Z,BNBUSDT,0.0001
2026-08-28T08:00:00Z,BNBUSDT,0.0001
2026-08-28T16:00:00Z,BNBUSDT,-0.0000163
2026-08-29T00:00:00Z,BNBUSDT,0.00004752
2026-08-29T08:00:00Z,BNBUSDT,-0.0001186
2026-08-29T16:00:00Z,BNBUSDT,-0.00000164
2026-08-30T00:00:00Z,BNBUSDT,-0.00001742
2026-08-30T08:00:00Z,BNBUSDT,0.0001
2026-08-30T16:00:00Z,BNBUSDT,0.00009668
2026-08-31T00:00:00Z,BNBUSDT,-0.00009372
2026-08-31T08:00:00Z,BNBUSDT,-0.00000544
2026-08-31T16:00:00Z,BNBUSDT,-0.00001666
2026-09-01T00:00:00Z,BNBUSDT,0.00005923
2026-09-01T08:00:00Z,BNBUSDT,0.00006748
2026-09-01T16:00:00Z,BNBUSDT,-0.00004772
2026-09-02T00:00:00Z,BNBUSDT,0.00008477
2026-09-02T08:00:00Z,BNBUSDT,0.00009388
2026-09-02T16:00:00Z,BNBUSDT,0.0001
2026-09-03T00:00:00Z,BNBUSDT,0.0001
2026-09-03T08:00:00Z,BNBUSDT,0.0001
2026-09-03T16:00:00Z,BNBUSDT,0.0001
2026-09-04T00:00:00Z,BNBUSDT,0.0001
2026-09-04T08:00:00Z,BNBUSDT,0.0001
2026-09-04T16:00:00Z,BNBUSDT,0.0001
2026-09-05T00:00:00Z,BNBUSDT,0.0001
2026-09-05T08:00:00Z,BNBUSDT,0.0001
2026-09-05T16:00:00Z,BNBUSDT,0.0001
2026-09-06T00:00:00Z,BNBUSDT,0.0001
2026-09-06T08:00:00Z,BNBUSDT,0.0001
2026-09-06T16:00:00Z,BNBUSDT,-0.00003531
2026-09-07T00:00:00Z,BNBUSDT,-0.00004296
2026-09-07T08:00:00Z,BNBUSDT,-0.00007398
2026-09-07T16:00:00Z,BNBUSDT,0.00002694
2026-09-08T00:00:00Z,BNBUSDT,0.00009447
2026-09-08T08:00:00Z,BNBUSDT,0.0001
2026-09-08T16:00:00Z,BNBUSDT,0.00005578
2026-09-09T00:00:00Z,BNBUSDT,0.00006023
2026-09-09T08:00:00Z,BNBUSDT,0.0001
2026-09-09T16:00:00Z,BNBUSDT,-0.00008279
2026-09-10T00:00:00Z,BNBUSDT,-0.00023501
2026-09-10T08:00:00Z,BNBUSDT,-0.00006019
2026-09-10T16:00:00Z,BNBUSDT,0.00000979
2026-09-11T00:00:00Z,BNBUSDT,0.00009468
2026-09-11T08:00:00Z,BNBUSDT,-0.000015
2026-09-11T16:00:00Z,BNBUSDT,0.00000795
2026-09-12T00:00:00Z,BNBUSDT,-0.00000863
2026-09-12T08:00:00Z,BNBUSDT,0.00009046
2026-09-12T16:00:00Z,BNBUSDT,0.0001
2026-09-13T00:00:00Z,BNBUSDT,0.00006303
2026-09-13T08:00:00Z,BNBUSDT,0.00003805
2026-09-13T16:00:00Z,BNBUSDT,0.0001
2026-09-14T00:00:00Z,BNBUSDT,-0.00000915
2026-09-14T08:00:00Z,BNBUSDT,0.0001
2026-09-14T16:00:00Z,BNBUSDT,0.00000947
2026-09-15T00:00:00Z,BNBUSDT,0.00007747
2026-09-15T08:00:00Z,BNBUSDT,-0.00002772
2026-09-15T16:00:00Z,BNBUSDT,0.0001
2026-09-16T00:00:00Z,BNBUSDT,-0.00002231
2026-09-16T08:00:00Z,BNBUSDT,-0.00003107
2026-09-16T16:00:00Z,BNBUSDT,-0.00005851
2026-09-17T00:00:00Z,BNBUSDT,0.00009597
2026-09-17T08:00:00Z,BNBUSDT,0.0001
2026-09-17T16:00:00Z,BNBUSDT,-0.00000565
2026-09-18T00:00:00Z,BNBUSDT,0.0001
2026-09-18T08:00:00Z,BNBUSDT,0.0001
2026-09-18T16:00:00Z,BNBUSDT,0.00009867
2026-09-19T00:00:00Z,BNBUSDT,0.00007715
2026-09-19T08:00:00Z,BNBUSDT,-0.00000569
2026-09-19T16:00:00Z,BNBUSDT,0.0001
2026-09-20T00:00:00Z,BNBUSDT,0.00002773
2026-09-20T08:00:00Z,BNBUSDT,-0.00002178
2026-09-20T16:00:00Z,BNBUSDT,0.00002334
2026-09-21T00:00:00Z,BNBUSDT,0.0001
2026-09-21T08:00:00Z,BNBUSDT,0.0001
2026-09-21T16:00:00Z,BNBUSDT,0.00007157
2026-09-22T00:00:00Z,BNBUSDT,0.00004006
2026-09-22T08:00:00Z,BNBUSDT,0.0001
2026-09-22T16:00:00Z,BNBUSDT,-0.00004229
2026-09-23T00:00:00Z,BNBUSDT,0.00005598
2026-09-23T08:00:00Z,BNBUSDT,0.00001403
2026-09-23T16:00:00Z,BNBUSDT,-0.00004414
2026-09-24T00:00:00Z,BNBUSDT,-0.00002815
2026-09-24T08:00:00Z,BNBUSDT,0.00004418
2026-09-24T16:00:00Z,BNBUSDT,0.00001035
2026-09-25T00:00:00Z,BNBUSDT,-0.00008085
2026-09-25T08:00:00Z,BNBUSDT,0.00005137
2026-09-25T16:00:00Z,BNBUSDT,-0.00013452
2026-09-26T00:00:00Z,BNBUSDT,0.00003944
2026-09-26T08:00:00Z,BNBUSDT,-0.00005184
2026-09-26T16:00:00Z,BNBUSDT,0.00007357
2026-09-27T00:00:00Z,BNBUSDT,-0.00001964
2026-09-27T08:00:00Z,BNBUSDT,-0.00001627
2026-09-27T16:00:00Z,BNBUSDT,0.0000315
2026-09-28T00:00:00Z,BNBUSDT,0.00004318
2026-09-28T08:00:00Z,BNBUSDT,-0.00007686
2026-09-28T16:00:00Z,BNBUSDT,-0.0001129
2026-09-29T00:00:00Z,BNBUSDT,-0.00005389
2026-09-29T08:00:00Z,BNBUSDT,0.00001888
2026-09-29T16:00:00Z,BNBUSDT,0.00000178
2026-09-30T00:00:00Z,BNBUSDT,0.00004443
2026-09-30T08:00:00Z,BNBUSDT,0.0001
2026-09-30T16:00:00Z,BNBUSDT,0.0001
2026-10-01T00:00:00Z,BNBUSDT,-0.00000645
2026-10-01T08:00:00Z,BNBUSDT,-0.00011993
2026-10-01T16:00:00Z,BNBUSDT,-0.00004039
2026-10-02T00:00:00Z,BNBUSDT,-0.00003448
2026-10-02T08:00:00Z,BNBUSDT,-0.00000717
2026-10-02T16:00:00Z,BNBUSDT,-0.00008745
2026-10-03T00:00:00Z,BNBUSDT,-0.00010385
2026-10-03T08:00:00Z,BNBUSDT,-0.00011967
2026-10-03T16:00:00Z,BNBUSDT,0.0001
2026-10-04T00:00:00Z,BNBUSDT,0.00009332
2026-10-04T08:00:00Z,BNBUSDT,0.0001
2026-10-04T16:00:00Z,BNBUSDT,0.00001832
2026-10-05T00:00:00Z,BNBUSDT,0.0001
2026-10-05T08:00:00Z,BNBUSDT,-0.00000299
2026-10-05T16:00:00Z,BNBUSDT,0.0000954
2026-10-06T00:00:00Z,BNBUSDT,-0.00001566
2026-10-06T08:00:00Z,BNBUSDT,-0.00003572
2026-10-06T16:00:00Z,BNBUSDT,0.0001
2026-10-07T00:00:00Z,BNBUSDT,-0.0000225
2026-10-07T08:00:00Z,BNBUSDT,-0.0001556
2026-10-07T16:00:00Z,BNBUSDT,-0.00001798
2026-10-08T00:00:00Z,BNBUSDT,-0.0000411
2026-10-08T08:00:00Z,BNBUSDT,0.0001
2026-10-08T16:00:00Z,BNBUSDT,-0.00002696
2026-10-09T00:00:00Z,BNBUSDT,-0.00032587
