timestamp,symbol,funding_rate
2023-10-09T00:00:00Z,BTCUSDT,-0.00002543
2023-10-09T08:00:00Z,BTCUSDT,-0.00001491
2023-10-09T16:00:00Z,BTCUSDT,-0.00001275
2023-10-10T00:00:00Z,BTCUSDT,0.00009735
2023-10-10T08:00:00Z,BTCUSDT,0.00002403
2023-10-10T16:00:00Z,BTCUSDT,0.00003746
2023-10-11T00:00:00Z,BTCUSDT,0.00008565
2023-10-11T08:00:00Z,BTCUSDT,0.00007159
2023-10-11T16:00:00Z,BTCUSDT,0.0001
2023-10-12T00:00:00Z,BTCUSDT,0.0001
2023-10-12T08:00:00Z,BTCUSDT,0.00009346
2023-10-12T16:00:00Z,BTCUSDT,0.0001
2023-10-13T00:00:00Z,BTCUSDT,0.0001
2023-10-13T08:00:00Z,BTCUSDT,0.00008044
2023-10-13T16:00:00Z,BTCUSDT,0.0001
2023-10-14T00:00:00Z,BTCUSDT,0.0001
2023-10-14T08:00:00Z,BTCUSDT,0.00009749
2023-10-14T16:00:00Z,BTCUSDT,0.0001
2023-10-15T00:00:00Z,BTCUSDT,0.00005329
2023-10-15T08:00:00Z,BTCUSDT,0.00006929
2023-10-15T16:00:00Z,BTCUSDT,0.00008953
2023-10-16T00:00:00Z,BTCUSDT,0.00001139
2023-10-16T08:00:00Z,BTCUSDT,-0.00002151
2023-10-16T16:00:00Z,BTCUSDT,0.00005177
2023-10-17T00:00:00Z,BTCUSDT,0.0000547
2023-10-17T08:00:00Z,BTCUSDT,0.00005961
2023-10-17T16:00:00Z,BTCUSDT,0.000051
2023-10-18T00:00:00Z,BTCUSDT,-0.00001695
2023-10-18T08:00:00Z,BTCUSDT,0.00005001
2023-10-18T16:00:00Z,BTCUSDT,0.00002251
2023-10-19T00:00:00Z,BTCUSDT,0.00004369
2023-10-19T08:00:00Z,BTCUSDT,-0.00000273
2023-10-19T16:00:00Z,BTCUSDT,0.00001257
2023-10-20T00:00:00Z,BTCUSDT,-0.00001658
2023-10-20T08:00:00Z,BTCUSDT,0.00005458
2023-10-20T16:00:00Z,BTCUSDT,0.00008577
2023-10-21T00:00:00Z,BTCUSDT,0.0001
2023-10-21T08:00:00Z,BTCUSDT,0.0001
2023-10-21T16:00:00Z,BTCUSDT,0.00000299
2023-10-22T00:00:00Z,BTCUSDT,0.00000398
2023-10-22T08:00:00Z,BTCUSDT,0.00001297
2023-10-22T16:00:00Z,BTCUSDT,0.00005399
2023-10-23T00:00:00Z,BTCUSDT,0.00005084
2023-10-23T08:00:00Z,BTCUSDT,0.0001
2023-10-23T16:00:00Z,BTCUSDT,0.0001
2023-10-24T00:00:00Z,BTCUSDT,0.0001
2023-10-24T08:00:00Z,BTCUSDT,0.0001
2023-10-24T16:00:00Z,BTCUSDT,0.0001
2023-10-25T00:00:00Z,BTCUSDT,0.0001
2023-10-25T08:00:00Z,BTCUSDT,0.0001
2023-10-25T16:00:00Z,BTCUSDT,0.0001
2023-10-26T00:00:00Z,BTCUSDT,0.0001
2023-10-26T08:00:00Z,BTCUSDT,0.0001
2023-10-26T16:00:00Z,BTCUSDT,0.0001
2023-10-27T00:00:00Z,BTCUSDT,0.0001
2023-10-27T08:00:00Z,BTCUSDT,0.0001
2023-10-27T16:00:00Z,BTCUSDT,0.0001
2023-10-28T00:00:00Z,BTCUSDT,0.0001
2023-10-28T08:00:00Z,BTCUSDT,0.00017876
2023-10-28T16:00:00Z,BTCUSDT,0.0001
2023-10-29T00:00:00Z,BTCUSDT,0.0001
2023-10-29T08:00:00Z,BTCUSDT,0.0001
2023-10-29T16:00:00Z,BTCUSDT,0.0001
2023-10-30T00:00:00Z,BTCUSDT,0.0001
2023-10-30T08:00:00Z,BTCUSDT,0.0001
2023-10-30T16:00:00Z,BTCUSDT,0.0001
2023-10-31T00:00:00Z,BTCUSDT,0.0001
2023-10-31T08:00:00Z,BTCUSDT,0.0001
2023-10-31T16:00:00Z,BTCUSDT,0.00010516
2023-11-01T00:00:00Z,BTCUSDT,0.0001
2023-11-01T08:00:00Z,BTCUSDT,0.0001193
2023-11-01T16:00:00Z,BTCUSDT,0.0001
2023-11-02T00:00:00Z,BTCUSDT,0.00014309
2023-11-02T08:00:00Z,BTCUSDT,0.00018541
2023-11-02T16:00:00Z,BTCUSDT,0.00011649
2023-11-03T00:00:00Z,BTCUSDT,0.0001
2023-11-03T08:00:00Z,BTCUSDT,0.0001
2023-11-03T16:00:00Z,BTCUSDT,0.0001
2023-11-04T00:00:00Z,BTCUSDT,0.0001
2023-11-04T08:00:00Z,BTCUSDT,0.0001
2023-11-04T16:00:00Z,BTCUSDT,0.0001
2023-11-05T00:00:00Z,BTCUSDT,0.0001
2023-11-05T08:00:00Z,BTCUSDT,0.0001
2023-11-05T16:00:00Z,BTCUSDT,0.0001
2023-11-06T00:00:00Z,BTCUSDT,0.00012243
2023-11-06T08:00:00Z,BTCUSDT,0.0001
2023-11-06T16:00:00Z,BTCUSDT,0.00026302
2023-11-07T00:00:00Z,BTCUSDT,0.0001
2023-11-07T08:00:00Z,BTCUSDT,0.0001
2023-11-07T16:00:00Z,BTCUSDT,0.00010434
2023-11-08T00:00:00Z,BTCUSDT,0.00011888
2023-11-08T08:00:00Z,BTCUSDT,0.00025842
2023-11-08T16:00:00Z,BTCUSDT,0.000157
2023-11-09T00:00:00Z,BTCUSDT,0.00013904
2023-11-09T08:00:00Z,BTCUSDT,0.0002041
2023-11-09T16:00:00Z,BTCUSDT,0.0004003
2023-11-10T00:00:00Z,BTCUSDT,0.00018027
2023-11-10T08:00:00Z,BTCUSDT,0.00045315
2023-11-10T16:00:00Z,BTCUSDT,0.0002972
2023-11-11T00:00:00Z,BTCUSDT,0.0002613
2023-11-11T08:00:00Z,BTCUSDT,0.00023984
2023-11-11T16:00:00Z,BTCUSDT,0.00025548
2023-11-12T00:00:00Z,BTCUSDT,0.00019689
2023-11-12T08:00:00Z,BTCUSDT,0.00020745
2023-11-12T16:00:00Z,BTCUSDT,0.0002686
2023-11-13T00:00:00Z,BTCUSDT,0.00031492
2023-11-13T08:00:00Z,BTCUSDT,0.00032407
2023-11-13T16:00:00Z,BTCUSDT,0.00037847
2023-11-14T00:00:00Z,BTCUSDT,0.00014184
2023-11-14T08:00:00Z,BTCUSDT,0.00017047
2023-11-14T16:00:00Z,BTCUSDT,0.00011821
2023-11-15T00:00:00Z,BTCUSDT,0.0001
2023-11-15T08:00:00Z,BTCUSDT,0.0001
2023-11-15T16:00:00Z,BTCUSDT,0.0001
2023-11-16T00:00:00Z,BTCUSDT,0.0001
2023-11-16T08:00:00Z,BTCUSDT,0.00020167
2023-11-16T16:00:00Z,BTCUSDT,0.00014161
2023-11-17T00:00:00Z,BTCUSDT,0.0001
2023-11-17T08:00:00Z,BTCUSDT,0.0001
2023-11-17T16:00:00Z,BTCUSDT,0.0001
2023-11-18T00:00:00Z,BTCUSDT,0.0001
2023-11-18T08:00:00Z,BTCUSDT,0.0001
2023-11-18T16:00:00Z,BTCUSDT,0.0001
2023-11-19T00:00:00Z,BTCUSDT,0.0001
2023-11-19T08:00:00Z,BTCUSDT,0.0001
2023-11-19T16:00:00Z,BTCUSDT,0.0001
2023-11-20T00:00:00Z,BTCUSDT,0.0001
2023-11-20T08:00:00Z,BTCUSDT,0.0001
2023-11-20T16:00:00Z,BTCUSDT,0.00015534
2023-11-21T00:00:00Z,BTCUSDT,0.0001
2023-11-21T08:00:00Z,BTCUSDT,0.0001
2023-11-21T16:00:00Z,BTCUSDT,0.0001
2023-11-22T00:00:00Z,BTCUSDT,0.0001
2023-11-22T08:00:00Z,BTCUSDT,0.0001
2023-11-22T16:00:00Z,BTCUSDT,0.0001
2023-11-23T00:00:00Z,BTCUSDT,0.0001
2023-11-23T08:00:00Z,BTCUSDT,0.0001
2023-11-23T16:00:00Z,BTCUSDT,0.0001
2023-11-24T00:00:00Z,BTCUSDT,0.0001
2023-11-24T08:00:00Z,BTCUSDT,0.0001
2023-11-24T16:00:00Z,BTCUSDT,0.0001
2023-11-25T00:00:00Z,BTCUSDT,0.0001
2023-11-25T08:00:00Z,BTCUSDT,0.0001
2023-11-25T16:00:00Z,BTCUSDT,0.0001
2023-11-26T00:00:00Z,BTCUSDT,0.0001
2023-11-26T08:00:00Z,BTCUSDT,0.0001
2023-11-26T16:00:00Z,BTCUSDT,0.0001
2023-11-27T00:00:00Z,BTCUSDT,0.0001
2023-11-27T08:00:00Z,BTCUSDT,0.0001
2023-11-27T16:00:00Z,BTCUSDT,0.0001
2023-11-28T00:00:00Z,BTCUSDT,0.0001
2023-11-28T08:00:00Z,BTCUSDT,0.0001
2023-11-28T16:00:00Z,BTCUSDT,0.0001
2023-11-29T00:00:00Z,BTCUSDT,0.0001
2023-11-29T08:00:00Z,BTCUSDT,0.0001
2023-11-29T16:00:00Z,BTCUSDT,0.0001
2023-11-30T00:00:00Z,BTCUSDT,0.0001
2023-11-30T08:00:00Z,BTCUSDT,0.0001
2023-11-30T16:00:00Z,BTCUSDT,0.0001
2023-12-01T00:00:00Z,BTCUSDT,0.0001
2023-12-01T08:00:00Z,BTCUSDT,0.0001
2023-12-01T16:00:00Z,BTCUSDT,0.0001
2023-12-02T00:00:00Z,BTCUSDT,0.0001
2023-12-02T08:00:00Z,BTCUSDT,0.0001
2023-12-02T16:00:00Z,BTCUSDT,0.0001
2023-12-03T00:00:00Z,BTCUSDT,0.0001
2023-12-03T08:00:00Z,BTCUSDT,0.0001
2023-12-03T16:00:00Z,BTCUSDT,0.0001
2023-12-04T00:00:00Z,BTCUSDT,0.0001
2023-12-04T08:00:00Z,BTCUSDT,0.00039246
2023-12-04T16:00:00Z,BTCUSDT,0.0001
2023-12-05T00:00:00Z,BTCUSDT,0.0001
2023-12-05T08:00:00Z,BTCUSDT,0.0001
2023-12-05T16:00:00Z,BTCUSDT,0.0001
2023-12-06T00:00:00Z,BTCUSDT,0.0001
2023-12-06T08:00:00Z,BTCUSDT,0.0001
2023-12-06T16:00:00Z,BTCUSDT,0.0001
2023-12-07T00:00:00Z,BTCUSDT,0.0001
2023-12-07T08:00:00Z,BTCUSDT,0.00010721
2023-12-07T16:00:00Z,BTCUSDT,0.00016767
2023-12-08T00:00:00Z,BTCUSDT,0.00023913
2023-12-08T08:00:00Z,BTCUSDT,0.00044041
2023-12-08T16:00:00Z,BTCUSDT,0.00034051
2023-12-09T00:00:00Z,BTCUSDT,0.00011864
2023-12-09T08:00:00Z,BTCUSDT,0.00049285
2023-12-09T16:00:00Z,BTCUSDT,0.00032929
2023-12-10T00:00:00Z,BTCUSDT,0.00033498
2023-12-10T08:00:00Z,BTCUSDT,0.0003097
2023-12-10T16:00:00Z,BTCUSDT,0.00039354
2023-12-11T00:00:00Z,BTCUSDT,0.00033285
2023-12-11T08:00:00Z,BTCUSDT,0.00015948
2023-12-11T16:00:00Z,BTCUSDT,0.0001
2023-12-12T00:00:00Z,BTCUSDT,0.00021542
2023-12-12T08:00:00Z,BTCUSDT,0.00016545
2023-12-12T16:00:00Z,BTCUSDT,0.0001
2023-12-13T00:00:00Z,BTCUSDT,0.00018236
2023-12-13T08:00:00Z,BTCUSDT,0.00015492
2023-12-13T16:00:00Z,BTCUSDT,0.00016232
2023-12-14T00:00:00Z,BTCUSDT,0.00010146
2023-12-14T08:00:00Z,BTCUSDT,0.00012332
2023-12-14T16:00:00Z,BTCUSDT,0.00011106
2023-12-15T00:00:00Z,BTCUSDT,0.00010466
2023-12-15T08:00:00Z,BTCUSDT,0.00015354
2023-12-15T16:00:00Z,BTCUSDT,0.00013415
2023-12-16T00:00:00Z,BTCUSDT,0.0001
2023-12-16T08:00:00Z,BTCUSDT,0.00024408
2023-12-16T16:00:00Z,BTCUSDT,0.00017406
2023-12-17T00:00:00Z,BTCUSDT,0.00017286
2023-12-17T08:00:00Z,BTCUSDT,0.0001
2023-12-17T16:00:00Z,BTCUSDT,0.0001
2023-12-18T00:00:00Z,BTCUSDT,0.00013303
2023-12-18T08:00:00Z,BTCUSDT,0.0001
2023-12-18T16:00:00Z,BTCUSDT,0.00010731
2023-12-19T00:00:00Z,BTCUSDT,0.0001
2023-12-19T08:00:00Z,BTCUSDT,0.00017727
2023-12-19T16:00:00Z,BTCUSDT,0.00013946
2023-12-20T00:00:00Z,BTCUSDT,0.0001
2023-12-20T08:00:00Z,BTCUSDT,0.0001
2023-12-20T16:00:00Z,BTCUSDT,0.00018725
2023-12-21T00:00:00Z,BTCUSDT,0.000152
2023-12-21T08:00:00Z,BTCUSDT,0.00022504
2023-12-21T16:00:00Z,BTCUSDT,0.00033844
2023-12-22T00:00:00Z,BTCUSDT,0.00024215
2023-12-22T08:00:00Z,BTCUSDT,0.00030643
2023-12-22T16:00:00Z,BTCUSDT,0.00020031
2023-12-23T00:00:00Z,BTCUSDT,0.00015263
2023-12-23T08:00:00Z,BTCUSDT,0.0001
2023-12-23T16:00:00Z,BTCUSDT,0.0001
2023-12-24T00:00:00Z,BTCUSDT,0.0001
2023-12-24T08:00:00Z,BTCUSDT,0.00025197
2023-12-24T16:00:00Z,BTCUSDT,0.0001
2023-12-25T00:00:00Z,BTCUSDT,0.0001
2023-12-25T08:00:00Z,BTCUSDT,0.0001
2023-12-25T16:00:00Z,BTCUSDT,0.00018708
2023-12-26T00:00:00Z,BTCUSDT,0.0003048
2023-12-26T08:00:00Z,BTCUSDT,0.00027919
2023-12-26T16:00:00Z,BTCUSDT,0.00032104
2023-12-27T00:00:00Z,BTCUSDT,0.00040735
2023-12-27T08:00:00Z,BTCUSDT,0.00042225
2023-12-27T16:00:00Z,BTCUSDT,0.0005221
2023-12-28T00:00:00Z,BTCUSDT,0.00019269
2023-12-28T08:00:00Z,BTCUSDT,0.00038854
2023-12-28T16:00:00Z,BTCUSDT,0.00057322
2023-12-29T00:00:00Z,BTCUSDT,0.00059775
2023-12-29T08:00:00Z,BTCUSDT,0.00044001
2023-12-29T16:00:00Z,BTCUSDT,0.000435
2023-12-30T00:00:00Z,BTCUSDT,0.00039208
2023-12-30T08:00:00Z,BTCUSDT,0.00036923
2023-12-30T16:00:00Z,BTCUSDT,0.00024277
2023-12-31T00:00:00Z,BTCUSDT,0.00026419
2023-12-31T08:00:00Z,BTCUSDT,0.00040148
2023-12-31T16:00:00Z,BTCUSDT,0.00044151
2024-01-01T00:00:00Z,BTCUSDT,0.00043294
2024-01-01T08:00:00Z,BTCUSDT,0.00049955
2024-01-01T16:00:00Z,BTCUSDT,0.00037274
2024-01-02T00:00:00Z,BTCUSDT,0.00057167
2024-01-02T08:00:00Z,BTCUSDT,0.00049958
2024-01-02T16:00:00Z,BTCUSDT,0.00066228
2024-01-03T00:00:00Z,BTCUSDT,0.00045739
2024-01-03T08:00:00Z,BTCUSDT,0.00035429
2024-01-03T16:00:00Z,BTCUSDT,0.0001
2024-01-04T00:00:00Z,BTCUSDT,0.0001
2024-01-04T08:00:00Z,BTCUSDT,0.0001
2024-01-04T16:00:00Z,BTCUSDT,0.0001
2024-01-05T00:00:00Z,BTCUSDT,0.0001
2024-01-05T08:00:00Z,BTCUSDT,0.0001
2024-01-05T16:00:00Z,BTCUSDT,0.0001
2024-01-06T00:00:00Z,BTCUSDT,0.0001
2024-01-06T08:00:00Z,BTCUSDT,0.0001
2024-01-06T16:00:00Z,BTCUSDT,0.0001
2024-01-07T00:00:00Z,BTCUSDT,0.0001
2024-01-07T08:00:00Z,BTCUSDT,0.0001
2024-01-07T16:00:00Z,BTCUSDT,0.0001
2024-01-08T00:00:00Z,BTCUSDT,0.0001
2024-01-08T08:00:00Z,BTCUSDT,0.0001
2024-01-08T16:00:00Z,BTCUSDT,0.0001
2024-01-09T00:00:00Z,BTCUSDT,0.0001
2024-01-09T08:00:00Z,BTCUSDT,0.0001
2024-01-09T16:00:00Z,BTCUSDT,0.0001
2024-01-10T00:00:00Z,BTCUSDT,0.0001
2024-01-10T08:00:00Z,BTCUSDT,0.0001
2024-01-10T16:00:00Z,BTCUSDT,0.0001
2024-01-11T00:00:00Z,BTCUSDT,0.0001
2024-01-11T08:00:00Z,BTCUSDT,0.0001
2024-01-11T16:00:00Z,BTCUSDT,0.0001
2024-01-12T00:00:00Z,BTCUSDT,0.0001
2024-01-12T08:00:00Z,BTCUSDT,0.0001
2024-01-12T16:00:00Z,BTCUSDT,0.0001
2024-01-13T00:00:00Z,BTCUSDT,0.0001
2024-01-13T08:00:00Z,BTCUSDT,0.0001
2024-01-13T16:00:00Z,BTCUSDT,0.0001
2024-01-14T00:00:00Z,BTCUSDT,0.0001
2024-01-14T08:00:00Z,BTCUSDT,0.0001
2024-01-14T16:00:00Z,BTCUSDT,0.0001
2024-01-15T00:00:00Z,BTCUSDT,0.0001
2024-01-15T08:00:00Z,BTCUSDT,0.0001
2024-01-15T16:00:00Z,BTCUSDT,0.0001
2024-01-16T00:00:00Z,BTCUSDT,0.0001
2024-01-16T08:00:00Z,BTCUSDT,0.0001
2024-01-16T16:00:00Z,BTCUSDT,0.0001
2024-01-17T00:00:00Z,BTCUSDT,0.0001
2024-01-17T08:00:00Z,BTCUSDT,0.0001
2024-01-17T16:00:00Z,BTCUSDT,0.0001
2024-01-18T00:00:00Z,BTCUSDT,0.0001
2024-01-18T08:00:00Z,BTCUSDT,0.0001
2024-01-18T16:00:00Z,BTCUSDT,0.0001
2024-01-19T00:00:00Z,BTCUSDT,0.0001
2024-01-19T08:00:00Z,BTCUSDT,0.0001
2024-01-19T16:00:00Z,BTCUSDT,0.0001
2024-01-20T00:00:00Z,BTCUSDT,0.0001
2024-01-20T08:00:00Z,BTCUSDT,0.0001
2024-01-20T16:00:00Z,BTCUSDT,0.0001
2024-01-21T00:00:00Z,BTCUSDT,0.0001
2024-01-21T08:00:00Z,BTCUSDT,0.0001
2024-01-21T16:00:00Z,BTCUSDT,0.0001
2024-01-22T00:00:00Z,BTCUSDT,0.0001
2024-01-22T08:00:00Z,BTCUSDT,0.0001
2024-01-22T16:00:00Z,BTCUSDT,0.0001
2024-01-23T00:00:00Z,BTCUSDT,0.0001
2024-01-23T08:00:00Z,BTCUSDT,0.0001
2024-01-23T16:00:00Z,BTCUSDT,0.0001
2024-01-24T00:00:00Z,BTCUSDT,0.0001
2024-01-24T08:00:00Z,BTCUSDT,0.0001
2024-01-24T16:00:00Z,BTCUSDT,0.0001
2024-01-25T00:00:00Z,BTCUSDT,0.0001
2024-01-25T08:00:00Z,BTCUSDT,0.0001
2024-01-25T16:00:00Z,BTCUSDT,0.0001
2024-01-26T00:00:00Z,BTCUSDT,0.0001
2024-01-26T08:00:00Z,BTCUSDT,0.0001
2024-01-26T16:00:00Z,BTCUSDT,0.0001
2024-01-27T00:00:00Z,BTCUSDT,0.0001
2024-01-27T08:00:00Z,BTCUSDT,0.0001
2024-01-27T16:00:00Z,BTCUSDT,0.0001
2024-01-28T00:00:00Z,BTCUSDT,0.00000678
2024-01-28T08:00:00Z,BTCUSDT,0.00000543
2024-01-28T16:00:00Z,BTCUSDT,0.0001
2024-01-29T00:00:00Z,BTCUSDT,0.0001
2024-01-29T08:00:00Z,BTCUSDT,0.0001
2024-01-29T16:00:00Z,BTCUSDT,0.0001
2024-01-30T00:00:00Z,BTCUSDT,0.00008201
2024-01-30T08:00:00Z,BTCUSDT,0.0001
2024-01-30T16:00:00Z,BTCUSDT,0.0001
2024-01-31T00:00:00Z,BTCUSDT,0.00001302
2024-01-31T08:00:00Z,BTCUSDT,0.0001
2024-01-31T16:00:00Z,BTCUSDT,0.0001
2024-02-01T00:00:00Z,BTCUSDT,0.00005432
2024-02-01T08:00:00Z,BTCUSDT,0.0001
2024-02-01T16:00:00Z,BTCUSDT,0.0001
2024-02-02T00:00:00Z,BTCUSDT,0.00007298
2024-02-02T08:00:00Z,BTCUSDT,0.0001
2024-02-02T16:00:00Z,BTCUSDT,0.0001
2024-02-03T00:00:00Z,BTCUSDT,0.00008511
2024-02-03T08:00:00Z,BTCUSDT,0.00004735
2024-02-03T16:00:00Z,BTCUSDT,0.0001
2024-02-04T00:00:00Z,BTCUSDT,0.00008642
2024-02-04T08:00:00Z,BTCUSDT,0.0001
2024-02-04T16:00:00Z,BTCUSDT,0.0001
2024-02-05T00:00:00Z,BTCUSDT,0.00008355
2024-02-05T08:00:00Z,BTCUSDT,0.0001
2024-02-05T16:00:00Z,BTCUSDT,0.0001
2024-02-06T00:00:00Z,BTCUSDT,0.0001
2024-02-06T08:00:00Z,BTCUSDT,0.0001
2024-02-06T16:00:00Z,BTCUSDT,0.0001
2024-02-07T00:00:00Z,BTCUSDT,0.00005488
2024-02-07T08:00:00Z,BTCUSDT,0.0001
2024-02-07T16:00:00Z,BTCUSDT,0.0001
2024-02-08T00:00:00Z,BTCUSDT,0.0001
2024-02-08T08:00:00Z,BTCUSDT,0.00006283
2024-02-08T16:00:00Z,BTCUSDT,0.00000361
2024-02-09T00:00:00Z,BTCUSDT,-0.0000288
2024-02-09T08:00:00Z,BTCUSDT,0.0001
2024-02-09T16:00:00Z,BTCUSDT,0.0001
2024-02-10T00:00:00Z,BTCUSDT,0.0001
2024-02-10T08:00:00Z,BTCUSDT,0.0001
2024-02-10T16:00:00Z,BTCUSDT,0.0001
2024-02-11T00:00:00Z,BTCUSDT,0.0001
2024-02-11T08:00:00Z,BTCUSDT,0.0001
2024-02-11T16:00:00Z,BTCUSDT,0.0001
2024-02-12T00:00:00Z,BTCUSDT,0.0001
2024-02-12T08:00:00Z,BTCUSDT,0.0001
2024-02-12T16:00:00Z,BTCUSDT,0.0001
2024-02-13T00:00:00Z,BTCUSDT,0.0001
2024-02-13T08:00:00Z,BTCUSDT,0.0001
2024-02-13T16:00:00Z,BTCUSDT,0.0001
2024-02-14T00:00:00Z,BTCUSDT,0.0001
2024-02-14T08:00:00Z,BTCUSDT,0.0001
2024-02-14T16:00:00Z,BTCUSDT,0.00011153
2024-02-15T00:00:00Z,BTCUSDT,0.0001
2024-02-15T08:00:00Z,BTCUSDT,0.00014722
2024-02-15T16:00:00Z,BTCUSDT,0.00010861
2024-02-16T00:00:00Z,BTCUSDT,0.0001
2024-02-16T08:00:00Z,BTCUSDT,0.0001
2024-02-16T16:00:00Z,BTCUSDT,0.0001
2024-02-17T00:00:00Z,BTCUSDT,0.0001
2024-02-17T08:00:00Z,BTCUSDT,0.0001
2024-02-17T16:00:00Z,BTCUSDT,0.0001
2024-02-18T00:00:00Z,BTCUSDT,0.00012154
2024-02-18T08:00:00Z,BTCUSDT,0.0001
2024-02-18T16:00:00Z,BTCUSDT,0.0001
2024-02-19T00:00:00Z,BTCUSDT,0.00017748
2024-02-19T08:00:00Z,BTCUSDT,0.00013098
2024-02-19T16:00:00Z,BTCUSDT,0.00019352
2024-02-20T00:00:00Z,BTCUSDT,0.0001
2024-02-20T08:00:00Z,BTCUSDT,0.0001
2024-02-20T16:00:00Z,BTCUSDT,0.0001
2024-02-21T00:00:00Z,BTCUSDT,0.0001
2024-02-21T08:00:00Z,BTCUSDT,0.0001
2024-02-21T16:00:00Z,BTCUSDT,0.0001
2024-02-22T00:00:00Z,BTCUSDT,0.0001
2024-02-22T08:00:00Z,BTCUSDT,0.0001
2024-02-22T16:00:00Z,BTCUSDT,0.0001
2024-02-23T00:00:00Z,BTCUSDT,0.0001
2024-02-23T08:00:00Z,BTCUSDT,0.0001
2024-02-23T16:00:00Z,BTCUSDT,0.0001
2024-02-24T00:00:00Z,BTCUSDT,0.0001
2024-02-24T08:00:00Z,BTCUSDT,0.0001
2024-02-24T16:00:00Z,BTCUSDT,0.00010658
2024-02-25T00:00:00Z,BTCUSDT,0.0001
2024-02-25T08:00:00Z,BTCUSDT,0.0001
2024-02-25T16:00:00Z,BTCUSDT,0.0001
2024-02-26T00:00:00Z,BTCUSDT,0.0001
2024-02-26T08:00:00Z,BTCUSDT,0.0001
2024-02-26T16:00:00Z,BTCUSDT,0.0001
2024-02-27T00:00:00Z,BTCUSDT,0.00026308
2024-02-27T08:00:00Z,BTCUSDT,0.00067187
2024-02-27T16:00:00Z,BTCUSDT,0.00030171
2024-02-28T00:00:00Z,BTCUSDT,0.00023372
2024-02-28T08:00:00Z,BTCUSDT,0.00019212
2024-02-28T16:00:00Z,BTCUSDT,0.0005031
2024-02-29T00:00:00Z,BTCUSDT,0.00061432
2024-02-29T08:00:00Z,BTCUSDT,0.00072478
2024-02-29T16:00:00Z,BTCUSDT,0.00069292
2024-03-01T00:00:00Z,BTCUSDT,0.0003927
2024-03-01T08:00:00Z,BTCUSDT,0.00039022
2024-03-01T16:00:00Z,BTCUSDT,0.00040755
2024-03-02T00:00:00Z,BTCUSDT,0.00013237
2024-03-02T08:00:00Z,BTCUSDT,0.00023839
2024-03-02T16:00:00Z,BTCUSDT,0.00059366
2024-03-03T00:00:00Z,BTCUSDT,0.0005429
2024-03-03T08:00:00Z,BTCUSDT,0.00041238
2024-03-03T16:00:00Z,BTCUSDT,0.00048175
2024-03-04T00:00:00Z,BTCUSDT,0.00045429
2024-03-04T08:00:00Z,BTCUSDT,0.00067979
2024-03-04T16:00:00Z,BTCUSDT,0.00082996
2024-03-05T00:00:00Z,BTCUSDT,0.00080029
2024-03-05T08:00:00Z,BTCUSDT,0.00112788
2024-03-05T16:00:00Z,BTCUSDT,0.0009208
2024-03-06T00:00:00Z,BTCUSDT,0.00028173
2024-03-06T08:00:00Z,BTCUSDT,0.00024214
2024-03-06T16:00:00Z,BTCUSDT,0.00047896
2024-03-07T00:00:00Z,BTCUSDT,0.00027527
2024-03-07T08:00:00Z,BTCUSDT,0.00024008
2024-03-07T16:00:00Z,BTCUSDT,0.00050302
2024-03-08T00:00:00Z,BTCUSDT,0.00035863
2024-03-08T08:00:00Z,BTCUSDT,0.00040848
2024-03-08T16:00:00Z,BTCUSDT,0.00072305
2024-03-09T00:00:00Z,BTCUSDT,0.00023097
2024-03-09T08:00:00Z,BTCUSDT,0.0002609
2024-03-09T16:00:00Z,BTCUSDT,0.00028422
2024-03-10T00:00:00Z,BTCUSDT,0.00033129
2024-03-10T08:00:00Z,BTCUSDT,0.00058798
2024-03-10T16:00:00Z,BTCUSDT,0.00065671
2024-03-11T00:00:00Z,BTCUSDT,0.00041946
2024-03-11T08:00:00Z,BTCUSDT,0.00077869
2024-03-11T16:00:00Z,BTCUSDT,0.00074316
2024-03-12T00:00:00Z,BTCUSDT,0.00049803
2024-03-12T08:00:00Z,BTCUSDT,0.00051935
2024-03-12T16:00:00Z,BTCUSDT,0.00055529
2024-03-13T00:00:00Z,BTCUSDT,0.00034133
2024-03-13T08:00:00Z,BTCUSDT,0.0007759
2024-03-13T16:00:00Z,BTCUSDT,0.0004918
2024-03-14T00:00:00Z,BTCUSDT,0.00028643
2024-03-14T08:00:00Z,BTCUSDT,0.00048932
2024-03-14T16:00:00Z,BTCUSDT,0.00049306
2024-03-15T00:00:00Z,BTCUSDT,0.00050945
2024-03-15T08:00:00Z,BTCUSDT,0.0001
2024-03-15T16:00:00Z,BTCUSDT,0.0001
2024-03-16T00:00:00Z,BTCUSDT,0.0001
2024-03-16T08:00:00Z,BTCUSDT,0.0001
2024-03-16T16:00:00Z,BTCUSDT,0.0001
2024-03-17T00:00:00Z,BTCUSDT,0.0001
2024-03-17T08:00:00Z,BTCUSDT,0.0001
2024-03-17T16:00:00Z,BTCUSDT,0.00019339
2024-03-18T00:00:00Z,BTCUSDT,0.00013515
2024-03-18T08:00:00Z,BTCUSDT,0.00030244
2024-03-18T16:00:00Z,BTCUSDT,0.0001
2024-03-19T00:00:00Z,BTCUSDT,0.0001
2024-03-19T08:00:00Z,BTCUSDT,0.0001
2024-03-19T16:00:00Z,BTCUSDT,0.00011542
2024-03-20T00:00:00Z,BTCUSDT,0.0001
2024-03-20T08:00:00Z,BTCUSDT,0.0001
2024-03-20T16:00:00Z,BTCUSDT,0.0001
2024-03-21T00:00:00Z,BTCUSDT,0.0001
2024-03-21T08:00:00Z,BTCUSDT,0.0001
2024-03-21T16:00:00Z,BTCUSDT,0.0001
2024-03-22T00:00:00Z,BTCUSDT,0.0001
2024-03-22T08:00:00Z,BTCUSDT,0.0001
2024-03-22T16:00:00Z,BTCUSDT,0.0001
2024-03-23T00:00:00Z,BTCUSDT,0.0001
2024-03-23T08:00:00Z,BTCUSDT,0.0001
2024-03-23T16:00:00Z,BTCUSDT,0.0001
2024-03-24T00:00:00Z,BTCUSDT,0.0001
2024-03-24T08:00:00Z,BTCUSDT,0.0001
2024-03-24T16:00:00Z,BTCUSDT,0.0001
2024-03-25T00:00:00Z,BTCUSDT,0.0001
2024-03-25T08:00:00Z,BTCUSDT,0.0001
2024-03-25T16:00:00Z,BTCUSDT,0.00025614
2024-03-26T00:00:00Z,BTCUSDT,0.00010181
2024-03-26T08:00:00Z,BTCUSDT,0.00023139
2024-03-26T16:00:00Z,BTCUSDT,0.00032273
2024-03-27T00:00:00Z,BTCUSDT,0.00046291
2024-03-27T08:00:00Z,BTCUSDT,0.00032533
2024-03-27T16:00:00Z,BTCUSDT,0.00042313
2024-03-28T00:00:00Z,BTCUSDT,0.00037678
2024-03-28T08:00:00Z,BTCUSDT,0.00052851
2024-03-28T16:00:00Z,BTCUSDT,0.00047308
2024-03-29T00:00:00Z,BTCUSDT,0.00043346
2024-03-29T08:00:00Z,BTCUSDT,0.0003284
2024-03-29T16:00:00Z,BTCUSDT,0.00037754
2024-03-30T00:00:00Z,BTCUSDT,0.00026099
2024-03-30T08:00:00Z,BTCUSDT,0.0004336
2024-03-30T16:00:00Z,BTCUSDT,0.00035292
2024-03-31T00:00:00Z,BTCUSDT,0.0003051
2024-03-31T08:00:00Z,BTCUSDT,0.00044673
2024-03-31T16:00:00Z,BTCUSDT,0.00049276
2024-04-01T00:00:00Z,BTCUSDT,0.00065297
2024-04-01T08:00:00Z,BTCUSDT,0.00029626
2024-04-01T16:00:00Z,BTCUSDT,0.00024903
2024-04-02T00:00:00Z,BTCUSDT,0.00024486
2024-04-02T08:00:00Z,BTCUSDT,0.0001
2024-04-02T16:00:00Z,BTCUSDT,0.0001
2024-04-03T00:00:00Z,BTCUSDT,0.0001
2024-04-03T08:00:00Z,BTCUSDT,0.0001
2024-04-03T16:00:00Z,BTCUSDT,0.0001
2024-04-04T00:00:00Z,BTCUSDT,0.0001
2024-04-04T08:00:00Z,BTCUSDT,0.0001
2024-04-04T16:00:00Z,BTCUSDT,0.0001
2024-04-05T00:00:00Z,BTCUSDT,0.0001
2024-04-05T08:00:00Z,BTCUSDT,0.0001
2024-04-05T16:00:00Z,BTCUSDT,0.0001
2024-04-06T00:00:00Z,BTCUSDT,0.0001
2024-04-06T08:00:00Z,BTCUSDT,0.0001
2024-04-06T16:00:00Z,BTCUSDT,0.0001
2024-04-07T00:00:00Z,BTCUSDT,0.0001
2024-04-07T08:00:00Z,BTCUSDT,0.0001
2024-04-07T16:00:00Z,BTCUSDT,0.0001
2024-04-08T00:00:00Z,BTCUSDT,0.0001
2024-04-08T08:00:00Z,BTCUSDT,0.0001
2024-04-08T16:00:00Z,BTCUSDT,0.00021323
2024-04-09T00:00:00Z,BTCUSDT,0.00020982
2024-04-09T08:00:00Z,BTCUSDT,0.00015607
2024-04-09T16:00:00Z,BTCUSDT,0.00016704
2024-04-10T00:00:00Z,BTCUSDT,0.00011987
2024-04-10T08:00:00Z,BTCUSDT,0.0001
2024-04-10T16:00:00Z,BTCUSDT,0.0001
2024-04-11T00:00:00Z,BTCUSDT,0.0001
2024-04-11T08:00:00Z,BTCUSDT,0.0001
2024-04-11T16:00:00Z,BTCUSDT,0.0001
2024-04-12T00:00:00Z,BTCUSDT,0.0001
2024-04-12T08:00:00Z,BTCUSDT,0.0001
2024-04-12T16:00:00Z,BTCUSDT,0.0001
2024-04-13T00:00:00Z,BTCUSDT,0.0001
2024-04-13T08:00:00Z,BTCUSDT,0.0001
2024-04-13T16:00:00Z,BTCUSDT,0.0001
2024-04-14T00:00:00Z,BTCUSDT,0.00007356
2024-04-14T08:00:00Z,BTCUSDT,0.0001
2024-04-14T16:00:00Z,BTCUSDT,0.0001
2024-04-15T00:00:00Z,BTCUSDT,0.00008288
2024-04-15T08:00:00Z,BTCUSDT,-0.00003849
2024-04-15T16:00:00Z,BTCUSDT,0.00000541
2024-04-16T00:00:00Z,BTCUSDT,0.00008676
2024-04-16T08:00:00Z,BTCUSDT,0.00006221
2024-04-16T16:00:00Z,BTCUSDT,0.00006552
2024-04-17T00:00:00Z,BTCUSDT,0.00003688
2024-04-17T08:00:00Z,BTCUSDT,0.00000663
2024-04-17T16:00:00Z,BTCUSDT,0.00004406
2024-04-18T00:00:00Z,BTCUSDT,0.00007307
2024-04-18T08:00:00Z,BTCUSDT,-0.00004087
2024-04-18T16:00:00Z,BTCUSDT,-0.00005366
2024-04-19T00:00:00Z,BTCUSDT,-0.00002998
2024-04-19T08:00:00Z,BTCUSDT,0.0001
2024-04-19T16:00:00Z,BTCUSDT,0.00005565
2024-04-20T00:00:00Z,BTCUSDT,0.0000358
2024-04-20T08:00:00Z,BTCUSDT,0.00000943
2024-04-20T16:00:00Z,BTCUSDT,-0.00006986
2024-04-21T00:00:00Z,BTCUSDT,-0.00001858
2024-04-21T08:00:00Z,BTCUSDT,0.00004833
2024-04-21T16:00:00Z,BTCUSDT,0.00005023
2024-04-22T00:00:00Z,BTCUSDT,0.00009377
2024-04-22T08:00:00Z,BTCUSDT,0.0001
2024-04-22T16:00:00Z,BTCUSDT,-0.00007379
2024-04-23T00:00:00Z,BTCUSDT,-0.00015398
2024-04-23T08:00:00Z,BTCUSDT,-0.00001744
2024-04-23T16:00:00Z,BTCUSDT,0.00007572
2024-04-24T00:00:00Z,BTCUSDT,0.0001
2024-04-24T08:00:00Z,BTCUSDT,0.0001
2024-04-24T16:00:00Z,BTCUSDT,0.0000493
2024-04-25T00:00:00Z,BTCUSDT,0.0001
2024-04-25T08:00:00Z,BTCUSDT,-0.00001371
2024-04-25T16:00:00Z,BTCUSDT,0.00002499
2024-04-26T00:00:00Z,BTCUSDT,-0.00001077
2024-04-26T08:00:00Z,BTCUSDT,-0.00003421
2024-04-26T16:00:00Z,BTCUSDT,0.00006161
2024-04-27T00:00:00Z,BTCUSDT,0.0001
2024-04-27T08:00:00Z,BTCUSDT,0.0001
2024-04-27T16:00:00Z,BTCUSDT,0.0001
2024-04-28T00:00:00Z,BTCUSDT,0.0000402
2024-04-28T08:00:00Z,BTCUSDT,0.0000792
2024-04-28T16:00:00Z,BTCUSDT,0.000079
2024-04-29T00:00:00Z,BTCUSDT,0.00001802
2024-04-29T08:00:00Z,BTCUSDT,-0.00005782
2024-04-29T16:00:00Z,BTCUSDT,0.0001
2024-04-30T00:00:00Z,BTCUSDT,0.0000143
2024-04-30T08:00:00Z,BTCUSDT,0.00000638
2024-04-30T16:00:00Z,BTCUSDT,0.00008364
2024-05-01T00:00:00Z,BTCUSDT,0.0001
2024-05-01T08:00:00Z,BTCUSDT,0.0001
2024-05-01T16:00:00Z,BTCUSDT,0.00005046
2024-05-02T00:00:00Z,BTCUSDT,0.00001443
2024-05-02T08:00:00Z,BTCUSDT,0.0001
2024-05-02T16:00:00Z,BTCUSDT,-0.0001045
2024-05-03T00:00:00Z,BTCUSDT,-0.00009395
2024-05-03T08:00:00Z,BTCUSDT,-0.00005166
2024-05-03T16:00:00Z,BTCUSDT,-0.00008669
2024-05-04T00:00:00Z,BTCUSDT,-0.00009541
2024-05-04T08:00:00Z,BTCUSDT,0.00001769
2024-05-04T16:00:00Z,BTCUSDT,-0.00002317
2024-05-05T00:00:00Z,BTCUSDT,0.00003013
2024-05-05T08:00:00Z,BTCUSDT,0.00007133
2024-05-05T16:00:00Z,BTCUSDT,0.0001
2024-05-06T00:00:00Z,BTCUSDT,0.00004545
2024-05-06T08:00:00Z,BTCUSDT,0.00007226
2024-05-06T16:00:00Z,BTCUSDT,0.00008717
2024-05-07T00:00:00Z,BTCUSDT,0.0001
2024-05-07T08:00:00Z,BTCUSDT,0.0001
2024-05-07T16:00:00Z,BTCUSDT,0.0001
2024-05-08T00:00:00Z,BTCUSDT,0.0001
2024-05-08T08:00:00Z,BTCUSDT,0.0001
2024-05-08T16:00:00Z,BTCUSDT,0.0001
2024-05-09T00:00:00Z,BTCUSDT,0.0001
2024-05-09T08:00:00Z,BTCUSDT,0.00004634
2024-05-09T16:00:00Z,BTCUSDT,0.00008999
2024-05-10T00:00:00Z,BTCUSDT,0.00000272
2024-05-10T08:00:00Z,BTCUSDT,0.00001145
2024-05-10T16:00:00Z,BTCUSDT,0.0001
2024-05-11T00:00:00Z,BTCUSDT,0.0001
2024-05-11T08:00:00Z,BTCUSDT,0.0001
2024-05-11T16:00:00Z,BTCUSDT,0.0001
2024-05-12T00:00:00Z,BTCUSDT,0.0001
2024-05-12T08:00:00Z,BTCUSDT,0.00005654
2024-05-12T16:00:00Z,BTCUSDT,0.0001
2024-05-13T00:00:00Z,BTCUSDT,-0.00000144
2024-05-13T08:00:00Z,BTCUSDT,0.00009033
2024-05-13T16:00:00Z,BTCUSDT,0.00000959
2024-05-14T00:00:00Z,BTCUSDT,-0.00002451
2024-05-14T08:00:00Z,BTCUSDT,0.0001
2024-05-14T16:00:00Z,BTCUSDT,0.00009399
2024-05-15T00:00:00Z,BTCUSDT,0.00006589
2024-05-15T08:00:00Z,BTCUSDT,0.00003598
2024-05-15T16:00:00Z,BTCUSDT,-0.00006766
2024-05-16T00:00:00Z,BTCUSDT,0.00003295
2024-05-16T08:00:00Z,BTCUSDT,0.00006558
2024-05-16T16:00:00Z,BTCUSDT,0.00002947
2024-05-17T00:00:00Z,BTCUSDT,0.0001
2024-05-17T08:00:00Z,BTCUSDT,0.0001
2024-05-17T16:00:00Z,BTCUSDT,0.0001
2024-05-18T00:00:00Z,BTCUSDT,0.00002216
2024-05-18T08:00:00Z,BTCUSDT,0.00007849
2024-05-18T16:00:00Z,BTCUSDT,0.00001546
2024-05-19T00:00:00Z,BTCUSDT,0.00004445
2024-05-19T08:00:00Z,BTCUSDT,0.00009105
2024-05-19T16:00:00Z,BTCUSDT,0.00007228
2024-05-20T00:00:00Z,BTCUSDT,0.00001894
2024-05-20T08:00:00Z,BTCUSDT,0.0001
2024-05-20T16:00:00Z,BTCUSDT,0.00006146
2024-05-21T00:00:00Z,BTCUSDT,0.0001
2024-05-21T08:00:00Z,BTCUSDT,0.0001
2024-05-21T16:00:00Z,BTCUSDT,0.0001
2024-05-22T00:00:00Z,BTCUSDT,0.0001
2024-05-22T08:00:00Z,BTCUSDT,0.0001
2024-05-22T16:00:00Z,BTCUSDT,0.0001
2024-05-23T00:00:00Z,BTCUSDT,0.0001
2024-05-23T08:00:00Z,BTCUSDT,0.00015256
2024-05-23T16:00:00Z,BTCUSDT,0.00010356
2024-05-24T00:00:00Z,BTCUSDT,0.0001
2024-05-24T08:00:00Z,BTCUSDT,0.0001
2024-05-24T16:00:00Z,BTCUSDT,0.0001
2024-05-25T00:00:00Z,BTCUSDT,0.0001
2024-05-25T08:00:00Z,BTCUSDT,0.0001
2024-05-25T16:00:00Z,BTCUSDT,0.0001
2024-05-26T00:00:00Z,BTCUSDT,0.0001
2024-05-26T08:00:00Z,BTCUSDT,0.0001
2024-05-26T16:00:00Z,BTCUSDT,0.0001
2024-05-27T00:00:00Z,BTCUSDT,0.0001
2024-05-27T08:00:00Z,BTCUSDT,0.0001
2024-05-27T16:00:00Z,BTCUSDT,0.0001
2024-05-28T00:00:00Z,BTCUSDT,0.0001
2024-05-28T08:00:00Z,BTCUSDT,0.0001
2024-05-28T16:00:00Z,BTCUSDT,0.0001
2024-05-29T00:00:00Z,BTCUSDT,0.0001
2024-05-29T08:00:00Z,BTCUSDT,0.00010687
2024-05-29T16:00:00Z,BTCUSDT,0.0001
2024-05-30T00:00:00Z,BTCUSDT,0.0001
2024-05-30T08:00:00Z,BTCUSDT,0.0001
2024-05-30T16:00:00Z,BTCUSDT,0.0001
2024-05-31T00:00:00Z,BTCUSDT,0.0001
2024-05-31T08:00:00Z,BTCUSDT,0.0001
2024-05-31T16:00:00Z,BTCUSDT,0.0001
2024-06-01T00:00:00Z,BTCUSDT,0.0001
2024-06-01T08:00:00Z,BTCUSDT,0.0001
2024-06-01T16:00:00Z,BTCUSDT,0.0001
2024-06-02T00:00:00Z,BTCUSDT,0.0001
2024-06-02T08:00:00Z,BTCUSDT,0.0001
2024-06-02T16:00:00Z,BTCUSDT,0.0001
2024-06-03T00:00:00Z,BTCUSDT,0.0001
2024-06-03T08:00:00Z,BTCUSDT,0.0001
2024-06-03T16:00:00Z,BTCUSDT,0.0001
2024-06-04T00:00:00Z,BTCUSDT,0.0001
2024-06-04T08:00:00Z,BTCUSDT,0.00016251
2024-06-04T16:00:00Z,BTCUSDT,0.0001
2024-06-05T00:00:00Z,BTCUSDT,0.0001
2024-06-05T08:00:00Z,BTCUSDT,0.0001104
2024-06-05T16:00:00Z,BTCUSDT,0.0001
2024-06-06T00:00:00Z,BTCUSDT,0.0001
2024-06-06T08:00:00Z,BTCUSDT,0.0001
2024-06-06T16:00:00Z,BTCUSDT,0.0001
2024-06-07T00:00:00Z,BTCUSDT,0.0001
2024-06-07T08:00:00Z,BTCUSDT,0.0001
2024-06-07T16:00:00Z,BTCUSDT,0.00014636
2024-06-08T00:00:00Z,BTCUSDT,0.00015015
2024-06-08T08:00:00Z,BTCUSDT,0.0001
2024-06-08T16:00:00Z,BTCUSDT,0.0001
2024-06-09T00:00:00Z,BTCUSDT,0.0001
2024-06-09T08:00:00Z,BTCUSDT,0.0001
2024-06-09T16:00:00Z,BTCUSDT,0.0001
2024-06-10T00:00:00Z,BTCUSDT,0.0001
2024-06-10T08:00:00Z,BTCUSDT,0.0001
2024-06-10T16:00:00Z,BTCUSDT,0.0001
2024-06-11T00:00:00Z,BTCUSDT,0.0001
2024-06-11T08:00:00Z,BTCUSDT,0.0001
2024-06-11T16:00:00Z,BTCUSDT,0.0001
2024-06-12T00:00:00Z,BTCUSDT,0.00002722
2024-06-12T08:00:00Z,BTCUSDT,0.00001528
2024-06-12T16:00:00Z,BTCUSDT,0.00002555
2024-06-13T00:00:00Z,BTCUSDT,0.0001
2024-06-13T08:00:00Z,BTCUSDT,0.00004526
2024-06-13T16:00:00Z,BTCUSDT,0.00004705
2024-06-14T00:00:00Z,BTCUSDT,0.00002162
2024-06-14T08:00:00Z,BTCUSDT,0.0001
2024-06-14T16:00:00Z,BTCUSDT,0.00004866
2024-06-15T00:00:00Z,BTCUSDT,0.00000849
2024-06-15T08:00:00Z,BTCUSDT,0.00009013
2024-06-15T16:00:00Z,BTCUSDT,0.00002833
2024-06-16T00:00:00Z,BTCUSDT,0.00001204
2024-06-16T08:00:00Z,BTCUSDT,-0.00001968
2024-06-16T16:00:00Z,BTCUSDT,-0.00002464
2024-06-17T00:00:00Z,BTCUSDT,-0.00002987
2024-06-17T08:00:00Z,BTCUSDT,0.0000041
2024-06-17T16:00:00Z,BTCUSDT,-0.00000986
2024-06-18T00:00:00Z,BTCUSDT,0.00000232
2024-06-18T08:00:00Z,BTCUSDT,0.0001
2024-06-18T16:00:00Z,BTCUSDT,0.00006445
2024-06-19T00:00:00Z,BTCUSDT,0.0001
2024-06-19T08:00:00Z,BTCUSDT,0.00007993
2024-06-19T16:00:00Z,BTCUSDT,0.00000173
2024-06-20T00:00:00Z,BTCUSDT,0.00008409
2024-06-20T08:00:00Z,BTCUSDT,0.0001
2024-06-20T16:00:00Z,BTCUSDT,0.0001
2024-06-21T00:00:00Z,BTCUSDT,0.000076
2024-06-21T08:00:00Z,BTCUSDT,-0.00000157
2024-06-21T16:00:00Z,BTCUSDT,-0.00003133
2024-06-22T00:00:00Z,BTCUSDT,0.00009131
2024-06-22T08:00:00Z,BTCUSDT,-0.00007713
2024-06-22T16:00:00Z,BTCUSDT,0.00001375
2024-06-23T00:00:00Z,BTCUSDT,0.00001361
2024-06-23T08:00:00Z,BTCUSDT,-0.00002913
2024-06-23T16:00:00Z,BTCUSDT,0.00003299
2024-06-24T00:00:00Z,BTCUSDT,0.00001505
2024-06-24T08:00:00Z,BTCUSDT,-0.00006977
2024-06-24T16:00:00Z,BTCUSDT,-0.0001414
2024-06-25T00:00:00Z,BTCUSDT,-0.0001186
2024-06-25T08:00:00Z,BTCUSDT,-0.00008286
2024-06-25T16:00:00Z,BTCUSDT,-0.00002683
2024-06-26T00:00:00Z,BTCUSDT,-0.00012635
2024-06-26T08:00:00Z,BTCUSDT,-0.00009366
2024-06-26T16:00:00Z,BTCUSDT,-0.00006612
2024-06-27T00:00:00Z,BTCUSDT,-0.00003526
2024-06-27T08:00:00Z,BTCUSDT,0.00004902
2024-06-27T16:00:00Z,BTCUSDT,0.00008267
2024-06-28T00:00:00Z,BTCUSDT,0.00003226
2024-06-28T08:00:00Z,BTCUSDT,0.00002455
2024-06-28T16:00:00Z,BTCUSDT,-0.00002545
2024-06-29T00:00:00Z,BTCUSDT,0.0001
2024-06-29T08:00:00Z,BTCUSDT,-0.0001494
2024-06-29T16:00:00Z,BTCUSDT,0.00005126
2024-06-30T00:00:00Z,BTCUSDT,-0.0000587
2024-06-30T08:00:00Z,BTCUSDT,-0.00006335
2024-06-30T16:00:00Z,BTCUSDT,-0.00014348
2024-07-01T00:00:00Z,BTCUSDT,-0.00001829
2024-07-01T08:00:00Z,BTCUSDT,-0.00011856
2024-07-01T16:00:00Z,BTCUSDT,-0.00003625
2024-07-02T00:00:00Z,BTCUSDT,-0.0000661
2024-07-02T08:00:00Z,BTCUSDT,-0.00000581
2024-07-02T16:00:00Z,BTCUSDT,0.00005178
2024-07-03T00:00:00Z,BTCUSDT,0.00004183
2024-07-03T08:00:00Z,BTCUSDT,0.00003338
2024-07-03T16:00:00Z,BTCUSDT,-0.00002314
2024-07-04T00:00:00Z,BTCUSDT,0.00005803
2024-07-04T08:00:00Z,BTCUSDT,0.00003251
2024-07-04T16:00:00Z,BTCUSDT,-0.00002617
2024-07-05T00:00:00Z,BTCUSDT,0.00004545
2024-07-05T08:00:00Z,BTCUSDT,0.0001
2024-07-05T16:00:00Z,BTCUSDT,0.00001577
2024-07-06T00:00:00Z,BTCUSDT,-0.00001215
2024-07-06T08:00:00Z,BTCUSDT,0.00007586
2024-07-06T16:00:00Z,BTCUSDT,0.00005275
2024-07-07T00:00:00Z,BTCUSDT,-0.00005467
2024-07-07T08:00:00Z,BTCUSDT,0.0001
2024-07-07T16:00:00Z,BTCUSDT,0.00005711
2024-07-08T00:00:00Z,BTCUSDT,-0.00002263
2024-07-08T08:00:00Z,BTCUSDT,0.00008711
2024-07-08T16:00:00Z,BTCUSDT,0.0001
2024-07-09T00:00:00Z,BTCUSDT,0.00008992
2024-07-09T08:00:00Z,BTCUSDT,0.0001
2024-07-09T16:00:00Z,BTCUSDT,0.0001
2024-07-10T00:00:00Z,BTCUSDT,0.0001
2024-07-10T08:00:00Z,BTCUSDT,0.00003916
2024-07-10T16:00:00Z,BTCUSDT,0.0001
2024-07-11T00:00:00Z,BTCUSDT,0.0001
2024-07-11T08:00:00Z,BTCUSDT,0.0000413
2024-07-11T16:00:00Z,BTCUSDT,0.00000784
2024-07-12T00:00:00Z,BTCUSDT,0.0001
2024-07-12T08:00:00Z,BTCUSDT,0.00004673
2024-07-12T16:00:00Z,BTCUSDT,-0.00003418
2024-07-13T00:00:00Z,BTCUSDT,-0.00000164
2024-07-13T08:00:00Z,BTCUSDT,0.00000098
2024-07-13T16:00:00Z,BTCUSDT,0.0000782
2024-07-14T00:00:00Z,BTCUSDT,0.00005461
2024-07-14T08:00:00Z,BTCUSDT,0.0001
2024-07-14T16:00:00Z,BTCUSDT,0.00002743
2024-07-15T00:00:00Z,BTCUSDT,0.00000134
2024-07-15T08:00:00Z,BTCUSDT,-0.00000493
2024-07-15T16:00:00Z,BTCUSDT,0.0001
2024-07-16T00:00:00Z,BTCUSDT,-0.00004633
2024-07-16T08:00:00Z,BTCUSDT,0.0001
2024-07-16T16:00:00Z,BTCUSDT,0.0001
2024-07-17T00:00:00Z,BTCUSDT,0.00008038
2024-07-17T08:00:00Z,BTCUSDT,0.0001
2024-07-17T16:00:00Z,BTCUSDT,-0.00001974
2024-07-18T00:00:00Z,BTCUSDT,0.00000266
2024-07-18T08:00:00Z,BTCUSDT,0.00005085
2024-07-18T16:00:00Z,BTCUSDT,0.0000133
2024-07-19T00:00:00Z,BTCUSDT,0.00009438
2024-07-19T08:00:00Z,BTCUSDT,0.0001
2024-07-19T16:00:00Z,BTCUSDT,0.0001
2024-07-20T00:00:00Z,BTCUSDT,0.00009501
2024-07-20T08:00:00Z,BTCUSDT,0.0000495
2024-07-20T16:00:00Z,BTCUSDT,0.00003897
2024-07-21T00:00:00Z,BTCUSDT,0.00008307
2024-07-21T08:00:00Z,BTCUSDT,0.00006724
2024-07-21T16:00:00Z,BTCUSDT,0.0001
2024-07-22T00:00:00Z,BTCUSDT,0.0001
2024-07-22T08:00:00Z,BTCUSDT,0.0001
2024-07-22T16:00:00Z,BTCUSDT,0.0001
2024-07-23T00:00:00Z,BTCUSDT,0.00005306
2024-07-23T08:00:00Z,BTCUSDT,0.0001
2024-07-23T16:00:00Z,BTCUSDT,0.00003978
2024-07-24T00:00:00Z,BTCUSDT,0.0001
2024-07-24T08:00:00Z,BTCUSDT,0.0001
2024-07-24T16:00:00Z,BTCUSDT,0.0001
2024-07-25T00:00:00Z,BTCUSDT,0.0001
2024-07-25T08:00:00Z,BTCUSDT,0.0001
2024-07-25T16:00:00Z,BTCUSDT,0.0001
2024-07-26T00:00:00Z,BTCUSDT,0.00002176
2024-07-26T08:00:00Z,BTCUSDT,0.00006204
2024-07-26T16:00:00Z,BTCUSDT,0.00005936
2024-07-27T00:00:00Z,BTCUSDT,0.00008304
2024-07-27T08:00:00Z,BTCUSDT,0.0001
2024-07-27T16:00:00Z,BTCUSDT,0.0001
2024-07-28T00:00:00Z,BTCUSDT,0.0001
2024-07-28T08:00:00Z,BTCUSDT,0.0001
2024-07-28T16:00:00Z,BTCUSDT,0.0001
2024-07-29T00:00:00Z,BTCUSDT,0.0001
2024-07-29T08:00:00Z,BTCUSDT,0.0001
2024-07-29T16:00:00Z,BTCUSDT,0.0001
2024-07-30T00:00:00Z,BTCUSDT,0.0001
2024-07-30T08:00:00Z,BTCUSDT,-0.00011367
2024-07-30T16:00:00Z,BTCUSDT,0.00007656
2024-07-31T00:00:00Z,BTCUSDT,0.0001
2024-07-31T08:00:00Z,BTCUSDT,0.0001
2024-07-31T16:00:00Z,BTCUSDT,0.00004863
2024-08-01T00:00:00Z,BTCUSDT,0.00009544
2024-08-01T08:00:00Z,BTCUSDT,0.00007135
2024-08-01T16:00:00Z,BTCUSDT,0.00003459
2024-08-02T00:00:00Z,BTCUSDT,0.0001
2024-08-02T08:00:00Z,BTCUSDT,0.0001
2024-08-02T16:00:00Z,BTCUSDT,0.00002532
2024-08-03T00:00:00Z,BTCUSDT,0.00000223
2024-08-03T08:00:00Z,BTCUSDT,-0.00005581
2024-08-03T16:00:00Z,BTCUSDT,0.00000073
2024-08-04T00:00:00Z,BTCUSDT,0.00003485
2024-08-04T08:00:00Z,BTCUSDT,0.00003978
2024-08-04T16:00:00Z,BTCUSDT,0.00000503
2024-08-05T00:00:00Z,BTCUSDT,0.00001975
2024-08-05T08:00:00Z,BTCUSDT,-0.00000592
2024-08-05T16:00:00Z,BTCUSDT,-0.00005066
2024-08-06T00:00:00Z,BTCUSDT,0.00000757
2024-08-06T08:00:00Z,BTCUSDT,0.00001866
2024-08-06T16:00:00Z,BTCUSDT,0.0001
2024-08-07T00:00:00Z,BTCUSDT,0.00002722
2024-08-07T08:00:00Z,BTCUSDT,0.00006767
2024-08-07T16:00:00Z,BTCUSDT,0.0001
2024-08-08T00:00:00Z,BTCUSDT,0.00004616
2024-08-08T08:00:00Z,BTCUSDT,0.00009389
2024-08-08T16:00:00Z,BTCUSDT,-0.00002911
2024-08-09T00:00:00Z,BTCUSDT,-0.0000192
2024-08-09T08:00:00Z,BTCUSDT,0.00002569
2024-08-09T16:00:00Z,BTCUSDT,-0.00001845
2024-08-10T00:00:00Z,BTCUSDT,0.00004448
2024-08-10T08:00:00Z,BTCUSDT,0.0001
2024-08-10T16:00:00Z,BTCUSDT,0.00005312
2024-08-11T00:00:00Z,BTCUSDT,0.00008623
2024-08-11T08:00:00Z,BTCUSDT,0.00003775
2024-08-11T16:00:00Z,BTCUSDT,-0.00002976
2024-08-12T00:00:00Z,BTCUSDT,0.0001
2024-08-12T08:00:00Z,BTCUSDT,0.0001
2024-08-12T16:00:00Z,BTCUSDT,0.00002174
2024-08-13T00:00:00Z,BTCUSDT,-0.00000123
2024-08-13T08:00:00Z,BTCUSDT,0.0001
2024-08-13T16:00:00Z,BTCUSDT,0.00004726
2024-08-14T00:00:00Z,BTCUSDT,-0.0000185
2024-08-14T08:00:00Z,BTCUSDT,-0.00000316
2024-08-14T16:00:00Z,BTCUSDT,-0.00001699
2024-08-15T00:00:00Z,BTCUSDT,0.00001011
2024-08-15T08:00:00Z,BTCUSDT,0.0000192
2024-08-15T16:00:00Z,BTCUSDT,0.00005472
2024-08-16T00:00:00Z,BTCUSDT,0.00003989
2024-08-16T08:00:00Z,BTCUSDT,0.00004876
2024-08-16T16:00:00Z,BTCUSDT,0.00003934
2024-08-17T00:00:00Z,BTCUSDT,0.00006207
2024-08-17T08:00:00Z,BTCUSDT,0.00006351
2024-08-17T16:00:00Z,BTCUSDT,0.00008377
2024-08-18T00:00:00Z,BTCUSDT,0.00007872
2024-08-18T08:00:00Z,BTCUSDT,-0.00000312
2024-08-18T16:00:00Z,BTCUSDT,0.00001326
2024-08-19T00:00:00Z,BTCUSDT,0.00001276
2024-08-19T08:00:00Z,BTCUSDT,-0.00001638
2024-08-19T16:00:00Z,BTCUSDT,0.00000469
2024-08-20T00:00:00Z,BTCUSDT,-0.00002908
2024-08-20T08:00:00Z,BTCUSDT,0.00006912
2024-08-20T16:00:00Z,BTCUSDT,0.00001082
2024-08-21T00:00:00Z,BTCUSDT,-0.00003496
2024-08-21T08:00:00Z,BTCUSDT,-0.00002723
2024-08-21T16:00:00Z,BTCUSDT,0.00000096
2024-08-22T00:00:00Z,BTCUSDT,-0.00000761
2024-08-22T08:00:00Z,BTCUSDT,0.00004547
2024-08-22T16:00:00Z,BTCUSDT,0.0000623
2024-08-23T00:00:00Z,BTCUSDT,0.0001
2024-08-23T08:00:00Z,BTCUSDT,0.00007561
2024-08-23T16:00:00Z,BTCUSDT,0.00002511
2024-08-24T00:00:00Z,BTCUSDT,-0.00002164
2024-08-24T08:00:00Z,BTCUSDT,0.00008709
2024-08-24T16:00:00Z,BTCUSDT,0.00009036
2024-08-25T00:00:00Z,BTCUSDT,0.0001
2024-08-25T08:00:00Z,BTCUSDT,0.00003955
2024-08-25T16:00:00Z,BTCUSDT,0.0001
2024-08-26T00:00:00Z,BTCUSDT,0.0000824
2024-08-26T08:00:00Z,BTCUSDT,0.0000038
2024-08-26T16:00:00Z,BTCUSDT,0.00006223
2024-08-27T00:00:00Z,BTCUSDT,0.00008141
2024-08-27T08:00:00Z,BTCUSDT,0.00007353
2024-08-27T16:00:00Z,BTCUSDT,0.0001
2024-08-28T00:00:00Z,BTCUSDT,-0.00000789
2024-08-28T08:00:00Z,BTCUSDT,-0.00000581
2024-08-28T16:00:00Z,BTCUSDT,-0.0000324
2024-08-29T00:00:00Z,BTCUSDT,0.00001018
2024-08-29T08:00:00Z,BTCUSDT,0.00003501
2024-08-29T16:00:00Z,BTCUSDT,0.00000616
2024-08-30T00:00:00Z,BTCUSDT,-0.0001219
2024-08-30T08:00:00Z,BTCUSDT,0.00001737
2024-08-30T16:00:00Z,BTCUSDT,0.00001815
2024-08-31T00:00:00Z,BTCUSDT,0.00003389
2024-08-31T08:00:00Z,BTCUSDT,0.00007128
2024-08-31T16:00:00Z,BTCUSDT,0.00004759
2024-09-01T00:00:00Z,BTCUSDT,0.00009478
2024-09-01T08:00:00Z,BTCUSDT,0.00004649
2024-09-01T16:00:00Z,BTCUSDT,-0.00000928
2024-09-02T00:00:00Z,BTCUSDT,-0.00002521
2024-09-02T08:00:00Z,BTCUSDT,-0.00004265
2024-09-02T16:00:00Z,BTCUSDT,0.00003884
2024-09-03T00:00:00Z,BTCUSDT,0.00002799
2024-09-03T08:00:00Z,BTCUSDT,0.00002372
2024-09-03T16:00:00Z,BTCUSDT,0.00007738
2024-09-04T00:00:00Z,BTCUSDT,0.00004569
2024-09-04T08:00:00Z,BTCUSDT,0.00000358
2024-09-04T16:00:00Z,BTCUSDT,-0.00002771
2024-09-05T00:00:00Z,BTCUSDT,-0.00004165
2024-09-05T08:00:00Z,BTCUSDT,-0.00000239
2024-09-05T16:00:00Z,BTCUSDT,0.00000848
2024-09-06T00:00:00Z,BTCUSDT,-0.00004633
2024-09-06T08:00:00Z,BTCUSDT,-0.0000166
2024-09-06T16:00:00Z,BTCUSDT,0.00000186
2024-09-07T00:00:00Z,BTCUSDT,0.00002842
2024-09-07T08:00:00Z,BTCUSDT,0.0000243
2024-09-07T16:00:00Z,BTCUSDT,0.00003364
2024-09-08T00:00:00Z,BTCUSDT,0.0000468
2024-09-08T08:00:00Z,BTCUSDT,0.00001751
2024-09-08T16:00:00Z,BTCUSDT,0.00003261
2024-09-09T00:00:00Z,BTCUSDT,0.00009883
2024-09-09T08:00:00Z,BTCUSDT,0.00009123
2024-09-09T16:00:00Z,BTCUSDT,-0.0000354
2024-09-10T00:00:00Z,BTCUSDT,0.0001
2024-09-10T08:00:00Z,BTCUSDT,0.00001276
2024-09-10T16:00:00Z,BTCUSDT,0.00000995
2024-09-11T00:00:00Z,BTCUSDT,0.00004027
2024-09-11T08:00:00Z,BTCUSDT,0.00001728
2024-09-11T16:00:00Z,BTCUSDT,0.00009155
2024-09-12T00:00:00Z,BTCUSDT,0.00000315
2024-09-12T08:00:00Z,BTCUSDT,0.00006624
2024-09-12T16:00:00Z,BTCUSDT,0.00002538
2024-09-13T00:00:00Z,BTCUSDT,0.00003154
2024-09-13T08:00:00Z,BTCUSDT,-0.0000431
2024-09-13T16:00:00Z,BTCUSDT,0.00001552
2024-09-14T00:00:00Z,BTCUSDT,-0.00001724
2024-09-14T08:00:00Z,BTCUSDT,-0.00000795
2024-09-14T16:00:00Z,BTCUSDT,-0.00002375
2024-09-15T00:00:00Z,BTCUSDT,0.00007514
2024-09-15T08:00:00Z,BTCUSDT,0.00000208
2024-09-15T16:00:00Z,BTCUSDT,0.00007324
2024-09-16T00:00:00Z,BTCUSDT,0.00003377
2024-09-16T08:00:00Z,BTCUSDT,0.00002239
2024-09-16T16:00:00Z,BTCUSDT,0.00004538
2024-09-17T00:00:00Z,BTCUSDT,0.0001
2024-09-17T08:00:00Z,BTCUSDT,0.00007666
2024-09-17T16:00:00Z,BTCUSDT,0.00002251
2024-09-18T00:00:00Z,BTCUSDT,0.00000648
2024-09-18T08:00:00Z,BTCUSDT,0.00005549
2024-09-18T16:00:00Z,BTCUSDT,0.00008846
2024-09-19T00:00:00Z,BTCUSDT,0.00009784
2024-09-19T08:00:00Z,BTCUSDT,0.00006603
2024-09-19T16:00:00Z,BTCUSDT,0.00005137
2024-09-20T00:00:00Z,BTCUSDT,0.00003807
2024-09-20T08:00:00Z,BTCUSDT,-0.00001615
2024-09-20T16:00:00Z,BTCUSDT,0.0001
2024-09-21T00:00:00Z,BTCUSDT,0
2024-09-21T08:00:00Z,BTCUSDT,-0.0000054
2024-09-21T16:00:00Z,BTCUSDT,-0.00001119
2024-09-22T00:00:00Z,BTCUSDT,-0.00000558
2024-09-22T08:00:00Z,BTCUSDT,-0.00004374
2024-09-22T16:00:00Z,BTCUSDT,0.00005468
2024-09-23T00:00:00Z,BTCUSDT,0.0001
2024-09-23T08:00:00Z,BTCUSDT,-0.00001126
2024-09-23T16:00:00Z,BTCUSDT,0.00004386
2024-09-24T00:00:00Z,BTCUSDT,0.00008154
2024-09-24T08:00:00Z,BTCUSDT,0.00007883
2024-09-24T16:00:00Z,BTCUSDT,0.00002404
2024-09-25T00:00:00Z,BTCUSDT,0.0001
2024-09-25T08:00:00Z,BTCUSDT,0.0001
2024-09-25T16:00:00Z,BTCUSDT,0.0001
2024-09-26T00:00:00Z,BTCUSDT,0.0001
2024-09-26T08:00:00Z,BTCUSDT,0.0001
2024-09-26T16:00:00Z,BTCUSDT,0.00009007
2024-09-27T00:00:00Z,BTCUSDT,0.00007718
2024-09-27T08:00:00Z,BTCUSDT,0.0000868
2024-09-27T16:00:00Z,BTCUSDT,0.0000378
2024-09-28T00:00:00Z,BTCUSDT,0.00004588
2024-09-28T08:00:00Z,BTCUSDT,0.0001
2024-09-28T16:00:00Z,BTCUSDT,0.00006532
2024-09-29T00:00:00Z,BTCUSDT,0.0001
2024-09-29T08:00:00Z,BTCUSDT,0.0001
2024-09-29T16:00:00Z,BTCUSDT,0.0001
2024-09-30T00:00:00Z,BTCUSDT,0.0001
2024-09-30T08:00:00Z,BTCUSDT,0.0001
2024-09-30T16:00:00Z,BTCUSDT,0.0001
2024-10-01T00:00:00Z,BTCUSDT,0.00002677
2024-10-01T08:00:00Z,BTCUSDT,0.00000208
2024-10-01T16:00:00Z,BTCUSDT,0.0000526
2024-10-02T00:00:00Z,BTCUSDT,0.0001
2024-10-02T08:00:00Z,BTCUSDT,0.00009064
2024-10-02T16:00:00Z,BTCUSDT,-0.00000913
2024-10-03T00:00:00Z,BTCUSDT,0.00007216
2024-10-03T08:00:00Z,BTCUSDT,0.0001
2024-10-03T16:00:00Z,BTCUSDT,0.00007355
2024-10-04T00:00:00Z,BTCUSDT,0.0001
2024-10-04T08:00:00Z,BTCUSDT,0.00000878
2024-10-04T16:00:00Z,BTCUSDT,0.00006585
2024-10-05T00:00:00Z,BTCUSDT,0.00001457
2024-10-05T08:00:00Z,BTCUSDT,0.00003716
2024-10-05T16:00:00Z,BTCUSDT,0.00007081
2024-10-06T00:00:00Z,BTCUSDT,0.0001
2024-10-06T08:00:00Z,BTCUSDT,0.0001
2024-10-06T16:00:00Z,BTCUSDT,0.00004254
2024-10-07T00:00:00Z,BTCUSDT,0.00001298
2024-10-07T08:00:00Z,BTCUSDT,0.00000109
2024-10-07T16:00:00Z,BTCUSDT,0.00008184
2024-10-08T00:00:00Z,BTCUSDT,-0.00002285
2024-10-08T08:00:00Z,BTCUSDT,-0.00000639
2024-10-08T16:00:00Z,BTCUSDT,0.0000006
2024-10-09T00:00:00Z,BTCUSDT,0.00002239
2024-10-09T08:00:00Z,BTCUSDT,0.00008393
2024-10-09T16:00:00Z,BTCUSDT,0.00008869
2024-10-10T00:00:00Z,BTCUSDT,0.00002703
2024-10-10T08:00:00Z,BTCUSDT,0.00005089
2024-10-10T16:00:00Z,BTCUSDT,0.00006638
2024-10-11T00:00:00Z,BTCUSDT,0.00000744
2024-10-11T08:00:00Z,BTCUSDT,0.00004712
2024-10-11T16:00:00Z,BTCUSDT,0.0001
2024-10-12T00:00:00Z,BTCUSDT,0.0001
2024-10-12T08:00:00Z,BTCUSDT,0.0001
2024-10-12T16:00:00Z,BTCUSDT,0.00006714
2024-10-13T00:00:00Z,BTCUSDT,0.0000918
2024-10-13T08:00:00Z,BTCUSDT,0.00005896
2024-10-13T16:00:00Z,BTCUSDT,0.00006966
2024-10-14T00:00:00Z,BTCUSDT,0.00006128
2024-10-14T08:00:00Z,BTCUSDT,0.0001
2024-10-14T16:00:00Z,BTCUSDT,0.0001
2024-10-15T00:00:00Z,BTCUSDT,0.0001
2024-10-15T08:00:00Z,BTCUSDT,0.0001
2024-10-15T16:00:00Z,BTCUSDT,0.0001
2024-10-16T00:00:00Z,BTCUSDT,0.0001
2024-10-16T08:00:00Z,BTCUSDT,0.0001
2024-10-16T16:00:00Z,BTCUSDT,0.0001
2024-10-17T00:00:00Z,BTCUSDT,0.0001
2024-10-17T08:00:00Z,BTCUSDT,0.0001
2024-10-17T16:00:00Z,BTCUSDT,0.0001
2024-10-18T00:00:00Z,BTCUSDT,0.00008463
2024-10-18T08:00:00Z,BTCUSDT,0.0001
2024-10-18T16:00:00Z,BTCUSDT,0.0001
2024-10-19T00:00:00Z,BTCUSDT,0.0001
2024-10-19T08:00:00Z,BTCUSDT,0.0001
2024-10-19T16:00:00Z,BTCUSDT,0.0001
2024-10-20T00:00:00Z,BTCUSDT,0.0001
2024-10-20T08:00:00Z,BTCUSDT,0.0001
2024-10-20T16:00:00Z,BTCUSDT,0.0001
2024-10-21T00:00:00Z,BTCUSDT,0.0001
2024-10-21T08:00:00Z,BTCUSDT,0.0001
2024-10-21T16:00:00Z,BTCUSDT,0.0001
2024-10-22T00:00:00Z,BTCUSDT,0.0001
2024-10-22T08:00:00Z,BTCUSDT,0.0001
2024-10-22T16:00:00Z,BTCUSDT,0.0001
2024-10-23T00:00:00Z,BTCUSDT,0.0001
2024-10-23T08:00:00Z,BTCUSDT,0.0001
2024-10-23T16:00:00Z,BTCUSDT,0.0001
2024-10-24T00:00:00Z,BTCUSDT,0.0001
2024-10-24T08:00:00Z,BTCUSDT,0.0001
2024-10-24T16:00:00Z,BTCUSDT,0.0001
2024-10-25T00:00:00Z,BTCUSDT,0.0001
2024-10-25T08:00:00Z,BTCUSDT,0.00007097
2024-10-25T16:00:00Z,BTCUSDT,0.0001
2024-10-26T00:00:00Z,BTCUSDT,0.00007515
2024-10-26T08:00:00Z,BTCUSDT,0.0001
2024-10-26T16:00:00Z,BTCUSDT,0.00008614
2024-10-27T00:00:00Z,BTCUSDT,0.00008659
2024-10-27T08:00:00Z,BTCUSDT,0.0001
2024-10-27T16:00:00Z,BTCUSDT,0.00009734
2024-10-28T00:00:00Z,BTCUSDT,0.0001
2024-10-28T08:00:00Z,BTCUSDT,0.0001
2024-10-28T16:00:00Z,BTCUSDT,0.0001
2024-10-29T00:00:00Z,BTCUSDT,0.0001
2024-10-29T08:00:00Z,BTCUSDT,0.0001
2024-10-29T16:00:00Z,BTCUSDT,0.0001
2024-10-30T00:00:00Z,BTCUSDT,0.0001
2024-10-30T08:00:00Z,BTCUSDT,0.0001
2024-10-30T16:00:00Z,BTCUSDT,0.0001
2024-10-31T00:00:00Z,BTCUSDT,0.0001
2024-10-31T08:00:00Z,BTCUSDT,0.0001
2024-10-31T16:00:00Z,BTCUSDT,0.0001
2024-11-01T00:00:00Z,BTCUSDT,0.0001
2024-11-01T08:00:00Z,BTCUSDT,0.0001
2024-11-01T16:00:00Z,BTCUSDT,0.0001
2024-11-02T00:00:00Z,BTCUSDT,0.0001
2024-11-02T08:00:00Z,BTCUSDT,0.0001
2024-11-02T16:00:00Z,BTCUSDT,0.0001
2024-11-03T00:00:00Z,BTCUSDT,0.0001
2024-11-03T08:00:00Z,BTCUSDT,0.0001
2024-11-03T16:00:00Z,BTCUSDT,0.0001
2024-11-04T00:00:00Z,BTCUSDT,0.0001
2024-11-04T08:00:00Z,BTCUSDT,0.0001
2024-11-04T16:00:00Z,BTCUSDT,0.0001
2024-11-05T00:00:00Z,BTCUSDT,0.0001
2024-11-05T08:00:00Z,BTCUSDT,0.0001
2024-11-05T16:00:00Z,BTCUSDT,0.0001
2024-11-06T00:00:00Z,BTCUSDT,0.00007377
2024-11-06T08:00:00Z,BTCUSDT,0.0001
2024-11-06T16:00:00Z,BTCUSDT,0.0001
2024-11-07T00:00:00Z,BTCUSDT,0.0001
2024-11-07T08:00:00Z,BTCUSDT,0.00011201
2024-11-07T16:00:00Z,BTCUSDT,0.0001
2024-11-08T00:00:00Z,BTCUSDT,0.0001
2024-11-08T08:00:00Z,BTCUSDT,0.0001
2024-11-08T16:00:00Z,BTCUSDT,0.0001
2024-11-09T00:00:00Z,BTCUSDT,0.0001
2024-11-09T08:00:00Z,BTCUSDT,0.0001
2024-11-09T16:00:00Z,BTCUSDT,0.0001
2024-11-10T00:00:00Z,BTCUSDT,0.0001
2024-11-10T08:00:00Z,BTCUSDT,0.00032792
2024-11-10T16:00:00Z,BTCUSDT,0.00018979
2024-11-11T00:00:00Z,BTCUSDT,0.00039065
2024-11-11T08:00:00Z,BTCUSDT,0.00017995
2024-11-11T16:00:00Z,BTCUSDT,0.0001
2024-11-12T00:00:00Z,BTCUSDT,0.00038564
2024-11-12T08:00:00Z,BTCUSDT,0.00061844
2024-11-12T16:00:00Z,BTCUSDT,0.00050342
2024-11-13T00:00:00Z,BTCUSDT,0.00014477
2024-11-13T08:00:00Z,BTCUSDT,0.0001
2024-11-13T16:00:00Z,BTCUSDT,0.00035174
2024-11-14T00:00:00Z,BTCUSDT,0.0001
2024-11-14T08:00:00Z,BTCUSDT,0.00016549
2024-11-14T16:00:00Z,BTCUSDT,0.00012832
2024-11-15T00:00:00Z,BTCUSDT,0.0001
2024-11-15T08:00:00Z,BTCUSDT,0.0001
2024-11-15T16:00:00Z,BTCUSDT,0.0001
2024-11-16T00:00:00Z,BTCUSDT,0.00019471
2024-11-16T08:00:00Z,BTCUSDT,0.00039173
2024-11-16T16:00:00Z,BTCUSDT,0.00025031
2024-11-17T00:00:00Z,BTCUSDT,0.00029261
2024-11-17T08:00:00Z,BTCUSDT,0.00030785
2024-11-17T16:00:00Z,BTCUSDT,0.00035655
2024-11-18T00:00:00Z,BTCUSDT,0.00021098
2024-11-18T08:00:00Z,BTCUSDT,0.0005391
2024-11-18T16:00:00Z,BTCUSDT,0.00033111
2024-11-19T00:00:00Z,BTCUSDT,0.00031835
2024-11-19T08:00:00Z,BTCUSDT,0.00039932
2024-11-19T16:00:00Z,BTCUSDT,0.00024229
2024-11-20T00:00:00Z,BTCUSDT,0.0001
2024-11-20T08:00:00Z,BTCUSDT,0.00011458
2024-11-20T16:00:00Z,BTCUSDT,0.00016424
2024-11-21T00:00:00Z,BTCUSDT,0.0001
2024-11-21T08:00:00Z,BTCUSDT,0.00014189
2024-11-21T16:00:00Z,BTCUSDT,0.00017392
2024-11-22T00:00:00Z,BTCUSDT,0.00015928
2024-11-22T08:00:00Z,BTCUSDT,0.00028963
2024-11-22T16:00:00Z,BTCUSDT,0.00023833
2024-11-23T00:00:00Z,BTCUSDT,0.0001
2024-11-23T08:00:00Z,BTCUSDT,0.00017386
2024-11-23T16:00:00Z,BTCUSDT,0.00025348
2024-11-24T00:00:00Z,BTCUSDT,0.00034942
2024-11-24T08:00:00Z,BTCUSDT,0.00032388
2024-11-24T16:00:00Z,BTCUSDT,0.00029092
2024-11-25T00:00:00Z,BTCUSDT,0.00036288
2024-11-25T08:00:00Z,BTCUSDT,0.00035212
2024-11-25T16:00:00Z,BTCUSDT,0.00034875
2024-11-26T00:00:00Z,BTCUSDT,0.0001
2024-11-26T08:00:00Z,BTCUSDT,0.00012749
2024-11-26T16:00:00Z,BTCUSDT,0.0001
2024-11-27T00:00:00Z,BTCUSDT,0.00023609
2024-11-27T08:00:00Z,BTCUSDT,0.00023229
2024-11-27T16:00:00Z,BTCUSDT,0.00027093
2024-11-28T00:00:00Z,BTCUSDT,0.00019422
2024-11-28T08:00:00Z,BTCUSDT,0.00019894
2024-11-28T16:00:00Z,BTCUSDT,0.00023188
2024-11-29T00:00:00Z,BTCUSDT,0.00030861
2024-11-29T08:00:00Z,BTCUSDT,0.0002543
2024-11-29T16:00:00Z,BTCUSDT,0.00035268
2024-11-30T00:00:00Z,BTCUSDT,0.00016876
2024-11-30T08:00:00Z,BTCUSDT,0.00028189
2024-11-30T16:00:00Z,BTCUSDT,0.00015012
2024-12-01T00:00:00Z,BTCUSDT,0.0001532
2024-12-01T08:00:00Z,BTCUSDT,0.0003311
2024-12-01T16:00:00Z,BTCUSDT,0.00016625
2024-12-02T00:00:00Z,BTCUSDT,0.00015058
2024-12-02T08:00:00Z,BTCUSDT,0.00014214
2024-12-02T16:00:00Z,BTCUSDT,0.0001
2024-12-03T00:00:00Z,BTCUSDT,0.0001
2024-12-03T08:00:00Z,BTCUSDT,0.00025103
2024-12-03T16:00:00Z,BTCUSDT,0.00012348
2024-12-04T00:00:00Z,BTCUSDT,0.00027771
2024-12-04T08:00:00Z,BTCUSDT,0.00042588
2024-12-04T16:00:00Z,BTCUSDT,0.00036313
2024-12-05T00:00:00Z,BTCUSDT,0.00031187
2024-12-05T08:00:00Z,BTCUSDT,0.00108552
2024-12-05T16:00:00Z,BTCUSDT,0.00064806
2024-12-06T00:00:00Z,BTCUSDT,0.00013466
2024-12-06T08:00:00Z,BTCUSDT,0.0001
2024-12-06T16:00:00Z,BTCUSDT,0.0001
2024-12-07T00:00:00Z,BTCUSDT,0.00015125
2024-12-07T08:00:00Z,BTCUSDT,0.0001
2024-12-07T16:00:00Z,BTCUSDT,0.0001
2024-12-08T00:00:00Z,BTCUSDT,0.00026121
2024-12-08T08:00:00Z,BTCUSDT,0.00024888
2024-12-08T16:00:00Z,BTCUSDT,0.00029123
2024-12-09T00:00:00Z,BTCUSDT,0.00017858
2024-12-09T08:00:00Z,BTCUSDT,0.0001
2024-12-09T16:00:00Z,BTCUSDT,0.00015788
2024-12-10T00:00:00Z,BTCUSDT,0.0001
2024-12-10T08:00:00Z,BTCUSDT,0.0001
2024-12-10T16:00:00Z,BTCUSDT,0.0001
2024-12-11T00:00:00Z,BTCUSDT,0.0001
2024-12-11T08:00:00Z,BTCUSDT,0.0001
2024-12-11T16:00:00Z,BTCUSDT,0.0001
2024-12-12T00:00:00Z,BTCUSDT,0.0001
2024-12-12T08:00:00Z,BTCUSDT,0.0001
2024-12-12T16:00:00Z,BTCUSDT,0.0001
2024-12-13T00:00:00Z,BTCUSDT,0.0001
2024-12-13T08:00:00Z,BTCUSDT,0.0001
2024-12-13T16:00:00Z,BTCUSDT,0.0001
2024-12-14T00:00:00Z,BTCUSDT,0.0001
2024-12-14T08:00:00Z,BTCUSDT,0.0001
2024-12-14T16:00:00Z,BTCUSDT,0.0001
2024-12-15T00:00:00Z,BTCUSDT,0.0001
2024-12-15T08:00:00Z,BTCUSDT,0.0001
2024-12-15T16:00:00Z,BTCUSDT,0.0001
2024-12-16T00:00:00Z,BTCUSDT,0.0001
2024-12-16T08:00:00Z,BTCUSDT,0.0001
2024-12-16T16:00:00Z,BTCUSDT,0.0001
2024-12-17T00:00:00Z,BTCUSDT,0.0001
2024-12-17T08:00:00Z,BTCUSDT,0.0001
2024-12-17T16:00:00Z,BTCUSDT,0.0001
2024-12-18T00:00:00Z,BTCUSDT,0.0001
2024-12-18T08:00:00Z,BTCUSDT,0.00009332
2024-12-18T16:00:00Z,BTCUSDT,0.0001
2024-12-19T00:00:00Z,BTCUSDT,0.00006854
2024-12-19T08:00:00Z,BTCUSDT,-0.00004531
2024-12-19T16:00:00Z,BTCUSDT,-0.00002748
2024-12-20T00:00:00Z,BTCUSDT,-0.00004799
2024-12-20T08:00:00Z,BTCUSDT,0.00002774
2024-12-20T16:00:00Z,BTCUSDT,0.00009101
2024-12-21T00:00:00Z,BTCUSDT,-0.00002976
2024-12-21T08:00:00Z,BTCUSDT,-0.00003727
2024-12-21T16:00:00Z,BTCUSDT,-0.00001912
2024-12-22T00:00:00Z,BTCUSDT,0.00001532
2024-12-22T08:00:00Z,BTCUSDT,0.0000456
2024-12-22T16:00:00Z,BTCUSDT,0.00002233
2024-12-23T00:00:00Z,BTCUSDT,0.00002123
2024-12-23T08:00:00Z,BTCUSDT,0.00000435
2024-12-23T16:00:00Z,BTCUSDT,0.00003701
2024-12-24T00:00:00Z,BTCUSDT,0.0000498
2024-12-24T08:00:00Z,BTCUSDT,0.00005237
2024-12-24T16:00:00Z,BTCUSDT,0.00008079
2024-12-25T00:00:00Z,BTCUSDT,0.0001
2024-12-25T08:00:00Z,BTCUSDT,0.0001
2024-12-25T16:00:00Z,BTCUSDT,0.0001
2024-12-26T00:00:00Z,BTCUSDT,0.0001
2024-12-26T08:00:00Z,BTCUSDT,0.00006989
2024-12-26T16:00:00Z,BTCUSDT,0.00004138
2024-12-27T00:00:00Z,BTCUSDT,0.00001089
2024-12-27T08:00:00Z,BTCUSDT,0.00005263
2024-12-27T16:00:00Z,BTCUSDT,0.00000327
2024-12-28T00:00:00Z,BTCUSDT,0.00000693
2024-12-28T08:00:00Z,BTCUSDT,-0.00003321
2024-12-28T16:00:00Z,BTCUSDT,0.00000577
2024-12-29T00:00:00Z,BTCUSDT,0.00003548
2024-12-29T08:00:00Z,BTCUSDT,0.0000006
2024-12-29T16:00:00Z,BTCUSDT,0.00003159
2024-12-30T00:00:00Z,BTCUSDT,-0.00005981
2024-12-30T08:00:00Z,BTCUSDT,-0.00001761
2024-12-30T16:00:00Z,BTCUSDT,-0.00002975
2024-12-31T00:00:00Z,BTCUSDT,0.00000865
2024-12-31T08:00:00Z,BTCUSDT,-0.0000019
2024-12-31T16:00:00Z,BTCUSDT,0.0001
2025-01-01T00:00:00Z,BTCUSDT,0.0001
2025-01-01T08:00:00Z,BTCUSDT,0.00007085
2025-01-01T16:00:00Z,BTCUSDT,0.00006921
2025-01-02T00:00:00Z,BTCUSDT,0.0001
2025-01-02T08:00:00Z,BTCUSDT,0.0001
2025-01-02T16:00:00Z,BTCUSDT,0.0001
2025-01-03T00:00:00Z,BTCUSDT,0.0001
2025-01-03T08:00:00Z,BTCUSDT,0.00009015
2025-01-03T16:00:00Z,BTCUSDT,0.0001
2025-01-04T00:00:00Z,BTCUSDT,0.00003779
2025-01-04T08:00:00Z,BTCUSDT,0.00009859
2025-01-04T16:00:00Z,BTCUSDT,0.00005258
2025-01-05T00:00:00Z,BTCUSDT,0.0001
2025-01-05T08:00:00Z,BTCUSDT,0.0001
2025-01-05T16:00:00Z,BTCUSDT,0.00007478
2025-01-06T00:00:00Z,BTCUSDT,0.0001
2025-01-06T08:00:00Z,BTCUSDT,0.0001
2025-01-06T16:00:00Z,BTCUSDT,0.0001
2025-01-07T00:00:00Z,BTCUSDT,0.00005254
2025-01-07T08:00:00Z,BTCUSDT,0.00002899
2025-01-07T16:00:00Z,BTCUSDT,0.0001
2025-01-08T00:00:00Z,BTCUSDT,0.00008585
2025-01-08T08:00:00Z,BTCUSDT,0.00004936
2025-01-08T16:00:00Z,BTCUSDT,0.00009631
2025-01-09T00:00:00Z,BTCUSDT,0.0000643
2025-01-09T08:00:00Z,BTCUSDT,0.00005118
2025-01-09T16:00:00Z,BTCUSDT,-0.00000846
2025-01-10T00:00:00Z,BTCUSDT,0.00006938
2025-01-10T08:00:00Z,BTCUSDT,0.00000902
2025-01-10T16:00:00Z,BTCUSDT,0.00007043
2025-01-11T00:00:00Z,BTCUSDT,0.0000608
2025-01-11T08:00:00Z,BTCUSDT,0.00006697
2025-01-11T16:00:00Z,BTCUSDT,0.00004981
2025-01-12T00:00:00Z,BTCUSDT,0.0000831
2025-01-12T08:00:00Z,BTCUSDT,0.00006034
2025-01-12T16:00:00Z,BTCUSDT,0.00008847
2025-01-13T00:00:00Z,BTCUSDT,0.00009996
2025-01-13T08:00:00Z,BTCUSDT,0.00007361
2025-01-13T16:00:00Z,BTCUSDT,0.00000661
2025-01-14T00:00:00Z,BTCUSDT,0.0001
2025-01-14T08:00:00Z,BTCUSDT,0.0001
2025-01-14T16:00:00Z,BTCUSDT,0.0001
2025-01-15T00:00:00Z,BTCUSDT,0.00005343
2025-01-15T08:00:00Z,BTCUSDT,0.00007032
2025-01-15T16:00:00Z,BTCUSDT,0.0001
2025-01-16T00:00:00Z,BTCUSDT,0.00005755
2025-01-16T08:00:00Z,BTCUSDT,0.0001
2025-01-16T16:00:00Z,BTCUSDT,0.0001
2025-01-17T00:00:00Z,BTCUSDT,0.00007555
2025-01-17T08:00:00Z,BTCUSDT,0.0001
2025-01-17T16:00:00Z,BTCUSDT,0.0001
2025-01-18T00:00:00Z,BTCUSDT,0.00009347
2025-01-18T08:00:00Z,BTCUSDT,0.0001
2025-01-18T16:00:00Z,BTCUSDT,0.0001
2025-01-19T00:00:00Z,BTCUSDT,0.0001
2025-01-19T08:00:00Z,BTCUSDT,0.0001
2025-01-19T16:00:00Z,BTCUSDT,0.0001
2025-01-20T00:00:00Z,BTCUSDT,0.0001
2025-01-20T08:00:00Z,BTCUSDT,0.0001
2025-01-20T16:00:00Z,BTCUSDT,0.0001
2025-01-21T00:00:00Z,BTCUSDT,0.0001
2025-01-21T08:00:00Z,BTCUSDT,0.0001
2025-01-21T16:00:00Z,BTCUSDT,0.0001
2025-01-22T00:00:00Z,BTCUSDT,0.0001
2025-01-22T08:00:00Z,BTCUSDT,0.0001
2025-01-22T16:00:00Z,BTCUSDT,0.0001
2025-01-23T00:00:00Z,BTCUSDT,0.0001
2025-01-23T08:00:00Z,BTCUSDT,0.0001
2025-01-23T16:00:00Z,BTCUSDT,0.0001
2025-01-24T00:00:00Z,BTCUSDT,0.00004386
2025-01-24T08:00:00Z,BTCUSDT,0.00009463
2025-01-24T16:00:00Z,BTCUSDT,0.0001
2025-01-25T00:00:00Z,BTCUSDT,0.0001
2025-01-25T08:00:00Z,BTCUSDT,0.00007472
2025-01-25T16:00:00Z,BTCUSDT,0.00005217
2025-01-26T00:00:00Z,BTCUSDT,0.0001
2025-01-26T08:00:00Z,BTCUSDT,0.0001
2025-01-26T16:00:00Z,BTCUSDT,0.0001
2025-01-27T00:00:00Z,BTCUSDT,0.0001
2025-01-27T08:00:00Z,BTCUSDT,0.00000253
2025-01-27T16:00:00Z,BTCUSDT,0.00001349
2025-01-28T00:00:00Z,BTCUSDT,0.00000581
2025-01-28T08:00:00Z,BTCUSDT,0.00005241
2025-01-28T16:00:00Z,BTCUSDT,0.00000659
2025-01-29T00:00:00Z,BTCUSDT,-0.00002196
2025-01-29T08:00:00Z,BTCUSDT,0.00001792
2025-01-29T16:00:00Z,BTCUSDT,0.00006486
2025-01-30T00:00:00Z,BTCUSDT,0.00007587
2025-01-30T08:00:00Z,BTCUSDT,0.0001
2025-01-30T16:00:00Z,BTCUSDT,0.0001
2025-01-31T00:00:00Z,BTCUSDT,0.00001241
2025-01-31T08:00:00Z,BTCUSDT,0.00003319
2025-01-31T16:00:00Z,BTCUSDT,0.00002658
2025-02-01T00:00:00Z,BTCUSDT,-0.00014857
2025-02-01T08:00:00Z,BTCUSDT,-0.00011979
2025-02-01T16:00:00Z,BTCUSDT,-0.00002399
2025-02-02T00:00:00Z,BTCUSDT,-0.00001242
2025-02-02T08:00:00Z,BTCUSDT,-0.00001722
2025-02-02T16:00:00Z,BTCUSDT,-0.00002013
2025-02-03T00:00:00Z,BTCUSDT,0.00006421
2025-02-03T08:00:00Z,BTCUSDT,0.00001227
2025-02-03T16:00:00Z,BTCUSDT,-0.0000511
2025-02-04T00:00:00Z,BTCUSDT,-0.00001274
2025-02-04T08:00:00Z,BTCUSDT,0.0001
2025-02-04T16:00:00Z,BTCUSDT,0.00007932
2025-02-05T00:00:00Z,BTCUSDT,0.00001167
2025-02-05T08:00:00Z,BTCUSDT,0.00002633
2025-02-05T16:00:00Z,BTCUSDT,0.0001
2025-02-06T00:00:00Z,BTCUSDT,0.00006568
2025-02-06T08:00:00Z,BTCUSDT,0.0000801
2025-02-06T16:00:00Z,BTCUSDT,0.00006781
2025-02-07T00:00:00Z,BTCUSDT,0.00007196
2025-02-07T08:00:00Z,BTCUSDT,0.00003448
2025-02-07T16:00:00Z,BTCUSDT,0.00008283
2025-02-08T00:00:00Z,BTCUSDT,-0.00005658
2025-02-08T08:00:00Z,BTCUSDT,0.00001686
2025-02-08T16:00:00Z,BTCUSDT,0.00000656
2025-02-09T00:00:00Z,BTCUSDT,0.00002052
2025-02-09T08:00:00Z,BTCUSDT,0.00000927
2025-02-09T16:00:00Z,BTCUSDT,0.00003139
2025-02-10T00:00:00Z,BTCUSDT,0.00002217
2025-02-10T08:00:00Z,BTCUSDT,0.0000857
2025-02-10T16:00:00Z,BTCUSDT,0.00009182
2025-02-11T00:00:00Z,BTCUSDT,0.00007625
2025-02-11T08:00:00Z,BTCUSDT,0.00005578
2025-02-11T16:00:00Z,BTCUSDT,-0.00001778
2025-02-12T00:00:00Z,BTCUSDT,0.00001737
2025-02-12T08:00:00Z,BTCUSDT,0.00003227
2025-02-12T16:00:00Z,BTCUSDT,0.00000523
2025-02-13T00:00:00Z,BTCUSDT,0.00009802
2025-02-13T08:00:00Z,BTCUSDT,0.00006447
2025-02-13T16:00:00Z,BTCUSDT,0.00004455
2025-02-14T00:00:00Z,BTCUSDT,0.00008865
2025-02-14T08:00:00Z,BTCUSDT,0.0001
2025-02-14T16:00:00Z,BTCUSDT,0.0001
2025-02-15T00:00:00Z,BTCUSDT,0.00003027
2025-02-15T08:00:00Z,BTCUSDT,0.00000062
2025-02-15T16:00:00Z,BTCUSDT,0.00005122
2025-02-16T00:00:00Z,BTCUSDT,0.00005342
2025-02-16T08:00:00Z,BTCUSDT,-0.00001542
2025-02-16T16:00:00Z,BTCUSDT,0.0000033
2025-02-17T00:00:00Z,BTCUSDT,0.00000939
2025-02-17T08:00:00Z,BTCUSDT,0.0000311
2025-02-17T16:00:00Z,BTCUSDT,0.00000041
2025-02-18T00:00:00Z,BTCUSDT,0.00002818
2025-02-18T08:00:00Z,BTCUSDT,0.00001517
2025-02-18T16:00:00Z,BTCUSDT,0.00009433
2025-02-19T00:00:00Z,BTCUSDT,0.00009711
2025-02-19T08:00:00Z,BTCUSDT,0.0001
2025-02-19T16:00:00Z,BTCUSDT,0.0001
2025-02-20T00:00:00Z,BTCUSDT,0.0001
2025-02-20T08:00:00Z,BTCUSDT,0.0001
2025-02-20T16:00:00Z,BTCUSDT,0.0000778
2025-02-21T00:00:00Z,BTCUSDT,0.00001268
2025-02-21T08:00:00Z,BTCUSDT,0.00008046
2025-02-21T16:00:00Z,BTCUSDT,0.00003323
2025-02-22T00:00:00Z,BTCUSDT,0.0005139
2025-02-22T08:00:00Z,BTCUSDT,0.00025044
2025-02-22T16:00:00Z,BTCUSDT,0.0001
2025-02-23T00:00:00Z,BTCUSDT,0.0001
2025-02-23T08:00:00Z,BTCUSDT,0.0001
2025-02-23T16:00:00Z,BTCUSDT,0.0001
2025-02-24T00:00:00Z,BTCUSDT,0.0001
2025-02-24T08:00:00Z,BTCUSDT,0.0001
2025-02-24T16:00:00Z,BTCUSDT,0.0001
2025-02-25T00:00:00Z,BTCUSDT,0.0001
2025-02-25T08:00:00Z,BTCUSDT,0.0001
2025-02-25T16:00:00Z,BTCUSDT,0.0001
2025-02-26T00:00:00Z,BTCUSDT,0.0001
2025-02-26T08:00:00Z,BTCUSDT,0.0001
2025-02-26T16:00:00Z,BTCUSDT,0.00009698
2025-02-27T00:00:00Z,BTCUSDT,-0.00014527
2025-02-27T08:00:00Z,BTCUSDT,-0.00009552
2025-02-27T16:00:00Z,BTCUSDT,0.00008877
2025-02-28T00:00:00Z,BTCUSDT,0.0001
2025-02-28T08:00:00Z,BTCUSDT,0.0000261
2025-02-28T16:00:00Z,BTCUSDT,-0.00014671
2025-03-01T00:00:00Z,BTCUSDT,0.0001
2025-03-01T08:00:00Z,BTCUSDT,0.00004533
2025-03-01T16:00:00Z,BTCUSDT,0.00000917
2025-03-02T00:00:00Z,BTCUSDT,0.00007239
2025-03-02T08:00:00Z,BTCUSDT,0.0001
2025-03-02T16:00:00Z,BTCUSDT,0.00006936
2025-03-03T00:00:00Z,BTCUSDT,0.0001
2025-03-03T08:00:00Z,BTCUSDT,0.0001
2025-03-03T16:00:00Z,BTCUSDT,0.0001
2025-03-04T00:00:00Z,BTCUSDT,-0.00003351
2025-03-04T08:00:00Z,BTCUSDT,0.00000296
2025-03-04T16:00:00Z,BTCUSDT,0.0000123
2025-03-05T00:00:00Z,BTCUSDT,0.0001
2025-03-05T08:00:00Z,BTCUSDT,0.0001
2025-03-05T16:00:00Z,BTCUSDT,0.0001
2025-03-06T00:00:00Z,BTCUSDT,0.00002585
2025-03-06T08:00:00Z,BTCUSDT,0.0001
2025-03-06T16:00:00Z,BTCUSDT,0.00001038
2025-03-07T00:00:00Z,BTCUSDT,0.00001342
2025-03-07T08:00:00Z,BTCUSDT,0.0000804
2025-03-07T16:00:00Z,BTCUSDT,0.0001
2025-03-08T00:00:00Z,BTCUSDT,0.0001
2025-03-08T08:00:00Z,BTCUSDT,0.0000644
2025-03-08T16:00:00Z,BTCUSDT,0.00001288
2025-03-09T00:00:00Z,BTCUSDT,0.00003824
2025-03-09T08:00:00Z,BTCUSDT,0.00004848
2025-03-09T16:00:00Z,BTCUSDT,-0.000032
2025-03-10T00:00:00Z,BTCUSDT,-0.00029357
2025-03-10T08:00:00Z,BTCUSDT,-0.00007275
2025-03-10T16:00:00Z,BTCUSDT,-0.00008207
2025-03-11T00:00:00Z,BTCUSDT,0.00000832
2025-03-11T08:00:00Z,BTCUSDT,-0.00001591
2025-03-11T16:00:00Z,BTCUSDT,0.00006844
2025-03-12T00:00:00Z,BTCUSDT,0.00008765
2025-03-12T08:00:00Z,BTCUSDT,0.00007949
2025-03-12T16:00:00Z,BTCUSDT,0.00004824
2025-03-13T00:00:00Z,BTCUSDT,0.00005496
2025-03-13T08:00:00Z,BTCUSDT,0.00008477
2025-03-13T16:00:00Z,BTCUSDT,-0.00001285
2025-03-14T00:00:00Z,BTCUSDT,-0.00015919
2025-03-14T08:00:00Z,BTCUSDT,0.00004476
2025-03-14T16:00:00Z,BTCUSDT,0.0001
2025-03-15T00:00:00Z,BTCUSDT,0.0001
2025-03-15T08:00:00Z,BTCUSDT,0.0001
2025-03-15T16:00:00Z,BTCUSDT,0.00002487
2025-03-16T00:00:00Z,BTCUSDT,0.00009014
2025-03-16T08:00:00Z,BTCUSDT,0.00002721
2025-03-16T16:00:00Z,BTCUSDT,-0.00006539
2025-03-17T00:00:00Z,BTCUSDT,-0.00001937
2025-03-17T08:00:00Z,BTCUSDT,0.00006645
2025-03-17T16:00:00Z,BTCUSDT,-0.00000712
2025-03-18T00:00:00Z,BTCUSDT,-0.0000191
2025-03-18T08:00:00Z,BTCUSDT,0.00001801
2025-03-18T16:00:00Z,BTCUSDT,0.00000084
2025-03-19T00:00:00Z,BTCUSDT,-0.0000612
2025-03-19T08:00:00Z,BTCUSDT,0.00007579
2025-03-19T16:00:00Z,BTCUSDT,0.00007731
2025-03-20T00:00:00Z,BTCUSDT,0.00001139
2025-03-20T08:00:00Z,BTCUSDT,0.00007139
2025-03-20T16:00:00Z,BTCUSDT,-0.00000981
2025-03-21T00:00:00Z,BTCUSDT,-0.00001414
2025-03-21T08:00:00Z,BTCUSDT,0.00002088
2025-03-21T16:00:00Z,BTCUSDT,-0.00000534
2025-03-22T00:00:00Z,BTCUSDT,0.00004702
2025-03-22T08:00:00Z,BTCUSDT,0.00002873
2025-03-22T16:00:00Z,BTCUSDT,0.00000295
2025-03-23T00:00:00Z,BTCUSDT,-0.00001499
2025-03-23T08:00:00Z,BTCUSDT,0.00001609
2025-03-23T16:00:00Z,BTCUSDT,-0.00003516
2025-03-24T00:00:00Z,BTCUSDT,0.00001997
2025-03-24T08:00:00Z,BTCUSDT,0.00009114
2025-03-24T16:00:00Z,BTCUSDT,0.00002952
2025-03-25T00:00:00Z,BTCUSDT,0.00001676
2025-03-25T08:00:00Z,BTCUSDT,-0.00000448
2025-03-25T16:00:00Z,BTCUSDT,0.00000784
2025-03-26T00:00:00Z,BTCUSDT,-0.00001721
2025-03-26T08:00:00Z,BTCUSDT,0.00007133
2025-03-26T16:00:00Z,BTCUSDT,-0.00004927
2025-03-27T00:00:00Z,BTCUSDT,-0.00001904
2025-03-27T08:00:00Z,BTCUSDT,0.000047
2025-03-27T16:00:00Z,BTCUSDT,-0.00003998
2025-03-28T00:00:00Z,BTCUSDT,-0.00000541
2025-03-28T08:00:00Z,BTCUSDT,-0.00000706
2025-03-28T16:00:00Z,BTCUSDT,0.00003856
2025-03-29T00:00:00Z,BTCUSDT,0.00003739
2025-03-29T08:00:00Z,BTCUSDT,-0.00001692
2025-03-29T16:00:00Z,BTCUSDT,0.00000668
2025-03-30T00:00:00Z,BTCUSDT,0.00004207
2025-03-30T08:00:00Z,BTCUSDT,-0.00004333
2025-03-30T16:00:00Z,BTCUSDT,0.00000413
2025-03-31T00:00:00Z,BTCUSDT,-0.00000311
2025-03-31T08:00:00Z,BTCUSDT,0.00002713
2025-03-31T16:00:00Z,BTCUSDT,-0.00000319
2025-04-01T00:00:00Z,BTCUSDT,-0.00011844
2025-04-01T08:00:00Z,BTCUSDT,0.00002705
2025-04-01T16:00:00Z,BTCUSDT,0.00001751
2025-04-02T00:00:00Z,BTCUSDT,0.00002346
2025-04-02T08:00:00Z,BTCUSDT,-0.00002533
2025-04-02T16:00:00Z,BTCUSDT,-0.00002791
2025-04-03T00:00:00Z,BTCUSDT,-0.00002095
2025-04-03T08:00:00Z,BTCUSDT,0.00001376
2025-04-03T16:00:00Z,BTCUSDT,-0.00000899
2025-04-04T00:00:00Z,BTCUSDT,0.0001
2025-04-04T08:00:00Z,BTCUSDT,0.00009307
2025-04-04T16:00:00Z,BTCUSDT,0.00003029
2025-04-05T00:00:00Z,BTCUSDT,0.00009537
2025-04-05T08:00:00Z,BTCUSDT,0.00009739
2025-04-05T16:00:00Z,BTCUSDT,0.00003366
2025-04-06T00:00:00Z,BTCUSDT,0.00009173
2025-04-06T08:00:00Z,BTCUSDT,0.00009894
2025-04-06T16:00:00Z,BTCUSDT,0.00000377
2025-04-07T00:00:00Z,BTCUSDT,0.00000125
2025-04-07T08:00:00Z,BTCUSDT,-0.00003202
2025-04-07T16:00:00Z,BTCUSDT,0.00003657
2025-04-08T00:00:00Z,BTCUSDT,0.00000902
2025-04-08T08:00:00Z,BTCUSDT,0.00007245
2025-04-08T16:00:00Z,BTCUSDT,0.00003545
2025-04-09T00:00:00Z,BTCUSDT,0.00002267
2025-04-09T08:00:00Z,BTCUSDT,-0.00002068
2025-04-09T16:00:00Z,BTCUSDT,0.0001
2025-04-10T00:00:00Z,BTCUSDT,0.00009218
2025-04-10T08:00:00Z,BTCUSDT,0.0001
2025-04-10T16:00:00Z,BTCUSDT,0.00004691
2025-04-11T00:00:00Z,BTCUSDT,-0.00003007
2025-04-11T08:00:00Z,BTCUSDT,0.00004989
2025-04-11T16:00:00Z,BTCUSDT,0.0001
2025-04-12T00:00:00Z,BTCUSDT,0.00006951
2025-04-12T08:00:00Z,BTCUSDT,-0.00000906
2025-04-12T16:00:00Z,BTCUSDT,0.00001472
2025-04-13T00:00:00Z,BTCUSDT,0.00007698
2025-04-13T08:00:00Z,BTCUSDT,0.00001214
2025-04-13T16:00:00Z,BTCUSDT,-0.00000389
2025-04-14T00:00:00Z,BTCUSDT,-0.00003415
2025-04-14T08:00:00Z,BTCUSDT,0.00005162
2025-04-14T16:00:00Z,BTCUSDT,0.00003854
2025-04-15T00:00:00Z,BTCUSDT,0.00000392
2025-04-15T08:00:00Z,BTCUSDT,0.0001
2025-04-15T16:00:00Z,BTCUSDT,0.00007167
2025-04-16T00:00:00Z,BTCUSDT,-0.00006198
2025-04-16T08:00:00Z,BTCUSDT,-0.00009053
2025-04-16T16:00:00Z,BTCUSDT,-0.00001926
2025-04-17T00:00:00Z,BTCUSDT,-0.00000984
2025-04-17T08:00:00Z,BTCUSDT,0.00000812
2025-04-17T16:00:00Z,BTCUSDT,-0.00001058
2025-04-18T00:00:00Z,BTCUSDT,0.00003447
2025-04-18T08:00:00Z,BTCUSDT,0.00000296
2025-04-18T16:00:00Z,BTCUSDT,-0.00005146
2025-04-19T00:00:00Z,BTCUSDT,-0.00001215
2025-04-19T08:00:00Z,BTCUSDT,0.00006867
2025-04-19T16:00:00Z,BTCUSDT,0.0001
2025-04-20T00:00:00Z,BTCUSDT,0.00007048
2025-04-20T08:00:00Z,BTCUSDT,-0.00001807
2025-04-20T16:00:00Z,BTCUSDT,-0.0000766
2025-04-21T00:00:00Z,BTCUSDT,0.00001937
2025-04-21T08:00:00Z,BTCUSDT,0.0001
2025-04-21T16:00:00Z,BTCUSDT,0.00009109
2025-04-22T00:00:00Z,BTCUSDT,0.00003961
2025-04-22T08:00:00Z,BTCUSDT,0.00004038
2025-04-22T16:00:00Z,BTCUSDT,-0.00001936
2025-04-23T00:00:00Z,BTCUSDT,-0.00002647
2025-04-23T08:00:00Z,BTCUSDT,0.00005975
2025-04-23T16:00:00Z,BTCUSDT,0.00002238
2025-04-24T00:00:00Z,BTCUSDT,-0.00003794
2025-04-24T08:00:00Z,BTCUSDT,0.0000149
2025-04-24T16:00:00Z,BTCUSDT,-0.00000618
2025-04-25T00:00:00Z,BTCUSDT,0.00008908
2025-04-25T08:00:00Z,BTCUSDT,0.00003245
2025-04-25T16:00:00Z,BTCUSDT,0.00004921
2025-04-26T00:00:00Z,BTCUSDT,-0.00007485
2025-04-26T08:00:00Z,BTCUSDT,0.00001459
2025-04-26T16:00:00Z,BTCUSDT,0.00004978
2025-04-27T00:00:00Z,BTCUSDT,-0.00006573
2025-04-27T08:00:00Z,BTCUSDT,-0.00001749
2025-04-27T16:00:00Z,BTCUSDT,-0.00003295
2025-04-28T00:00:00Z,BTCUSDT,0.00001103
2025-04-28T08:00:00Z,BTCUSDT,0.00005621
2025-04-28T16:00:00Z,BTCUSDT,0.00000589
2025-04-29T00:00:00Z,BTCUSDT,-0.00004385
2025-04-29T08:00:00Z,BTCUSDT,0.00003872
2025-04-29T16:00:00Z,BTCUSDT,0.00001268
2025-04-30T00:00:00Z,BTCUSDT,-0.00002275
2025-04-30T08:00:00Z,BTCUSDT,0.00009197
2025-04-30T16:00:00Z,BTCUSDT,0.00000029
2025-05-01T00:00:00Z,BTCUSDT,-0.00000048
2025-05-01T08:00:00Z,BTCUSDT,0.00005255
2025-05-01T16:00:00Z,BTCUSDT,0.00003782
2025-05-02T00:00:00Z,BTCUSDT,-0.00003523
2025-05-02T08:00:00Z,BTCUSDT,0.00002857
2025-05-02T16:00:00Z,BTCUSDT,-0.0000303
2025-05-03T00:00:00Z,BTCUSDT,-0.00011068
2025-05-03T08:00:00Z,BTCUSDT,-0.00001484
2025-05-03T16:00:00Z,BTCUSDT,-0.00006553
2025-05-04T00:00:00Z,BTCUSDT,0.00000312
2025-05-04T08:00:00Z,BTCUSDT,0.00004616
2025-05-04T16:00:00Z,BTCUSDT,0.00003498
2025-05-05T00:00:00Z,BTCUSDT,-0.00007123
2025-05-05T08:00:00Z,BTCUSDT,0.00006744
2025-05-05T16:00:00Z,BTCUSDT,0.00002175
2025-05-06T00:00:00Z,BTCUSDT,-0.0000178
2025-05-06T08:00:00Z,BTCUSDT,-0.00000683
2025-05-06T16:00:00Z,BTCUSDT,0.00002767
2025-05-07T00:00:00Z,BTCUSDT,0.00001728
2025-05-07T08:00:00Z,BTCUSDT,0.00008919
2025-05-07T16:00:00Z,BTCUSDT,0.00001529
2025-05-08T00:00:00Z,BTCUSDT,0.00006604
2025-05-08T08:00:00Z,BTCUSDT,0.0001
2025-05-08T16:00:00Z,BTCUSDT,0.0001
2025-05-09T00:00:00Z,BTCUSDT,0.0001
2025-05-09T08:00:00Z,BTCUSDT,0.00009238
2025-05-09T16:00:00Z,BTCUSDT,0.00005521
2025-05-10T00:00:00Z,BTCUSDT,0.00007638
2025-05-10T08:00:00Z,BTCUSDT,0.0001
2025-05-10T16:00:00Z,BTCUSDT,0.0001
2025-05-11T00:00:00Z,BTCUSDT,0.00008081
2025-05-11T08:00:00Z,BTCUSDT,0.0001
2025-05-11T16:00:00Z,BTCUSDT,0.0001
2025-05-12T00:00:00Z,BTCUSDT,0.0001
2025-05-12T08:00:00Z,BTCUSDT,0.0001
2025-05-12T16:00:00Z,BTCUSDT,0.00007469
2025-05-13T00:00:00Z,BTCUSDT,0.00006072
2025-05-13T08:00:00Z,BTCUSDT,0.00004172
2025-05-13T16:00:00Z,BTCUSDT,0.00001231
2025-05-14T00:00:00Z,BTCUSDT,0.00002701
2025-05-14T08:00:00Z,BTCUSDT,0.00005778
2025-05-14T16:00:00Z,BTCUSDT,-0.00001591
2025-05-15T00:00:00Z,BTCUSDT,-0.00003808
2025-05-15T08:00:00Z,BTCUSDT,-0.00002825
2025-05-15T16:00:00Z,BTCUSDT,0.0000338
2025-05-16T00:00:00Z,BTCUSDT,-0.0000084
2025-05-16T08:00:00Z,BTCUSDT,0.00003052
2025-05-16T16:00:00Z,BTCUSDT,0.00001606
2025-05-17T00:00:00Z,BTCUSDT,-0.00000198
2025-05-17T08:00:00Z,BTCUSDT,0.00001723
2025-05-17T16:00:00Z,BTCUSDT,0.00002515
2025-05-18T00:00:00Z,BTCUSDT,0.00006156
2025-05-18T08:00:00Z,BTCUSDT,0.00003858
2025-05-18T16:00:00Z,BTCUSDT,0.0001
2025-05-19T00:00:00Z,BTCUSDT,0.0001
2025-05-19T08:00:00Z,BTCUSDT,0.00001146
2025-05-19T16:00:00Z,BTCUSDT,0.00005514
2025-05-20T00:00:00Z,BTCUSDT,0.00005531
2025-05-20T08:00:00Z,BTCUSDT,0.00007096
2025-05-20T16:00:00Z,BTCUSDT,0.0000044
2025-05-21T00:00:00Z,BTCUSDT,0.00005146
2025-05-21T08:00:00Z,BTCUSDT,0.00007956
2025-05-21T16:00:00Z,BTCUSDT,0.00004226
2025-05-22T00:00:00Z,BTCUSDT,0.00007967
2025-05-22T08:00:00Z,BTCUSDT,0.0001
2025-05-22T16:00:00Z,BTCUSDT,0.00009599
2025-05-23T00:00:00Z,BTCUSDT,0.00002206
2025-05-23T08:00:00Z,BTCUSDT,0.00005364
2025-05-23T16:00:00Z,BTCUSDT,0.00006534
2025-05-24T00:00:00Z,BTCUSDT,0.00002203
2025-05-24T08:00:00Z,BTCUSDT,0.00003436
2025-05-24T16:00:00Z,BTCUSDT,0.00004126
2025-05-25T00:00:00Z,BTCUSDT,0.00007422
2025-05-25T08:00:00Z,BTCUSDT,0.0001
2025-05-25T16:00:00Z,BTCUSDT,0.00005451
2025-05-26T00:00:00Z,BTCUSDT,0.0001
2025-05-26T08:00:00Z,BTCUSDT,0.0001
2025-05-26T16:00:00Z,BTCUSDT,0.00009627
2025-05-27T00:00:00Z,BTCUSDT,0.0001
2025-05-27T08:00:00Z,BTCUSDT,0.00003247
2025-05-27T16:00:00Z,BTCUSDT,0.00002161
2025-05-28T00:00:00Z,BTCUSDT,-0.00015645
2025-05-28T08:00:00Z,BTCUSDT,-0.00009526
2025-05-28T16:00:00Z,BTCUSDT,0.00003181
2025-05-29T00:00:00Z,BTCUSDT,0.00007753
2025-05-29T08:00:00Z,BTCUSDT,0.00005974
2025-05-29T16:00:00Z,BTCUSDT,-0.00001219
2025-05-30T00:00:00Z,BTCUSDT,0.0001
2025-05-30T08:00:00Z,BTCUSDT,0.00009532
2025-05-30T16:00:00Z,BTCUSDT,0.0001
2025-05-31T00:00:00Z,BTCUSDT,0.0001
2025-05-31T08:00:00Z,BTCUSDT,0.0001
2025-05-31T16:00:00Z,BTCUSDT,0.0001
2025-06-01T00:00:00Z,BTCUSDT,0.0001
2025-06-01T08:00:00Z,BTCUSDT,0.00009391
2025-06-01T16:00:00Z,BTCUSDT,0.00007421
2025-06-02T00:00:00Z,BTCUSDT,0.0001
2025-06-02T08:00:00Z,BTCUSDT,0.00006634
2025-06-02T16:00:00Z,BTCUSDT,0.00000594
2025-06-03T00:00:00Z,BTCUSDT,0.00002472
2025-06-03T08:00:00Z,BTCUSDT,-0.00001601
2025-06-03T16:00:00Z,BTCUSDT,0.00005591
2025-06-04T00:00:00Z,BTCUSDT,-0.00000582
2025-06-04T08:00:00Z,BTCUSDT,-0.00004859
2025-06-04T16:00:00Z,BTCUSDT,0.00003102
2025-06-05T00:00:00Z,BTCUSDT,0.00000335
2025-06-05T08:00:00Z,BTCUSDT,-0.00000224
2025-06-05T16:00:00Z,BTCUSDT,0.00001778
2025-06-06T00:00:00Z,BTCUSDT,0.000066
2025-06-06T08:00:00Z,BTCUSDT,0.00000475
2025-06-06T16:00:00Z,BTCUSDT,0.00001407
2025-06-07T00:00:00Z,BTCUSDT,-0.00005637
2025-06-07T08:00:00Z,BTCUSDT,0.0001
2025-06-07T16:00:00Z,BTCUSDT,0.00001688
2025-06-08T00:00:00Z,BTCUSDT,0.0000343
2025-06-08T08:00:00Z,BTCUSDT,-0.00001743
2025-06-08T16:00:00Z,BTCUSDT,-0.00002669
2025-06-09T00:00:00Z,BTCUSDT,-0.00003739
2025-06-09T08:00:00Z,BTCUSDT,0.00002264
2025-06-09T16:00:00Z,BTCUSDT,0.0001
2025-06-10T00:00:00Z,BTCUSDT,0.0000811
2025-06-10T08:00:00Z,BTCUSDT,0.00008419
2025-06-10T16:00:00Z,BTCUSDT,0.0001
2025-06-11T00:00:00Z,BTCUSDT,0.00007171
2025-06-11T08:00:00Z,BTCUSDT,0.00004509
2025-06-11T16:00:00Z,BTCUSDT,0.00005768
2025-06-12T00:00:00Z,BTCUSDT,0.00005521
2025-06-12T08:00:00Z,BTCUSDT,0.00007557
2025-06-12T16:00:00Z,BTCUSDT,0.00004748
2025-06-13T00:00:00Z,BTCUSDT,-0.00001155
2025-06-13T08:00:00Z,BTCUSDT,0.00006608
2025-06-13T16:00:00Z,BTCUSDT,0.00004363
2025-06-14T00:00:00Z,BTCUSDT,0.00000574
2025-06-14T08:00:00Z,BTCUSDT,-0.00001611
2025-06-14T16:00:00Z,BTCUSDT,-0.00002466
2025-06-15T00:00:00Z,BTCUSDT,0.00007299
2025-06-15T08:00:00Z,BTCUSDT,0.0000717
2025-06-15T16:00:00Z,BTCUSDT,0.0001
2025-06-16T00:00:00Z,BTCUSDT,0.00004753
2025-06-16T08:00:00Z,BTCUSDT,0.0001
2025-06-16T16:00:00Z,BTCUSDT,0.00004729
2025-06-17T00:00:00Z,BTCUSDT,0.00003074
2025-06-17T08:00:00Z,BTCUSDT,0.00006718
2025-06-17T16:00:00Z,BTCUSDT,0.00003008
2025-06-18T00:00:00Z,BTCUSDT,-0.00001427
2025-06-18T08:00:00Z,BTCUSDT,0.00000243
2025-06-18T16:00:00Z,BTCUSDT,0.00002945
2025-06-19T00:00:00Z,BTCUSDT,0.00001655
2025-06-19T08:00:00Z,BTCUSDT,0.00001318
2025-06-19T16:00:00Z,BTCUSDT,-0.00000097
2025-06-20T00:00:00Z,BTCUSDT,0.00007635
2025-06-20T08:00:00Z,BTCUSDT,0.00006425
2025-06-20T16:00:00Z,BTCUSDT,0.00000709
2025-06-21T00:00:00Z,BTCUSDT,0.00003019
2025-06-21T08:00:00Z,BTCUSDT,-0.00002522
2025-06-21T16:00:00Z,BTCUSDT,0.00003388
2025-06-22T00:00:00Z,BTCUSDT,-0.00000539
2025-06-22T08:00:00Z,BTCUSDT,0.00007054
2025-06-22T16:00:00Z,BTCUSDT,0.00000617
2025-06-23T00:00:00Z,BTCUSDT,-0.00000853
2025-06-23T08:00:00Z,BTCUSDT,0.00001988
2025-06-23T16:00:00Z,BTCUSDT,-0.00003379
2025-06-24T00:00:00Z,BTCUSDT,0.00003432
2025-06-24T08:00:00Z,BTCUSDT,0.00005734
2025-06-24T16:00:00Z,BTCUSDT,0.00000619
2025-06-25T00:00:00Z,BTCUSDT,-0.00002753
2025-06-25T08:00:00Z,BTCUSDT,0.00004784
2025-06-25T16:00:00Z,BTCUSDT,-0.00002087
2025-06-26T00:00:00Z,BTCUSDT,-0.00007601
2025-06-26T08:00:00Z,BTCUSDT,0.00000685
2025-06-26T16:00:00Z,BTCUSDT,-0.00000066
2025-06-27T00:00:00Z,BTCUSDT,-0.0000185
2025-06-27T08:00:00Z,BTCUSDT,0.00001488
2025-06-27T16:00:00Z,BTCUSDT,0.00003673
2025-06-28T00:00:00Z,BTCUSDT,-0.00004711
2025-06-28T08:00:00Z,BTCUSDT,0.00001239
2025-06-28T16:00:00Z,BTCUSDT,0.00006048
2025-06-29T00:00:00Z,BTCUSDT,0.00004098
2025-06-29T08:00:00Z,BTCUSDT,0.00001443
2025-06-29T16:00:00Z,BTCUSDT,0.00000852
2025-06-30T00:00:00Z,BTCUSDT,0.00001024
2025-06-30T08:00:00Z,BTCUSDT,0.00004958
2025-06-30T16:00:00Z,BTCUSDT,-0.00000929
2025-07-01T00:00:00Z,BTCUSDT,-0.00000321
2025-07-01T08:00:00Z,BTCUSDT,-0.00002184
2025-07-01T16:00:00Z,BTCUSDT,0.00001879
2025-07-02T00:00:00Z,BTCUSDT,0.00004989
2025-07-02T08:00:00Z,BTCUSDT,0.00006496
2025-07-02T16:00:00Z,BTCUSDT,0.00005727
2025-07-03T00:00:00Z,BTCUSDT,0.00005264
2025-07-03T08:00:00Z,BTCUSDT,0.00005847
2025-07-03T16:00:00Z,BTCUSDT,0.00007064
2025-07-04T00:00:00Z,BTCUSDT,0.00005716
2025-07-04T08:00:00Z,BTCUSDT,0.00002295
2025-07-04T16:00:00Z,BTCUSDT,0.00002892
2025-07-05T00:00:00Z,BTCUSDT,0.0001
2025-07-05T08:00:00Z,BTCUSDT,0.00006637
2025-07-05T16:00:00Z,BTCUSDT,0.00006102
2025-07-06T00:00:00Z,BTCUSDT,0.00001647
2025-07-06T08:00:00Z,BTCUSDT,0.00000114
2025-07-06T16:00:00Z,BTCUSDT,0.00004813
2025-07-07T00:00:00Z,BTCUSDT,0.0000867
2025-07-07T08:00:00Z,BTCUSDT,0.00007141
2025-07-07T16:00:00Z,BTCUSDT,0.00002928
2025-07-08T00:00:00Z,BTCUSDT,-0.00005019
2025-07-08T08:00:00Z,BTCUSDT,0.00003413
2025-07-08T16:00:00Z,BTCUSDT,0.0000393
2025-07-09T00:00:00Z,BTCUSDT,0.00003556
2025-07-09T08:00:00Z,BTCUSDT,0.00004809
2025-07-09T16:00:00Z,BTCUSDT,0.0000667
2025-07-10T00:00:00Z,BTCUSDT,0.00008704
2025-07-10T08:00:00Z,BTCUSDT,0.000061
2025-07-10T16:00:00Z,BTCUSDT,0.0000794
2025-07-11T00:00:00Z,BTCUSDT,0.0001
2025-07-11T08:00:00Z,BTCUSDT,0.0001
2025-07-11T16:00:00Z,BTCUSDT,0.0001
2025-07-12T00:00:00Z,BTCUSDT,0.0001
2025-07-12T08:00:00Z,BTCUSDT,0.0001
2025-07-12T16:00:00Z,BTCUSDT,0.0001
2025-07-13T00:00:00Z,BTCUSDT,0.00007909
2025-07-13T08:00:00Z,BTCUSDT,0.00008875
2025-07-13T16:00:00Z,BTCUSDT,0.0000926
2025-07-14T00:00:00Z,BTCUSDT,0.00006157
2025-07-14T08:00:00Z,BTCUSDT,0.0001
2025-07-14T16:00:00Z,BTCUSDT,0.0001
2025-07-15T00:00:00Z,BTCUSDT,0.0001
2025-07-15T08:00:00Z,BTCUSDT,0.0001
2025-07-15T16:00:00Z,BTCUSDT,0.0001
2025-07-16T00:00:00Z,BTCUSDT,0.0001
2025-07-16T08:00:00Z,BTCUSDT,0.0001
2025-07-16T16:00:00Z,BTCUSDT,0.0001
2025-07-17T00:00:00Z,BTCUSDT,0.0001
2025-07-17T08:00:00Z,BTCUSDT,0.0001
2025-07-17T16:00:00Z,BTCUSDT,0.0001
2025-07-18T00:00:00Z,BTCUSDT,0.0001
2025-07-18T08:00:00Z,BTCUSDT,0.0001
2025-07-18T16:00:00Z,BTCUSDT,0.0001
2025-07-19T00:00:00Z,BTCUSDT,0.0001
2025-07-19T08:00:00Z,BTCUSDT,0.0001
2025-07-19T16:00:00Z,BTCUSDT,0.0001
2025-07-20T00:00:00Z,BTCUSDT,0.0001
2025-07-20T08:00:00Z,BTCUSDT,0.0001
2025-07-20T16:00:00Z,BTCUSDT,0.0001
2025-07-21T00:00:00Z,BTCUSDT,0.0001
2025-07-21T08:00:00Z,BTCUSDT,0.0001
2025-07-21T16:00:00Z,BTCUSDT,0.0001
2025-07-22T00:00:00Z,BTCUSDT,0.0001
2025-07-22T08:00:00Z,BTCUSDT,0.0001
2025-07-22T16:00:00Z,BTCUSDT,0.0001
2025-07-23T00:00:00Z,BTCUSDT,0.00011431
2025-07-23T08:00:00Z,BTCUSDT,0.0001
2025-07-23T16:00:00Z,BTCUSDT,0.0001
2025-07-24T00:00:00Z,BTCUSDT,0.0001
2025-07-24T08:00:00Z,BTCUSDT,0.0001
2025-07-24T16:00:00Z,BTCUSDT,0.0001
2025-07-25T00:00:00Z,BTCUSDT,0.0001
2025-07-25T08:00:00Z,BTCUSDT,0.0001
2025-07-25T16:00:00Z,BTCUSDT,0.0001
2025-07-26T00:00:00Z,BTCUSDT,0.0001
2025-07-26T08:00:00Z,BTCUSDT,0.0001
2025-07-26T16:00:00Z,BTCUSDT,0.0001
2025-07-27T00:00:00Z,BTCUSDT,0.0001
2025-07-27T08:00:00Z,BTCUSDT,0.0001
2025-07-27T16:00:00Z,BTCUSDT,0.0001
2025-07-28T00:00:00Z,BTCUSDT,0.0001
2025-07-28T08:00:00Z,BTCUSDT,0.0001
2025-07-28T16:00:00Z,BTCUSDT,0.0001
2025-07-29T00:00:00Z,BTCUSDT,0.0001
2025-07-29T08:00:00Z,BTCUSDT,0.0001
2025-07-29T16:00:00Z,BTCUSDT,0.0001
2025-07-30T00:00:00Z,BTCUSDT,0.0001
2025-07-30T08:00:00Z,BTCUSDT,0.0001
2025-07-30T16:00:00Z,BTCUSDT,0.0001
2025-07-31T00:00:00Z,BTCUSDT,0.0001
2025-07-31T08:00:00Z,BTCUSDT,0.0001
2025-07-31T16:00:00Z,BTCUSDT,0.0001
2025-08-01T00:00:00Z,BTCUSDT,-0.00001656
2025-08-01T08:00:00Z,BTCUSDT,-0.00006328
2025-08-01T16:00:00Z,BTCUSDT,0.0000378
2025-08-02T00:00:00Z,BTCUSDT,0.0001
2025-08-02T08:00:00Z,BTCUSDT,0.0001
2025-08-02T16:00:00Z,BTCUSDT,0.0001
2025-08-03T00:00:00Z,BTCUSDT,0.0001
2025-08-03T08:00:00Z,BTCUSDT,0.0001
2025-08-03T16:00:00Z,BTCUSDT,0.00007948
2025-08-04T00:00:00Z,BTCUSDT,0.00004923
2025-08-04T08:00:00Z,BTCUSDT,0.0000576
2025-08-04T16:00:00Z,BTCUSDT,0.00001817
2025-08-05T00:00:00Z,BTCUSDT,0.00007602
2025-08-05T08:00:00Z,BTCUSDT,0.0001
2025-08-05T16:00:00Z,BTCUSDT,0.00004579
2025-08-06T00:00:00Z,BTCUSDT,0.0001
2025-08-06T08:00:00Z,BTCUSDT,0.0001
2025-08-06T16:00:00Z,BTCUSDT,0.00008685
2025-08-07T00:00:00Z,BTCUSDT,0.00007728
2025-08-07T08:00:00Z,BTCUSDT,0.00009173
2025-08-07T16:00:00Z,BTCUSDT,0.00001388
2025-08-08T00:00:00Z,BTCUSDT,-0.00003108
2025-08-08T08:00:00Z,BTCUSDT,0.00003508
2025-08-08T16:00:00Z,BTCUSDT,0.00008916
2025-08-09T00:00:00Z,BTCUSDT,0.00000237
2025-08-09T08:00:00Z,BTCUSDT,0.0000759
2025-08-09T16:00:00Z,BTCUSDT,-0.00003166
2025-08-10T00:00:00Z,BTCUSDT,0.00000196
2025-08-10T08:00:00Z,BTCUSDT,0.0001
2025-08-10T16:00:00Z,BTCUSDT,0.0001
2025-08-11T00:00:00Z,BTCUSDT,0.0001
2025-08-11T08:00:00Z,BTCUSDT,0.0001
2025-08-11T16:00:00Z,BTCUSDT,0.0001
2025-08-12T00:00:00Z,BTCUSDT,0.0001
2025-08-12T08:00:00Z,BTCUSDT,0.0001
2025-08-12T16:00:00Z,BTCUSDT,0.00003101
2025-08-13T00:00:00Z,BTCUSDT,0.0001
2025-08-13T08:00:00Z,BTCUSDT,0.0001
2025-08-13T16:00:00Z,BTCUSDT,0.0001
2025-08-14T00:00:00Z,BTCUSDT,0.0001
2025-08-14T08:00:00Z,BTCUSDT,0.0001
2025-08-14T16:00:00Z,BTCUSDT,0.0001
2025-08-15T00:00:00Z,BTCUSDT,0.00009395
2025-08-15T08:00:00Z,BTCUSDT,0.0001
2025-08-15T16:00:00Z,BTCUSDT,0.0001
2025-08-16T00:00:00Z,BTCUSDT,0.00003229
2025-08-16T08:00:00Z,BTCUSDT,0.00005518
2025-08-16T16:00:00Z,BTCUSDT,0.00005028
2025-08-17T00:00:00Z,BTCUSDT,-0.00000725
2025-08-17T08:00:00Z,BTCUSDT,0.00006699
2025-08-17T16:00:00Z,BTCUSDT,0.00006233
2025-08-18T00:00:00Z,BTCUSDT,0.0001
2025-08-18T08:00:00Z,BTCUSDT,0.00009278
2025-08-18T16:00:00Z,BTCUSDT,0.0000241
2025-08-19T00:00:00Z,BTCUSDT,0.00005472
2025-08-19T08:00:00Z,BTCUSDT,-0.0000097
2025-08-19T16:00:00Z,BTCUSDT,0.00002078
2025-08-20T00:00:00Z,BTCUSDT,0.0001
2025-08-20T08:00:00Z,BTCUSDT,0.0001
2025-08-20T16:00:00Z,BTCUSDT,0.0001
2025-08-21T00:00:00Z,BTCUSDT,0.00008933
2025-08-21T08:00:00Z,BTCUSDT,0.0001
2025-08-21T16:00:00Z,BTCUSDT,0.0001
2025-08-22T00:00:00Z,BTCUSDT,0.00007466
2025-08-22T08:00:00Z,BTCUSDT,0.0001
2025-08-22T16:00:00Z,BTCUSDT,0.00007665
2025-08-23T00:00:00Z,BTCUSDT,0.0001
2025-08-23T08:00:00Z,BTCUSDT,0.0001
2025-08-23T16:00:00Z,BTCUSDT,0.0001
2025-08-24T00:00:00Z,BTCUSDT,0.0001
2025-08-24T08:00:00Z,BTCUSDT,0.0001
2025-08-24T16:00:00Z,BTCUSDT,0.0001
2025-08-25T00:00:00Z,BTCUSDT,0.0001
2025-08-25T08:00:00Z,BTCUSDT,0.0001
2025-08-25T16:00:00Z,BTCUSDT,0.0001
2025-08-26T00:00:00Z,BTCUSDT,0.0001
2025-08-26T08:00:00Z,BTCUSDT,0.0001
2025-08-26T16:00:00Z,BTCUSDT,0.0001
2025-08-27T00:00:00Z,BTCUSDT,0.0001
2025-08-27T08:00:00Z,BTCUSDT,0.0001
2025-08-27T16:00:00Z,BTCUSDT,0.00004016
2025-08-28T00:00:00Z,BTCUSDT,0.00003951
2025-08-28T08:00:00Z,BTCUSDT,0.00008813
2025-08-28T16:00:00Z,BTCUSDT,0.000076
2025-08-29T00:00:00Z,BTCUSDT,0.00004099
2025-08-29T08:00:00Z,BTCUSDT,0.00003251
2025-08-29T16:00:00Z,BTCUSDT,0.00004476
2025-08-30T00:00:00Z,BTCUSDT,0.0001
2025-08-30T08:00:00Z,BTCUSDT,0.0001
2025-08-30T16:00:00Z,BTCUSDT,0.0001
2025-08-31T00:00:00Z,BTCUSDT,0.0001
2025-08-31T08:00:00Z,BTCUSDT,0.00003706
2025-08-31T16:00:00Z,BTCUSDT,0.00005329
2025-09-01T00:00:00Z,BTCUSDT,0.00004929
2025-09-01T08:00:00Z,BTCUSDT,0.0001
2025-09-01T16:00:00Z,BTCUSDT,0.0001
2025-09-02T00:00:00Z,BTCUSDT,0.0001
2025-09-02T08:00:00Z,BTCUSDT,0.0001
2025-09-02T16:00:00Z,BTCUSDT,0.0001
2025-09-03T00:00:00Z,BTCUSDT,0.0001
2025-09-03T08:00:00Z,BTCUSDT,0.0001
2025-09-03T16:00:00Z,BTCUSDT,0.0001
2025-09-04T00:00:00Z,BTCUSDT,0.00009011
2025-09-04T08:00:00Z,BTCUSDT,0.0000543
2025-09-04T16:00:00Z,BTCUSDT,0.00005321
2025-09-05T00:00:00Z,BTCUSDT,0.00009591
2025-09-05T08:00:00Z,BTCUSDT,0.0001
2025-09-05T16:00:00Z,BTCUSDT,0.00009934
2025-09-06T00:00:00Z,BTCUSDT,0.00008521
2025-09-06T08:00:00Z,BTCUSDT,0.00004635
2025-09-06T16:00:00Z,BTCUSDT,-0.00000897
2025-09-07T00:00:00Z,BTCUSDT,0.00004448
2025-09-07T08:00:00Z,BTCUSDT,0.0001
2025-09-07T16:00:00Z,BTCUSDT,0.00007039
2025-09-08T00:00:00Z,BTCUSDT,0.0001
2025-09-08T08:00:00Z,BTCUSDT,0.00002857
2025-09-08T16:00:00Z,BTCUSDT,0.00007948
2025-09-09T00:00:00Z,BTCUSDT,0.00002551
2025-09-09T08:00:00Z,BTCUSDT,0.00001604
2025-09-09T16:00:00Z,BTCUSDT,0.00001388
2025-09-10T00:00:00Z,BTCUSDT,0.00003935
2025-09-10T08:00:00Z,BTCUSDT,0.0001
2025-09-10T16:00:00Z,BTCUSDT,0.00007774
2025-09-11T00:00:00Z,BTCUSDT,0.00000819
2025-09-11T08:00:00Z,BTCUSDT,0.00004762
2025-09-11T16:00:00Z,BTCUSDT,0.0001
2025-09-12T00:00:00Z,BTCUSDT,0.00009416
2025-09-12T08:00:00Z,BTCUSDT,0.00006127
2025-09-12T16:00:00Z,BTCUSDT,0.00009896
2025-09-13T00:00:00Z,BTCUSDT,-0.00003243
2025-09-13T08:00:00Z,BTCUSDT,0.00003148
2025-09-13T16:00:00Z,BTCUSDT,0.0000608
2025-09-14T00:00:00Z,BTCUSDT,0.00002142
2025-09-14T08:00:00Z,BTCUSDT,-0.00001938
2025-09-14T16:00:00Z,BTCUSDT,0.00005701
2025-09-15T00:00:00Z,BTCUSDT,0.00007622
2025-09-15T08:00:00Z,BTCUSDT,0.0001
2025-09-15T16:00:00Z,BTCUSDT,0.0000798
2025-09-16T00:00:00Z,BTCUSDT,0.0001
2025-09-16T08:00:00Z,BTCUSDT,0.0001
2025-09-16T16:00:00Z,BTCUSDT,0.00003464
2025-09-17T00:00:00Z,BTCUSDT,0.00008059
2025-09-17T08:00:00Z,BTCUSDT,0.00004581
2025-09-17T16:00:00Z,BTCUSDT,0.00004605
2025-09-18T00:00:00Z,BTCUSDT,0.0001
2025-09-18T08:00:00Z,BTCUSDT,0.0001
2025-09-18T16:00:00Z,BTCUSDT,0.00008669
2025-09-19T00:00:00Z,BTCUSDT,0.0000674
2025-09-19T08:00:00Z,BTCUSDT,0.00006754
2025-09-19T16:00:00Z,BTCUSDT,0.00003193
2025-09-20T00:00:00Z,BTCUSDT,0.0000292
2025-09-20T08:00:00Z,BTCUSDT,0.00008845
2025-09-20T16:00:00Z,BTCUSDT,0.0001
2025-09-21T00:00:00Z,BTCUSDT,0.00006911
2025-09-21T08:00:00Z,BTCUSDT,0.0001
2025-09-21T16:00:00Z,BTCUSDT,0.00008065
2025-09-22T00:00:00Z,BTCUSDT,0.00004095
2025-09-22T08:00:00Z,BTCUSDT,0.00008326
2025-09-22T16:00:00Z,BTCUSDT,0.00000086
2025-09-23T00:00:00Z,BTCUSDT,0.00003469
2025-09-23T08:00:00Z,BTCUSDT,-0.00001646
2025-09-23T16:00:00Z,BTCUSDT,-0.00002302
2025-09-24T00:00:00Z,BTCUSDT,-0.00002517
2025-09-24T08:00:00Z,BTCUSDT,0.00001004
2025-09-24T16:00:00Z,BTCUSDT,0.0000694
2025-09-25T00:00:00Z,BTCUSDT,0.00004029
2025-09-25T08:00:00Z,BTCUSDT,-0.00000374
2025-09-25T16:00:00Z,BTCUSDT,-0.00002638
2025-09-26T00:00:00Z,BTCUSDT,0.0000593
2025-09-26T08:00:00Z,BTCUSDT,0.00003018
2025-09-26T16:00:00Z,BTCUSDT,0.00007381
2025-09-27T00:00:00Z,BTCUSDT,0.00006796
2025-09-27T08:00:00Z,BTCUSDT,0.0000645
2025-09-27T16:00:00Z,BTCUSDT,0.00006911
2025-09-28T00:00:00Z,BTCUSDT,0.0001
2025-09-28T08:00:00Z,BTCUSDT,0.00001443
2025-09-28T16:00:00Z,BTCUSDT,0.00005984
2025-09-29T00:00:00Z,BTCUSDT,0.0001
2025-09-29T08:00:00Z,BTCUSDT,0.00006586
2025-09-29T16:00:00Z,BTCUSDT,0.0001
2025-09-30T00:00:00Z,BTCUSDT,0.00006638
2025-09-30T08:00:00Z,BTCUSDT,0.00008111
2025-09-30T16:00:00Z,BTCUSDT,0.00001288
2025-10-01T00:00:00Z,BTCUSDT,0.0001
2025-10-01T08:00:00Z,BTCUSDT,0.0001
2025-10-01T16:00:00Z,BTCUSDT,0.00002801
2025-10-02T00:00:00Z,BTCUSDT,0.00004183
2025-10-02T08:00:00Z,BTCUSDT,0.00006812
2025-10-02T16:00:00Z,BTCUSDT,0.00009106
2025-10-03T00:00:00Z,BTCUSDT,0.00001482
2025-10-03T08:00:00Z,BTCUSDT,0.00000066
2025-10-03T16:00:00Z,BTCUSDT,0.00001396
2025-10-04T00:00:00Z,BTCUSDT,0.00000884
2025-10-04T08:00:00Z,BTCUSDT,0.00005991
2025-10-04T16:00:00Z,BTCUSDT,0.00004757
2025-10-05T00:00:00Z,BTCUSDT,0.0001
2025-10-05T08:00:00Z,BTCUSDT,0.0001
2025-10-05T16:00:00Z,BTCUSDT,0.00007664
2025-10-06T00:00:00Z,BTCUSDT,0.00009618
2025-10-06T08:00:00Z,BTCUSDT,0.0001
2025-10-06T16:00:00Z,BTCUSDT,0.0000758
2025-10-07T00:00:00Z,BTCUSDT,0.00000246
2025-10-07T08:00:00Z,BTCUSDT,-0.00002887
2025-10-07T16:00:00Z,BTCUSDT,0.0001
2025-10-08T00:00:00Z,BTCUSDT,0.0001
2025-10-08T08:00:00Z,BTCUSDT,0.0001
2025-10-08T16:00:00Z,BTCUSDT,0.0001
2025-10-09T00:00:00Z,BTCUSDT,0.00003109
2025-10-09T08:00:00Z,BTCUSDT,0.00003706
2025-10-09T16:00:00Z,BTCUSDT,0.00005581
2025-10-10T00:00:00Z,BTCUSDT,0.0001
2025-10-10T08:00:00Z,BTCUSDT,0.0001
2025-10-10T16:00:00Z,BTCUSDT,0.00004578
2025-10-11T00:00:00Z,BTCUSDT,-0.00014131
2025-10-11T08:00:00Z,BTCUSDT,0.0001
2025-10-11T16:00:00Z,BTCUSDT,0.0001
2025-10-12T00:00:00Z,BTCUSDT,-0.00000737
2025-10-12T08:00:00Z,BTCUSDT,0.0000284
2025-10-12T16:00:00Z,BTCUSDT,0.00006092
2025-10-13T00:00:00Z,BTCUSDT,0.0001
2025-10-13T08:00:00Z,BTCUSDT,0.0001
2025-10-13T16:00:00Z,BTCUSDT,0.00004824
2025-10-14T00:00:00Z,BTCUSDT,0.00007775
2025-10-14T08:00:00Z,BTCUSDT,-0.00002259
2025-10-14T16:00:00Z,BTCUSDT,0.0000003
2025-10-15T00:00:00Z,BTCUSDT,0.00000962
2025-10-15T08:00:00Z,BTCUSDT,0.00002225
2025-10-15T16:00:00Z,BTCUSDT,-0.00000158
2025-10-16T00:00:00Z,BTCUSDT,0.00000329
2025-10-16T08:00:00Z,BTCUSDT,-0.00000475
2025-10-16T16:00:00Z,BTCUSDT,-0.00003787
2025-10-17T00:00:00Z,BTCUSDT,0.00000925
2025-10-17T08:00:00Z,BTCUSDT,-0.00000891
2025-10-17T16:00:00Z,BTCUSDT,0.00001371
2025-10-18T00:00:00Z,BTCUSDT,-0.00002473
2025-10-18T08:00:00Z,BTCUSDT,-0.00001289
2025-10-18T16:00:00Z,BTCUSDT,0.00005928
2025-10-19T00:00:00Z,BTCUSDT,0.00003953
2025-10-19T08:00:00Z,BTCUSDT,0.00003762
2025-10-19T16:00:00Z,BTCUSDT,0.0001
2025-10-20T00:00:00Z,BTCUSDT,0.00005677
2025-10-20T08:00:00Z,BTCUSDT,0.0001
2025-10-20T16:00:00Z,BTCUSDT,0.0001
2025-10-21T00:00:00Z,BTCUSDT,0.00007228
2025-10-21T08:00:00Z,BTCUSDT,0.00001871
2025-10-21T16:00:00Z,BTCUSDT,0.00008799
2025-10-22T00:00:00Z,BTCUSDT,0.00002025
2025-10-22T08:00:00Z,BTCUSDT,0.00004647
2025-10-22T16:00:00Z,BTCUSDT,0.000055
2025-10-23T00:00:00Z,BTCUSDT,0.00005646
2025-10-23T08:00:00Z,BTCUSDT,0.0001
2025-10-23T16:00:00Z,BTCUSDT,0.00006755
2025-10-24T00:00:00Z,BTCUSDT,-0.00000164
2025-10-24T08:00:00Z,BTCUSDT,0.0001
2025-10-24T16:00:00Z,BTCUSDT,0.00004654
2025-10-25T00:00:00Z,BTCUSDT,0.00003168
2025-10-25T08:00:00Z,BTCUSDT,0.0001
2025-10-25T16:00:00Z,BTCUSDT,0.0001
2025-10-26T00:00:00Z,BTCUSDT,0.00009909
2025-10-26T08:00:00Z,BTCUSDT,0.00005578
2025-10-26T16:00:00Z,BTCUSDT,0.0001
2025-10-27T00:00:00Z,BTCUSDT,0.0001
2025-10-27T08:00:00Z,BTCUSDT,0.0001
2025-10-27T16:00:00Z,BTCUSDT,0.00005882
2025-10-28T00:00:00Z,BTCUSDT,0.00001045
2025-10-28T08:00:00Z,BTCUSDT,0.00003558
2025-10-28T16:00:00Z,BTCUSDT,0.00008991
2025-10-29T00:00:00Z,BTCUSDT,-0.00000396
2025-10-29T08:00:00Z,BTCUSDT,0.00001593
2025-10-29T16:00:00Z,BTCUSDT,0.00001663
2025-10-30T00:00:00Z,BTCUSDT,0.00002081
2025-10-30T08:00:00Z,BTCUSDT,0.0000362
2025-10-30T16:00:00Z,BTCUSDT,-0.00002633
2025-10-31T00:00:00Z,BTCUSDT,0.00002357
2025-10-31T08:00:00Z,BTCUSDT,0.0001
2025-10-31T16:00:00Z,BTCUSDT,0.00005658
2025-11-01T00:00:00Z,BTCUSDT,0.00002475
2025-11-01T08:00:00Z,BTCUSDT,0.00002432
2025-11-01T16:00:00Z,BTCUSDT,0.00006744
2025-11-02T00:00:00Z,BTCUSDT,0.00005819
2025-11-02T08:00:00Z,BTCUSDT,0.0000476
2025-11-02T16:00:00Z,BTCUSDT,0.00001946
2025-11-03T00:00:00Z,BTCUSDT,0.00002067
2025-11-03T08:00:00Z,BTCUSDT,-0.00004708
2025-11-03T16:00:00Z,BTCUSDT,0.0000529
2025-11-04T00:00:00Z,BTCUSDT,0.00003846
2025-11-04T08:00:00Z,BTCUSDT,-0.00001217
2025-11-04T16:00:00Z,BTCUSDT,0.00004548
2025-11-05T00:00:00Z,BTCUSDT,0.00004865
2025-11-05T08:00:00Z,BTCUSDT,0.00001344
2025-11-05T16:00:00Z,BTCUSDT,-0.0000114
2025-11-06T00:00:00Z,BTCUSDT,0.00002099
2025-11-06T08:00:00Z,BTCUSDT,0.00003291
2025-11-06T16:00:00Z,BTCUSDT,0.00004827
2025-11-07T00:00:00Z,BTCUSDT,-0.00003307
2025-11-07T08:00:00Z,BTCUSDT,0.00003929
2025-11-07T16:00:00Z,BTCUSDT,0.0000252
2025-11-08T00:00:00Z,BTCUSDT,0.00007924
2025-11-08T08:00:00Z,BTCUSDT,0.00000847
2025-11-08T16:00:00Z,BTCUSDT,-0.00000744
2025-11-09T00:00:00Z,BTCUSDT,-0.00000171
2025-11-09T08:00:00Z,BTCUSDT,0.00003745
2025-11-09T16:00:00Z,BTCUSDT,0.00007699
2025-11-10T00:00:00Z,BTCUSDT,0.00009233
2025-11-10T08:00:00Z,BTCUSDT,0.00008068
2025-11-10T16:00:00Z,BTCUSDT,0.00004716
2025-11-11T00:00:00Z,BTCUSDT,0.0000135
2025-11-11T08:00:00Z,BTCUSDT,-0.00004885
2025-11-11T16:00:00Z,BTCUSDT,0.00005706
2025-11-12T00:00:00Z,BTCUSDT,0.00006811
2025-11-12T08:00:00Z,BTCUSDT,0.00003386
2025-11-12T16:00:00Z,BTCUSDT,0.00009323
2025-11-13T00:00:00Z,BTCUSDT,-0.00001163
2025-11-13T08:00:00Z,BTCUSDT,0.00001427
2025-11-13T16:00:00Z,BTCUSDT,0.00002564
2025-11-14T00:00:00Z,BTCUSDT,-0.00004056
2025-11-14T08:00:00Z,BTCUSDT,0.00001296
2025-11-14T16:00:00Z,BTCUSDT,0.00005789
2025-11-15T00:00:00Z,BTCUSDT,0.00004552
2025-11-15T08:00:00Z,BTCUSDT,0.0000712
2025-11-15T16:00:00Z,BTCUSDT,0.0000447
2025-11-16T00:00:00Z,BTCUSDT,0.00000979
2025-11-16T08:00:00Z,BTCUSDT,0.00003754
2025-11-16T16:00:00Z,BTCUSDT,0.00004955
2025-11-17T00:00:00Z,BTCUSDT,0.00005953
2025-11-17T08:00:00Z,BTCUSDT,0.0001
2025-11-17T16:00:00Z,BTCUSDT,0.00007101
2025-11-18T00:00:00Z,BTCUSDT,0.00008162
2025-11-18T08:00:00Z,BTCUSDT,0.0000431
2025-11-18T16:00:00Z,BTCUSDT,0.0001
2025-11-19T00:00:00Z,BTCUSDT,0.00004908
2025-11-19T08:00:00Z,BTCUSDT,-0.00000434
2025-11-19T16:00:00Z,BTCUSDT,-0.00000981
2025-11-20T00:00:00Z,BTCUSDT,0.00004555
2025-11-20T08:00:00Z,BTCUSDT,0.0001
2025-11-20T16:00:00Z,BTCUSDT,0.00001338
2025-11-21T00:00:00Z,BTCUSDT,-0.00000479
2025-11-21T08:00:00Z,BTCUSDT,-0.00000726
2025-11-21T16:00:00Z,BTCUSDT,0.00005602
2025-11-22T00:00:00Z,BTCUSDT,0.0000339
2025-11-22T08:00:00Z,BTCUSDT,0.00002259
2025-11-22T16:00:00Z,BTCUSDT,0.00006123
2025-11-23T00:00:00Z,BTCUSDT,0.00004974
2025-11-23T08:00:00Z,BTCUSDT,0.00004368
2025-11-23T16:00:00Z,BTCUSDT,0.00000931
2025-11-24T00:00:00Z,BTCUSDT,-0.00001427
2025-11-24T08:00:00Z,BTCUSDT,-0.00003212
2025-11-24T16:00:00Z,BTCUSDT,-0.00000016
2025-11-25T00:00:00Z,BTCUSDT,-0.00006725
2025-11-25T08:00:00Z,BTCUSDT,-0.00000414
2025-11-25T16:00:00Z,BTCUSDT,-0.00004901
2025-11-26T00:00:00Z,BTCUSDT,-0.00000927
2025-11-26T08:00:00Z,BTCUSDT,-0.00000268
2025-11-26T16:00:00Z,BTCUSDT,0.00000162
2025-11-27T00:00:00Z,BTCUSDT,0.0000341
2025-11-27T08:00:00Z,BTCUSDT,-0.00000303
2025-11-27T16:00:00Z,BTCUSDT,-0.00000801
2025-11-28T00:00:00Z,BTCUSDT,0.0000017
2025-11-28T08:00:00Z,BTCUSDT,-0.00000378
2025-11-28T16:00:00Z,BTCUSDT,-0.00000746
2025-11-29T00:00:00Z,BTCUSDT,-0.00009691
2025-11-29T08:00:00Z,BTCUSDT,-0.00000976
2025-11-29T16:00:00Z,BTCUSDT,0.00001029
2025-11-30T00:00:00Z,BTCUSDT,0.00007307
2025-11-30T08:00:00Z,BTCUSDT,0.00005238
2025-11-30T16:00:00Z,BTCUSDT,0.00001622
2025-12-01T00:00:00Z,BTCUSDT,0.0000075
2025-12-01T08:00:00Z,BTCUSDT,-0.00000605
2025-12-01T16:00:00Z,BTCUSDT,-0.00000107
2025-12-02T00:00:00Z,BTCUSDT,-0.00000917
2025-12-02T08:00:00Z,BTCUSDT,0.00004832
2025-12-02T16:00:00Z,BTCUSDT,0.0000179
2025-12-03T00:00:00Z,BTCUSDT,0.00000924
2025-12-03T08:00:00Z,BTCUSDT,0.0000273
2025-12-03T16:00:00Z,BTCUSDT,0.00003174
2025-12-04T00:00:00Z,BTCUSDT,0.00007408
2025-12-04T08:00:00Z,BTCUSDT,0.00003057
2025-12-04T16:00:00Z,BTCUSDT,-0.00000857
2025-12-05T00:00:00Z,BTCUSDT,0.00001741
2025-12-05T08:00:00Z,BTCUSDT,0.00004438
2025-12-05T16:00:00Z,BTCUSDT,-0.00000868
2025-12-06T00:00:00Z,BTCUSDT,-0.00000586
2025-12-06T08:00:00Z,BTCUSDT,-0.0000331
2025-12-06T16:00:00Z,BTCUSDT,-0.00004707
2025-12-07T00:00:00Z,BTCUSDT,-0.00000828
2025-12-07T08:00:00Z,BTCUSDT,-0.00001167
2025-12-07T16:00:00Z,BTCUSDT,0.00002284
2025-12-08T00:00:00Z,BTCUSDT,0.0000287
2025-12-08T08:00:00Z,BTCUSDT,0.00008354
2025-12-08T16:00:00Z,BTCUSDT,0.00003817
2025-12-09T00:00:00Z,BTCUSDT,-0.00001767
2025-12-09T08:00:00Z,BTCUSDT,0.00001299
2025-12-09T16:00:00Z,BTCUSDT,0.00001324
2025-12-10T00:00:00Z,BTCUSDT,0.00003203
2025-12-10T08:00:00Z,BTCUSDT,0.00001545
2025-12-10T16:00:00Z,BTCUSDT,0.00001461
2025-12-11T00:00:00Z,BTCUSDT,0.00003674
2025-12-11T08:00:00Z,BTCUSDT,-0.00002557
2025-12-11T16:00:00Z,BTCUSDT,0.0000362
2025-12-12T00:00:00Z,BTCUSDT,0.00008389
2025-12-12T08:00:00Z,BTCUSDT,0.00009806
2025-12-12T16:00:00Z,BTCUSDT,0.00002758
2025-12-13T00:00:00Z,BTCUSDT,-0.00000341
2025-12-13T08:00:00Z,BTCUSDT,-0.00000263
2025-12-13T16:00:00Z,BTCUSDT,0.00003709
2025-12-14T00:00:00Z,BTCUSDT,0.00003698
2025-12-14T08:00:00Z,BTCUSDT,0.00001145
2025-12-14T16:00:00Z,BTCUSDT,-0.00000781
2025-12-15T00:00:00Z,BTCUSDT,0.00000488
2025-12-15T08:00:00Z,BTCUSDT,0.00002867
2025-12-15T16:00:00Z,BTCUSDT,0.00003887
2025-12-16T00:00:00Z,BTCUSDT,0.00000757
2025-12-16T08:00:00Z,BTCUSDT,-0.00001351
2025-12-16T16:00:00Z,BTCUSDT,0.00005556
2025-12-17T00:00:00Z,BTCUSDT,0.00004598
2025-12-17T08:00:00Z,BTCUSDT,0.00001137
2025-12-17T16:00:00Z,BTCUSDT,0.00008443
2025-12-18T00:00:00Z,BTCUSDT,0.00000163
2025-12-18T08:00:00Z,BTCUSDT,0.00007539
2025-12-18T16:00:00Z,BTCUSDT,0.0001
2025-12-19T00:00:00Z,BTCUSDT,-0.00000676
2025-12-19T08:00:00Z,BTCUSDT,0.00001709
2025-12-19T16:00:00Z,BTCUSDT,0.00007296
2025-12-20T00:00:00Z,BTCUSDT,0.0000318
2025-12-20T08:00:00Z,BTCUSDT,-0.0000071
2025-12-20T16:00:00Z,BTCUSDT,-0.00003557
2025-12-21T00:00:00Z,BTCUSDT,0.00001724
2025-12-21T08:00:00Z,BTCUSDT,-0.00000537
2025-12-21T16:00:00Z,BTCUSDT,-0.00001499
2025-12-22T00:00:00Z,BTCUSDT,0.00005372
2025-12-22T08:00:00Z,BTCUSDT,0.00005485
2025-12-22T16:00:00Z,BTCUSDT,0.0000676
2025-12-23T00:00:00Z,BTCUSDT,-0.00002911
2025-12-23T08:00:00Z,BTCUSDT,-0.00001673
2025-12-23T16:00:00Z,BTCUSDT,0.00001491
2025-12-24T00:00:00Z,BTCUSDT,0.00002786
2025-12-24T08:00:00Z,BTCUSDT,-0.00002072
2025-12-24T16:00:00Z,BTCUSDT,0.00004572
2025-12-25T00:00:00Z,BTCUSDT,0.00009492
2025-12-25T08:00:00Z,BTCUSDT,0.0000746
2025-12-25T16:00:00Z,BTCUSDT,0.00005249
2025-12-26T00:00:00Z,BTCUSDT,0.00003744
2025-12-26T08:00:00Z,BTCUSDT,0.0001
2025-12-26T16:00:00Z,BTCUSDT,0.0001
2025-12-27T00:00:00Z,BTCUSDT,0.00003048
2025-12-27T08:00:00Z,BTCUSDT,0.00002438
2025-12-27T16:00:00Z,BTCUSDT,0.00006103
2025-12-28T00:00:00Z,BTCUSDT,0.00005786
2025-12-28T08:00:00Z,BTCUSDT,0.0001
2025-12-28T16:00:00Z,BTCUSDT,0.00009813
2025-12-29T00:00:00Z,BTCUSDT,0.00003373
2025-12-29T08:00:00Z,BTCUSDT,0.0001
2025-12-29T16:00:00Z,BTCUSDT,-0.00002482
2025-12-30T00:00:00Z,BTCUSDT,0.00005475
2025-12-30T08:00:00Z,BTCUSDT,-0.00003667
2025-12-30T16:00:00Z,BTCUSDT,0.00006054
2025-12-31T00:00:00Z,BTCUSDT,0.00003257
2025-12-31T08:00:00Z,BTCUSDT,0.00009464
2025-12-31T16:00:00Z,BTCUSDT,0.0001
2026-01-01T00:00:00Z,BTCUSDT,0.00003574
2026-01-01T08:00:00Z,BTCUSDT,0.00008507
2026-01-01T16:00:00Z,BTCUSDT,0.00000947
2026-01-02T00:00:00Z,BTCUSDT,0.0001
2026-01-02T08:00:00Z,BTCUSDT,0.0001
2026-01-02T16:00:00Z,BTCUSDT,0.00005313
2026-01-03T00:00:00Z,BTCUSDT,-0.00002524
2026-01-03T08:00:00Z,BTCUSDT,0.00002096
2026-01-03T16:00:00Z,BTCUSDT,0.00005118
2026-01-04T00:00:00Z,BTCUSDT,0.0001
2026-01-04T08:00:00Z,BTCUSDT,0.00006052
2026-01-04T16:00:00Z,BTCUSDT,-0.00000079
2026-01-05T00:00:00Z,BTCUSDT,-0.00001535
2026-01-05T08:00:00Z,BTCUSDT,0.00005121
2026-01-05T16:00:00Z,BTCUSDT,0.00004996
2026-01-06T00:00:00Z,BTCUSDT,-0.00004661
2026-01-06T08:00:00Z,BTCUSDT,-0.0000222
2026-01-06T16:00:00Z,BTCUSDT,0.0000468
2026-01-07T00:00:00Z,BTCUSDT,0.00009017
2026-01-07T08:00:00Z,BTCUSDT,0.00009575
2026-01-07T16:00:00Z,BTCUSDT,0.00002304
2026-01-08T00:00:00Z,BTCUSDT,0.00008564
2026-01-08T08:00:00Z,BTCUSDT,-0.0000138
2026-01-08T16:00:00Z,BTCUSDT,0.0000529
2026-01-09T00:00:00Z,BTCUSDT,0.00000224
2026-01-09T08:00:00Z,BTCUSDT,0.00005446
2026-01-09T16:00:00Z,BTCUSDT,0.00001388
2026-01-10T00:00:00Z,BTCUSDT,0.00005876
2026-01-10T08:00:00Z,BTCUSDT,0.0001
2026-01-10T16:00:00Z,BTCUSDT,0.00008103
2026-01-11T00:00:00Z,BTCUSDT,0.00004147
2026-01-11T08:00:00Z,BTCUSDT,0.00009574
2026-01-11T16:00:00Z,BTCUSDT,0.00004794
2026-01-12T00:00:00Z,BTCUSDT,0.00003946
2026-01-12T08:00:00Z,BTCUSDT,0.00002655
2026-01-12T16:00:00Z,BTCUSDT,0.00000558
2026-01-13T00:00:00Z,BTCUSDT,0.00002203
2026-01-13T08:00:00Z,BTCUSDT,0.0001
2026-01-13T16:00:00Z,BTCUSDT,0.00008533
2026-01-14T00:00:00Z,BTCUSDT,0.00007769
2026-01-14T08:00:00Z,BTCUSDT,0.0001
2026-01-14T16:00:00Z,BTCUSDT,0.0001
2026-01-15T00:00:00Z,BTCUSDT,-0.00000768
2026-01-15T08:00:00Z,BTCUSDT,0.00000193
2026-01-15T16:00:00Z,BTCUSDT,-0.00000441
2026-01-16T00:00:00Z,BTCUSDT,-0.00003671
2026-01-16T08:00:00Z,BTCUSDT,0.00005038
2026-01-16T16:00:00Z,BTCUSDT,0.00000396
2026-01-17T00:00:00Z,BTCUSDT,0.00006897
2026-01-17T08:00:00Z,BTCUSDT,0.00001796
2026-01-17T16:00:00Z,BTCUSDT,0.00000464
2026-01-18T00:00:00Z,BTCUSDT,0.00000495
2026-01-18T08:00:00Z,BTCUSDT,0.00004877
2026-01-18T16:00:00Z,BTCUSDT,0.00001662
2026-01-19T00:00:00Z,BTCUSDT,-0.00001073
2026-01-19T08:00:00Z,BTCUSDT,-0.00002772
2026-01-19T16:00:00Z,BTCUSDT,0.000021
2026-01-20T00:00:00Z,BTCUSDT,0.00003081
2026-01-20T08:00:00Z,BTCUSDT,-0.00001587
2026-01-20T16:00:00Z,BTCUSDT,-0.00001241
2026-01-21T00:00:00Z,BTCUSDT,0.00003191
2026-01-21T08:00:00Z,BTCUSDT,0.0000033
2026-01-21T16:00:00Z,BTCUSDT,0.00004007
2026-01-22T00:00:00Z,BTCUSDT,0.00005715
2026-01-22T08:00:00Z,BTCUSDT,0.00003047
2026-01-22T16:00:00Z,BTCUSDT,0.00000046
2026-01-23T00:00:00Z,BTCUSDT,0.00004883
2026-01-23T08:00:00Z,BTCUSDT,0.00002626
2026-01-23T16:00:00Z,BTCUSDT,-0.00003242
2026-01-24T00:00:00Z,BTCUSDT,-0.00000922
2026-01-24T08:00:00Z,BTCUSDT,-0.00002571
2026-01-24T16:00:00Z,BTCUSDT,-0.00002308
2026-01-25T00:00:00Z,BTCUSDT,-0.00002888
2026-01-25T08:00:00Z,BTCUSDT,0.00004576
2026-01-25T16:00:00Z,BTCUSDT,0.00003977
2026-01-26T00:00:00Z,BTCUSDT,-0.00000242
2026-01-26T08:00:00Z,BTCUSDT,0.00004497
2026-01-26T16:00:00Z,BTCUSDT,0.000037
2026-01-27T00:00:00Z,BTCUSDT,0.00003771
2026-01-27T08:00:00Z,BTCUSDT,0.00001233
2026-01-27T16:00:00Z,BTCUSDT,-0.00003249
2026-01-28T00:00:00Z,BTCUSDT,0.00005878
2026-01-28T08:00:00Z,BTCUSDT,0.00007136
2026-01-28T16:00:00Z,BTCUSDT,0.00004604
2026-01-29T00:00:00Z,BTCUSDT,0.00002277
2026-01-29T08:00:00Z,BTCUSDT,0.00001655
2026-01-29T16:00:00Z,BTCUSDT,-0.00000685
2026-01-30T00:00:00Z,BTCUSDT,-0.00001576
2026-01-30T08:00:00Z,BTCUSDT,-0.00006865
2026-01-30T16:00:00Z,BTCUSDT,-0.00004013
2026-01-31T00:00:00Z,BTCUSDT,0.00009175
2026-01-31T08:00:00Z,BTCUSDT,0.00004577
2026-01-31T16:00:00Z,BTCUSDT,0.00002269
2026-02-01T00:00:00Z,BTCUSDT,0.00000818
2026-02-01T08:00:00Z,BTCUSDT,-0.00001777
2026-02-01T16:00:00Z,BTCUSDT,0.00001922
2026-02-02T00:00:00Z,BTCUSDT,0.00005086
2026-02-02T08:00:00Z,BTCUSDT,0.00000333
2026-02-02T16:00:00Z,BTCUSDT,-0.00002239
2026-02-03T00:00:00Z,BTCUSDT,-0.00002664
2026-02-03T08:00:00Z,BTCUSDT,0.00002969
2026-02-03T16:00:00Z,BTCUSDT,-0.00004127
2026-02-04T00:00:00Z,BTCUSDT,0.00000278
2026-02-04T08:00:00Z,BTCUSDT,0.00009059
2026-02-04T16:00:00Z,BTCUSDT,0.00004301
2026-02-05T00:00:00Z,BTCUSDT,0.0000471
2026-02-05T08:00:00Z,BTCUSDT,0.00002503
2026-02-05T16:00:00Z,BTCUSDT,0.00002066
2026-02-06T00:00:00Z,BTCUSDT,0.00000872
2026-02-06T08:00:00Z,BTCUSDT,-0.00000784
2026-02-06T16:00:00Z,BTCUSDT,-0.00009333
2026-02-07T00:00:00Z,BTCUSDT,-0.00006377
2026-02-07T08:00:00Z,BTCUSDT,0.00001339
2026-02-07T16:00:00Z,BTCUSDT,0.00002463
2026-02-08T00:00:00Z,BTCUSDT,0.00000651
2026-02-08T08:00:00Z,BTCUSDT,-0.00004565
2026-02-08T16:00:00Z,BTCUSDT,-0.00000966
2026-02-09T00:00:00Z,BTCUSDT,0.00001522
2026-02-09T08:00:00Z,BTCUSDT,-0.00001797
2026-02-09T16:00:00Z,BTCUSDT,-0.00003862
2026-02-10T00:00:00Z,BTCUSDT,0.000061
2026-02-10T08:00:00Z,BTCUSDT,-0.0000432
2026-02-10T16:00:00Z,BTCUSDT,-0.00005877
2026-02-11T00:00:00Z,BTCUSDT,-0.00002347
2026-02-11T08:00:00Z,BTCUSDT,-0.00006234
2026-02-11T16:00:00Z,BTCUSDT,-0.00000841
2026-02-12T00:00:00Z,BTCUSDT,0.00000904
2026-02-12T08:00:00Z,BTCUSDT,0.00007205
2026-02-12T16:00:00Z,BTCUSDT,0.0001
2026-02-13T00:00:00Z,BTCUSDT,0.00000148
2026-02-13T08:00:00Z,BTCUSDT,0.00003691
2026-02-13T16:00:00Z,BTCUSDT,0.00003088
2026-02-14T00:00:00Z,BTCUSDT,-0.00001529
2026-02-14T08:00:00Z,BTCUSDT,-0.0000151
2026-02-14T16:00:00Z,BTCUSDT,0.00008737
2026-02-15T00:00:00Z,BTCUSDT,0.00006207
2026-02-15T08:00:00Z,BTCUSDT,0.00003283
2026-02-15T16:00:00Z,BTCUSDT,0.0000212
2026-02-16T00:00:00Z,BTCUSDT,0.00007436
2026-02-16T08:00:00Z,BTCUSDT,0.00003523
2026-02-16T16:00:00Z,BTCUSDT,-0.00002246
2026-02-17T00:00:00Z,BTCUSDT,0.00003206
2026-02-17T08:00:00Z,BTCUSDT,0.00001909
2026-02-17T16:00:00Z,BTCUSDT,-0.00001232
2026-02-18T00:00:00Z,BTCUSDT,0.00001873
2026-02-18T08:00:00Z,BTCUSDT,-0.0000017
2026-02-18T16:00:00Z,BTCUSDT,0.00000404
2026-02-19T00:00:00Z,BTCUSDT,-0.00001595
2026-02-19T08:00:00Z,BTCUSDT,0.000052
2026-02-19T16:00:00Z,BTCUSDT,0.00000929
2026-02-20T00:00:00Z,BTCUSDT,0.0001
2026-02-20T08:00:00Z,BTCUSDT,0.0001
2026-02-20T16:00:00Z,BTCUSDT,0.00007455
2026-02-21T00:00:00Z,BTCUSDT,0.0001
2026-02-21T08:00:00Z,BTCUSDT,0.00009803
2026-02-21T16:00:00Z,BTCUSDT,0.00008445
2026-02-22T00:00:00Z,BTCUSDT,0.00001996
2026-02-22T08:00:00Z,BTCUSDT,-0.00002637
2026-02-22T16:00:00Z,BTCUSDT,-0.00000755
2026-02-23T00:00:00Z,BTCUSDT,-0.00000232
2026-02-23T08:00:00Z,BTCUSDT,-0.00006028
2026-02-23T16:00:00Z,BTCUSDT,0.00001294
2026-02-24T00:00:00Z,BTCUSDT,-0.00004456
2026-02-24T08:00:00Z,BTCUSDT,-0.0000839
2026-02-24T16:00:00Z,BTCUSDT,0.00002037
2026-02-25T00:00:00Z,BTCUSDT,0.00001405
2026-02-25T08:00:00Z,BTCUSDT,0.0001
2026-02-25T16:00:00Z,BTCUSDT,0.00005544
2026-02-26T00:00:00Z,BTCUSDT,0.00003563
2026-02-26T08:00:00Z,BTCUSDT,0.0001
2026-02-26T16:00:00Z,BTCUSDT,0.00004048
2026-02-27T00:00:00Z,BTCUSDT,0.00003949
2026-02-27T08:00:00Z,BTCUSDT,-0.0000067
2026-02-27T16:00:00Z,BTCUSDT,-0.00000123
2026-02-28T00:00:00Z,BTCUSDT,-0.000013
2026-02-28T08:00:00Z,BTCUSDT,-0.00004555
2026-02-28T16:00:00Z,BTCUSDT,-0.00002304
2026-03-01T00:00:00Z,BTCUSDT,0.0000272
2026-03-01T08:00:00Z,BTCUSDT,0.00009248
2026-03-01T16:00:00Z,BTCUSDT,0.00006513
2026-03-02T00:00:00Z,BTCUSDT,0.00001312
2026-03-02T08:00:00Z,BTCUSDT,0.00003004
2026-03-02T16:00:00Z,BTCUSDT,0.00002662
2026-03-03T00:00:00Z,BTCUSDT,0.00001835
2026-03-03T08:00:00Z,BTCUSDT,0.00001216
2026-03-03T16:00:00Z,BTCUSDT,0.00000704
2026-03-04T00:00:00Z,BTCUSDT,0.00002232
2026-03-04T08:00:00Z,BTCUSDT,-0.00000533
2026-03-04T16:00:00Z,BTCUSDT,0.00003549
2026-03-05T00:00:00Z,BTCUSDT,-0.00005395
2026-03-05T08:00:00Z,BTCUSDT,-0.00004077
2026-03-05T16:00:00Z,BTCUSDT,-0.00004675
2026-03-06T00:00:00Z,BTCUSDT,-0.0000065
2026-03-06T08:00:00Z,BTCUSDT,0.0000017
2026-03-06T16:00:00Z,BTCUSDT,-0.00000368
2026-03-07T00:00:00Z,BTCUSDT,-0.00005886
2026-03-07T08:00:00Z,BTCUSDT,-0.00002954
2026-03-07T16:00:00Z,BTCUSDT,-0.0000184
2026-03-08T00:00:00Z,BTCUSDT,-0.00003754
2026-03-08T08:00:00Z,BTCUSDT,-0.00004305
2026-03-08T16:00:00Z,BTCUSDT,-0.00003147
2026-03-09T00:00:00Z,BTCUSDT,-0.00003904
2026-03-09T08:00:00Z,BTCUSDT,-0.00002969
2026-03-09T16:00:00Z,BTCUSDT,-0.00004027
2026-03-10T00:00:00Z,BTCUSDT,-0.00006036
2026-03-10T08:00:00Z,BTCUSDT,0.00005053
2026-03-10T16:00:00Z,BTCUSDT,0.00003653
2026-03-11T00:00:00Z,BTCUSDT,-0.00010651
2026-03-11T08:00:00Z,BTCUSDT,-0.00004524
2026-03-11T16:00:00Z,BTCUSDT,-0.00003643
2026-03-12T00:00:00Z,BTCUSDT,-0.00006084
2026-03-12T08:00:00Z,BTCUSDT,-0.0000594
2026-03-12T16:00:00Z,BTCUSDT,-0.00003673
2026-03-13T00:00:00Z,BTCUSDT,-0.00004285
2026-03-13T08:00:00Z,BTCUSDT,0.00005018
2026-03-13T16:00:00Z,BTCUSDT,0.00000081
2026-03-14T00:00:00Z,BTCUSDT,-0.00006159
2026-03-14T08:00:00Z,BTCUSDT,-0.00003443
2026-03-14T16:00:00Z,BTCUSDT,-0.00008727
2026-03-15T00:00:00Z,BTCUSDT,-0.00005834
2026-03-15T08:00:00Z,BTCUSDT,0.00000494
2026-03-15T16:00:00Z,BTCUSDT,0.00003891
2026-03-16T00:00:00Z,BTCUSDT,-0.00001303
2026-03-16T08:00:00Z,BTCUSDT,0.00006555
2026-03-16T16:00:00Z,BTCUSDT,-0.00000091
2026-03-17T00:00:00Z,BTCUSDT,0.0000933
2026-03-17T08:00:00Z,BTCUSDT,0.00004348
2026-03-17T16:00:00Z,BTCUSDT,-0.00003818
2026-03-18T00:00:00Z,BTCUSDT,0.00000429
2026-03-18T08:00:00Z,BTCUSDT,0.00001092
2026-03-18T16:00:00Z,BTCUSDT,-0.00003817
2026-03-19T00:00:00Z,BTCUSDT,0.00001783
2026-03-19T08:00:00Z,BTCUSDT,0.00001935
2026-03-19T16:00:00Z,BTCUSDT,0.00000236
2026-03-20T00:00:00Z,BTCUSDT,0.00005293
2026-03-20T08:00:00Z,BTCUSDT,0.00004069
2026-03-20T16:00:00Z,BTCUSDT,0.00001439
2026-03-21T00:00:00Z,BTCUSDT,0.00005021
2026-03-21T08:00:00Z,BTCUSDT,0.00003867
2026-03-21T16:00:00Z,BTCUSDT,-0.00002305
2026-03-22T00:00:00Z,BTCUSDT,-0.00009613
2026-03-22T08:00:00Z,BTCUSDT,-0.00006035
2026-03-22T16:00:00Z,BTCUSDT,-0.00001448
2026-03-23T00:00:00Z,BTCUSDT,-0.00003128
2026-03-23T08:00:00Z,BTCUSDT,0.00000998
2026-03-23T16:00:00Z,BTCUSDT,0.0000561
2026-03-24T00:00:00Z,BTCUSDT,0.00003782
2026-03-24T08:00:00Z,BTCUSDT,0.00001995
2026-03-24T16:00:00Z,BTCUSDT,0.00005202
2026-03-25T00:00:00Z,BTCUSDT,0.00005529
2026-03-25T08:00:00Z,BTCUSDT,0.0001
2026-03-25T16:00:00Z,BTCUSDT,-0.00000051
2026-03-26T00:00:00Z,BTCUSDT,0.00000872
2026-03-26T08:00:00Z,BTCUSDT,-0.00000681
2026-03-26T16:00:00Z,BTCUSDT,0.00000721
2026-03-27T00:00:00Z,BTCUSDT,0.00006279
2026-03-27T08:00:00Z,BTCUSDT,0.00001085
2026-03-27T16:00:00Z,BTCUSDT,-0.0000422
2026-03-28T00:00:00Z,BTCUSDT,0.00006645
2026-03-28T08:00:00Z,BTCUSDT,-0.00001938
2026-03-28T16:00:00Z,BTCUSDT,-0.00003452
2026-03-29T00:00:00Z,BTCUSDT,-0.00001612
2026-03-29T08:00:00Z,BTCUSDT,-0.00002567
2026-03-29T16:00:00Z,BTCUSDT,0.00001795
2026-03-30T00:00:00Z,BTCUSDT,0.00001496
2026-03-30T08:00:00Z,BTCUSDT,-0.00000847
2026-03-30T16:00:00Z,BTCUSDT,-0.00000693
2026-03-31T00:00:00Z,BTCUSDT,-0.0000415
2026-03-31T08:00:00Z,BTCUSDT,0.00003004
2026-03-31T16:00:00Z,BTCUSDT,0.00002679
2026-04-01T00:00:00Z,BTCUSDT,0.00001245
2026-04-01T08:00:00Z,BTCUSDT,0.00008087
2026-04-01T16:00:00Z,BTCUSDT,0.00002341
2026-04-02T00:00:00Z,BTCUSDT,-0.00000538
2026-04-02T08:00:00Z,BTCUSDT,-0.00005339
2026-04-02T16:00:00Z,BTCUSDT,-0.00005711
2026-04-03T00:00:00Z,BTCUSDT,0.00002082
2026-04-03T08:00:00Z,BTCUSDT,-0.00002173
2026-04-03T16:00:00Z,BTCUSDT,0.00001606
2026-04-04T00:00:00Z,BTCUSDT,0.0000464
2026-04-04T08:00:00Z,BTCUSDT,0.00003085
2026-04-04T16:00:00Z,BTCUSDT,0.00001429
2026-04-05T00:00:00Z,BTCUSDT,0.00000288
2026-04-05T08:00:00Z,BTCUSDT,-0.00003078
2026-04-05T16:00:00Z,BTCUSDT,0.00001708
2026-04-06T00:00:00Z,BTCUSDT,0.00004917
2026-04-06T08:00:00Z,BTCUSDT,0.00006702
2026-04-06T16:00:00Z,BTCUSDT,-0.00001085
2026-04-07T00:00:00Z,BTCUSDT,-0.00006556
2026-04-07T08:00:00Z,BTCUSDT,-0.00002482
2026-04-07T16:00:00Z,BTCUSDT,0.00000337
2026-04-08T00:00:00Z,BTCUSDT,0.00008173
2026-04-08T08:00:00Z,BTCUSDT,0.00007604
2026-04-08T16:00:00Z,BTCUSDT,0.00003729
2026-04-09T00:00:00Z,BTCUSDT,0.00001289
2026-04-09T08:00:00Z,BTCUSDT,0.00002268
2026-04-09T16:00:00Z,BTCUSDT,0.00006094
2026-04-10T00:00:00Z,BTCUSDT,0.00008631
2026-04-10T08:00:00Z,BTCUSDT,0.0001
2026-04-10T16:00:00Z,BTCUSDT,0.00005532
2026-04-11T00:00:00Z,BTCUSDT,-0.00001994
2026-04-11T08:00:00Z,BTCUSDT,-0.00003168
2026-04-11T16:00:00Z,BTCUSDT,0.00000319
2026-04-12T00:00:00Z,BTCUSDT,0.00003126
2026-04-12T08:00:00Z,BTCUSDT,-0.0000132
2026-04-12T16:00:00Z,BTCUSDT,0.00000126
2026-04-13T00:00:00Z,BTCUSDT,-0.00003174
2026-04-13T08:00:00Z,BTCUSDT,0.00002357
2026-04-13T16:00:00Z,BTCUSDT,-0.00005728
2026-04-14T00:00:00Z,BTCUSDT,-0.00002325
2026-04-14T08:00:00Z,BTCUSDT,0.00007874
2026-04-14T16:00:00Z,BTCUSDT,-0.00000054
2026-04-15T00:00:00Z,BTCUSDT,-0.00016192
2026-04-15T08:00:00Z,BTCUSDT,-0.00007656
2026-04-15T16:00:00Z,BTCUSDT,-0.00007156
2026-04-16T00:00:00Z,BTCUSDT,-0.00001653
2026-04-16T08:00:00Z,BTCUSDT,-0.0000346
2026-04-16T16:00:00Z,BTCUSDT,-0.00008038
2026-04-17T00:00:00Z,BTCUSDT,0.00001867
2026-04-17T08:00:00Z,BTCUSDT,-0.00001646
2026-04-17T16:00:00Z,BTCUSDT,-0.00000154
2026-04-18T00:00:00Z,BTCUSDT,-0.00008918
2026-04-18T08:00:00Z,BTCUSDT,-0.00007785
2026-04-18T16:00:00Z,BTCUSDT,-0.0000915
2026-04-19T00:00:00Z,BTCUSDT,-0.00002841
2026-04-19T08:00:00Z,BTCUSDT,-0.00001889
2026-04-19T16:00:00Z,BTCUSDT,0.00000526
2026-04-20T00:00:00Z,BTCUSDT,-0.00001423
2026-04-20T08:00:00Z,BTCUSDT,-0.0000142
2026-04-20T16:00:00Z,BTCUSDT,-0.00000067
2026-04-21T00:00:00Z,BTCUSDT,-0.00008607
2026-04-21T08:00:00Z,BTCUSDT,-0.00006603
2026-04-21T16:00:00Z,BTCUSDT,-0.00003805
2026-04-22T00:00:00Z,BTCUSDT,0.00001119
2026-04-22T08:00:00Z,BTCUSDT,0.00002767
2026-04-22T16:00:00Z,BTCUSDT,-0.00005123
2026-04-23T00:00:00Z,BTCUSDT,-0.00006104
2026-04-23T08:00:00Z,BTCUSDT,-0.00005324
2026-04-23T16:00:00Z,BTCUSDT,0.00000022
2026-04-24T00:00:00Z,BTCUSDT,-0.00003354
2026-04-24T08:00:00Z,BTCUSDT,0.00002763
2026-04-24T16:00:00Z,BTCUSDT,-0.0000407
2026-04-25T00:00:00Z,BTCUSDT,-0.00000545
2026-04-25T08:00:00Z,BTCUSDT,-0.00000279
2026-04-25T16:00:00Z,BTCUSDT,-0.0000309
2026-04-26T00:00:00Z,BTCUSDT,0.00001835
2026-04-26T08:00:00Z,BTCUSDT,0.00002842
2026-04-26T16:00:00Z,BTCUSDT,0.00000889
2026-04-27T00:00:00Z,BTCUSDT,0.00000445
2026-04-27T08:00:00Z,BTCUSDT,0.00002977
2026-04-27T16:00:00Z,BTCUSDT,-0.00001593
2026-04-28T00:00:00Z,BTCUSDT,0.0000146
2026-04-28T08:00:00Z,BTCUSDT,-0.00007225
2026-04-28T16:00:00Z,BTCUSDT,-0.00000835
2026-04-29T00:00:00Z,BTCUSDT,-0.00000199
2026-04-29T08:00:00Z,BTCUSDT,-0.00005559
2026-04-29T16:00:00Z,BTCUSDT,-0.00005871
2026-04-30T00:00:00Z,BTCUSDT,-0.00000331
2026-04-30T08:00:00Z,BTCUSDT,-0.0000285
2026-04-30T16:00:00Z,BTCUSDT,-0.00004675
2026-05-01T00:00:00Z,BTCUSDT,-0.0000518
2026-05-01T08:00:00Z,BTCUSDT,-0.00002354
2026-05-01T16:00:00Z,BTCUSDT,-0.00002639
2026-05-02T00:00:00Z,BTCUSDT,-0.00007815
2026-05-02T08:00:00Z,BTCUSDT,-0.00004432
2026-05-02T16:00:00Z,BTCUSDT,-0.00003682
2026-05-03T00:00:00Z,BTCUSDT,0.00002292
2026-05-03T08:00:00Z,BTCUSDT,-0.00003062
2026-05-03T16:00:00Z,BTCUSDT,0.00006191
2026-05-04T00:00:00Z,BTCUSDT,0.0000688
2026-05-04T08:00:00Z,BTCUSDT,0.00003395
2026-05-04T16:00:00Z,BTCUSDT,-0.0000368
2026-05-05T00:00:00Z,BTCUSDT,-0.00006316
2026-05-05T08:00:00Z,BTCUSDT,0.00000173
2026-05-05T16:00:00Z,BTCUSDT,-0.00002771
2026-05-06T00:00:00Z,BTCUSDT,-0.00009189
2026-05-06T08:00:00Z,BTCUSDT,-0.00003041
2026-05-06T16:00:00Z,BTCUSDT,0.00002016
2026-05-07T00:00:00Z,BTCUSDT,-0.00002988
2026-05-07T08:00:00Z,BTCUSDT,0.00000917
2026-05-07T16:00:00Z,BTCUSDT,0.00004301
2026-05-08T00:00:00Z,BTCUSDT,0.00004014
2026-05-08T08:00:00Z,BTCUSDT,0.00003823
2026-05-08T16:00:00Z,BTCUSDT,0.00002934
2026-05-09T00:00:00Z,BTCUSDT,0.00002557
2026-05-09T08:00:00Z,BTCUSDT,-0.00001618
2026-05-09T16:00:00Z,BTCUSDT,0.00002584
2026-05-10T00:00:00Z,BTCUSDT,-0.00003074
2026-05-10T08:00:00Z,BTCUSDT,0.0000058
2026-05-10T16:00:00Z,BTCUSDT,0.00003436
2026-05-11T00:00:00Z,BTCUSDT,0.00002867
2026-05-11T08:00:00Z,BTCUSDT,0.00005033
2026-05-11T16:00:00Z,BTCUSDT,0.00001899
2026-05-12T00:00:00Z,BTCUSDT,0.00001583
2026-05-12T08:00:00Z,BTCUSDT,-0.00002496
2026-05-12T16:00:00Z,BTCUSDT,0.00001992
2026-05-13T00:00:00Z,BTCUSDT,-0.00000754
2026-05-13T08:00:00Z,BTCUSDT,0.00005038
2026-05-13T16:00:00Z,BTCUSDT,-0.00001024
2026-05-14T00:00:00Z,BTCUSDT,0.00005522
2026-05-14T08:00:00Z,BTCUSDT,0.00002389
2026-05-14T16:00:00Z,BTCUSDT,-0.00000007
2026-05-15T00:00:00Z,BTCUSDT,-0.00005569
2026-05-15T08:00:00Z,BTCUSDT,-0.00001847
2026-05-15T16:00:00Z,BTCUSDT,-0.00001843
2026-05-16T00:00:00Z,BTCUSDT,-0.00004507
2026-05-16T08:00:00Z,BTCUSDT,-0.00001859
2026-05-16T16:00:00Z,BTCUSDT,0.00002209
2026-05-17T00:00:00Z,BTCUSDT,0.00004075
2026-05-17T08:00:00Z,BTCUSDT,0.00001199
2026-05-17T16:00:00Z,BTCUSDT,0.00000026
2026-05-18T00:00:00Z,BTCUSDT,-0.00001269
2026-05-18T08:00:00Z,BTCUSDT,0.00006193
2026-05-18T16:00:00Z,BTCUSDT,0.00005491
2026-05-19T00:00:00Z,BTCUSDT,0.00003957
2026-05-19T08:00:00Z,BTCUSDT,0.00004736
2026-05-19T16:00:00Z,BTCUSDT,0.00007452
2026-05-20T00:00:00Z,BTCUSDT,0.0001
2026-05-20T08:00:00Z,BTCUSDT,0.00009058
2026-05-20T16:00:00Z,BTCUSDT,0.00008696
2026-05-21T00:00:00Z,BTCUSDT,0.00002703
2026-05-21T08:00:00Z,BTCUSDT,0.00004975
2026-05-21T16:00:00Z,BTCUSDT,0.00004854
2026-05-22T00:00:00Z,BTCUSDT,0.00006411
2026-05-22T08:00:00Z,BTCUSDT,0.00001334
2026-05-22T16:00:00Z,BTCUSDT,0.00007855
2026-05-23T00:00:00Z,BTCUSDT,0.00004144
2026-05-23T08:00:00Z,BTCUSDT,-0.00000539
2026-05-23T16:00:00Z,BTCUSDT,0.00000753
2026-05-24T00:00:00Z,BTCUSDT,0.00004057
2026-05-24T08:00:00Z,BTCUSDT,0.00008428
2026-05-24T16:00:00Z,BTCUSDT,0.00001515
2026-05-25T00:00:00Z,BTCUSDT,0.00001907
2026-05-25T08:00:00Z,BTCUSDT,0.00008207
2026-05-25T16:00:00Z,BTCUSDT,0.00007338
2026-05-26T00:00:00Z,BTCUSDT,0.00004014
2026-05-26T08:00:00Z,BTCUSDT,-0.00000867
2026-05-26T16:00:00Z,BTCUSDT,0.00000599
2026-05-27T00:00:00Z,BTCUSDT,0.00001507
2026-05-27T08:00:00Z,BTCUSDT,-0.00009095
2026-05-27T16:00:00Z,BTCUSDT,-0.00000558
2026-05-28T00:00:00Z,BTCUSDT,0.00003609
2026-05-28T08:00:00Z,BTCUSDT,0.00001112
2026-05-28T16:00:00Z,BTCUSDT,0.00008955
2026-05-29T00:00:00Z,BTCUSDT,0.0001
2026-05-29T08:00:00Z,BTCUSDT,0.00004155
2026-05-29T16:00:00Z,BTCUSDT,0.00002605
2026-05-30T00:00:00Z,BTCUSDT,0.00006986
2026-05-30T08:00:00Z,BTCUSDT,0.00002284
2026-05-30T16:00:00Z,BTCUSDT,0.00003917
2026-05-31T00:00:00Z,BTCUSDT,0.00007356
2026-05-31T08:00:00Z,BTCUSDT,0.00005136
2026-05-31T16:00:00Z,BTCUSDT,0.00006798
2026-06-01T00:00:00Z,BTCUSDT,0.00004369
2026-06-01T08:00:00Z,BTCUSDT,-0.00000338
2026-06-01T16:00:00Z,BTCUSDT,0.0000723
2026-06-02T00:00:00Z,BTCUSDT,0.0001
2026-06-02T08:00:00Z,BTCUSDT,0.0001
2026-06-02T16:00:00Z,BTCUSDT,0.00009202
2026-06-03T00:00:00Z,BTCUSDT,0.00000668
2026-06-03T08:00:00Z,BTCUSDT,0.00004329
2026-06-03T16:00:00Z,BTCUSDT,0.0000814
2026-06-04T00:00:00Z,BTCUSDT,-0.00000452
2026-06-04T08:00:00Z,BTCUSDT,0.00003034
2026-06-04T16:00:00Z,BTCUSDT,-0.00000117
2026-06-05T00:00:00Z,BTCUSDT,-0.00002403
2026-06-05T08:00:00Z,BTCUSDT,-0.00003588
2026-06-05T16:00:00Z,BTCUSDT,-0.00002692
2026-06-06T00:00:00Z,BTCUSDT,0.00002774
2026-06-06T08:00:00Z,BTCUSDT,0.00003805
2026-06-06T16:00:00Z,BTCUSDT,-0.00000406
2026-06-07T00:00:00Z,BTCUSDT,-0.00004138
2026-06-07T08:00:00Z,BTCUSDT,-0.00001916
2026-06-07T16:00:00Z,BTCUSDT,0.00001038
2026-06-08T00:00:00Z,BTCUSDT,0.00000839
2026-06-08T08:00:00Z,BTCUSDT,0.00002491
2026-06-08T16:00:00Z,BTCUSDT,0.00003697
2026-06-09T00:00:00Z,BTCUSDT,0.00001644
2026-06-09T08:00:00Z,BTCUSDT,0.00003712
2026-06-09T16:00:00Z,BTCUSDT,0.00001714
2026-06-10T00:00:00Z,BTCUSDT,0.00004476
2026-06-10T08:00:00Z,BTCUSDT,-0.00004518
2026-06-10T16:00:00Z,BTCUSDT,0.00003639
2026-06-11T00:00:00Z,BTCUSDT,-0.00000813
2026-06-11T08:00:00Z,BTCUSDT,0.00009561
2026-06-11T16:00:00Z,BTCUSDT,0.00006345
2026-06-12T00:00:00Z,BTCUSDT,0.00008605
2026-06-12T08:00:00Z,BTCUSDT,0.00002498
2026-06-12T16:00:00Z,BTCUSDT,0.00005088
2026-06-13T00:00:00Z,BTCUSDT,0.0000288
2026-06-13T08:00:00Z,BTCUSDT,0.00001355
2026-06-13T16:00:00Z,BTCUSDT,0.00001254
2026-06-14T00:00:00Z,BTCUSDT,0.0000048
2026-06-14T08:00:00Z,BTCUSDT,0.00000632
2026-06-14T16:00:00Z,BTCUSDT,0.00001454
2026-06-15T00:00:00Z,BTCUSDT,0.00002186
2026-06-15T08:00:00Z,BTCUSDT,0.00001124
2026-06-15T16:00:00Z,BTCUSDT,-0.00001115
2026-06-16T00:00:00Z,BTCUSDT,0.00002767
2026-06-16T08:00:00Z,BTCUSDT,-0.00004695
2026-06-16T16:00:00Z,BTCUSDT,0.00004902
2026-06-17T00:00:00Z,BTCUSDT,0.00005459
2026-06-17T08:00:00Z,BTCUSDT,0.00001567
2026-06-17T16:00:00Z,BTCUSDT,0.0000036
2026-06-18T00:00:00Z,BTCUSDT,-0.00000327
2026-06-18T08:00:00Z,BTCUSDT,-0.00001297
2026-06-18T16:00:00Z,BTCUSDT,-0.00002986
2026-06-19T00:00:00Z,BTCUSDT,-0.0000469
2026-06-19T08:00:00Z,BTCUSDT,-0.00003489
2026-06-19T16:00:00Z,BTCUSDT,-0.00005782
2026-06-20T00:00:00Z,BTCUSDT,0.00001592
2026-06-20T08:00:00Z,BTCUSDT,0.00000203
2026-06-20T16:00:00Z,BTCUSDT,0.00004672
2026-06-21T00:00:00Z,BTCUSDT,0.00001095
2026-06-21T08:00:00Z,BTCUSDT,-0.00000258
2026-06-21T16:00:00Z,BTCUSDT,-0.00003646
2026-06-22T00:00:00Z,BTCUSDT,-0.00001456
2026-06-22T08:00:00Z,BTCUSDT,0.00001727
2026-06-22T16:00:00Z,BTCUSDT,0.00004573
2026-06-23T00:00:00Z,BTCUSDT,0.00000279
2026-06-23T08:00:00Z,BTCUSDT,0.00001158
2026-06-23T16:00:00Z,BTCUSDT,-0.00002607
2026-06-24T00:00:00Z,BTCUSDT,-0.00001764
2026-06-24T08:00:00Z,BTCUSDT,0.00003367
2026-06-24T16:00:00Z,BTCUSDT,-0.00005744
2026-06-25T00:00:00Z,BTCUSDT,-0.00003746
2026-06-25T08:00:00Z,BTCUSDT,-0.00001995
2026-06-25T16:00:00Z,BTCUSDT,-0.00007541
2026-06-26T00:00:00Z,BTCUSDT,0.00002172
2026-06-26T08:00:00Z,BTCUSDT,-0.00001395
2026-06-26T16:00:00Z,BTCUSDT,0.00003099
2026-06-27T00:00:00Z,BTCUSDT,0.00002108
2026-06-27T08:00:00Z,BTCUSDT,0.00000701
2026-06-27T16:00:00Z,BTCUSDT,-0.00000889
2026-06-28T00:00:00Z,BTCUSDT,-0.00003417
2026-06-28T08:00:00Z,BTCUSDT,-0.00001071
2026-06-28T16:00:00Z,BTCUSDT,0.00002349
2026-06-29T00:00:00Z,BTCUSDT,0.00001585
2026-06-29T08:00:00Z,BTCUSDT,0.0000168
2026-06-29T16:00:00Z,BTCUSDT,0.00007079
2026-06-30T00:00:00Z,BTCUSDT,0.0001
2026-06-30T08:00:00Z,BTCUSDT,-0.00001072
2026-06-30T16:00:00Z,BTCUSDT,0.00003036
2026-07-01T00:00:00Z,BTCUSDT,0.00004036
2026-07-01T08:00:00Z,BTCUSDT,0.00009078
2026-07-01T16:00:00Z,BTCUSDT,0.00008186
2026-07-02T00:00:00Z,BTCUSDT,0.00008594
2026-07-02T08:00:00Z,BTCUSDT,0.0001
2026-07-02T16:00:00Z,BTCUSDT,0.00005972
2026-07-03T00:00:00Z,BTCUSDT,0.00005107
2026-07-03T08:00:00Z,BTCUSDT,0.00007429
2026-07-03T16:00:00Z,BTCUSDT,0.00002602
2026-07-04T00:00:00Z,BTCUSDT,0.00003466
2026-07-04T08:00:00Z,BTCUSDT,0.00007537
2026-07-04T16:00:00Z,BTCUSDT,0.00005205
2026-07-05T00:00:00Z,BTCUSDT,0.00003282
2026-07-05T08:00:00Z,BTCUSDT,0.00003719
2026-07-05T16:00:00Z,BTCUSDT,0.00003106
2026-07-06T00:00:00Z,BTCUSDT,0.00005565
2026-07-06T08:00:00Z,BTCUSDT,-0.00000755
2026-07-06T16:00:00Z,BTCUSDT,0.00009435
2026-07-07T00:00:00Z,BTCUSDT,0.0001
2026-07-07T08:00:00Z,BTCUSDT,0.0000322
2026-07-07T16:00:00Z,BTCUSDT,0.0001
2026-07-08T00:00:00Z,BTCUSDT,0.0000455
2026-07-08T08:00:00Z,BTCUSDT,0.00003534
2026-07-08T16:00:00Z,BTCUSDT,0.00006329
2026-07-09T00:00:00Z,BTCUSDT,0.00008991
2026-07-09T08:00:00Z,BTCUSDT,0.00005552
2026-07-09T16:00:00Z,BTCUSDT,0.00005343
2026-07-10T00:00:00Z,BTCUSDT,0.00007151
2026-07-10T08:00:00Z,BTCUSDT,0.0001
2026-07-10T16:00:00Z,BTCUSDT,0.0001
2026-07-11T00:00:00Z,BTCUSDT,0.0001
2026-07-11T08:00:00Z,BTCUSDT,0.00007282
2026-07-11T16:00:00Z,BTCUSDT,0.00008697
2026-07-12T00:00:00Z,BTCUSDT,0.00006748
2026-07-12T08:00:00Z,BTCUSDT,0.00001256
2026-07-12T16:00:00Z,BTCUSDT,0.00004795
2026-07-13T00:00:00Z,BTCUSDT,0.00002717
2026-07-13T08:00:00Z,BTCUSDT,-0.0000426
2026-07-13T16:00:00Z,BTCUSDT,0.00003144
2026-07-14T00:00:00Z,BTCUSDT,0.00002559
2026-07-14T08:00:00Z,BTCUSDT,0.00006919
2026-07-14T16:00:00Z,BTCUSDT,0.0001
2026-07-15T00:00:00Z,BTCUSDT,0.0001
2026-07-15T08:00:00Z,BTCUSDT,0.0001
2026-07-15T16:00:00Z,BTCUSDT,0.00003971
2026-07-16T00:00:00Z,BTCUSDT,0.00005402
2026-07-16T08:00:00Z,BTCUSDT,0.0000381
2026-07-16T16:00:00Z,BTCUSDT,0.00003123
2026-07-17T00:00:00Z,BTCUSDT,0.00001171
2026-07-17T08:00:00Z,BTCUSDT,-0.00001184
2026-07-17T16:00:00Z,BTCUSDT,0.0000369
2026-07-18T00:00:00Z,BTCUSDT,0.00002879
2026-07-18T08:00:00Z,BTCUSDT,0.00002942
2026-07-18T16:00:00Z,BTCUSDT,-0.00000626
2026-07-19T00:00:00Z,BTCUSDT,0.00002913
2026-07-19T08:00:00Z,BTCUSDT,0.0001
2026-07-19T16:00:00Z,BTCUSDT,0.00006601
2026-07-20T00:00:00Z,BTCUSDT,0.00003147
2026-07-20T08:00:00Z,BTCUSDT,0.00001131
2026-07-20T16:00:00Z,BTCUSDT,0.00003778
2026-07-21T00:00:00Z,BTCUSDT,0.00003242
2026-07-21T08:00:00Z,BTCUSDT,0.00006956
2026-07-21T16:00:00Z,BTCUSDT,0.00004234
2026-07-22T00:00:00Z,BTCUSDT,0.00003311
2026-07-22T08:00:00Z,BTCUSDT,0.00001733
2026-07-22T16:00:00Z,BTCUSDT,-0.00002153
2026-07-23T00:00:00Z,BTCUSDT,-0.00002066
2026-07-23T08:00:00Z,BTCUSDT,-0.0000346
2026-07-23T16:00:00Z,BTCUSDT,0.00000774
2026-07-24T00:00:00Z,BTCUSDT,0.00001704
2026-07-24T08:00:00Z,BTCUSDT,0.00004542
2026-07-24T16:00:00Z,BTCUSDT,-0.0000106
2026-07-25T00:00:00Z,BTCUSDT,-0.00001854
2026-07-25T08:00:00Z,BTCUSDT,-0.00002672
2026-07-25T16:00:00Z,BTCUSDT,-0.00004668
2026-07-26T00:00:00Z,BTCUSDT,-0.00001212
2026-07-26T08:00:00Z,BTCUSDT,0.00001197
2026-07-26T16:00:00Z,BTCUSDT,0.00001413
2026-07-27T00:00:00Z,BTCUSDT,0.0000505
2026-07-27T08:00:00Z,BTCUSDT,0.00006021
2026-07-27T16:00:00Z,BTCUSDT,0.00003134
2026-07-28T00:00:00Z,BTCUSDT,0.00001305
2026-07-28T08:00:00Z,BTCUSDT,-0.00004604
2026-07-28T16:00:00Z,BTCUSDT,0.00002835
2026-07-29T00:00:00Z,BTCUSDT,0.00005251
2026-07-29T08:00:00Z,BTCUSDT,0.0000434
2026-07-29T16:00:00Z,BTCUSDT,0.00009584
2026-07-30T00:00:00Z,BTCUSDT,0.00004388
2026-07-30T08:00:00Z,BTCUSDT,0.00009495
2026-07-30T16:00:00Z,BTCUSDT,0.00007271
2026-07-31T00:00:00Z,BTCUSDT,0.0001
2026-07-31T08:00:00Z,BTCUSDT,-0.00001198
2026-07-31T16:00:00Z,BTCUSDT,0.00001642
2026-08-01T00:00:00Z,BTCUSDT,0.00000284
2026-08-01T08:00:00Z,BTCUSDT,-0.00001066
2026-08-01T16:00:00Z,BTCUSDT,0.00004871
2026-08-02T00:00:00Z,BTCUSDT,0.00001631
2026-08-02T08:00:00Z,BTCUSDT,0.0001
2026-08-02T16:00:00Z,BTCUSDT,0.00000008
2026-08-03T00:00:00Z,BTCUSDT,0.00004142
2026-08-03T08:00:00Z,BTCUSDT,0.00000921
2026-08-03T16:00:00Z,BTCUSDT,0.00004861
2026-08-04T00:00:00Z,BTCUSDT,0.00004654
2026-08-04T08:00:00Z,BTCUSDT,0.0001
2026-08-04T16:00:00Z,BTCUSDT,0.00006252
2026-08-05T00:00:00Z,BTCUSDT,0.00003783
2026-08-05T08:00:00Z,BTCUSDT,0.00005918
2026-08-05T16:00:00Z,BTCUSDT,0.00003528
2026-08-06T00:00:00Z,BTCUSDT,-0.00000488
2026-08-06T08:00:00Z,BTCUSDT,0.00002016
2026-08-06T16:00:00Z,BTCUSDT,0.00002237
2026-08-07T00:00:00Z,BTCUSDT,-0.00002858
2026-08-07T08:00:00Z,BTCUSDT,-0.00001043
2026-08-07T16:00:00Z,BTCUSDT,0.00007867
2026-08-08T00:00:00Z,BTCUSDT,0.00000335
2026-08-08T08:00:00Z,BTCUSDT,0.00003891
2026-08-08T16:00:00Z,BTCUSDT,0.00002947
2026-08-09T00:00:00Z,BTCUSDT,-0.00000648
2026-08-09T08:00:00Z,BTCUSDT,0.00000966
2026-08-09T16:00:00Z,BTCUSDT,0.00007877
2026-08-10T00:00:00Z,BTCUSDT,0.00009822
2026-08-10T08:00:00Z,BTCUSDT,0.00005639
2026-08-10T16:00:00Z,BTCUSDT,0.0000357
2026-08-11T00:00:00Z,BTCUSDT,0.0000412
2026-08-11T08:00:00Z,BTCUSDT,0.00002938
2026-08-11T16:00:00Z,BTCUSDT,0.00003597
2026-08-12T00:00:00Z,BTCUSDT,0.00002343
2026-08-12T08:00:00Z,BTCUSDT,0.00007473
2026-08-12T16:00:00Z,BTCUSDT,0.00004054
2026-08-13T00:00:00Z,BTCUSDT,0.0000193
2026-08-13T08:00:00Z,BTCUSDT,0.00006966
2026-08-13T16:00:00Z,BTCUSDT,0.00005862
2026-08-14T00:00:00Z,BTCUSDT,0.00005514
2026-08-14T08:00:00Z,BTCUSDT,0.00000734
2026-08-14T16:00:00Z,BTCUSDT,0.00000282
2026-08-15T00:00:00Z,BTCUSDT,0.00006855
2026-08-15T08:00:00Z,BTCUSDT,0.00004737
2026-08-15T16:00:00Z,BTCUSDT,0.00004403
2026-08-16T00:00:00Z,BTCUSDT,0.0000301
2026-08-16T08:00:00Z,BTCUSDT,0.00001182
2026-08-16T16:00:00Z,BTCUSDT,0.00003034
2026-08-17T00:00:00Z,BTCUSDT,0.00000656
2026-08-17T08:00:00Z,BTCUSDT,0.0000625
2026-08-17T16:00:00Z,BTCUSDT,0.00005373
2026-08-18T00:00:00Z,BTCUSDT,0.00000787
2026-08-18T08:00:00Z,BTCUSDT,0.0000419
2026-08-18T16:00:00Z,BTCUSDT,0.00003259
2026-08-19T00:00:00Z,BTCUSDT,0.00001808
2026-08-19T08:00:00Z,BTCUSDT,0.00002203
2026-08-19T16:00:00Z,BTCUSDT,0.00009074
2026-08-20T00:00:00Z,BTCUSDT,0.00006707
2026-08-20T08:00:00Z,BTCUSDT,0.0001
2026-08-20T16:00:00Z,BTCUSDT,0.00001028
2026-08-21T00:00:00Z,BTCUSDT,0.00001411
2026-08-21T08:00:00Z,BTCUSDT,0.0001
2026-08-21T16:00:00Z,BTCUSDT,0.0001
2026-08-22T00:00:00Z,BTCUSDT,0.0001
2026-08-22T08:00:00Z,BTCUSDT,0.0001
2026-08-22T16:00:00Z,BTCUSDT,0.0001
2026-08-23T00:00:00Z,BTCUSDT,0.0001
2026-08-23T08:00:00Z,BTCUSDT,0.0001
2026-08-23T16:00:00Z,BTCUSDT,0.0001
2026-08-24T00:00:00Z,BTCUSDT,0.0001
2026-08-24T08:00:00Z,BTCUSDT,0.0001
2026-08-24T16:00:00Z,BTCUSDT,0.0001
2026-08-25T00:00:00Z,BTCUSDT,0.00003399
2026-08-25T08:00:00Z,BTCUSDT,0.0001
2026-08-25T16:00:00Z,BTCUSDT,0.00003529
2026-08-26T00:00:00Z,BTCUSDT,0.00000282
2026-08-26T08:00:00Z,BTCUSDT,0.00003851
2026-08-26T16:00:00Z,BTCUSDT,0.00002805
2026-08-27T00:00:00Z,BTCUSDT,0.00001149
2026-08-27T08:00:00Z,BTCUSDT,0.00004524
2026-08-27T16:00:00Z,BTCUSDT,0.00004435
2026-08-28T00:00:00Z,BTCUSDT,0.00002538
2026-08-28T08:00:00Z,BTCUSDT,0.00005545
2026-08-28T16:00:00Z,BTCUSDT,0.00006678
2026-08-29T00:00:00Z,BTCUSDT,0.00008981
2026-08-29T08:00:00Z,BTCUSDT,0.00003404
2026-08-29T16:00:00Z,BTCUSDT,0.00006594
2026-08-30T00:00:00Z,BTCUSDT,0.00004222
2026-08-30T08:00:00Z,BTCUSDT,0.00006716
2026-08-30T16:00:00Z,BTCUSDT,0.00007004
2026-08-31T00:00:00Z,BTCUSDT,0.00006499
2026-08-31T08:00:00Z,BTCUSDT,0.00008566
2026-08-31T16:00:00Z,BTCUSDT,0.00005905
2026-09-01T00:00:00Z,BTCUSDT,0.00002179
2026-09-01T08:00:00Z,BTCUSDT,0.0001
2026-09-01T16:00:00Z,BTCUSDT,0.00002407
2026-09-02T00:00:00Z,BTCUSDT,0.00002041
2026-09-02T08:00:00Z,BTCUSDT,0.00008602
2026-09-02T16:00:00Z,BTCUSDT,0.00005918
2026-09-03T00:00:00Z,BTCUSDT,0.00006847
2026-09-03T08:00:00Z,BTCUSDT,0.00009388
2026-09-03T16:00:00Z,BTCUSDT,0.00008434
2026-09-04T00:00:00Z,BTCUSDT,0.00007352
2026-09-04T08:00:00Z,BTCUSDT,0.00006921
2026-09-04T16:00:00Z,BTCUSDT,0.00004426
2026-09-05T00:00:00Z,BTCUSDT,-0.00002218
2026-09-05T08:00:00Z,BTCUSDT,0.00002107
2026-09-05T16:00:00Z,BTCUSDT,-0.0000221
2026-09-06T00:00:00Z,BTCUSDT,0.00001606
2026-09-06T08:00:00Z,BTCUSDT,0.00002086
2026-09-06T16:00:00Z,BTCUSDT,0.00002976
2026-09-07T00:00:00Z,BTCUSDT,0.00002607
2026-09-07T08:00:00Z,BTCUSDT,0.00000745
2026-09-07T16:00:00Z,BTCUSDT,0.00001982
2026-09-08T00:00:00Z,BTCUSDT,0.00003603
2026-09-08T08:00:00Z,BTCUSDT,0.00002994
2026-09-08T16:00:00Z,BTCUSDT,0.00005769
2026-09-09T00:00:00Z,BTCUSDT,0.00005357
2026-09-09T08:00:00Z,BTCUSDT,0.00006898
2026-09-09T16:00:00Z,BTCUSDT,0.00007774
2026-09-10T00:00:00Z,BTCUSDT,0.00001277
2026-09-10T08:00:00Z,BTCUSDT,0.00004095
2026-09-10T16:00:00Z,BTCUSDT,0.00007636
2026-09-11T00:00:00Z,BTCUSDT,0.00005091
2026-09-11T08:00:00Z,BTCUSDT,0.00002005
2026-09-11T16:00:00Z,BTCUSDT,0.00005602
2026-09-12T00:00:00Z,BTCUSDT,0.00000219
2026-09-12T08:00:00Z,BTCUSDT,0.00001549
2026-09-12T16:00:00Z,BTCUSDT,0.00003813
2026-09-13T00:00:00Z,BTCUSDT,0.00005721
2026-09-13T08:00:00Z,BTCUSDT,0.00004304
2026-09-13T16:00:00Z,BTCUSDT,0.00003959
2026-09-14T00:00:00Z,BTCUSDT,0.00003772
2026-09-14T08:00:00Z,BTCUSDT,0.00007731
2026-09-14T16:00:00Z,BTCUSDT,0.00004341
2026-09-15T00:00:00Z,BTCUSDT,0.00002656
2026-09-15T08:00:00Z,BTCUSDT,0.00001124
2026-09-15T16:00:00Z,BTCUSDT,0.00003615
2026-09-16T00:00:00Z,BTCUSDT,0.00004674
2026-09-16T08:00:00Z,BTCUSDT,0.00004262
2026-09-16T16:00:00Z,BTCUSDT,0.00006917
2026-09-17T00:00:00Z,BTCUSDT,0.00005959
2026-09-17T08:00:00Z,BTCUSDT,0.00005851
2026-09-17T16:00:00Z,BTCUSDT,0.00006259
2026-09-18T00:00:00Z,BTCUSDT,0.00001879
2026-09-18T08:00:00Z,BTCUSDT,0.00008745
2026-09-18T16:00:00Z,BTCUSDT,0.0001
2026-09-19T00:00:00Z,BTCUSDT,0.00008884
2026-09-19T08:00:00Z,BTCUSDT,0.00008679
2026-09-19T16:00:00Z,BTCUSDT,0.0001
2026-09-20T00:00:00Z,BTCUSDT,0.00006562
2026-09-20T08:00:00Z,BTCUSDT,0.00007123
2026-09-20T16:00:00Z,BTCUSDT,0.0000426
2026-09-21T00:00:00Z,BTCUSDT,0.0001
2026-09-21T08:00:00Z,BTCUSDT,0.0001
2026-09-21T16:00:00Z,BTCUSDT,0.00008264
2026-09-22T00:00:00Z,BTCUSDT,0.0001
2026-09-22T08:00:00Z,BTCUSDT,0.00009068
2026-09-22T16:00:00Z,BTCUSDT,0.00003607
2026-09-23T00:00:00Z,BTCUSDT,0.00003927
2026-09-23T08:00:00Z,BTCUSDT,0.00008058
2026-09-23T16:00:00Z,BTCUSDT,0.00005775
2026-09-24T00:00:00Z,BTCUSDT,0.00000678
2026-09-24T08:00:00Z,BTCUSDT,-0.00001295
2026-09-24T16:00:00Z,BTCUSDT,0.00000951
2026-09-25T00:00:00Z,BTCUSDT,0.00002517
2026-09-25T08:00:00Z,BTCUSDT,-0.00000134
2026-09-25T16:00:00Z,BTCUSDT,-0.00000533
2026-09-26T00:00:00Z,BTCUSDT,0.00001043
2026-09-26T08:00:00Z,BTCUSDT,0.00002446
2026-09-26T16:00:00Z,BTCUSDT,-0.00001027
2026-09-27T00:00:00Z,BTCUSDT,0.00004892
2026-09-27T08:00:00Z,BTCUSDT,0.00002285
2026-09-27T16:00:00Z,BTCUSDT,0.00003647
2026-09-28T00:00:00Z,BTCUSDT,0.00000962
2026-09-28T08:00:00Z,BTCUSDT,-0.00002442
2026-09-28T16:00:00Z,BTCUSDT,0.00004941
2026-09-29T00:00:00Z,BTCUSDT,0.0000297
2026-09-29T08:00:00Z,BTCUSDT,0.00002815
2026-09-29T16:00:00Z,BTCUSDT,-0.00000398
2026-09-30T00:00:00Z,BTCUSDT,0.00006254
2026-09-30T08:00:00Z,BTCUSDT,-0.00000397
2026-09-30T16:00:00Z,BTCUSDT,0.00005495
2026-10-01T00:00:00Z,BTCUSDT,0.00004076
2026-10-01T08:00:00Z,BTCUSDT,0.00004127
2026-10-01T16:00:00Z,BTCUSDT,0.00005283
2026-10-02T00:00:00Z,BTCUSDT,0.00005235
2026-10-02T08:00:00Z,BTCUSDT,0.0001
2026-10-02T16:00:00Z,BTCUSDT,0.0001
2026-10-03T00:00:00Z,BTCUSDT,-0.00004579
2026-10-03T08:00:00Z,BTCUSDT,-0.0000342
2026-10-03T16:00:00Z,BTCUSDT,-0.00000543
2026-10-04T00:00:00Z,BTCUSDT,0.00000204
2026-10-04T08:00:00Z,BTCUSDT,0.00002782
2026-10-04T16:00:00Z,BTCUSDT,0.00005489
2026-10-05T00:00:00Z,BTCUSDT,0.00008732
2026-10-05T08:00:00Z,BTCUSDT,0.00003074
2026-10-05T16:00:00Z,BTCUSDT,0.00003208
2026-10-06T00:00:00Z,BTCUSDT,0.00001177
2026-10-06T08:00:00Z,BTCUSDT,0.00000088
2026-10-06T16:00:00Z,BTCUSDT,0.00005758
2026-10-07T00:00:00Z,BTCUSDT,0.00001655
2026-10-07T08:00:00Z,BTCUSDT,0.00000357
2026-10-07T16:00:00Z,BTCUSDT,0.00001497
2026-10-08T00:00:00Z,BTCUSDT,0.00001078
2026-10-08T08:00:00Z,BTCUSDT,-0.00001339
2026-10-08T16:00:00Z,BTCUSDT,0.00004085
2026-10-09T00:00:00Z,BTCUSDT,0.00008676
