timestamp,symbol,funding_rate
2023-10-09T00:00:00Z,DOGEUSDT,-0.00000885
2023-10-09T08:00:00Z,DOGEUSDT,0.00002581
2023-10-09T16:00:00Z,DOGEUSDT,-0.00010016
2023-10-10T00:00:00Z,DOGEUSDT,-0.00013754
2023-10-10T08:00:00Z,DOGEUSDT,-0.00021729
2023-10-10T16:00:00Z,DOGEUSDT,-0.0000246
2023-10-11T00:00:00Z,DOGEUSDT,-0.00013064
2023-10-11T08:00:00Z,DOGEUSDT,-0.00002508
2023-10-11T16:00:00Z,DOGEUSDT,0.0000712
2023-10-12T00:00:00Z,DOGEUSDT,-0.00000114
2023-10-12T08:00:00Z,DOGEUSDT,-0.00017808
2023-10-12T16:00:00Z,DOGEUSDT,0.00002718
2023-10-13T00:00:00Z,DOGEUSDT,0.0001
2023-10-13T08:00:00Z,DOGEUSDT,-0.00000197
2023-10-13T16:00:00Z,DOGEUSDT,-0.00006644
2023-10-14T00:00:00Z,DOGEUSDT,0.00001843
2023-10-14T08:00:00Z,DOGEUSDT,0.0001
2023-10-14T16:00:00Z,DOGEUSDT,0.0001
2023-10-15T00:00:00Z,DOGEUSDT,0.0001
2023-10-15T08:00:00Z,DOGEUSDT,0.0001
2023-10-15T16:00:00Z,DOGEUSDT,0.0001
2023-10-16T00:00:00Z,DOGEUSDT,0.0001
2023-10-16T08:00:00Z,DOGEUSDT,0.0001
2023-10-16T16:00:00Z,DOGEUSDT,0.00000759
2023-10-17T00:00:00Z,DOGEUSDT,-0.00001971
2023-10-17T08:00:00Z,DOGEUSDT,0.0001
2023-10-17T16:00:00Z,DOGEUSDT,0.0001
2023-10-18T00:00:00Z,DOGEUSDT,0.0001
2023-10-18T08:00:00Z,DOGEUSDT,0.00000678
2023-10-18T16:00:00Z,DOGEUSDT,-0.00006554
2023-10-19T00:00:00Z,DOGEUSDT,0.0001
2023-10-19T08:00:00Z,DOGEUSDT,0.0001
2023-10-19T16:00:00Z,DOGEUSDT,0.0001
2023-10-20T00:00:00Z,DOGEUSDT,0.00003943
2023-10-20T08:00:00Z,DOGEUSDT,0.0001
2023-10-20T16:00:00Z,DOGEUSDT,0.0001
2023-10-21T00:00:00Z,DOGEUSDT,0.0001
2023-10-21T08:00:00Z,DOGEUSDT,0.0001
2023-10-21T16:00:00Z,DOGEUSDT,0.0001
2023-10-22T00:00:00Z,DOGEUSDT,0.0001
2023-10-22T08:00:00Z,DOGEUSDT,0.0001
2023-10-22T16:00:00Z,DOGEUSDT,0.0001
2023-10-23T00:00:00Z,DOGEUSDT,0.0001
2023-10-23T08:00:00Z,DOGEUSDT,0.0001
2023-10-23T16:00:00Z,DOGEUSDT,0.0001
2023-10-24T00:00:00Z,DOGEUSDT,0.0001
2023-10-24T08:00:00Z,DOGEUSDT,0.0001
2023-10-24T16:00:00Z,DOGEUSDT,0.0001
2023-10-25T00:00:00Z,DOGEUSDT,0.0001
2023-10-25T08:00:00Z,DOGEUSDT,0.0001
2023-10-25T16:00:00Z,DOGEUSDT,0.0001
2023-10-26T00:00:00Z,DOGEUSDT,0.0001703
2023-10-26T08:00:00Z,DOGEUSDT,0.00016051
2023-10-26T16:00:00Z,DOGEUSDT,0.00013332
2023-10-27T00:00:00Z,DOGEUSDT,0.0001
2023-10-27T08:00:00Z,DOGEUSDT,0.0001
2023-10-27T16:00:00Z,DOGEUSDT,0.0001
2023-10-28T00:00:00Z,DOGEUSDT,0.0001
2023-10-28T08:00:00Z,DOGEUSDT,0.0001
2023-10-28T16:00:00Z,DOGEUSDT,0.0001
2023-10-29T00:00:00Z,DOGEUSDT,0.00014643
2023-10-29T08:00:00Z,DOGEUSDT,0.00019432
2023-10-29T16:00:00Z,DOGEUSDT,0.00022513
2023-10-30T00:00:00Z,DOGEUSDT,0.00013011
2023-10-30T08:00:00Z,DOGEUSDT,0.0001
2023-10-30T16:00:00Z,DOGEUSDT,0.00023317
2023-10-31T00:00:00Z,DOGEUSDT,0.00021896
2023-10-31T08:00:00Z,DOGEUSDT,0.00016806
2023-10-31T16:00:00Z,DOGEUSDT,0.0001
2023-11-01T00:00:00Z,DOGEUSDT,0.0001
2023-11-01T08:00:00Z,DOGEUSDT,0.0001
2023-11-01T16:00:00Z,DOGEUSDT,0.0001
2023-11-02T00:00:00Z,DOGEUSDT,0.00026546
2023-11-02T08:00:00Z,DOGEUSDT,0.00027737
2023-11-02T16:00:00Z,DOGEUSDT,0.00021039
2023-11-03T00:00:00Z,DOGEUSDT,0.0001
2023-11-03T08:00:00Z,DOGEUSDT,0.0001
2023-11-03T16:00:00Z,DOGEUSDT,0.0001
2023-11-04T00:00:00Z,DOGEUSDT,0.0001
2023-11-04T08:00:00Z,DOGEUSDT,0.00030005
2023-11-04T16:00:00Z,DOGEUSDT,0.00019511
2023-11-05T00:00:00Z,DOGEUSDT,0.0002928
2023-11-05T08:00:00Z,DOGEUSDT,0.00028075
2023-11-05T16:00:00Z,DOGEUSDT,0.00025819
2023-11-06T00:00:00Z,DOGEUSDT,0.00030618
2023-11-06T08:00:00Z,DOGEUSDT,0.00025041
2023-11-06T16:00:00Z,DOGEUSDT,0.00050107
2023-11-07T00:00:00Z,DOGEUSDT,0.0003289
2023-11-07T08:00:00Z,DOGEUSDT,0.00024822
2023-11-07T16:00:00Z,DOGEUSDT,0.00011464
2023-11-08T00:00:00Z,DOGEUSDT,0.00014497
2023-11-08T08:00:00Z,DOGEUSDT,0.0001
2023-11-08T16:00:00Z,DOGEUSDT,0.0003081
2023-11-09T00:00:00Z,DOGEUSDT,0.0002397
2023-11-09T08:00:00Z,DOGEUSDT,0.0002454
2023-11-09T16:00:00Z,DOGEUSDT,0.00032168
2023-11-10T00:00:00Z,DOGEUSDT,0.0001
2023-11-10T08:00:00Z,DOGEUSDT,0.00027287
2023-11-10T16:00:00Z,DOGEUSDT,0.00028711
2023-11-11T00:00:00Z,DOGEUSDT,0.00013686
2023-11-11T08:00:00Z,DOGEUSDT,0.00024689
2023-11-11T16:00:00Z,DOGEUSDT,0.00058275
2023-11-12T00:00:00Z,DOGEUSDT,0.00036753
2023-11-12T08:00:00Z,DOGEUSDT,0.00021785
2023-11-12T16:00:00Z,DOGEUSDT,0.00036236
2023-11-13T00:00:00Z,DOGEUSDT,0.00023305
2023-11-13T08:00:00Z,DOGEUSDT,0.00024847
2023-11-13T16:00:00Z,DOGEUSDT,0.00017434
2023-11-14T00:00:00Z,DOGEUSDT,0.0001
2023-11-14T08:00:00Z,DOGEUSDT,0.00013342
2023-11-14T16:00:00Z,DOGEUSDT,0.0001
2023-11-15T00:00:00Z,DOGEUSDT,0.0001
2023-11-15T08:00:00Z,DOGEUSDT,0.0001
2023-11-15T16:00:00Z,DOGEUSDT,0.0001
2023-11-16T00:00:00Z,DOGEUSDT,0.00019993
2023-11-16T08:00:00Z,DOGEUSDT,0.00033074
2023-11-16T16:00:00Z,DOGEUSDT,0.00029892
2023-11-17T00:00:00Z,DOGEUSDT,0.00019073
2023-11-17T08:00:00Z,DOGEUSDT,0.00028934
2023-11-17T16:00:00Z,DOGEUSDT,0.00012116
2023-11-18T00:00:00Z,DOGEUSDT,0.0001
2023-11-18T08:00:00Z,DOGEUSDT,0.0001
2023-11-18T16:00:00Z,DOGEUSDT,0.0001
2023-11-19T00:00:00Z,DOGEUSDT,0.0001
2023-11-19T08:00:00Z,DOGEUSDT,0.0001
2023-11-19T16:00:00Z,DOGEUSDT,0.0001
2023-11-20T00:00:00Z,DOGEUSDT,0.0001
2023-11-20T08:00:00Z,DOGEUSDT,0.00019412
2023-11-20T16:00:00Z,DOGEUSDT,0.00014507
2023-11-21T00:00:00Z,DOGEUSDT,0.0001
2023-11-21T08:00:00Z,DOGEUSDT,0.0001
2023-11-21T16:00:00Z,DOGEUSDT,0.0001
2023-11-22T00:00:00Z,DOGEUSDT,0.0001
2023-11-22T08:00:00Z,DOGEUSDT,0.0001
2023-11-22T16:00:00Z,DOGEUSDT,0.0001
2023-11-23T00:00:00Z,DOGEUSDT,0.0001
2023-11-23T08:00:00Z,DOGEUSDT,0.0001
2023-11-23T16:00:00Z,DOGEUSDT,0.0001
2023-11-24T00:00:00Z,DOGEUSDT,0.0001
2023-11-24T08:00:00Z,DOGEUSDT,0.0001
2023-11-24T16:00:00Z,DOGEUSDT,0.0001
2023-11-25T00:00:00Z,DOGEUSDT,0.0001
2023-11-25T08:00:00Z,DOGEUSDT,0.0001
2023-11-25T16:00:00Z,DOGEUSDT,0.0001
2023-11-26T00:00:00Z,DOGEUSDT,0.0001
2023-11-26T08:00:00Z,DOGEUSDT,0.0001
2023-11-26T16:00:00Z,DOGEUSDT,0.0001
2023-11-27T00:00:00Z,DOGEUSDT,0.0001
2023-11-27T08:00:00Z,DOGEUSDT,0.0001
2023-11-27T16:00:00Z,DOGEUSDT,0.0001
2023-11-28T00:00:00Z,DOGEUSDT,0.0001
2023-11-28T08:00:00Z,DOGEUSDT,0.0001
2023-11-28T16:00:00Z,DOGEUSDT,0.0001
2023-11-29T00:00:00Z,DOGEUSDT,0.0001
2023-11-29T08:00:00Z,DOGEUSDT,0.0001
2023-11-29T16:00:00Z,DOGEUSDT,0.0001
2023-11-30T00:00:00Z,DOGEUSDT,0.0001
2023-11-30T08:00:00Z,DOGEUSDT,0.0001
2023-11-30T16:00:00Z,DOGEUSDT,0.0001
2023-12-01T00:00:00Z,DOGEUSDT,0.0001
2023-12-01T08:00:00Z,DOGEUSDT,0.0001
2023-12-01T16:00:00Z,DOGEUSDT,0.0001
2023-12-02T00:00:00Z,DOGEUSDT,0.0001
2023-12-02T08:00:00Z,DOGEUSDT,0.0001
2023-12-02T16:00:00Z,DOGEUSDT,0.0001
2023-12-03T00:00:00Z,DOGEUSDT,0.00012384
2023-12-03T08:00:00Z,DOGEUSDT,0.00046585
2023-12-03T16:00:00Z,DOGEUSDT,0.00013321
2023-12-04T00:00:00Z,DOGEUSDT,0.0001
2023-12-04T08:00:00Z,DOGEUSDT,0.00063031
2023-12-04T16:00:00Z,DOGEUSDT,0.00034419
2023-12-05T00:00:00Z,DOGEUSDT,0.00036266
2023-12-05T08:00:00Z,DOGEUSDT,0.00024269
2023-12-05T16:00:00Z,DOGEUSDT,0.0001
2023-12-06T00:00:00Z,DOGEUSDT,0.00055556
2023-12-06T08:00:00Z,DOGEUSDT,0.00039429
2023-12-06T16:00:00Z,DOGEUSDT,0.00033388
2023-12-07T00:00:00Z,DOGEUSDT,0.00018698
2023-12-07T08:00:00Z,DOGEUSDT,0.00019099
2023-12-07T16:00:00Z,DOGEUSDT,0.00025651
2023-12-08T00:00:00Z,DOGEUSDT,0.00032073
2023-12-08T08:00:00Z,DOGEUSDT,0.00026461
2023-12-08T16:00:00Z,DOGEUSDT,0.00044268
2023-12-09T00:00:00Z,DOGEUSDT,0.00038785
2023-12-09T08:00:00Z,DOGEUSDT,0.00067594
2023-12-09T16:00:00Z,DOGEUSDT,0.00069941
2023-12-10T00:00:00Z,DOGEUSDT,0.00035187
2023-12-10T08:00:00Z,DOGEUSDT,0.0004383
2023-12-10T16:00:00Z,DOGEUSDT,0.0003185
2023-12-11T00:00:00Z,DOGEUSDT,0.0004791
2023-12-11T08:00:00Z,DOGEUSDT,0.00010427
2023-12-11T16:00:00Z,DOGEUSDT,0.00011849
2023-12-12T00:00:00Z,DOGEUSDT,0.0001
2023-12-12T08:00:00Z,DOGEUSDT,0.0001
2023-12-12T16:00:00Z,DOGEUSDT,0.00018434
2023-12-13T00:00:00Z,DOGEUSDT,0.0001
2023-12-13T08:00:00Z,DOGEUSDT,0.0001
2023-12-13T16:00:00Z,DOGEUSDT,0.00013504
2023-12-14T00:00:00Z,DOGEUSDT,0.0001
2023-12-14T08:00:00Z,DOGEUSDT,0.00016169
2023-12-14T16:00:00Z,DOGEUSDT,0.00012308
2023-12-15T00:00:00Z,DOGEUSDT,0.00010891
2023-12-15T08:00:00Z,DOGEUSDT,0.00014111
2023-12-15T16:00:00Z,DOGEUSDT,0.00013413
2023-12-16T00:00:00Z,DOGEUSDT,0.0001
2023-12-16T08:00:00Z,DOGEUSDT,0.0001
2023-12-16T16:00:00Z,DOGEUSDT,0.0001
2023-12-17T00:00:00Z,DOGEUSDT,0.0001
2023-12-17T08:00:00Z,DOGEUSDT,0.0001
2023-12-17T16:00:00Z,DOGEUSDT,0.0001
2023-12-18T00:00:00Z,DOGEUSDT,0.00013361
2023-12-18T08:00:00Z,DOGEUSDT,0.0001
2023-12-18T16:00:00Z,DOGEUSDT,0.0001
2023-12-19T00:00:00Z,DOGEUSDT,0.0001
2023-12-19T08:00:00Z,DOGEUSDT,0.0001
2023-12-19T16:00:00Z,DOGEUSDT,0.0001
2023-12-20T00:00:00Z,DOGEUSDT,0.0001
2023-12-20T08:00:00Z,DOGEUSDT,0.00019813
2023-12-20T16:00:00Z,DOGEUSDT,0.000254
2023-12-21T00:00:00Z,DOGEUSDT,0.00035256
2023-12-21T08:00:00Z,DOGEUSDT,0.00035583
2023-12-21T16:00:00Z,DOGEUSDT,0.00030398
2023-12-22T00:00:00Z,DOGEUSDT,0.00048096
2023-12-22T08:00:00Z,DOGEUSDT,0.00062517
2023-12-22T16:00:00Z,DOGEUSDT,0.00044627
2023-12-23T00:00:00Z,DOGEUSDT,0.00052716
2023-12-23T08:00:00Z,DOGEUSDT,0.00016551
2023-12-23T16:00:00Z,DOGEUSDT,0.00024081
2023-12-24T00:00:00Z,DOGEUSDT,0.00031492
2023-12-24T08:00:00Z,DOGEUSDT,0.00043164
2023-12-24T16:00:00Z,DOGEUSDT,0.00043383
2023-12-25T00:00:00Z,DOGEUSDT,0.00020378
2023-12-25T08:00:00Z,DOGEUSDT,0.00019041
2023-12-25T16:00:00Z,DOGEUSDT,0.00054552
2023-12-26T00:00:00Z,DOGEUSDT,0.00071865
2023-12-26T08:00:00Z,DOGEUSDT,0.00036363
2023-12-26T16:00:00Z,DOGEUSDT,0.0004595
2023-12-27T00:00:00Z,DOGEUSDT,0.00012611
2023-12-27T08:00:00Z,DOGEUSDT,0.00018811
2023-12-27T16:00:00Z,DOGEUSDT,0.000554
2023-12-28T00:00:00Z,DOGEUSDT,0.00067075
2023-12-28T08:00:00Z,DOGEUSDT,0.00071706
2023-12-28T16:00:00Z,DOGEUSDT,0.00060874
2023-12-29T00:00:00Z,DOGEUSDT,0.00038693
2023-12-29T08:00:00Z,DOGEUSDT,0.00035857
2023-12-29T16:00:00Z,DOGEUSDT,0.00058362
2023-12-30T00:00:00Z,DOGEUSDT,0.00025603
2023-12-30T08:00:00Z,DOGEUSDT,0.00019228
2023-12-30T16:00:00Z,DOGEUSDT,0.00028563
2023-12-31T00:00:00Z,DOGEUSDT,0.00024168
2023-12-31T08:00:00Z,DOGEUSDT,0.00030608
2023-12-31T16:00:00Z,DOGEUSDT,0.0002724
2024-01-01T00:00:00Z,DOGEUSDT,0.00024366
2024-01-01T08:00:00Z,DOGEUSDT,0.00026541
2024-01-01T16:00:00Z,DOGEUSDT,0.0002442
2024-01-02T00:00:00Z,DOGEUSDT,0.00049046
2024-01-02T08:00:00Z,DOGEUSDT,0.00070738
2024-01-02T16:00:00Z,DOGEUSDT,0.00074106
2024-01-03T00:00:00Z,DOGEUSDT,0.00037446
2024-01-03T08:00:00Z,DOGEUSDT,0.00053043
2024-01-03T16:00:00Z,DOGEUSDT,0.0001
2024-01-04T00:00:00Z,DOGEUSDT,0.0001
2024-01-04T08:00:00Z,DOGEUSDT,0.0001
2024-01-04T16:00:00Z,DOGEUSDT,0.0001
2024-01-05T00:00:00Z,DOGEUSDT,0.0001
2024-01-05T08:00:00Z,DOGEUSDT,0.0001
2024-01-05T16:00:00Z,DOGEUSDT,0.0001
2024-01-06T00:00:00Z,DOGEUSDT,0.0001
2024-01-06T08:00:00Z,DOGEUSDT,0.0001
2024-01-06T16:00:00Z,DOGEUSDT,0.0001
2024-01-07T00:00:00Z,DOGEUSDT,0.0001
2024-01-07T08:00:00Z,DOGEUSDT,0.0001
2024-01-07T16:00:00Z,DOGEUSDT,0.0001
2024-01-08T00:00:00Z,DOGEUSDT,0.0001
2024-01-08T08:00:00Z,DOGEUSDT,0.0001
2024-01-08T16:00:00Z,DOGEUSDT,0.0001
2024-01-09T00:00:00Z,DOGEUSDT,0.0001
2024-01-09T08:00:00Z,DOGEUSDT,0.0001
2024-01-09T16:00:00Z,DOGEUSDT,0.0001
2024-01-10T00:00:00Z,DOGEUSDT,0.0001
2024-01-10T08:00:00Z,DOGEUSDT,0.0001
2024-01-10T16:00:00Z,DOGEUSDT,0.0001
2024-01-11T00:00:00Z,DOGEUSDT,0.0001
2024-01-11T08:00:00Z,DOGEUSDT,0.0001
2024-01-11T16:00:00Z,DOGEUSDT,0.0001
2024-01-12T00:00:00Z,DOGEUSDT,0.0001
2024-01-12T08:00:00Z,DOGEUSDT,0.0001
2024-01-12T16:00:00Z,DOGEUSDT,0.0001
2024-01-13T00:00:00Z,DOGEUSDT,0.0001
2024-01-13T08:00:00Z,DOGEUSDT,0.0001
2024-01-13T16:00:00Z,DOGEUSDT,0.0001
2024-01-14T00:00:00Z,DOGEUSDT,0.0001
2024-01-14T08:00:00Z,DOGEUSDT,0.0001
2024-01-14T16:00:00Z,DOGEUSDT,0.0001
2024-01-15T00:00:00Z,DOGEUSDT,0.0001
2024-01-15T08:00:00Z,DOGEUSDT,0.0001
2024-01-15T16:00:00Z,DOGEUSDT,0.0001
2024-01-16T00:00:00Z,DOGEUSDT,0.0001
2024-01-16T08:00:00Z,DOGEUSDT,0.0001
2024-01-16T16:00:00Z,DOGEUSDT,0.0001
2024-01-17T00:00:00Z,DOGEUSDT,0.0001
2024-01-17T08:00:00Z,DOGEUSDT,0.0001
2024-01-17T16:00:00Z,DOGEUSDT,0.0001
2024-01-18T00:00:00Z,DOGEUSDT,0.0001
2024-01-18T08:00:00Z,DOGEUSDT,0.0001
2024-01-18T16:00:00Z,DOGEUSDT,0.0001
2024-01-19T00:00:00Z,DOGEUSDT,0.0001
2024-01-19T08:00:00Z,DOGEUSDT,0.0001
2024-01-19T16:00:00Z,DOGEUSDT,0.0001
2024-01-20T00:00:00Z,DOGEUSDT,0.0001
2024-01-20T08:00:00Z,DOGEUSDT,0.0001
2024-01-20T16:00:00Z,DOGEUSDT,0.0001
2024-01-21T00:00:00Z,DOGEUSDT,0.0001
2024-01-21T08:00:00Z,DOGEUSDT,0.0001
2024-01-21T16:00:00Z,DOGEUSDT,0.0001
2024-01-22T00:00:00Z,DOGEUSDT,0.0001
2024-01-22T08:00:00Z,DOGEUSDT,0.0001
2024-01-22T16:00:00Z,DOGEUSDT,0.0001
2024-01-23T00:00:00Z,DOGEUSDT,0.0001
2024-01-23T08:00:00Z,DOGEUSDT,0.0001
2024-01-23T16:00:00Z,DOGEUSDT,0.0001
2024-01-24T00:00:00Z,DOGEUSDT,0.0001
2024-01-24T08:00:00Z,DOGEUSDT,0.0001
2024-01-24T16:00:00Z,DOGEUSDT,0.0001
2024-01-25T00:00:00Z,DOGEUSDT,0.0001
2024-01-25T08:00:00Z,DOGEUSDT,0.0001
2024-01-25T16:00:00Z,DOGEUSDT,0.0001
2024-01-26T00:00:00Z,DOGEUSDT,0.0001
2024-01-26T08:00:00Z,DOGEUSDT,0.0001
2024-01-26T16:00:00Z,DOGEUSDT,0.0001
2024-01-27T00:00:00Z,DOGEUSDT,0.0001
2024-01-27T08:00:00Z,DOGEUSDT,0.0001
2024-01-27T16:00:00Z,DOGEUSDT,0.0001
2024-01-28T00:00:00Z,DOGEUSDT,0.0001
2024-01-28T08:00:00Z,DOGEUSDT,0.0001
2024-01-28T16:00:00Z,DOGEUSDT,0.0001
2024-01-29T00:00:00Z,DOGEUSDT,0.0001
2024-01-29T08:00:00Z,DOGEUSDT,0.0001
2024-01-29T16:00:00Z,DOGEUSDT,0.0001
2024-01-30T00:00:00Z,DOGEUSDT,0.0001
2024-01-30T08:00:00Z,DOGEUSDT,0.0001
2024-01-30T16:00:00Z,DOGEUSDT,0.0001
2024-01-31T00:00:00Z,DOGEUSDT,0.0001
2024-01-31T08:00:00Z,DOGEUSDT,0.0001
2024-01-31T16:00:00Z,DOGEUSDT,0.0001
2024-02-01T00:00:00Z,DOGEUSDT,0.0001
2024-02-01T08:00:00Z,DOGEUSDT,0.0001
2024-02-01T16:00:00Z,DOGEUSDT,0.0001
2024-02-02T00:00:00Z,DOGEUSDT,0.0001
2024-02-02T08:00:00Z,DOGEUSDT,0.0001
2024-02-02T16:00:00Z,DOGEUSDT,0.0001
2024-02-03T00:00:00Z,DOGEUSDT,0.0001
2024-02-03T08:00:00Z,DOGEUSDT,0.0001
2024-02-03T16:00:00Z,DOGEUSDT,0.0001
2024-02-04T00:00:00Z,DOGEUSDT,0.0001
2024-02-04T08:00:00Z,DOGEUSDT,0.0001
2024-02-04T16:00:00Z,DOGEUSDT,0.0001
2024-02-05T00:00:00Z,DOGEUSDT,0.0001
2024-02-05T08:00:00Z,DOGEUSDT,0.0001
2024-02-05T16:00:00Z,DOGEUSDT,0.0001
2024-02-06T00:00:00Z,DOGEUSDT,0.0001
2024-02-06T08:00:00Z,DOGEUSDT,0.0001
2024-02-06T16:00:00Z,DOGEUSDT,0.0001
2024-02-07T00:00:00Z,DOGEUSDT,0.0001
2024-02-07T08:00:00Z,DOGEUSDT,0.0001
2024-02-07T16:00:00Z,DOGEUSDT,0.0001
2024-02-08T00:00:00Z,DOGEUSDT,0.0001
2024-02-08T08:00:00Z,DOGEUSDT,0.0001
2024-02-08T16:00:00Z,DOGEUSDT,0.0001
2024-02-09T00:00:00Z,DOGEUSDT,0.00007134
2024-02-09T08:00:00Z,DOGEUSDT,0.0001
2024-02-09T16:00:00Z,DOGEUSDT,0.0001
2024-02-10T00:00:00Z,DOGEUSDT,0.0001
2024-02-10T08:00:00Z,DOGEUSDT,0.0001
2024-02-10T16:00:00Z,DOGEUSDT,0.0001
2024-02-11T00:00:00Z,DOGEUSDT,0.0001
2024-02-11T08:00:00Z,DOGEUSDT,0.0001
2024-02-11T16:00:00Z,DOGEUSDT,0.0001
2024-02-12T00:00:00Z,DOGEUSDT,0.0001
2024-02-12T08:00:00Z,DOGEUSDT,0.0001
2024-02-12T16:00:00Z,DOGEUSDT,0.0001
2024-02-13T00:00:00Z,DOGEUSDT,0.0001
2024-02-13T08:00:00Z,DOGEUSDT,0.00014357
2024-02-13T16:00:00Z,DOGEUSDT,0.00018613
2024-02-14T00:00:00Z,DOGEUSDT,0.00017259
2024-02-14T08:00:00Z,DOGEUSDT,0.0001
2024-02-14T16:00:00Z,DOGEUSDT,0.00020879
2024-02-15T00:00:00Z,DOGEUSDT,0.00026377
2024-02-15T08:00:00Z,DOGEUSDT,0.00035606
2024-02-15T16:00:00Z,DOGEUSDT,0.00027772
2024-02-16T00:00:00Z,DOGEUSDT,0.00023881
2024-02-16T08:00:00Z,DOGEUSDT,0.00036019
2024-02-16T16:00:00Z,DOGEUSDT,0.0001
2024-02-17T00:00:00Z,DOGEUSDT,0.00010521
2024-02-17T08:00:00Z,DOGEUSDT,0.00019651
2024-02-17T16:00:00Z,DOGEUSDT,0.00010833
2024-02-18T00:00:00Z,DOGEUSDT,0.00013575
2024-02-18T08:00:00Z,DOGEUSDT,0.00021463
2024-02-18T16:00:00Z,DOGEUSDT,0.00017103
2024-02-19T00:00:00Z,DOGEUSDT,0.00023633
2024-02-19T08:00:00Z,DOGEUSDT,0.00040254
2024-02-19T16:00:00Z,DOGEUSDT,0.0002242
2024-02-20T00:00:00Z,DOGEUSDT,0.0002709
2024-02-20T08:00:00Z,DOGEUSDT,0.00036583
2024-02-20T16:00:00Z,DOGEUSDT,0.000115
2024-02-21T00:00:00Z,DOGEUSDT,0.0001
2024-02-21T08:00:00Z,DOGEUSDT,0.0001
2024-02-21T16:00:00Z,DOGEUSDT,0.0001
2024-02-22T00:00:00Z,DOGEUSDT,0.0001
2024-02-22T08:00:00Z,DOGEUSDT,0.0001
2024-02-22T16:00:00Z,DOGEUSDT,0.00017744
2024-02-23T00:00:00Z,DOGEUSDT,0.00014491
2024-02-23T08:00:00Z,DOGEUSDT,0.00017792
2024-02-23T16:00:00Z,DOGEUSDT,0.00013961
2024-02-24T00:00:00Z,DOGEUSDT,0.00016504
2024-02-24T08:00:00Z,DOGEUSDT,0.0002531
2024-02-24T16:00:00Z,DOGEUSDT,0.00028575
2024-02-25T00:00:00Z,DOGEUSDT,0.00020159
2024-02-25T08:00:00Z,DOGEUSDT,0.00021698
2024-02-25T16:00:00Z,DOGEUSDT,0.00023228
2024-02-26T00:00:00Z,DOGEUSDT,0.00037749
2024-02-26T08:00:00Z,DOGEUSDT,0.00025137
2024-02-26T16:00:00Z,DOGEUSDT,0.00033275
2024-02-27T00:00:00Z,DOGEUSDT,0.0003962
2024-02-27T08:00:00Z,DOGEUSDT,0.0006344
2024-02-27T16:00:00Z,DOGEUSDT,0.00060487
2024-02-28T00:00:00Z,DOGEUSDT,0.00039405
2024-02-28T08:00:00Z,DOGEUSDT,0.00045098
2024-02-28T16:00:00Z,DOGEUSDT,0.00062422
2024-02-29T00:00:00Z,DOGEUSDT,0.0009013
2024-02-29T08:00:00Z,DOGEUSDT,0.00128083
2024-02-29T16:00:00Z,DOGEUSDT,0.00116529
2024-03-01T00:00:00Z,DOGEUSDT,0.00068372
2024-03-01T08:00:00Z,DOGEUSDT,0.00055302
2024-03-01T16:00:00Z,DOGEUSDT,0.00058281
2024-03-02T00:00:00Z,DOGEUSDT,0.00104421
2024-03-02T08:00:00Z,DOGEUSDT,0.0010501
2024-03-02T16:00:00Z,DOGEUSDT,0.00105314
2024-03-03T00:00:00Z,DOGEUSDT,0.00100038
2024-03-03T08:00:00Z,DOGEUSDT,0.00129456
2024-03-03T16:00:00Z,DOGEUSDT,0.00065736
2024-03-04T00:00:00Z,DOGEUSDT,0.00192609
2024-03-04T08:00:00Z,DOGEUSDT,0.00177668
2024-03-04T16:00:00Z,DOGEUSDT,0.00107211
2024-03-05T00:00:00Z,DOGEUSDT,0.00079469
2024-03-05T08:00:00Z,DOGEUSDT,0.00210706
2024-03-05T16:00:00Z,DOGEUSDT,0.00129802
2024-03-06T00:00:00Z,DOGEUSDT,0.0001
2024-03-06T08:00:00Z,DOGEUSDT,0.00012571
2024-03-06T16:00:00Z,DOGEUSDT,0.00028605
2024-03-07T00:00:00Z,DOGEUSDT,0.0002844
2024-03-07T08:00:00Z,DOGEUSDT,0.0001
2024-03-07T16:00:00Z,DOGEUSDT,0.00033185
2024-03-08T00:00:00Z,DOGEUSDT,0.00042608
2024-03-08T08:00:00Z,DOGEUSDT,0.00055517
2024-03-08T16:00:00Z,DOGEUSDT,0.00062691
2024-03-09T00:00:00Z,DOGEUSDT,0.00030429
2024-03-09T08:00:00Z,DOGEUSDT,0.00049315
2024-03-09T16:00:00Z,DOGEUSDT,0.00051351
2024-03-10T00:00:00Z,DOGEUSDT,0.00095357
2024-03-10T08:00:00Z,DOGEUSDT,0.00076126
2024-03-10T16:00:00Z,DOGEUSDT,0.00038397
2024-03-11T00:00:00Z,DOGEUSDT,0.00022684
2024-03-11T08:00:00Z,DOGEUSDT,0.00030672
2024-03-11T16:00:00Z,DOGEUSDT,0.00056315
2024-03-12T00:00:00Z,DOGEUSDT,0.00094339
2024-03-12T08:00:00Z,DOGEUSDT,0.0004405
2024-03-12T16:00:00Z,DOGEUSDT,0.00043317
2024-03-13T00:00:00Z,DOGEUSDT,0.00032647
2024-03-13T08:00:00Z,DOGEUSDT,0.00077524
2024-03-13T16:00:00Z,DOGEUSDT,0.00060913
2024-03-14T00:00:00Z,DOGEUSDT,0.00050223
2024-03-14T08:00:00Z,DOGEUSDT,0.00132591
2024-03-14T16:00:00Z,DOGEUSDT,0.00082048
2024-03-15T00:00:00Z,DOGEUSDT,0.00046068
2024-03-15T08:00:00Z,DOGEUSDT,0.00010764
2024-03-15T16:00:00Z,DOGEUSDT,0.0001
2024-03-16T00:00:00Z,DOGEUSDT,0.0001
2024-03-16T08:00:00Z,DOGEUSDT,0.0001
2024-03-16T16:00:00Z,DOGEUSDT,0.0001
2024-03-17T00:00:00Z,DOGEUSDT,0.0001
2024-03-17T08:00:00Z,DOGEUSDT,0.0001
2024-03-17T16:00:00Z,DOGEUSDT,0.0001143
2024-03-18T00:00:00Z,DOGEUSDT,0.0001
2024-03-18T08:00:00Z,DOGEUSDT,0.0001
2024-03-18T16:00:00Z,DOGEUSDT,0.0001
2024-03-19T00:00:00Z,DOGEUSDT,0.0001
2024-03-19T08:00:00Z,DOGEUSDT,0.0001
2024-03-19T16:00:00Z,DOGEUSDT,0.0001
2024-03-20T00:00:00Z,DOGEUSDT,0.0001
2024-03-20T08:00:00Z,DOGEUSDT,0.0001
2024-03-20T16:00:00Z,DOGEUSDT,0.0001
2024-03-21T00:00:00Z,DOGEUSDT,0.0001
2024-03-21T08:00:00Z,DOGEUSDT,0.0001
2024-03-21T16:00:00Z,DOGEUSDT,0.0001
2024-03-22T00:00:00Z,DOGEUSDT,0.0002386
2024-03-22T08:00:00Z,DOGEUSDT,0.00019294
2024-03-22T16:00:00Z,DOGEUSDT,0.0001
2024-03-23T00:00:00Z,DOGEUSDT,0.0001
2024-03-23T08:00:00Z,DOGEUSDT,0.0001
2024-03-23T16:00:00Z,DOGEUSDT,0.00015912
2024-03-24T00:00:00Z,DOGEUSDT,0.0001
2024-03-24T08:00:00Z,DOGEUSDT,0.00042393
2024-03-24T16:00:00Z,DOGEUSDT,0.00021953
2024-03-25T00:00:00Z,DOGEUSDT,0.00021896
2024-03-25T08:00:00Z,DOGEUSDT,0.00024298
2024-03-25T16:00:00Z,DOGEUSDT,0.00034799
2024-03-26T00:00:00Z,DOGEUSDT,0.00042713
2024-03-26T08:00:00Z,DOGEUSDT,0.00041365
2024-03-26T16:00:00Z,DOGEUSDT,0.00031787
2024-03-27T00:00:00Z,DOGEUSDT,0.00063954
2024-03-27T08:00:00Z,DOGEUSDT,0.000605
2024-03-27T16:00:00Z,DOGEUSDT,0.00038508
2024-03-28T00:00:00Z,DOGEUSDT,0.00060846
2024-03-28T08:00:00Z,DOGEUSDT,0.0006085
2024-03-28T16:00:00Z,DOGEUSDT,0.00086388
2024-03-29T00:00:00Z,DOGEUSDT,0.00066045
2024-03-29T08:00:00Z,DOGEUSDT,0.00082424
2024-03-29T16:00:00Z,DOGEUSDT,0.00073818
2024-03-30T00:00:00Z,DOGEUSDT,0.00077067
2024-03-30T08:00:00Z,DOGEUSDT,0.00092635
2024-03-30T16:00:00Z,DOGEUSDT,0.00091362
2024-03-31T00:00:00Z,DOGEUSDT,0.00056929
2024-03-31T08:00:00Z,DOGEUSDT,0.00061027
2024-03-31T16:00:00Z,DOGEUSDT,0.00063717
2024-04-01T00:00:00Z,DOGEUSDT,0.00108645
2024-04-01T08:00:00Z,DOGEUSDT,0.00021233
2024-04-01T16:00:00Z,DOGEUSDT,0.0001
2024-04-02T00:00:00Z,DOGEUSDT,0.00028274
2024-04-02T08:00:00Z,DOGEUSDT,0.0001
2024-04-02T16:00:00Z,DOGEUSDT,0.00010739
2024-04-03T00:00:00Z,DOGEUSDT,0.0001
2024-04-03T08:00:00Z,DOGEUSDT,0.00010892
2024-04-03T16:00:00Z,DOGEUSDT,0.00015916
2024-04-04T00:00:00Z,DOGEUSDT,0.0001
2024-04-04T08:00:00Z,DOGEUSDT,0.0001
2024-04-04T16:00:00Z,DOGEUSDT,0.00016134
2024-04-05T00:00:00Z,DOGEUSDT,0.0001
2024-04-05T08:00:00Z,DOGEUSDT,0.0001
2024-04-05T16:00:00Z,DOGEUSDT,0.0001
2024-04-06T00:00:00Z,DOGEUSDT,0.0001
2024-04-06T08:00:00Z,DOGEUSDT,0.0001
2024-04-06T16:00:00Z,DOGEUSDT,0.0001
2024-04-07T00:00:00Z,DOGEUSDT,0.00014531
2024-04-07T08:00:00Z,DOGEUSDT,0.00028293
2024-04-07T16:00:00Z,DOGEUSDT,0.0002253
2024-04-08T00:00:00Z,DOGEUSDT,0.00018604
2024-04-08T08:00:00Z,DOGEUSDT,0.00015835
2024-04-08T16:00:00Z,DOGEUSDT,0.00038988
2024-04-09T00:00:00Z,DOGEUSDT,0.00033252
2024-04-09T08:00:00Z,DOGEUSDT,0.00010053
2024-04-09T16:00:00Z,DOGEUSDT,0.0001
2024-04-10T00:00:00Z,DOGEUSDT,0.0001
2024-04-10T08:00:00Z,DOGEUSDT,0.0001
2024-04-10T16:00:00Z,DOGEUSDT,0.0001
2024-04-11T00:00:00Z,DOGEUSDT,0.00045661
2024-04-11T08:00:00Z,DOGEUSDT,0.00030245
2024-04-11T16:00:00Z,DOGEUSDT,0.0001
2024-04-12T00:00:00Z,DOGEUSDT,0.0001
2024-04-12T08:00:00Z,DOGEUSDT,0.00024761
2024-04-12T16:00:00Z,DOGEUSDT,0.00011735
2024-04-13T00:00:00Z,DOGEUSDT,0.0001
2024-04-13T08:00:00Z,DOGEUSDT,0.00000499
2024-04-13T16:00:00Z,DOGEUSDT,0.00009172
2024-04-14T00:00:00Z,DOGEUSDT,-0.00002934
2024-04-14T08:00:00Z,DOGEUSDT,0.0001
2024-04-14T16:00:00Z,DOGEUSDT,0.00008114
2024-04-15T00:00:00Z,DOGEUSDT,0.0001
2024-04-15T08:00:00Z,DOGEUSDT,0.0001
2024-04-15T16:00:00Z,DOGEUSDT,-0.00007884
2024-04-16T00:00:00Z,DOGEUSDT,0.0001
2024-04-16T08:00:00Z,DOGEUSDT,0.0001
2024-04-16T16:00:00Z,DOGEUSDT,0.0001
2024-04-17T00:00:00Z,DOGEUSDT,0.0001
2024-04-17T08:00:00Z,DOGEUSDT,0.00007713
2024-04-17T16:00:00Z,DOGEUSDT,-0.00003561
2024-04-18T00:00:00Z,DOGEUSDT,-0.00004324
2024-04-18T08:00:00Z,DOGEUSDT,0.00003379
2024-04-18T16:00:00Z,DOGEUSDT,0.00001658
2024-04-19T00:00:00Z,DOGEUSDT,-0.00007509
2024-04-19T08:00:00Z,DOGEUSDT,0.0001
2024-04-19T16:00:00Z,DOGEUSDT,0.0001
2024-04-20T00:00:00Z,DOGEUSDT,0.0001
2024-04-20T08:00:00Z,DOGEUSDT,0.00000825
2024-04-20T16:00:00Z,DOGEUSDT,0.00002123
2024-04-21T00:00:00Z,DOGEUSDT,0.0001
2024-04-21T08:00:00Z,DOGEUSDT,0.0000799
2024-04-21T16:00:00Z,DOGEUSDT,0.00007634
2024-04-22T00:00:00Z,DOGEUSDT,-0.00003339
2024-04-22T08:00:00Z,DOGEUSDT,0.00007909
2024-04-22T16:00:00Z,DOGEUSDT,0.00005646
2024-04-23T00:00:00Z,DOGEUSDT,0.0001
2024-04-23T08:00:00Z,DOGEUSDT,0.00004147
2024-04-23T16:00:00Z,DOGEUSDT,0.0001
2024-04-24T00:00:00Z,DOGEUSDT,0.0001
2024-04-24T08:00:00Z,DOGEUSDT,0.0001
2024-04-24T16:00:00Z,DOGEUSDT,0.00004653
2024-04-25T00:00:00Z,DOGEUSDT,0.00003221
2024-04-25T08:00:00Z,DOGEUSDT,-0.00008725
2024-04-25T16:00:00Z,DOGEUSDT,0.00001114
2024-04-26T00:00:00Z,DOGEUSDT,0.00006974
2024-04-26T08:00:00Z,DOGEUSDT,0.0001
2024-04-26T16:00:00Z,DOGEUSDT,0.00004047
2024-04-27T00:00:00Z,DOGEUSDT,0.00002128
2024-04-27T08:00:00Z,DOGEUSDT,0.0001
2024-04-27T16:00:00Z,DOGEUSDT,-0.00000473
2024-04-28T00:00:00Z,DOGEUSDT,0.00004341
2024-04-28T08:00:00Z,DOGEUSDT,0.0000602
2024-04-28T16:00:00Z,DOGEUSDT,0.0001
2024-04-29T00:00:00Z,DOGEUSDT,0.0001
2024-04-29T08:00:00Z,DOGEUSDT,0.0001
2024-04-29T16:00:00Z,DOGEUSDT,0.00003405
2024-04-30T00:00:00Z,DOGEUSDT,-0.00003025
2024-04-30T08:00:00Z,DOGEUSDT,0.00005001
2024-04-30T16:00:00Z,DOGEUSDT,-0.0000025
2024-05-01T00:00:00Z,DOGEUSDT,-0.00003849
2024-05-01T08:00:00Z,DOGEUSDT,0.0001
2024-05-01T16:00:00Z,DOGEUSDT,0.00004324
2024-05-02T00:00:00Z,DOGEUSDT,-0.00002557
2024-05-02T08:00:00Z,DOGEUSDT,-0.00000265
2024-05-02T16:00:00Z,DOGEUSDT,0.0000101
2024-05-03T00:00:00Z,DOGEUSDT,0.0001
2024-05-03T08:00:00Z,DOGEUSDT,-0.00003934
2024-05-03T16:00:00Z,DOGEUSDT,0.00000048
2024-05-04T00:00:00Z,DOGEUSDT,0.00006608
2024-05-04T08:00:00Z,DOGEUSDT,0.0001
2024-05-04T16:00:00Z,DOGEUSDT,0.0001
2024-05-05T00:00:00Z,DOGEUSDT,0.0001
2024-05-05T08:00:00Z,DOGEUSDT,0.0001
2024-05-05T16:00:00Z,DOGEUSDT,0.0001
2024-05-06T00:00:00Z,DOGEUSDT,0.0000723
2024-05-06T08:00:00Z,DOGEUSDT,0.0001
2024-05-06T16:00:00Z,DOGEUSDT,0.0001
2024-05-07T00:00:00Z,DOGEUSDT,0.0001
2024-05-07T08:00:00Z,DOGEUSDT,0.0001
2024-05-07T16:00:00Z,DOGEUSDT,0.0001
2024-05-08T00:00:00Z,DOGEUSDT,0.0001
2024-05-08T08:00:00Z,DOGEUSDT,0.0001
2024-05-08T16:00:00Z,DOGEUSDT,0.00005823
2024-05-09T00:00:00Z,DOGEUSDT,0.0001
2024-05-09T08:00:00Z,DOGEUSDT,0.00008825
2024-05-09T16:00:00Z,DOGEUSDT,0.00001605
2024-05-10T00:00:00Z,DOGEUSDT,0.00005758
2024-05-10T08:00:00Z,DOGEUSDT,0.0000438
2024-05-10T16:00:00Z,DOGEUSDT,0.0001
2024-05-11T00:00:00Z,DOGEUSDT,-0.00003089
2024-05-11T08:00:00Z,DOGEUSDT,0.00000291
2024-05-11T16:00:00Z,DOGEUSDT,-0.00009084
2024-05-12T00:00:00Z,DOGEUSDT,0.00005128
2024-05-12T08:00:00Z,DOGEUSDT,0.0001
2024-05-12T16:00:00Z,DOGEUSDT,0.0001
2024-05-13T00:00:00Z,DOGEUSDT,-0.00006101
2024-05-13T08:00:00Z,DOGEUSDT,-0.0000375
2024-05-13T16:00:00Z,DOGEUSDT,0.0001
2024-05-14T00:00:00Z,DOGEUSDT,0.0001
2024-05-14T08:00:00Z,DOGEUSDT,0.0001
2024-05-14T16:00:00Z,DOGEUSDT,0.0001
2024-05-15T00:00:00Z,DOGEUSDT,0.00002483
2024-05-15T08:00:00Z,DOGEUSDT,0.0001
2024-05-15T16:00:00Z,DOGEUSDT,0.0001
2024-05-16T00:00:00Z,DOGEUSDT,0.0001
2024-05-16T08:00:00Z,DOGEUSDT,0.0001
2024-05-16T16:00:00Z,DOGEUSDT,0.0001
2024-05-17T00:00:00Z,DOGEUSDT,0.0001
2024-05-17T08:00:00Z,DOGEUSDT,0.0001
2024-05-17T16:00:00Z,DOGEUSDT,0.0001
2024-05-18T00:00:00Z,DOGEUSDT,0.0001
2024-05-18T08:00:00Z,DOGEUSDT,0.0001
2024-05-18T16:00:00Z,DOGEUSDT,0.0001
2024-05-19T00:00:00Z,DOGEUSDT,0.0001
2024-05-19T08:00:00Z,DOGEUSDT,0.0001
2024-05-19T16:00:00Z,DOGEUSDT,0.00006279
2024-05-20T00:00:00Z,DOGEUSDT,0.00006682
2024-05-20T08:00:00Z,DOGEUSDT,0.00004323
2024-05-20T16:00:00Z,DOGEUSDT,0.0001
2024-05-21T00:00:00Z,DOGEUSDT,0.0001
2024-05-21T08:00:00Z,DOGEUSDT,0.0001
2024-05-21T16:00:00Z,DOGEUSDT,0.00014503
2024-05-22T00:00:00Z,DOGEUSDT,0.0001362
2024-05-22T08:00:00Z,DOGEUSDT,0.0001
2024-05-22T16:00:00Z,DOGEUSDT,0.0001
2024-05-23T00:00:00Z,DOGEUSDT,0.0001
2024-05-23T08:00:00Z,DOGEUSDT,0.00017433
2024-05-23T16:00:00Z,DOGEUSDT,0.0001
2024-05-24T00:00:00Z,DOGEUSDT,0.0001
2024-05-24T08:00:00Z,DOGEUSDT,0.0001
2024-05-24T16:00:00Z,DOGEUSDT,0.0001
2024-05-25T00:00:00Z,DOGEUSDT,0.0001
2024-05-25T08:00:00Z,DOGEUSDT,0.0001
2024-05-25T16:00:00Z,DOGEUSDT,0.0001
2024-05-26T00:00:00Z,DOGEUSDT,0.00015572
2024-05-26T08:00:00Z,DOGEUSDT,0.0001
2024-05-26T16:00:00Z,DOGEUSDT,0.0001
2024-05-27T00:00:00Z,DOGEUSDT,0.0001
2024-05-27T08:00:00Z,DOGEUSDT,0.0001
2024-05-27T16:00:00Z,DOGEUSDT,0.00013493
2024-05-28T00:00:00Z,DOGEUSDT,0.0001
2024-05-28T08:00:00Z,DOGEUSDT,0.0001
2024-05-28T16:00:00Z,DOGEUSDT,0.0001
2024-05-29T00:00:00Z,DOGEUSDT,0.00010058
2024-05-29T08:00:00Z,DOGEUSDT,0.00030581
2024-05-29T16:00:00Z,DOGEUSDT,0.0001
2024-05-30T00:00:00Z,DOGEUSDT,0.0001
2024-05-30T08:00:00Z,DOGEUSDT,0.0001
2024-05-30T16:00:00Z,DOGEUSDT,0.0001
2024-05-31T00:00:00Z,DOGEUSDT,0.0001
2024-05-31T08:00:00Z,DOGEUSDT,0.0001
2024-05-31T16:00:00Z,DOGEUSDT,0.0001
2024-06-01T00:00:00Z,DOGEUSDT,0.0001
2024-06-01T08:00:00Z,DOGEUSDT,0.0001
2024-06-01T16:00:00Z,DOGEUSDT,0.0001
2024-06-02T00:00:00Z,DOGEUSDT,0.0001
2024-06-02T08:00:00Z,DOGEUSDT,0.0001
2024-06-02T16:00:00Z,DOGEUSDT,0.0001
2024-06-03T00:00:00Z,DOGEUSDT,0.0001
2024-06-03T08:00:00Z,DOGEUSDT,0.00018811
2024-06-03T16:00:00Z,DOGEUSDT,0.0001
2024-06-04T00:00:00Z,DOGEUSDT,0.0001
2024-06-04T08:00:00Z,DOGEUSDT,0.00013884
2024-06-04T16:00:00Z,DOGEUSDT,0.00011643
2024-06-05T00:00:00Z,DOGEUSDT,0.00016054
2024-06-05T08:00:00Z,DOGEUSDT,0.00021171
2024-06-05T16:00:00Z,DOGEUSDT,0.00017626
2024-06-06T00:00:00Z,DOGEUSDT,0.00020219
2024-06-06T08:00:00Z,DOGEUSDT,0.0002138
2024-06-06T16:00:00Z,DOGEUSDT,0.00022847
2024-06-07T00:00:00Z,DOGEUSDT,0.0001
2024-06-07T08:00:00Z,DOGEUSDT,0.00013569
2024-06-07T16:00:00Z,DOGEUSDT,0.00020029
2024-06-08T00:00:00Z,DOGEUSDT,0.0001
2024-06-08T08:00:00Z,DOGEUSDT,0.0001
2024-06-08T16:00:00Z,DOGEUSDT,0.0001
2024-06-09T00:00:00Z,DOGEUSDT,0.0001
2024-06-09T08:00:00Z,DOGEUSDT,0.0001
2024-06-09T16:00:00Z,DOGEUSDT,0.0001
2024-06-10T00:00:00Z,DOGEUSDT,0.0001
2024-06-10T08:00:00Z,DOGEUSDT,0.0001
2024-06-10T16:00:00Z,DOGEUSDT,0.0001
2024-06-11T00:00:00Z,DOGEUSDT,0.0001
2024-06-11T08:00:00Z,DOGEUSDT,0.0001
2024-06-11T16:00:00Z,DOGEUSDT,0.0001
2024-06-12T00:00:00Z,DOGEUSDT,0.00009693
2024-06-12T08:00:00Z,DOGEUSDT,0.00008271
2024-06-12T16:00:00Z,DOGEUSDT,0.0000278
2024-06-13T00:00:00Z,DOGEUSDT,0.0001
2024-06-13T08:00:00Z,DOGEUSDT,0.0001
2024-06-13T16:00:00Z,DOGEUSDT,0.0001
2024-06-14T00:00:00Z,DOGEUSDT,0.0001
2024-06-14T08:00:00Z,DOGEUSDT,0.00006313
2024-06-14T16:00:00Z,DOGEUSDT,0.00002035
2024-06-15T00:00:00Z,DOGEUSDT,-0.0000612
2024-06-15T08:00:00Z,DOGEUSDT,0.00006881
2024-06-15T16:00:00Z,DOGEUSDT,-0.00002035
2024-06-16T00:00:00Z,DOGEUSDT,0.0001
2024-06-16T08:00:00Z,DOGEUSDT,0.0001
2024-06-16T16:00:00Z,DOGEUSDT,0.0001
2024-06-17T00:00:00Z,DOGEUSDT,0.0001
2024-06-17T08:00:00Z,DOGEUSDT,0.0001
2024-06-17T16:00:00Z,DOGEUSDT,0.00007149
2024-06-18T00:00:00Z,DOGEUSDT,-0.00000763
2024-06-18T08:00:00Z,DOGEUSDT,-0.00002735
2024-06-18T16:00:00Z,DOGEUSDT,0.0000221
2024-06-19T00:00:00Z,DOGEUSDT,0.00003272
2024-06-19T08:00:00Z,DOGEUSDT,-0.00003342
2024-06-19T16:00:00Z,DOGEUSDT,0.0001
2024-06-20T00:00:00Z,DOGEUSDT,-0.00000286
2024-06-20T08:00:00Z,DOGEUSDT,-0.0000291
2024-06-20T16:00:00Z,DOGEUSDT,0.00006712
2024-06-21T00:00:00Z,DOGEUSDT,-0.00001553
2024-06-21T08:00:00Z,DOGEUSDT,-0.00001001
2024-06-21T16:00:00Z,DOGEUSDT,0.0000647
2024-06-22T00:00:00Z,DOGEUSDT,0.0001
2024-06-22T08:00:00Z,DOGEUSDT,0.0001
2024-06-22T16:00:00Z,DOGEUSDT,0.00008726
2024-06-23T00:00:00Z,DOGEUSDT,0.0001
2024-06-23T08:00:00Z,DOGEUSDT,0.00008386
2024-06-23T16:00:00Z,DOGEUSDT,-0.00003115
2024-06-24T00:00:00Z,DOGEUSDT,0.00007498
2024-06-24T08:00:00Z,DOGEUSDT,0.00006944
2024-06-24T16:00:00Z,DOGEUSDT,0.00005296
2024-06-25T00:00:00Z,DOGEUSDT,0.00007105
2024-06-25T08:00:00Z,DOGEUSDT,0.0001
2024-06-25T16:00:00Z,DOGEUSDT,0.0000529
2024-06-26T00:00:00Z,DOGEUSDT,0.0001
2024-06-26T08:00:00Z,DOGEUSDT,0.0001
2024-06-26T16:00:00Z,DOGEUSDT,0.0001
2024-06-27T00:00:00Z,DOGEUSDT,0.0001
2024-06-27T08:00:00Z,DOGEUSDT,0.0001
2024-06-27T16:00:00Z,DOGEUSDT,0.0001
2024-06-28T00:00:00Z,DOGEUSDT,0.0001
2024-06-28T08:00:00Z,DOGEUSDT,0.0001
2024-06-28T16:00:00Z,DOGEUSDT,0.0001
2024-06-29T00:00:00Z,DOGEUSDT,0.00003503
2024-06-29T08:00:00Z,DOGEUSDT,0.00001097
2024-06-29T16:00:00Z,DOGEUSDT,0.000016
2024-06-30T00:00:00Z,DOGEUSDT,0.0001
2024-06-30T08:00:00Z,DOGEUSDT,-0.00005954
2024-06-30T16:00:00Z,DOGEUSDT,0.00005918
2024-07-01T00:00:00Z,DOGEUSDT,0.00004833
2024-07-01T08:00:00Z,DOGEUSDT,0.0001
2024-07-01T16:00:00Z,DOGEUSDT,0.0001
2024-07-02T00:00:00Z,DOGEUSDT,0.0001
2024-07-02T08:00:00Z,DOGEUSDT,0.00003636
2024-07-02T16:00:00Z,DOGEUSDT,0.0001
2024-07-03T00:00:00Z,DOGEUSDT,0.00007492
2024-07-03T08:00:00Z,DOGEUSDT,0.00000246
2024-07-03T16:00:00Z,DOGEUSDT,-0.00003095
2024-07-04T00:00:00Z,DOGEUSDT,-0.00002482
2024-07-04T08:00:00Z,DOGEUSDT,0.00000745
2024-07-04T16:00:00Z,DOGEUSDT,-0.00006314
2024-07-05T00:00:00Z,DOGEUSDT,0.00001916
2024-07-05T08:00:00Z,DOGEUSDT,-0.00010243
2024-07-05T16:00:00Z,DOGEUSDT,-0.00018191
2024-07-06T00:00:00Z,DOGEUSDT,-0.00033745
2024-07-06T08:00:00Z,DOGEUSDT,-0.00003862
2024-07-06T16:00:00Z,DOGEUSDT,0.00000845
2024-07-07T00:00:00Z,DOGEUSDT,0.00001813
2024-07-07T08:00:00Z,DOGEUSDT,0.00006952
2024-07-07T16:00:00Z,DOGEUSDT,0.00005826
2024-07-08T00:00:00Z,DOGEUSDT,0.00001206
2024-07-08T08:00:00Z,DOGEUSDT,0.00001047
2024-07-08T16:00:00Z,DOGEUSDT,0.00004634
2024-07-09T00:00:00Z,DOGEUSDT,0.00002756
2024-07-09T08:00:00Z,DOGEUSDT,0.00002211
2024-07-09T16:00:00Z,DOGEUSDT,0.00008091
2024-07-10T00:00:00Z,DOGEUSDT,0.00007272
2024-07-10T08:00:00Z,DOGEUSDT,0.00005456
2024-07-10T16:00:00Z,DOGEUSDT,0.0001
2024-07-11T00:00:00Z,DOGEUSDT,0.00001883
2024-07-11T08:00:00Z,DOGEUSDT,0.00008006
2024-07-11T16:00:00Z,DOGEUSDT,0.0001
2024-07-12T00:00:00Z,DOGEUSDT,-0.00001566
2024-07-12T08:00:00Z,DOGEUSDT,-0.00008526
2024-07-12T16:00:00Z,DOGEUSDT,0.00006767
2024-07-13T00:00:00Z,DOGEUSDT,-0.00009665
2024-07-13T08:00:00Z,DOGEUSDT,0.00002275
2024-07-13T16:00:00Z,DOGEUSDT,0.00009313
2024-07-14T00:00:00Z,DOGEUSDT,0.0001
2024-07-14T08:00:00Z,DOGEUSDT,-0.0000049
2024-07-14T16:00:00Z,DOGEUSDT,0.00007088
2024-07-15T00:00:00Z,DOGEUSDT,-0.00001665
2024-07-15T08:00:00Z,DOGEUSDT,0.00005382
2024-07-15T16:00:00Z,DOGEUSDT,0.00005525
2024-07-16T00:00:00Z,DOGEUSDT,0.00009779
2024-07-16T08:00:00Z,DOGEUSDT,0.0001
2024-07-16T16:00:00Z,DOGEUSDT,0.00005118
2024-07-17T00:00:00Z,DOGEUSDT,0.0001
2024-07-17T08:00:00Z,DOGEUSDT,0.0001
2024-07-17T16:00:00Z,DOGEUSDT,0.0001
2024-07-18T00:00:00Z,DOGEUSDT,0.0001
2024-07-18T08:00:00Z,DOGEUSDT,0.0001
2024-07-18T16:00:00Z,DOGEUSDT,0.00005953
2024-07-19T00:00:00Z,DOGEUSDT,-0.0000025
2024-07-19T08:00:00Z,DOGEUSDT,0.00002365
2024-07-19T16:00:00Z,DOGEUSDT,0.00004982
2024-07-20T00:00:00Z,DOGEUSDT,0.0001
2024-07-20T08:00:00Z,DOGEUSDT,0.0001
2024-07-20T16:00:00Z,DOGEUSDT,0.0001
2024-07-21T00:00:00Z,DOGEUSDT,0.0001
2024-07-21T08:00:00Z,DOGEUSDT,0.0001
2024-07-21T16:00:00Z,DOGEUSDT,0.00002877
2024-07-22T00:00:00Z,DOGEUSDT,0.0001
2024-07-22T08:00:00Z,DOGEUSDT,0.0001
2024-07-22T16:00:00Z,DOGEUSDT,0.0001
2024-07-23T00:00:00Z,DOGEUSDT,0.0001
2024-07-23T08:00:00Z,DOGEUSDT,0.00005465
2024-07-23T16:00:00Z,DOGEUSDT,0.00003424
2024-07-24T00:00:00Z,DOGEUSDT,0.0001
2024-07-24T08:00:00Z,DOGEUSDT,0.0001
2024-07-24T16:00:00Z,DOGEUSDT,0.00008661
2024-07-25T00:00:00Z,DOGEUSDT,0.00007919
2024-07-25T08:00:00Z,DOGEUSDT,0.00007129
2024-07-25T16:00:00Z,DOGEUSDT,0.00001502
2024-07-26T00:00:00Z,DOGEUSDT,0.00007282
2024-07-26T08:00:00Z,DOGEUSDT,0.0001
2024-07-26T16:00:00Z,DOGEUSDT,0.0001
2024-07-27T00:00:00Z,DOGEUSDT,0.0001
2024-07-27T08:00:00Z,DOGEUSDT,0.0001
2024-07-27T16:00:00Z,DOGEUSDT,0.00009717
2024-07-28T00:00:00Z,DOGEUSDT,0.00008344
2024-07-28T08:00:00Z,DOGEUSDT,0.00004053
2024-07-28T16:00:00Z,DOGEUSDT,0.0001
2024-07-29T00:00:00Z,DOGEUSDT,0.00004726
2024-07-29T08:00:00Z,DOGEUSDT,0.0001
2024-07-29T16:00:00Z,DOGEUSDT,0.0001
2024-07-30T00:00:00Z,DOGEUSDT,0.00001013
2024-07-30T08:00:00Z,DOGEUSDT,0.00003618
2024-07-30T16:00:00Z,DOGEUSDT,0.00008492
2024-07-31T00:00:00Z,DOGEUSDT,0.00004718
2024-07-31T08:00:00Z,DOGEUSDT,0.0001
2024-07-31T16:00:00Z,DOGEUSDT,0.0001
2024-08-01T00:00:00Z,DOGEUSDT,0.0001
2024-08-01T08:00:00Z,DOGEUSDT,-0.00006319
2024-08-01T16:00:00Z,DOGEUSDT,-0.00001447
2024-08-02T00:00:00Z,DOGEUSDT,-0.00001229
2024-08-02T08:00:00Z,DOGEUSDT,0.00001283
2024-08-02T16:00:00Z,DOGEUSDT,0.00001538
2024-08-03T00:00:00Z,DOGEUSDT,0.00008748
2024-08-03T08:00:00Z,DOGEUSDT,0.00001759
2024-08-03T16:00:00Z,DOGEUSDT,0.00003844
2024-08-04T00:00:00Z,DOGEUSDT,-0.00000895
2024-08-04T08:00:00Z,DOGEUSDT,-0.00003041
2024-08-04T16:00:00Z,DOGEUSDT,-0.00000446
2024-08-05T00:00:00Z,DOGEUSDT,0.00003065
2024-08-05T08:00:00Z,DOGEUSDT,-0.00001784
2024-08-05T16:00:00Z,DOGEUSDT,-0.00007328
2024-08-06T00:00:00Z,DOGEUSDT,-0.00006173
2024-08-06T08:00:00Z,DOGEUSDT,-0.00008891
2024-08-06T16:00:00Z,DOGEUSDT,0.00006955
2024-08-07T00:00:00Z,DOGEUSDT,0.000024
2024-08-07T08:00:00Z,DOGEUSDT,0.0001
2024-08-07T16:00:00Z,DOGEUSDT,0.00004991
2024-08-08T00:00:00Z,DOGEUSDT,0.00006258
2024-08-08T08:00:00Z,DOGEUSDT,0.00009657
2024-08-08T16:00:00Z,DOGEUSDT,0.00008105
2024-08-09T00:00:00Z,DOGEUSDT,0.00003962
2024-08-09T08:00:00Z,DOGEUSDT,0.00001075
2024-08-09T16:00:00Z,DOGEUSDT,0.0000496
2024-08-10T00:00:00Z,DOGEUSDT,-0.00001964
2024-08-10T08:00:00Z,DOGEUSDT,-0.00002236
2024-08-10T16:00:00Z,DOGEUSDT,-0.00003683
2024-08-11T00:00:00Z,DOGEUSDT,0.00000779
2024-08-11T08:00:00Z,DOGEUSDT,0.00001092
2024-08-11T16:00:00Z,DOGEUSDT,0.00001343
2024-08-12T00:00:00Z,DOGEUSDT,0.00000398
2024-08-12T08:00:00Z,DOGEUSDT,-0.00002277
2024-08-12T16:00:00Z,DOGEUSDT,0.00004047
2024-08-13T00:00:00Z,DOGEUSDT,0.00001786
2024-08-13T08:00:00Z,DOGEUSDT,-0.00008478
2024-08-13T16:00:00Z,DOGEUSDT,-0.00000807
2024-08-14T00:00:00Z,DOGEUSDT,-0.00004245
2024-08-14T08:00:00Z,DOGEUSDT,0.00005332
2024-08-14T16:00:00Z,DOGEUSDT,0.00000852
2024-08-15T00:00:00Z,DOGEUSDT,-0.00002644
2024-08-15T08:00:00Z,DOGEUSDT,0.00004689
2024-08-15T16:00:00Z,DOGEUSDT,0.0000189
2024-08-16T00:00:00Z,DOGEUSDT,-0.00008869
2024-08-16T08:00:00Z,DOGEUSDT,0.00002658
2024-08-16T16:00:00Z,DOGEUSDT,-0.00000127
2024-08-17T00:00:00Z,DOGEUSDT,0.00006445
2024-08-17T08:00:00Z,DOGEUSDT,-0.00000542
2024-08-17T16:00:00Z,DOGEUSDT,-0.00000304
2024-08-18T00:00:00Z,DOGEUSDT,0.0001
2024-08-18T08:00:00Z,DOGEUSDT,0.00009066
2024-08-18T16:00:00Z,DOGEUSDT,0.00007011
2024-08-19T00:00:00Z,DOGEUSDT,-0.00000277
2024-08-19T08:00:00Z,DOGEUSDT,0.00000645
2024-08-19T16:00:00Z,DOGEUSDT,0.00001506
2024-08-20T00:00:00Z,DOGEUSDT,0.00008124
2024-08-20T08:00:00Z,DOGEUSDT,0.00009158
2024-08-20T16:00:00Z,DOGEUSDT,0.0001
2024-08-21T00:00:00Z,DOGEUSDT,0.0001
2024-08-21T08:00:00Z,DOGEUSDT,0.00003134
2024-08-21T16:00:00Z,DOGEUSDT,0.00001922
2024-08-22T00:00:00Z,DOGEUSDT,0.0001
2024-08-22T08:00:00Z,DOGEUSDT,0.00005516
2024-08-22T16:00:00Z,DOGEUSDT,0.00006732
2024-08-23T00:00:00Z,DOGEUSDT,0.00007299
2024-08-23T08:00:00Z,DOGEUSDT,0.00007123
2024-08-23T16:00:00Z,DOGEUSDT,0.00003157
2024-08-24T00:00:00Z,DOGEUSDT,0.0001
2024-08-24T08:00:00Z,DOGEUSDT,-0.00002525
2024-08-24T16:00:00Z,DOGEUSDT,0.00001706
2024-08-25T00:00:00Z,DOGEUSDT,0.00003467
2024-08-25T08:00:00Z,DOGEUSDT,0.00007012
2024-08-25T16:00:00Z,DOGEUSDT,0.00003272
2024-08-26T00:00:00Z,DOGEUSDT,0.00009276
2024-08-26T08:00:00Z,DOGEUSDT,0.00003033
2024-08-26T16:00:00Z,DOGEUSDT,0.00008758
2024-08-27T00:00:00Z,DOGEUSDT,0.00002613
2024-08-27T08:00:00Z,DOGEUSDT,0.00000128
2024-08-27T16:00:00Z,DOGEUSDT,0.00005166
2024-08-28T00:00:00Z,DOGEUSDT,-0.00016033
2024-08-28T08:00:00Z,DOGEUSDT,0.00000414
2024-08-28T16:00:00Z,DOGEUSDT,0.00009814
2024-08-29T00:00:00Z,DOGEUSDT,-0.0000836
2024-08-29T08:00:00Z,DOGEUSDT,-0.00005001
2024-08-29T16:00:00Z,DOGEUSDT,0.000048
2024-08-30T00:00:00Z,DOGEUSDT,0.00001827
2024-08-30T08:00:00Z,DOGEUSDT,0.00005178
2024-08-30T16:00:00Z,DOGEUSDT,-0.00000949
2024-08-31T00:00:00Z,DOGEUSDT,0.00009794
2024-08-31T08:00:00Z,DOGEUSDT,0.0001
2024-08-31T16:00:00Z,DOGEUSDT,0.0001
2024-09-01T00:00:00Z,DOGEUSDT,0.00009968
2024-09-01T08:00:00Z,DOGEUSDT,0.00001661
2024-09-01T16:00:00Z,DOGEUSDT,-0.00006822
2024-09-02T00:00:00Z,DOGEUSDT,-0.00014406
2024-09-02T08:00:00Z,DOGEUSDT,-0.0000433
2024-09-02T16:00:00Z,DOGEUSDT,-0.00000735
2024-09-03T00:00:00Z,DOGEUSDT,0.00000577
2024-09-03T08:00:00Z,DOGEUSDT,0.0001
2024-09-03T16:00:00Z,DOGEUSDT,-0.00003002
2024-09-04T00:00:00Z,DOGEUSDT,-0.00001233
2024-09-04T08:00:00Z,DOGEUSDT,-0.00003007
2024-09-04T16:00:00Z,DOGEUSDT,-0.00002372
2024-09-05T00:00:00Z,DOGEUSDT,0.00004324
2024-09-05T08:00:00Z,DOGEUSDT,0.0001
2024-09-05T16:00:00Z,DOGEUSDT,0.00005248
2024-09-06T00:00:00Z,DOGEUSDT,0.0001
2024-09-06T08:00:00Z,DOGEUSDT,0.00004918
2024-09-06T16:00:00Z,DOGEUSDT,-0.00009806
2024-09-07T00:00:00Z,DOGEUSDT,-0.0001999
2024-09-07T08:00:00Z,DOGEUSDT,0.0000042
2024-09-07T16:00:00Z,DOGEUSDT,-0.00002156
2024-09-08T00:00:00Z,DOGEUSDT,-0.00003868
2024-09-08T08:00:00Z,DOGEUSDT,0.0001
2024-09-08T16:00:00Z,DOGEUSDT,-0.00005362
2024-09-09T00:00:00Z,DOGEUSDT,0.00007841
2024-09-09T08:00:00Z,DOGEUSDT,0.0001
2024-09-09T16:00:00Z,DOGEUSDT,-0.00001159
2024-09-10T00:00:00Z,DOGEUSDT,0.0001
2024-09-10T08:00:00Z,DOGEUSDT,-0.000013
2024-09-10T16:00:00Z,DOGEUSDT,0.00009015
2024-09-11T00:00:00Z,DOGEUSDT,0.00009653
2024-09-11T08:00:00Z,DOGEUSDT,0.00005325
2024-09-11T16:00:00Z,DOGEUSDT,0.00002244
2024-09-12T00:00:00Z,DOGEUSDT,0.00000729
2024-09-12T08:00:00Z,DOGEUSDT,0.0001
2024-09-12T16:00:00Z,DOGEUSDT,0.00007512
2024-09-13T00:00:00Z,DOGEUSDT,0.0001
2024-09-13T08:00:00Z,DOGEUSDT,0.0001
2024-09-13T16:00:00Z,DOGEUSDT,0.00008803
2024-09-14T00:00:00Z,DOGEUSDT,0.00005812
2024-09-14T08:00:00Z,DOGEUSDT,0.00005216
2024-09-14T16:00:00Z,DOGEUSDT,0.00005957
2024-09-15T00:00:00Z,DOGEUSDT,0.00001237
2024-09-15T08:00:00Z,DOGEUSDT,0.00001307
2024-09-15T16:00:00Z,DOGEUSDT,0.00006098
2024-09-16T00:00:00Z,DOGEUSDT,0.0000025
2024-09-16T08:00:00Z,DOGEUSDT,-0.00007025
2024-09-16T16:00:00Z,DOGEUSDT,0.00000637
2024-09-17T00:00:00Z,DOGEUSDT,-0.0000829
2024-09-17T08:00:00Z,DOGEUSDT,0.00001043
2024-09-17T16:00:00Z,DOGEUSDT,0.00007561
2024-09-18T00:00:00Z,DOGEUSDT,0.0001
2024-09-18T08:00:00Z,DOGEUSDT,-0.00001032
2024-09-18T16:00:00Z,DOGEUSDT,0.00006057
2024-09-19T00:00:00Z,DOGEUSDT,0.0001
2024-09-19T08:00:00Z,DOGEUSDT,0.00002048
2024-09-19T16:00:00Z,DOGEUSDT,0.00009148
2024-09-20T00:00:00Z,DOGEUSDT,0.0001
2024-09-20T08:00:00Z,DOGEUSDT,0.00009107
2024-09-20T16:00:00Z,DOGEUSDT,0.00002622
2024-09-21T00:00:00Z,DOGEUSDT,0.0001
2024-09-21T08:00:00Z,DOGEUSDT,0.00008486
2024-09-21T16:00:00Z,DOGEUSDT,0.00008706
2024-09-22T00:00:00Z,DOGEUSDT,0.0001
2024-09-22T08:00:00Z,DOGEUSDT,0.0001
2024-09-22T16:00:00Z,DOGEUSDT,0.00004231
2024-09-23T00:00:00Z,DOGEUSDT,0.00001264
2024-09-23T08:00:00Z,DOGEUSDT,0.0001
2024-09-23T16:00:00Z,DOGEUSDT,0.00003622
2024-09-24T00:00:00Z,DOGEUSDT,0.00007387
2024-09-24T08:00:00Z,DOGEUSDT,0.0001
2024-09-24T16:00:00Z,DOGEUSDT,0.0001
2024-09-25T00:00:00Z,DOGEUSDT,0.0001
2024-09-25T08:00:00Z,DOGEUSDT,0.0001
2024-09-25T16:00:00Z,DOGEUSDT,0.00009338
2024-09-26T00:00:00Z,DOGEUSDT,0.0001
2024-09-26T08:00:00Z,DOGEUSDT,0.0001
2024-09-26T16:00:00Z,DOGEUSDT,0.0001
2024-09-27T00:00:00Z,DOGEUSDT,0.0001
2024-09-27T08:00:00Z,DOGEUSDT,0.0001
2024-09-27T16:00:00Z,DOGEUSDT,0.0001
2024-09-28T00:00:00Z,DOGEUSDT,0.00009159
2024-09-28T08:00:00Z,DOGEUSDT,0.0001
2024-09-28T16:00:00Z,DOGEUSDT,0.0001
2024-09-29T00:00:00Z,DOGEUSDT,0.0001
2024-09-29T08:00:00Z,DOGEUSDT,0.0001
2024-09-29T16:00:00Z,DOGEUSDT,0.0001
2024-09-30T00:00:00Z,DOGEUSDT,0.0001
2024-09-30T08:00:00Z,DOGEUSDT,0.0001
2024-09-30T16:00:00Z,DOGEUSDT,0.0001
2024-10-01T00:00:00Z,DOGEUSDT,0.0001
2024-10-01T08:00:00Z,DOGEUSDT,0.00003303
2024-10-01T16:00:00Z,DOGEUSDT,0.0001
2024-10-02T00:00:00Z,DOGEUSDT,-0.00005228
2024-10-02T08:00:00Z,DOGEUSDT,0.00009301
2024-10-02T16:00:00Z,DOGEUSDT,-0.00007586
2024-10-03T00:00:00Z,DOGEUSDT,-0.00003143
2024-10-03T08:00:00Z,DOGEUSDT,0.00000487
2024-10-03T16:00:00Z,DOGEUSDT,-0.00002284
2024-10-04T00:00:00Z,DOGEUSDT,0.00008138
2024-10-04T08:00:00Z,DOGEUSDT,0.00001614
2024-10-04T16:00:00Z,DOGEUSDT,0.00003678
2024-10-05T00:00:00Z,DOGEUSDT,-0.00001094
2024-10-05T08:00:00Z,DOGEUSDT,0.00003347
2024-10-05T16:00:00Z,DOGEUSDT,0.00007323
2024-10-06T00:00:00Z,DOGEUSDT,0.0001
2024-10-06T08:00:00Z,DOGEUSDT,0.00006793
2024-10-06T16:00:00Z,DOGEUSDT,0.000063
2024-10-07T00:00:00Z,DOGEUSDT,-0.00004962
2024-10-07T08:00:00Z,DOGEUSDT,0.00009692
2024-10-07T16:00:00Z,DOGEUSDT,0.0000953
2024-10-08T00:00:00Z,DOGEUSDT,0.00002638
2024-10-08T08:00:00Z,DOGEUSDT,0.00001136
2024-10-08T16:00:00Z,DOGEUSDT,0.00002249
2024-10-09T00:00:00Z,DOGEUSDT,0.00005751
2024-10-09T08:00:00Z,DOGEUSDT,0.0001
2024-10-09T16:00:00Z,DOGEUSDT,0.00007302
2024-10-10T00:00:00Z,DOGEUSDT,0.00009817
2024-10-10T08:00:00Z,DOGEUSDT,0.00006147
2024-10-10T16:00:00Z,DOGEUSDT,-0.0000344
2024-10-11T00:00:00Z,DOGEUSDT,0.00006154
2024-10-11T08:00:00Z,DOGEUSDT,0.00007052
2024-10-11T16:00:00Z,DOGEUSDT,0.0001
2024-10-12T00:00:00Z,DOGEUSDT,0.0001
2024-10-12T08:00:00Z,DOGEUSDT,0.0001
2024-10-12T16:00:00Z,DOGEUSDT,0.0001
2024-10-13T00:00:00Z,DOGEUSDT,0.00006989
2024-10-13T08:00:00Z,DOGEUSDT,0.0001
2024-10-13T16:00:00Z,DOGEUSDT,0.0001
2024-10-14T00:00:00Z,DOGEUSDT,0.0001
2024-10-14T08:00:00Z,DOGEUSDT,0.0001
2024-10-14T16:00:00Z,DOGEUSDT,0.0001
2024-10-15T00:00:00Z,DOGEUSDT,0.0001
2024-10-15T08:00:00Z,DOGEUSDT,0.0001
2024-10-15T16:00:00Z,DOGEUSDT,0.0001
2024-10-16T00:00:00Z,DOGEUSDT,0.0001
2024-10-16T08:00:00Z,DOGEUSDT,0.0001
2024-10-16T16:00:00Z,DOGEUSDT,0.0001
2024-10-17T00:00:00Z,DOGEUSDT,0.0001
2024-10-17T08:00:00Z,DOGEUSDT,0.0001
2024-10-17T16:00:00Z,DOGEUSDT,0.0001
2024-10-18T00:00:00Z,DOGEUSDT,0.0001
2024-10-18T08:00:00Z,DOGEUSDT,0.0001
2024-10-18T16:00:00Z,DOGEUSDT,0.0001
2024-10-19T00:00:00Z,DOGEUSDT,0.0001
2024-10-19T08:00:00Z,DOGEUSDT,0.0001
2024-10-19T16:00:00Z,DOGEUSDT,0.0001
2024-10-20T00:00:00Z,DOGEUSDT,0.0001
2024-10-20T08:00:00Z,DOGEUSDT,0.0001
2024-10-20T16:00:00Z,DOGEUSDT,0.0001
2024-10-21T00:00:00Z,DOGEUSDT,0.0001
2024-10-21T08:00:00Z,DOGEUSDT,0.0001
2024-10-21T16:00:00Z,DOGEUSDT,0.0001
2024-10-22T00:00:00Z,DOGEUSDT,0.0001
2024-10-22T08:00:00Z,DOGEUSDT,0.0001
2024-10-22T16:00:00Z,DOGEUSDT,0.0001
2024-10-23T00:00:00Z,DOGEUSDT,0.0001
2024-10-23T08:00:00Z,DOGEUSDT,0.0001
2024-10-23T16:00:00Z,DOGEUSDT,0.0001
2024-10-24T00:00:00Z,DOGEUSDT,0.0001
2024-10-24T08:00:00Z,DOGEUSDT,0.0001
2024-10-24T16:00:00Z,DOGEUSDT,0.0001
2024-10-25T00:00:00Z,DOGEUSDT,0.0001
2024-10-25T08:00:00Z,DOGEUSDT,0.0001
2024-10-25T16:00:00Z,DOGEUSDT,0.0001
2024-10-26T00:00:00Z,DOGEUSDT,0.0001
2024-10-26T08:00:00Z,DOGEUSDT,0.0001
2024-10-26T16:00:00Z,DOGEUSDT,0.0001
2024-10-27T00:00:00Z,DOGEUSDT,0.0001
2024-10-27T08:00:00Z,DOGEUSDT,0.0001
2024-10-27T16:00:00Z,DOGEUSDT,0.0001
2024-10-28T00:00:00Z,DOGEUSDT,0.0001
2024-10-28T08:00:00Z,DOGEUSDT,0.0001
2024-10-28T16:00:00Z,DOGEUSDT,0.0001
2024-10-29T00:00:00Z,DOGEUSDT,0.0001
2024-10-29T08:00:00Z,DOGEUSDT,0.0001
2024-10-29T16:00:00Z,DOGEUSDT,0.0001
2024-10-30T00:00:00Z,DOGEUSDT,0.0001
2024-10-30T08:00:00Z,DOGEUSDT,0.0001
2024-10-30T16:00:00Z,DOGEUSDT,0.0001
2024-10-31T00:00:00Z,DOGEUSDT,0.0001
2024-10-31T08:00:00Z,DOGEUSDT,0.0001
2024-10-31T16:00:00Z,DOGEUSDT,0.0001
2024-11-01T00:00:00Z,DOGEUSDT,0.0001
2024-11-01T08:00:00Z,DOGEUSDT,0.0001
2024-11-01T16:00:00Z,DOGEUSDT,0.0001
2024-11-02T00:00:00Z,DOGEUSDT,0.0001
2024-11-02T08:00:00Z,DOGEUSDT,0.0001
2024-11-02T16:00:00Z,DOGEUSDT,0.0001
2024-11-03T00:00:00Z,DOGEUSDT,0.0001
2024-11-03T08:00:00Z,DOGEUSDT,0.0001
2024-11-03T16:00:00Z,DOGEUSDT,0.0001
2024-11-04T00:00:00Z,DOGEUSDT,0.0001
2024-11-04T08:00:00Z,DOGEUSDT,0.0001
2024-11-04T16:00:00Z,DOGEUSDT,0.00009673
2024-11-05T00:00:00Z,DOGEUSDT,0.0001
2024-11-05T08:00:00Z,DOGEUSDT,0.0001
2024-11-05T16:00:00Z,DOGEUSDT,0.0001
2024-11-06T00:00:00Z,DOGEUSDT,0.0001
2024-11-06T08:00:00Z,DOGEUSDT,0.0001
2024-11-06T16:00:00Z,DOGEUSDT,0.0001
2024-11-07T00:00:00Z,DOGEUSDT,0.0001
2024-11-07T08:00:00Z,DOGEUSDT,0.0001
2024-11-07T16:00:00Z,DOGEUSDT,0.0001
2024-11-08T00:00:00Z,DOGEUSDT,0.0001
2024-11-08T08:00:00Z,DOGEUSDT,0.00023363
2024-11-08T16:00:00Z,DOGEUSDT,0.0001
2024-11-09T00:00:00Z,DOGEUSDT,0.0001
2024-11-09T08:00:00Z,DOGEUSDT,0.0001
2024-11-09T16:00:00Z,DOGEUSDT,0.0001
2024-11-10T00:00:00Z,DOGEUSDT,0.0001
2024-11-10T08:00:00Z,DOGEUSDT,0.00019971
2024-11-10T16:00:00Z,DOGEUSDT,0.0003873
2024-11-11T00:00:00Z,DOGEUSDT,0.00022951
2024-11-11T08:00:00Z,DOGEUSDT,0.0001
2024-11-11T16:00:00Z,DOGEUSDT,0.0001
2024-11-12T00:00:00Z,DOGEUSDT,0.0002091
2024-11-12T08:00:00Z,DOGEUSDT,0.00032911
2024-11-12T16:00:00Z,DOGEUSDT,0.00057057
2024-11-13T00:00:00Z,DOGEUSDT,0.0003201
2024-11-13T08:00:00Z,DOGEUSDT,0.0001
2024-11-13T16:00:00Z,DOGEUSDT,0.0003637
2024-11-14T00:00:00Z,DOGEUSDT,0.0001
2024-11-14T08:00:00Z,DOGEUSDT,0.0001
2024-11-14T16:00:00Z,DOGEUSDT,0.0001
2024-11-15T00:00:00Z,DOGEUSDT,0.0001
2024-11-15T08:00:00Z,DOGEUSDT,0.0001
2024-11-15T16:00:00Z,DOGEUSDT,0.0001
2024-11-16T00:00:00Z,DOGEUSDT,0.00024146
2024-11-16T08:00:00Z,DOGEUSDT,0.00038462
2024-11-16T16:00:00Z,DOGEUSDT,0.00026345
2024-11-17T00:00:00Z,DOGEUSDT,0.00029785
2024-11-17T08:00:00Z,DOGEUSDT,0.00018312
2024-11-17T16:00:00Z,DOGEUSDT,0.00050867
2024-11-18T00:00:00Z,DOGEUSDT,0.00040678
2024-11-18T08:00:00Z,DOGEUSDT,0.00076532
2024-11-18T16:00:00Z,DOGEUSDT,0.00022081
2024-11-19T00:00:00Z,DOGEUSDT,0.00028275
2024-11-19T08:00:00Z,DOGEUSDT,0.00062361
2024-11-19T16:00:00Z,DOGEUSDT,0.00033727
2024-11-20T00:00:00Z,DOGEUSDT,0.00012361
2024-11-20T08:00:00Z,DOGEUSDT,0.0001075
2024-11-20T16:00:00Z,DOGEUSDT,0.00018487
2024-11-21T00:00:00Z,DOGEUSDT,0.0001
2024-11-21T08:00:00Z,DOGEUSDT,0.0001
2024-11-21T16:00:00Z,DOGEUSDT,0.00036219
2024-11-22T00:00:00Z,DOGEUSDT,0.00053959
2024-11-22T08:00:00Z,DOGEUSDT,0.000654
2024-11-22T16:00:00Z,DOGEUSDT,0.00057121
2024-11-23T00:00:00Z,DOGEUSDT,0.00062389
2024-11-23T08:00:00Z,DOGEUSDT,0.00082426
2024-11-23T16:00:00Z,DOGEUSDT,0.00082728
2024-11-24T00:00:00Z,DOGEUSDT,0.00016344
2024-11-24T08:00:00Z,DOGEUSDT,0.0003974
2024-11-24T16:00:00Z,DOGEUSDT,0.0001
2024-11-25T00:00:00Z,DOGEUSDT,0.00039627
2024-11-25T08:00:00Z,DOGEUSDT,0.00043601
2024-11-25T16:00:00Z,DOGEUSDT,0.00015918
2024-11-26T00:00:00Z,DOGEUSDT,0.0001
2024-11-26T08:00:00Z,DOGEUSDT,0.00027614
2024-11-26T16:00:00Z,DOGEUSDT,0.0001
2024-11-27T00:00:00Z,DOGEUSDT,0.0001
2024-11-27T08:00:00Z,DOGEUSDT,0.00013265
2024-11-27T16:00:00Z,DOGEUSDT,0.0001
2024-11-28T00:00:00Z,DOGEUSDT,0.00034221
2024-11-28T08:00:00Z,DOGEUSDT,0.00024318
2024-11-28T16:00:00Z,DOGEUSDT,0.00019003
2024-11-29T00:00:00Z,DOGEUSDT,0.00033119
2024-11-29T08:00:00Z,DOGEUSDT,0.00038943
2024-11-29T16:00:00Z,DOGEUSDT,0.00043264
2024-11-30T00:00:00Z,DOGEUSDT,0.00065159
2024-11-30T08:00:00Z,DOGEUSDT,0.0006073
2024-11-30T16:00:00Z,DOGEUSDT,0.00024827
2024-12-01T00:00:00Z,DOGEUSDT,0.00032509
2024-12-01T08:00:00Z,DOGEUSDT,0.00030107
2024-12-01T16:00:00Z,DOGEUSDT,0.00035756
2024-12-02T00:00:00Z,DOGEUSDT,0.00065207
2024-12-02T08:00:00Z,DOGEUSDT,0.00034736
2024-12-02T16:00:00Z,DOGEUSDT,0.0001
2024-12-03T00:00:00Z,DOGEUSDT,0.00031697
2024-12-03T08:00:00Z,DOGEUSDT,0.00055207
2024-12-03T16:00:00Z,DOGEUSDT,0.00027104
2024-12-04T00:00:00Z,DOGEUSDT,0.00067702
2024-12-04T08:00:00Z,DOGEUSDT,0.00062776
2024-12-04T16:00:00Z,DOGEUSDT,0.00056702
2024-12-05T00:00:00Z,DOGEUSDT,0.00077162
2024-12-05T08:00:00Z,DOGEUSDT,0.00114631
2024-12-05T16:00:00Z,DOGEUSDT,0.00075898
2024-12-06T00:00:00Z,DOGEUSDT,0.00042396
2024-12-06T08:00:00Z,DOGEUSDT,0.0006713
2024-12-06T16:00:00Z,DOGEUSDT,0.0003457
2024-12-07T00:00:00Z,DOGEUSDT,0.00061406
2024-12-07T08:00:00Z,DOGEUSDT,0.00055803
2024-12-07T16:00:00Z,DOGEUSDT,0.0009381
2024-12-08T00:00:00Z,DOGEUSDT,0.00082805
2024-12-08T08:00:00Z,DOGEUSDT,0.00052856
2024-12-08T16:00:00Z,DOGEUSDT,0.0003395
2024-12-09T00:00:00Z,DOGEUSDT,0.00038758
2024-12-09T08:00:00Z,DOGEUSDT,0.00016971
2024-12-09T16:00:00Z,DOGEUSDT,0.0001
2024-12-10T00:00:00Z,DOGEUSDT,-0.00008634
2024-12-10T08:00:00Z,DOGEUSDT,0.0001
2024-12-10T16:00:00Z,DOGEUSDT,0.0001
2024-12-11T00:00:00Z,DOGEUSDT,0.00008637
2024-12-11T08:00:00Z,DOGEUSDT,0.0001
2024-12-11T16:00:00Z,DOGEUSDT,0.0001
2024-12-12T00:00:00Z,DOGEUSDT,0.0001
2024-12-12T08:00:00Z,DOGEUSDT,0.0001
2024-12-12T16:00:00Z,DOGEUSDT,0.0001
2024-12-13T00:00:00Z,DOGEUSDT,0.0001
2024-12-13T08:00:00Z,DOGEUSDT,0.0001
2024-12-13T16:00:00Z,DOGEUSDT,0.0001
2024-12-14T00:00:00Z,DOGEUSDT,0.0001
2024-12-14T08:00:00Z,DOGEUSDT,0.0001
2024-12-14T16:00:00Z,DOGEUSDT,0.0001
2024-12-15T00:00:00Z,DOGEUSDT,0.0001
2024-12-15T08:00:00Z,DOGEUSDT,0.0001
2024-12-15T16:00:00Z,DOGEUSDT,0.0001
2024-12-16T00:00:00Z,DOGEUSDT,0.0001
2024-12-16T08:00:00Z,DOGEUSDT,0.0001
2024-12-16T16:00:00Z,DOGEUSDT,0.0001
2024-12-17T00:00:00Z,DOGEUSDT,0.0001
2024-12-17T08:00:00Z,DOGEUSDT,0.0001
2024-12-17T16:00:00Z,DOGEUSDT,0.0001
2024-12-18T00:00:00Z,DOGEUSDT,0.0001
2024-12-18T08:00:00Z,DOGEUSDT,0.00007177
2024-12-18T16:00:00Z,DOGEUSDT,0.0001
2024-12-19T00:00:00Z,DOGEUSDT,-0.00001332
2024-12-19T08:00:00Z,DOGEUSDT,0.0001
2024-12-19T16:00:00Z,DOGEUSDT,0.0001
2024-12-20T00:00:00Z,DOGEUSDT,-0.00009139
2024-12-20T08:00:00Z,DOGEUSDT,0.00006868
2024-12-20T16:00:00Z,DOGEUSDT,-0.00006854
2024-12-21T00:00:00Z,DOGEUSDT,0.0001
2024-12-21T08:00:00Z,DOGEUSDT,-0.000031
2024-12-21T16:00:00Z,DOGEUSDT,0.00005932
2024-12-22T00:00:00Z,DOGEUSDT,0.00001892
2024-12-22T08:00:00Z,DOGEUSDT,0.00007776
2024-12-22T16:00:00Z,DOGEUSDT,-0.00003412
2024-12-23T00:00:00Z,DOGEUSDT,-0.00002776
2024-12-23T08:00:00Z,DOGEUSDT,0.00002627
2024-12-23T16:00:00Z,DOGEUSDT,0.0001
2024-12-24T00:00:00Z,DOGEUSDT,0.0001
2024-12-24T08:00:00Z,DOGEUSDT,0.0001
2024-12-24T16:00:00Z,DOGEUSDT,0.0001
2024-12-25T00:00:00Z,DOGEUSDT,0.0001
2024-12-25T08:00:00Z,DOGEUSDT,0.0001
2024-12-25T16:00:00Z,DOGEUSDT,0.00005519
2024-12-26T00:00:00Z,DOGEUSDT,0.0001
2024-12-26T08:00:00Z,DOGEUSDT,0.00002162
2024-12-26T16:00:00Z,DOGEUSDT,0.00001317
2024-12-27T00:00:00Z,DOGEUSDT,0.00008814
2024-12-27T08:00:00Z,DOGEUSDT,0.00004223
2024-12-27T16:00:00Z,DOGEUSDT,0.00009994
2024-12-28T00:00:00Z,DOGEUSDT,0.0001
2024-12-28T08:00:00Z,DOGEUSDT,0.0001
2024-12-28T16:00:00Z,DOGEUSDT,0.0001
2024-12-29T00:00:00Z,DOGEUSDT,0.0001
2024-12-29T08:00:00Z,DOGEUSDT,0.0001
2024-12-29T16:00:00Z,DOGEUSDT,0.0001
2024-12-30T00:00:00Z,DOGEUSDT,0.00005378
2024-12-30T08:00:00Z,DOGEUSDT,0.0001
2024-12-30T16:00:00Z,DOGEUSDT,0.0001
2024-12-31T00:00:00Z,DOGEUSDT,0.00009083
2024-12-31T08:00:00Z,DOGEUSDT,-0.00002435
2024-12-31T16:00:00Z,DOGEUSDT,0.0001
2025-01-01T00:00:00Z,DOGEUSDT,0.0001
2025-01-01T08:00:00Z,DOGEUSDT,0.00005484
2025-01-01T16:00:00Z,DOGEUSDT,0.0000586
2025-01-02T00:00:00Z,DOGEUSDT,0.0001
2025-01-02T08:00:00Z,DOGEUSDT,0.0001
2025-01-02T16:00:00Z,DOGEUSDT,0.0001
2025-01-03T00:00:00Z,DOGEUSDT,0.0001
2025-01-03T08:00:00Z,DOGEUSDT,0.0001
2025-01-03T16:00:00Z,DOGEUSDT,0.0001
2025-01-04T00:00:00Z,DOGEUSDT,0.0001
2025-01-04T08:00:00Z,DOGEUSDT,0.0001
2025-01-04T16:00:00Z,DOGEUSDT,0.0001
2025-01-05T00:00:00Z,DOGEUSDT,0.0001
2025-01-05T08:00:00Z,DOGEUSDT,0.0001
2025-01-05T16:00:00Z,DOGEUSDT,0.0001
2025-01-06T00:00:00Z,DOGEUSDT,0.0001
2025-01-06T08:00:00Z,DOGEUSDT,0.0001
2025-01-06T16:00:00Z,DOGEUSDT,0.0001
2025-01-07T00:00:00Z,DOGEUSDT,0.0001
2025-01-07T08:00:00Z,DOGEUSDT,0.0001
2025-01-07T16:00:00Z,DOGEUSDT,0.0001
2025-01-08T00:00:00Z,DOGEUSDT,0.00004826
2025-01-08T08:00:00Z,DOGEUSDT,-0.00000851
2025-01-08T16:00:00Z,DOGEUSDT,0.00006741
2025-01-09T00:00:00Z,DOGEUSDT,0.00008416
2025-01-09T08:00:00Z,DOGEUSDT,0.00002252
2025-01-09T16:00:00Z,DOGEUSDT,0.000028
2025-01-10T00:00:00Z,DOGEUSDT,-0.00003063
2025-01-10T08:00:00Z,DOGEUSDT,-0.00005112
2025-01-10T16:00:00Z,DOGEUSDT,0.00004751
2025-01-11T00:00:00Z,DOGEUSDT,0.00001325
2025-01-11T08:00:00Z,DOGEUSDT,0.0001
2025-01-11T16:00:00Z,DOGEUSDT,0.0001
2025-01-12T00:00:00Z,DOGEUSDT,0.00007475
2025-01-12T08:00:00Z,DOGEUSDT,0.0001
2025-01-12T16:00:00Z,DOGEUSDT,0.0001
2025-01-13T00:00:00Z,DOGEUSDT,0.0001
2025-01-13T08:00:00Z,DOGEUSDT,0.00005036
2025-01-13T16:00:00Z,DOGEUSDT,0.00002816
2025-01-14T00:00:00Z,DOGEUSDT,0.00009118
2025-01-14T08:00:00Z,DOGEUSDT,0.0001
2025-01-14T16:00:00Z,DOGEUSDT,0.0001
2025-01-15T00:00:00Z,DOGEUSDT,0.0001
2025-01-15T08:00:00Z,DOGEUSDT,0.0001
2025-01-15T16:00:00Z,DOGEUSDT,0.0001
2025-01-16T00:00:00Z,DOGEUSDT,0.0001
2025-01-16T08:00:00Z,DOGEUSDT,0.0001
2025-01-16T16:00:00Z,DOGEUSDT,0.0001
2025-01-17T00:00:00Z,DOGEUSDT,0.0001
2025-01-17T08:00:00Z,DOGEUSDT,0.0001
2025-01-17T16:00:00Z,DOGEUSDT,0.0001
2025-01-18T00:00:00Z,DOGEUSDT,0.0001
2025-01-18T08:00:00Z,DOGEUSDT,0.0001
2025-01-18T16:00:00Z,DOGEUSDT,0.0001
2025-01-19T00:00:00Z,DOGEUSDT,0.0001
2025-01-19T08:00:00Z,DOGEUSDT,0.0001
2025-01-19T16:00:00Z,DOGEUSDT,0.0001
2025-01-20T00:00:00Z,DOGEUSDT,0.0001
2025-01-20T08:00:00Z,DOGEUSDT,0.0001
2025-01-20T16:00:00Z,DOGEUSDT,0.0001
2025-01-21T00:00:00Z,DOGEUSDT,0.0001
2025-01-21T08:00:00Z,DOGEUSDT,0.0001
2025-01-21T16:00:00Z,DOGEUSDT,0.0001
2025-01-22T00:00:00Z,DOGEUSDT,0.0001
2025-01-22T08:00:00Z,DOGEUSDT,0.0001
2025-01-22T16:00:00Z,DOGEUSDT,0.0001
2025-01-23T00:00:00Z,DOGEUSDT,0.0001
2025-01-23T08:00:00Z,DOGEUSDT,0.0001
2025-01-23T16:00:00Z,DOGEUSDT,0.0001
2025-01-24T00:00:00Z,DOGEUSDT,0.0001
2025-01-24T08:00:00Z,DOGEUSDT,0.0001
2025-01-24T16:00:00Z,DOGEUSDT,0.0001
2025-01-25T00:00:00Z,DOGEUSDT,0.0001
2025-01-25T08:00:00Z,DOGEUSDT,0.0001
2025-01-25T16:00:00Z,DOGEUSDT,0.0001
2025-01-26T00:00:00Z,DOGEUSDT,0.0001
2025-01-26T08:00:00Z,DOGEUSDT,0.0001
2025-01-26T16:00:00Z,DOGEUSDT,0.0001
2025-01-27T00:00:00Z,DOGEUSDT,0.0001
2025-01-27T08:00:00Z,DOGEUSDT,-0.00001067
2025-01-27T16:00:00Z,DOGEUSDT,-0.00001922
2025-01-28T00:00:00Z,DOGEUSDT,0.0000569
2025-01-28T08:00:00Z,DOGEUSDT,0.00004324
2025-01-28T16:00:00Z,DOGEUSDT,0.0001
2025-01-29T00:00:00Z,DOGEUSDT,0.00004823
2025-01-29T08:00:00Z,DOGEUSDT,0.0001
2025-01-29T16:00:00Z,DOGEUSDT,0.0001
2025-01-30T00:00:00Z,DOGEUSDT,0.0001
2025-01-30T08:00:00Z,DOGEUSDT,0.0001
2025-01-30T16:00:00Z,DOGEUSDT,0.0001
2025-01-31T00:00:00Z,DOGEUSDT,0.0001
2025-01-31T08:00:00Z,DOGEUSDT,0.0001
2025-01-31T16:00:00Z,DOGEUSDT,0.0001
2025-02-01T00:00:00Z,DOGEUSDT,0.0001
2025-02-01T08:00:00Z,DOGEUSDT,0.0001
2025-02-01T16:00:00Z,DOGEUSDT,0.00003005
2025-02-02T00:00:00Z,DOGEUSDT,0.00004404
2025-02-02T08:00:00Z,DOGEUSDT,-0.00001751
2025-02-02T16:00:00Z,DOGEUSDT,0.00000069
2025-02-03T00:00:00Z,DOGEUSDT,-0.00004213
2025-02-03T08:00:00Z,DOGEUSDT,-0.00011137
2025-02-03T16:00:00Z,DOGEUSDT,-0.00006213
2025-02-04T00:00:00Z,DOGEUSDT,-0.00001833
2025-02-04T08:00:00Z,DOGEUSDT,0.0001
2025-02-04T16:00:00Z,DOGEUSDT,0.00003326
2025-02-05T00:00:00Z,DOGEUSDT,-0.00001748
2025-02-05T08:00:00Z,DOGEUSDT,0.00008151
2025-02-05T16:00:00Z,DOGEUSDT,0.00001051
2025-02-06T00:00:00Z,DOGEUSDT,0.00003591
2025-02-06T08:00:00Z,DOGEUSDT,-0.00000689
2025-02-06T16:00:00Z,DOGEUSDT,0.00009371
2025-02-07T00:00:00Z,DOGEUSDT,0.00001852
2025-02-07T08:00:00Z,DOGEUSDT,0.00004349
2025-02-07T16:00:00Z,DOGEUSDT,0.00006872
2025-02-08T00:00:00Z,DOGEUSDT,-0.00001722
2025-02-08T08:00:00Z,DOGEUSDT,0.00007331
2025-02-08T16:00:00Z,DOGEUSDT,0.00006955
2025-02-09T00:00:00Z,DOGEUSDT,0.00008419
2025-02-09T08:00:00Z,DOGEUSDT,0.00008063
2025-02-09T16:00:00Z,DOGEUSDT,0.00007642
2025-02-10T00:00:00Z,DOGEUSDT,-0.00002307
2025-02-10T08:00:00Z,DOGEUSDT,0.00003434
2025-02-10T16:00:00Z,DOGEUSDT,0.0001
2025-02-11T00:00:00Z,DOGEUSDT,0.00008021
2025-02-11T08:00:00Z,DOGEUSDT,0.00006104
2025-02-11T16:00:00Z,DOGEUSDT,0.00007622
2025-02-12T00:00:00Z,DOGEUSDT,-0.00003569
2025-02-12T08:00:00Z,DOGEUSDT,-0.00004135
2025-02-12T16:00:00Z,DOGEUSDT,0.00003407
2025-02-13T00:00:00Z,DOGEUSDT,0.0001
2025-02-13T08:00:00Z,DOGEUSDT,0.0001
2025-02-13T16:00:00Z,DOGEUSDT,0.0000285
2025-02-14T00:00:00Z,DOGEUSDT,0.0000505
2025-02-14T08:00:00Z,DOGEUSDT,0.00009837
2025-02-14T16:00:00Z,DOGEUSDT,0.0001
2025-02-15T00:00:00Z,DOGEUSDT,0.00004331
2025-02-15T08:00:00Z,DOGEUSDT,0.0001
2025-02-15T16:00:00Z,DOGEUSDT,0.00003149
2025-02-16T00:00:00Z,DOGEUSDT,-0.00001713
2025-02-16T08:00:00Z,DOGEUSDT,0.00003225
2025-02-16T16:00:00Z,DOGEUSDT,0.00000994
2025-02-17T00:00:00Z,DOGEUSDT,0.00002873
2025-02-17T08:00:00Z,DOGEUSDT,-0.00001302
2025-02-17T16:00:00Z,DOGEUSDT,0.00002862
2025-02-18T00:00:00Z,DOGEUSDT,0.00003615
2025-02-18T08:00:00Z,DOGEUSDT,0.00006953
2025-02-18T16:00:00Z,DOGEUSDT,0.00001955
2025-02-19T00:00:00Z,DOGEUSDT,0.00004903
2025-02-19T08:00:00Z,DOGEUSDT,0.00001148
2025-02-19T16:00:00Z,DOGEUSDT,0.00004527
2025-02-20T00:00:00Z,DOGEUSDT,0.00007099
2025-02-20T08:00:00Z,DOGEUSDT,0.00000541
2025-02-20T16:00:00Z,DOGEUSDT,0.00004899
2025-02-21T00:00:00Z,DOGEUSDT,0.00009149
2025-02-21T08:00:00Z,DOGEUSDT,0.0001
2025-02-21T16:00:00Z,DOGEUSDT,0.0001
2025-02-22T00:00:00Z,DOGEUSDT,0.0001
2025-02-22T08:00:00Z,DOGEUSDT,0.0001
2025-02-22T16:00:00Z,DOGEUSDT,0.0001
2025-02-23T00:00:00Z,DOGEUSDT,0.0001
2025-02-23T08:00:00Z,DOGEUSDT,0.0001
2025-02-23T16:00:00Z,DOGEUSDT,0.0001
2025-02-24T00:00:00Z,DOGEUSDT,0.0001
2025-02-24T08:00:00Z,DOGEUSDT,0.0001
2025-02-24T16:00:00Z,DOGEUSDT,0.0001
2025-02-25T00:00:00Z,DOGEUSDT,0.0001
2025-02-25T08:00:00Z,DOGEUSDT,0.0001
2025-02-25T16:00:00Z,DOGEUSDT,0.0001
2025-02-26T00:00:00Z,DOGEUSDT,0.0001
2025-02-26T08:00:00Z,DOGEUSDT,0.0001
2025-02-26T16:00:00Z,DOGEUSDT,0.0001
2025-02-27T00:00:00Z,DOGEUSDT,0.0001
2025-02-27T08:00:00Z,DOGEUSDT,0.0001
2025-02-27T16:00:00Z,DOGEUSDT,0.0001
2025-02-28T00:00:00Z,DOGEUSDT,0.0001
2025-02-28T08:00:00Z,DOGEUSDT,0.0001
2025-02-28T16:00:00Z,DOGEUSDT,-0.00002498
2025-03-01T00:00:00Z,DOGEUSDT,0.0001
2025-03-01T08:00:00Z,DOGEUSDT,0.0001
2025-03-01T16:00:00Z,DOGEUSDT,0.0001
2025-03-02T00:00:00Z,DOGEUSDT,0.00006143
2025-03-02T08:00:00Z,DOGEUSDT,0.00009074
2025-03-02T16:00:00Z,DOGEUSDT,0.00009877
2025-03-03T00:00:00Z,DOGEUSDT,0.0001
2025-03-03T08:00:00Z,DOGEUSDT,0.0001
2025-03-03T16:00:00Z,DOGEUSDT,0.0001
2025-03-04T00:00:00Z,DOGEUSDT,-0.00002455
2025-03-04T08:00:00Z,DOGEUSDT,-0.00010831
2025-03-04T16:00:00Z,DOGEUSDT,-0.00002741
2025-03-05T00:00:00Z,DOGEUSDT,0.00000661
2025-03-05T08:00:00Z,DOGEUSDT,0.00001957
2025-03-05T16:00:00Z,DOGEUSDT,0.00005718
2025-03-06T00:00:00Z,DOGEUSDT,0.00007924
2025-03-06T08:00:00Z,DOGEUSDT,0.00007332
2025-03-06T16:00:00Z,DOGEUSDT,0.0001
2025-03-07T00:00:00Z,DOGEUSDT,-0.00000375
2025-03-07T08:00:00Z,DOGEUSDT,-0.00005913
2025-03-07T16:00:00Z,DOGEUSDT,0.00007771
2025-03-08T00:00:00Z,DOGEUSDT,0.00008329
2025-03-08T08:00:00Z,DOGEUSDT,0.00001612
2025-03-08T16:00:00Z,DOGEUSDT,0.00002693
2025-03-09T00:00:00Z,DOGEUSDT,-0.00001315
2025-03-09T08:00:00Z,DOGEUSDT,0.00001681
2025-03-09T16:00:00Z,DOGEUSDT,-0.00003653
2025-03-10T00:00:00Z,DOGEUSDT,-0.0001145
2025-03-10T08:00:00Z,DOGEUSDT,-0.00006365
2025-03-10T16:00:00Z,DOGEUSDT,-0.00000921
2025-03-11T00:00:00Z,DOGEUSDT,-0.00007376
2025-03-11T08:00:00Z,DOGEUSDT,-0.00013444
2025-03-11T16:00:00Z,DOGEUSDT,0.00005546
2025-03-12T00:00:00Z,DOGEUSDT,0.0000805
2025-03-12T08:00:00Z,DOGEUSDT,0.00005354
2025-03-12T16:00:00Z,DOGEUSDT,0.0000494
2025-03-13T00:00:00Z,DOGEUSDT,0.00002677
2025-03-13T08:00:00Z,DOGEUSDT,-0.00000448
2025-03-13T16:00:00Z,DOGEUSDT,-0.0000117
2025-03-14T00:00:00Z,DOGEUSDT,-0.00000435
2025-03-14T08:00:00Z,DOGEUSDT,0.0001
2025-03-14T16:00:00Z,DOGEUSDT,0.00007139
2025-03-15T00:00:00Z,DOGEUSDT,0.00006627
2025-03-15T08:00:00Z,DOGEUSDT,0.0001
2025-03-15T16:00:00Z,DOGEUSDT,0.00006512
2025-03-16T00:00:00Z,DOGEUSDT,0.00004978
2025-03-16T08:00:00Z,DOGEUSDT,-0.00003527
2025-03-16T16:00:00Z,DOGEUSDT,-0.0000554
2025-03-17T00:00:00Z,DOGEUSDT,-0.00000186
2025-03-17T08:00:00Z,DOGEUSDT,0.00002106
2025-03-17T16:00:00Z,DOGEUSDT,0.00002031
2025-03-18T00:00:00Z,DOGEUSDT,0.0001
2025-03-18T08:00:00Z,DOGEUSDT,-0.00001695
2025-03-18T16:00:00Z,DOGEUSDT,-0.00001497
2025-03-19T00:00:00Z,DOGEUSDT,-0.00005234
2025-03-19T08:00:00Z,DOGEUSDT,0.00004819
2025-03-19T16:00:00Z,DOGEUSDT,0.00004169
2025-03-20T00:00:00Z,DOGEUSDT,0.00004962
2025-03-20T08:00:00Z,DOGEUSDT,0.00001095
2025-03-20T16:00:00Z,DOGEUSDT,-0.00007187
2025-03-21T00:00:00Z,DOGEUSDT,-0.00005654
2025-03-21T08:00:00Z,DOGEUSDT,-0.00002138
2025-03-21T16:00:00Z,DOGEUSDT,-0.00005206
2025-03-22T00:00:00Z,DOGEUSDT,0.00003103
2025-03-22T08:00:00Z,DOGEUSDT,-0.00000973
2025-03-22T16:00:00Z,DOGEUSDT,-0.00000565
2025-03-23T00:00:00Z,DOGEUSDT,-0.00000077
2025-03-23T08:00:00Z,DOGEUSDT,-0.00001246
2025-03-23T16:00:00Z,DOGEUSDT,0.00008745
2025-03-24T00:00:00Z,DOGEUSDT,0.00004568
2025-03-24T08:00:00Z,DOGEUSDT,0.00005552
2025-03-24T16:00:00Z,DOGEUSDT,0.00005425
2025-03-25T00:00:00Z,DOGEUSDT,0.00007297
2025-03-25T08:00:00Z,DOGEUSDT,0.00002543
2025-03-25T16:00:00Z,DOGEUSDT,-0.00000624
2025-03-26T00:00:00Z,DOGEUSDT,0.00002772
2025-03-26T08:00:00Z,DOGEUSDT,-0.00004011
2025-03-26T16:00:00Z,DOGEUSDT,0.00004164
2025-03-27T00:00:00Z,DOGEUSDT,0.00002334
2025-03-27T08:00:00Z,DOGEUSDT,0.00003198
2025-03-27T16:00:00Z,DOGEUSDT,0.00002371
2025-03-28T00:00:00Z,DOGEUSDT,0.00008576
2025-03-28T08:00:00Z,DOGEUSDT,0.00000636
2025-03-28T16:00:00Z,DOGEUSDT,-0.00000338
2025-03-29T00:00:00Z,DOGEUSDT,0.00004001
2025-03-29T08:00:00Z,DOGEUSDT,0.00001237
2025-03-29T16:00:00Z,DOGEUSDT,-0.00001398
2025-03-30T00:00:00Z,DOGEUSDT,-0.00002337
2025-03-30T08:00:00Z,DOGEUSDT,-0.00012215
2025-03-30T16:00:00Z,DOGEUSDT,-0.00001993
2025-03-31T00:00:00Z,DOGEUSDT,-0.0000268
2025-03-31T08:00:00Z,DOGEUSDT,0.00001079
2025-03-31T16:00:00Z,DOGEUSDT,-0.00002918
2025-04-01T00:00:00Z,DOGEUSDT,-0.00003224
2025-04-01T08:00:00Z,DOGEUSDT,-0.00005195
2025-04-01T16:00:00Z,DOGEUSDT,0.00004016
2025-04-02T00:00:00Z,DOGEUSDT,0.0001
2025-04-02T08:00:00Z,DOGEUSDT,0.00004756
2025-04-02T16:00:00Z,DOGEUSDT,0.0000614
2025-04-03T00:00:00Z,DOGEUSDT,0.00003031
2025-04-03T08:00:00Z,DOGEUSDT,0.00000939
2025-04-03T16:00:00Z,DOGEUSDT,0.00000705
2025-04-04T00:00:00Z,DOGEUSDT,0.00001318
2025-04-04T08:00:00Z,DOGEUSDT,0.00003493
2025-04-04T16:00:00Z,DOGEUSDT,0.00003726
2025-04-05T00:00:00Z,DOGEUSDT,0.00009695
2025-04-05T08:00:00Z,DOGEUSDT,0.00001703
2025-04-05T16:00:00Z,DOGEUSDT,0.00006983
2025-04-06T00:00:00Z,DOGEUSDT,0.0000609
2025-04-06T08:00:00Z,DOGEUSDT,0.00001197
2025-04-06T16:00:00Z,DOGEUSDT,0.00001349
2025-04-07T00:00:00Z,DOGEUSDT,0.00001857
2025-04-07T08:00:00Z,DOGEUSDT,-0.00000565
2025-04-07T16:00:00Z,DOGEUSDT,-0.00000301
2025-04-08T00:00:00Z,DOGEUSDT,0.0001
2025-04-08T08:00:00Z,DOGEUSDT,0.0000578
2025-04-08T16:00:00Z,DOGEUSDT,0.00004637
2025-04-09T00:00:00Z,DOGEUSDT,0.00002838
2025-04-09T08:00:00Z,DOGEUSDT,0.0000393
2025-04-09T16:00:00Z,DOGEUSDT,0.00008862
2025-04-10T00:00:00Z,DOGEUSDT,0.0001
2025-04-10T08:00:00Z,DOGEUSDT,0.00001703
2025-04-10T16:00:00Z,DOGEUSDT,0.00002889
2025-04-11T00:00:00Z,DOGEUSDT,-0.00001315
2025-04-11T08:00:00Z,DOGEUSDT,0.0001
2025-04-11T16:00:00Z,DOGEUSDT,0.00008003
2025-04-12T00:00:00Z,DOGEUSDT,0.00007076
2025-04-12T08:00:00Z,DOGEUSDT,0.00004082
2025-04-12T16:00:00Z,DOGEUSDT,0.00007943
2025-04-13T00:00:00Z,DOGEUSDT,0.0001
2025-04-13T08:00:00Z,DOGEUSDT,0.0001
2025-04-13T16:00:00Z,DOGEUSDT,0.00003013
2025-04-14T00:00:00Z,DOGEUSDT,0.000036
2025-04-14T08:00:00Z,DOGEUSDT,0.0001
2025-04-14T16:00:00Z,DOGEUSDT,0.00003847
2025-04-15T00:00:00Z,DOGEUSDT,-0.00005548
2025-04-15T08:00:00Z,DOGEUSDT,-0.00002615
2025-04-15T16:00:00Z,DOGEUSDT,-0.00004478
2025-04-16T00:00:00Z,DOGEUSDT,-0.00005216
2025-04-16T08:00:00Z,DOGEUSDT,-0.00003148
2025-04-16T16:00:00Z,DOGEUSDT,-0.00000849
2025-04-17T00:00:00Z,DOGEUSDT,0.00004989
2025-04-17T08:00:00Z,DOGEUSDT,0.00008057
2025-04-17T16:00:00Z,DOGEUSDT,0.00003345
2025-04-18T00:00:00Z,DOGEUSDT,0.00004171
2025-04-18T08:00:00Z,DOGEUSDT,-0.00001632
2025-04-18T16:00:00Z,DOGEUSDT,0.00008331
2025-04-19T00:00:00Z,DOGEUSDT,0.00007845
2025-04-19T08:00:00Z,DOGEUSDT,0.00008231
2025-04-19T16:00:00Z,DOGEUSDT,0.00001824
2025-04-20T00:00:00Z,DOGEUSDT,0.00008243
2025-04-20T08:00:00Z,DOGEUSDT,0.00001882
2025-04-20T16:00:00Z,DOGEUSDT,-0.0000051
2025-04-21T00:00:00Z,DOGEUSDT,0.00000125
2025-04-21T08:00:00Z,DOGEUSDT,0.0001
2025-04-21T16:00:00Z,DOGEUSDT,0.0001
2025-04-22T00:00:00Z,DOGEUSDT,0.00009404
2025-04-22T08:00:00Z,DOGEUSDT,0.0001
2025-04-22T16:00:00Z,DOGEUSDT,0.0001
2025-04-23T00:00:00Z,DOGEUSDT,0.0001
2025-04-23T08:00:00Z,DOGEUSDT,0.0001
2025-04-23T16:00:00Z,DOGEUSDT,0.0001
2025-04-24T00:00:00Z,DOGEUSDT,0.0001
2025-04-24T08:00:00Z,DOGEUSDT,0.0001
2025-04-24T16:00:00Z,DOGEUSDT,0.00009527
2025-04-25T00:00:00Z,DOGEUSDT,0.0001
2025-04-25T08:00:00Z,DOGEUSDT,0.00009714
2025-04-25T16:00:00Z,DOGEUSDT,0.0001
2025-04-26T00:00:00Z,DOGEUSDT,0.00005578
2025-04-26T08:00:00Z,DOGEUSDT,0.00007093
2025-04-26T16:00:00Z,DOGEUSDT,-0.00002672
2025-04-27T00:00:00Z,DOGEUSDT,0.0000193
2025-04-27T08:00:00Z,DOGEUSDT,-0.00000958
2025-04-27T16:00:00Z,DOGEUSDT,0.00003819
2025-04-28T00:00:00Z,DOGEUSDT,-0.00002328
2025-04-28T08:00:00Z,DOGEUSDT,0.00004609
2025-04-28T16:00:00Z,DOGEUSDT,0.00002955
2025-04-29T00:00:00Z,DOGEUSDT,0.00004942
2025-04-29T08:00:00Z,DOGEUSDT,0.00000142
2025-04-29T16:00:00Z,DOGEUSDT,0.00000858
2025-04-30T00:00:00Z,DOGEUSDT,-0.00003317
2025-04-30T08:00:00Z,DOGEUSDT,-0.00005268
2025-04-30T16:00:00Z,DOGEUSDT,-0.00003578
2025-05-01T00:00:00Z,DOGEUSDT,0.00004743
2025-05-01T08:00:00Z,DOGEUSDT,0.0001
2025-05-01T16:00:00Z,DOGEUSDT,0.00009127
2025-05-02T00:00:00Z,DOGEUSDT,0.0001
2025-05-02T08:00:00Z,DOGEUSDT,0.0001
2025-05-02T16:00:00Z,DOGEUSDT,0.00001734
2025-05-03T00:00:00Z,DOGEUSDT,0.00008551
2025-05-03T08:00:00Z,DOGEUSDT,0.0000363
2025-05-03T16:00:00Z,DOGEUSDT,0.00006591
2025-05-04T00:00:00Z,DOGEUSDT,0.00007297
2025-05-04T08:00:00Z,DOGEUSDT,0.00008674
2025-05-04T16:00:00Z,DOGEUSDT,0.00002872
2025-05-05T00:00:00Z,DOGEUSDT,-0.00003054
2025-05-05T08:00:00Z,DOGEUSDT,0.0000344
2025-05-05T16:00:00Z,DOGEUSDT,-0.00000336
2025-05-06T00:00:00Z,DOGEUSDT,-0.00003353
2025-05-06T08:00:00Z,DOGEUSDT,0.00003413
2025-05-06T16:00:00Z,DOGEUSDT,-0.00003334
2025-05-07T00:00:00Z,DOGEUSDT,0.00003678
2025-05-07T08:00:00Z,DOGEUSDT,0.00000355
2025-05-07T16:00:00Z,DOGEUSDT,0.00001852
2025-05-08T00:00:00Z,DOGEUSDT,0.00003259
2025-05-08T08:00:00Z,DOGEUSDT,0.00006959
2025-05-08T16:00:00Z,DOGEUSDT,0.0001
2025-05-09T00:00:00Z,DOGEUSDT,0.0001
2025-05-09T08:00:00Z,DOGEUSDT,0.0001
2025-05-09T16:00:00Z,DOGEUSDT,0.0001
2025-05-10T00:00:00Z,DOGEUSDT,0.0001
2025-05-10T08:00:00Z,DOGEUSDT,0.0001
2025-05-10T16:00:00Z,DOGEUSDT,0.0001
2025-05-11T00:00:00Z,DOGEUSDT,0.0001
2025-05-11T08:00:00Z,DOGEUSDT,0.0001
2025-05-11T16:00:00Z,DOGEUSDT,0.00009154
2025-05-12T00:00:00Z,DOGEUSDT,0.0001
2025-05-12T08:00:00Z,DOGEUSDT,0.0001
2025-05-12T16:00:00Z,DOGEUSDT,0.0001
2025-05-13T00:00:00Z,DOGEUSDT,0.0001
2025-05-13T08:00:00Z,DOGEUSDT,0.00006259
2025-05-13T16:00:00Z,DOGEUSDT,0.00008402
2025-05-14T00:00:00Z,DOGEUSDT,0.0001
2025-05-14T08:00:00Z,DOGEUSDT,0.0001
2025-05-14T16:00:00Z,DOGEUSDT,0.0001
2025-05-15T00:00:00Z,DOGEUSDT,0.0001
2025-05-15T08:00:00Z,DOGEUSDT,0.00009032
2025-05-15T16:00:00Z,DOGEUSDT,-0.00004786
2025-05-16T00:00:00Z,DOGEUSDT,-0.00006091
2025-05-16T08:00:00Z,DOGEUSDT,0.00005966
2025-05-16T16:00:00Z,DOGEUSDT,0.00009562
2025-05-17T00:00:00Z,DOGEUSDT,0.00008701
2025-05-17T08:00:00Z,DOGEUSDT,0.00001666
2025-05-17T16:00:00Z,DOGEUSDT,0.00001346
2025-05-18T00:00:00Z,DOGEUSDT,-0.00000708
2025-05-18T08:00:00Z,DOGEUSDT,0.00005612
2025-05-18T16:00:00Z,DOGEUSDT,0.0001
2025-05-19T00:00:00Z,DOGEUSDT,0.00008379
2025-05-19T08:00:00Z,DOGEUSDT,-0.00006218
2025-05-19T16:00:00Z,DOGEUSDT,-0.00002817
2025-05-20T00:00:00Z,DOGEUSDT,0.0001
2025-05-20T08:00:00Z,DOGEUSDT,0.00008284
2025-05-20T16:00:00Z,DOGEUSDT,-0.00005475
2025-05-21T00:00:00Z,DOGEUSDT,0.0001
2025-05-21T08:00:00Z,DOGEUSDT,0.0001
2025-05-21T16:00:00Z,DOGEUSDT,0.0001
2025-05-22T00:00:00Z,DOGEUSDT,0.0001
2025-05-22T08:00:00Z,DOGEUSDT,0.0001
2025-05-22T16:00:00Z,DOGEUSDT,0.0001
2025-05-23T00:00:00Z,DOGEUSDT,0.0001
2025-05-23T08:00:00Z,DOGEUSDT,0.0001
2025-05-23T16:00:00Z,DOGEUSDT,0.0001
2025-05-24T00:00:00Z,DOGEUSDT,0.0001
2025-05-24T08:00:00Z,DOGEUSDT,0.00008412
2025-05-24T16:00:00Z,DOGEUSDT,0.00004438
2025-05-25T00:00:00Z,DOGEUSDT,0.0001
2025-05-25T08:00:00Z,DOGEUSDT,0.00008515
2025-05-25T16:00:00Z,DOGEUSDT,0.00002982
2025-05-26T00:00:00Z,DOGEUSDT,0.00009772
2025-05-26T08:00:00Z,DOGEUSDT,0.0001
2025-05-26T16:00:00Z,DOGEUSDT,0.0001
2025-05-27T00:00:00Z,DOGEUSDT,0.0001
2025-05-27T08:00:00Z,DOGEUSDT,0.0001
2025-05-27T16:00:00Z,DOGEUSDT,0.0001
2025-05-28T00:00:00Z,DOGEUSDT,0.00009428
2025-05-28T08:00:00Z,DOGEUSDT,-0.00002003
2025-05-28T16:00:00Z,DOGEUSDT,-0.00000967
2025-05-29T00:00:00Z,DOGEUSDT,-0.00000086
2025-05-29T08:00:00Z,DOGEUSDT,0.0001
2025-05-29T16:00:00Z,DOGEUSDT,0.00004803
2025-05-30T00:00:00Z,DOGEUSDT,0.00005262
2025-05-30T08:00:00Z,DOGEUSDT,0.0001
2025-05-30T16:00:00Z,DOGEUSDT,0.00008619
2025-05-31T00:00:00Z,DOGEUSDT,0.00002756
2025-05-31T08:00:00Z,DOGEUSDT,-0.00005345
2025-05-31T16:00:00Z,DOGEUSDT,0.00002192
2025-06-01T00:00:00Z,DOGEUSDT,-0.0000354
2025-06-01T08:00:00Z,DOGEUSDT,-0.00000496
2025-06-01T16:00:00Z,DOGEUSDT,0.00000866
2025-06-02T00:00:00Z,DOGEUSDT,0.0000382
2025-06-02T08:00:00Z,DOGEUSDT,0.00004525
2025-06-02T16:00:00Z,DOGEUSDT,0.00007073
2025-06-03T00:00:00Z,DOGEUSDT,0.00006893
2025-06-03T08:00:00Z,DOGEUSDT,0.0000407
2025-06-03T16:00:00Z,DOGEUSDT,0.000083
2025-06-04T00:00:00Z,DOGEUSDT,0.00002824
2025-06-04T08:00:00Z,DOGEUSDT,0.00005579
2025-06-04T16:00:00Z,DOGEUSDT,-0.00002899
2025-06-05T00:00:00Z,DOGEUSDT,0.00006834
2025-06-05T08:00:00Z,DOGEUSDT,-0.0000019
2025-06-05T16:00:00Z,DOGEUSDT,0.00005454
2025-06-06T00:00:00Z,DOGEUSDT,-0.0000634
2025-06-06T08:00:00Z,DOGEUSDT,-0.00001622
2025-06-06T16:00:00Z,DOGEUSDT,0.00000114
2025-06-07T00:00:00Z,DOGEUSDT,-0.00000946
2025-06-07T08:00:00Z,DOGEUSDT,-0.00000282
2025-06-07T16:00:00Z,DOGEUSDT,-0.00000815
2025-06-08T00:00:00Z,DOGEUSDT,0.00000373
2025-06-08T08:00:00Z,DOGEUSDT,0.00005044
2025-06-08T16:00:00Z,DOGEUSDT,0.00005053
2025-06-09T00:00:00Z,DOGEUSDT,0.00009158
2025-06-09T08:00:00Z,DOGEUSDT,0.00002922
2025-06-09T16:00:00Z,DOGEUSDT,0.0001
2025-06-10T00:00:00Z,DOGEUSDT,0.0001
2025-06-10T08:00:00Z,DOGEUSDT,0.0001
2025-06-10T16:00:00Z,DOGEUSDT,0.0001
2025-06-11T00:00:00Z,DOGEUSDT,0.0001
2025-06-11T08:00:00Z,DOGEUSDT,0.0001
2025-06-11T16:00:00Z,DOGEUSDT,0.0001
2025-06-12T00:00:00Z,DOGEUSDT,0.00002822
2025-06-12T08:00:00Z,DOGEUSDT,0.00001806
2025-06-12T16:00:00Z,DOGEUSDT,0.00003029
2025-06-13T00:00:00Z,DOGEUSDT,-0.00002393
2025-06-13T08:00:00Z,DOGEUSDT,-0.00001481
2025-06-13T16:00:00Z,DOGEUSDT,0.0000093
2025-06-14T00:00:00Z,DOGEUSDT,0.0000108
2025-06-14T08:00:00Z,DOGEUSDT,-0.00005929
2025-06-14T16:00:00Z,DOGEUSDT,-0.00000974
2025-06-15T00:00:00Z,DOGEUSDT,-0.00000672
2025-06-15T08:00:00Z,DOGEUSDT,-0.00005003
2025-06-15T16:00:00Z,DOGEUSDT,0.00003867
2025-06-16T00:00:00Z,DOGEUSDT,0.00002304
2025-06-16T08:00:00Z,DOGEUSDT,0.00003712
2025-06-16T16:00:00Z,DOGEUSDT,0.0001
2025-06-17T00:00:00Z,DOGEUSDT,0.00005253
2025-06-17T08:00:00Z,DOGEUSDT,0.00004568
2025-06-17T16:00:00Z,DOGEUSDT,0.00007522
2025-06-18T00:00:00Z,DOGEUSDT,0.00000678
2025-06-18T08:00:00Z,DOGEUSDT,0.00004419
2025-06-18T16:00:00Z,DOGEUSDT,0.00002477
2025-06-19T00:00:00Z,DOGEUSDT,0.00002285
2025-06-19T08:00:00Z,DOGEUSDT,0.00007355
2025-06-19T16:00:00Z,DOGEUSDT,0.00000815
2025-06-20T00:00:00Z,DOGEUSDT,0.00009
2025-06-20T08:00:00Z,DOGEUSDT,0.00006264
2025-06-20T16:00:00Z,DOGEUSDT,0.00004855
2025-06-21T00:00:00Z,DOGEUSDT,0.00000145
2025-06-21T08:00:00Z,DOGEUSDT,-0.00001981
2025-06-21T16:00:00Z,DOGEUSDT,0.00000893
2025-06-22T00:00:00Z,DOGEUSDT,0.00001266
2025-06-22T08:00:00Z,DOGEUSDT,0.00000055
2025-06-22T16:00:00Z,DOGEUSDT,-0.00005919
2025-06-23T00:00:00Z,DOGEUSDT,0.0000094
2025-06-23T08:00:00Z,DOGEUSDT,0.00005392
2025-06-23T16:00:00Z,DOGEUSDT,-0.0000369
2025-06-24T00:00:00Z,DOGEUSDT,0.00000595
2025-06-24T08:00:00Z,DOGEUSDT,-0.0000044
2025-06-24T16:00:00Z,DOGEUSDT,-0.00002829
2025-06-25T00:00:00Z,DOGEUSDT,0.00001604
2025-06-25T08:00:00Z,DOGEUSDT,0.00004884
2025-06-25T16:00:00Z,DOGEUSDT,0.00004372
2025-06-26T00:00:00Z,DOGEUSDT,0.00004093
2025-06-26T08:00:00Z,DOGEUSDT,-0.00004316
2025-06-26T16:00:00Z,DOGEUSDT,0.00002898
2025-06-27T00:00:00Z,DOGEUSDT,0.00007869
2025-06-27T08:00:00Z,DOGEUSDT,0.00006176
2025-06-27T16:00:00Z,DOGEUSDT,-0.00003024
2025-06-28T00:00:00Z,DOGEUSDT,0.00001475
2025-06-28T08:00:00Z,DOGEUSDT,0.00006526
2025-06-28T16:00:00Z,DOGEUSDT,0.00006036
2025-06-29T00:00:00Z,DOGEUSDT,0.0001
2025-06-29T08:00:00Z,DOGEUSDT,0.0001
2025-06-29T16:00:00Z,DOGEUSDT,0.00002713
2025-06-30T00:00:00Z,DOGEUSDT,0.0001
2025-06-30T08:00:00Z,DOGEUSDT,0.00003909
2025-06-30T16:00:00Z,DOGEUSDT,-0.00000989
2025-07-01T00:00:00Z,DOGEUSDT,0.00008373
2025-07-01T08:00:00Z,DOGEUSDT,0.0000592
2025-07-01T16:00:00Z,DOGEUSDT,0.00003335
2025-07-02T00:00:00Z,DOGEUSDT,0.00000678
2025-07-02T08:00:00Z,DOGEUSDT,0.00003634
2025-07-02T16:00:00Z,DOGEUSDT,0.00004046
2025-07-03T00:00:00Z,DOGEUSDT,0.0001
2025-07-03T08:00:00Z,DOGEUSDT,0.0001
2025-07-03T16:00:00Z,DOGEUSDT,0.00008182
2025-07-04T00:00:00Z,DOGEUSDT,0.00001798
2025-07-04T08:00:00Z,DOGEUSDT,0.00009003
2025-07-04T16:00:00Z,DOGEUSDT,0.00001063
2025-07-05T00:00:00Z,DOGEUSDT,0.0000084
2025-07-05T08:00:00Z,DOGEUSDT,-0.00006678
2025-07-05T16:00:00Z,DOGEUSDT,-0.00001508
2025-07-06T00:00:00Z,DOGEUSDT,0.00004189
2025-07-06T08:00:00Z,DOGEUSDT,-0.00003855
2025-07-06T16:00:00Z,DOGEUSDT,0.0001
2025-07-07T00:00:00Z,DOGEUSDT,0.0001
2025-07-07T08:00:00Z,DOGEUSDT,0.0001
2025-07-07T16:00:00Z,DOGEUSDT,0.0001
2025-07-08T00:00:00Z,DOGEUSDT,-0.00002531
2025-07-08T08:00:00Z,DOGEUSDT,0.00000828
2025-07-08T16:00:00Z,DOGEUSDT,0.00005926
2025-07-09T00:00:00Z,DOGEUSDT,0.0001
2025-07-09T08:00:00Z,DOGEUSDT,0.0001
2025-07-09T16:00:00Z,DOGEUSDT,0.0001
2025-07-10T00:00:00Z,DOGEUSDT,0.0001
2025-07-10T08:00:00Z,DOGEUSDT,0.0001
2025-07-10T16:00:00Z,DOGEUSDT,0.0001
2025-07-11T00:00:00Z,DOGEUSDT,0.0001
2025-07-11T08:00:00Z,DOGEUSDT,0.0001
2025-07-11T16:00:00Z,DOGEUSDT,0.0001
2025-07-12T00:00:00Z,DOGEUSDT,0.0001
2025-07-12T08:00:00Z,DOGEUSDT,0.0001
2025-07-12T16:00:00Z,DOGEUSDT,0.0001
2025-07-13T00:00:00Z,DOGEUSDT,0.0001
2025-07-13T08:00:00Z,DOGEUSDT,0.0001
2025-07-13T16:00:00Z,DOGEUSDT,0.0001
2025-07-14T00:00:00Z,DOGEUSDT,0.0001
2025-07-14T08:00:00Z,DOGEUSDT,0.0001
2025-07-14T16:00:00Z,DOGEUSDT,0.0001
2025-07-15T00:00:00Z,DOGEUSDT,0.0001
2025-07-15T08:00:00Z,DOGEUSDT,0.0001
2025-07-15T16:00:00Z,DOGEUSDT,0.0001
2025-07-16T00:00:00Z,DOGEUSDT,0.0001
2025-07-16T08:00:00Z,DOGEUSDT,0.0001
2025-07-16T16:00:00Z,DOGEUSDT,0.0001
2025-07-17T00:00:00Z,DOGEUSDT,0.0001
2025-07-17T08:00:00Z,DOGEUSDT,0.0001
2025-07-17T16:00:00Z,DOGEUSDT,0.0001
2025-07-18T00:00:00Z,DOGEUSDT,0.0001
2025-07-18T08:00:00Z,DOGEUSDT,0.00035727
2025-07-18T16:00:00Z,DOGEUSDT,0.0001
2025-07-19T00:00:00Z,DOGEUSDT,0.0001
2025-07-19T08:00:00Z,DOGEUSDT,0.0001
2025-07-19T16:00:00Z,DOGEUSDT,0.0001
2025-07-20T00:00:00Z,DOGEUSDT,0.0001
2025-07-20T08:00:00Z,DOGEUSDT,0.0001
2025-07-20T16:00:00Z,DOGEUSDT,0.0001
2025-07-21T00:00:00Z,DOGEUSDT,0.0001
2025-07-21T08:00:00Z,DOGEUSDT,0.0001
2025-07-21T16:00:00Z,DOGEUSDT,0.00025883
2025-07-22T00:00:00Z,DOGEUSDT,0.0001
2025-07-22T08:00:00Z,DOGEUSDT,0.0001
2025-07-22T16:00:00Z,DOGEUSDT,0.0001
2025-07-23T00:00:00Z,DOGEUSDT,0.00023303
2025-07-23T08:00:00Z,DOGEUSDT,0.0001
2025-07-23T16:00:00Z,DOGEUSDT,0.0001
2025-07-24T00:00:00Z,DOGEUSDT,0.0001
2025-07-24T08:00:00Z,DOGEUSDT,0.0001
2025-07-24T16:00:00Z,DOGEUSDT,0.0001
2025-07-25T00:00:00Z,DOGEUSDT,0.0001
2025-07-25T08:00:00Z,DOGEUSDT,0.0001
2025-07-25T16:00:00Z,DOGEUSDT,0.0001
2025-07-26T00:00:00Z,DOGEUSDT,0.0001
2025-07-26T08:00:00Z,DOGEUSDT,0.0001
2025-07-26T16:00:00Z,DOGEUSDT,0.0001
2025-07-27T00:00:00Z,DOGEUSDT,0.0001
2025-07-27T08:00:00Z,DOGEUSDT,0.0001
2025-07-27T16:00:00Z,DOGEUSDT,0.0001
2025-07-28T00:00:00Z,DOGEUSDT,0.0001
2025-07-28T08:00:00Z,DOGEUSDT,0.0001
2025-07-28T16:00:00Z,DOGEUSDT,0.0001
2025-07-29T00:00:00Z,DOGEUSDT,0.0001
2025-07-29T08:00:00Z,DOGEUSDT,0.0001
2025-07-29T16:00:00Z,DOGEUSDT,0.0001
2025-07-30T00:00:00Z,DOGEUSDT,0.0001
2025-07-30T08:00:00Z,DOGEUSDT,0.0001
2025-07-30T16:00:00Z,DOGEUSDT,0.0001
2025-07-31T00:00:00Z,DOGEUSDT,0.0001
2025-07-31T08:00:00Z,DOGEUSDT,0.0001
2025-07-31T16:00:00Z,DOGEUSDT,0.0001
2025-08-01T00:00:00Z,DOGEUSDT,0.00004556
2025-08-01T08:00:00Z,DOGEUSDT,0.00005554
2025-08-01T16:00:00Z,DOGEUSDT,0.0001
2025-08-02T00:00:00Z,DOGEUSDT,0.0000021
2025-08-02T08:00:00Z,DOGEUSDT,0.00008799
2025-08-02T16:00:00Z,DOGEUSDT,0.0001
2025-08-03T00:00:00Z,DOGEUSDT,0.0001
2025-08-03T08:00:00Z,DOGEUSDT,0.00005468
2025-08-03T16:00:00Z,DOGEUSDT,-0.00000686
2025-08-04T00:00:00Z,DOGEUSDT,0.00002214
2025-08-04T08:00:00Z,DOGEUSDT,-0.0000297
2025-08-04T16:00:00Z,DOGEUSDT,-0.00000232
2025-08-05T00:00:00Z,DOGEUSDT,0.00003916
2025-08-05T08:00:00Z,DOGEUSDT,0.00005124
2025-08-05T16:00:00Z,DOGEUSDT,0.00007211
2025-08-06T00:00:00Z,DOGEUSDT,-0.00000392
2025-08-06T08:00:00Z,DOGEUSDT,0.00000007
2025-08-06T16:00:00Z,DOGEUSDT,0.00005595
2025-08-07T00:00:00Z,DOGEUSDT,0.0001
2025-08-07T08:00:00Z,DOGEUSDT,0.0001
2025-08-07T16:00:00Z,DOGEUSDT,0.0001
2025-08-08T00:00:00Z,DOGEUSDT,0.0001
2025-08-08T08:00:00Z,DOGEUSDT,0.0001
2025-08-08T16:00:00Z,DOGEUSDT,0.0001
2025-08-09T00:00:00Z,DOGEUSDT,0.0001
2025-08-09T08:00:00Z,DOGEUSDT,0.00004193
2025-08-09T16:00:00Z,DOGEUSDT,0.00008582
2025-08-10T00:00:00Z,DOGEUSDT,0.0001
2025-08-10T08:00:00Z,DOGEUSDT,0.0001
2025-08-10T16:00:00Z,DOGEUSDT,0.0001
2025-08-11T00:00:00Z,DOGEUSDT,0.0001
2025-08-11T08:00:00Z,DOGEUSDT,0.0001
2025-08-11T16:00:00Z,DOGEUSDT,0.0001
2025-08-12T00:00:00Z,DOGEUSDT,0.0001
2025-08-12T08:00:00Z,DOGEUSDT,0.00003548
2025-08-12T16:00:00Z,DOGEUSDT,0.00006253
2025-08-13T00:00:00Z,DOGEUSDT,0.0001
2025-08-13T08:00:00Z,DOGEUSDT,0.0001
2025-08-13T16:00:00Z,DOGEUSDT,0.0001
2025-08-14T00:00:00Z,DOGEUSDT,0.0001
2025-08-14T08:00:00Z,DOGEUSDT,0.0001
2025-08-14T16:00:00Z,DOGEUSDT,0.0001
2025-08-15T00:00:00Z,DOGEUSDT,-0.00005118
2025-08-15T08:00:00Z,DOGEUSDT,-0.00003623
2025-08-15T16:00:00Z,DOGEUSDT,0.0001
2025-08-16T00:00:00Z,DOGEUSDT,0.0001
2025-08-16T08:00:00Z,DOGEUSDT,0.0001
2025-08-16T16:00:00Z,DOGEUSDT,0.0001
2025-08-17T00:00:00Z,DOGEUSDT,0.0001
2025-08-17T08:00:00Z,DOGEUSDT,0.0001
2025-08-17T16:00:00Z,DOGEUSDT,0.0001
2025-08-18T00:00:00Z,DOGEUSDT,0.00003648
2025-08-18T08:00:00Z,DOGEUSDT,-0.00004605
2025-08-18T16:00:00Z,DOGEUSDT,-0.00003561
2025-08-19T00:00:00Z,DOGEUSDT,-0.0000472
2025-08-19T08:00:00Z,DOGEUSDT,0.00004144
2025-08-19T16:00:00Z,DOGEUSDT,0.0001
2025-08-20T00:00:00Z,DOGEUSDT,0.0001
2025-08-20T08:00:00Z,DOGEUSDT,0.00003971
2025-08-20T16:00:00Z,DOGEUSDT,0.00006655
2025-08-21T00:00:00Z,DOGEUSDT,0.00006514
2025-08-21T08:00:00Z,DOGEUSDT,0.0001
2025-08-21T16:00:00Z,DOGEUSDT,-0.0000107
2025-08-22T00:00:00Z,DOGEUSDT,0.0001
2025-08-22T08:00:00Z,DOGEUSDT,0.0001
2025-08-22T16:00:00Z,DOGEUSDT,0.0001
2025-08-23T00:00:00Z,DOGEUSDT,0.0001
2025-08-23T08:00:00Z,DOGEUSDT,0.0001
2025-08-23T16:00:00Z,DOGEUSDT,0.0001
2025-08-24T00:00:00Z,DOGEUSDT,0.0001
2025-08-24T08:00:00Z,DOGEUSDT,0.0001
2025-08-24T16:00:00Z,DOGEUSDT,0.0001
2025-08-25T00:00:00Z,DOGEUSDT,0.0001
2025-08-25T08:00:00Z,DOGEUSDT,0.0001
2025-08-25T16:00:00Z,DOGEUSDT,0.00009497
2025-08-26T00:00:00Z,DOGEUSDT,-0.00006882
2025-08-26T08:00:00Z,DOGEUSDT,0.00001063
2025-08-26T16:00:00Z,DOGEUSDT,-0.00001287
2025-08-27T00:00:00Z,DOGEUSDT,0.00003294
2025-08-27T08:00:00Z,DOGEUSDT,0.0001
2025-08-27T16:00:00Z,DOGEUSDT,0.00008327
2025-08-28T00:00:00Z,DOGEUSDT,0.0001
2025-08-28T08:00:00Z,DOGEUSDT,0.0001
2025-08-28T16:00:00Z,DOGEUSDT,0.0001
2025-08-29T00:00:00Z,DOGEUSDT,0.0001
2025-08-29T08:00:00Z,DOGEUSDT,0.0001
2025-08-29T16:00:00Z,DOGEUSDT,0.00001625
2025-08-30T00:00:00Z,DOGEUSDT,0.00000748
2025-08-30T08:00:00Z,DOGEUSDT,0.0001
2025-08-30T16:00:00Z,DOGEUSDT,0.0001
2025-08-31T00:00:00Z,DOGEUSDT,0.0001
2025-08-31T08:00:00Z,DOGEUSDT,0.0001
2025-08-31T16:00:00Z,DOGEUSDT,0.0001
2025-09-01T00:00:00Z,DOGEUSDT,0.0001
2025-09-01T08:00:00Z,DOGEUSDT,-0.00003078
2025-09-01T16:00:00Z,DOGEUSDT,0.00005192
2025-09-02T00:00:00Z,DOGEUSDT,-0.00008215
2025-09-02T08:00:00Z,DOGEUSDT,0.0001
2025-09-02T16:00:00Z,DOGEUSDT,0.00006405
2025-09-03T00:00:00Z,DOGEUSDT,0.0001
2025-09-03T08:00:00Z,DOGEUSDT,0.0001
2025-09-03T16:00:00Z,DOGEUSDT,0.0001
2025-09-04T00:00:00Z,DOGEUSDT,0.0001
2025-09-04T08:00:00Z,DOGEUSDT,0.00009017
2025-09-04T16:00:00Z,DOGEUSDT,-0.00002805
2025-09-05T00:00:00Z,DOGEUSDT,-0.00006539
2025-09-05T08:00:00Z,DOGEUSDT,0.00003801
2025-09-05T16:00:00Z,DOGEUSDT,0.0001
2025-09-06T00:00:00Z,DOGEUSDT,0.0001
2025-09-06T08:00:00Z,DOGEUSDT,0.0001
2025-09-06T16:00:00Z,DOGEUSDT,0.00000857
2025-09-07T00:00:00Z,DOGEUSDT,-0.00002272
2025-09-07T08:00:00Z,DOGEUSDT,0.0001
2025-09-07T16:00:00Z,DOGEUSDT,0.0001
2025-09-08T00:00:00Z,DOGEUSDT,0.0001
2025-09-08T08:00:00Z,DOGEUSDT,0.0001
2025-09-08T16:00:00Z,DOGEUSDT,0.0001
2025-09-09T00:00:00Z,DOGEUSDT,0.0001
2025-09-09T08:00:00Z,DOGEUSDT,0.0001
2025-09-09T16:00:00Z,DOGEUSDT,0.0001
2025-09-10T00:00:00Z,DOGEUSDT,0.0001
2025-09-10T08:00:00Z,DOGEUSDT,0.0001
2025-09-10T16:00:00Z,DOGEUSDT,0.0001
2025-09-11T00:00:00Z,DOGEUSDT,0.0001
2025-09-11T08:00:00Z,DOGEUSDT,0.0001
2025-09-11T16:00:00Z,DOGEUSDT,0.00009545
2025-09-12T00:00:00Z,DOGEUSDT,0.00008801
2025-09-12T08:00:00Z,DOGEUSDT,0.0001
2025-09-12T16:00:00Z,DOGEUSDT,0.0001
2025-09-13T00:00:00Z,DOGEUSDT,0.0001
2025-09-13T08:00:00Z,DOGEUSDT,0.0001
2025-09-13T16:00:00Z,DOGEUSDT,0.0001
2025-09-14T00:00:00Z,DOGEUSDT,0.0001
2025-09-14T08:00:00Z,DOGEUSDT,0.0001
2025-09-14T16:00:00Z,DOGEUSDT,0.0001
2025-09-15T00:00:00Z,DOGEUSDT,0.0001
2025-09-15T08:00:00Z,DOGEUSDT,0.0001
2025-09-15T16:00:00Z,DOGEUSDT,0.00003532
2025-09-16T00:00:00Z,DOGEUSDT,0.0001
2025-09-16T08:00:00Z,DOGEUSDT,0.0001
2025-09-16T16:00:00Z,DOGEUSDT,-0.00001008
2025-09-17T00:00:00Z,DOGEUSDT,0.00007381
2025-09-17T08:00:00Z,DOGEUSDT,0.00008519
2025-09-17T16:00:00Z,DOGEUSDT,0.00004937
2025-09-18T00:00:00Z,DOGEUSDT,0.00006032
2025-09-18T08:00:00Z,DOGEUSDT,0.0001
2025-09-18T16:00:00Z,DOGEUSDT,0.0001
2025-09-19T00:00:00Z,DOGEUSDT,0.0001
2025-09-19T08:00:00Z,DOGEUSDT,0.0001
2025-09-19T16:00:00Z,DOGEUSDT,0.0001
2025-09-20T00:00:00Z,DOGEUSDT,0.0001
2025-09-20T08:00:00Z,DOGEUSDT,0.00002518
2025-09-20T16:00:00Z,DOGEUSDT,0.00007576
2025-09-21T00:00:00Z,DOGEUSDT,0.0001
2025-09-21T08:00:00Z,DOGEUSDT,0.0001
2025-09-21T16:00:00Z,DOGEUSDT,0.0001
2025-09-22T00:00:00Z,DOGEUSDT,0.0001
2025-09-22T08:00:00Z,DOGEUSDT,0.00003261
2025-09-22T16:00:00Z,DOGEUSDT,0.00007071
2025-09-23T00:00:00Z,DOGEUSDT,0.0001
2025-09-23T08:00:00Z,DOGEUSDT,0.0001
2025-09-23T16:00:00Z,DOGEUSDT,0.00007452
2025-09-24T00:00:00Z,DOGEUSDT,0.0001
2025-09-24T08:00:00Z,DOGEUSDT,0.0001
2025-09-24T16:00:00Z,DOGEUSDT,0.0000118
2025-09-25T00:00:00Z,DOGEUSDT,0.00008368
2025-09-25T08:00:00Z,DOGEUSDT,-0.00001192
2025-09-25T16:00:00Z,DOGEUSDT,-0.00002946
2025-09-26T00:00:00Z,DOGEUSDT,-0.00002311
2025-09-26T08:00:00Z,DOGEUSDT,0.0001
2025-09-26T16:00:00Z,DOGEUSDT,0.00000535
2025-09-27T00:00:00Z,DOGEUSDT,0.00008611
2025-09-27T08:00:00Z,DOGEUSDT,0.00008091
2025-09-27T16:00:00Z,DOGEUSDT,0.00003374
2025-09-28T00:00:00Z,DOGEUSDT,0.0001
2025-09-28T08:00:00Z,DOGEUSDT,0.00007384
2025-09-28T16:00:00Z,DOGEUSDT,0.0000274
2025-09-29T00:00:00Z,DOGEUSDT,0.00004263
2025-09-29T08:00:00Z,DOGEUSDT,0.00009373
2025-09-29T16:00:00Z,DOGEUSDT,-0.00000945
2025-09-30T00:00:00Z,DOGEUSDT,0.00007372
2025-09-30T08:00:00Z,DOGEUSDT,-0.00002913
2025-09-30T16:00:00Z,DOGEUSDT,-0.00000574
2025-10-01T00:00:00Z,DOGEUSDT,0.0001
2025-10-01T08:00:00Z,DOGEUSDT,0.0001
2025-10-01T16:00:00Z,DOGEUSDT,-0.00003169
2025-10-02T00:00:00Z,DOGEUSDT,0.00004382
2025-10-02T08:00:00Z,DOGEUSDT,0.0001
2025-10-02T16:00:00Z,DOGEUSDT,0.00006173
2025-10-03T00:00:00Z,DOGEUSDT,0.0001
2025-10-03T08:00:00Z,DOGEUSDT,0.00004685
2025-10-03T16:00:00Z,DOGEUSDT,0.0001
2025-10-04T00:00:00Z,DOGEUSDT,0.0001
2025-10-04T08:00:00Z,DOGEUSDT,0.0001
2025-10-04T16:00:00Z,DOGEUSDT,0.0000455
2025-10-05T00:00:00Z,DOGEUSDT,0.0001
2025-10-05T08:00:00Z,DOGEUSDT,0.0001
2025-10-05T16:00:00Z,DOGEUSDT,0.00004881
2025-10-06T00:00:00Z,DOGEUSDT,0.00000105
2025-10-06T08:00:00Z,DOGEUSDT,0.00009213
2025-10-06T16:00:00Z,DOGEUSDT,0.0001
2025-10-07T00:00:00Z,DOGEUSDT,0.0001
2025-10-07T08:00:00Z,DOGEUSDT,0.0001
2025-10-07T16:00:00Z,DOGEUSDT,0.0001
2025-10-08T00:00:00Z,DOGEUSDT,-0.00000426
2025-10-08T08:00:00Z,DOGEUSDT,-0.00003797
2025-10-08T16:00:00Z,DOGEUSDT,0.0001
2025-10-09T00:00:00Z,DOGEUSDT,0.0001
2025-10-09T08:00:00Z,DOGEUSDT,0.00003719
2025-10-09T16:00:00Z,DOGEUSDT,0.00002384
2025-10-10T00:00:00Z,DOGEUSDT,0.0001
2025-10-10T08:00:00Z,DOGEUSDT,0.0001
2025-10-10T16:00:00Z,DOGEUSDT,0.0001
2025-10-11T00:00:00Z,DOGEUSDT,-0.0058
2025-10-11T08:00:00Z,DOGEUSDT,-0.00004232
2025-10-11T16:00:00Z,DOGEUSDT,-0.00006503
2025-10-12T00:00:00Z,DOGEUSDT,0.00000745
2025-10-12T08:00:00Z,DOGEUSDT,-0.0000381
2025-10-12T16:00:00Z,DOGEUSDT,-0.00007639
2025-10-13T00:00:00Z,DOGEUSDT,0.00006987
2025-10-13T08:00:00Z,DOGEUSDT,0.00002354
2025-10-13T16:00:00Z,DOGEUSDT,-0.0000001
2025-10-14T00:00:00Z,DOGEUSDT,0.00008182
2025-10-14T08:00:00Z,DOGEUSDT,-0.00006999
2025-10-14T16:00:00Z,DOGEUSDT,-0.00002367
2025-10-15T00:00:00Z,DOGEUSDT,-0.00005643
2025-10-15T08:00:00Z,DOGEUSDT,0.00005472
2025-10-15T16:00:00Z,DOGEUSDT,-0.00006692
2025-10-16T00:00:00Z,DOGEUSDT,-0.00010693
2025-10-16T08:00:00Z,DOGEUSDT,-0.00009996
2025-10-16T16:00:00Z,DOGEUSDT,0.00001493
2025-10-17T00:00:00Z,DOGEUSDT,0.00000075
2025-10-17T08:00:00Z,DOGEUSDT,-0.00001019
2025-10-17T16:00:00Z,DOGEUSDT,-0.00007439
2025-10-18T00:00:00Z,DOGEUSDT,-0.00005254
2025-10-18T08:00:00Z,DOGEUSDT,0.0000169
2025-10-18T16:00:00Z,DOGEUSDT,0.00001923
2025-10-19T00:00:00Z,DOGEUSDT,-0.00004697
2025-10-19T08:00:00Z,DOGEUSDT,0.00005744
2025-10-19T16:00:00Z,DOGEUSDT,0.00008264
2025-10-20T00:00:00Z,DOGEUSDT,0.0001
2025-10-20T08:00:00Z,DOGEUSDT,-0.00000268
2025-10-20T16:00:00Z,DOGEUSDT,0.0001
2025-10-21T00:00:00Z,DOGEUSDT,0.0001
2025-10-21T08:00:00Z,DOGEUSDT,-0.00004559
2025-10-21T16:00:00Z,DOGEUSDT,0.00001721
2025-10-22T00:00:00Z,DOGEUSDT,0.00000516
2025-10-22T08:00:00Z,DOGEUSDT,-0.00006231
2025-10-22T16:00:00Z,DOGEUSDT,-0.00004744
2025-10-23T00:00:00Z,DOGEUSDT,0.00000624
2025-10-23T08:00:00Z,DOGEUSDT,0.00007538
2025-10-23T16:00:00Z,DOGEUSDT,0.0001
2025-10-24T00:00:00Z,DOGEUSDT,0.0001
2025-10-24T08:00:00Z,DOGEUSDT,0.0000803
2025-10-24T16:00:00Z,DOGEUSDT,0.00006683
2025-10-25T00:00:00Z,DOGEUSDT,0.00007657
2025-10-25T08:00:00Z,DOGEUSDT,0.0001
2025-10-25T16:00:00Z,DOGEUSDT,0.00005052
2025-10-26T00:00:00Z,DOGEUSDT,0.00004028
2025-10-26T08:00:00Z,DOGEUSDT,-0.00000561
2025-10-26T16:00:00Z,DOGEUSDT,0.0001
2025-10-27T00:00:00Z,DOGEUSDT,0.0001
2025-10-27T08:00:00Z,DOGEUSDT,0.0001
2025-10-27T16:00:00Z,DOGEUSDT,0.00007846
2025-10-28T00:00:00Z,DOGEUSDT,-0.00002328
2025-10-28T08:00:00Z,DOGEUSDT,0.00002981
2025-10-28T16:00:00Z,DOGEUSDT,0.0001
2025-10-29T00:00:00Z,DOGEUSDT,-0.00006109
2025-10-29T08:00:00Z,DOGEUSDT,-0.00012357
2025-10-29T16:00:00Z,DOGEUSDT,0.00003451
2025-10-30T00:00:00Z,DOGEUSDT,0.0000379
2025-10-30T08:00:00Z,DOGEUSDT,-0.00001731
2025-10-30T16:00:00Z,DOGEUSDT,-0.00015685
2025-10-31T00:00:00Z,DOGEUSDT,-0.00012423
2025-10-31T08:00:00Z,DOGEUSDT,-0.00004263
2025-10-31T16:00:00Z,DOGEUSDT,-0.00001184
2025-11-01T00:00:00Z,DOGEUSDT,0.00009373
2025-11-01T08:00:00Z,DOGEUSDT,0.00008024
2025-11-01T16:00:00Z,DOGEUSDT,0.00006005
2025-11-02T00:00:00Z,DOGEUSDT,0.00008047
2025-11-02T08:00:00Z,DOGEUSDT,0.0000614
2025-11-02T16:00:00Z,DOGEUSDT,-0.00000445
2025-11-03T00:00:00Z,DOGEUSDT,0.00000831
2025-11-03T08:00:00Z,DOGEUSDT,-0.0001617
2025-11-03T16:00:00Z,DOGEUSDT,-0.00005557
2025-11-04T00:00:00Z,DOGEUSDT,-0.00008362
2025-11-04T08:00:00Z,DOGEUSDT,0.00006281
2025-11-04T16:00:00Z,DOGEUSDT,0.0001
2025-11-05T00:00:00Z,DOGEUSDT,0.0001
2025-11-05T08:00:00Z,DOGEUSDT,0.0001
2025-11-05T16:00:00Z,DOGEUSDT,-0.00005045
2025-11-06T00:00:00Z,DOGEUSDT,-0.00002279
2025-11-06T08:00:00Z,DOGEUSDT,0.0000159
2025-11-06T16:00:00Z,DOGEUSDT,-0.00006557
2025-11-07T00:00:00Z,DOGEUSDT,0.00006557
2025-11-07T08:00:00Z,DOGEUSDT,0.00009486
2025-11-07T16:00:00Z,DOGEUSDT,0.00002976
2025-11-08T00:00:00Z,DOGEUSDT,0.0001
2025-11-08T08:00:00Z,DOGEUSDT,0.00009487
2025-11-08T16:00:00Z,DOGEUSDT,0.00006222
2025-11-09T00:00:00Z,DOGEUSDT,0.00003846
2025-11-09T08:00:00Z,DOGEUSDT,-0.00001971
2025-11-09T16:00:00Z,DOGEUSDT,0.00006797
2025-11-10T00:00:00Z,DOGEUSDT,0.0001
2025-11-10T08:00:00Z,DOGEUSDT,0.00009276
2025-11-10T16:00:00Z,DOGEUSDT,0.0001
2025-11-11T00:00:00Z,DOGEUSDT,0.00008691
2025-11-11T08:00:00Z,DOGEUSDT,-0.00008983
2025-11-11T16:00:00Z,DOGEUSDT,-0.00003799
2025-11-12T00:00:00Z,DOGEUSDT,-0.00008328
2025-11-12T08:00:00Z,DOGEUSDT,-0.00001909
2025-11-12T16:00:00Z,DOGEUSDT,0.00004916
2025-11-13T00:00:00Z,DOGEUSDT,0.00001439
2025-11-13T08:00:00Z,DOGEUSDT,0.00009555
2025-11-13T16:00:00Z,DOGEUSDT,0.00007508
2025-11-14T00:00:00Z,DOGEUSDT,-0.00007272
2025-11-14T08:00:00Z,DOGEUSDT,-0.0000397
2025-11-14T16:00:00Z,DOGEUSDT,-0.00004809
2025-11-15T00:00:00Z,DOGEUSDT,-0.00004878
2025-11-15T08:00:00Z,DOGEUSDT,0.0000507
2025-11-15T16:00:00Z,DOGEUSDT,0.0001
2025-11-16T00:00:00Z,DOGEUSDT,0.00008619
2025-11-16T08:00:00Z,DOGEUSDT,0.0001
2025-11-16T16:00:00Z,DOGEUSDT,0.0001
2025-11-17T00:00:00Z,DOGEUSDT,-0.00003354
2025-11-17T08:00:00Z,DOGEUSDT,0.00000821
2025-11-17T16:00:00Z,DOGEUSDT,0.00009394
2025-11-18T00:00:00Z,DOGEUSDT,-0.00015333
2025-11-18T08:00:00Z,DOGEUSDT,0.00009918
2025-11-18T16:00:00Z,DOGEUSDT,0.0001
2025-11-19T00:00:00Z,DOGEUSDT,0.0001
2025-11-19T08:00:00Z,DOGEUSDT,0.00005732
2025-11-19T16:00:00Z,DOGEUSDT,0.00008775
2025-11-20T00:00:00Z,DOGEUSDT,0.00005067
2025-11-20T08:00:00Z,DOGEUSDT,0.0001
2025-11-20T16:00:00Z,DOGEUSDT,0.0001
2025-11-21T00:00:00Z,DOGEUSDT,0.00005048
2025-11-21T08:00:00Z,DOGEUSDT,-0.0001176
2025-11-21T16:00:00Z,DOGEUSDT,-0.00003385
2025-11-22T00:00:00Z,DOGEUSDT,0.00002254
2025-11-22T08:00:00Z,DOGEUSDT,-0.00004555
2025-11-22T16:00:00Z,DOGEUSDT,-0.0000705
2025-11-23T00:00:00Z,DOGEUSDT,0.00004128
2025-11-23T08:00:00Z,DOGEUSDT,-0.00001464
2025-11-23T16:00:00Z,DOGEUSDT,-0.00000381
2025-11-24T00:00:00Z,DOGEUSDT,-0.00002436
2025-11-24T08:00:00Z,DOGEUSDT,0.00001663
2025-11-24T16:00:00Z,DOGEUSDT,0.00006175
2025-11-25T00:00:00Z,DOGEUSDT,0.00007594
2025-11-25T08:00:00Z,DOGEUSDT,0.00001823
2025-11-25T16:00:00Z,DOGEUSDT,-0.00000284
2025-11-26T00:00:00Z,DOGEUSDT,0.0001
2025-11-26T08:00:00Z,DOGEUSDT,0.00005807
2025-11-26T16:00:00Z,DOGEUSDT,0.00001358
2025-11-27T00:00:00Z,DOGEUSDT,0.0001
2025-11-27T08:00:00Z,DOGEUSDT,0.00008114
2025-11-27T16:00:00Z,DOGEUSDT,0.00003135
2025-11-28T00:00:00Z,DOGEUSDT,0.00007955
2025-11-28T08:00:00Z,DOGEUSDT,0.00001923
2025-11-28T16:00:00Z,DOGEUSDT,0.00005067
2025-11-29T00:00:00Z,DOGEUSDT,0.00000971
2025-11-29T08:00:00Z,DOGEUSDT,-0.00002342
2025-11-29T16:00:00Z,DOGEUSDT,0.00009139
2025-11-30T00:00:00Z,DOGEUSDT,0.00004911
2025-11-30T08:00:00Z,DOGEUSDT,0.0000817
2025-11-30T16:00:00Z,DOGEUSDT,0.00005784
2025-12-01T00:00:00Z,DOGEUSDT,-0.00004292
2025-12-01T08:00:00Z,DOGEUSDT,-0.00013784
2025-12-01T16:00:00Z,DOGEUSDT,-0.00006124
2025-12-02T00:00:00Z,DOGEUSDT,-0.00003764
2025-12-02T08:00:00Z,DOGEUSDT,-0.00000844
2025-12-02T16:00:00Z,DOGEUSDT,0.00006734
2025-12-03T00:00:00Z,DOGEUSDT,0.0001
2025-12-03T08:00:00Z,DOGEUSDT,0.0000549
2025-12-03T16:00:00Z,DOGEUSDT,0.0001
2025-12-04T00:00:00Z,DOGEUSDT,0.0001
2025-12-04T08:00:00Z,DOGEUSDT,0.00005622
2025-12-04T16:00:00Z,DOGEUSDT,0.0001
2025-12-05T00:00:00Z,DOGEUSDT,0.00002644
2025-12-05T08:00:00Z,DOGEUSDT,0.00005476
2025-12-05T16:00:00Z,DOGEUSDT,-0.00001238
2025-12-06T00:00:00Z,DOGEUSDT,-0.0000159
2025-12-06T08:00:00Z,DOGEUSDT,-0.00004227
2025-12-06T16:00:00Z,DOGEUSDT,-0.00002811
2025-12-07T00:00:00Z,DOGEUSDT,0.00001853
2025-12-07T08:00:00Z,DOGEUSDT,0.00002901
2025-12-07T16:00:00Z,DOGEUSDT,-0.00005848
2025-12-08T00:00:00Z,DOGEUSDT,-0.00000709
2025-12-08T08:00:00Z,DOGEUSDT,0.00005448
2025-12-08T16:00:00Z,DOGEUSDT,0.0001
2025-12-09T00:00:00Z,DOGEUSDT,0.0001
2025-12-09T08:00:00Z,DOGEUSDT,0.00004369
2025-12-09T16:00:00Z,DOGEUSDT,0.0000926
2025-12-10T00:00:00Z,DOGEUSDT,0.0001
2025-12-10T08:00:00Z,DOGEUSDT,0.00002354
2025-12-10T16:00:00Z,DOGEUSDT,0.00002732
2025-12-11T00:00:00Z,DOGEUSDT,0.00001135
2025-12-11T08:00:00Z,DOGEUSDT,-0.00004443
2025-12-11T16:00:00Z,DOGEUSDT,-0.00003173
2025-12-12T00:00:00Z,DOGEUSDT,0.00006234
2025-12-12T08:00:00Z,DOGEUSDT,-0.0000322
2025-12-12T16:00:00Z,DOGEUSDT,0.00006131
2025-12-13T00:00:00Z,DOGEUSDT,-0.0001039
2025-12-13T08:00:00Z,DOGEUSDT,-0.00006525
2025-12-13T16:00:00Z,DOGEUSDT,0.0001
2025-12-14T00:00:00Z,DOGEUSDT,-0.00001707
2025-12-14T08:00:00Z,DOGEUSDT,-0.00004112
2025-12-14T16:00:00Z,DOGEUSDT,-0.00010234
2025-12-15T00:00:00Z,DOGEUSDT,-0.00002821
2025-12-15T08:00:00Z,DOGEUSDT,0.0001
2025-12-15T16:00:00Z,DOGEUSDT,-0.00004713
2025-12-16T00:00:00Z,DOGEUSDT,-0.00007929
2025-12-16T08:00:00Z,DOGEUSDT,-0.00005387
2025-12-16T16:00:00Z,DOGEUSDT,0.0000006
2025-12-17T00:00:00Z,DOGEUSDT,0.00005853
2025-12-17T08:00:00Z,DOGEUSDT,-0.00001088
2025-12-17T16:00:00Z,DOGEUSDT,0.0001
2025-12-18T00:00:00Z,DOGEUSDT,-0.00004563
2025-12-18T08:00:00Z,DOGEUSDT,-0.00005151
2025-12-18T16:00:00Z,DOGEUSDT,0.00008071
2025-12-19T00:00:00Z,DOGEUSDT,-0.00002444
2025-12-19T08:00:00Z,DOGEUSDT,0.00006676
2025-12-19T16:00:00Z,DOGEUSDT,0.00007411
2025-12-20T00:00:00Z,DOGEUSDT,0.0001
2025-12-20T08:00:00Z,DOGEUSDT,-0.0000148
2025-12-20T16:00:00Z,DOGEUSDT,0.00006919
2025-12-21T00:00:00Z,DOGEUSDT,0.0001
2025-12-21T08:00:00Z,DOGEUSDT,0.00005004
2025-12-21T16:00:00Z,DOGEUSDT,-0.00006414
2025-12-22T00:00:00Z,DOGEUSDT,-0.00001578
2025-12-22T08:00:00Z,DOGEUSDT,0.00001459
2025-12-22T16:00:00Z,DOGEUSDT,0.00006354
2025-12-23T00:00:00Z,DOGEUSDT,-0.00006311
2025-12-23T08:00:00Z,DOGEUSDT,0.0000476
2025-12-23T16:00:00Z,DOGEUSDT,0.00006011
2025-12-24T00:00:00Z,DOGEUSDT,0.00005715
2025-12-24T08:00:00Z,DOGEUSDT,-0.00006302
2025-12-24T16:00:00Z,DOGEUSDT,0.00007209
2025-12-25T00:00:00Z,DOGEUSDT,0.0001
2025-12-25T08:00:00Z,DOGEUSDT,0.0001
2025-12-25T16:00:00Z,DOGEUSDT,-0.00000088
2025-12-26T00:00:00Z,DOGEUSDT,0.00002433
2025-12-26T08:00:00Z,DOGEUSDT,0.00008584
2025-12-26T16:00:00Z,DOGEUSDT,-0.0000332
2025-12-27T00:00:00Z,DOGEUSDT,-0.00001694
2025-12-27T08:00:00Z,DOGEUSDT,0.00006604
2025-12-27T16:00:00Z,DOGEUSDT,0.00007065
2025-12-28T00:00:00Z,DOGEUSDT,0.0001
2025-12-28T08:00:00Z,DOGEUSDT,0.00008657
2025-12-28T16:00:00Z,DOGEUSDT,0.0001
2025-12-29T00:00:00Z,DOGEUSDT,0.00002199
2025-12-29T08:00:00Z,DOGEUSDT,0.0001
2025-12-29T16:00:00Z,DOGEUSDT,-0.00002631
2025-12-30T00:00:00Z,DOGEUSDT,-0.00003618
2025-12-30T08:00:00Z,DOGEUSDT,-0.00000543
2025-12-30T16:00:00Z,DOGEUSDT,0.00001524
2025-12-31T00:00:00Z,DOGEUSDT,0.00002279
2025-12-31T08:00:00Z,DOGEUSDT,0.00001215
2025-12-31T16:00:00Z,DOGEUSDT,0.00003804
2026-01-01T00:00:00Z,DOGEUSDT,-0.00002911
2026-01-01T08:00:00Z,DOGEUSDT,0.00008038
2026-01-01T16:00:00Z,DOGEUSDT,0.00002638
2026-01-02T00:00:00Z,DOGEUSDT,0.00002456
2026-01-02T08:00:00Z,DOGEUSDT,-0.00000291
2026-01-02T16:00:00Z,DOGEUSDT,0.0001
2026-01-03T00:00:00Z,DOGEUSDT,0.0001
2026-01-03T08:00:00Z,DOGEUSDT,0.00009053
2026-01-03T16:00:00Z,DOGEUSDT,0.00005239
2026-01-04T00:00:00Z,DOGEUSDT,0.0001
2026-01-04T08:00:00Z,DOGEUSDT,0.00006177
2026-01-04T16:00:00Z,DOGEUSDT,0.0001
2026-01-05T00:00:00Z,DOGEUSDT,0.00008555
2026-01-05T08:00:00Z,DOGEUSDT,0.00009518
2026-01-05T16:00:00Z,DOGEUSDT,0.0001
2026-01-06T00:00:00Z,DOGEUSDT,0.0001
2026-01-06T08:00:00Z,DOGEUSDT,0.00001809
2026-01-06T16:00:00Z,DOGEUSDT,0.0001
2026-01-07T00:00:00Z,DOGEUSDT,0.0001
2026-01-07T08:00:00Z,DOGEUSDT,0.00005029
2026-01-07T16:00:00Z,DOGEUSDT,-0.00004172
2026-01-08T00:00:00Z,DOGEUSDT,0.00001972
2026-01-08T08:00:00Z,DOGEUSDT,-0.00000254
2026-01-08T16:00:00Z,DOGEUSDT,0.00007722
2026-01-09T00:00:00Z,DOGEUSDT,0.00008645
2026-01-09T08:00:00Z,DOGEUSDT,0.0000239
2026-01-09T16:00:00Z,DOGEUSDT,0.00008308
2026-01-10T00:00:00Z,DOGEUSDT,0.0000655
2026-01-10T08:00:00Z,DOGEUSDT,0.00006099
2026-01-10T16:00:00Z,DOGEUSDT,0.00007003
2026-01-11T00:00:00Z,DOGEUSDT,0.0000379
2026-01-11T08:00:00Z,DOGEUSDT,0.0001
2026-01-11T16:00:00Z,DOGEUSDT,0.0000286
2026-01-12T00:00:00Z,DOGEUSDT,-0.0000168
2026-01-12T08:00:00Z,DOGEUSDT,0.00003243
2026-01-12T16:00:00Z,DOGEUSDT,0.00002833
2026-01-13T00:00:00Z,DOGEUSDT,0.00000998
2026-01-13T08:00:00Z,DOGEUSDT,0.00009056
2026-01-13T16:00:00Z,DOGEUSDT,0.0001
2026-01-14T00:00:00Z,DOGEUSDT,0.0001
2026-01-14T08:00:00Z,DOGEUSDT,0.0001
2026-01-14T16:00:00Z,DOGEUSDT,0.0001
2026-01-15T00:00:00Z,DOGEUSDT,0.0001
2026-01-15T08:00:00Z,DOGEUSDT,-0.00009571
2026-01-15T16:00:00Z,DOGEUSDT,-0.00002977
2026-01-16T00:00:00Z,DOGEUSDT,0.00003099
2026-01-16T08:00:00Z,DOGEUSDT,0.00000957
2026-01-16T16:00:00Z,DOGEUSDT,0.00004925
2026-01-17T00:00:00Z,DOGEUSDT,0.00000512
2026-01-17T08:00:00Z,DOGEUSDT,0.00007073
2026-01-17T16:00:00Z,DOGEUSDT,0.00001147
2026-01-18T00:00:00Z,DOGEUSDT,0.00007751
2026-01-18T08:00:00Z,DOGEUSDT,0.00003047
2026-01-18T16:00:00Z,DOGEUSDT,0.00007215
2026-01-19T00:00:00Z,DOGEUSDT,0.0000951
2026-01-19T08:00:00Z,DOGEUSDT,-0.00012115
2026-01-19T16:00:00Z,DOGEUSDT,0.00002047
2026-01-20T00:00:00Z,DOGEUSDT,0.00003525
2026-01-20T08:00:00Z,DOGEUSDT,-0.00000567
2026-01-20T16:00:00Z,DOGEUSDT,-0.00002743
2026-01-21T00:00:00Z,DOGEUSDT,-0.00005644
2026-01-21T08:00:00Z,DOGEUSDT,0.00005199
2026-01-21T16:00:00Z,DOGEUSDT,-0.00002959
2026-01-22T00:00:00Z,DOGEUSDT,0.00008647
2026-01-22T08:00:00Z,DOGEUSDT,0.0000563
2026-01-22T16:00:00Z,DOGEUSDT,-0.00000247
2026-01-23T00:00:00Z,DOGEUSDT,-0.00005636
2026-01-23T08:00:00Z,DOGEUSDT,0.00007329
2026-01-23T16:00:00Z,DOGEUSDT,-0.00005067
2026-01-24T00:00:00Z,DOGEUSDT,0.00002313
2026-01-24T08:00:00Z,DOGEUSDT,0.00003238
2026-01-24T16:00:00Z,DOGEUSDT,0.00004783
2026-01-25T00:00:00Z,DOGEUSDT,0.0000407
2026-01-25T08:00:00Z,DOGEUSDT,-0.00007857
2026-01-25T16:00:00Z,DOGEUSDT,-0.00004565
2026-01-26T00:00:00Z,DOGEUSDT,-0.00014066
2026-01-26T08:00:00Z,DOGEUSDT,0.00002642
2026-01-26T16:00:00Z,DOGEUSDT,0.00002483
2026-01-27T00:00:00Z,DOGEUSDT,0.00005557
2026-01-27T08:00:00Z,DOGEUSDT,0.00000462
2026-01-27T16:00:00Z,DOGEUSDT,-0.00006846
2026-01-28T00:00:00Z,DOGEUSDT,0.00005633
2026-01-28T08:00:00Z,DOGEUSDT,0.0001
2026-01-28T16:00:00Z,DOGEUSDT,0.00002302
2026-01-29T00:00:00Z,DOGEUSDT,0.0001
2026-01-29T08:00:00Z,DOGEUSDT,-0.00006601
2026-01-29T16:00:00Z,DOGEUSDT,-0.00011677
2026-01-30T00:00:00Z,DOGEUSDT,-0.00016826
2026-01-30T08:00:00Z,DOGEUSDT,-0.00007875
2026-01-30T16:00:00Z,DOGEUSDT,-0.00005034
2026-01-31T00:00:00Z,DOGEUSDT,-0.00004012
2026-01-31T08:00:00Z,DOGEUSDT,-0.00001088
2026-01-31T16:00:00Z,DOGEUSDT,-0.00010901
2026-02-01T00:00:00Z,DOGEUSDT,-0.0001272
2026-02-01T08:00:00Z,DOGEUSDT,-0.00003466
2026-02-01T16:00:00Z,DOGEUSDT,0.00000913
2026-02-02T00:00:00Z,DOGEUSDT,-0.00000841
2026-02-02T08:00:00Z,DOGEUSDT,0.00004254
2026-02-02T16:00:00Z,DOGEUSDT,0.00000491
2026-02-03T00:00:00Z,DOGEUSDT,-0.00011765
2026-02-03T08:00:00Z,DOGEUSDT,-0.00009847
2026-02-03T16:00:00Z,DOGEUSDT,-0.00005279
2026-02-04T00:00:00Z,DOGEUSDT,0.0001
2026-02-04T08:00:00Z,DOGEUSDT,0.00003288
2026-02-04T16:00:00Z,DOGEUSDT,-0.0000357
2026-02-05T00:00:00Z,DOGEUSDT,0.00005807
2026-02-05T08:00:00Z,DOGEUSDT,0.0001
2026-02-05T16:00:00Z,DOGEUSDT,-0.00001512
2026-02-06T00:00:00Z,DOGEUSDT,0.00002324
2026-02-06T08:00:00Z,DOGEUSDT,0.00003005
2026-02-06T16:00:00Z,DOGEUSDT,0.00002322
2026-02-07T00:00:00Z,DOGEUSDT,-0.00000901
2026-02-07T08:00:00Z,DOGEUSDT,0.00000517
2026-02-07T16:00:00Z,DOGEUSDT,0.00005251
2026-02-08T00:00:00Z,DOGEUSDT,0.00006682
2026-02-08T08:00:00Z,DOGEUSDT,0.00005396
2026-02-08T16:00:00Z,DOGEUSDT,-0.00007731
2026-02-09T00:00:00Z,DOGEUSDT,-0.00010384
2026-02-09T08:00:00Z,DOGEUSDT,0.0000374
2026-02-09T16:00:00Z,DOGEUSDT,0.00006741
2026-02-10T00:00:00Z,DOGEUSDT,0.00002922
2026-02-10T08:00:00Z,DOGEUSDT,-0.00006421
2026-02-10T16:00:00Z,DOGEUSDT,-0.00002701
2026-02-11T00:00:00Z,DOGEUSDT,-0.00002155
2026-02-11T08:00:00Z,DOGEUSDT,-0.00006648
2026-02-11T16:00:00Z,DOGEUSDT,-0.00004242
2026-02-12T00:00:00Z,DOGEUSDT,-0.00008421
2026-02-12T08:00:00Z,DOGEUSDT,-0.00003776
2026-02-12T16:00:00Z,DOGEUSDT,0.00001673
2026-02-13T00:00:00Z,DOGEUSDT,0.00004457
2026-02-13T08:00:00Z,DOGEUSDT,0.0000063
2026-02-13T16:00:00Z,DOGEUSDT,-0.00006881
2026-02-14T00:00:00Z,DOGEUSDT,0.00007433
2026-02-14T08:00:00Z,DOGEUSDT,-0.00000161
2026-02-14T16:00:00Z,DOGEUSDT,0.00005428
2026-02-15T00:00:00Z,DOGEUSDT,0.00005533
2026-02-15T08:00:00Z,DOGEUSDT,0.0000707
2026-02-15T16:00:00Z,DOGEUSDT,0.00000581
2026-02-16T00:00:00Z,DOGEUSDT,-0.00011635
2026-02-16T08:00:00Z,DOGEUSDT,-0.00015399
2026-02-16T16:00:00Z,DOGEUSDT,-0.00011975
2026-02-17T00:00:00Z,DOGEUSDT,-0.00001409
2026-02-17T08:00:00Z,DOGEUSDT,-0.00000128
2026-02-17T16:00:00Z,DOGEUSDT,0.00001906
2026-02-18T00:00:00Z,DOGEUSDT,-0.00010127
2026-02-18T08:00:00Z,DOGEUSDT,0.00003357
2026-02-18T16:00:00Z,DOGEUSDT,-0.00003507
2026-02-19T00:00:00Z,DOGEUSDT,-0.00001616
2026-02-19T08:00:00Z,DOGEUSDT,-0.00004423
2026-02-19T16:00:00Z,DOGEUSDT,0.00001691
2026-02-20T00:00:00Z,DOGEUSDT,0.00006939
2026-02-20T08:00:00Z,DOGEUSDT,-0.00002397
2026-02-20T16:00:00Z,DOGEUSDT,0.00005781
2026-02-21T00:00:00Z,DOGEUSDT,0.00005423
2026-02-21T08:00:00Z,DOGEUSDT,0.00002829
2026-02-21T16:00:00Z,DOGEUSDT,-0.0001108
2026-02-22T00:00:00Z,DOGEUSDT,0.00006818
2026-02-22T08:00:00Z,DOGEUSDT,-0.00003336
2026-02-22T16:00:00Z,DOGEUSDT,-0.00001605
2026-02-23T00:00:00Z,DOGEUSDT,0.00000403
2026-02-23T08:00:00Z,DOGEUSDT,-0.00002645
2026-02-23T16:00:00Z,DOGEUSDT,0.00002263
2026-02-24T00:00:00Z,DOGEUSDT,0.00000875
2026-02-24T08:00:00Z,DOGEUSDT,-0.00003672
2026-02-24T16:00:00Z,DOGEUSDT,-0.00007953
2026-02-25T00:00:00Z,DOGEUSDT,0.00001554
2026-02-25T08:00:00Z,DOGEUSDT,0.00001158
2026-02-25T16:00:00Z,DOGEUSDT,0.0001
2026-02-26T00:00:00Z,DOGEUSDT,0.0001
2026-02-26T08:00:00Z,DOGEUSDT,0.00004183
2026-02-26T16:00:00Z,DOGEUSDT,-0.00001203
2026-02-27T00:00:00Z,DOGEUSDT,0.00003231
2026-02-27T08:00:00Z,DOGEUSDT,0.0001
2026-02-27T16:00:00Z,DOGEUSDT,-0.00006819
2026-02-28T00:00:00Z,DOGEUSDT,-0.0000414
2026-02-28T08:00:00Z,DOGEUSDT,-0.00008734
2026-02-28T16:00:00Z,DOGEUSDT,-0.00005291
2026-03-01T00:00:00Z,DOGEUSDT,0.00006692
2026-03-01T08:00:00Z,DOGEUSDT,0.0001
2026-03-01T16:00:00Z,DOGEUSDT,0.00005205
2026-03-02T00:00:00Z,DOGEUSDT,0.0000023
2026-03-02T08:00:00Z,DOGEUSDT,-0.00000108
2026-03-02T16:00:00Z,DOGEUSDT,0.00002736
2026-03-03T00:00:00Z,DOGEUSDT,0.00007678
2026-03-03T08:00:00Z,DOGEUSDT,-0.00013372
2026-03-03T16:00:00Z,DOGEUSDT,-0.00007975
2026-03-04T00:00:00Z,DOGEUSDT,-0.00010602
2026-03-04T08:00:00Z,DOGEUSDT,-0.00004621
2026-03-04T16:00:00Z,DOGEUSDT,0.0001
2026-03-05T00:00:00Z,DOGEUSDT,0.0001
2026-03-05T08:00:00Z,DOGEUSDT,-0.00009291
2026-03-05T16:00:00Z,DOGEUSDT,-0.00009904
2026-03-06T00:00:00Z,DOGEUSDT,-0.0000383
2026-03-06T08:00:00Z,DOGEUSDT,-0.00003761
2026-03-06T16:00:00Z,DOGEUSDT,-0.0001337
2026-03-07T00:00:00Z,DOGEUSDT,-0.00006154
2026-03-07T08:00:00Z,DOGEUSDT,-0.00012803
2026-03-07T16:00:00Z,DOGEUSDT,-0.00007201
2026-03-08T00:00:00Z,DOGEUSDT,-0.00008936
2026-03-08T08:00:00Z,DOGEUSDT,-0.00006602
2026-03-08T16:00:00Z,DOGEUSDT,-0.00012593
2026-03-09T00:00:00Z,DOGEUSDT,-0.00002096
2026-03-09T08:00:00Z,DOGEUSDT,0.00008171
2026-03-09T16:00:00Z,DOGEUSDT,0.00005461
2026-03-10T00:00:00Z,DOGEUSDT,0.00005302
2026-03-10T08:00:00Z,DOGEUSDT,0.00004945
2026-03-10T16:00:00Z,DOGEUSDT,0.0001
2026-03-11T00:00:00Z,DOGEUSDT,-0.00007412
2026-03-11T08:00:00Z,DOGEUSDT,-0.00015439
2026-03-11T16:00:00Z,DOGEUSDT,-0.0000602
2026-03-12T00:00:00Z,DOGEUSDT,0.00006477
2026-03-12T08:00:00Z,DOGEUSDT,-0.00010427
2026-03-12T16:00:00Z,DOGEUSDT,0.0001
2026-03-13T00:00:00Z,DOGEUSDT,0.0001
2026-03-13T08:00:00Z,DOGEUSDT,0.0001
2026-03-13T16:00:00Z,DOGEUSDT,0.0001
2026-03-14T00:00:00Z,DOGEUSDT,-0.00007882
2026-03-14T08:00:00Z,DOGEUSDT,-0.0000006
2026-03-14T16:00:00Z,DOGEUSDT,0.00001117
2026-03-15T00:00:00Z,DOGEUSDT,-0.00008492
2026-03-15T08:00:00Z,DOGEUSDT,-0.00012338
2026-03-15T16:00:00Z,DOGEUSDT,-0.00002966
2026-03-16T00:00:00Z,DOGEUSDT,0.0000543
2026-03-16T08:00:00Z,DOGEUSDT,0.0001
2026-03-16T16:00:00Z,DOGEUSDT,0.0001
2026-03-17T00:00:00Z,DOGEUSDT,0.0001
2026-03-17T08:00:00Z,DOGEUSDT,-0.00008203
2026-03-17T16:00:00Z,DOGEUSDT,-0.00005997
2026-03-18T00:00:00Z,DOGEUSDT,0.0001
2026-03-18T08:00:00Z,DOGEUSDT,-0.00008622
2026-03-18T16:00:00Z,DOGEUSDT,-0.00001024
2026-03-19T00:00:00Z,DOGEUSDT,0.00003274
2026-03-19T08:00:00Z,DOGEUSDT,0.00005281
2026-03-19T16:00:00Z,DOGEUSDT,-0.0000247
2026-03-20T00:00:00Z,DOGEUSDT,-0.00005868
2026-03-20T08:00:00Z,DOGEUSDT,0.00001849
2026-03-20T16:00:00Z,DOGEUSDT,-0.00005484
2026-03-21T00:00:00Z,DOGEUSDT,0.00004007
2026-03-21T08:00:00Z,DOGEUSDT,0.00000797
2026-03-21T16:00:00Z,DOGEUSDT,-0.00005533
2026-03-22T00:00:00Z,DOGEUSDT,0.00004153
2026-03-22T08:00:00Z,DOGEUSDT,-0.0001064
2026-03-22T16:00:00Z,DOGEUSDT,-0.00001906
2026-03-23T00:00:00Z,DOGEUSDT,-0.00004351
2026-03-23T08:00:00Z,DOGEUSDT,-0.00005782
2026-03-23T16:00:00Z,DOGEUSDT,0.0001
2026-03-24T00:00:00Z,DOGEUSDT,0.0001
2026-03-24T08:00:00Z,DOGEUSDT,0.00005284
2026-03-24T16:00:00Z,DOGEUSDT,0.00001318
2026-03-25T00:00:00Z,DOGEUSDT,0.0001
2026-03-25T08:00:00Z,DOGEUSDT,0.0001
2026-03-25T16:00:00Z,DOGEUSDT,0.0001
2026-03-26T00:00:00Z,DOGEUSDT,0.0001
2026-03-26T08:00:00Z,DOGEUSDT,-0.0001062
2026-03-26T16:00:00Z,DOGEUSDT,-0.0001366
2026-03-27T00:00:00Z,DOGEUSDT,0.00009574
2026-03-27T08:00:00Z,DOGEUSDT,0.00007713
2026-03-27T16:00:00Z,DOGEUSDT,-0.00009004
2026-03-28T00:00:00Z,DOGEUSDT,-0.00005302
2026-03-28T08:00:00Z,DOGEUSDT,-0.00004688
2026-03-28T16:00:00Z,DOGEUSDT,0.0001
2026-03-29T00:00:00Z,DOGEUSDT,0.00000718
2026-03-29T08:00:00Z,DOGEUSDT,-0.00002722
2026-03-29T16:00:00Z,DOGEUSDT,-0.00011616
2026-03-30T00:00:00Z,DOGEUSDT,-0.00002878
2026-03-30T08:00:00Z,DOGEUSDT,0.0001
2026-03-30T16:00:00Z,DOGEUSDT,0.0001
2026-03-31T00:00:00Z,DOGEUSDT,0.0001
2026-03-31T08:00:00Z,DOGEUSDT,0.0001
2026-03-31T16:00:00Z,DOGEUSDT,-0.00000846
2026-04-01T00:00:00Z,DOGEUSDT,0.0001
2026-04-01T08:00:00Z,DOGEUSDT,0.0001
2026-04-01T16:00:00Z,DOGEUSDT,0.0001
2026-04-02T00:00:00Z,DOGEUSDT,0.0001
2026-04-02T08:00:00Z,DOGEUSDT,-0.00012294
2026-04-02T16:00:00Z,DOGEUSDT,-0.00002699
2026-04-03T00:00:00Z,DOGEUSDT,-0.00006684
2026-04-03T08:00:00Z,DOGEUSDT,0.00009572
2026-04-03T16:00:00Z,DOGEUSDT,0.0001
2026-04-04T00:00:00Z,DOGEUSDT,0.0001
2026-04-04T08:00:00Z,DOGEUSDT,0.00000911
2026-04-04T16:00:00Z,DOGEUSDT,-0.00005815
2026-04-05T00:00:00Z,DOGEUSDT,0.0001
2026-04-05T08:00:00Z,DOGEUSDT,-0.0000397
2026-04-05T16:00:00Z,DOGEUSDT,-0.00002122
2026-04-06T00:00:00Z,DOGEUSDT,0.00004917
2026-04-06T08:00:00Z,DOGEUSDT,0.0001
2026-04-06T16:00:00Z,DOGEUSDT,0.0001
2026-04-07T00:00:00Z,DOGEUSDT,-0.00009065
2026-04-07T08:00:00Z,DOGEUSDT,-0.00001455
2026-04-07T16:00:00Z,DOGEUSDT,-0.00000353
2026-04-08T00:00:00Z,DOGEUSDT,0.0001
2026-04-08T08:00:00Z,DOGEUSDT,0.0001
2026-04-08T16:00:00Z,DOGEUSDT,0.0001
2026-04-09T00:00:00Z,DOGEUSDT,0.0001
2026-04-09T08:00:00Z,DOGEUSDT,-0.00013857
2026-04-09T16:00:00Z,DOGEUSDT,-0.00003379
2026-04-10T00:00:00Z,DOGEUSDT,0.0001
2026-04-10T08:00:00Z,DOGEUSDT,0.0001
2026-04-10T16:00:00Z,DOGEUSDT,0.00009736
2026-04-11T00:00:00Z,DOGEUSDT,0.0001
2026-04-11T08:00:00Z,DOGEUSDT,0.00006154
2026-04-11T16:00:00Z,DOGEUSDT,-0.00004448
2026-04-12T00:00:00Z,DOGEUSDT,0.0001
2026-04-12T08:00:00Z,DOGEUSDT,-0.00006324
2026-04-12T16:00:00Z,DOGEUSDT,-0.00013591
2026-04-13T00:00:00Z,DOGEUSDT,-0.0000474
2026-04-13T08:00:00Z,DOGEUSDT,0.00000197
2026-04-13T16:00:00Z,DOGEUSDT,0.00001727
2026-04-14T00:00:00Z,DOGEUSDT,0.0001
2026-04-14T08:00:00Z,DOGEUSDT,0.0001
2026-04-14T16:00:00Z,DOGEUSDT,0.0001
2026-04-15T00:00:00Z,DOGEUSDT,-0.00011743
2026-04-15T08:00:00Z,DOGEUSDT,0.00003022
2026-04-15T16:00:00Z,DOGEUSDT,0.0001
2026-04-16T00:00:00Z,DOGEUSDT,0.0001
2026-04-16T08:00:00Z,DOGEUSDT,0.0001
2026-04-16T16:00:00Z,DOGEUSDT,0.0001
2026-04-17T00:00:00Z,DOGEUSDT,0.00006157
2026-04-17T08:00:00Z,DOGEUSDT,-0.00001935
2026-04-17T16:00:00Z,DOGEUSDT,0.0001
2026-04-18T00:00:00Z,DOGEUSDT,0.00004469
2026-04-18T08:00:00Z,DOGEUSDT,-0.00006305
2026-04-18T16:00:00Z,DOGEUSDT,0.0000318
2026-04-19T00:00:00Z,DOGEUSDT,-0.00004039
2026-04-19T08:00:00Z,DOGEUSDT,-0.00003312
2026-04-19T16:00:00Z,DOGEUSDT,0.00009813
2026-04-20T00:00:00Z,DOGEUSDT,0.00003034
2026-04-20T08:00:00Z,DOGEUSDT,0.0001
2026-04-20T16:00:00Z,DOGEUSDT,0.00005292
2026-04-21T00:00:00Z,DOGEUSDT,0.0000621
2026-04-21T08:00:00Z,DOGEUSDT,0.00004494
2026-04-21T16:00:00Z,DOGEUSDT,0.0001
2026-04-22T00:00:00Z,DOGEUSDT,0.00006187
2026-04-22T08:00:00Z,DOGEUSDT,-0.00001032
2026-04-22T16:00:00Z,DOGEUSDT,0.00000866
2026-04-23T00:00:00Z,DOGEUSDT,-0.00002051
2026-04-23T08:00:00Z,DOGEUSDT,-0.00020083
2026-04-23T16:00:00Z,DOGEUSDT,0.00004897
2026-04-24T00:00:00Z,DOGEUSDT,-0.00003911
2026-04-24T08:00:00Z,DOGEUSDT,0.00008475
2026-04-24T16:00:00Z,DOGEUSDT,0.0000477
2026-04-25T00:00:00Z,DOGEUSDT,0.0000308
2026-04-25T08:00:00Z,DOGEUSDT,-0.00002345
2026-04-25T16:00:00Z,DOGEUSDT,0.00009138
2026-04-26T00:00:00Z,DOGEUSDT,0.00005805
2026-04-26T08:00:00Z,DOGEUSDT,0.00001626
2026-04-26T16:00:00Z,DOGEUSDT,-0.00000968
2026-04-27T00:00:00Z,DOGEUSDT,-0.00000845
2026-04-27T08:00:00Z,DOGEUSDT,-0.00006674
2026-04-27T16:00:00Z,DOGEUSDT,-0.00004149
2026-04-28T00:00:00Z,DOGEUSDT,0.0001
2026-04-28T08:00:00Z,DOGEUSDT,0.00004777
2026-04-28T16:00:00Z,DOGEUSDT,0.00008685
2026-04-29T00:00:00Z,DOGEUSDT,0.00006084
2026-04-29T08:00:00Z,DOGEUSDT,0.00005738
2026-04-29T16:00:00Z,DOGEUSDT,0.0001
2026-04-30T00:00:00Z,DOGEUSDT,-0.00003839
2026-04-30T08:00:00Z,DOGEUSDT,-0.0000007
2026-04-30T16:00:00Z,DOGEUSDT,-0.00000388
2026-05-01T00:00:00Z,DOGEUSDT,0.00007596
2026-05-01T08:00:00Z,DOGEUSDT,0.00000732
2026-05-01T16:00:00Z,DOGEUSDT,0.00004514
2026-05-02T00:00:00Z,DOGEUSDT,-0.00002368
2026-05-02T08:00:00Z,DOGEUSDT,0.00000292
2026-05-02T16:00:00Z,DOGEUSDT,0.00000067
2026-05-03T00:00:00Z,DOGEUSDT,-0.000077
2026-05-03T08:00:00Z,DOGEUSDT,-0.00003824
2026-05-03T16:00:00Z,DOGEUSDT,0.00002507
2026-05-04T00:00:00Z,DOGEUSDT,0.00003857
2026-05-04T08:00:00Z,DOGEUSDT,0.0000274
2026-05-04T16:00:00Z,DOGEUSDT,-0.00009837
2026-05-05T00:00:00Z,DOGEUSDT,0.00005886
2026-05-05T08:00:00Z,DOGEUSDT,0.0001
2026-05-05T16:00:00Z,DOGEUSDT,0.00008787
2026-05-06T00:00:00Z,DOGEUSDT,0.00005974
2026-05-06T08:00:00Z,DOGEUSDT,0.00009667
2026-05-06T16:00:00Z,DOGEUSDT,0.0000615
2026-05-07T00:00:00Z,DOGEUSDT,0.00008795
2026-05-07T08:00:00Z,DOGEUSDT,0.00003164
2026-05-07T16:00:00Z,DOGEUSDT,0.00004356
2026-05-08T00:00:00Z,DOGEUSDT,0.0001
2026-05-08T08:00:00Z,DOGEUSDT,0.0001
2026-05-08T16:00:00Z,DOGEUSDT,0.0001
2026-05-09T00:00:00Z,DOGEUSDT,-0.00000161
2026-05-09T08:00:00Z,DOGEUSDT,0.00004753
2026-05-09T16:00:00Z,DOGEUSDT,0.0001
2026-05-10T00:00:00Z,DOGEUSDT,0.00004334
2026-05-10T08:00:00Z,DOGEUSDT,-0.00002701
2026-05-10T16:00:00Z,DOGEUSDT,0.00007043
2026-05-11T00:00:00Z,DOGEUSDT,0.0001
2026-05-11T08:00:00Z,DOGEUSDT,-0.00001327
2026-05-11T16:00:00Z,DOGEUSDT,0.0000181
2026-05-12T00:00:00Z,DOGEUSDT,0.00003112
2026-05-12T08:00:00Z,DOGEUSDT,-0.00004192
2026-05-12T16:00:00Z,DOGEUSDT,0.00001769
2026-05-13T00:00:00Z,DOGEUSDT,0.00008412
2026-05-13T08:00:00Z,DOGEUSDT,0.0001
2026-05-13T16:00:00Z,DOGEUSDT,0.000019
2026-05-14T00:00:00Z,DOGEUSDT,0.00009112
2026-05-14T08:00:00Z,DOGEUSDT,0.00002586
2026-05-14T16:00:00Z,DOGEUSDT,0.0001
2026-05-15T00:00:00Z,DOGEUSDT,-0.00000299
2026-05-15T08:00:00Z,DOGEUSDT,-0.00004848
2026-05-15T16:00:00Z,DOGEUSDT,-0.00003946
2026-05-16T00:00:00Z,DOGEUSDT,0.00005652
2026-05-16T08:00:00Z,DOGEUSDT,-0.00003363
2026-05-16T16:00:00Z,DOGEUSDT,0.00002412
2026-05-17T00:00:00Z,DOGEUSDT,0.0001
2026-05-17T08:00:00Z,DOGEUSDT,-0.00004766
2026-05-17T16:00:00Z,DOGEUSDT,0.00004131
2026-05-18T00:00:00Z,DOGEUSDT,0.00001205
2026-05-18T08:00:00Z,DOGEUSDT,-0.00012738
2026-05-18T16:00:00Z,DOGEUSDT,-0.00010691
2026-05-19T00:00:00Z,DOGEUSDT,0.0001
2026-05-19T08:00:00Z,DOGEUSDT,0.00002639
2026-05-19T16:00:00Z,DOGEUSDT,-0.00000488
2026-05-20T00:00:00Z,DOGEUSDT,0.0001
2026-05-20T08:00:00Z,DOGEUSDT,0.00001543
2026-05-20T16:00:00Z,DOGEUSDT,0.00008653
2026-05-21T00:00:00Z,DOGEUSDT,-0.00003323
2026-05-21T08:00:00Z,DOGEUSDT,0.00003259
2026-05-21T16:00:00Z,DOGEUSDT,0.00005278
2026-05-22T00:00:00Z,DOGEUSDT,0.0001
2026-05-22T08:00:00Z,DOGEUSDT,0.0000764
2026-05-22T16:00:00Z,DOGEUSDT,0.0001
2026-05-23T00:00:00Z,DOGEUSDT,-0.00002692
2026-05-23T08:00:00Z,DOGEUSDT,-0.00002287
2026-05-23T16:00:00Z,DOGEUSDT,-0.00006602
2026-05-24T00:00:00Z,DOGEUSDT,0.0001
2026-05-24T08:00:00Z,DOGEUSDT,0.00006764
2026-05-24T16:00:00Z,DOGEUSDT,0.00000676
2026-05-25T00:00:00Z,DOGEUSDT,-0.00005011
2026-05-25T08:00:00Z,DOGEUSDT,0.00005388
2026-05-25T16:00:00Z,DOGEUSDT,0.00008168
2026-05-26T00:00:00Z,DOGEUSDT,0.0001
2026-05-26T08:00:00Z,DOGEUSDT,-0.00002241
2026-05-26T16:00:00Z,DOGEUSDT,-0.00006113
2026-05-27T00:00:00Z,DOGEUSDT,-0.00011407
2026-05-27T08:00:00Z,DOGEUSDT,0.0000576
2026-05-27T16:00:00Z,DOGEUSDT,0.00008058
2026-05-28T00:00:00Z,DOGEUSDT,-0.00006444
2026-05-28T08:00:00Z,DOGEUSDT,-0.00014171
2026-05-28T16:00:00Z,DOGEUSDT,0.00007908
2026-05-29T00:00:00Z,DOGEUSDT,0.0001
2026-05-29T08:00:00Z,DOGEUSDT,0.0001
2026-05-29T16:00:00Z,DOGEUSDT,0.00006685
2026-05-30T00:00:00Z,DOGEUSDT,0.00005801
2026-05-30T08:00:00Z,DOGEUSDT,0.0001
2026-05-30T16:00:00Z,DOGEUSDT,0.00003019
2026-05-31T00:00:00Z,DOGEUSDT,0.00008277
2026-05-31T08:00:00Z,DOGEUSDT,0.00009054
2026-05-31T16:00:00Z,DOGEUSDT,0.00006905
2026-06-01T00:00:00Z,DOGEUSDT,0.00000667
2026-06-01T08:00:00Z,DOGEUSDT,0.00003186
2026-06-01T16:00:00Z,DOGEUSDT,0.0001
2026-06-02T00:00:00Z,DOGEUSDT,0.0001
2026-06-02T08:00:00Z,DOGEUSDT,0.00004476
2026-06-02T16:00:00Z,DOGEUSDT,-0.0000064
2026-06-03T00:00:00Z,DOGEUSDT,-0.00003531
2026-06-03T08:00:00Z,DOGEUSDT,0.00004141
2026-06-03T16:00:00Z,DOGEUSDT,0.00003194
2026-06-04T00:00:00Z,DOGEUSDT,-0.00003408
2026-06-04T08:00:00Z,DOGEUSDT,-0.00006921
2026-06-04T16:00:00Z,DOGEUSDT,0.0000045
2026-06-05T00:00:00Z,DOGEUSDT,-0.0000102
2026-06-05T08:00:00Z,DOGEUSDT,-0.00004943
2026-06-05T16:00:00Z,DOGEUSDT,0.00004782
2026-06-06T00:00:00Z,DOGEUSDT,0.0001
2026-06-06T08:00:00Z,DOGEUSDT,-0.00000641
2026-06-06T16:00:00Z,DOGEUSDT,0.00003886
2026-06-07T00:00:00Z,DOGEUSDT,-0.00004708
2026-06-07T08:00:00Z,DOGEUSDT,-0.00003914
2026-06-07T16:00:00Z,DOGEUSDT,0.0001
2026-06-08T00:00:00Z,DOGEUSDT,0.00004546
2026-06-08T08:00:00Z,DOGEUSDT,-0.00001134
2026-06-08T16:00:00Z,DOGEUSDT,0.0000654
2026-06-09T00:00:00Z,DOGEUSDT,0.00002114
2026-06-09T08:00:00Z,DOGEUSDT,0.00006589
2026-06-09T16:00:00Z,DOGEUSDT,0.00000054
2026-06-10T00:00:00Z,DOGEUSDT,0.00006421
2026-06-10T08:00:00Z,DOGEUSDT,-0.00001101
2026-06-10T16:00:00Z,DOGEUSDT,0.00003829
2026-06-11T00:00:00Z,DOGEUSDT,-0.00013429
2026-06-11T08:00:00Z,DOGEUSDT,0.00008069
2026-06-11T16:00:00Z,DOGEUSDT,0.0001
2026-06-12T00:00:00Z,DOGEUSDT,0.0001
2026-06-12T08:00:00Z,DOGEUSDT,0.0001
2026-06-12T16:00:00Z,DOGEUSDT,0.00007254
2026-06-13T00:00:00Z,DOGEUSDT,-0.00000368
2026-06-13T08:00:00Z,DOGEUSDT,-0.00017116
2026-06-13T16:00:00Z,DOGEUSDT,0.00004285
2026-06-14T00:00:00Z,DOGEUSDT,0.0001
2026-06-14T08:00:00Z,DOGEUSDT,0.0001
2026-06-14T16:00:00Z,DOGEUSDT,0.0001
2026-06-15T00:00:00Z,DOGEUSDT,0.00002741
2026-06-15T08:00:00Z,DOGEUSDT,0.0001
2026-06-15T16:00:00Z,DOGEUSDT,0.00004794
2026-06-16T00:00:00Z,DOGEUSDT,-0.0000987
2026-06-16T08:00:00Z,DOGEUSDT,-0.00007456
2026-06-16T16:00:00Z,DOGEUSDT,0.00002282
2026-06-17T00:00:00Z,DOGEUSDT,0.0001
2026-06-17T08:00:00Z,DOGEUSDT,0.00000871
2026-06-17T16:00:00Z,DOGEUSDT,0.00001377
2026-06-18T00:00:00Z,DOGEUSDT,0.00006286
2026-06-18T08:00:00Z,DOGEUSDT,-0.00006698
2026-06-18T16:00:00Z,DOGEUSDT,-0.00005824
2026-06-19T00:00:00Z,DOGEUSDT,0.00004901
2026-06-19T08:00:00Z,DOGEUSDT,-0.00001642
2026-06-19T16:00:00Z,DOGEUSDT,0.00001722
2026-06-20T00:00:00Z,DOGEUSDT,-0.000019
2026-06-20T08:00:00Z,DOGEUSDT,-0.00006369
2026-06-20T16:00:00Z,DOGEUSDT,0.00003459
2026-06-21T00:00:00Z,DOGEUSDT,0.00003929
2026-06-21T08:00:00Z,DOGEUSDT,0.00000553
2026-06-21T16:00:00Z,DOGEUSDT,0.00003438
2026-06-22T00:00:00Z,DOGEUSDT,-0.00001314
2026-06-22T08:00:00Z,DOGEUSDT,0.00006893
2026-06-22T16:00:00Z,DOGEUSDT,0.0000212
2026-06-23T00:00:00Z,DOGEUSDT,0.00005603
2026-06-23T08:00:00Z,DOGEUSDT,-0.00001357
2026-06-23T16:00:00Z,DOGEUSDT,-0.00006855
2026-06-24T00:00:00Z,DOGEUSDT,-0.00010168
2026-06-24T08:00:00Z,DOGEUSDT,-0.00002033
2026-06-24T16:00:00Z,DOGEUSDT,-0.00006452
2026-06-25T00:00:00Z,DOGEUSDT,0.00007031
2026-06-25T08:00:00Z,DOGEUSDT,0.00001764
2026-06-25T16:00:00Z,DOGEUSDT,-0.0000081
2026-06-26T00:00:00Z,DOGEUSDT,0.0001
2026-06-26T08:00:00Z,DOGEUSDT,0.0001
2026-06-26T16:00:00Z,DOGEUSDT,0.00002871
2026-06-27T00:00:00Z,DOGEUSDT,0.0001
2026-06-27T08:00:00Z,DOGEUSDT,-0.00007266
2026-06-27T16:00:00Z,DOGEUSDT,0.00001057
2026-06-28T00:00:00Z,DOGEUSDT,-0.00000922
2026-06-28T08:00:00Z,DOGEUSDT,-0.00003556
2026-06-28T16:00:00Z,DOGEUSDT,-0.00004383
2026-06-29T00:00:00Z,DOGEUSDT,-0.000016
2026-06-29T08:00:00Z,DOGEUSDT,0.00008885
2026-06-29T16:00:00Z,DOGEUSDT,0.00002533
2026-06-30T00:00:00Z,DOGEUSDT,-0.00001149
2026-06-30T08:00:00Z,DOGEUSDT,-0.00004388
2026-06-30T16:00:00Z,DOGEUSDT,-0.00001696
2026-07-01T00:00:00Z,DOGEUSDT,0.00002285
2026-07-01T08:00:00Z,DOGEUSDT,0.00004608
2026-07-01T16:00:00Z,DOGEUSDT,0.00009373
2026-07-02T00:00:00Z,DOGEUSDT,-0.0000098
2026-07-02T08:00:00Z,DOGEUSDT,-0.0000458
2026-07-02T16:00:00Z,DOGEUSDT,0.0001
2026-07-03T00:00:00Z,DOGEUSDT,-0.00000986
2026-07-03T08:00:00Z,DOGEUSDT,0.0001
2026-07-03T16:00:00Z,DOGEUSDT,0.0001
2026-07-04T00:00:00Z,DOGEUSDT,0.0001
2026-07-04T08:00:00Z,DOGEUSDT,0.00008605
2026-07-04T16:00:00Z,DOGEUSDT,0.0001
2026-07-05T00:00:00Z,DOGEUSDT,0.00008702
2026-07-05T08:00:00Z,DOGEUSDT,-0.00003494
2026-07-05T16:00:00Z,DOGEUSDT,-0.00003048
2026-07-06T00:00:00Z,DOGEUSDT,0.0001
2026-07-06T08:00:00Z,DOGEUSDT,0.00003923
2026-07-06T16:00:00Z,DOGEUSDT,-0.00000664
2026-07-07T00:00:00Z,DOGEUSDT,0.0001
2026-07-07T08:00:00Z,DOGEUSDT,-0.0000582
2026-07-07T16:00:00Z,DOGEUSDT,-0.00003528
2026-07-08T00:00:00Z,DOGEUSDT,0.00000414
2026-07-08T08:00:00Z,DOGEUSDT,0.00002353
2026-07-08T16:00:00Z,DOGEUSDT,0.00003794
2026-07-09T00:00:00Z,DOGEUSDT,0.00003616
2026-07-09T08:00:00Z,DOGEUSDT,0.00002779
2026-07-09T16:00:00Z,DOGEUSDT,-0.00003038
2026-07-10T00:00:00Z,DOGEUSDT,0.0001
2026-07-10T08:00:00Z,DOGEUSDT,0.0001
2026-07-10T16:00:00Z,DOGEUSDT,0.00007493
2026-07-11T00:00:00Z,DOGEUSDT,0.0001
2026-07-11T08:00:00Z,DOGEUSDT,0.0001
2026-07-11T16:00:00Z,DOGEUSDT,-0.00000046
2026-07-12T00:00:00Z,DOGEUSDT,0.00004293
2026-07-12T08:00:00Z,DOGEUSDT,0.00000913
2026-07-12T16:00:00Z,DOGEUSDT,0.0001
2026-07-13T00:00:00Z,DOGEUSDT,0.00002589
2026-07-13T08:00:00Z,DOGEUSDT,0.00000527
2026-07-13T16:00:00Z,DOGEUSDT,0.00004099
2026-07-14T00:00:00Z,DOGEUSDT,-0.00001227
2026-07-14T08:00:00Z,DOGEUSDT,0.00002087
2026-07-14T16:00:00Z,DOGEUSDT,0.00008526
2026-07-15T00:00:00Z,DOGEUSDT,0.0001
2026-07-15T08:00:00Z,DOGEUSDT,0.00008211
2026-07-15T16:00:00Z,DOGEUSDT,0.00006336
2026-07-16T00:00:00Z,DOGEUSDT,0.00004677
2026-07-16T08:00:00Z,DOGEUSDT,0.00002078
2026-07-16T16:00:00Z,DOGEUSDT,0.00009209
2026-07-17T00:00:00Z,DOGEUSDT,0.00006823
2026-07-17T08:00:00Z,DOGEUSDT,-0.00003839
2026-07-17T16:00:00Z,DOGEUSDT,-0.00001187
2026-07-18T00:00:00Z,DOGEUSDT,0.00004541
2026-07-18T08:00:00Z,DOGEUSDT,0.00006524
2026-07-18T16:00:00Z,DOGEUSDT,-0.00008148
2026-07-19T00:00:00Z,DOGEUSDT,-0.00011621
2026-07-19T08:00:00Z,DOGEUSDT,0.00006899
2026-07-19T16:00:00Z,DOGEUSDT,0.00001063
2026-07-20T00:00:00Z,DOGEUSDT,0.00002044
2026-07-20T08:00:00Z,DOGEUSDT,-0.00001569
2026-07-20T16:00:00Z,DOGEUSDT,0.0001
2026-07-21T00:00:00Z,DOGEUSDT,0.0000128
2026-07-21T08:00:00Z,DOGEUSDT,0.00006817
2026-07-21T16:00:00Z,DOGEUSDT,0.0001
2026-07-22T00:00:00Z,DOGEUSDT,0.00003607
2026-07-22T08:00:00Z,DOGEUSDT,-0.00005143
2026-07-22T16:00:00Z,DOGEUSDT,0.0001
2026-07-23T00:00:00Z,DOGEUSDT,0.00001463
2026-07-23T08:00:00Z,DOGEUSDT,-0.00001962
2026-07-23T16:00:00Z,DOGEUSDT,-0.00004129
2026-07-24T00:00:00Z,DOGEUSDT,-0.00005806
2026-07-24T08:00:00Z,DOGEUSDT,0.00000677
2026-07-24T16:00:00Z,DOGEUSDT,0.00000937
2026-07-25T00:00:00Z,DOGEUSDT,-0.00004707
2026-07-25T08:00:00Z,DOGEUSDT,0.00002597
2026-07-25T16:00:00Z,DOGEUSDT,0.00002019
2026-07-26T00:00:00Z,DOGEUSDT,0.00008524
2026-07-26T08:00:00Z,DOGEUSDT,0.00008653
2026-07-26T16:00:00Z,DOGEUSDT,0.00009873
2026-07-27T00:00:00Z,DOGEUSDT,0.0001
2026-07-27T08:00:00Z,DOGEUSDT,0.00001457
2026-07-27T16:00:00Z,DOGEUSDT,0.00005899
2026-07-28T00:00:00Z,DOGEUSDT,0.00004461
2026-07-28T08:00:00Z,DOGEUSDT,0.00002192
2026-07-28T16:00:00Z,DOGEUSDT,-0.00000301
2026-07-29T00:00:00Z,DOGEUSDT,0.00004284
2026-07-29T08:00:00Z,DOGEUSDT,0.00005983
2026-07-29T16:00:00Z,DOGEUSDT,0.00007147
2026-07-30T00:00:00Z,DOGEUSDT,0.00004695
2026-07-30T08:00:00Z,DOGEUSDT,0.00005654
2026-07-30T16:00:00Z,DOGEUSDT,0.00000561
2026-07-31T00:00:00Z,DOGEUSDT,0.0001
2026-07-31T08:00:00Z,DOGEUSDT,-0.00007559
2026-07-31T16:00:00Z,DOGEUSDT,-0.0000302
2026-08-01T00:00:00Z,DOGEUSDT,-0.00002539
2026-08-01T08:00:00Z,DOGEUSDT,-0.00007603
2026-08-01T16:00:00Z,DOGEUSDT,0.00005032
2026-08-02T00:00:00Z,DOGEUSDT,0.00004246
2026-08-02T08:00:00Z,DOGEUSDT,0.00008473
2026-08-02T16:00:00Z,DOGEUSDT,0.00006601
2026-08-03T00:00:00Z,DOGEUSDT,0.0001
2026-08-03T08:00:00Z,DOGEUSDT,-0.00004601
2026-08-03T16:00:00Z,DOGEUSDT,0.00003728
2026-08-04T00:00:00Z,DOGEUSDT,0.0001
2026-08-04T08:00:00Z,DOGEUSDT,0.0001
2026-08-04T16:00:00Z,DOGEUSDT,0.00008355
2026-08-05T00:00:00Z,DOGEUSDT,0.00007907
2026-08-05T08:00:00Z,DOGEUSDT,-0.00003059
2026-08-05T16:00:00Z,DOGEUSDT,0.0001
2026-08-06T00:00:00Z,DOGEUSDT,0.0001
2026-08-06T08:00:00Z,DOGEUSDT,-0.00001917
2026-08-06T16:00:00Z,DOGEUSDT,-0.00003484
2026-08-07T00:00:00Z,DOGEUSDT,-0.00000537
2026-08-07T08:00:00Z,DOGEUSDT,0.0001
2026-08-07T16:00:00Z,DOGEUSDT,0.0001
2026-08-08T00:00:00Z,DOGEUSDT,0.000021
2026-08-08T08:00:00Z,DOGEUSDT,0.00002643
2026-08-08T16:00:00Z,DOGEUSDT,0.00005761
2026-08-09T00:00:00Z,DOGEUSDT,0.0001
2026-08-09T08:00:00Z,DOGEUSDT,0.00005984
2026-08-09T16:00:00Z,DOGEUSDT,0.0001
2026-08-10T00:00:00Z,DOGEUSDT,0.0001
2026-08-10T08:00:00Z,DOGEUSDT,0.00004847
2026-08-10T16:00:00Z,DOGEUSDT,0.00004856
2026-08-11T00:00:00Z,DOGEUSDT,0.00008631
2026-08-11T08:00:00Z,DOGEUSDT,0.0001
2026-08-11T16:00:00Z,DOGEUSDT,0.0001
2026-08-12T00:00:00Z,DOGEUSDT,0.0001
2026-08-12T08:00:00Z,DOGEUSDT,0.00001308
2026-08-12T16:00:00Z,DOGEUSDT,0.00005669
2026-08-13T00:00:00Z,DOGEUSDT,-0.00013232
2026-08-13T08:00:00Z,DOGEUSDT,0.00001984
2026-08-13T16:00:00Z,DOGEUSDT,0.00006443
2026-08-14T00:00:00Z,DOGEUSDT,0.00007298
2026-08-14T08:00:00Z,DOGEUSDT,-0.00001251
2026-08-14T16:00:00Z,DOGEUSDT,0.0001
2026-08-15T00:00:00Z,DOGEUSDT,0.000031
2026-08-15T08:00:00Z,DOGEUSDT,0.00002334
2026-08-15T16:00:00Z,DOGEUSDT,-0.00003268
2026-08-16T00:00:00Z,DOGEUSDT,-0.00001461
2026-08-16T08:00:00Z,DOGEUSDT,-0.00003167
2026-08-16T16:00:00Z,DOGEUSDT,0.00007297
2026-08-17T00:00:00Z,DOGEUSDT,0.00006017
2026-08-17T08:00:00Z,DOGEUSDT,0.00009946
2026-08-17T16:00:00Z,DOGEUSDT,0.00000945
2026-08-18T00:00:00Z,DOGEUSDT,0.00009522
2026-08-18T08:00:00Z,DOGEUSDT,-0.00013245
2026-08-18T16:00:00Z,DOGEUSDT,0.0001
2026-08-19T00:00:00Z,DOGEUSDT,0.00004681
2026-08-19T08:00:00Z,DOGEUSDT,0.00006763
2026-08-19T16:00:00Z,DOGEUSDT,0.0001
2026-08-20T00:00:00Z,DOGEUSDT,0.0001
2026-08-20T08:00:00Z,DOGEUSDT,0.0001
2026-08-20T16:00:00Z,DOGEUSDT,0.0001
2026-08-21T00:00:00Z,DOGEUSDT,0.0001
2026-08-21T08:00:00Z,DOGEUSDT,0.0001
2026-08-21T16:00:00Z,DOGEUSDT,0.0001
2026-08-22T00:00:00Z,DOGEUSDT,0.0001
2026-08-22T08:00:00Z,DOGEUSDT,0.0001
2026-08-22T16:00:00Z,DOGEUSDT,0.0001
2026-08-23T00:00:00Z,DOGEUSDT,0.00006358
2026-08-23T08:00:00Z,DOGEUSDT,0.0001
2026-08-23T16:00:00Z,DOGEUSDT,0.0001
2026-08-24T00:00:00Z,DOGEUSDT,0.0001
2026-08-24T08:00:00Z,DOGEUSDT,0.0001
2026-08-24T16:00:00Z,DOGEUSDT,0.0001
2026-08-25T00:00:00Z,DOGEUSDT,0.0001
2026-08-25T08:00:00Z,DOGEUSDT,0.0001
2026-08-25T16:00:00Z,DOGEUSDT,0.00000202
2026-08-26T00:00:00Z,DOGEUSDT,-0.00000466
2026-08-26T08:00:00Z,DOGEUSDT,0.00003072
2026-08-26T16:00:00Z,DOGEUSDT,0.00001622
2026-08-27T00:00:00Z,DOGEUSDT,0.0001
2026-08-27T08:00:00Z,DOGEUSDT,0.00003819
2026-08-27T16:00:00Z,DOGEUSDT,0.00005871
2026-08-28T00:00:00Z,DOGEUSDT,0.00001852
2026-08-28T08:00:00Z,DOGEUSDT,0.00004781
2026-08-28T16:00:00Z,DOGEUSDT,0.00001622
2026-08-29T00:00:00Z,DOGEUSDT,0.00002801
2026-08-29T08:00:00Z,DOGEUSDT,-0.00000943
2026-08-29T16:00:00Z,DOGEUSDT,-0.00003094
2026-08-30T00:00:00Z,DOGEUSDT,0.00007963
2026-08-30T08:00:00Z,DOGEUSDT,0.00003868
2026-08-30T16:00:00Z,DOGEUSDT,0.00004626
2026-08-31T00:00:00Z,DOGEUSDT,-0.00001733
2026-08-31T08:00:00Z,DOGEUSDT,0.00001482
2026-08-31T16:00:00Z,DOGEUSDT,-0.00002016
2026-09-01T00:00:00Z,DOGEUSDT,0.0001
2026-09-01T08:00:00Z,DOGEUSDT,0.00005392
2026-09-01T16:00:00Z,DOGEUSDT,0.0001
2026-09-02T00:00:00Z,DOGEUSDT,-0.00001126
2026-09-02T08:00:00Z,DOGEUSDT,-0.00001953
2026-09-02T16:00:00Z,DOGEUSDT,0.00001678
2026-09-03T00:00:00Z,DOGEUSDT,0.0001
2026-09-03T08:00:00Z,DOGEUSDT,0.00006015
2026-09-03T16:00:00Z,DOGEUSDT,0.00008343
2026-09-04T00:00:00Z,DOGEUSDT,0.0001
2026-09-04T08:00:00Z,DOGEUSDT,0.00004606
2026-09-04T16:00:00Z,DOGEUSDT,0.00002531
2026-09-05T00:00:00Z,DOGEUSDT,0.00000372
2026-09-05T08:00:00Z,DOGEUSDT,0.00007411
2026-09-05T16:00:00Z,DOGEUSDT,0.00005186
2026-09-06T00:00:00Z,DOGEUSDT,-0.00000268
2026-09-06T08:00:00Z,DOGEUSDT,-0.00001582
2026-09-06T16:00:00Z,DOGEUSDT,0.00008241
2026-09-07T00:00:00Z,DOGEUSDT,0.00001772
2026-09-07T08:00:00Z,DOGEUSDT,0.0001
2026-09-07T16:00:00Z,DOGEUSDT,0.00001393
2026-09-08T00:00:00Z,DOGEUSDT,0.00006397
2026-09-08T08:00:00Z,DOGEUSDT,0.00002298
2026-09-08T16:00:00Z,DOGEUSDT,0.00006022
2026-09-09T00:00:00Z,DOGEUSDT,0.00005441
2026-09-09T08:00:00Z,DOGEUSDT,0.00009033
2026-09-09T16:00:00Z,DOGEUSDT,0.00004057
2026-09-10T00:00:00Z,DOGEUSDT,-0.00008994
2026-09-10T08:00:00Z,DOGEUSDT,-0.00002085
2026-09-10T16:00:00Z,DOGEUSDT,-0.00007594
2026-09-11T00:00:00Z,DOGEUSDT,0.00001719
2026-09-11T08:00:00Z,DOGEUSDT,-0.00002217
2026-09-11T16:00:00Z,DOGEUSDT,0.00002704
2026-09-12T00:00:00Z,DOGEUSDT,0.00004074
2026-09-12T08:00:00Z,DOGEUSDT,-0.00004065
2026-09-12T16:00:00Z,DOGEUSDT,0.00006151
2026-09-13T00:00:00Z,DOGEUSDT,0.0000215
2026-09-13T08:00:00Z,DOGEUSDT,0.00003507
2026-09-13T16:00:00Z,DOGEUSDT,-0.0000237
2026-09-14T00:00:00Z,DOGEUSDT,0.00002785
2026-09-14T08:00:00Z,DOGEUSDT,0.0000159
2026-09-14T16:00:00Z,DOGEUSDT,-0.00000971
2026-09-15T00:00:00Z,DOGEUSDT,0.00002747
2026-09-15T08:00:00Z,DOGEUSDT,0.00000036
2026-09-15T16:00:00Z,DOGEUSDT,-0.00006135
2026-09-16T00:00:00Z,DOGEUSDT,0.00001109
2026-09-16T08:00:00Z,DOGEUSDT,0.00000153
2026-09-16T16:00:00Z,DOGEUSDT,-0.00005031
2026-09-17T00:00:00Z,DOGEUSDT,0.00004114
2026-09-17T08:00:00Z,DOGEUSDT,0.0000014
2026-09-17T16:00:00Z,DOGEUSDT,0.00001021
2026-09-18T00:00:00Z,DOGEUSDT,0.00005552
2026-09-18T08:00:00Z,DOGEUSDT,0.0001
2026-09-18T16:00:00Z,DOGEUSDT,0.0001
2026-09-19T00:00:00Z,DOGEUSDT,0.0001
2026-09-19T08:00:00Z,DOGEUSDT,0.0001
2026-09-19T16:00:00Z,DOGEUSDT,0.0001
2026-09-20T00:00:00Z,DOGEUSDT,0.0001
2026-09-20T08:00:00Z,DOGEUSDT,0.00007101
2026-09-20T16:00:00Z,DOGEUSDT,0.00002526
2026-09-21T00:00:00Z,DOGEUSDT,0.0001
2026-09-21T08:00:00Z,DOGEUSDT,0.0001
2026-09-21T16:00:00Z,DOGEUSDT,0.0001
2026-09-22T00:00:00Z,DOGEUSDT,0.0001
2026-09-22T08:00:00Z,DOGEUSDT,0.0001
2026-09-22T16:00:00Z,DOGEUSDT,0.0001
2026-09-23T00:00:00Z,DOGEUSDT,0.0001
2026-09-23T08:00:00Z,DOGEUSDT,0.0001
2026-09-23T16:00:00Z,DOGEUSDT,-0.00005393
2026-09-24T00:00:00Z,DOGEUSDT,0.00001134
2026-09-24T08:00:00Z,DOGEUSDT,0.00003159
2026-09-24T16:00:00Z,DOGEUSDT,0.0000261
2026-09-25T00:00:00Z,DOGEUSDT,0.0001
2026-09-25T08:00:00Z,DOGEUSDT,-0.00001654
2026-09-25T16:00:00Z,DOGEUSDT,0.0001
2026-09-26T00:00:00Z,DOGEUSDT,0.0001
2026-09-26T08:00:00Z,DOGEUSDT,0.00003844
2026-09-26T16:00:00Z,DOGEUSDT,0.00007203
2026-09-27T00:00:00Z,DOGEUSDT,0.00005592
2026-09-27T08:00:00Z,DOGEUSDT,0.0001
2026-09-27T16:00:00Z,DOGEUSDT,0.00004181
2026-09-28T00:00:00Z,DOGEUSDT,0.00004718
2026-09-28T08:00:00Z,DOGEUSDT,0.00004125
2026-09-28T16:00:00Z,DOGEUSDT,-0.00004234
2026-09-29T00:00:00Z,DOGEUSDT,-0.00001665
2026-09-29T08:00:00Z,DOGEUSDT,0.0001
2026-09-29T16:00:00Z,DOGEUSDT,0.0001
2026-09-30T00:00:00Z,DOGEUSDT,0.00008848
2026-09-30T08:00:00Z,DOGEUSDT,0.00001269
2026-09-30T16:00:00Z,DOGEUSDT,0.00006032
2026-10-01T00:00:00Z,DOGEUSDT,-0.00003759
2026-10-01T08:00:00Z,DOGEUSDT,0.00006372
2026-10-01T16:00:00Z,DOGEUSDT,0.00002906
2026-10-02T00:00:00Z,DOGEUSDT,0.0001
2026-10-02T08:00:00Z,DOGEUSDT,0.0001
2026-10-02T16:00:00Z,DOGEUSDT,0.0001
2026-10-03T00:00:00Z,DOGEUSDT,-0.00009414
2026-10-03T08:00:00Z,DOGEUSDT,-0.00001159
2026-10-03T16:00:00Z,DOGEUSDT,-0.00000125
2026-10-04T00:00:00Z,DOGEUSDT,0.00007476
2026-10-04T08:00:00Z,DOGEUSDT,0.00002745
2026-10-04T16:00:00Z,DOGEUSDT,0.00004012
2026-10-05T00:00:00Z,DOGEUSDT,0.0001
2026-10-05T08:00:00Z,DOGEUSDT,0.0001
2026-10-05T16:00:00Z,DOGEUSDT,0.0001
2026-10-06T00:00:00Z,DOGEUSDT,0.0001
2026-10-06T08:00:00Z,DOGEUSDT,0.00000698
2026-10-06T16:00:00Z,DOGEUSDT,0.0001
2026-10-07T00:00:00Z,DOGEUSDT,0.0001
2026-10-07T08:00:00Z,DOGEUSDT,0.00001251
2026-10-07T16:00:00Z,DOGEUSDT,0.00002919
2026-10-08T00:00:00Z,DOGEUSDT,0.00002807
2026-10-08T08:00:00Z,DOGEUSDT,-0.000072
2026-10-08T16:00:00Z,DOGEUSDT,0.00000992
2026-10-09T00:00:00Z,DOGEUSDT,-0.00007645
