timestamp,symbol,funding_rate
2023-10-09T00:00:00Z,DOTUSDT,-0.00007126
2023-10-09T08:00:00Z,DOTUSDT,0.00005582
2023-10-09T16:00:00Z,DOTUSDT,-0.0000396
2023-10-10T00:00:00Z,DOTUSDT,-0.00052865
2023-10-10T08:00:00Z,DOTUSDT,-0.00025591
2023-10-10T16:00:00Z,DOTUSDT,-0.00001041
2023-10-11T00:00:00Z,DOTUSDT,-0.00044585
2023-10-11T08:00:00Z,DOTUSDT,-0.00006022
2023-10-11T16:00:00Z,DOTUSDT,-0.00012926
2023-10-12T00:00:00Z,DOTUSDT,-0.00003286
2023-10-12T08:00:00Z,DOTUSDT,-0.00005885
2023-10-12T16:00:00Z,DOTUSDT,-0.00038234
2023-10-13T00:00:00Z,DOTUSDT,-0.00003113
2023-10-13T08:00:00Z,DOTUSDT,-0.0001231
2023-10-13T16:00:00Z,DOTUSDT,-0.00019718
2023-10-14T00:00:00Z,DOTUSDT,-0.00031811
2023-10-14T08:00:00Z,DOTUSDT,-0.00028576
2023-10-14T16:00:00Z,DOTUSDT,-0.00025846
2023-10-15T00:00:00Z,DOTUSDT,-0.00015999
2023-10-15T08:00:00Z,DOTUSDT,-0.00018189
2023-10-15T16:00:00Z,DOTUSDT,-0.00037766
2023-10-16T00:00:00Z,DOTUSDT,-0.00022299
2023-10-16T08:00:00Z,DOTUSDT,-0.00000127
2023-10-16T16:00:00Z,DOTUSDT,-0.00032524
2023-10-17T00:00:00Z,DOTUSDT,-0.00046293
2023-10-17T08:00:00Z,DOTUSDT,0.0000278
2023-10-17T16:00:00Z,DOTUSDT,-0.00019278
2023-10-18T00:00:00Z,DOTUSDT,-0.00021305
2023-10-18T08:00:00Z,DOTUSDT,-0.00004694
2023-10-18T16:00:00Z,DOTUSDT,-0.00002447
2023-10-19T00:00:00Z,DOTUSDT,-0.00025238
2023-10-19T08:00:00Z,DOTUSDT,0.000059
2023-10-19T16:00:00Z,DOTUSDT,0.00001806
2023-10-20T00:00:00Z,DOTUSDT,-0.00016651
2023-10-20T08:00:00Z,DOTUSDT,-0.00009439
2023-10-20T16:00:00Z,DOTUSDT,-0.00016836
2023-10-21T00:00:00Z,DOTUSDT,-0.00044848
2023-10-21T08:00:00Z,DOTUSDT,-0.00023086
2023-10-21T16:00:00Z,DOTUSDT,-0.00008196
2023-10-22T00:00:00Z,DOTUSDT,-0.0000292
2023-10-22T08:00:00Z,DOTUSDT,-0.00021759
2023-10-22T16:00:00Z,DOTUSDT,-0.00042975
2023-10-23T00:00:00Z,DOTUSDT,-0.00027738
2023-10-23T08:00:00Z,DOTUSDT,-0.00041202
2023-10-23T16:00:00Z,DOTUSDT,-0.00018673
2023-10-24T00:00:00Z,DOTUSDT,-0.00027343
2023-10-24T08:00:00Z,DOTUSDT,-0.00002666
2023-10-24T16:00:00Z,DOTUSDT,0.00003149
2023-10-25T00:00:00Z,DOTUSDT,-0.00000262
2023-10-25T08:00:00Z,DOTUSDT,-0.00006246
2023-10-25T16:00:00Z,DOTUSDT,-0.00013501
2023-10-26T00:00:00Z,DOTUSDT,-0.00012516
2023-10-26T08:00:00Z,DOTUSDT,0.0001
2023-10-26T16:00:00Z,DOTUSDT,0.0001
2023-10-27T00:00:00Z,DOTUSDT,0.0001
2023-10-27T08:00:00Z,DOTUSDT,0.0001
2023-10-27T16:00:00Z,DOTUSDT,0.0001
2023-10-28T00:00:00Z,DOTUSDT,0.0001
2023-10-28T08:00:00Z,DOTUSDT,0.0001
2023-10-28T16:00:00Z,DOTUSDT,0.0001
2023-10-29T00:00:00Z,DOTUSDT,0.0001
2023-10-29T08:00:00Z,DOTUSDT,0.0001
2023-10-29T16:00:00Z,DOTUSDT,0.0001
2023-10-30T00:00:00Z,DOTUSDT,0.0001
2023-10-30T08:00:00Z,DOTUSDT,0.0001
2023-10-30T16:00:00Z,DOTUSDT,0.0001
2023-10-31T00:00:00Z,DOTUSDT,0.0001
2023-10-31T08:00:00Z,DOTUSDT,0.0001
2023-10-31T16:00:00Z,DOTUSDT,0.0001
2023-11-01T00:00:00Z,DOTUSDT,0.0001
2023-11-01T08:00:00Z,DOTUSDT,0.0001
2023-11-01T16:00:00Z,DOTUSDT,0.0001
2023-11-02T00:00:00Z,DOTUSDT,0.00025521
2023-11-02T08:00:00Z,DOTUSDT,0.00015481
2023-11-02T16:00:00Z,DOTUSDT,0.0001
2023-11-03T00:00:00Z,DOTUSDT,0.0001
2023-11-03T08:00:00Z,DOTUSDT,0.0001
2023-11-03T16:00:00Z,DOTUSDT,0.0001
2023-11-04T00:00:00Z,DOTUSDT,0.0001
2023-11-04T08:00:00Z,DOTUSDT,0.00015699
2023-11-04T16:00:00Z,DOTUSDT,0.0001
2023-11-05T00:00:00Z,DOTUSDT,0.0001
2023-11-05T08:00:00Z,DOTUSDT,0.00030277
2023-11-05T16:00:00Z,DOTUSDT,0.0001
2023-11-06T00:00:00Z,DOTUSDT,0.0001
2023-11-06T08:00:00Z,DOTUSDT,0.0001
2023-11-06T16:00:00Z,DOTUSDT,0.0002543
2023-11-07T00:00:00Z,DOTUSDT,0.00017395
2023-11-07T08:00:00Z,DOTUSDT,0.00021672
2023-11-07T16:00:00Z,DOTUSDT,0.00017823
2023-11-08T00:00:00Z,DOTUSDT,0.00015277
2023-11-08T08:00:00Z,DOTUSDT,0.0001
2023-11-08T16:00:00Z,DOTUSDT,0.00014834
2023-11-09T00:00:00Z,DOTUSDT,0.0001
2023-11-09T08:00:00Z,DOTUSDT,0.0001
2023-11-09T16:00:00Z,DOTUSDT,0.0001909
2023-11-10T00:00:00Z,DOTUSDT,0.0001
2023-11-10T08:00:00Z,DOTUSDT,0.0001
2023-11-10T16:00:00Z,DOTUSDT,0.000211
2023-11-11T00:00:00Z,DOTUSDT,0.00033709
2023-11-11T08:00:00Z,DOTUSDT,0.00023171
2023-11-11T16:00:00Z,DOTUSDT,0.00037469
2023-11-12T00:00:00Z,DOTUSDT,0.00029084
2023-11-12T08:00:00Z,DOTUSDT,0.00016174
2023-11-12T16:00:00Z,DOTUSDT,0.00024972
2023-11-13T00:00:00Z,DOTUSDT,0.00039018
2023-11-13T08:00:00Z,DOTUSDT,0.00022657
2023-11-13T16:00:00Z,DOTUSDT,0.00021555
2023-11-14T00:00:00Z,DOTUSDT,0.00013176
2023-11-14T08:00:00Z,DOTUSDT,0.00011018
2023-11-14T16:00:00Z,DOTUSDT,0.0001
2023-11-15T00:00:00Z,DOTUSDT,0.0001
2023-11-15T08:00:00Z,DOTUSDT,0.0001
2023-11-15T16:00:00Z,DOTUSDT,0.0001
2023-11-16T00:00:00Z,DOTUSDT,0.0001
2023-11-16T08:00:00Z,DOTUSDT,0.00037619
2023-11-16T16:00:00Z,DOTUSDT,0.00018958
2023-11-17T00:00:00Z,DOTUSDT,0.0001
2023-11-17T08:00:00Z,DOTUSDT,0.0001
2023-11-17T16:00:00Z,DOTUSDT,0.0001
2023-11-18T00:00:00Z,DOTUSDT,0.0001
2023-11-18T08:00:00Z,DOTUSDT,0.0001
2023-11-18T16:00:00Z,DOTUSDT,0.0001
2023-11-19T00:00:00Z,DOTUSDT,0.0001
2023-11-19T08:00:00Z,DOTUSDT,0.0001
2023-11-19T16:00:00Z,DOTUSDT,0.0001
2023-11-20T00:00:00Z,DOTUSDT,0.0001
2023-11-20T08:00:00Z,DOTUSDT,0.0001
2023-11-20T16:00:00Z,DOTUSDT,0.0001
2023-11-21T00:00:00Z,DOTUSDT,0.0001
2023-11-21T08:00:00Z,DOTUSDT,0.0001
2023-11-21T16:00:00Z,DOTUSDT,0.0001
2023-11-22T00:00:00Z,DOTUSDT,0.0001
2023-11-22T08:00:00Z,DOTUSDT,0.0001
2023-11-22T16:00:00Z,DOTUSDT,0.0001
2023-11-23T00:00:00Z,DOTUSDT,0.0001
2023-11-23T08:00:00Z,DOTUSDT,0.0001
2023-11-23T16:00:00Z,DOTUSDT,0.0001
2023-11-24T00:00:00Z,DOTUSDT,0.0001
2023-11-24T08:00:00Z,DOTUSDT,0.0001
2023-11-24T16:00:00Z,DOTUSDT,0.0001
2023-11-25T00:00:00Z,DOTUSDT,0.0001
2023-11-25T08:00:00Z,DOTUSDT,0.0001
2023-11-25T16:00:00Z,DOTUSDT,0.0001
2023-11-26T00:00:00Z,DOTUSDT,0.0001
2023-11-26T08:00:00Z,DOTUSDT,0.0001
2023-11-26T16:00:00Z,DOTUSDT,0.0001
2023-11-27T00:00:00Z,DOTUSDT,0.0001
2023-11-27T08:00:00Z,DOTUSDT,0.0001
2023-11-27T16:00:00Z,DOTUSDT,0.0001
2023-11-28T00:00:00Z,DOTUSDT,0.0001
2023-11-28T08:00:00Z,DOTUSDT,0.0001
2023-11-28T16:00:00Z,DOTUSDT,0.0001
2023-11-29T00:00:00Z,DOTUSDT,0.0001
2023-11-29T08:00:00Z,DOTUSDT,0.0001
2023-11-29T16:00:00Z,DOTUSDT,0.0001
2023-11-30T00:00:00Z,DOTUSDT,0.0001
2023-11-30T08:00:00Z,DOTUSDT,0.0001
2023-11-30T16:00:00Z,DOTUSDT,0.0001
2023-12-01T00:00:00Z,DOTUSDT,0.0001
2023-12-01T08:00:00Z,DOTUSDT,0.0001
2023-12-01T16:00:00Z,DOTUSDT,0.0001
2023-12-02T00:00:00Z,DOTUSDT,0.0001
2023-12-02T08:00:00Z,DOTUSDT,0.0001
2023-12-02T16:00:00Z,DOTUSDT,0.0001
2023-12-03T00:00:00Z,DOTUSDT,0.0001
2023-12-03T08:00:00Z,DOTUSDT,0.0001
2023-12-03T16:00:00Z,DOTUSDT,0.0001
2023-12-04T00:00:00Z,DOTUSDT,0.0001
2023-12-04T08:00:00Z,DOTUSDT,0.00038918
2023-12-04T16:00:00Z,DOTUSDT,0.00012242
2023-12-05T00:00:00Z,DOTUSDT,0.00015937
2023-12-05T08:00:00Z,DOTUSDT,0.00027371
2023-12-05T16:00:00Z,DOTUSDT,0.0001
2023-12-06T00:00:00Z,DOTUSDT,0.0001
2023-12-06T08:00:00Z,DOTUSDT,0.00028698
2023-12-06T16:00:00Z,DOTUSDT,0.0001
2023-12-07T00:00:00Z,DOTUSDT,0.00027601
2023-12-07T08:00:00Z,DOTUSDT,0.00026555
2023-12-07T16:00:00Z,DOTUSDT,0.00029593
2023-12-08T00:00:00Z,DOTUSDT,0.00045006
2023-12-08T08:00:00Z,DOTUSDT,0.00029539
2023-12-08T16:00:00Z,DOTUSDT,0.00037973
2023-12-09T00:00:00Z,DOTUSDT,0.00019114
2023-12-09T08:00:00Z,DOTUSDT,0.00054528
2023-12-09T16:00:00Z,DOTUSDT,0.00058871
2023-12-10T00:00:00Z,DOTUSDT,0.00028153
2023-12-10T08:00:00Z,DOTUSDT,0.00035229
2023-12-10T16:00:00Z,DOTUSDT,0.00038921
2023-12-11T00:00:00Z,DOTUSDT,0.00039622
2023-12-11T08:00:00Z,DOTUSDT,0.0001
2023-12-11T16:00:00Z,DOTUSDT,0.0001
2023-12-12T00:00:00Z,DOTUSDT,0.0001
2023-12-12T08:00:00Z,DOTUSDT,0.0001
2023-12-12T16:00:00Z,DOTUSDT,0.00020164
2023-12-13T00:00:00Z,DOTUSDT,0.0001
2023-12-13T08:00:00Z,DOTUSDT,0.0001
2023-12-13T16:00:00Z,DOTUSDT,0.0001
2023-12-14T00:00:00Z,DOTUSDT,0.0001
2023-12-14T08:00:00Z,DOTUSDT,0.00024513
2023-12-14T16:00:00Z,DOTUSDT,0.0001
2023-12-15T00:00:00Z,DOTUSDT,0.0001
2023-12-15T08:00:00Z,DOTUSDT,0.0003804
2023-12-15T16:00:00Z,DOTUSDT,0.00019653
2023-12-16T00:00:00Z,DOTUSDT,0.00029847
2023-12-16T08:00:00Z,DOTUSDT,0.0001
2023-12-16T16:00:00Z,DOTUSDT,0.00024952
2023-12-17T00:00:00Z,DOTUSDT,0.0001
2023-12-17T08:00:00Z,DOTUSDT,0.0001
2023-12-17T16:00:00Z,DOTUSDT,0.00013298
2023-12-18T00:00:00Z,DOTUSDT,0.00016423
2023-12-18T08:00:00Z,DOTUSDT,0.0001
2023-12-18T16:00:00Z,DOTUSDT,0.0001
2023-12-19T00:00:00Z,DOTUSDT,0.0001
2023-12-19T08:00:00Z,DOTUSDT,0.0001
2023-12-19T16:00:00Z,DOTUSDT,0.0001
2023-12-20T00:00:00Z,DOTUSDT,0.0001
2023-12-20T08:00:00Z,DOTUSDT,0.0001
2023-12-20T16:00:00Z,DOTUSDT,0.00016431
2023-12-21T00:00:00Z,DOTUSDT,0.0003057
2023-12-21T08:00:00Z,DOTUSDT,0.00018705
2023-12-21T16:00:00Z,DOTUSDT,0.00028139
2023-12-22T00:00:00Z,DOTUSDT,0.00038952
2023-12-22T08:00:00Z,DOTUSDT,0.0003978
2023-12-22T16:00:00Z,DOTUSDT,0.00031626
2023-12-23T00:00:00Z,DOTUSDT,0.00031573
2023-12-23T08:00:00Z,DOTUSDT,0.00012562
2023-12-23T16:00:00Z,DOTUSDT,0.0001
2023-12-24T00:00:00Z,DOTUSDT,0.00011368
2023-12-24T08:00:00Z,DOTUSDT,0.00020573
2023-12-24T16:00:00Z,DOTUSDT,0.00015886
2023-12-25T00:00:00Z,DOTUSDT,0.00036132
2023-12-25T08:00:00Z,DOTUSDT,0.0001
2023-12-25T16:00:00Z,DOTUSDT,0.0004558
2023-12-26T00:00:00Z,DOTUSDT,0.00057013
2023-12-26T08:00:00Z,DOTUSDT,0.00020262
2023-12-26T16:00:00Z,DOTUSDT,0.00035582
2023-12-27T00:00:00Z,DOTUSDT,0.00022542
2023-12-27T08:00:00Z,DOTUSDT,0.00039039
2023-12-27T16:00:00Z,DOTUSDT,0.00049877
2023-12-28T00:00:00Z,DOTUSDT,0.00045093
2023-12-28T08:00:00Z,DOTUSDT,0.00042082
2023-12-28T16:00:00Z,DOTUSDT,0.00057903
2023-12-29T00:00:00Z,DOTUSDT,0.00062738
2023-12-29T08:00:00Z,DOTUSDT,0.00057111
2023-12-29T16:00:00Z,DOTUSDT,0.00059344
2023-12-30T00:00:00Z,DOTUSDT,0.0003213
2023-12-30T08:00:00Z,DOTUSDT,0.0002826
2023-12-30T16:00:00Z,DOTUSDT,0.00028656
2023-12-31T00:00:00Z,DOTUSDT,0.00027655
2023-12-31T08:00:00Z,DOTUSDT,0.00033066
2023-12-31T16:00:00Z,DOTUSDT,0.0003011
2024-01-01T00:00:00Z,DOTUSDT,0.00027726
2024-01-01T08:00:00Z,DOTUSDT,0.00022589
2024-01-01T16:00:00Z,DOTUSDT,0.00027419
2024-01-02T00:00:00Z,DOTUSDT,0.00054163
2024-01-02T08:00:00Z,DOTUSDT,0.00065529
2024-01-02T16:00:00Z,DOTUSDT,0.00079162
2024-01-03T00:00:00Z,DOTUSDT,0.00038469
2024-01-03T08:00:00Z,DOTUSDT,0.0004951
2024-01-03T16:00:00Z,DOTUSDT,0.0001
2024-01-04T00:00:00Z,DOTUSDT,0.0001
2024-01-04T08:00:00Z,DOTUSDT,0.0001
2024-01-04T16:00:00Z,DOTUSDT,0.0001
2024-01-05T00:00:00Z,DOTUSDT,0.0001
2024-01-05T08:00:00Z,DOTUSDT,0.0001
2024-01-05T16:00:00Z,DOTUSDT,0.0001
2024-01-06T00:00:00Z,DOTUSDT,0.0001
2024-01-06T08:00:00Z,DOTUSDT,0.0001
2024-01-06T16:00:00Z,DOTUSDT,0.0001
2024-01-07T00:00:00Z,DOTUSDT,0.0001
2024-01-07T08:00:00Z,DOTUSDT,0.0001
2024-01-07T16:00:00Z,DOTUSDT,0.0001
2024-01-08T00:00:00Z,DOTUSDT,0.0001
2024-01-08T08:00:00Z,DOTUSDT,0.0001
2024-01-08T16:00:00Z,DOTUSDT,0.0001
2024-01-09T00:00:00Z,DOTUSDT,0.0001
2024-01-09T08:00:00Z,DOTUSDT,0.0001
2024-01-09T16:00:00Z,DOTUSDT,0.0001
2024-01-10T00:00:00Z,DOTUSDT,0.0001
2024-01-10T08:00:00Z,DOTUSDT,0.0001
2024-01-10T16:00:00Z,DOTUSDT,0.0001
2024-01-11T00:00:00Z,DOTUSDT,0.0001
2024-01-11T08:00:00Z,DOTUSDT,0.0001
2024-01-11T16:00:00Z,DOTUSDT,0.0001
2024-01-12T00:00:00Z,DOTUSDT,0.0001
2024-01-12T08:00:00Z,DOTUSDT,0.0001
2024-01-12T16:00:00Z,DOTUSDT,0.0001
2024-01-13T00:00:00Z,DOTUSDT,0.0001
2024-01-13T08:00:00Z,DOTUSDT,0.0001
2024-01-13T16:00:00Z,DOTUSDT,0.0001
2024-01-14T00:00:00Z,DOTUSDT,0.0001
2024-01-14T08:00:00Z,DOTUSDT,0.0001
2024-01-14T16:00:00Z,DOTUSDT,0.0001
2024-01-15T00:00:00Z,DOTUSDT,0.0001
2024-01-15T08:00:00Z,DOTUSDT,0.0001
2024-01-15T16:00:00Z,DOTUSDT,0.0001
2024-01-16T00:00:00Z,DOTUSDT,0.0001
2024-01-16T08:00:00Z,DOTUSDT,0.0001
2024-01-16T16:00:00Z,DOTUSDT,0.0001
2024-01-17T00:00:00Z,DOTUSDT,0.0001
2024-01-17T08:00:00Z,DOTUSDT,0.0001
2024-01-17T16:00:00Z,DOTUSDT,0.0001
2024-01-18T00:00:00Z,DOTUSDT,0.0001
2024-01-18T08:00:00Z,DOTUSDT,0.0001
2024-01-18T16:00:00Z,DOTUSDT,0.0001
2024-01-19T00:00:00Z,DOTUSDT,0.0001
2024-01-19T08:00:00Z,DOTUSDT,0.0001
2024-01-19T16:00:00Z,DOTUSDT,0.0001
2024-01-20T00:00:00Z,DOTUSDT,0.0001
2024-01-20T08:00:00Z,DOTUSDT,0.0001
2024-01-20T16:00:00Z,DOTUSDT,0.0001
2024-01-21T00:00:00Z,DOTUSDT,0.0001
2024-01-21T08:00:00Z,DOTUSDT,0.0001
2024-01-21T16:00:00Z,DOTUSDT,0.0001
2024-01-22T00:00:00Z,DOTUSDT,0.0001
2024-01-22T08:00:00Z,DOTUSDT,0.0001
2024-01-22T16:00:00Z,DOTUSDT,0.0001
2024-01-23T00:00:00Z,DOTUSDT,0.0001
2024-01-23T08:00:00Z,DOTUSDT,0.0001
2024-01-23T16:00:00Z,DOTUSDT,0.0001
2024-01-24T00:00:00Z,DOTUSDT,0.0001
2024-01-24T08:00:00Z,DOTUSDT,0.0001
2024-01-24T16:00:00Z,DOTUSDT,0.0001
2024-01-25T00:00:00Z,DOTUSDT,0.0001
2024-01-25T08:00:00Z,DOTUSDT,0.0001
2024-01-25T16:00:00Z,DOTUSDT,0.0001
2024-01-26T00:00:00Z,DOTUSDT,0.0001
2024-01-26T08:00:00Z,DOTUSDT,0.0001
2024-01-26T16:00:00Z,DOTUSDT,0.0001
2024-01-27T00:00:00Z,DOTUSDT,0.0001
2024-01-27T08:00:00Z,DOTUSDT,0.0001
2024-01-27T16:00:00Z,DOTUSDT,0.0001
2024-01-28T00:00:00Z,DOTUSDT,0.0001
2024-01-28T08:00:00Z,DOTUSDT,0.0001
2024-01-28T16:00:00Z,DOTUSDT,0.0001
2024-01-29T00:00:00Z,DOTUSDT,0.00004321
2024-01-29T08:00:00Z,DOTUSDT,0.0001
2024-01-29T16:00:00Z,DOTUSDT,0.0001
2024-01-30T00:00:00Z,DOTUSDT,0.0001
2024-01-30T08:00:00Z,DOTUSDT,0.0001
2024-01-30T16:00:00Z,DOTUSDT,0.0001
2024-01-31T00:00:00Z,DOTUSDT,0.0001
2024-01-31T08:00:00Z,DOTUSDT,0.0001
2024-01-31T16:00:00Z,DOTUSDT,0.0001
2024-02-01T00:00:00Z,DOTUSDT,0.0001
2024-02-01T08:00:00Z,DOTUSDT,0.0001
2024-02-01T16:00:00Z,DOTUSDT,0.0001
2024-02-02T00:00:00Z,DOTUSDT,0.0001
2024-02-02T08:00:00Z,DOTUSDT,0.0001
2024-02-02T16:00:00Z,DOTUSDT,0.0001
2024-02-03T00:00:00Z,DOTUSDT,0.0001
2024-02-03T08:00:00Z,DOTUSDT,0.0001
2024-02-03T16:00:00Z,DOTUSDT,0.0001
2024-02-04T00:00:00Z,DOTUSDT,0.0001
2024-02-04T08:00:00Z,DOTUSDT,0.0001
2024-02-04T16:00:00Z,DOTUSDT,0.0001
2024-02-05T00:00:00Z,DOTUSDT,0.0001
2024-02-05T08:00:00Z,DOTUSDT,0.00009381
2024-02-05T16:00:00Z,DOTUSDT,0.0001
2024-02-06T00:00:00Z,DOTUSDT,0.0001
2024-02-06T08:00:00Z,DOTUSDT,0.0001
2024-02-06T16:00:00Z,DOTUSDT,0.0001
2024-02-07T00:00:00Z,DOTUSDT,0.0001
2024-02-07T08:00:00Z,DOTUSDT,0.0001
2024-02-07T16:00:00Z,DOTUSDT,0.0001
2024-02-08T00:00:00Z,DOTUSDT,0.0001
2024-02-08T08:00:00Z,DOTUSDT,0.0001
2024-02-08T16:00:00Z,DOTUSDT,0.0001
2024-02-09T00:00:00Z,DOTUSDT,0.0001
2024-02-09T08:00:00Z,DOTUSDT,0.0001
2024-02-09T16:00:00Z,DOTUSDT,0.0001
2024-02-10T00:00:00Z,DOTUSDT,0.0001
2024-02-10T08:00:00Z,DOTUSDT,0.0001
2024-02-10T16:00:00Z,DOTUSDT,0.0001
2024-02-11T00:00:00Z,DOTUSDT,0.0001
2024-02-11T08:00:00Z,DOTUSDT,0.0001
2024-02-11T16:00:00Z,DOTUSDT,0.0001
2024-02-12T00:00:00Z,DOTUSDT,0.0001
2024-02-12T08:00:00Z,DOTUSDT,0.0001
2024-02-12T16:00:00Z,DOTUSDT,0.0001
2024-02-13T00:00:00Z,DOTUSDT,0.0001
2024-02-13T08:00:00Z,DOTUSDT,0.0001
2024-02-13T16:00:00Z,DOTUSDT,0.0001
2024-02-14T00:00:00Z,DOTUSDT,0.00010376
2024-02-14T08:00:00Z,DOTUSDT,0.0001
2024-02-14T16:00:00Z,DOTUSDT,0.0001
2024-02-15T00:00:00Z,DOTUSDT,0.00011738
2024-02-15T08:00:00Z,DOTUSDT,0.0001
2024-02-15T16:00:00Z,DOTUSDT,0.00013253
2024-02-16T00:00:00Z,DOTUSDT,0.00017817
2024-02-16T08:00:00Z,DOTUSDT,0.0001125
2024-02-16T16:00:00Z,DOTUSDT,0.00013576
2024-02-17T00:00:00Z,DOTUSDT,0.0001
2024-02-17T08:00:00Z,DOTUSDT,0.00015864
2024-02-17T16:00:00Z,DOTUSDT,0.0001
2024-02-18T00:00:00Z,DOTUSDT,0.00023349
2024-02-18T08:00:00Z,DOTUSDT,0.0001
2024-02-18T16:00:00Z,DOTUSDT,0.0001875
2024-02-19T00:00:00Z,DOTUSDT,0.00010619
2024-02-19T08:00:00Z,DOTUSDT,0.00020016
2024-02-19T16:00:00Z,DOTUSDT,0.00017008
2024-02-20T00:00:00Z,DOTUSDT,0.00022534
2024-02-20T08:00:00Z,DOTUSDT,0.00022907
2024-02-20T16:00:00Z,DOTUSDT,0.0001
2024-02-21T00:00:00Z,DOTUSDT,0.0001
2024-02-21T08:00:00Z,DOTUSDT,0.0001
2024-02-21T16:00:00Z,DOTUSDT,0.0001
2024-02-22T00:00:00Z,DOTUSDT,0.0001
2024-02-22T08:00:00Z,DOTUSDT,0.0001
2024-02-22T16:00:00Z,DOTUSDT,0.0001
2024-02-23T00:00:00Z,DOTUSDT,0.0001
2024-02-23T08:00:00Z,DOTUSDT,0.00015293
2024-02-23T16:00:00Z,DOTUSDT,0.0001
2024-02-24T00:00:00Z,DOTUSDT,0.0001
2024-02-24T08:00:00Z,DOTUSDT,0.0001
2024-02-24T16:00:00Z,DOTUSDT,0.0001
2024-02-25T00:00:00Z,DOTUSDT,0.0001
2024-02-25T08:00:00Z,DOTUSDT,0.0001
2024-02-25T16:00:00Z,DOTUSDT,0.0001
2024-02-26T00:00:00Z,DOTUSDT,0.00016283
2024-02-26T08:00:00Z,DOTUSDT,0.00024174
2024-02-26T16:00:00Z,DOTUSDT,0.00019013
2024-02-27T00:00:00Z,DOTUSDT,0.00023287
2024-02-27T08:00:00Z,DOTUSDT,0.00053626
2024-02-27T16:00:00Z,DOTUSDT,0.0002134
2024-02-28T00:00:00Z,DOTUSDT,0.0001
2024-02-28T08:00:00Z,DOTUSDT,0.00023995
2024-02-28T16:00:00Z,DOTUSDT,0.00044507
2024-02-29T00:00:00Z,DOTUSDT,0.00014214
2024-02-29T08:00:00Z,DOTUSDT,0.00053328
2024-02-29T16:00:00Z,DOTUSDT,0.00071627
2024-03-01T00:00:00Z,DOTUSDT,0.00050182
2024-03-01T08:00:00Z,DOTUSDT,0.00035091
2024-03-01T16:00:00Z,DOTUSDT,0.00048097
2024-03-02T00:00:00Z,DOTUSDT,0.0005089
2024-03-02T08:00:00Z,DOTUSDT,0.00069171
2024-03-02T16:00:00Z,DOTUSDT,0.0006549
2024-03-03T00:00:00Z,DOTUSDT,0.00051733
2024-03-03T08:00:00Z,DOTUSDT,0.00060318
2024-03-03T16:00:00Z,DOTUSDT,0.00039155
2024-03-04T00:00:00Z,DOTUSDT,0.00047853
2024-03-04T08:00:00Z,DOTUSDT,0.00058148
2024-03-04T16:00:00Z,DOTUSDT,0.00044473
2024-03-05T00:00:00Z,DOTUSDT,0.00035306
2024-03-05T08:00:00Z,DOTUSDT,0.00074529
2024-03-05T16:00:00Z,DOTUSDT,0.00101997
2024-03-06T00:00:00Z,DOTUSDT,0.0001
2024-03-06T08:00:00Z,DOTUSDT,0.0001
2024-03-06T16:00:00Z,DOTUSDT,0.0001
2024-03-07T00:00:00Z,DOTUSDT,0.0001
2024-03-07T08:00:00Z,DOTUSDT,0.0001
2024-03-07T16:00:00Z,DOTUSDT,0.0003435
2024-03-08T00:00:00Z,DOTUSDT,0.00038843
2024-03-08T08:00:00Z,DOTUSDT,0.00031343
2024-03-08T16:00:00Z,DOTUSDT,0.00051871
2024-03-09T00:00:00Z,DOTUSDT,0.00036199
2024-03-09T08:00:00Z,DOTUSDT,0.00045204
2024-03-09T16:00:00Z,DOTUSDT,0.00051699
2024-03-10T00:00:00Z,DOTUSDT,0.00048054
2024-03-10T08:00:00Z,DOTUSDT,0.00066112
2024-03-10T16:00:00Z,DOTUSDT,0.00024145
2024-03-11T00:00:00Z,DOTUSDT,0.00034306
2024-03-11T08:00:00Z,DOTUSDT,0.00042481
2024-03-11T16:00:00Z,DOTUSDT,0.00045092
2024-03-12T00:00:00Z,DOTUSDT,0.00063184
2024-03-12T08:00:00Z,DOTUSDT,0.00042476
2024-03-12T16:00:00Z,DOTUSDT,0.00033732
2024-03-13T00:00:00Z,DOTUSDT,0.00043531
2024-03-13T08:00:00Z,DOTUSDT,0.00065418
2024-03-13T16:00:00Z,DOTUSDT,0.00060795
2024-03-14T00:00:00Z,DOTUSDT,0.00041356
2024-03-14T08:00:00Z,DOTUSDT,0.00068102
2024-03-14T16:00:00Z,DOTUSDT,0.00070164
2024-03-15T00:00:00Z,DOTUSDT,0.00051721
2024-03-15T08:00:00Z,DOTUSDT,0.00022119
2024-03-15T16:00:00Z,DOTUSDT,0.0001
2024-03-16T00:00:00Z,DOTUSDT,0.0001
2024-03-16T08:00:00Z,DOTUSDT,0.00018769
2024-03-16T16:00:00Z,DOTUSDT,0.0001
2024-03-17T00:00:00Z,DOTUSDT,0.0001
2024-03-17T08:00:00Z,DOTUSDT,0.0001
2024-03-17T16:00:00Z,DOTUSDT,0.0001
2024-03-18T00:00:00Z,DOTUSDT,0.0001
2024-03-18T08:00:00Z,DOTUSDT,0.0001
2024-03-18T16:00:00Z,DOTUSDT,0.00018808
2024-03-19T00:00:00Z,DOTUSDT,0.0001
2024-03-19T08:00:00Z,DOTUSDT,0.0001
2024-03-19T16:00:00Z,DOTUSDT,0.0001
2024-03-20T00:00:00Z,DOTUSDT,0.0001
2024-03-20T08:00:00Z,DOTUSDT,0.0001
2024-03-20T16:00:00Z,DOTUSDT,0.0001
2024-03-21T00:00:00Z,DOTUSDT,0.0001
2024-03-21T08:00:00Z,DOTUSDT,0.0001
2024-03-21T16:00:00Z,DOTUSDT,0.0001
2024-03-22T00:00:00Z,DOTUSDT,0.0001
2024-03-22T08:00:00Z,DOTUSDT,0.0001
2024-03-22T16:00:00Z,DOTUSDT,0.0001
2024-03-23T00:00:00Z,DOTUSDT,0.0001
2024-03-23T08:00:00Z,DOTUSDT,0.0001
2024-03-23T16:00:00Z,DOTUSDT,0.0001
2024-03-24T00:00:00Z,DOTUSDT,0.0001
2024-03-24T08:00:00Z,DOTUSDT,0.00012961
2024-03-24T16:00:00Z,DOTUSDT,0.00011162
2024-03-25T00:00:00Z,DOTUSDT,0.0001
2024-03-25T08:00:00Z,DOTUSDT,0.00019322
2024-03-25T16:00:00Z,DOTUSDT,0.0001
2024-03-26T00:00:00Z,DOTUSDT,0.00021193
2024-03-26T08:00:00Z,DOTUSDT,0.00027448
2024-03-26T16:00:00Z,DOTUSDT,0.00031154
2024-03-27T00:00:00Z,DOTUSDT,0.00040954
2024-03-27T08:00:00Z,DOTUSDT,0.00038529
2024-03-27T16:00:00Z,DOTUSDT,0.00026406
2024-03-28T00:00:00Z,DOTUSDT,0.00037384
2024-03-28T08:00:00Z,DOTUSDT,0.00042674
2024-03-28T16:00:00Z,DOTUSDT,0.00046049
2024-03-29T00:00:00Z,DOTUSDT,0.00054596
2024-03-29T08:00:00Z,DOTUSDT,0.00028747
2024-03-29T16:00:00Z,DOTUSDT,0.00038166
2024-03-30T00:00:00Z,DOTUSDT,0.00038812
2024-03-30T08:00:00Z,DOTUSDT,0.0004279
2024-03-30T16:00:00Z,DOTUSDT,0.00059152
2024-03-31T00:00:00Z,DOTUSDT,0.00042602
2024-03-31T08:00:00Z,DOTUSDT,0.00063688
2024-03-31T16:00:00Z,DOTUSDT,0.00064307
2024-04-01T00:00:00Z,DOTUSDT,0.00081978
2024-04-01T08:00:00Z,DOTUSDT,0.00046372
2024-04-01T16:00:00Z,DOTUSDT,0.00019755
2024-04-02T00:00:00Z,DOTUSDT,0.00017247
2024-04-02T08:00:00Z,DOTUSDT,0.0001
2024-04-02T16:00:00Z,DOTUSDT,0.00012193
2024-04-03T00:00:00Z,DOTUSDT,0.0001
2024-04-03T08:00:00Z,DOTUSDT,0.0001
2024-04-03T16:00:00Z,DOTUSDT,0.0001
2024-04-04T00:00:00Z,DOTUSDT,0.0001
2024-04-04T08:00:00Z,DOTUSDT,0.00013506
2024-04-04T16:00:00Z,DOTUSDT,0.00011973
2024-04-05T00:00:00Z,DOTUSDT,0.0001
2024-04-05T08:00:00Z,DOTUSDT,0.0001
2024-04-05T16:00:00Z,DOTUSDT,0.00014398
2024-04-06T00:00:00Z,DOTUSDT,0.0001
2024-04-06T08:00:00Z,DOTUSDT,0.00017537
2024-04-06T16:00:00Z,DOTUSDT,0.0002429
2024-04-07T00:00:00Z,DOTUSDT,0.00014571
2024-04-07T08:00:00Z,DOTUSDT,0.0001825
2024-04-07T16:00:00Z,DOTUSDT,0.00014544
2024-04-08T00:00:00Z,DOTUSDT,0.00024973
2024-04-08T08:00:00Z,DOTUSDT,0.00017003
2024-04-08T16:00:00Z,DOTUSDT,0.00028254
2024-04-09T00:00:00Z,DOTUSDT,0.0003233
2024-04-09T08:00:00Z,DOTUSDT,0.00025001
2024-04-09T16:00:00Z,DOTUSDT,0.00017531
2024-04-10T00:00:00Z,DOTUSDT,0.00020361
2024-04-10T08:00:00Z,DOTUSDT,0.00025923
2024-04-10T16:00:00Z,DOTUSDT,0.00023207
2024-04-11T00:00:00Z,DOTUSDT,0.0001
2024-04-11T08:00:00Z,DOTUSDT,0.00023464
2024-04-11T16:00:00Z,DOTUSDT,0.00014114
2024-04-12T00:00:00Z,DOTUSDT,0.00010906
2024-04-12T08:00:00Z,DOTUSDT,0.00015535
2024-04-12T16:00:00Z,DOTUSDT,0.0001
2024-04-13T00:00:00Z,DOTUSDT,0.00004223
2024-04-13T08:00:00Z,DOTUSDT,0.0001
2024-04-13T16:00:00Z,DOTUSDT,0.0001
2024-04-14T00:00:00Z,DOTUSDT,-0.00073888
2024-04-14T08:00:00Z,DOTUSDT,0.00004577
2024-04-14T16:00:00Z,DOTUSDT,0.00009929
2024-04-15T00:00:00Z,DOTUSDT,-0.00002277
2024-04-15T08:00:00Z,DOTUSDT,0.00005065
2024-04-15T16:00:00Z,DOTUSDT,0.00000697
2024-04-16T00:00:00Z,DOTUSDT,0.0001
2024-04-16T08:00:00Z,DOTUSDT,0.0001
2024-04-16T16:00:00Z,DOTUSDT,0.00008739
2024-04-17T00:00:00Z,DOTUSDT,0.0001
2024-04-17T08:00:00Z,DOTUSDT,0.00007029
2024-04-17T16:00:00Z,DOTUSDT,0.0000124
2024-04-18T00:00:00Z,DOTUSDT,0.00006675
2024-04-18T08:00:00Z,DOTUSDT,0.00008551
2024-04-18T16:00:00Z,DOTUSDT,0.00000992
2024-04-19T00:00:00Z,DOTUSDT,0.00000989
2024-04-19T08:00:00Z,DOTUSDT,0.0001
2024-04-19T16:00:00Z,DOTUSDT,0.0001
2024-04-20T00:00:00Z,DOTUSDT,0.0001
2024-04-20T08:00:00Z,DOTUSDT,0.0001
2024-04-20T16:00:00Z,DOTUSDT,0.0001
2024-04-21T00:00:00Z,DOTUSDT,0.0001
2024-04-21T08:00:00Z,DOTUSDT,0.0001
2024-04-21T16:00:00Z,DOTUSDT,0.00003722
2024-04-22T00:00:00Z,DOTUSDT,0.00003183
2024-04-22T08:00:00Z,DOTUSDT,0.00003773
2024-04-22T16:00:00Z,DOTUSDT,0.0001
2024-04-23T00:00:00Z,DOTUSDT,0.00007982
2024-04-23T08:00:00Z,DOTUSDT,0.00009937
2024-04-23T16:00:00Z,DOTUSDT,0.00009457
2024-04-24T00:00:00Z,DOTUSDT,0.0000948
2024-04-24T08:00:00Z,DOTUSDT,0.00001759
2024-04-24T16:00:00Z,DOTUSDT,0.00003528
2024-04-25T00:00:00Z,DOTUSDT,0.0000881
2024-04-25T08:00:00Z,DOTUSDT,-0.00004747
2024-04-25T16:00:00Z,DOTUSDT,-0.00000033
2024-04-26T00:00:00Z,DOTUSDT,0.00004199
2024-04-26T08:00:00Z,DOTUSDT,-0.00003291
2024-04-26T16:00:00Z,DOTUSDT,0.00008034
2024-04-27T00:00:00Z,DOTUSDT,0.0001
2024-04-27T08:00:00Z,DOTUSDT,0.0001
2024-04-27T16:00:00Z,DOTUSDT,0.00002839
2024-04-28T00:00:00Z,DOTUSDT,0.00009614
2024-04-28T08:00:00Z,DOTUSDT,0.00003131
2024-04-28T16:00:00Z,DOTUSDT,0.0001
2024-04-29T00:00:00Z,DOTUSDT,0.0001
2024-04-29T08:00:00Z,DOTUSDT,0.0001
2024-04-29T16:00:00Z,DOTUSDT,0.00002809
2024-04-30T00:00:00Z,DOTUSDT,0.0001
2024-04-30T08:00:00Z,DOTUSDT,-0.00001289
2024-04-30T16:00:00Z,DOTUSDT,-0.00004756
2024-05-01T00:00:00Z,DOTUSDT,-0.00009181
2024-05-01T08:00:00Z,DOTUSDT,-0.00000104
2024-05-01T16:00:00Z,DOTUSDT,0.00008049
2024-05-02T00:00:00Z,DOTUSDT,-0.00002365
2024-05-02T08:00:00Z,DOTUSDT,0.0001
2024-05-02T16:00:00Z,DOTUSDT,-0.00006655
2024-05-03T00:00:00Z,DOTUSDT,0.0001
2024-05-03T08:00:00Z,DOTUSDT,0.0001
2024-05-03T16:00:00Z,DOTUSDT,0.00003378
2024-05-04T00:00:00Z,DOTUSDT,0.00000105
2024-05-04T08:00:00Z,DOTUSDT,0.00007826
2024-05-04T16:00:00Z,DOTUSDT,0.0001
2024-05-05T00:00:00Z,DOTUSDT,0.0001
2024-05-05T08:00:00Z,DOTUSDT,0.0001
2024-05-05T16:00:00Z,DOTUSDT,0.0001
2024-05-06T00:00:00Z,DOTUSDT,0.0001
2024-05-06T08:00:00Z,DOTUSDT,0.0001
2024-05-06T16:00:00Z,DOTUSDT,0.0001
2024-05-07T00:00:00Z,DOTUSDT,0.0001
2024-05-07T08:00:00Z,DOTUSDT,0.0001
2024-05-07T16:00:00Z,DOTUSDT,0.0001
2024-05-08T00:00:00Z,DOTUSDT,0.0001
2024-05-08T08:00:00Z,DOTUSDT,0.0001
2024-05-08T16:00:00Z,DOTUSDT,0.0001
2024-05-09T00:00:00Z,DOTUSDT,0.0001
2024-05-09T08:00:00Z,DOTUSDT,0.0001
2024-05-09T16:00:00Z,DOTUSDT,0.00002982
2024-05-10T00:00:00Z,DOTUSDT,0.0001
2024-05-10T08:00:00Z,DOTUSDT,0.0001
2024-05-10T16:00:00Z,DOTUSDT,0.0001
2024-05-11T00:00:00Z,DOTUSDT,0.0001
2024-05-11T08:00:00Z,DOTUSDT,0.0001
2024-05-11T16:00:00Z,DOTUSDT,0.00005886
2024-05-12T00:00:00Z,DOTUSDT,0.00007873
2024-05-12T08:00:00Z,DOTUSDT,0.00005972
2024-05-12T16:00:00Z,DOTUSDT,0.0001
2024-05-13T00:00:00Z,DOTUSDT,0.0001
2024-05-13T08:00:00Z,DOTUSDT,0.0001
2024-05-13T16:00:00Z,DOTUSDT,0.00002524
2024-05-14T00:00:00Z,DOTUSDT,-0.00002105
2024-05-14T08:00:00Z,DOTUSDT,0.0001
2024-05-14T16:00:00Z,DOTUSDT,0.0001
2024-05-15T00:00:00Z,DOTUSDT,0.00006534
2024-05-15T08:00:00Z,DOTUSDT,0.0001
2024-05-15T16:00:00Z,DOTUSDT,-0.00006511
2024-05-16T00:00:00Z,DOTUSDT,0.00007069
2024-05-16T08:00:00Z,DOTUSDT,0.0001
2024-05-16T16:00:00Z,DOTUSDT,0.00004634
2024-05-17T00:00:00Z,DOTUSDT,0.0001
2024-05-17T08:00:00Z,DOTUSDT,0.0001
2024-05-17T16:00:00Z,DOTUSDT,0.0001
2024-05-18T00:00:00Z,DOTUSDT,0.0001
2024-05-18T08:00:00Z,DOTUSDT,0.0001
2024-05-18T16:00:00Z,DOTUSDT,0.0001
2024-05-19T00:00:00Z,DOTUSDT,0.0001
2024-05-19T08:00:00Z,DOTUSDT,0.0001
2024-05-19T16:00:00Z,DOTUSDT,0.0001
2024-05-20T00:00:00Z,DOTUSDT,0.0001
2024-05-20T08:00:00Z,DOTUSDT,0.0001
2024-05-20T16:00:00Z,DOTUSDT,0.0001
2024-05-21T00:00:00Z,DOTUSDT,0.0001
2024-05-21T08:00:00Z,DOTUSDT,0.0001
2024-05-21T16:00:00Z,DOTUSDT,0.0001
2024-05-22T00:00:00Z,DOTUSDT,0.0001
2024-05-22T08:00:00Z,DOTUSDT,0.0001
2024-05-22T16:00:00Z,DOTUSDT,0.0001
2024-05-23T00:00:00Z,DOTUSDT,0.0001
2024-05-23T08:00:00Z,DOTUSDT,0.0001
2024-05-23T16:00:00Z,DOTUSDT,0.0001
2024-05-24T00:00:00Z,DOTUSDT,0.0001
2024-05-24T08:00:00Z,DOTUSDT,0.0001
2024-05-24T16:00:00Z,DOTUSDT,0.0001
2024-05-25T00:00:00Z,DOTUSDT,0.0001
2024-05-25T08:00:00Z,DOTUSDT,0.0001
2024-05-25T16:00:00Z,DOTUSDT,0.0001
2024-05-26T00:00:00Z,DOTUSDT,0.0001
2024-05-26T08:00:00Z,DOTUSDT,0.0001
2024-05-26T16:00:00Z,DOTUSDT,0.0001
2024-05-27T00:00:00Z,DOTUSDT,0.0001
2024-05-27T08:00:00Z,DOTUSDT,0.0001
2024-05-27T16:00:00Z,DOTUSDT,0.0001
2024-05-28T00:00:00Z,DOTUSDT,0.0001
2024-05-28T08:00:00Z,DOTUSDT,0.0001
2024-05-28T16:00:00Z,DOTUSDT,0.0001
2024-05-29T00:00:00Z,DOTUSDT,0.0001
2024-05-29T08:00:00Z,DOTUSDT,0.0001
2024-05-29T16:00:00Z,DOTUSDT,0.0001
2024-05-30T00:00:00Z,DOTUSDT,0.0001
2024-05-30T08:00:00Z,DOTUSDT,0.0001
2024-05-30T16:00:00Z,DOTUSDT,0.0001
2024-05-31T00:00:00Z,DOTUSDT,0.0001
2024-05-31T08:00:00Z,DOTUSDT,0.0001
2024-05-31T16:00:00Z,DOTUSDT,0.0001
2024-06-01T00:00:00Z,DOTUSDT,0.0001
2024-06-01T08:00:00Z,DOTUSDT,0.0001
2024-06-01T16:00:00Z,DOTUSDT,0.0001
2024-06-02T00:00:00Z,DOTUSDT,0.0001
2024-06-02T08:00:00Z,DOTUSDT,0.0001
2024-06-02T16:00:00Z,DOTUSDT,0.0001
2024-06-03T00:00:00Z,DOTUSDT,0.0001
2024-06-03T08:00:00Z,DOTUSDT,0.0001
2024-06-03T16:00:00Z,DOTUSDT,0.0001
2024-06-04T00:00:00Z,DOTUSDT,0.0001
2024-06-04T08:00:00Z,DOTUSDT,0.00010941
2024-06-04T16:00:00Z,DOTUSDT,0.0001
2024-06-05T00:00:00Z,DOTUSDT,0.0001
2024-06-05T08:00:00Z,DOTUSDT,0.00011095
2024-06-05T16:00:00Z,DOTUSDT,0.0001625
2024-06-06T00:00:00Z,DOTUSDT,0.0001
2024-06-06T08:00:00Z,DOTUSDT,0.00028193
2024-06-06T16:00:00Z,DOTUSDT,0.00012891
2024-06-07T00:00:00Z,DOTUSDT,0.00011131
2024-06-07T08:00:00Z,DOTUSDT,0.0001
2024-06-07T16:00:00Z,DOTUSDT,0.00013141
2024-06-08T00:00:00Z,DOTUSDT,0.0001
2024-06-08T08:00:00Z,DOTUSDT,0.0001
2024-06-08T16:00:00Z,DOTUSDT,0.0001
2024-06-09T00:00:00Z,DOTUSDT,0.0001
2024-06-09T08:00:00Z,DOTUSDT,0.0001
2024-06-09T16:00:00Z,DOTUSDT,0.0001
2024-06-10T00:00:00Z,DOTUSDT,0.0001
2024-06-10T08:00:00Z,DOTUSDT,0.0001
2024-06-10T16:00:00Z,DOTUSDT,0.0001
2024-06-11T00:00:00Z,DOTUSDT,0.0001
2024-06-11T08:00:00Z,DOTUSDT,0.0001
2024-06-11T16:00:00Z,DOTUSDT,0.0001
2024-06-12T00:00:00Z,DOTUSDT,0.00002748
2024-06-12T08:00:00Z,DOTUSDT,0.0001
2024-06-12T16:00:00Z,DOTUSDT,-0.00002539
2024-06-13T00:00:00Z,DOTUSDT,0.0001
2024-06-13T08:00:00Z,DOTUSDT,0.0001
2024-06-13T16:00:00Z,DOTUSDT,0.0001
2024-06-14T00:00:00Z,DOTUSDT,0.00006681
2024-06-14T08:00:00Z,DOTUSDT,0.0001
2024-06-14T16:00:00Z,DOTUSDT,0.0001
2024-06-15T00:00:00Z,DOTUSDT,-0.00002507
2024-06-15T08:00:00Z,DOTUSDT,0.0001
2024-06-15T16:00:00Z,DOTUSDT,0.0001
2024-06-16T00:00:00Z,DOTUSDT,-0.00000438
2024-06-16T08:00:00Z,DOTUSDT,0.00004742
2024-06-16T16:00:00Z,DOTUSDT,-0.00013841
2024-06-17T00:00:00Z,DOTUSDT,-0.00014735
2024-06-17T08:00:00Z,DOTUSDT,0.0001
2024-06-17T16:00:00Z,DOTUSDT,0.0001
2024-06-18T00:00:00Z,DOTUSDT,0.0001
2024-06-18T08:00:00Z,DOTUSDT,-0.00022843
2024-06-18T16:00:00Z,DOTUSDT,-0.00006617
2024-06-19T00:00:00Z,DOTUSDT,0.0001
2024-06-19T08:00:00Z,DOTUSDT,-0.00006009
2024-06-19T16:00:00Z,DOTUSDT,0.00009381
2024-06-20T00:00:00Z,DOTUSDT,0.0001
2024-06-20T08:00:00Z,DOTUSDT,0.0001
2024-06-20T16:00:00Z,DOTUSDT,0.00004994
2024-06-21T00:00:00Z,DOTUSDT,0.0001
2024-06-21T08:00:00Z,DOTUSDT,0.0001
2024-06-21T16:00:00Z,DOTUSDT,0.0001
2024-06-22T00:00:00Z,DOTUSDT,0.0001
2024-06-22T08:00:00Z,DOTUSDT,0.0001
2024-06-22T16:00:00Z,DOTUSDT,-0.00011022
2024-06-23T00:00:00Z,DOTUSDT,0.0001
2024-06-23T08:00:00Z,DOTUSDT,0.0001
2024-06-23T16:00:00Z,DOTUSDT,0.0001
2024-06-24T00:00:00Z,DOTUSDT,0.0000875
2024-06-24T08:00:00Z,DOTUSDT,-0.00006133
2024-06-24T16:00:00Z,DOTUSDT,0.00008824
2024-06-25T00:00:00Z,DOTUSDT,0.0001
2024-06-25T08:00:00Z,DOTUSDT,0.0001
2024-06-25T16:00:00Z,DOTUSDT,0.00004439
2024-06-26T00:00:00Z,DOTUSDT,0.0001
2024-06-26T08:00:00Z,DOTUSDT,0.00006708
2024-06-26T16:00:00Z,DOTUSDT,-0.00000263
2024-06-27T00:00:00Z,DOTUSDT,0.0001
2024-06-27T08:00:00Z,DOTUSDT,-0.00005321
2024-06-27T16:00:00Z,DOTUSDT,-0.0001554
2024-06-28T00:00:00Z,DOTUSDT,0.0001
2024-06-28T08:00:00Z,DOTUSDT,0.00003413
2024-06-28T16:00:00Z,DOTUSDT,-0.00017285
2024-06-29T00:00:00Z,DOTUSDT,0.0001
2024-06-29T08:00:00Z,DOTUSDT,0.0001
2024-06-29T16:00:00Z,DOTUSDT,0.0001
2024-06-30T00:00:00Z,DOTUSDT,0.0001
2024-06-30T08:00:00Z,DOTUSDT,0.0001
2024-06-30T16:00:00Z,DOTUSDT,0.00005324
2024-07-01T00:00:00Z,DOTUSDT,0.00000003
2024-07-01T08:00:00Z,DOTUSDT,0.00003501
2024-07-01T16:00:00Z,DOTUSDT,0.00009905
2024-07-02T00:00:00Z,DOTUSDT,0.00009498
2024-07-02T08:00:00Z,DOTUSDT,0.0001
2024-07-02T16:00:00Z,DOTUSDT,0.0001
2024-07-03T00:00:00Z,DOTUSDT,0.00007659
2024-07-03T08:00:00Z,DOTUSDT,-0.00003201
2024-07-03T16:00:00Z,DOTUSDT,-0.00010672
2024-07-04T00:00:00Z,DOTUSDT,-0.00000817
2024-07-04T08:00:00Z,DOTUSDT,0.00003089
2024-07-04T16:00:00Z,DOTUSDT,-0.00006138
2024-07-05T00:00:00Z,DOTUSDT,0.0001
2024-07-05T08:00:00Z,DOTUSDT,-0.00043796
2024-07-05T16:00:00Z,DOTUSDT,-0.00016428
2024-07-06T00:00:00Z,DOTUSDT,0.00007936
2024-07-06T08:00:00Z,DOTUSDT,-0.00018147
2024-07-06T16:00:00Z,DOTUSDT,-0.00017036
2024-07-07T00:00:00Z,DOTUSDT,0.00000114
2024-07-07T08:00:00Z,DOTUSDT,0.0001
2024-07-07T16:00:00Z,DOTUSDT,0.00001954
2024-07-08T00:00:00Z,DOTUSDT,0.0001
2024-07-08T08:00:00Z,DOTUSDT,0.00007367
2024-07-08T16:00:00Z,DOTUSDT,0.00004155
2024-07-09T00:00:00Z,DOTUSDT,0.0001
2024-07-09T08:00:00Z,DOTUSDT,-0.00005642
2024-07-09T16:00:00Z,DOTUSDT,0.00009664
2024-07-10T00:00:00Z,DOTUSDT,0.0001
2024-07-10T08:00:00Z,DOTUSDT,0.0001
2024-07-10T16:00:00Z,DOTUSDT,0.0001
2024-07-11T00:00:00Z,DOTUSDT,0.0001
2024-07-11T08:00:00Z,DOTUSDT,0.0001
2024-07-11T16:00:00Z,DOTUSDT,0.0001
2024-07-12T00:00:00Z,DOTUSDT,0.0001
2024-07-12T08:00:00Z,DOTUSDT,0.00003526
2024-07-12T16:00:00Z,DOTUSDT,-0.00008519
2024-07-13T00:00:00Z,DOTUSDT,0.0001
2024-07-13T08:00:00Z,DOTUSDT,0.0001
2024-07-13T16:00:00Z,DOTUSDT,0.0001
2024-07-14T00:00:00Z,DOTUSDT,0.0001
2024-07-14T08:00:00Z,DOTUSDT,0.0001
2024-07-14T16:00:00Z,DOTUSDT,0.00007838
2024-07-15T00:00:00Z,DOTUSDT,0.0001
2024-07-15T08:00:00Z,DOTUSDT,0.00006176
2024-07-15T16:00:00Z,DOTUSDT,0.0001
2024-07-16T00:00:00Z,DOTUSDT,0.0001
2024-07-16T08:00:00Z,DOTUSDT,0.0000744
2024-07-16T16:00:00Z,DOTUSDT,0.00008662
2024-07-17T00:00:00Z,DOTUSDT,0.0001
2024-07-17T08:00:00Z,DOTUSDT,0.0001
2024-07-17T16:00:00Z,DOTUSDT,0.00006337
2024-07-18T00:00:00Z,DOTUSDT,0.0001
2024-07-18T08:00:00Z,DOTUSDT,0.00009984
2024-07-18T16:00:00Z,DOTUSDT,-0.00007884
2024-07-19T00:00:00Z,DOTUSDT,0.00005163
2024-07-19T08:00:00Z,DOTUSDT,-0.00010538
2024-07-19T16:00:00Z,DOTUSDT,0.00006537
2024-07-20T00:00:00Z,DOTUSDT,0.0001
2024-07-20T08:00:00Z,DOTUSDT,0.0001
2024-07-20T16:00:00Z,DOTUSDT,0.00002817
2024-07-21T00:00:00Z,DOTUSDT,0.0001
2024-07-21T08:00:00Z,DOTUSDT,0.0001
2024-07-21T16:00:00Z,DOTUSDT,0.00005148
2024-07-22T00:00:00Z,DOTUSDT,0.0001
2024-07-22T08:00:00Z,DOTUSDT,0.00003455
2024-07-22T16:00:00Z,DOTUSDT,0.0001
2024-07-23T00:00:00Z,DOTUSDT,0.00005727
2024-07-23T08:00:00Z,DOTUSDT,-0.00012048
2024-07-23T16:00:00Z,DOTUSDT,0.00005216
2024-07-24T00:00:00Z,DOTUSDT,0.00008607
2024-07-24T08:00:00Z,DOTUSDT,0.0001
2024-07-24T16:00:00Z,DOTUSDT,0.0001
2024-07-25T00:00:00Z,DOTUSDT,0.00006998
2024-07-25T08:00:00Z,DOTUSDT,-0.00007589
2024-07-25T16:00:00Z,DOTUSDT,-0.00007767
2024-07-26T00:00:00Z,DOTUSDT,0.00006923
2024-07-26T08:00:00Z,DOTUSDT,0.0001
2024-07-26T16:00:00Z,DOTUSDT,0.0001
2024-07-27T00:00:00Z,DOTUSDT,0.0001
2024-07-27T08:00:00Z,DOTUSDT,0.0001
2024-07-27T16:00:00Z,DOTUSDT,0.0001
2024-07-28T00:00:00Z,DOTUSDT,0.00004569
2024-07-28T08:00:00Z,DOTUSDT,0.00005169
2024-07-28T16:00:00Z,DOTUSDT,0.00004851
2024-07-29T00:00:00Z,DOTUSDT,0.00001872
2024-07-29T08:00:00Z,DOTUSDT,0.0001
2024-07-29T16:00:00Z,DOTUSDT,0.0001
2024-07-30T00:00:00Z,DOTUSDT,0.00002775
2024-07-30T08:00:00Z,DOTUSDT,0.00006166
2024-07-30T16:00:00Z,DOTUSDT,0.00009841
2024-07-31T00:00:00Z,DOTUSDT,0.0001
2024-07-31T08:00:00Z,DOTUSDT,0.0001
2024-07-31T16:00:00Z,DOTUSDT,0.0001
2024-08-01T00:00:00Z,DOTUSDT,0.0000894
2024-08-01T08:00:00Z,DOTUSDT,0.0001
2024-08-01T16:00:00Z,DOTUSDT,0.0001
2024-08-02T00:00:00Z,DOTUSDT,-0.00005377
2024-08-02T08:00:00Z,DOTUSDT,0.00002863
2024-08-02T16:00:00Z,DOTUSDT,0.00002771
2024-08-03T00:00:00Z,DOTUSDT,0.0001
2024-08-03T08:00:00Z,DOTUSDT,0.00002305
2024-08-03T16:00:00Z,DOTUSDT,0.00008205
2024-08-04T00:00:00Z,DOTUSDT,-0.00005329
2024-08-04T08:00:00Z,DOTUSDT,0.0001
2024-08-04T16:00:00Z,DOTUSDT,-0.00000998
2024-08-05T00:00:00Z,DOTUSDT,-0.00002515
2024-08-05T08:00:00Z,DOTUSDT,-0.0001568
2024-08-05T16:00:00Z,DOTUSDT,-0.00016313
2024-08-06T00:00:00Z,DOTUSDT,-0.00011501
2024-08-06T08:00:00Z,DOTUSDT,-0.0002999
2024-08-06T16:00:00Z,DOTUSDT,-0.00022639
2024-08-07T00:00:00Z,DOTUSDT,-0.00041941
2024-08-07T08:00:00Z,DOTUSDT,-0.00027356
2024-08-07T16:00:00Z,DOTUSDT,-0.00024776
2024-08-08T00:00:00Z,DOTUSDT,-0.00031541
2024-08-08T08:00:00Z,DOTUSDT,-0.00026582
2024-08-08T16:00:00Z,DOTUSDT,-0.00013911
2024-08-09T00:00:00Z,DOTUSDT,-0.00011971
2024-08-09T08:00:00Z,DOTUSDT,-0.00033275
2024-08-09T16:00:00Z,DOTUSDT,-0.0000705
2024-08-10T00:00:00Z,DOTUSDT,0.0000148
2024-08-10T08:00:00Z,DOTUSDT,0.00000553
2024-08-10T16:00:00Z,DOTUSDT,-0.00014916
2024-08-11T00:00:00Z,DOTUSDT,-0.00024536
2024-08-11T08:00:00Z,DOTUSDT,-0.00000499
2024-08-11T16:00:00Z,DOTUSDT,-0.00010861
2024-08-12T00:00:00Z,DOTUSDT,-0.00009386
2024-08-12T08:00:00Z,DOTUSDT,-0.00001055
2024-08-12T16:00:00Z,DOTUSDT,-0.00002235
2024-08-13T00:00:00Z,DOTUSDT,-0.00015867
2024-08-13T08:00:00Z,DOTUSDT,-0.00009184
2024-08-13T16:00:00Z,DOTUSDT,-0.00025361
2024-08-14T00:00:00Z,DOTUSDT,0.00008542
2024-08-14T08:00:00Z,DOTUSDT,-0.0000076
2024-08-14T16:00:00Z,DOTUSDT,-0.00008577
2024-08-15T00:00:00Z,DOTUSDT,-0.00000136
2024-08-15T08:00:00Z,DOTUSDT,0.0001
2024-08-15T16:00:00Z,DOTUSDT,0.00000494
2024-08-16T00:00:00Z,DOTUSDT,-0.00000753
2024-08-16T08:00:00Z,DOTUSDT,0.00001982
2024-08-16T16:00:00Z,DOTUSDT,-0.00005131
2024-08-17T00:00:00Z,DOTUSDT,-0.00002122
2024-08-17T08:00:00Z,DOTUSDT,0.00006731
2024-08-17T16:00:00Z,DOTUSDT,-0.00008821
2024-08-18T00:00:00Z,DOTUSDT,0.00004685
2024-08-18T08:00:00Z,DOTUSDT,-0.00005662
2024-08-18T16:00:00Z,DOTUSDT,-0.00008962
2024-08-19T00:00:00Z,DOTUSDT,-0.00015834
2024-08-19T08:00:00Z,DOTUSDT,-0.0001165
2024-08-19T16:00:00Z,DOTUSDT,0.00001185
2024-08-20T00:00:00Z,DOTUSDT,-0.00002417
2024-08-20T08:00:00Z,DOTUSDT,-0.00010258
2024-08-20T16:00:00Z,DOTUSDT,-0.00004153
2024-08-21T00:00:00Z,DOTUSDT,0.0001
2024-08-21T08:00:00Z,DOTUSDT,0.0001
2024-08-21T16:00:00Z,DOTUSDT,0.0001
2024-08-22T00:00:00Z,DOTUSDT,0.0001
2024-08-22T08:00:00Z,DOTUSDT,0.0001
2024-08-22T16:00:00Z,DOTUSDT,0.0001
2024-08-23T00:00:00Z,DOTUSDT,0.0001
2024-08-23T08:00:00Z,DOTUSDT,0.0001
2024-08-23T16:00:00Z,DOTUSDT,0.00004285
2024-08-24T00:00:00Z,DOTUSDT,0.00006105
2024-08-24T08:00:00Z,DOTUSDT,0.00007253
2024-08-24T16:00:00Z,DOTUSDT,0.00004909
2024-08-25T00:00:00Z,DOTUSDT,0.0001
2024-08-25T08:00:00Z,DOTUSDT,0.00000464
2024-08-25T16:00:00Z,DOTUSDT,0.00008765
2024-08-26T00:00:00Z,DOTUSDT,0.0001
2024-08-26T08:00:00Z,DOTUSDT,0.0001
2024-08-26T16:00:00Z,DOTUSDT,0.0001
2024-08-27T00:00:00Z,DOTUSDT,-0.00006069
2024-08-27T08:00:00Z,DOTUSDT,-0.00005597
2024-08-27T16:00:00Z,DOTUSDT,0.0000621
2024-08-28T00:00:00Z,DOTUSDT,0.00001982
2024-08-28T08:00:00Z,DOTUSDT,-0.0000271
2024-08-28T16:00:00Z,DOTUSDT,-0.00002745
2024-08-29T00:00:00Z,DOTUSDT,0.00001954
2024-08-29T08:00:00Z,DOTUSDT,-0.00000933
2024-08-29T16:00:00Z,DOTUSDT,0.00000672
2024-08-30T00:00:00Z,DOTUSDT,0.00002771
2024-08-30T08:00:00Z,DOTUSDT,-0.00007643
2024-08-30T16:00:00Z,DOTUSDT,-0.00009878
2024-08-31T00:00:00Z,DOTUSDT,0.00004363
2024-08-31T08:00:00Z,DOTUSDT,-0.00008357
2024-08-31T16:00:00Z,DOTUSDT,0.00009788
2024-09-01T00:00:00Z,DOTUSDT,0.0001
2024-09-01T08:00:00Z,DOTUSDT,0.0001
2024-09-01T16:00:00Z,DOTUSDT,0.00005401
2024-09-02T00:00:00Z,DOTUSDT,-0.00005048
2024-09-02T08:00:00Z,DOTUSDT,-0.00007084
2024-09-02T16:00:00Z,DOTUSDT,0.00009574
2024-09-03T00:00:00Z,DOTUSDT,0.000096
2024-09-03T08:00:00Z,DOTUSDT,-0.00004432
2024-09-03T16:00:00Z,DOTUSDT,0.0001
2024-09-04T00:00:00Z,DOTUSDT,0.0001
2024-09-04T08:00:00Z,DOTUSDT,0.00000837
2024-09-04T16:00:00Z,DOTUSDT,-0.00000966
2024-09-05T00:00:00Z,DOTUSDT,0.00004014
2024-09-05T08:00:00Z,DOTUSDT,-0.00000014
2024-09-05T16:00:00Z,DOTUSDT,-0.00000784
2024-09-06T00:00:00Z,DOTUSDT,0.00001116
2024-09-06T08:00:00Z,DOTUSDT,0.00003532
2024-09-06T16:00:00Z,DOTUSDT,-0.00002404
2024-09-07T00:00:00Z,DOTUSDT,0.00000129
2024-09-07T08:00:00Z,DOTUSDT,0.00005559
2024-09-07T16:00:00Z,DOTUSDT,0.00002787
2024-09-08T00:00:00Z,DOTUSDT,0.0001
2024-09-08T08:00:00Z,DOTUSDT,0.00001212
2024-09-08T16:00:00Z,DOTUSDT,-0.00009157
2024-09-09T00:00:00Z,DOTUSDT,0.00004264
2024-09-09T08:00:00Z,DOTUSDT,0.00007011
2024-09-09T16:00:00Z,DOTUSDT,-0.00006299
2024-09-10T00:00:00Z,DOTUSDT,-0.00003297
2024-09-10T08:00:00Z,DOTUSDT,0.00005681
2024-09-10T16:00:00Z,DOTUSDT,0.00004529
2024-09-11T00:00:00Z,DOTUSDT,0.00008398
2024-09-11T08:00:00Z,DOTUSDT,0.00000239
2024-09-11T16:00:00Z,DOTUSDT,-0.00003992
2024-09-12T00:00:00Z,DOTUSDT,-0.00001594
2024-09-12T08:00:00Z,DOTUSDT,0.0001
2024-09-12T16:00:00Z,DOTUSDT,0.0001
2024-09-13T00:00:00Z,DOTUSDT,0.0001
2024-09-13T08:00:00Z,DOTUSDT,0.00009367
2024-09-13T16:00:00Z,DOTUSDT,-0.00000984
2024-09-14T00:00:00Z,DOTUSDT,-0.00005448
2024-09-14T08:00:00Z,DOTUSDT,0.00008691
2024-09-14T16:00:00Z,DOTUSDT,0.0001
2024-09-15T00:00:00Z,DOTUSDT,0.0001
2024-09-15T08:00:00Z,DOTUSDT,0.00009021
2024-09-15T16:00:00Z,DOTUSDT,0.00002213
2024-09-16T00:00:00Z,DOTUSDT,0.00000618
2024-09-16T08:00:00Z,DOTUSDT,0.0000775
2024-09-16T16:00:00Z,DOTUSDT,0.00006452
2024-09-17T00:00:00Z,DOTUSDT,0.00002766
2024-09-17T08:00:00Z,DOTUSDT,0.00003382
2024-09-17T16:00:00Z,DOTUSDT,-0.00005469
2024-09-18T00:00:00Z,DOTUSDT,-0.00008288
2024-09-18T08:00:00Z,DOTUSDT,-0.00008817
2024-09-18T16:00:00Z,DOTUSDT,-0.00002148
2024-09-19T00:00:00Z,DOTUSDT,0.00003664
2024-09-19T08:00:00Z,DOTUSDT,-0.00002057
2024-09-19T16:00:00Z,DOTUSDT,0.00004122
2024-09-20T00:00:00Z,DOTUSDT,0.0001
2024-09-20T08:00:00Z,DOTUSDT,0.0001
2024-09-20T16:00:00Z,DOTUSDT,0.0001
2024-09-21T00:00:00Z,DOTUSDT,0.00009002
2024-09-21T08:00:00Z,DOTUSDT,0.0001
2024-09-21T16:00:00Z,DOTUSDT,0.0001
2024-09-22T00:00:00Z,DOTUSDT,0.0001
2024-09-22T08:00:00Z,DOTUSDT,0.0001
2024-09-22T16:00:00Z,DOTUSDT,0.0001
2024-09-23T00:00:00Z,DOTUSDT,0.00005657
2024-09-23T08:00:00Z,DOTUSDT,0.00004983
2024-09-23T16:00:00Z,DOTUSDT,0.0001
2024-09-24T00:00:00Z,DOTUSDT,0.00009785
2024-09-24T08:00:00Z,DOTUSDT,0.0001
2024-09-24T16:00:00Z,DOTUSDT,0.0001
2024-09-25T00:00:00Z,DOTUSDT,0.00009307
2024-09-25T08:00:00Z,DOTUSDT,0.00009384
2024-09-25T16:00:00Z,DOTUSDT,0.0001
2024-09-26T00:00:00Z,DOTUSDT,0.00007852
2024-09-26T08:00:00Z,DOTUSDT,0.0001
2024-09-26T16:00:00Z,DOTUSDT,0.0001
2024-09-27T00:00:00Z,DOTUSDT,0.00009692
2024-09-27T08:00:00Z,DOTUSDT,0.0001
2024-09-27T16:00:00Z,DOTUSDT,0.00004269
2024-09-28T00:00:00Z,DOTUSDT,0.0000579
2024-09-28T08:00:00Z,DOTUSDT,0.0001
2024-09-28T16:00:00Z,DOTUSDT,0.0001
2024-09-29T00:00:00Z,DOTUSDT,0.0001
2024-09-29T08:00:00Z,DOTUSDT,0.0001
2024-09-29T16:00:00Z,DOTUSDT,0.0001
2024-09-30T00:00:00Z,DOTUSDT,0.0001
2024-09-30T08:00:00Z,DOTUSDT,0.0001
2024-09-30T16:00:00Z,DOTUSDT,0.0001
2024-10-01T00:00:00Z,DOTUSDT,0.0001
2024-10-01T08:00:00Z,DOTUSDT,0.00007576
2024-10-01T16:00:00Z,DOTUSDT,0.0001
2024-10-02T00:00:00Z,DOTUSDT,-0.00000522
2024-10-02T08:00:00Z,DOTUSDT,0.0000128
2024-10-02T16:00:00Z,DOTUSDT,-0.00000739
2024-10-03T00:00:00Z,DOTUSDT,0.00006244
2024-10-03T08:00:00Z,DOTUSDT,-0.000042
2024-10-03T16:00:00Z,DOTUSDT,0.00008544
2024-10-04T00:00:00Z,DOTUSDT,0.00002073
2024-10-04T08:00:00Z,DOTUSDT,0.0001
2024-10-04T16:00:00Z,DOTUSDT,0.00009357
2024-10-05T00:00:00Z,DOTUSDT,0.00003579
2024-10-05T08:00:00Z,DOTUSDT,0.0001
2024-10-05T16:00:00Z,DOTUSDT,0.0001
2024-10-06T00:00:00Z,DOTUSDT,0.0001
2024-10-06T08:00:00Z,DOTUSDT,0.00007449
2024-10-06T16:00:00Z,DOTUSDT,0.0001
2024-10-07T00:00:00Z,DOTUSDT,0.00008186
2024-10-07T08:00:00Z,DOTUSDT,0.0001
2024-10-07T16:00:00Z,DOTUSDT,0.0001
2024-10-08T00:00:00Z,DOTUSDT,0.0001
2024-10-08T08:00:00Z,DOTUSDT,0.00002436
2024-10-08T16:00:00Z,DOTUSDT,0.00005339
2024-10-09T00:00:00Z,DOTUSDT,0.0001
2024-10-09T08:00:00Z,DOTUSDT,0.0001
2024-10-09T16:00:00Z,DOTUSDT,0.00008862
2024-10-10T00:00:00Z,DOTUSDT,0.00002213
2024-10-10T08:00:00Z,DOTUSDT,-0.00002624
2024-10-10T16:00:00Z,DOTUSDT,-0.0000149
2024-10-11T00:00:00Z,DOTUSDT,0.00005969
2024-10-11T08:00:00Z,DOTUSDT,-0.00001596
2024-10-11T16:00:00Z,DOTUSDT,0.00009766
2024-10-12T00:00:00Z,DOTUSDT,0.0001
2024-10-12T08:00:00Z,DOTUSDT,0.0001
2024-10-12T16:00:00Z,DOTUSDT,0.0001
2024-10-13T00:00:00Z,DOTUSDT,0.00001818
2024-10-13T08:00:00Z,DOTUSDT,0.0001
2024-10-13T16:00:00Z,DOTUSDT,0.0001
2024-10-14T00:00:00Z,DOTUSDT,0.0001
2024-10-14T08:00:00Z,DOTUSDT,0.0001
2024-10-14T16:00:00Z,DOTUSDT,0.0001
2024-10-15T00:00:00Z,DOTUSDT,0.0001
2024-10-15T08:00:00Z,DOTUSDT,0.0001
2024-10-15T16:00:00Z,DOTUSDT,0.0001
2024-10-16T00:00:00Z,DOTUSDT,0.0001
2024-10-16T08:00:00Z,DOTUSDT,0.0001
2024-10-16T16:00:00Z,DOTUSDT,0.0001
2024-10-17T00:00:00Z,DOTUSDT,0.0001
2024-10-17T08:00:00Z,DOTUSDT,0.0001
2024-10-17T16:00:00Z,DOTUSDT,0.00006931
2024-10-18T00:00:00Z,DOTUSDT,0.0001
2024-10-18T08:00:00Z,DOTUSDT,0.0001
2024-10-18T16:00:00Z,DOTUSDT,0.00001428
2024-10-19T00:00:00Z,DOTUSDT,0.0001
2024-10-19T08:00:00Z,DOTUSDT,0.0001
2024-10-19T16:00:00Z,DOTUSDT,0.0001
2024-10-20T00:00:00Z,DOTUSDT,0.0001
2024-10-20T08:00:00Z,DOTUSDT,0.00008101
2024-10-20T16:00:00Z,DOTUSDT,0.0001
2024-10-21T00:00:00Z,DOTUSDT,0.0001
2024-10-21T08:00:00Z,DOTUSDT,0.0001
2024-10-21T16:00:00Z,DOTUSDT,0.0001
2024-10-22T00:00:00Z,DOTUSDT,0.0001
2024-10-22T08:00:00Z,DOTUSDT,0.0001
2024-10-22T16:00:00Z,DOTUSDT,0.0001
2024-10-23T00:00:00Z,DOTUSDT,0.0001
2024-10-23T08:00:00Z,DOTUSDT,0.0001
2024-10-23T16:00:00Z,DOTUSDT,0.00005897
2024-10-24T00:00:00Z,DOTUSDT,0.00009565
2024-10-24T08:00:00Z,DOTUSDT,0.0001
2024-10-24T16:00:00Z,DOTUSDT,0.0001
2024-10-25T00:00:00Z,DOTUSDT,0.0001
2024-10-25T08:00:00Z,DOTUSDT,0.0001
2024-10-25T16:00:00Z,DOTUSDT,0.0001
2024-10-26T00:00:00Z,DOTUSDT,0.00004324
2024-10-26T08:00:00Z,DOTUSDT,0.00005216
2024-10-26T16:00:00Z,DOTUSDT,0.00009131
2024-10-27T00:00:00Z,DOTUSDT,0.0001
2024-10-27T08:00:00Z,DOTUSDT,0.0001
2024-10-27T16:00:00Z,DOTUSDT,0.00006379
2024-10-28T00:00:00Z,DOTUSDT,0.00004002
2024-10-28T08:00:00Z,DOTUSDT,0.00001118
2024-10-28T16:00:00Z,DOTUSDT,0.00004135
2024-10-29T00:00:00Z,DOTUSDT,0.0001
2024-10-29T08:00:00Z,DOTUSDT,0.0001
2024-10-29T16:00:00Z,DOTUSDT,0.0001
2024-10-30T00:00:00Z,DOTUSDT,0.0001
2024-10-30T08:00:00Z,DOTUSDT,0.0001
2024-10-30T16:00:00Z,DOTUSDT,0.0001
2024-10-31T00:00:00Z,DOTUSDT,0.0001
2024-10-31T08:00:00Z,DOTUSDT,0.0001
2024-10-31T16:00:00Z,DOTUSDT,0.0001
2024-11-01T00:00:00Z,DOTUSDT,0.0001
2024-11-01T08:00:00Z,DOTUSDT,0.0001
2024-11-01T16:00:00Z,DOTUSDT,0.0001
2024-11-02T00:00:00Z,DOTUSDT,0.0001
2024-11-02T08:00:00Z,DOTUSDT,0.0001
2024-11-02T16:00:00Z,DOTUSDT,0.0001
2024-11-03T00:00:00Z,DOTUSDT,0.0001
2024-11-03T08:00:00Z,DOTUSDT,0.00009892
2024-11-03T16:00:00Z,DOTUSDT,0.00007399
2024-11-04T00:00:00Z,DOTUSDT,0.00008044
2024-11-04T08:00:00Z,DOTUSDT,0.00002933
2024-11-04T16:00:00Z,DOTUSDT,0.0001
2024-11-05T00:00:00Z,DOTUSDT,0.0001
2024-11-05T08:00:00Z,DOTUSDT,0.0001
2024-11-05T16:00:00Z,DOTUSDT,0.0001
2024-11-06T00:00:00Z,DOTUSDT,0.0001
2024-11-06T08:00:00Z,DOTUSDT,0.0001
2024-11-06T16:00:00Z,DOTUSDT,0.0001
2024-11-07T00:00:00Z,DOTUSDT,0.0001
2024-11-07T08:00:00Z,DOTUSDT,0.0001
2024-11-07T16:00:00Z,DOTUSDT,0.0001
2024-11-08T00:00:00Z,DOTUSDT,0.0001
2024-11-08T08:00:00Z,DOTUSDT,0.0001
2024-11-08T16:00:00Z,DOTUSDT,0.0001
2024-11-09T00:00:00Z,DOTUSDT,0.0001
2024-11-09T08:00:00Z,DOTUSDT,0.0001
2024-11-09T16:00:00Z,DOTUSDT,0.0001
2024-11-10T00:00:00Z,DOTUSDT,0.0001
2024-11-10T08:00:00Z,DOTUSDT,0.00014577
2024-11-10T16:00:00Z,DOTUSDT,0.00010254
2024-11-11T00:00:00Z,DOTUSDT,0.0001
2024-11-11T08:00:00Z,DOTUSDT,0.0001
2024-11-11T16:00:00Z,DOTUSDT,0.0001
2024-11-12T00:00:00Z,DOTUSDT,0.0001
2024-11-12T08:00:00Z,DOTUSDT,0.00031672
2024-11-12T16:00:00Z,DOTUSDT,0.00042713
2024-11-13T00:00:00Z,DOTUSDT,0.00011492
2024-11-13T08:00:00Z,DOTUSDT,0.0001
2024-11-13T16:00:00Z,DOTUSDT,0.0001
2024-11-14T00:00:00Z,DOTUSDT,0.0001
2024-11-14T08:00:00Z,DOTUSDT,0.0001
2024-11-14T16:00:00Z,DOTUSDT,0.0001
2024-11-15T00:00:00Z,DOTUSDT,0.0001
2024-11-15T08:00:00Z,DOTUSDT,0.0001
2024-11-15T16:00:00Z,DOTUSDT,0.0001
2024-11-16T00:00:00Z,DOTUSDT,0.0001
2024-11-16T08:00:00Z,DOTUSDT,0.0001
2024-11-16T16:00:00Z,DOTUSDT,0.00012413
2024-11-17T00:00:00Z,DOTUSDT,0.00016546
2024-11-17T08:00:00Z,DOTUSDT,0.0001
2024-11-17T16:00:00Z,DOTUSDT,0.0001
2024-11-18T00:00:00Z,DOTUSDT,0.0001
2024-11-18T08:00:00Z,DOTUSDT,0.00028095
2024-11-18T16:00:00Z,DOTUSDT,0.00014779
2024-11-19T00:00:00Z,DOTUSDT,0.0001
2024-11-19T08:00:00Z,DOTUSDT,0.00021732
2024-11-19T16:00:00Z,DOTUSDT,0.00013438
2024-11-20T00:00:00Z,DOTUSDT,0.0001
2024-11-20T08:00:00Z,DOTUSDT,0.00015186
2024-11-20T16:00:00Z,DOTUSDT,0.0001
2024-11-21T00:00:00Z,DOTUSDT,0.0001
2024-11-21T08:00:00Z,DOTUSDT,0.0001
2024-11-21T16:00:00Z,DOTUSDT,0.0001
2024-11-22T00:00:00Z,DOTUSDT,0.00023139
2024-11-22T08:00:00Z,DOTUSDT,0.00042897
2024-11-22T16:00:00Z,DOTUSDT,0.00029657
2024-11-23T00:00:00Z,DOTUSDT,0.00019731
2024-11-23T08:00:00Z,DOTUSDT,0.00018398
2024-11-23T16:00:00Z,DOTUSDT,0.00014454
2024-11-24T00:00:00Z,DOTUSDT,0.00033885
2024-11-24T08:00:00Z,DOTUSDT,0.00022958
2024-11-24T16:00:00Z,DOTUSDT,0.00020079
2024-11-25T00:00:00Z,DOTUSDT,0.0001
2024-11-25T08:00:00Z,DOTUSDT,0.0001
2024-11-25T16:00:00Z,DOTUSDT,0.00024694
2024-11-26T00:00:00Z,DOTUSDT,0.00018393
2024-11-26T08:00:00Z,DOTUSDT,0.00023911
2024-11-26T16:00:00Z,DOTUSDT,0.0001
2024-11-27T00:00:00Z,DOTUSDT,0.0001
2024-11-27T08:00:00Z,DOTUSDT,0.0001
2024-11-27T16:00:00Z,DOTUSDT,0.0001
2024-11-28T00:00:00Z,DOTUSDT,0.0001
2024-11-28T08:00:00Z,DOTUSDT,0.0001
2024-11-28T16:00:00Z,DOTUSDT,0.0001
2024-11-29T00:00:00Z,DOTUSDT,0.00012784
2024-11-29T08:00:00Z,DOTUSDT,0.00019096
2024-11-29T16:00:00Z,DOTUSDT,0.00013119
2024-11-30T00:00:00Z,DOTUSDT,0.00031611
2024-11-30T08:00:00Z,DOTUSDT,0.00018152
2024-11-30T16:00:00Z,DOTUSDT,0.00038175
2024-12-01T00:00:00Z,DOTUSDT,0.00047654
2024-12-01T08:00:00Z,DOTUSDT,0.00036412
2024-12-01T16:00:00Z,DOTUSDT,0.00052664
2024-12-02T00:00:00Z,DOTUSDT,0.00050534
2024-12-02T08:00:00Z,DOTUSDT,0.00027241
2024-12-02T16:00:00Z,DOTUSDT,0.00020284
2024-12-03T00:00:00Z,DOTUSDT,0.00038456
2024-12-03T08:00:00Z,DOTUSDT,0.00069836
2024-12-03T16:00:00Z,DOTUSDT,0.00040221
2024-12-04T00:00:00Z,DOTUSDT,0.00020344
2024-12-04T08:00:00Z,DOTUSDT,0.0004555
2024-12-04T16:00:00Z,DOTUSDT,0.00061001
2024-12-05T00:00:00Z,DOTUSDT,0.00049191
2024-12-05T08:00:00Z,DOTUSDT,0.00066134
2024-12-05T16:00:00Z,DOTUSDT,0.00068236
2024-12-06T00:00:00Z,DOTUSDT,0.00059784
2024-12-06T08:00:00Z,DOTUSDT,0.00066708
2024-12-06T16:00:00Z,DOTUSDT,0.00040949
2024-12-07T00:00:00Z,DOTUSDT,0.00045963
2024-12-07T08:00:00Z,DOTUSDT,0.00051095
2024-12-07T16:00:00Z,DOTUSDT,0.00057519
2024-12-08T00:00:00Z,DOTUSDT,0.0007194
2024-12-08T08:00:00Z,DOTUSDT,0.0003803
2024-12-08T16:00:00Z,DOTUSDT,0.00035429
2024-12-09T00:00:00Z,DOTUSDT,0.00048438
2024-12-09T08:00:00Z,DOTUSDT,0.00032142
2024-12-09T16:00:00Z,DOTUSDT,0.00017389
2024-12-10T00:00:00Z,DOTUSDT,0.0001
2024-12-10T08:00:00Z,DOTUSDT,0.0001
2024-12-10T16:00:00Z,DOTUSDT,0.0001
2024-12-11T00:00:00Z,DOTUSDT,0.0001
2024-12-11T08:00:00Z,DOTUSDT,0.0001
2024-12-11T16:00:00Z,DOTUSDT,0.00005392
2024-12-12T00:00:00Z,DOTUSDT,0.0001
2024-12-12T08:00:00Z,DOTUSDT,0.0001
2024-12-12T16:00:00Z,DOTUSDT,0.0001
2024-12-13T00:00:00Z,DOTUSDT,0.0001
2024-12-13T08:00:00Z,DOTUSDT,0.0001
2024-12-13T16:00:00Z,DOTUSDT,0.0001
2024-12-14T00:00:00Z,DOTUSDT,0.0001
2024-12-14T08:00:00Z,DOTUSDT,0.0001
2024-12-14T16:00:00Z,DOTUSDT,0.0001
2024-12-15T00:00:00Z,DOTUSDT,0.0001
2024-12-15T08:00:00Z,DOTUSDT,0.0001
2024-12-15T16:00:00Z,DOTUSDT,0.0001
2024-12-16T00:00:00Z,DOTUSDT,0.0001
2024-12-16T08:00:00Z,DOTUSDT,0.0001
2024-12-16T16:00:00Z,DOTUSDT,0.0001
2024-12-17T00:00:00Z,DOTUSDT,0.0001
2024-12-17T08:00:00Z,DOTUSDT,0.0001
2024-12-17T16:00:00Z,DOTUSDT,0.0001
2024-12-18T00:00:00Z,DOTUSDT,0.0001
2024-12-18T08:00:00Z,DOTUSDT,0.0001
2024-12-18T16:00:00Z,DOTUSDT,0.0001
2024-12-19T00:00:00Z,DOTUSDT,0.0001
2024-12-19T08:00:00Z,DOTUSDT,0.0001
2024-12-19T16:00:00Z,DOTUSDT,0.0001
2024-12-20T00:00:00Z,DOTUSDT,0.0001
2024-12-20T08:00:00Z,DOTUSDT,0.0001
2024-12-20T16:00:00Z,DOTUSDT,0.0001
2024-12-21T00:00:00Z,DOTUSDT,-0.00004085
2024-12-21T08:00:00Z,DOTUSDT,0.00002782
2024-12-21T16:00:00Z,DOTUSDT,0.0001
2024-12-22T00:00:00Z,DOTUSDT,0.0001
2024-12-22T08:00:00Z,DOTUSDT,0.0001
2024-12-22T16:00:00Z,DOTUSDT,0.0001
2024-12-23T00:00:00Z,DOTUSDT,0.0001
2024-12-23T08:00:00Z,DOTUSDT,0.0001
2024-12-23T16:00:00Z,DOTUSDT,0.000072
2024-12-24T00:00:00Z,DOTUSDT,0.0001
2024-12-24T08:00:00Z,DOTUSDT,0.0001
2024-12-24T16:00:00Z,DOTUSDT,0.0001
2024-12-25T00:00:00Z,DOTUSDT,0.0001
2024-12-25T08:00:00Z,DOTUSDT,0.0001
2024-12-25T16:00:00Z,DOTUSDT,0.0001
2024-12-26T00:00:00Z,DOTUSDT,0.0001
2024-12-26T08:00:00Z,DOTUSDT,0.0001
2024-12-26T16:00:00Z,DOTUSDT,0.00009804
2024-12-27T00:00:00Z,DOTUSDT,0.00008425
2024-12-27T08:00:00Z,DOTUSDT,0.0001
2024-12-27T16:00:00Z,DOTUSDT,0.0001
2024-12-28T00:00:00Z,DOTUSDT,-0.00006286
2024-12-28T08:00:00Z,DOTUSDT,-0.00008975
2024-12-28T16:00:00Z,DOTUSDT,-0.00000001
2024-12-29T00:00:00Z,DOTUSDT,0.0001
2024-12-29T08:00:00Z,DOTUSDT,0.0001
2024-12-29T16:00:00Z,DOTUSDT,0.00004999
2024-12-30T00:00:00Z,DOTUSDT,-0.00005245
2024-12-30T08:00:00Z,DOTUSDT,-0.00001366
2024-12-30T16:00:00Z,DOTUSDT,0.00002326
2024-12-31T00:00:00Z,DOTUSDT,0.0001
2024-12-31T08:00:00Z,DOTUSDT,0.0001
2024-12-31T16:00:00Z,DOTUSDT,0.0001
2025-01-01T00:00:00Z,DOTUSDT,0.0001
2025-01-01T08:00:00Z,DOTUSDT,0.0001
2025-01-01T16:00:00Z,DOTUSDT,0.0001
2025-01-02T00:00:00Z,DOTUSDT,0.0001
2025-01-02T08:00:00Z,DOTUSDT,0.0001
2025-01-02T16:00:00Z,DOTUSDT,0.0001
2025-01-03T00:00:00Z,DOTUSDT,0.0001
2025-01-03T08:00:00Z,DOTUSDT,0.0001
2025-01-03T16:00:00Z,DOTUSDT,0.0001
2025-01-04T00:00:00Z,DOTUSDT,0.0001
2025-01-04T08:00:00Z,DOTUSDT,0.0001
2025-01-04T16:00:00Z,DOTUSDT,0.0001
2025-01-05T00:00:00Z,DOTUSDT,0.0001
2025-01-05T08:00:00Z,DOTUSDT,0.0001
2025-01-05T16:00:00Z,DOTUSDT,0.0001
2025-01-06T00:00:00Z,DOTUSDT,0.0001
2025-01-06T08:00:00Z,DOTUSDT,0.0001
2025-01-06T16:00:00Z,DOTUSDT,0.0001
2025-01-07T00:00:00Z,DOTUSDT,0.0001
2025-01-07T08:00:00Z,DOTUSDT,0.0001
2025-01-07T16:00:00Z,DOTUSDT,0.0001
2025-01-08T00:00:00Z,DOTUSDT,0.0001
2025-01-08T08:00:00Z,DOTUSDT,0.0001
2025-01-08T16:00:00Z,DOTUSDT,0.0001
2025-01-09T00:00:00Z,DOTUSDT,0.00007562
2025-01-09T08:00:00Z,DOTUSDT,0.0001
2025-01-09T16:00:00Z,DOTUSDT,-0.0000197
2025-01-10T00:00:00Z,DOTUSDT,0.0001
2025-01-10T08:00:00Z,DOTUSDT,0.00005939
2025-01-10T16:00:00Z,DOTUSDT,0.00003776
2025-01-11T00:00:00Z,DOTUSDT,0.00006958
2025-01-11T08:00:00Z,DOTUSDT,0.0001
2025-01-11T16:00:00Z,DOTUSDT,0.0001
2025-01-12T00:00:00Z,DOTUSDT,0.0001
2025-01-12T08:00:00Z,DOTUSDT,0.00009365
2025-01-12T16:00:00Z,DOTUSDT,0.0001
2025-01-13T00:00:00Z,DOTUSDT,0.00007265
2025-01-13T08:00:00Z,DOTUSDT,-0.00000183
2025-01-13T16:00:00Z,DOTUSDT,0.00008357
2025-01-14T00:00:00Z,DOTUSDT,0.0000731
2025-01-14T08:00:00Z,DOTUSDT,0.0001
2025-01-14T16:00:00Z,DOTUSDT,-0.00000308
2025-01-15T00:00:00Z,DOTUSDT,0.0001
2025-01-15T08:00:00Z,DOTUSDT,0.0001
2025-01-15T16:00:00Z,DOTUSDT,0.0001
2025-01-16T00:00:00Z,DOTUSDT,0.0001
2025-01-16T08:00:00Z,DOTUSDT,0.0001
2025-01-16T16:00:00Z,DOTUSDT,0.0001
2025-01-17T00:00:00Z,DOTUSDT,0.0001
2025-01-17T08:00:00Z,DOTUSDT,0.0001
2025-01-17T16:00:00Z,DOTUSDT,0.0001
2025-01-18T00:00:00Z,DOTUSDT,0.0001
2025-01-18T08:00:00Z,DOTUSDT,0.0001
2025-01-18T16:00:00Z,DOTUSDT,0.0001
2025-01-19T00:00:00Z,DOTUSDT,0.0001
2025-01-19T08:00:00Z,DOTUSDT,0.0001
2025-01-19T16:00:00Z,DOTUSDT,0.0001
2025-01-20T00:00:00Z,DOTUSDT,0.0001
2025-01-20T08:00:00Z,DOTUSDT,0.0001
2025-01-20T16:00:00Z,DOTUSDT,0.0001
2025-01-21T00:00:00Z,DOTUSDT,0.0001
2025-01-21T08:00:00Z,DOTUSDT,0.0001
2025-01-21T16:00:00Z,DOTUSDT,0.0001
2025-01-22T00:00:00Z,DOTUSDT,0.0001
2025-01-22T08:00:00Z,DOTUSDT,0.0001
2025-01-22T16:00:00Z,DOTUSDT,0.0001
2025-01-23T00:00:00Z,DOTUSDT,0.0001
2025-01-23T08:00:00Z,DOTUSDT,0.0001
2025-01-23T16:00:00Z,DOTUSDT,0.0001
2025-01-24T00:00:00Z,DOTUSDT,0.0001
2025-01-24T08:00:00Z,DOTUSDT,0.0001
2025-01-24T16:00:00Z,DOTUSDT,0.0001
2025-01-25T00:00:00Z,DOTUSDT,0.0001
2025-01-25T08:00:00Z,DOTUSDT,0.0001
2025-01-25T16:00:00Z,DOTUSDT,0.0001
2025-01-26T00:00:00Z,DOTUSDT,0.0001
2025-01-26T08:00:00Z,DOTUSDT,0.0001
2025-01-26T16:00:00Z,DOTUSDT,0.0001
2025-01-27T00:00:00Z,DOTUSDT,0.0001
2025-01-27T08:00:00Z,DOTUSDT,-0.00007126
2025-01-27T16:00:00Z,DOTUSDT,0.00007219
2025-01-28T00:00:00Z,DOTUSDT,0.0001
2025-01-28T08:00:00Z,DOTUSDT,-0.00006231
2025-01-28T16:00:00Z,DOTUSDT,-0.00001383
2025-01-29T00:00:00Z,DOTUSDT,0.0001
2025-01-29T08:00:00Z,DOTUSDT,0.0001
2025-01-29T16:00:00Z,DOTUSDT,0.00002851
2025-01-30T00:00:00Z,DOTUSDT,0.00002448
2025-01-30T08:00:00Z,DOTUSDT,0.00003966
2025-01-30T16:00:00Z,DOTUSDT,0.00007722
2025-01-31T00:00:00Z,DOTUSDT,0.0001
2025-01-31T08:00:00Z,DOTUSDT,0.0001
2025-01-31T16:00:00Z,DOTUSDT,0.0001
2025-02-01T00:00:00Z,DOTUSDT,0.0001
2025-02-01T08:00:00Z,DOTUSDT,0.0001
2025-02-01T16:00:00Z,DOTUSDT,0.0001
2025-02-02T00:00:00Z,DOTUSDT,0.00006462
2025-02-02T08:00:00Z,DOTUSDT,-0.00003706
2025-02-02T16:00:00Z,DOTUSDT,0.00000769
2025-02-03T00:00:00Z,DOTUSDT,-0.00027609
2025-02-03T08:00:00Z,DOTUSDT,-0.00049402
2025-02-03T16:00:00Z,DOTUSDT,-0.00008439
2025-02-04T00:00:00Z,DOTUSDT,0.00001049
2025-02-04T08:00:00Z,DOTUSDT,0.00003844
2025-02-04T16:00:00Z,DOTUSDT,-0.00002576
2025-02-05T00:00:00Z,DOTUSDT,-0.00003118
2025-02-05T08:00:00Z,DOTUSDT,0.00005548
2025-02-05T16:00:00Z,DOTUSDT,-0.0000217
2025-02-06T00:00:00Z,DOTUSDT,0.00003041
2025-02-06T08:00:00Z,DOTUSDT,0.0001
2025-02-06T16:00:00Z,DOTUSDT,-0.00004708
2025-02-07T00:00:00Z,DOTUSDT,-0.00010849
2025-02-07T08:00:00Z,DOTUSDT,-0.00011627
2025-02-07T16:00:00Z,DOTUSDT,0.00005835
2025-02-08T00:00:00Z,DOTUSDT,0.00002046
2025-02-08T08:00:00Z,DOTUSDT,-0.00001118
2025-02-08T16:00:00Z,DOTUSDT,0.00008453
2025-02-09T00:00:00Z,DOTUSDT,0.0001
2025-02-09T08:00:00Z,DOTUSDT,0.0001
2025-02-09T16:00:00Z,DOTUSDT,0.0001
2025-02-10T00:00:00Z,DOTUSDT,0.00008516
2025-02-10T08:00:00Z,DOTUSDT,0.00009235
2025-02-10T16:00:00Z,DOTUSDT,0.0000698
2025-02-11T00:00:00Z,DOTUSDT,0.0001
2025-02-11T08:00:00Z,DOTUSDT,0.00004317
2025-02-11T16:00:00Z,DOTUSDT,0.00005514
2025-02-12T00:00:00Z,DOTUSDT,0.00004979
2025-02-12T08:00:00Z,DOTUSDT,-0.00012602
2025-02-12T16:00:00Z,DOTUSDT,-0.00000745
2025-02-13T00:00:00Z,DOTUSDT,0.0001
2025-02-13T08:00:00Z,DOTUSDT,-0.00003478
2025-02-13T16:00:00Z,DOTUSDT,-0.00008446
2025-02-14T00:00:00Z,DOTUSDT,-0.00001753
2025-02-14T08:00:00Z,DOTUSDT,-0.00000244
2025-02-14T16:00:00Z,DOTUSDT,-0.00000602
2025-02-15T00:00:00Z,DOTUSDT,-0.00004758
2025-02-15T08:00:00Z,DOTUSDT,-0.00004679
2025-02-15T16:00:00Z,DOTUSDT,-0.00012459
2025-02-16T00:00:00Z,DOTUSDT,0.0001
2025-02-16T08:00:00Z,DOTUSDT,0.00005062
2025-02-16T16:00:00Z,DOTUSDT,0.00007564
2025-02-17T00:00:00Z,DOTUSDT,-0.00000059
2025-02-17T08:00:00Z,DOTUSDT,-0.00001184
2025-02-17T16:00:00Z,DOTUSDT,0.00009786
2025-02-18T00:00:00Z,DOTUSDT,0.00002821
2025-02-18T08:00:00Z,DOTUSDT,0.00000437
2025-02-18T16:00:00Z,DOTUSDT,0.00007425
2025-02-19T00:00:00Z,DOTUSDT,0.00007117
2025-02-19T08:00:00Z,DOTUSDT,0.0001
2025-02-19T16:00:00Z,DOTUSDT,0.00000232
2025-02-20T00:00:00Z,DOTUSDT,0.00007363
2025-02-20T08:00:00Z,DOTUSDT,0.0000882
2025-02-20T16:00:00Z,DOTUSDT,-0.00001512
2025-02-21T00:00:00Z,DOTUSDT,0.00005915
2025-02-21T08:00:00Z,DOTUSDT,0.0001
2025-02-21T16:00:00Z,DOTUSDT,0.00002202
2025-02-22T00:00:00Z,DOTUSDT,0.0001
2025-02-22T08:00:00Z,DOTUSDT,0.0001
2025-02-22T16:00:00Z,DOTUSDT,0.0001
2025-02-23T00:00:00Z,DOTUSDT,0.0001
2025-02-23T08:00:00Z,DOTUSDT,0.0001
2025-02-23T16:00:00Z,DOTUSDT,0.0001
2025-02-24T00:00:00Z,DOTUSDT,0.0001
2025-02-24T08:00:00Z,DOTUSDT,0.0001
2025-02-24T16:00:00Z,DOTUSDT,0.0001
2025-02-25T00:00:00Z,DOTUSDT,0.0001
2025-02-25T08:00:00Z,DOTUSDT,-0.00002113
2025-02-25T16:00:00Z,DOTUSDT,-0.00005739
2025-02-26T00:00:00Z,DOTUSDT,0.0001
2025-02-26T08:00:00Z,DOTUSDT,0.0001
2025-02-26T16:00:00Z,DOTUSDT,0.0001
2025-02-27T00:00:00Z,DOTUSDT,0.0001
2025-02-27T08:00:00Z,DOTUSDT,0.0001
2025-02-27T16:00:00Z,DOTUSDT,0.0001
2025-02-28T00:00:00Z,DOTUSDT,0.0001
2025-02-28T08:00:00Z,DOTUSDT,0.00009349
2025-02-28T16:00:00Z,DOTUSDT,-0.00001505
2025-03-01T00:00:00Z,DOTUSDT,0.0001
2025-03-01T08:00:00Z,DOTUSDT,-0.00024614
2025-03-01T16:00:00Z,DOTUSDT,-0.0002149
2025-03-02T00:00:00Z,DOTUSDT,0.00006465
2025-03-02T08:00:00Z,DOTUSDT,0.0001
2025-03-02T16:00:00Z,DOTUSDT,0.00002493
2025-03-03T00:00:00Z,DOTUSDT,0.0001
2025-03-03T08:00:00Z,DOTUSDT,0.0001
2025-03-03T16:00:00Z,DOTUSDT,0.0001
2025-03-04T00:00:00Z,DOTUSDT,0.00002226
2025-03-04T08:00:00Z,DOTUSDT,-0.00007535
2025-03-04T16:00:00Z,DOTUSDT,-0.00011056
2025-03-05T00:00:00Z,DOTUSDT,-0.00014749
2025-03-05T08:00:00Z,DOTUSDT,-0.00004467
2025-03-05T16:00:00Z,DOTUSDT,0.00000932
2025-03-06T00:00:00Z,DOTUSDT,0.00005104
2025-03-06T08:00:00Z,DOTUSDT,0.00002222
2025-03-06T16:00:00Z,DOTUSDT,0.0001
2025-03-07T00:00:00Z,DOTUSDT,-0.00009772
2025-03-07T08:00:00Z,DOTUSDT,0.0001
2025-03-07T16:00:00Z,DOTUSDT,0.0001
2025-03-08T00:00:00Z,DOTUSDT,0.0001
2025-03-08T08:00:00Z,DOTUSDT,-0.00010742
2025-03-08T16:00:00Z,DOTUSDT,-0.00030929
2025-03-09T00:00:00Z,DOTUSDT,-0.00007527
2025-03-09T08:00:00Z,DOTUSDT,-0.00022089
2025-03-09T16:00:00Z,DOTUSDT,-0.00015784
2025-03-10T00:00:00Z,DOTUSDT,-0.0001271
2025-03-10T08:00:00Z,DOTUSDT,-0.00014614
2025-03-10T16:00:00Z,DOTUSDT,0.0000512
2025-03-11T00:00:00Z,DOTUSDT,-0.00014936
2025-03-11T08:00:00Z,DOTUSDT,-0.00025569
2025-03-11T16:00:00Z,DOTUSDT,-0.00000463
2025-03-12T00:00:00Z,DOTUSDT,-0.00000103
2025-03-12T08:00:00Z,DOTUSDT,-0.0000566
2025-03-12T16:00:00Z,DOTUSDT,0.0001
2025-03-13T00:00:00Z,DOTUSDT,0.0001
2025-03-13T08:00:00Z,DOTUSDT,-0.00019486
2025-03-13T16:00:00Z,DOTUSDT,0.00009593
2025-03-14T00:00:00Z,DOTUSDT,-0.00001259
2025-03-14T08:00:00Z,DOTUSDT,0.00007193
2025-03-14T16:00:00Z,DOTUSDT,0.0001
2025-03-15T00:00:00Z,DOTUSDT,0.0001
2025-03-15T08:00:00Z,DOTUSDT,0.0001
2025-03-15T16:00:00Z,DOTUSDT,-0.00000338
2025-03-16T00:00:00Z,DOTUSDT,0.0000736
2025-03-16T08:00:00Z,DOTUSDT,0.00004173
2025-03-16T16:00:00Z,DOTUSDT,0.0000786
2025-03-17T00:00:00Z,DOTUSDT,0.0000196
2025-03-17T08:00:00Z,DOTUSDT,0.00003235
2025-03-17T16:00:00Z,DOTUSDT,0.00001018
2025-03-18T00:00:00Z,DOTUSDT,-0.00009437
2025-03-18T08:00:00Z,DOTUSDT,0.00001938
2025-03-18T16:00:00Z,DOTUSDT,0.00007238
2025-03-19T00:00:00Z,DOTUSDT,0.0001
2025-03-19T08:00:00Z,DOTUSDT,0.0001
2025-03-19T16:00:00Z,DOTUSDT,0.00006525
2025-03-20T00:00:00Z,DOTUSDT,-0.00013109
2025-03-20T08:00:00Z,DOTUSDT,-0.00007895
2025-03-20T16:00:00Z,DOTUSDT,0.00001803
2025-03-21T00:00:00Z,DOTUSDT,-0.00024689
2025-03-21T08:00:00Z,DOTUSDT,0.00004694
2025-03-21T16:00:00Z,DOTUSDT,0.0001
2025-03-22T00:00:00Z,DOTUSDT,0.00005169
2025-03-22T08:00:00Z,DOTUSDT,-0.00003935
2025-03-22T16:00:00Z,DOTUSDT,-0.00009145
2025-03-23T00:00:00Z,DOTUSDT,0.00008995
2025-03-23T08:00:00Z,DOTUSDT,0.00007784
2025-03-23T16:00:00Z,DOTUSDT,0.00008351
2025-03-24T00:00:00Z,DOTUSDT,0.00008666
2025-03-24T08:00:00Z,DOTUSDT,0.00007476
2025-03-24T16:00:00Z,DOTUSDT,0.00004155
2025-03-25T00:00:00Z,DOTUSDT,0.00008398
2025-03-25T08:00:00Z,DOTUSDT,0.00000367
2025-03-25T16:00:00Z,DOTUSDT,0.0001
2025-03-26T00:00:00Z,DOTUSDT,0.0001
2025-03-26T08:00:00Z,DOTUSDT,0.00007307
2025-03-26T16:00:00Z,DOTUSDT,0.0001
2025-03-27T00:00:00Z,DOTUSDT,0.00008837
2025-03-27T08:00:00Z,DOTUSDT,-0.00008711
2025-03-27T16:00:00Z,DOTUSDT,-0.00007611
2025-03-28T00:00:00Z,DOTUSDT,-0.00008129
2025-03-28T08:00:00Z,DOTUSDT,-0.00003834
2025-03-28T16:00:00Z,DOTUSDT,-0.00002157
2025-03-29T00:00:00Z,DOTUSDT,-0.00000987
2025-03-29T08:00:00Z,DOTUSDT,0.00002854
2025-03-29T16:00:00Z,DOTUSDT,-0.00002411
2025-03-30T00:00:00Z,DOTUSDT,-0.00006173
2025-03-30T08:00:00Z,DOTUSDT,-0.0000019
2025-03-30T16:00:00Z,DOTUSDT,0.00005437
2025-03-31T00:00:00Z,DOTUSDT,-0.00001341
2025-03-31T08:00:00Z,DOTUSDT,-0.00002683
2025-03-31T16:00:00Z,DOTUSDT,0.00004175
2025-04-01T00:00:00Z,DOTUSDT,0.00005123
2025-04-01T08:00:00Z,DOTUSDT,-0.00003673
2025-04-01T16:00:00Z,DOTUSDT,-0.00005772
2025-04-02T00:00:00Z,DOTUSDT,-0.00003275
2025-04-02T08:00:00Z,DOTUSDT,-0.00000797
2025-04-02T16:00:00Z,DOTUSDT,-0.00003147
2025-04-03T00:00:00Z,DOTUSDT,-0.00002591
2025-04-03T08:00:00Z,DOTUSDT,-0.00003795
2025-04-03T16:00:00Z,DOTUSDT,0.0000208
2025-04-04T00:00:00Z,DOTUSDT,-0.00000152
2025-04-04T08:00:00Z,DOTUSDT,-0.00000723
2025-04-04T16:00:00Z,DOTUSDT,0.0000791
2025-04-05T00:00:00Z,DOTUSDT,-0.0000416
2025-04-05T08:00:00Z,DOTUSDT,0.00004182
2025-04-05T16:00:00Z,DOTUSDT,-0.00001705
2025-04-06T00:00:00Z,DOTUSDT,0.00009067
2025-04-06T08:00:00Z,DOTUSDT,0.00008635
2025-04-06T16:00:00Z,DOTUSDT,0.00006892
2025-04-07T00:00:00Z,DOTUSDT,-0.00009151
2025-04-07T08:00:00Z,DOTUSDT,-0.00011618
2025-04-07T16:00:00Z,DOTUSDT,-0.0000693
2025-04-08T00:00:00Z,DOTUSDT,-0.00009347
2025-04-08T08:00:00Z,DOTUSDT,-0.00014105
2025-04-08T16:00:00Z,DOTUSDT,-0.00002641
2025-04-09T00:00:00Z,DOTUSDT,-0.00002558
2025-04-09T08:00:00Z,DOTUSDT,-0.0000183
2025-04-09T16:00:00Z,DOTUSDT,0.0001
2025-04-10T00:00:00Z,DOTUSDT,0.0001
2025-04-10T08:00:00Z,DOTUSDT,-0.00009463
2025-04-10T16:00:00Z,DOTUSDT,-0.00009116
2025-04-11T00:00:00Z,DOTUSDT,0.00007599
2025-04-11T08:00:00Z,DOTUSDT,-0.00002283
2025-04-11T16:00:00Z,DOTUSDT,-0.00010063
2025-04-12T00:00:00Z,DOTUSDT,0.00008628
2025-04-12T08:00:00Z,DOTUSDT,0.00008353
2025-04-12T16:00:00Z,DOTUSDT,0.00007462
2025-04-13T00:00:00Z,DOTUSDT,0.0001
2025-04-13T08:00:00Z,DOTUSDT,-0.00001318
2025-04-13T16:00:00Z,DOTUSDT,0.00006077
2025-04-14T00:00:00Z,DOTUSDT,0.0001
2025-04-14T08:00:00Z,DOTUSDT,-0.00010634
2025-04-14T16:00:00Z,DOTUSDT,0.00002826
2025-04-15T00:00:00Z,DOTUSDT,0.00004194
2025-04-15T08:00:00Z,DOTUSDT,-0.00011311
2025-04-15T16:00:00Z,DOTUSDT,0.00000015
2025-04-16T00:00:00Z,DOTUSDT,-0.0000374
2025-04-16T08:00:00Z,DOTUSDT,-0.00016157
2025-04-16T16:00:00Z,DOTUSDT,-0.00001659
2025-04-17T00:00:00Z,DOTUSDT,-0.00000255
2025-04-17T08:00:00Z,DOTUSDT,0.00006571
2025-04-17T16:00:00Z,DOTUSDT,0.0001
2025-04-18T00:00:00Z,DOTUSDT,0.00007711
2025-04-18T08:00:00Z,DOTUSDT,0.0001
2025-04-18T16:00:00Z,DOTUSDT,0.00003135
2025-04-19T00:00:00Z,DOTUSDT,0.00004028
2025-04-19T08:00:00Z,DOTUSDT,0.00002025
2025-04-19T16:00:00Z,DOTUSDT,0.0001
2025-04-20T00:00:00Z,DOTUSDT,0.0001
2025-04-20T08:00:00Z,DOTUSDT,0.0001
2025-04-20T16:00:00Z,DOTUSDT,0.00005748
2025-04-21T00:00:00Z,DOTUSDT,-0.00000617
2025-04-21T08:00:00Z,DOTUSDT,0.00001729
2025-04-21T16:00:00Z,DOTUSDT,0.00005965
2025-04-22T00:00:00Z,DOTUSDT,0.00000938
2025-04-22T08:00:00Z,DOTUSDT,0.00005843
2025-04-22T16:00:00Z,DOTUSDT,0.0001
2025-04-23T00:00:00Z,DOTUSDT,0.0001
2025-04-23T08:00:00Z,DOTUSDT,0.0001
2025-04-23T16:00:00Z,DOTUSDT,0.0001
2025-04-24T00:00:00Z,DOTUSDT,0.0001
2025-04-24T08:00:00Z,DOTUSDT,0.0001
2025-04-24T16:00:00Z,DOTUSDT,0.0001
2025-04-25T00:00:00Z,DOTUSDT,0.0001
2025-04-25T08:00:00Z,DOTUSDT,0.0001
2025-04-25T16:00:00Z,DOTUSDT,0.00008987
2025-04-26T00:00:00Z,DOTUSDT,0.00005297
2025-04-26T08:00:00Z,DOTUSDT,0.0001
2025-04-26T16:00:00Z,DOTUSDT,0.0001
2025-04-27T00:00:00Z,DOTUSDT,0.00007941
2025-04-27T08:00:00Z,DOTUSDT,0.0001
2025-04-27T16:00:00Z,DOTUSDT,0.00006395
2025-04-28T00:00:00Z,DOTUSDT,-0.00003078
2025-04-28T08:00:00Z,DOTUSDT,0.0001
2025-04-28T16:00:00Z,DOTUSDT,0.00009687
2025-04-29T00:00:00Z,DOTUSDT,0.0001
2025-04-29T08:00:00Z,DOTUSDT,0.0001
2025-04-29T16:00:00Z,DOTUSDT,0.0000466
2025-04-30T00:00:00Z,DOTUSDT,-0.00001048
2025-04-30T08:00:00Z,DOTUSDT,-0.00002739
2025-04-30T16:00:00Z,DOTUSDT,-0.00001464
2025-05-01T00:00:00Z,DOTUSDT,-0.00002534
2025-05-01T08:00:00Z,DOTUSDT,0.00001367
2025-05-01T16:00:00Z,DOTUSDT,0.00008765
2025-05-02T00:00:00Z,DOTUSDT,0.00007481
2025-05-02T08:00:00Z,DOTUSDT,0.00005635
2025-05-02T16:00:00Z,DOTUSDT,0.00003119
2025-05-03T00:00:00Z,DOTUSDT,-0.00004088
2025-05-03T08:00:00Z,DOTUSDT,0.00004639
2025-05-03T16:00:00Z,DOTUSDT,0.00000196
2025-05-04T00:00:00Z,DOTUSDT,-0.00005246
2025-05-04T08:00:00Z,DOTUSDT,0.00004443
2025-05-04T16:00:00Z,DOTUSDT,0.00006063
2025-05-05T00:00:00Z,DOTUSDT,0.00004299
2025-05-05T08:00:00Z,DOTUSDT,0.0001
2025-05-05T16:00:00Z,DOTUSDT,-0.00003363
2025-05-06T00:00:00Z,DOTUSDT,-0.00003491
2025-05-06T08:00:00Z,DOTUSDT,-0.00000175
2025-05-06T16:00:00Z,DOTUSDT,-0.00001741
2025-05-07T00:00:00Z,DOTUSDT,-0.0000062
2025-05-07T08:00:00Z,DOTUSDT,0.00005906
2025-05-07T16:00:00Z,DOTUSDT,0.00001958
2025-05-08T00:00:00Z,DOTUSDT,0.00004729
2025-05-08T08:00:00Z,DOTUSDT,0.0001
2025-05-08T16:00:00Z,DOTUSDT,0.0001
2025-05-09T00:00:00Z,DOTUSDT,0.0001
2025-05-09T08:00:00Z,DOTUSDT,0.0001
2025-05-09T16:00:00Z,DOTUSDT,0.0001
2025-05-10T00:00:00Z,DOTUSDT,0.0001
2025-05-10T08:00:00Z,DOTUSDT,0.0001
2025-05-10T16:00:00Z,DOTUSDT,0.0001
2025-05-11T00:00:00Z,DOTUSDT,0.0001
2025-05-11T08:00:00Z,DOTUSDT,0.0001
2025-05-11T16:00:00Z,DOTUSDT,0.0001
2025-05-12T00:00:00Z,DOTUSDT,0.0001
2025-05-12T08:00:00Z,DOTUSDT,0.0001
2025-05-12T16:00:00Z,DOTUSDT,0.0001
2025-05-13T00:00:00Z,DOTUSDT,0.0001
2025-05-13T08:00:00Z,DOTUSDT,0.0001
2025-05-13T16:00:00Z,DOTUSDT,0.0001
2025-05-14T00:00:00Z,DOTUSDT,0.0001
2025-05-14T08:00:00Z,DOTUSDT,0.0001
2025-05-14T16:00:00Z,DOTUSDT,0.0001
2025-05-15T00:00:00Z,DOTUSDT,0.0001
2025-05-15T08:00:00Z,DOTUSDT,0.00004275
2025-05-15T16:00:00Z,DOTUSDT,0.00007471
2025-05-16T00:00:00Z,DOTUSDT,0.00003993
2025-05-16T08:00:00Z,DOTUSDT,0.0001
2025-05-16T16:00:00Z,DOTUSDT,0.00005112
2025-05-17T00:00:00Z,DOTUSDT,-0.00000283
2025-05-17T08:00:00Z,DOTUSDT,-0.00002868
2025-05-17T16:00:00Z,DOTUSDT,-0.00000072
2025-05-18T00:00:00Z,DOTUSDT,0.00003969
2025-05-18T08:00:00Z,DOTUSDT,0.00001145
2025-05-18T16:00:00Z,DOTUSDT,0.00007108
2025-05-19T00:00:00Z,DOTUSDT,0.0001
2025-05-19T08:00:00Z,DOTUSDT,0.0000369
2025-05-19T16:00:00Z,DOTUSDT,0.00007064
2025-05-20T00:00:00Z,DOTUSDT,0.0001
2025-05-20T08:00:00Z,DOTUSDT,-0.00004143
2025-05-20T16:00:00Z,DOTUSDT,0.00004165
2025-05-21T00:00:00Z,DOTUSDT,0.0001
2025-05-21T08:00:00Z,DOTUSDT,0.0001
2025-05-21T16:00:00Z,DOTUSDT,0.0001
2025-05-22T00:00:00Z,DOTUSDT,0.0001
2025-05-22T08:00:00Z,DOTUSDT,0.0001
2025-05-22T16:00:00Z,DOTUSDT,0.0001
2025-05-23T00:00:00Z,DOTUSDT,0.0001
2025-05-23T08:00:00Z,DOTUSDT,0.0001
2025-05-23T16:00:00Z,DOTUSDT,0.0001
2025-05-24T00:00:00Z,DOTUSDT,0.0001
2025-05-24T08:00:00Z,DOTUSDT,0.00008279
2025-05-24T16:00:00Z,DOTUSDT,0.00002929
2025-05-25T00:00:00Z,DOTUSDT,0.00009448
2025-05-25T08:00:00Z,DOTUSDT,0.0001
2025-05-25T16:00:00Z,DOTUSDT,0.0001
2025-05-26T00:00:00Z,DOTUSDT,0.00007082
2025-05-26T08:00:00Z,DOTUSDT,0.0001
2025-05-26T16:00:00Z,DOTUSDT,0.0001
2025-05-27T00:00:00Z,DOTUSDT,0.0001
2025-05-27T08:00:00Z,DOTUSDT,0.0001
2025-05-27T16:00:00Z,DOTUSDT,0.0001
2025-05-28T00:00:00Z,DOTUSDT,0.0001
2025-05-28T08:00:00Z,DOTUSDT,0.0001
2025-05-28T16:00:00Z,DOTUSDT,0.0001
2025-05-29T00:00:00Z,DOTUSDT,0.0001
2025-05-29T08:00:00Z,DOTUSDT,0.0001
2025-05-29T16:00:00Z,DOTUSDT,0.00007365
2025-05-30T00:00:00Z,DOTUSDT,0.00003425
2025-05-30T08:00:00Z,DOTUSDT,0.00006512
2025-05-30T16:00:00Z,DOTUSDT,0.00008757
2025-05-31T00:00:00Z,DOTUSDT,0.00007428
2025-05-31T08:00:00Z,DOTUSDT,-0.0000622
2025-05-31T16:00:00Z,DOTUSDT,0.00005243
2025-06-01T00:00:00Z,DOTUSDT,0.00002933
2025-06-01T08:00:00Z,DOTUSDT,-0.00005841
2025-06-01T16:00:00Z,DOTUSDT,0.00004626
2025-06-02T00:00:00Z,DOTUSDT,0.0001
2025-06-02T08:00:00Z,DOTUSDT,0.00009703
2025-06-02T16:00:00Z,DOTUSDT,0.00006867
2025-06-03T00:00:00Z,DOTUSDT,0.0001
2025-06-03T08:00:00Z,DOTUSDT,0.00006334
2025-06-03T16:00:00Z,DOTUSDT,-0.00000826
2025-06-04T00:00:00Z,DOTUSDT,-0.00002276
2025-06-04T08:00:00Z,DOTUSDT,-0.00005675
2025-06-04T16:00:00Z,DOTUSDT,-0.00001111
2025-06-05T00:00:00Z,DOTUSDT,-0.00003433
2025-06-05T08:00:00Z,DOTUSDT,0.00004772
2025-06-05T16:00:00Z,DOTUSDT,-0.00002309
2025-06-06T00:00:00Z,DOTUSDT,-0.00012627
2025-06-06T08:00:00Z,DOTUSDT,-0.00002176
2025-06-06T16:00:00Z,DOTUSDT,0.00006932
2025-06-07T00:00:00Z,DOTUSDT,-0.0000175
2025-06-07T08:00:00Z,DOTUSDT,0.00005865
2025-06-07T16:00:00Z,DOTUSDT,0.00002328
2025-06-08T00:00:00Z,DOTUSDT,0.00007247
2025-06-08T08:00:00Z,DOTUSDT,0.00008347
2025-06-08T16:00:00Z,DOTUSDT,0.00005671
2025-06-09T00:00:00Z,DOTUSDT,0.00006544
2025-06-09T08:00:00Z,DOTUSDT,0.00001581
2025-06-09T16:00:00Z,DOTUSDT,-0.00001448
2025-06-10T00:00:00Z,DOTUSDT,0.00008225
2025-06-10T08:00:00Z,DOTUSDT,0.00008375
2025-06-10T16:00:00Z,DOTUSDT,0.0001
2025-06-11T00:00:00Z,DOTUSDT,0.0001
2025-06-11T08:00:00Z,DOTUSDT,0.0001
2025-06-11T16:00:00Z,DOTUSDT,0.0001
2025-06-12T00:00:00Z,DOTUSDT,0.00000255
2025-06-12T08:00:00Z,DOTUSDT,0.00000887
2025-06-12T16:00:00Z,DOTUSDT,-0.00000698
2025-06-13T00:00:00Z,DOTUSDT,-0.00003818
2025-06-13T08:00:00Z,DOTUSDT,-0.00018392
2025-06-13T16:00:00Z,DOTUSDT,0.00005209
2025-06-14T00:00:00Z,DOTUSDT,-0.00001787
2025-06-14T08:00:00Z,DOTUSDT,-0.00000698
2025-06-14T16:00:00Z,DOTUSDT,0.00002152
2025-06-15T00:00:00Z,DOTUSDT,0.0000916
2025-06-15T08:00:00Z,DOTUSDT,0.00006515
2025-06-15T16:00:00Z,DOTUSDT,0.00005093
2025-06-16T00:00:00Z,DOTUSDT,0.00001427
2025-06-16T08:00:00Z,DOTUSDT,0.0001
2025-06-16T16:00:00Z,DOTUSDT,0.0001
2025-06-17T00:00:00Z,DOTUSDT,0.00004513
2025-06-17T08:00:00Z,DOTUSDT,0.00005514
2025-06-17T16:00:00Z,DOTUSDT,0.00007437
2025-06-18T00:00:00Z,DOTUSDT,0.00001977
2025-06-18T08:00:00Z,DOTUSDT,0.00002972
2025-06-18T16:00:00Z,DOTUSDT,0.00002295
2025-06-19T00:00:00Z,DOTUSDT,0.0001
2025-06-19T08:00:00Z,DOTUSDT,0.00008268
2025-06-19T16:00:00Z,DOTUSDT,-0.00001171
2025-06-20T00:00:00Z,DOTUSDT,0.0001
2025-06-20T08:00:00Z,DOTUSDT,0.0001
2025-06-20T16:00:00Z,DOTUSDT,-0.00001365
2025-06-21T00:00:00Z,DOTUSDT,0.00002203
2025-06-21T08:00:00Z,DOTUSDT,0.00006122
2025-06-21T16:00:00Z,DOTUSDT,0.00002058
2025-06-22T00:00:00Z,DOTUSDT,-0.00004264
2025-06-22T08:00:00Z,DOTUSDT,-0.00000142
2025-06-22T16:00:00Z,DOTUSDT,-0.00006474
2025-06-23T00:00:00Z,DOTUSDT,0.00001391
2025-06-23T08:00:00Z,DOTUSDT,-0.00009028
2025-06-23T16:00:00Z,DOTUSDT,-0.0000408
2025-06-24T00:00:00Z,DOTUSDT,-0.00001289
2025-06-24T08:00:00Z,DOTUSDT,-0.00004252
2025-06-24T16:00:00Z,DOTUSDT,-0.00004269
2025-06-25T00:00:00Z,DOTUSDT,0.00000903
2025-06-25T08:00:00Z,DOTUSDT,0.00000303
2025-06-25T16:00:00Z,DOTUSDT,0.0000377
2025-06-26T00:00:00Z,DOTUSDT,0.00001276
2025-06-26T08:00:00Z,DOTUSDT,0.00005163
2025-06-26T16:00:00Z,DOTUSDT,0.00002145
2025-06-27T00:00:00Z,DOTUSDT,0.00002659
2025-06-27T08:00:00Z,DOTUSDT,0.00004389
2025-06-27T16:00:00Z,DOTUSDT,0.00005858
2025-06-28T00:00:00Z,DOTUSDT,0.00007873
2025-06-28T08:00:00Z,DOTUSDT,0.00004892
2025-06-28T16:00:00Z,DOTUSDT,0.0001
2025-06-29T00:00:00Z,DOTUSDT,0.00009372
2025-06-29T08:00:00Z,DOTUSDT,0.0001
2025-06-29T16:00:00Z,DOTUSDT,0.00001918
2025-06-30T00:00:00Z,DOTUSDT,0.0001
2025-06-30T08:00:00Z,DOTUSDT,0.00007911
2025-06-30T16:00:00Z,DOTUSDT,0.0001
2025-07-01T00:00:00Z,DOTUSDT,0.0000519
2025-07-01T08:00:00Z,DOTUSDT,-0.00002765
2025-07-01T16:00:00Z,DOTUSDT,-0.00009459
2025-07-02T00:00:00Z,DOTUSDT,0.0000018
2025-07-02T08:00:00Z,DOTUSDT,0.00006786
2025-07-02T16:00:00Z,DOTUSDT,0.00008942
2025-07-03T00:00:00Z,DOTUSDT,0.0001
2025-07-03T08:00:00Z,DOTUSDT,0.0001
2025-07-03T16:00:00Z,DOTUSDT,0.00006798
2025-07-04T00:00:00Z,DOTUSDT,0.00005327
2025-07-04T08:00:00Z,DOTUSDT,-0.00003202
2025-07-04T16:00:00Z,DOTUSDT,0.00005925
2025-07-05T00:00:00Z,DOTUSDT,-0.00002837
2025-07-05T08:00:00Z,DOTUSDT,-0.00007658
2025-07-05T16:00:00Z,DOTUSDT,-0.00004733
2025-07-06T00:00:00Z,DOTUSDT,0.00003976
2025-07-06T08:00:00Z,DOTUSDT,-0.00003358
2025-07-06T16:00:00Z,DOTUSDT,0.0001
2025-07-07T00:00:00Z,DOTUSDT,0.00005942
2025-07-07T08:00:00Z,DOTUSDT,0.00004074
2025-07-07T16:00:00Z,DOTUSDT,0.00007535
2025-07-08T00:00:00Z,DOTUSDT,0.0001
2025-07-08T08:00:00Z,DOTUSDT,0.00006169
2025-07-08T16:00:00Z,DOTUSDT,0.00005637
2025-07-09T00:00:00Z,DOTUSDT,0.00009661
2025-07-09T08:00:00Z,DOTUSDT,0.0000795
2025-07-09T16:00:00Z,DOTUSDT,0.0001
2025-07-10T00:00:00Z,DOTUSDT,0.0001
2025-07-10T08:00:00Z,DOTUSDT,0.0001
2025-07-10T16:00:00Z,DOTUSDT,0.0001
2025-07-11T00:00:00Z,DOTUSDT,0.0001
2025-07-11T08:00:00Z,DOTUSDT,0.0001
2025-07-11T16:00:00Z,DOTUSDT,0.0001
2025-07-12T00:00:00Z,DOTUSDT,0.0001
2025-07-12T08:00:00Z,DOTUSDT,0.0001
2025-07-12T16:00:00Z,DOTUSDT,0.0001
2025-07-13T00:00:00Z,DOTUSDT,0.0001
2025-07-13T08:00:00Z,DOTUSDT,0.0001
2025-07-13T16:00:00Z,DOTUSDT,0.0001
2025-07-14T00:00:00Z,DOTUSDT,0.000064
2025-07-14T08:00:00Z,DOTUSDT,0.0001
2025-07-14T16:00:00Z,DOTUSDT,0.0001
2025-07-15T00:00:00Z,DOTUSDT,0.0001
2025-07-15T08:00:00Z,DOTUSDT,0.0001
2025-07-15T16:00:00Z,DOTUSDT,0.0001
2025-07-16T00:00:00Z,DOTUSDT,0.0001
2025-07-16T08:00:00Z,DOTUSDT,0.0001
2025-07-16T16:00:00Z,DOTUSDT,0.0001
2025-07-17T00:00:00Z,DOTUSDT,0.0001
2025-07-17T08:00:00Z,DOTUSDT,0.0001
2025-07-17T16:00:00Z,DOTUSDT,0.0001
2025-07-18T00:00:00Z,DOTUSDT,0.0001
2025-07-18T08:00:00Z,DOTUSDT,0.0001
2025-07-18T16:00:00Z,DOTUSDT,0.0001
2025-07-19T00:00:00Z,DOTUSDT,0.0001
2025-07-19T08:00:00Z,DOTUSDT,0.0001
2025-07-19T16:00:00Z,DOTUSDT,0.0001
2025-07-20T00:00:00Z,DOTUSDT,0.0001
2025-07-20T08:00:00Z,DOTUSDT,0.0001
2025-07-20T16:00:00Z,DOTUSDT,0.0001
2025-07-21T00:00:00Z,DOTUSDT,0.0001
2025-07-21T08:00:00Z,DOTUSDT,0.0001
2025-07-21T16:00:00Z,DOTUSDT,0.0001
2025-07-22T00:00:00Z,DOTUSDT,0.0001
2025-07-22T08:00:00Z,DOTUSDT,0.0001
2025-07-22T16:00:00Z,DOTUSDT,0.0001
2025-07-23T00:00:00Z,DOTUSDT,0.0001
2025-07-23T08:00:00Z,DOTUSDT,0.0001
2025-07-23T16:00:00Z,DOTUSDT,0.0001
2025-07-24T00:00:00Z,DOTUSDT,0.0001
2025-07-24T08:00:00Z,DOTUSDT,0.0001
2025-07-24T16:00:00Z,DOTUSDT,0.0001
2025-07-25T00:00:00Z,DOTUSDT,0.0001
2025-07-25T08:00:00Z,DOTUSDT,0.0001
2025-07-25T16:00:00Z,DOTUSDT,0.0001
2025-07-26T00:00:00Z,DOTUSDT,0.0001
2025-07-26T08:00:00Z,DOTUSDT,0.0001
2025-07-26T16:00:00Z,DOTUSDT,0.0001
2025-07-27T00:00:00Z,DOTUSDT,0.0001
2025-07-27T08:00:00Z,DOTUSDT,0.0001
2025-07-27T16:00:00Z,DOTUSDT,0.0001
2025-07-28T00:00:00Z,DOTUSDT,0.0001
2025-07-28T08:00:00Z,DOTUSDT,0.0001
2025-07-28T16:00:00Z,DOTUSDT,0.0001
2025-07-29T00:00:00Z,DOTUSDT,0.0001
2025-07-29T08:00:00Z,DOTUSDT,0.0001
2025-07-29T16:00:00Z,DOTUSDT,0.0001
2025-07-30T00:00:00Z,DOTUSDT,0.0001
2025-07-30T08:00:00Z,DOTUSDT,0.0001
2025-07-30T16:00:00Z,DOTUSDT,0.0001
2025-07-31T00:00:00Z,DOTUSDT,0.00008936
2025-07-31T08:00:00Z,DOTUSDT,0.0001
2025-07-31T16:00:00Z,DOTUSDT,0.00008861
2025-08-01T00:00:00Z,DOTUSDT,0.0000086
2025-08-01T08:00:00Z,DOTUSDT,0.00003868
2025-08-01T16:00:00Z,DOTUSDT,0.0001
2025-08-02T00:00:00Z,DOTUSDT,0.00008089
2025-08-02T08:00:00Z,DOTUSDT,0.0001
2025-08-02T16:00:00Z,DOTUSDT,0.0001
2025-08-03T00:00:00Z,DOTUSDT,0.0001
2025-08-03T08:00:00Z,DOTUSDT,0.00006679
2025-08-03T16:00:00Z,DOTUSDT,0.0001
2025-08-04T00:00:00Z,DOTUSDT,0.0001
2025-08-04T08:00:00Z,DOTUSDT,-0.00001874
2025-08-04T16:00:00Z,DOTUSDT,-0.00001915
2025-08-05T00:00:00Z,DOTUSDT,-0.00000739
2025-08-05T08:00:00Z,DOTUSDT,0.00008679
2025-08-05T16:00:00Z,DOTUSDT,-0.00002854
2025-08-06T00:00:00Z,DOTUSDT,-0.00006398
2025-08-06T08:00:00Z,DOTUSDT,0.00001865
2025-08-06T16:00:00Z,DOTUSDT,0.0001
2025-08-07T00:00:00Z,DOTUSDT,0.00003689
2025-08-07T08:00:00Z,DOTUSDT,0.00006627
2025-08-07T16:00:00Z,DOTUSDT,0.00000492
2025-08-08T00:00:00Z,DOTUSDT,0.0001
2025-08-08T08:00:00Z,DOTUSDT,0.00009292
2025-08-08T16:00:00Z,DOTUSDT,0.0001
2025-08-09T00:00:00Z,DOTUSDT,0.0001
2025-08-09T08:00:00Z,DOTUSDT,0.00008498
2025-08-09T16:00:00Z,DOTUSDT,0.0001
2025-08-10T00:00:00Z,DOTUSDT,0.0001
2025-08-10T08:00:00Z,DOTUSDT,0.0001
2025-08-10T16:00:00Z,DOTUSDT,0.0001
2025-08-11T00:00:00Z,DOTUSDT,0.0001
2025-08-11T08:00:00Z,DOTUSDT,0.0001
2025-08-11T16:00:00Z,DOTUSDT,0.0001
2025-08-12T00:00:00Z,DOTUSDT,0.0001
2025-08-12T08:00:00Z,DOTUSDT,0.0001
2025-08-12T16:00:00Z,DOTUSDT,0.0001
2025-08-13T00:00:00Z,DOTUSDT,0.0001
2025-08-13T08:00:00Z,DOTUSDT,0.0001
2025-08-13T16:00:00Z,DOTUSDT,0.0001
2025-08-14T00:00:00Z,DOTUSDT,0.0001
2025-08-14T08:00:00Z,DOTUSDT,0.0001
2025-08-14T16:00:00Z,DOTUSDT,0.0001
2025-08-15T00:00:00Z,DOTUSDT,0.00004914
2025-08-15T08:00:00Z,DOTUSDT,0.0000275
2025-08-15T16:00:00Z,DOTUSDT,-0.00004303
2025-08-16T00:00:00Z,DOTUSDT,0.0001
2025-08-16T08:00:00Z,DOTUSDT,0.00007472
2025-08-16T16:00:00Z,DOTUSDT,0.00001747
2025-08-17T00:00:00Z,DOTUSDT,0.000019
2025-08-17T08:00:00Z,DOTUSDT,0.0000929
2025-08-17T16:00:00Z,DOTUSDT,0.0001
2025-08-18T00:00:00Z,DOTUSDT,0.0001
2025-08-18T08:00:00Z,DOTUSDT,-0.00003867
2025-08-18T16:00:00Z,DOTUSDT,-0.00008438
2025-08-19T00:00:00Z,DOTUSDT,0.00000186
2025-08-19T08:00:00Z,DOTUSDT,-0.000086
2025-08-19T16:00:00Z,DOTUSDT,0.0001
2025-08-20T00:00:00Z,DOTUSDT,0.0000959
2025-08-20T08:00:00Z,DOTUSDT,0.00004387
2025-08-20T16:00:00Z,DOTUSDT,0.0001
2025-08-21T00:00:00Z,DOTUSDT,0.0001
2025-08-21T08:00:00Z,DOTUSDT,0.0001
2025-08-21T16:00:00Z,DOTUSDT,0.0001
2025-08-22T00:00:00Z,DOTUSDT,0.0001
2025-08-22T08:00:00Z,DOTUSDT,0.0000765
2025-08-22T16:00:00Z,DOTUSDT,0.0001
2025-08-23T00:00:00Z,DOTUSDT,0.0001
2025-08-23T08:00:00Z,DOTUSDT,0.0001
2025-08-23T16:00:00Z,DOTUSDT,0.0001
2025-08-24T00:00:00Z,DOTUSDT,0.0001
2025-08-24T08:00:00Z,DOTUSDT,0.0001
2025-08-24T16:00:00Z,DOTUSDT,0.0001
2025-08-25T00:00:00Z,DOTUSDT,0.0001
2025-08-25T08:00:00Z,DOTUSDT,0.0001
2025-08-25T16:00:00Z,DOTUSDT,0.0001
2025-08-26T00:00:00Z,DOTUSDT,-0.00006823
2025-08-26T08:00:00Z,DOTUSDT,-0.00001892
2025-08-26T16:00:00Z,DOTUSDT,0.0000169
2025-08-27T00:00:00Z,DOTUSDT,0.0001
2025-08-27T08:00:00Z,DOTUSDT,0.0001
2025-08-27T16:00:00Z,DOTUSDT,0.0001
2025-08-28T00:00:00Z,DOTUSDT,0.0001
2025-08-28T08:00:00Z,DOTUSDT,0.00007822
2025-08-28T16:00:00Z,DOTUSDT,0.0001
2025-08-29T00:00:00Z,DOTUSDT,0.0001
2025-08-29T08:00:00Z,DOTUSDT,0.00006296
2025-08-29T16:00:00Z,DOTUSDT,0.0000154
2025-08-30T00:00:00Z,DOTUSDT,0.00003844
2025-08-30T08:00:00Z,DOTUSDT,-0.00000651
2025-08-30T16:00:00Z,DOTUSDT,0.0001
2025-08-31T00:00:00Z,DOTUSDT,0.00000359
2025-08-31T08:00:00Z,DOTUSDT,0.0001
2025-08-31T16:00:00Z,DOTUSDT,0.00001121
2025-09-01T00:00:00Z,DOTUSDT,0.00002875
2025-09-01T08:00:00Z,DOTUSDT,0.00000546
2025-09-01T16:00:00Z,DOTUSDT,0.0001
2025-09-02T00:00:00Z,DOTUSDT,-0.00002334
2025-09-02T08:00:00Z,DOTUSDT,0.00005565
2025-09-02T16:00:00Z,DOTUSDT,0.00005717
2025-09-03T00:00:00Z,DOTUSDT,0.0001
2025-09-03T08:00:00Z,DOTUSDT,0.0001
2025-09-03T16:00:00Z,DOTUSDT,0.0001
2025-09-04T00:00:00Z,DOTUSDT,0.0001
2025-09-04T08:00:00Z,DOTUSDT,0.0001
2025-09-04T16:00:00Z,DOTUSDT,0.0001
2025-09-05T00:00:00Z,DOTUSDT,0.0001
2025-09-05T08:00:00Z,DOTUSDT,0.0001
2025-09-05T16:00:00Z,DOTUSDT,0.0001
2025-09-06T00:00:00Z,DOTUSDT,0.0001
2025-09-06T08:00:00Z,DOTUSDT,0.0001
2025-09-06T16:00:00Z,DOTUSDT,0.0001
2025-09-07T00:00:00Z,DOTUSDT,0.00009948
2025-09-07T08:00:00Z,DOTUSDT,-0.00001197
2025-09-07T16:00:00Z,DOTUSDT,0.00002547
2025-09-08T00:00:00Z,DOTUSDT,0.00000906
2025-09-08T08:00:00Z,DOTUSDT,0.0001
2025-09-08T16:00:00Z,DOTUSDT,0.0001
2025-09-09T00:00:00Z,DOTUSDT,0.0001
2025-09-09T08:00:00Z,DOTUSDT,0.0001
2025-09-09T16:00:00Z,DOTUSDT,0.0001
2025-09-10T00:00:00Z,DOTUSDT,0.0001
2025-09-10T08:00:00Z,DOTUSDT,0.0001
2025-09-10T16:00:00Z,DOTUSDT,0.0001
2025-09-11T00:00:00Z,DOTUSDT,0.0001
2025-09-11T08:00:00Z,DOTUSDT,0.0001
2025-09-11T16:00:00Z,DOTUSDT,0.0001
2025-09-12T00:00:00Z,DOTUSDT,0.0001
2025-09-12T08:00:00Z,DOTUSDT,0.0001
2025-09-12T16:00:00Z,DOTUSDT,0.0001
2025-09-13T00:00:00Z,DOTUSDT,0.0001
2025-09-13T08:00:00Z,DOTUSDT,0.0001
2025-09-13T16:00:00Z,DOTUSDT,0.0001
2025-09-14T00:00:00Z,DOTUSDT,0.0001
2025-09-14T08:00:00Z,DOTUSDT,0.0001
2025-09-14T16:00:00Z,DOTUSDT,0.0001
2025-09-15T00:00:00Z,DOTUSDT,0.0001
2025-09-15T08:00:00Z,DOTUSDT,0.0001
2025-09-15T16:00:00Z,DOTUSDT,0.00006627
2025-09-16T00:00:00Z,DOTUSDT,0.0001
2025-09-16T08:00:00Z,DOTUSDT,0.0001
2025-09-16T16:00:00Z,DOTUSDT,0.0001
2025-09-17T00:00:00Z,DOTUSDT,0.0001
2025-09-17T08:00:00Z,DOTUSDT,0.0001
2025-09-17T16:00:00Z,DOTUSDT,0.0001
2025-09-18T00:00:00Z,DOTUSDT,0.0001
2025-09-18T08:00:00Z,DOTUSDT,0.0001
2025-09-18T16:00:00Z,DOTUSDT,0.0001
2025-09-19T00:00:00Z,DOTUSDT,0.0001
2025-09-19T08:00:00Z,DOTUSDT,0.0001
2025-09-19T16:00:00Z,DOTUSDT,0.0001
2025-09-20T00:00:00Z,DOTUSDT,0.00005473
2025-09-20T08:00:00Z,DOTUSDT,0.00003319
2025-09-20T16:00:00Z,DOTUSDT,0.000069
2025-09-21T00:00:00Z,DOTUSDT,0.0001
2025-09-21T08:00:00Z,DOTUSDT,0.00007286
2025-09-21T16:00:00Z,DOTUSDT,0.00001914
2025-09-22T00:00:00Z,DOTUSDT,0.00008844
2025-09-22T08:00:00Z,DOTUSDT,-0.00003626
2025-09-22T16:00:00Z,DOTUSDT,-0.00005745
2025-09-23T00:00:00Z,DOTUSDT,-0.00003975
2025-09-23T08:00:00Z,DOTUSDT,0.00003167
2025-09-23T16:00:00Z,DOTUSDT,0.00001686
2025-09-24T00:00:00Z,DOTUSDT,0.00002643
2025-09-24T08:00:00Z,DOTUSDT,0.0001
2025-09-24T16:00:00Z,DOTUSDT,0.0001
2025-09-25T00:00:00Z,DOTUSDT,-0.00000924
2025-09-25T08:00:00Z,DOTUSDT,0.00003523
2025-09-25T16:00:00Z,DOTUSDT,0.00003493
2025-09-26T00:00:00Z,DOTUSDT,0.00007125
2025-09-26T08:00:00Z,DOTUSDT,0.0000361
2025-09-26T16:00:00Z,DOTUSDT,0.00003269
2025-09-27T00:00:00Z,DOTUSDT,0.00004857
2025-09-27T08:00:00Z,DOTUSDT,0.0001
2025-09-27T16:00:00Z,DOTUSDT,0.00005069
2025-09-28T00:00:00Z,DOTUSDT,0.00009901
2025-09-28T08:00:00Z,DOTUSDT,0.00002356
2025-09-28T16:00:00Z,DOTUSDT,0.00002209
2025-09-29T00:00:00Z,DOTUSDT,0.00009113
2025-09-29T08:00:00Z,DOTUSDT,-0.00000569
2025-09-29T16:00:00Z,DOTUSDT,0.00000702
2025-09-30T00:00:00Z,DOTUSDT,0.0001
2025-09-30T08:00:00Z,DOTUSDT,-0.00005736
2025-09-30T16:00:00Z,DOTUSDT,0.00000191
2025-10-01T00:00:00Z,DOTUSDT,0.0001
2025-10-01T08:00:00Z,DOTUSDT,0.00008287
2025-10-01T16:00:00Z,DOTUSDT,0.0000036
2025-10-02T00:00:00Z,DOTUSDT,0.00007505
2025-10-02T08:00:00Z,DOTUSDT,0.00006427
2025-10-02T16:00:00Z,DOTUSDT,0.0001
2025-10-03T00:00:00Z,DOTUSDT,0.0001
2025-10-03T08:00:00Z,DOTUSDT,0.00002362
2025-10-03T16:00:00Z,DOTUSDT,0.00003402
2025-10-04T00:00:00Z,DOTUSDT,0.0001
2025-10-04T08:00:00Z,DOTUSDT,0.00009739
2025-10-04T16:00:00Z,DOTUSDT,0.00005451
2025-10-05T00:00:00Z,DOTUSDT,0.0001
2025-10-05T08:00:00Z,DOTUSDT,0.0001
2025-10-05T16:00:00Z,DOTUSDT,0.0001
2025-10-06T00:00:00Z,DOTUSDT,0.0001
2025-10-06T08:00:00Z,DOTUSDT,0.0001
2025-10-06T16:00:00Z,DOTUSDT,0.0001
2025-10-07T00:00:00Z,DOTUSDT,0.0001
2025-10-07T08:00:00Z,DOTUSDT,0.0001
2025-10-07T16:00:00Z,DOTUSDT,0.0001
2025-10-08T00:00:00Z,DOTUSDT,0.00006446
2025-10-08T08:00:00Z,DOTUSDT,-0.00000969
2025-10-08T16:00:00Z,DOTUSDT,0.0001
2025-10-09T00:00:00Z,DOTUSDT,0.00009761
2025-10-09T08:00:00Z,DOTUSDT,0.00005711
2025-10-09T16:00:00Z,DOTUSDT,0.00004752
2025-10-10T00:00:00Z,DOTUSDT,0.00006592
2025-10-10T08:00:00Z,DOTUSDT,0.0001
2025-10-10T16:00:00Z,DOTUSDT,0.0001
2025-10-11T00:00:00Z,DOTUSDT,-0.0063953
2025-10-11T08:00:00Z,DOTUSDT,-0.00034574
2025-10-11T16:00:00Z,DOTUSDT,-0.00025658
2025-10-12T00:00:00Z,DOTUSDT,-0.00004657
2025-10-12T08:00:00Z,DOTUSDT,0.0001
2025-10-12T16:00:00Z,DOTUSDT,-0.00003573
2025-10-13T00:00:00Z,DOTUSDT,-0.00000729
2025-10-13T08:00:00Z,DOTUSDT,-0.00012482
2025-10-13T16:00:00Z,DOTUSDT,-0.00004658
2025-10-14T00:00:00Z,DOTUSDT,-0.00004174
2025-10-14T08:00:00Z,DOTUSDT,-0.00008578
2025-10-14T16:00:00Z,DOTUSDT,-0.00011172
2025-10-15T00:00:00Z,DOTUSDT,-0.00018574
2025-10-15T08:00:00Z,DOTUSDT,-0.00007278
2025-10-15T16:00:00Z,DOTUSDT,-0.00016145
2025-10-16T00:00:00Z,DOTUSDT,-0.0002691
2025-10-16T08:00:00Z,DOTUSDT,-0.00029753
2025-10-16T16:00:00Z,DOTUSDT,-0.00017419
2025-10-17T00:00:00Z,DOTUSDT,-0.00024299
2025-10-17T08:00:00Z,DOTUSDT,-0.00031166
2025-10-17T16:00:00Z,DOTUSDT,-0.00014854
2025-10-18T00:00:00Z,DOTUSDT,-0.00021261
2025-10-18T08:00:00Z,DOTUSDT,-0.0001884
2025-10-18T16:00:00Z,DOTUSDT,-0.00017116
2025-10-19T00:00:00Z,DOTUSDT,-0.00019685
2025-10-19T08:00:00Z,DOTUSDT,-0.00016308
2025-10-19T16:00:00Z,DOTUSDT,-0.00003324
2025-10-20T00:00:00Z,DOTUSDT,-0.0000096
2025-10-20T08:00:00Z,DOTUSDT,-0.00002239
2025-10-20T16:00:00Z,DOTUSDT,0.0001
2025-10-21T00:00:00Z,DOTUSDT,0.00001156
2025-10-21T08:00:00Z,DOTUSDT,-0.00023288
2025-10-21T16:00:00Z,DOTUSDT,-0.00003031
2025-10-22T00:00:00Z,DOTUSDT,-0.00010267
2025-10-22T08:00:00Z,DOTUSDT,-0.00014964
2025-10-22T16:00:00Z,DOTUSDT,-0.00017265
2025-10-23T00:00:00Z,DOTUSDT,-0.00013124
2025-10-23T08:00:00Z,DOTUSDT,-0.00012954
2025-10-23T16:00:00Z,DOTUSDT,0.00003754
2025-10-24T00:00:00Z,DOTUSDT,0.00002191
2025-10-24T08:00:00Z,DOTUSDT,0.00000896
2025-10-24T16:00:00Z,DOTUSDT,-0.00001273
2025-10-25T00:00:00Z,DOTUSDT,0.00006955
2025-10-25T08:00:00Z,DOTUSDT,-0.00010949
2025-10-25T16:00:00Z,DOTUSDT,0.00001384
2025-10-26T00:00:00Z,DOTUSDT,0.00003611
2025-10-26T08:00:00Z,DOTUSDT,-0.00007003
2025-10-26T16:00:00Z,DOTUSDT,-0.00008871
2025-10-27T00:00:00Z,DOTUSDT,0.00005321
2025-10-27T08:00:00Z,DOTUSDT,-0.00003423
2025-10-27T16:00:00Z,DOTUSDT,0.00000787
2025-10-28T00:00:00Z,DOTUSDT,0.00003558
2025-10-28T08:00:00Z,DOTUSDT,-0.00000351
2025-10-28T16:00:00Z,DOTUSDT,-0.00007681
2025-10-29T00:00:00Z,DOTUSDT,-0.00016955
2025-10-29T08:00:00Z,DOTUSDT,-0.00018363
2025-10-29T16:00:00Z,DOTUSDT,0.00005475
2025-10-30T00:00:00Z,DOTUSDT,0.00006175
2025-10-30T08:00:00Z,DOTUSDT,-0.00007514
2025-10-30T16:00:00Z,DOTUSDT,-0.0001107
2025-10-31T00:00:00Z,DOTUSDT,-0.0001329
2025-10-31T08:00:00Z,DOTUSDT,-0.00009613
2025-10-31T16:00:00Z,DOTUSDT,0.0000673
2025-11-01T00:00:00Z,DOTUSDT,-0.00005983
2025-11-01T08:00:00Z,DOTUSDT,0.00005419
2025-11-01T16:00:00Z,DOTUSDT,0.00007999
2025-11-02T00:00:00Z,DOTUSDT,-0.0000143
2025-11-02T08:00:00Z,DOTUSDT,0.0000069
2025-11-02T16:00:00Z,DOTUSDT,-0.00014974
2025-11-03T00:00:00Z,DOTUSDT,-0.00010134
2025-11-03T08:00:00Z,DOTUSDT,-0.00029621
2025-11-03T16:00:00Z,DOTUSDT,-0.00029615
2025-11-04T00:00:00Z,DOTUSDT,-0.00049768
2025-11-04T08:00:00Z,DOTUSDT,-0.00014797
2025-11-04T16:00:00Z,DOTUSDT,-0.00034419
2025-11-05T00:00:00Z,DOTUSDT,-0.00000153
2025-11-05T08:00:00Z,DOTUSDT,0.00002137
2025-11-05T16:00:00Z,DOTUSDT,-0.00022809
2025-11-06T00:00:00Z,DOTUSDT,-0.0003001
2025-11-06T08:00:00Z,DOTUSDT,-0.00030132
2025-11-06T16:00:00Z,DOTUSDT,-0.0006839
2025-11-07T00:00:00Z,DOTUSDT,-0.00019484
2025-11-07T08:00:00Z,DOTUSDT,-0.00043692
2025-11-07T16:00:00Z,DOTUSDT,-0.00039298
2025-11-08T00:00:00Z,DOTUSDT,-0.00009348
2025-11-08T08:00:00Z,DOTUSDT,0.00005694
2025-11-08T16:00:00Z,DOTUSDT,0.0001
2025-11-09T00:00:00Z,DOTUSDT,-0.00006023
2025-11-09T08:00:00Z,DOTUSDT,0.00004452
2025-11-09T16:00:00Z,DOTUSDT,0.0001
2025-11-10T00:00:00Z,DOTUSDT,0.00006529
2025-11-10T08:00:00Z,DOTUSDT,-0.00019486
2025-11-10T16:00:00Z,DOTUSDT,-0.00007261
2025-11-11T00:00:00Z,DOTUSDT,0.0001
2025-11-11T08:00:00Z,DOTUSDT,-0.00010606
2025-11-11T16:00:00Z,DOTUSDT,0.0001
2025-11-12T00:00:00Z,DOTUSDT,0.00007142
2025-11-12T08:00:00Z,DOTUSDT,-0.00000901
2025-11-12T16:00:00Z,DOTUSDT,0.0001
2025-11-13T00:00:00Z,DOTUSDT,-0.00007773
2025-11-13T08:00:00Z,DOTUSDT,-0.00009602
2025-11-13T16:00:00Z,DOTUSDT,0.0001
2025-11-14T00:00:00Z,DOTUSDT,-0.00011182
2025-11-14T08:00:00Z,DOTUSDT,-0.00004576
2025-11-14T16:00:00Z,DOTUSDT,0.00002012
2025-11-15T00:00:00Z,DOTUSDT,-0.00008843
2025-11-15T08:00:00Z,DOTUSDT,0.00004221
2025-11-15T16:00:00Z,DOTUSDT,-0.00003365
2025-11-16T00:00:00Z,DOTUSDT,-0.00001519
2025-11-16T08:00:00Z,DOTUSDT,0.0000974
2025-11-16T16:00:00Z,DOTUSDT,-0.00003266
2025-11-17T00:00:00Z,DOTUSDT,0.0001
2025-11-17T08:00:00Z,DOTUSDT,0.0000016
2025-11-17T16:00:00Z,DOTUSDT,0.0001
2025-11-18T00:00:00Z,DOTUSDT,-0.00006952
2025-11-18T08:00:00Z,DOTUSDT,0.0001
2025-11-18T16:00:00Z,DOTUSDT,0.0001
2025-11-19T00:00:00Z,DOTUSDT,0.0001
2025-11-19T08:00:00Z,DOTUSDT,-0.00006006
2025-11-19T16:00:00Z,DOTUSDT,-0.00011078
2025-11-20T00:00:00Z,DOTUSDT,0.00006666
2025-11-20T08:00:00Z,DOTUSDT,0.00001001
2025-11-20T16:00:00Z,DOTUSDT,0.0001
2025-11-21T00:00:00Z,DOTUSDT,-0.00018182
2025-11-21T08:00:00Z,DOTUSDT,-0.00015886
2025-11-21T16:00:00Z,DOTUSDT,-0.00011049
2025-11-22T00:00:00Z,DOTUSDT,-0.0002349
2025-11-22T08:00:00Z,DOTUSDT,0.00006163
2025-11-22T16:00:00Z,DOTUSDT,-0.00021031
2025-11-23T00:00:00Z,DOTUSDT,-0.00008538
2025-11-23T08:00:00Z,DOTUSDT,-0.0000929
2025-11-23T16:00:00Z,DOTUSDT,-0.00006837
2025-11-24T00:00:00Z,DOTUSDT,-0.00010837
2025-11-24T08:00:00Z,DOTUSDT,-0.00005517
2025-11-24T16:00:00Z,DOTUSDT,-0.00001082
2025-11-25T00:00:00Z,DOTUSDT,-0.00004166
2025-11-25T08:00:00Z,DOTUSDT,-0.00013249
2025-11-25T16:00:00Z,DOTUSDT,-0.00026645
2025-11-26T00:00:00Z,DOTUSDT,-0.00007837
2025-11-26T08:00:00Z,DOTUSDT,-0.0002343
2025-11-26T16:00:00Z,DOTUSDT,-0.00010528
2025-11-27T00:00:00Z,DOTUSDT,0.00003785
2025-11-27T08:00:00Z,DOTUSDT,-0.00010176
2025-11-27T16:00:00Z,DOTUSDT,-0.00012772
2025-11-28T00:00:00Z,DOTUSDT,-0.00016034
2025-11-28T08:00:00Z,DOTUSDT,-0.00018328
2025-11-28T16:00:00Z,DOTUSDT,0.00004106
2025-11-29T00:00:00Z,DOTUSDT,-0.00013504
2025-11-29T08:00:00Z,DOTUSDT,-0.00009195
2025-11-29T16:00:00Z,DOTUSDT,-0.00009991
2025-11-30T00:00:00Z,DOTUSDT,-0.0000846
2025-11-30T08:00:00Z,DOTUSDT,-0.0000949
2025-11-30T16:00:00Z,DOTUSDT,-0.0002505
2025-12-01T00:00:00Z,DOTUSDT,-0.00013518
2025-12-01T08:00:00Z,DOTUSDT,-0.00026911
2025-12-01T16:00:00Z,DOTUSDT,-0.00029492
2025-12-02T00:00:00Z,DOTUSDT,-0.00043463
2025-12-02T08:00:00Z,DOTUSDT,-0.00020166
2025-12-02T16:00:00Z,DOTUSDT,-0.00013591
2025-12-03T00:00:00Z,DOTUSDT,-0.00007162
2025-12-03T08:00:00Z,DOTUSDT,-0.00005075
2025-12-03T16:00:00Z,DOTUSDT,-0.00002247
2025-12-04T00:00:00Z,DOTUSDT,0.00002644
2025-12-04T08:00:00Z,DOTUSDT,-0.00007567
2025-12-04T16:00:00Z,DOTUSDT,-0.00012327
2025-12-05T00:00:00Z,DOTUSDT,-0.00005895
2025-12-05T08:00:00Z,DOTUSDT,-0.00009226
2025-12-05T16:00:00Z,DOTUSDT,-0.00007303
2025-12-06T00:00:00Z,DOTUSDT,-0.00013624
2025-12-06T08:00:00Z,DOTUSDT,-0.00025368
2025-12-06T16:00:00Z,DOTUSDT,-0.00006159
2025-12-07T00:00:00Z,DOTUSDT,-0.00011411
2025-12-07T08:00:00Z,DOTUSDT,-0.00012845
2025-12-07T16:00:00Z,DOTUSDT,0.00008945
2025-12-08T00:00:00Z,DOTUSDT,0.0001
2025-12-08T08:00:00Z,DOTUSDT,0.0001
2025-12-08T16:00:00Z,DOTUSDT,0.00007137
2025-12-09T00:00:00Z,DOTUSDT,0.00005999
2025-12-09T08:00:00Z,DOTUSDT,-0.00000623
2025-12-09T16:00:00Z,DOTUSDT,0.0001
2025-12-10T00:00:00Z,DOTUSDT,0.0001
2025-12-10T08:00:00Z,DOTUSDT,-0.0000959
2025-12-10T16:00:00Z,DOTUSDT,0.00000151
2025-12-11T00:00:00Z,DOTUSDT,-0.00005206
2025-12-11T08:00:00Z,DOTUSDT,-0.00012186
2025-12-11T16:00:00Z,DOTUSDT,-0.00014857
2025-12-12T00:00:00Z,DOTUSDT,-0.00002094
2025-12-12T08:00:00Z,DOTUSDT,-0.00011998
2025-12-12T16:00:00Z,DOTUSDT,-0.00010966
2025-12-13T00:00:00Z,DOTUSDT,-0.00029183
2025-12-13T08:00:00Z,DOTUSDT,0.00003101
2025-12-13T16:00:00Z,DOTUSDT,0.00005352
2025-12-14T00:00:00Z,DOTUSDT,-0.00006167
2025-12-14T08:00:00Z,DOTUSDT,-0.0002245
2025-12-14T16:00:00Z,DOTUSDT,-0.00021192
2025-12-15T00:00:00Z,DOTUSDT,-0.00008419
2025-12-15T08:00:00Z,DOTUSDT,0.00001722
2025-12-15T16:00:00Z,DOTUSDT,-0.00005238
2025-12-16T00:00:00Z,DOTUSDT,-0.00049687
2025-12-16T08:00:00Z,DOTUSDT,-0.00000958
2025-12-16T16:00:00Z,DOTUSDT,0.00000661
2025-12-17T00:00:00Z,DOTUSDT,-0.0001587
2025-12-17T08:00:00Z,DOTUSDT,0.00002156
2025-12-17T16:00:00Z,DOTUSDT,0.00000499
2025-12-18T00:00:00Z,DOTUSDT,-0.00012586
2025-12-18T08:00:00Z,DOTUSDT,-0.00021301
2025-12-18T16:00:00Z,DOTUSDT,-0.00002147
2025-12-19T00:00:00Z,DOTUSDT,-0.00017439
2025-12-19T08:00:00Z,DOTUSDT,-0.00013459
2025-12-19T16:00:00Z,DOTUSDT,0.000089
2025-12-20T00:00:00Z,DOTUSDT,0.0001
2025-12-20T08:00:00Z,DOTUSDT,-0.00005393
2025-12-20T16:00:00Z,DOTUSDT,0.00005737
2025-12-21T00:00:00Z,DOTUSDT,0.00003653
2025-12-21T08:00:00Z,DOTUSDT,-0.00014572
2025-12-21T16:00:00Z,DOTUSDT,-0.00008738
2025-12-22T00:00:00Z,DOTUSDT,-0.00002322
2025-12-22T08:00:00Z,DOTUSDT,-0.00001751
2025-12-22T16:00:00Z,DOTUSDT,0.00006975
2025-12-23T00:00:00Z,DOTUSDT,0.00004272
2025-12-23T08:00:00Z,DOTUSDT,-0.00003605
2025-12-23T16:00:00Z,DOTUSDT,-0.00020481
2025-12-24T00:00:00Z,DOTUSDT,-0.00008931
2025-12-24T08:00:00Z,DOTUSDT,-0.00020238
2025-12-24T16:00:00Z,DOTUSDT,-0.00000822
2025-12-25T00:00:00Z,DOTUSDT,-0.00008766
2025-12-25T08:00:00Z,DOTUSDT,-0.00001966
2025-12-25T16:00:00Z,DOTUSDT,0.0001
2025-12-26T00:00:00Z,DOTUSDT,-0.00013705
2025-12-26T08:00:00Z,DOTUSDT,0.0001
2025-12-26T16:00:00Z,DOTUSDT,0.00000609
2025-12-27T00:00:00Z,DOTUSDT,0.0001
2025-12-27T08:00:00Z,DOTUSDT,0.0001
2025-12-27T16:00:00Z,DOTUSDT,-0.0000658
2025-12-28T00:00:00Z,DOTUSDT,0.0001
2025-12-28T08:00:00Z,DOTUSDT,0.0001
2025-12-28T16:00:00Z,DOTUSDT,0.00003693
2025-12-29T00:00:00Z,DOTUSDT,-0.0002169
2025-12-29T08:00:00Z,DOTUSDT,0.00003185
2025-12-29T16:00:00Z,DOTUSDT,-0.0000008
2025-12-30T00:00:00Z,DOTUSDT,0.0001
2025-12-30T08:00:00Z,DOTUSDT,0.0001
2025-12-30T16:00:00Z,DOTUSDT,0.0001
2025-12-31T00:00:00Z,DOTUSDT,0.00003738
2025-12-31T08:00:00Z,DOTUSDT,0.0001
2025-12-31T16:00:00Z,DOTUSDT,0.0001
2026-01-01T00:00:00Z,DOTUSDT,0.0001
2026-01-01T08:00:00Z,DOTUSDT,0.0001
2026-01-01T16:00:00Z,DOTUSDT,0.0001
2026-01-02T00:00:00Z,DOTUSDT,0.0000153
2026-01-02T08:00:00Z,DOTUSDT,-0.00008287
2026-01-02T16:00:00Z,DOTUSDT,-0.00007657
2026-01-03T00:00:00Z,DOTUSDT,-0.00017125
2026-01-03T08:00:00Z,DOTUSDT,0.0001
2026-01-03T16:00:00Z,DOTUSDT,-0.00000604
2026-01-04T00:00:00Z,DOTUSDT,0.0001
2026-01-04T08:00:00Z,DOTUSDT,0.00005018
2026-01-04T16:00:00Z,DOTUSDT,0.00000197
2026-01-05T00:00:00Z,DOTUSDT,0.00007884
2026-01-05T08:00:00Z,DOTUSDT,0.00002373
2026-01-05T16:00:00Z,DOTUSDT,0.0001
2026-01-06T00:00:00Z,DOTUSDT,0.0001
2026-01-06T08:00:00Z,DOTUSDT,-0.00002915
2026-01-06T16:00:00Z,DOTUSDT,0.00005968
2026-01-07T00:00:00Z,DOTUSDT,0.0001
2026-01-07T08:00:00Z,DOTUSDT,0.0001
2026-01-07T16:00:00Z,DOTUSDT,0.00003154
2026-01-08T00:00:00Z,DOTUSDT,0.00003515
2026-01-08T08:00:00Z,DOTUSDT,0.00006104
2026-01-08T16:00:00Z,DOTUSDT,-0.00005083
2026-01-09T00:00:00Z,DOTUSDT,-0.00004108
2026-01-09T08:00:00Z,DOTUSDT,0.00007224
2026-01-09T16:00:00Z,DOTUSDT,-0.00007621
2026-01-10T00:00:00Z,DOTUSDT,-0.00006261
2026-01-10T08:00:00Z,DOTUSDT,0.00002322
2026-01-10T16:00:00Z,DOTUSDT,0.0001
2026-01-11T00:00:00Z,DOTUSDT,-0.00003449
2026-01-11T08:00:00Z,DOTUSDT,-0.00000343
2026-01-11T16:00:00Z,DOTUSDT,0.00001852
2026-01-12T00:00:00Z,DOTUSDT,-0.00005365
2026-01-12T08:00:00Z,DOTUSDT,0.00000976
2026-01-12T16:00:00Z,DOTUSDT,-0.00005699
2026-01-13T00:00:00Z,DOTUSDT,-0.00014662
2026-01-13T08:00:00Z,DOTUSDT,0.0001
2026-01-13T16:00:00Z,DOTUSDT,0.0001
2026-01-14T00:00:00Z,DOTUSDT,0.0001
2026-01-14T08:00:00Z,DOTUSDT,0.0001
2026-01-14T16:00:00Z,DOTUSDT,0.0001
2026-01-15T00:00:00Z,DOTUSDT,0.0001
2026-01-15T08:00:00Z,DOTUSDT,0.00005145
2026-01-15T16:00:00Z,DOTUSDT,0.00004892
2026-01-16T00:00:00Z,DOTUSDT,0.00000174
2026-01-16T08:00:00Z,DOTUSDT,-0.0000084
2026-01-16T16:00:00Z,DOTUSDT,0.00000134
2026-01-17T00:00:00Z,DOTUSDT,0.0001
2026-01-17T08:00:00Z,DOTUSDT,0.0001
2026-01-17T16:00:00Z,DOTUSDT,0.0001
2026-01-18T00:00:00Z,DOTUSDT,0.0001
2026-01-18T08:00:00Z,DOTUSDT,-0.00000156
2026-01-18T16:00:00Z,DOTUSDT,-0.00006094
2026-01-19T00:00:00Z,DOTUSDT,-0.00001465
2026-01-19T08:00:00Z,DOTUSDT,-0.00018406
2026-01-19T16:00:00Z,DOTUSDT,-0.00022286
2026-01-20T00:00:00Z,DOTUSDT,0.00009071
2026-01-20T08:00:00Z,DOTUSDT,0.00000748
2026-01-20T16:00:00Z,DOTUSDT,-0.00000941
2026-01-21T00:00:00Z,DOTUSDT,0.00007604
2026-01-21T08:00:00Z,DOTUSDT,0.0001
2026-01-21T16:00:00Z,DOTUSDT,0.0001
2026-01-22T00:00:00Z,DOTUSDT,0.0001
2026-01-22T08:00:00Z,DOTUSDT,-0.00005066
2026-01-22T16:00:00Z,DOTUSDT,-0.0000937
2026-01-23T00:00:00Z,DOTUSDT,0.00001331
2026-01-23T08:00:00Z,DOTUSDT,0.0001
2026-01-23T16:00:00Z,DOTUSDT,-0.00010347
2026-01-24T00:00:00Z,DOTUSDT,-0.00011929
2026-01-24T08:00:00Z,DOTUSDT,-0.00000995
2026-01-24T16:00:00Z,DOTUSDT,-0.00012811
2026-01-25T00:00:00Z,DOTUSDT,0.0001
2026-01-25T08:00:00Z,DOTUSDT,-0.00002743
2026-01-25T16:00:00Z,DOTUSDT,-0.00012523
2026-01-26T00:00:00Z,DOTUSDT,0.00000734
2026-01-26T08:00:00Z,DOTUSDT,0.0001
2026-01-26T16:00:00Z,DOTUSDT,0.0001
2026-01-27T00:00:00Z,DOTUSDT,0.00003889
2026-01-27T08:00:00Z,DOTUSDT,-0.00002946
2026-01-27T16:00:00Z,DOTUSDT,0.0001
2026-01-28T00:00:00Z,DOTUSDT,0.00008266
2026-01-28T08:00:00Z,DOTUSDT,0.00005009
2026-01-28T16:00:00Z,DOTUSDT,0.00000985
2026-01-29T00:00:00Z,DOTUSDT,0.0001
2026-01-29T08:00:00Z,DOTUSDT,0.0000127
2026-01-29T16:00:00Z,DOTUSDT,-0.00011899
2026-01-30T00:00:00Z,DOTUSDT,-0.00019363
2026-01-30T08:00:00Z,DOTUSDT,-0.00003878
2026-01-30T16:00:00Z,DOTUSDT,-0.00002886
2026-01-31T00:00:00Z,DOTUSDT,-0.00009071
2026-01-31T08:00:00Z,DOTUSDT,-0.00003287
2026-01-31T16:00:00Z,DOTUSDT,-0.00018908
2026-02-01T00:00:00Z,DOTUSDT,-0.00035864
2026-02-01T08:00:00Z,DOTUSDT,-0.0001535
2026-02-01T16:00:00Z,DOTUSDT,0.00008806
2026-02-02T00:00:00Z,DOTUSDT,0.00009818
2026-02-02T08:00:00Z,DOTUSDT,-0.00005247
2026-02-02T16:00:00Z,DOTUSDT,-0.0002685
2026-02-03T00:00:00Z,DOTUSDT,-0.00008913
2026-02-03T08:00:00Z,DOTUSDT,-0.00003252
2026-02-03T16:00:00Z,DOTUSDT,0.00003557
2026-02-04T00:00:00Z,DOTUSDT,0.0001
2026-02-04T08:00:00Z,DOTUSDT,0.0001
2026-02-04T16:00:00Z,DOTUSDT,0.0001
2026-02-05T00:00:00Z,DOTUSDT,0.0001
2026-02-05T08:00:00Z,DOTUSDT,0.00003594
2026-02-05T16:00:00Z,DOTUSDT,0.00008529
2026-02-06T00:00:00Z,DOTUSDT,-0.00001573
2026-02-06T08:00:00Z,DOTUSDT,-0.00010746
2026-02-06T16:00:00Z,DOTUSDT,-0.00021531
2026-02-07T00:00:00Z,DOTUSDT,-0.00003169
2026-02-07T08:00:00Z,DOTUSDT,-0.00001472
2026-02-07T16:00:00Z,DOTUSDT,0.0001
2026-02-08T00:00:00Z,DOTUSDT,0.00008663
2026-02-08T08:00:00Z,DOTUSDT,-0.00011467
2026-02-08T16:00:00Z,DOTUSDT,-0.00026082
2026-02-09T00:00:00Z,DOTUSDT,-0.00011002
2026-02-09T08:00:00Z,DOTUSDT,-0.00004551
2026-02-09T16:00:00Z,DOTUSDT,-0.00018056
2026-02-10T00:00:00Z,DOTUSDT,0.0001
2026-02-10T08:00:00Z,DOTUSDT,-0.00004732
2026-02-10T16:00:00Z,DOTUSDT,-0.00007002
2026-02-11T00:00:00Z,DOTUSDT,-0.00008408
2026-02-11T08:00:00Z,DOTUSDT,0.00002695
2026-02-11T16:00:00Z,DOTUSDT,-0.00006215
2026-02-12T00:00:00Z,DOTUSDT,-0.00010088
2026-02-12T08:00:00Z,DOTUSDT,-0.0000316
2026-02-12T16:00:00Z,DOTUSDT,-0.00016049
2026-02-13T00:00:00Z,DOTUSDT,0.00003521
2026-02-13T08:00:00Z,DOTUSDT,-0.00001141
2026-02-13T16:00:00Z,DOTUSDT,-0.00009
2026-02-14T00:00:00Z,DOTUSDT,-0.00010469
2026-02-14T08:00:00Z,DOTUSDT,0.0001
2026-02-14T16:00:00Z,DOTUSDT,0.0001
2026-02-15T00:00:00Z,DOTUSDT,-0.00000332
2026-02-15T08:00:00Z,DOTUSDT,-0.00003794
2026-02-15T16:00:00Z,DOTUSDT,-0.00001662
2026-02-16T00:00:00Z,DOTUSDT,-0.00011161
2026-02-16T08:00:00Z,DOTUSDT,-0.00007878
2026-02-16T16:00:00Z,DOTUSDT,-0.00020554
2026-02-17T00:00:00Z,DOTUSDT,-0.00006625
2026-02-17T08:00:00Z,DOTUSDT,-0.00007984
2026-02-17T16:00:00Z,DOTUSDT,-0.000091
2026-02-18T00:00:00Z,DOTUSDT,0.00001602
2026-02-18T08:00:00Z,DOTUSDT,-0.00012782
2026-02-18T16:00:00Z,DOTUSDT,-0.00003006
2026-02-19T00:00:00Z,DOTUSDT,-0.00008298
2026-02-19T08:00:00Z,DOTUSDT,-0.00010782
2026-02-19T16:00:00Z,DOTUSDT,-0.00023033
2026-02-20T00:00:00Z,DOTUSDT,-0.00026066
2026-02-20T08:00:00Z,DOTUSDT,-0.00021656
2026-02-20T16:00:00Z,DOTUSDT,-0.00008446
2026-02-21T00:00:00Z,DOTUSDT,0.00007702
2026-02-21T08:00:00Z,DOTUSDT,0.0001
2026-02-21T16:00:00Z,DOTUSDT,-0.00004826
2026-02-22T00:00:00Z,DOTUSDT,-0.00015641
2026-02-22T08:00:00Z,DOTUSDT,-0.00033973
2026-02-22T16:00:00Z,DOTUSDT,-0.00030304
2026-02-23T00:00:00Z,DOTUSDT,-0.00038972
2026-02-23T08:00:00Z,DOTUSDT,-0.00057121
2026-02-23T16:00:00Z,DOTUSDT,-0.00010988
2026-02-24T00:00:00Z,DOTUSDT,-0.00007156
2026-02-24T08:00:00Z,DOTUSDT,-0.00026054
2026-02-24T16:00:00Z,DOTUSDT,0.00007911
2026-02-25T00:00:00Z,DOTUSDT,-0.00017148
2026-02-25T08:00:00Z,DOTUSDT,-0.00017175
2026-02-25T16:00:00Z,DOTUSDT,0.0001
2026-02-26T00:00:00Z,DOTUSDT,0.0001
2026-02-26T08:00:00Z,DOTUSDT,0.0001
2026-02-26T16:00:00Z,DOTUSDT,-0.00012398
2026-02-27T00:00:00Z,DOTUSDT,0.0001
2026-02-27T08:00:00Z,DOTUSDT,0.00003956
2026-02-27T16:00:00Z,DOTUSDT,-0.00027531
2026-02-28T00:00:00Z,DOTUSDT,0.0000441
2026-02-28T08:00:00Z,DOTUSDT,0.0001
2026-02-28T16:00:00Z,DOTUSDT,0.0001
2026-03-01T00:00:00Z,DOTUSDT,0.0001
2026-03-01T08:00:00Z,DOTUSDT,-0.0001538
2026-03-01T16:00:00Z,DOTUSDT,-0.0001285
2026-03-02T00:00:00Z,DOTUSDT,0.00009298
2026-03-02T08:00:00Z,DOTUSDT,0.00009333
2026-03-02T16:00:00Z,DOTUSDT,0.00004861
2026-03-03T00:00:00Z,DOTUSDT,-0.00015735
2026-03-03T08:00:00Z,DOTUSDT,-0.00008244
2026-03-03T16:00:00Z,DOTUSDT,0.0000574
2026-03-04T00:00:00Z,DOTUSDT,0.0001
2026-03-04T08:00:00Z,DOTUSDT,0.00006712
2026-03-04T16:00:00Z,DOTUSDT,-0.00011268
2026-03-05T00:00:00Z,DOTUSDT,-0.00020346
2026-03-05T08:00:00Z,DOTUSDT,-0.00009084
2026-03-05T16:00:00Z,DOTUSDT,0.00000379
2026-03-06T00:00:00Z,DOTUSDT,0.00007286
2026-03-06T08:00:00Z,DOTUSDT,0.0001
2026-03-06T16:00:00Z,DOTUSDT,-0.00027646
2026-03-07T00:00:00Z,DOTUSDT,-0.0002619
2026-03-07T08:00:00Z,DOTUSDT,-0.00032959
2026-03-07T16:00:00Z,DOTUSDT,-0.0004955
2026-03-08T00:00:00Z,DOTUSDT,-0.00103309
2026-03-08T08:00:00Z,DOTUSDT,-0.0007771
2026-03-08T16:00:00Z,DOTUSDT,-0.00009758
2026-03-09T00:00:00Z,DOTUSDT,-0.00023032
2026-03-09T08:00:00Z,DOTUSDT,-0.00010186
2026-03-09T16:00:00Z,DOTUSDT,-0.0002313
2026-03-10T00:00:00Z,DOTUSDT,-0.00013353
2026-03-10T08:00:00Z,DOTUSDT,-0.00008896
2026-03-10T16:00:00Z,DOTUSDT,-0.00011615
2026-03-11T00:00:00Z,DOTUSDT,-0.00036845
2026-03-11T08:00:00Z,DOTUSDT,-0.00025152
2026-03-11T16:00:00Z,DOTUSDT,0.00008084
2026-03-12T00:00:00Z,DOTUSDT,0.00006534
2026-03-12T08:00:00Z,DOTUSDT,-0.00011672
2026-03-12T16:00:00Z,DOTUSDT,-0.00033535
2026-03-13T00:00:00Z,DOTUSDT,0.0001
2026-03-13T08:00:00Z,DOTUSDT,-0.00012892
2026-03-13T16:00:00Z,DOTUSDT,-0.00007608
2026-03-14T00:00:00Z,DOTUSDT,-0.00091382
2026-03-14T08:00:00Z,DOTUSDT,-0.00131653
2026-03-14T16:00:00Z,DOTUSDT,-0.00169809
2026-03-15T00:00:00Z,DOTUSDT,-0.0000848
2026-03-15T08:00:00Z,DOTUSDT,-0.00071185
2026-03-15T16:00:00Z,DOTUSDT,-0.00060653
2026-03-16T00:00:00Z,DOTUSDT,-0.00033316
2026-03-16T08:00:00Z,DOTUSDT,0.0001
2026-03-16T16:00:00Z,DOTUSDT,0.0001
2026-03-17T00:00:00Z,DOTUSDT,0.0001
2026-03-17T08:00:00Z,DOTUSDT,0.0001
2026-03-17T16:00:00Z,DOTUSDT,0.0001
2026-03-18T00:00:00Z,DOTUSDT,0.0001
2026-03-18T08:00:00Z,DOTUSDT,0.00008572
2026-03-18T16:00:00Z,DOTUSDT,0.00003902
2026-03-19T00:00:00Z,DOTUSDT,-0.00020988
2026-03-19T08:00:00Z,DOTUSDT,0.0001
2026-03-19T16:00:00Z,DOTUSDT,0.00003369
2026-03-20T00:00:00Z,DOTUSDT,-0.00002079
2026-03-20T08:00:00Z,DOTUSDT,0.00001549
2026-03-20T16:00:00Z,DOTUSDT,-0.00001624
2026-03-21T00:00:00Z,DOTUSDT,-0.0000268
2026-03-21T08:00:00Z,DOTUSDT,0.00003804
2026-03-21T16:00:00Z,DOTUSDT,0.00004099
2026-03-22T00:00:00Z,DOTUSDT,-0.00002791
2026-03-22T08:00:00Z,DOTUSDT,0.00002633
2026-03-22T16:00:00Z,DOTUSDT,0.00006348
2026-03-23T00:00:00Z,DOTUSDT,-0.00003165
2026-03-23T08:00:00Z,DOTUSDT,-0.00016092
2026-03-23T16:00:00Z,DOTUSDT,-0.00033672
2026-03-24T00:00:00Z,DOTUSDT,-0.00031622
2026-03-24T08:00:00Z,DOTUSDT,-0.00016775
2026-03-24T16:00:00Z,DOTUSDT,-0.0003537
2026-03-25T00:00:00Z,DOTUSDT,-0.00007485
2026-03-25T08:00:00Z,DOTUSDT,0.0001
2026-03-25T16:00:00Z,DOTUSDT,-0.0006732
2026-03-26T00:00:00Z,DOTUSDT,-0.00099809
2026-03-26T08:00:00Z,DOTUSDT,-0.00002734
2026-03-26T16:00:00Z,DOTUSDT,0.00009554
2026-03-27T00:00:00Z,DOTUSDT,0.0001
2026-03-27T08:00:00Z,DOTUSDT,0.0001
2026-03-27T16:00:00Z,DOTUSDT,-0.00010192
2026-03-28T00:00:00Z,DOTUSDT,0.0001
2026-03-28T08:00:00Z,DOTUSDT,-0.00018081
2026-03-28T16:00:00Z,DOTUSDT,-0.0000885
2026-03-29T00:00:00Z,DOTUSDT,-0.00005972
2026-03-29T08:00:00Z,DOTUSDT,-0.00012931
2026-03-29T16:00:00Z,DOTUSDT,0.00005352
2026-03-30T00:00:00Z,DOTUSDT,-0.00004773
2026-03-30T08:00:00Z,DOTUSDT,-0.00006617
2026-03-30T16:00:00Z,DOTUSDT,-0.00020976
2026-03-31T00:00:00Z,DOTUSDT,-0.00026511
2026-03-31T08:00:00Z,DOTUSDT,-0.0003039
2026-03-31T16:00:00Z,DOTUSDT,-0.00028375
2026-04-01T00:00:00Z,DOTUSDT,-0.00019134
2026-04-01T08:00:00Z,DOTUSDT,-0.00019648
2026-04-01T16:00:00Z,DOTUSDT,-0.00009025
2026-04-02T00:00:00Z,DOTUSDT,-0.00023581
2026-04-02T08:00:00Z,DOTUSDT,-0.00054257
2026-04-02T16:00:00Z,DOTUSDT,-0.00018962
2026-04-03T00:00:00Z,DOTUSDT,-0.00002376
2026-04-03T08:00:00Z,DOTUSDT,0.0001
2026-04-03T16:00:00Z,DOTUSDT,0.00000314
2026-04-04T00:00:00Z,DOTUSDT,-0.00010926
2026-04-04T08:00:00Z,DOTUSDT,-0.00014182
2026-04-04T16:00:00Z,DOTUSDT,-0.0000197
2026-04-05T00:00:00Z,DOTUSDT,-0.00002759
2026-04-05T08:00:00Z,DOTUSDT,-0.00025695
2026-04-05T16:00:00Z,DOTUSDT,-0.00005479
2026-04-06T00:00:00Z,DOTUSDT,-0.00052168
2026-04-06T08:00:00Z,DOTUSDT,0.00000923
2026-04-06T16:00:00Z,DOTUSDT,0.00008479
2026-04-07T00:00:00Z,DOTUSDT,-0.00020778
2026-04-07T08:00:00Z,DOTUSDT,-0.00004599
2026-04-07T16:00:00Z,DOTUSDT,-0.00009659
2026-04-08T00:00:00Z,DOTUSDT,0.0001
2026-04-08T08:00:00Z,DOTUSDT,0.0001
2026-04-08T16:00:00Z,DOTUSDT,0.0001
2026-04-09T00:00:00Z,DOTUSDT,0.0001
2026-04-09T08:00:00Z,DOTUSDT,-0.00012987
2026-04-09T16:00:00Z,DOTUSDT,-0.00014988
2026-04-10T00:00:00Z,DOTUSDT,-0.00002505
2026-04-10T08:00:00Z,DOTUSDT,0.0001
2026-04-10T16:00:00Z,DOTUSDT,0.00000979
2026-04-11T00:00:00Z,DOTUSDT,0.0001
2026-04-11T08:00:00Z,DOTUSDT,-0.00010783
2026-04-11T16:00:00Z,DOTUSDT,-0.00001716
2026-04-12T00:00:00Z,DOTUSDT,0.0000597
2026-04-12T08:00:00Z,DOTUSDT,-0.00037275
2026-04-12T16:00:00Z,DOTUSDT,-0.00118197
2026-04-13T00:00:00Z,DOTUSDT,-0.0004645
2026-04-13T08:00:00Z,DOTUSDT,-0.0015232
2026-04-13T16:00:00Z,DOTUSDT,-0.00175229
2026-04-14T00:00:00Z,DOTUSDT,-0.00184513
2026-04-14T08:00:00Z,DOTUSDT,-0.00056212
2026-04-14T16:00:00Z,DOTUSDT,-0.00121975
2026-04-15T00:00:00Z,DOTUSDT,-0.00280465
2026-04-15T08:00:00Z,DOTUSDT,-0.00095385
2026-04-15T16:00:00Z,DOTUSDT,-0.00090503
2026-04-16T00:00:00Z,DOTUSDT,-0.0007339
2026-04-16T08:00:00Z,DOTUSDT,0.00004741
2026-04-16T16:00:00Z,DOTUSDT,0.0001
2026-04-17T00:00:00Z,DOTUSDT,0.0001
2026-04-17T08:00:00Z,DOTUSDT,0.0001
2026-04-17T16:00:00Z,DOTUSDT,-0.00000958
2026-04-18T00:00:00Z,DOTUSDT,0.0001
2026-04-18T08:00:00Z,DOTUSDT,-0.00019039
2026-04-18T16:00:00Z,DOTUSDT,0.00007796
2026-04-19T00:00:00Z,DOTUSDT,0.00001677
2026-04-19T08:00:00Z,DOTUSDT,-0.00000331
2026-04-19T16:00:00Z,DOTUSDT,0.00007092
2026-04-20T00:00:00Z,DOTUSDT,-0.00008819
2026-04-20T08:00:00Z,DOTUSDT,-0.00015984
2026-04-20T16:00:00Z,DOTUSDT,0.00003502
2026-04-21T00:00:00Z,DOTUSDT,0.00005773
2026-04-21T08:00:00Z,DOTUSDT,0.00008928
2026-04-21T16:00:00Z,DOTUSDT,0.00006935
2026-04-22T00:00:00Z,DOTUSDT,0.00003406
2026-04-22T08:00:00Z,DOTUSDT,0.0001
2026-04-22T16:00:00Z,DOTUSDT,0.00008094
2026-04-23T00:00:00Z,DOTUSDT,-0.00011277
2026-04-23T08:00:00Z,DOTUSDT,-0.00039235
2026-04-23T16:00:00Z,DOTUSDT,-0.00022369
2026-04-24T00:00:00Z,DOTUSDT,-0.00018967
2026-04-24T08:00:00Z,DOTUSDT,-0.00008082
2026-04-24T16:00:00Z,DOTUSDT,0.00005534
2026-04-25T00:00:00Z,DOTUSDT,0.0001
2026-04-25T08:00:00Z,DOTUSDT,0.00006814
2026-04-25T16:00:00Z,DOTUSDT,-0.00005785
2026-04-26T00:00:00Z,DOTUSDT,0.00000266
2026-04-26T08:00:00Z,DOTUSDT,-0.00001455
2026-04-26T16:00:00Z,DOTUSDT,0.0001
2026-04-27T00:00:00Z,DOTUSDT,0.00007834
2026-04-27T08:00:00Z,DOTUSDT,-0.00014609
2026-04-27T16:00:00Z,DOTUSDT,-0.00020632
2026-04-28T00:00:00Z,DOTUSDT,-0.00018348
2026-04-28T08:00:00Z,DOTUSDT,0.00007833
2026-04-28T16:00:00Z,DOTUSDT,-0.00010091
2026-04-29T00:00:00Z,DOTUSDT,0.0001
2026-04-29T08:00:00Z,DOTUSDT,0.00008506
2026-04-29T16:00:00Z,DOTUSDT,-0.00013059
2026-04-30T00:00:00Z,DOTUSDT,-0.00006231
2026-04-30T08:00:00Z,DOTUSDT,-0.000015
2026-04-30T16:00:00Z,DOTUSDT,-0.00016435
2026-05-01T00:00:00Z,DOTUSDT,-0.00010738
2026-05-01T08:00:00Z,DOTUSDT,0.0001
2026-05-01T16:00:00Z,DOTUSDT,0.0000628
2026-05-02T00:00:00Z,DOTUSDT,-0.00003873
2026-05-02T08:00:00Z,DOTUSDT,-0.00013783
2026-05-02T16:00:00Z,DOTUSDT,0.00005713
2026-05-03T00:00:00Z,DOTUSDT,0.0001
2026-05-03T08:00:00Z,DOTUSDT,-0.00005
2026-05-03T16:00:00Z,DOTUSDT,-0.00019591
2026-05-04T00:00:00Z,DOTUSDT,0.0001
2026-05-04T08:00:00Z,DOTUSDT,0.0001
2026-05-04T16:00:00Z,DOTUSDT,0.00007134
2026-05-05T00:00:00Z,DOTUSDT,0.0001
2026-05-05T08:00:00Z,DOTUSDT,0.0001
2026-05-05T16:00:00Z,DOTUSDT,0.0001
2026-05-06T00:00:00Z,DOTUSDT,0.0001
2026-05-06T08:00:00Z,DOTUSDT,0.0001
2026-05-06T16:00:00Z,DOTUSDT,0.0001
2026-05-07T00:00:00Z,DOTUSDT,0.0001
2026-05-07T08:00:00Z,DOTUSDT,0.00005391
2026-05-07T16:00:00Z,DOTUSDT,0.00001198
2026-05-08T00:00:00Z,DOTUSDT,0.00003549
2026-05-08T08:00:00Z,DOTUSDT,0.0001
2026-05-08T16:00:00Z,DOTUSDT,0.0001
2026-05-09T00:00:00Z,DOTUSDT,0.0001
2026-05-09T08:00:00Z,DOTUSDT,0.00002558
2026-05-09T16:00:00Z,DOTUSDT,0.00007016
2026-05-10T00:00:00Z,DOTUSDT,0.00001227
2026-05-10T08:00:00Z,DOTUSDT,-0.00008678
2026-05-10T16:00:00Z,DOTUSDT,-0.00001889
2026-05-11T00:00:00Z,DOTUSDT,0.0001
2026-05-11T08:00:00Z,DOTUSDT,-0.00001777
2026-05-11T16:00:00Z,DOTUSDT,0.0001
2026-05-12T00:00:00Z,DOTUSDT,0.00005348
2026-05-12T08:00:00Z,DOTUSDT,-0.00003879
2026-05-12T16:00:00Z,DOTUSDT,0.0000237
2026-05-13T00:00:00Z,DOTUSDT,0.0001
2026-05-13T08:00:00Z,DOTUSDT,0.0001
2026-05-13T16:00:00Z,DOTUSDT,0.00002963
2026-05-14T00:00:00Z,DOTUSDT,-0.00006954
2026-05-14T08:00:00Z,DOTUSDT,0.00004751
2026-05-14T16:00:00Z,DOTUSDT,0.00008843
2026-05-15T00:00:00Z,DOTUSDT,0.0001
2026-05-15T08:00:00Z,DOTUSDT,0.0001
2026-05-15T16:00:00Z,DOTUSDT,-0.00010036
2026-05-16T00:00:00Z,DOTUSDT,0.00002794
2026-05-16T08:00:00Z,DOTUSDT,-0.00009635
2026-05-16T16:00:00Z,DOTUSDT,-0.00007779
2026-05-17T00:00:00Z,DOTUSDT,0.00007012
2026-05-17T08:00:00Z,DOTUSDT,-0.00009118
2026-05-17T16:00:00Z,DOTUSDT,-0.00005213
2026-05-18T00:00:00Z,DOTUSDT,0.00007393
2026-05-18T08:00:00Z,DOTUSDT,-0.00006226
2026-05-18T16:00:00Z,DOTUSDT,-0.00013607
2026-05-19T00:00:00Z,DOTUSDT,0.0001
2026-05-19T08:00:00Z,DOTUSDT,0.0001
2026-05-19T16:00:00Z,DOTUSDT,0.00008085
2026-05-20T00:00:00Z,DOTUSDT,0.00005545
2026-05-20T08:00:00Z,DOTUSDT,0.00002249
2026-05-20T16:00:00Z,DOTUSDT,0.00008446
2026-05-21T00:00:00Z,DOTUSDT,0.0001
2026-05-21T08:00:00Z,DOTUSDT,0.0001
2026-05-21T16:00:00Z,DOTUSDT,0.0001
2026-05-22T00:00:00Z,DOTUSDT,0.0001
2026-05-22T08:00:00Z,DOTUSDT,0.0001
2026-05-22T16:00:00Z,DOTUSDT,0.0001
2026-05-23T00:00:00Z,DOTUSDT,0.0001
2026-05-23T08:00:00Z,DOTUSDT,0.00005365
2026-05-23T16:00:00Z,DOTUSDT,-0.00003361
2026-05-24T00:00:00Z,DOTUSDT,0.0001
2026-05-24T08:00:00Z,DOTUSDT,0.00000761
2026-05-24T16:00:00Z,DOTUSDT,-0.00006143
2026-05-25T00:00:00Z,DOTUSDT,0.00003938
2026-05-25T08:00:00Z,DOTUSDT,0.00008527
2026-05-25T16:00:00Z,DOTUSDT,0.0001
2026-05-26T00:00:00Z,DOTUSDT,0.0001
2026-05-26T08:00:00Z,DOTUSDT,0.00002438
2026-05-26T16:00:00Z,DOTUSDT,0.0001
2026-05-27T00:00:00Z,DOTUSDT,-0.00015067
2026-05-27T08:00:00Z,DOTUSDT,-0.00004921
2026-05-27T16:00:00Z,DOTUSDT,0.0001
2026-05-28T00:00:00Z,DOTUSDT,0.00006395
2026-05-28T08:00:00Z,DOTUSDT,-0.00043783
2026-05-28T16:00:00Z,DOTUSDT,-0.00003516
2026-05-29T00:00:00Z,DOTUSDT,0.0001
2026-05-29T08:00:00Z,DOTUSDT,0.0001
2026-05-29T16:00:00Z,DOTUSDT,0.00002201
2026-05-30T00:00:00Z,DOTUSDT,0.0001
2026-05-30T08:00:00Z,DOTUSDT,0.0001
2026-05-30T16:00:00Z,DOTUSDT,0.00006593
2026-05-31T00:00:00Z,DOTUSDT,0.00001142
2026-05-31T08:00:00Z,DOTUSDT,-0.00001765
2026-05-31T16:00:00Z,DOTUSDT,-0.00018711
2026-06-01T00:00:00Z,DOTUSDT,0.00000649
2026-06-01T08:00:00Z,DOTUSDT,0.0001
2026-06-01T16:00:00Z,DOTUSDT,0.00004308
2026-06-02T00:00:00Z,DOTUSDT,0.00005947
2026-06-02T08:00:00Z,DOTUSDT,-0.00007855
2026-06-02T16:00:00Z,DOTUSDT,-0.00024989
2026-06-03T00:00:00Z,DOTUSDT,-0.00016811
2026-06-03T08:00:00Z,DOTUSDT,0.00009054
2026-06-03T16:00:00Z,DOTUSDT,0.0001
2026-06-04T00:00:00Z,DOTUSDT,0.00002622
2026-06-04T08:00:00Z,DOTUSDT,-0.00017852
2026-06-04T16:00:00Z,DOTUSDT,-0.0000371
2026-06-05T00:00:00Z,DOTUSDT,0.00002535
2026-06-05T08:00:00Z,DOTUSDT,-0.0000706
2026-06-05T16:00:00Z,DOTUSDT,-0.0000708
2026-06-06T00:00:00Z,DOTUSDT,-0.00014717
2026-06-06T08:00:00Z,DOTUSDT,-0.000237
2026-06-06T16:00:00Z,DOTUSDT,0.00006123
2026-06-07T00:00:00Z,DOTUSDT,0.00001293
2026-06-07T08:00:00Z,DOTUSDT,-0.0000206
2026-06-07T16:00:00Z,DOTUSDT,-0.00008016
2026-06-08T00:00:00Z,DOTUSDT,-0.00010894
2026-06-08T08:00:00Z,DOTUSDT,-0.00005379
2026-06-08T16:00:00Z,DOTUSDT,-0.0000662
2026-06-09T00:00:00Z,DOTUSDT,-0.00012556
2026-06-09T08:00:00Z,DOTUSDT,-0.00019477
2026-06-09T16:00:00Z,DOTUSDT,-0.00011067
2026-06-10T00:00:00Z,DOTUSDT,0.00005529
2026-06-10T08:00:00Z,DOTUSDT,0.0001
2026-06-10T16:00:00Z,DOTUSDT,0.00006492
2026-06-11T00:00:00Z,DOTUSDT,0.00000763
2026-06-11T08:00:00Z,DOTUSDT,0.00004418
2026-06-11T16:00:00Z,DOTUSDT,0.0001
2026-06-12T00:00:00Z,DOTUSDT,0.0001
2026-06-12T08:00:00Z,DOTUSDT,0.00000448
2026-06-12T16:00:00Z,DOTUSDT,0.00002908
2026-06-13T00:00:00Z,DOTUSDT,0.00003572
2026-06-13T08:00:00Z,DOTUSDT,0.00007353
2026-06-13T16:00:00Z,DOTUSDT,0.0001
2026-06-14T00:00:00Z,DOTUSDT,-0.00003699
2026-06-14T08:00:00Z,DOTUSDT,-0.00017843
2026-06-14T16:00:00Z,DOTUSDT,-0.00021971
2026-06-15T00:00:00Z,DOTUSDT,0.0000876
2026-06-15T08:00:00Z,DOTUSDT,0.00008529
2026-06-15T16:00:00Z,DOTUSDT,0.00009015
2026-06-16T00:00:00Z,DOTUSDT,0.0001
2026-06-16T08:00:00Z,DOTUSDT,0.0001
2026-06-16T16:00:00Z,DOTUSDT,0.00004116
2026-06-17T00:00:00Z,DOTUSDT,0.0001
2026-06-17T08:00:00Z,DOTUSDT,0.0000555
2026-06-17T16:00:00Z,DOTUSDT,0.00000785
2026-06-18T00:00:00Z,DOTUSDT,-0.00000544
2026-06-18T08:00:00Z,DOTUSDT,-0.00011472
2026-06-18T16:00:00Z,DOTUSDT,-0.00005187
2026-06-19T00:00:00Z,DOTUSDT,0.0001
2026-06-19T08:00:00Z,DOTUSDT,0.00002272
2026-06-19T16:00:00Z,DOTUSDT,-0.00013552
2026-06-20T00:00:00Z,DOTUSDT,0.00001786
2026-06-20T08:00:00Z,DOTUSDT,-0.00004658
2026-06-20T16:00:00Z,DOTUSDT,-0.00005016
2026-06-21T00:00:00Z,DOTUSDT,-0.00002677
2026-06-21T08:00:00Z,DOTUSDT,0.00003886
2026-06-21T16:00:00Z,DOTUSDT,0.0001
2026-06-22T00:00:00Z,DOTUSDT,0.00006056
2026-06-22T08:00:00Z,DOTUSDT,0.0000544
2026-06-22T16:00:00Z,DOTUSDT,0.00009903
2026-06-23T00:00:00Z,DOTUSDT,-0.00018726
2026-06-23T08:00:00Z,DOTUSDT,-0.00019653
2026-06-23T16:00:00Z,DOTUSDT,-0.00004541
2026-06-24T00:00:00Z,DOTUSDT,0.0001
2026-06-24T08:00:00Z,DOTUSDT,0.00003198
2026-06-24T16:00:00Z,DOTUSDT,0.0001
2026-06-25T00:00:00Z,DOTUSDT,0.00002743
2026-06-25T08:00:00Z,DOTUSDT,0.0000961
2026-06-25T16:00:00Z,DOTUSDT,0.00000997
2026-06-26T00:00:00Z,DOTUSDT,0.00004431
2026-06-26T08:00:00Z,DOTUSDT,-0.00017984
2026-06-26T16:00:00Z,DOTUSDT,0.00001686
2026-06-27T00:00:00Z,DOTUSDT,0.00009966
2026-06-27T08:00:00Z,DOTUSDT,-0.00004089
2026-06-27T16:00:00Z,DOTUSDT,-0.00009425
2026-06-28T00:00:00Z,DOTUSDT,-0.000193
2026-06-28T08:00:00Z,DOTUSDT,-0.00009791
2026-06-28T16:00:00Z,DOTUSDT,-0.00002267
2026-06-29T00:00:00Z,DOTUSDT,-0.0000335
2026-06-29T08:00:00Z,DOTUSDT,0.0001
2026-06-29T16:00:00Z,DOTUSDT,0.0001
2026-06-30T00:00:00Z,DOTUSDT,0.0001
2026-06-30T08:00:00Z,DOTUSDT,0.00002426
2026-06-30T16:00:00Z,DOTUSDT,0.0001
2026-07-01T00:00:00Z,DOTUSDT,0.0001
2026-07-01T08:00:00Z,DOTUSDT,0.0001
2026-07-01T16:00:00Z,DOTUSDT,0.0001
2026-07-02T00:00:00Z,DOTUSDT,0.00007142
2026-07-02T08:00:00Z,DOTUSDT,0.00000779
2026-07-02T16:00:00Z,DOTUSDT,-0.00000823
2026-07-03T00:00:00Z,DOTUSDT,-0.00008457
2026-07-03T08:00:00Z,DOTUSDT,0.00008307
2026-07-03T16:00:00Z,DOTUSDT,0.0001
2026-07-04T00:00:00Z,DOTUSDT,0.0001
2026-07-04T08:00:00Z,DOTUSDT,0.00001718
2026-07-04T16:00:00Z,DOTUSDT,-0.00003041
2026-07-05T00:00:00Z,DOTUSDT,0.00003477
2026-07-05T08:00:00Z,DOTUSDT,-0.00004337
2026-07-05T16:00:00Z,DOTUSDT,0.00003742
2026-07-06T00:00:00Z,DOTUSDT,0.0001
2026-07-06T08:00:00Z,DOTUSDT,-0.00004345
2026-07-06T16:00:00Z,DOTUSDT,0.00002026
2026-07-07T00:00:00Z,DOTUSDT,0.0001
2026-07-07T08:00:00Z,DOTUSDT,-0.00004459
2026-07-07T16:00:00Z,DOTUSDT,-0.00003186
2026-07-08T00:00:00Z,DOTUSDT,-0.00003299
2026-07-08T08:00:00Z,DOTUSDT,-0.00006114
2026-07-08T16:00:00Z,DOTUSDT,-0.00004699
2026-07-09T00:00:00Z,DOTUSDT,0.00002825
2026-07-09T08:00:00Z,DOTUSDT,-0.00000917
2026-07-09T16:00:00Z,DOTUSDT,-0.00002704
2026-07-10T00:00:00Z,DOTUSDT,-0.00001149
2026-07-10T08:00:00Z,DOTUSDT,0.0001
2026-07-10T16:00:00Z,DOTUSDT,0.0001
2026-07-11T00:00:00Z,DOTUSDT,0.0001
2026-07-11T08:00:00Z,DOTUSDT,0.0001
2026-07-11T16:00:00Z,DOTUSDT,0.0001
2026-07-12T00:00:00Z,DOTUSDT,0.0001
2026-07-12T08:00:00Z,DOTUSDT,-0.00004986
2026-07-12T16:00:00Z,DOTUSDT,0.0001
2026-07-13T00:00:00Z,DOTUSDT,-0.00000198
2026-07-13T08:00:00Z,DOTUSDT,-0.00009802
2026-07-13T16:00:00Z,DOTUSDT,0.0001
2026-07-14T00:00:00Z,DOTUSDT,-0.0000962
2026-07-14T08:00:00Z,DOTUSDT,0.0001
2026-07-14T16:00:00Z,DOTUSDT,0.0001
2026-07-15T00:00:00Z,DOTUSDT,0.00004053
2026-07-15T08:00:00Z,DOTUSDT,0.0001
2026-07-15T16:00:00Z,DOTUSDT,0.0001
2026-07-16T00:00:00Z,DOTUSDT,0.0001
2026-07-16T08:00:00Z,DOTUSDT,-0.00001752
2026-07-16T16:00:00Z,DOTUSDT,0.0001
2026-07-17T00:00:00Z,DOTUSDT,0.0001
2026-07-17T08:00:00Z,DOTUSDT,0.0001
2026-07-17T16:00:00Z,DOTUSDT,-0.00012529
2026-07-18T00:00:00Z,DOTUSDT,-0.00005549
2026-07-18T08:00:00Z,DOTUSDT,-0.00009776
2026-07-18T16:00:00Z,DOTUSDT,-0.00009261
2026-07-19T00:00:00Z,DOTUSDT,-0.00002815
2026-07-19T08:00:00Z,DOTUSDT,-0.0000666
2026-07-19T16:00:00Z,DOTUSDT,-0.00013679
2026-07-20T00:00:00Z,DOTUSDT,-0.00006862
2026-07-20T08:00:00Z,DOTUSDT,-0.00009478
2026-07-20T16:00:00Z,DOTUSDT,0.0001
2026-07-21T00:00:00Z,DOTUSDT,0.0001
2026-07-21T08:00:00Z,DOTUSDT,0.0001
2026-07-21T16:00:00Z,DOTUSDT,0.0001
2026-07-22T00:00:00Z,DOTUSDT,0.00009341
2026-07-22T08:00:00Z,DOTUSDT,-0.00000194
2026-07-22T16:00:00Z,DOTUSDT,0.0001
2026-07-23T00:00:00Z,DOTUSDT,0.0001
2026-07-23T08:00:00Z,DOTUSDT,-0.00003459
2026-07-23T16:00:00Z,DOTUSDT,-0.0000214
2026-07-24T00:00:00Z,DOTUSDT,0.00001397
2026-07-24T08:00:00Z,DOTUSDT,0.0001
2026-07-24T16:00:00Z,DOTUSDT,-0.0001375
2026-07-25T00:00:00Z,DOTUSDT,-0.00004941
2026-07-25T08:00:00Z,DOTUSDT,0.00007372
2026-07-25T16:00:00Z,DOTUSDT,0.00008403
2026-07-26T00:00:00Z,DOTUSDT,0.00003791
2026-07-26T08:00:00Z,DOTUSDT,0.0001
2026-07-26T16:00:00Z,DOTUSDT,0.00007294
2026-07-27T00:00:00Z,DOTUSDT,0.00004671
2026-07-27T08:00:00Z,DOTUSDT,0.00005192
2026-07-27T16:00:00Z,DOTUSDT,0.00000059
2026-07-28T00:00:00Z,DOTUSDT,-0.00016152
2026-07-28T08:00:00Z,DOTUSDT,-0.00017913
2026-07-28T16:00:00Z,DOTUSDT,-0.00009406
2026-07-29T00:00:00Z,DOTUSDT,0.0001
2026-07-29T08:00:00Z,DOTUSDT,0.0001
2026-07-29T16:00:00Z,DOTUSDT,0.0001
2026-07-30T00:00:00Z,DOTUSDT,0.0001
2026-07-30T08:00:00Z,DOTUSDT,0.0001
2026-07-30T16:00:00Z,DOTUSDT,0.0000949
2026-07-31T00:00:00Z,DOTUSDT,-0.00004558
2026-07-31T08:00:00Z,DOTUSDT,0.0001
2026-07-31T16:00:00Z,DOTUSDT,-0.00008512
2026-08-01T00:00:00Z,DOTUSDT,0.00002347
2026-08-01T08:00:00Z,DOTUSDT,0.00005516
2026-08-01T16:00:00Z,DOTUSDT,0.0001
2026-08-02T00:00:00Z,DOTUSDT,0.0001
2026-08-02T08:00:00Z,DOTUSDT,0.0001
2026-08-02T16:00:00Z,DOTUSDT,0.0001
2026-08-03T00:00:00Z,DOTUSDT,0.0001
2026-08-03T08:00:00Z,DOTUSDT,0.0001
2026-08-03T16:00:00Z,DOTUSDT,0.0001
2026-08-04T00:00:00Z,DOTUSDT,0.0001
2026-08-04T08:00:00Z,DOTUSDT,0.00009519
2026-08-04T16:00:00Z,DOTUSDT,0.00003103
2026-08-05T00:00:00Z,DOTUSDT,0.0001
2026-08-05T08:00:00Z,DOTUSDT,0.0001
2026-08-05T16:00:00Z,DOTUSDT,0.0001
2026-08-06T00:00:00Z,DOTUSDT,-0.00000222
2026-08-06T08:00:00Z,DOTUSDT,0.0001
2026-08-06T16:00:00Z,DOTUSDT,-0.00002688
2026-08-07T00:00:00Z,DOTUSDT,-0.00002571
2026-08-07T08:00:00Z,DOTUSDT,0.00008675
2026-08-07T16:00:00Z,DOTUSDT,-0.00008572
2026-08-08T00:00:00Z,DOTUSDT,0.00004171
2026-08-08T08:00:00Z,DOTUSDT,0.00002661
2026-08-08T16:00:00Z,DOTUSDT,0.00007678
2026-08-09T00:00:00Z,DOTUSDT,0.0000693
2026-08-09T08:00:00Z,DOTUSDT,0.0000621
2026-08-09T16:00:00Z,DOTUSDT,-0.00004654
2026-08-10T00:00:00Z,DOTUSDT,-0.00001565
2026-08-10T08:00:00Z,DOTUSDT,-0.00003396
2026-08-10T16:00:00Z,DOTUSDT,0.0001
2026-08-11T00:00:00Z,DOTUSDT,0.00006548
2026-08-11T08:00:00Z,DOTUSDT,0.0001
2026-08-11T16:00:00Z,DOTUSDT,0.00001131
2026-08-12T00:00:00Z,DOTUSDT,0.0001
2026-08-12T08:00:00Z,DOTUSDT,0.0000959
2026-08-12T16:00:00Z,DOTUSDT,0.0001
2026-08-13T00:00:00Z,DOTUSDT,-0.00004133
2026-08-13T08:00:00Z,DOTUSDT,-0.00006191
2026-08-13T16:00:00Z,DOTUSDT,-0.00001789
2026-08-14T00:00:00Z,DOTUSDT,0.00009464
2026-08-14T08:00:00Z,DOTUSDT,0.00008112
2026-08-14T16:00:00Z,DOTUSDT,-0.00002346
2026-08-15T00:00:00Z,DOTUSDT,-0.00013528
2026-08-15T08:00:00Z,DOTUSDT,-0.00006404
2026-08-15T16:00:00Z,DOTUSDT,-0.00001505
2026-08-16T00:00:00Z,DOTUSDT,-0.00001258
2026-08-16T08:00:00Z,DOTUSDT,-0.0000006
2026-08-16T16:00:00Z,DOTUSDT,0.0001
2026-08-17T00:00:00Z,DOTUSDT,-0.00005209
2026-08-17T08:00:00Z,DOTUSDT,-0.00001431
2026-08-17T16:00:00Z,DOTUSDT,-0.00012437
2026-08-18T00:00:00Z,DOTUSDT,0.00007155
2026-08-18T08:00:00Z,DOTUSDT,-0.00022733
2026-08-18T16:00:00Z,DOTUSDT,-0.00003185
2026-08-19T00:00:00Z,DOTUSDT,0.0001
2026-08-19T08:00:00Z,DOTUSDT,0.0001
2026-08-19T16:00:00Z,DOTUSDT,0.0001
2026-08-20T00:00:00Z,DOTUSDT,0.0001
2026-08-20T08:00:00Z,DOTUSDT,0.0001
2026-08-20T16:00:00Z,DOTUSDT,0.00004126
2026-08-21T00:00:00Z,DOTUSDT,0.0001
2026-08-21T08:00:00Z,DOTUSDT,0.0001
2026-08-21T16:00:00Z,DOTUSDT,0.0001
2026-08-22T00:00:00Z,DOTUSDT,0.0001
2026-08-22T08:00:00Z,DOTUSDT,0.0001
2026-08-22T16:00:00Z,DOTUSDT,0.0001
2026-08-23T00:00:00Z,DOTUSDT,0.0001
2026-08-23T08:00:00Z,DOTUSDT,0.0001
2026-08-23T16:00:00Z,DOTUSDT,0.0001
2026-08-24T00:00:00Z,DOTUSDT,0.0001
2026-08-24T08:00:00Z,DOTUSDT,0.0001
2026-08-24T16:00:00Z,DOTUSDT,0.0001
2026-08-25T00:00:00Z,DOTUSDT,0.0001
2026-08-25T08:00:00Z,DOTUSDT,0.0001
2026-08-25T16:00:00Z,DOTUSDT,0.0001
2026-08-26T00:00:00Z,DOTUSDT,0.0001
2026-08-26T08:00:00Z,DOTUSDT,0.0001
2026-08-26T16:00:00Z,DOTUSDT,0.0001
2026-08-27T00:00:00Z,DOTUSDT,0.0001
2026-08-27T08:00:00Z,DOTUSDT,0.0000402
2026-08-27T16:00:00Z,DOTUSDT,-0.00008334
2026-08-28T00:00:00Z,DOTUSDT,-0.00007934
2026-08-28T08:00:00Z,DOTUSDT,0.00000542
2026-08-28T16:00:00Z,DOTUSDT,0.00007297
2026-08-29T00:00:00Z,DOTUSDT,0.00005458
2026-08-29T08:00:00Z,DOTUSDT,-0.00007207
2026-08-29T16:00:00Z,DOTUSDT,0.00006102
2026-08-30T00:00:00Z,DOTUSDT,0.0001
2026-08-30T08:00:00Z,DOTUSDT,0.0001
2026-08-30T16:00:00Z,DOTUSDT,0.0001
2026-08-31T00:00:00Z,DOTUSDT,0.0001
2026-08-31T08:00:00Z,DOTUSDT,0.00000661
2026-08-31T16:00:00Z,DOTUSDT,0.00002594
2026-09-01T00:00:00Z,DOTUSDT,0.0001
2026-09-01T08:00:00Z,DOTUSDT,0.0001
2026-09-01T16:00:00Z,DOTUSDT,0.0001
2026-09-02T00:00:00Z,DOTUSDT,0.0001
2026-09-02T08:00:00Z,DOTUSDT,0.0001
2026-09-02T16:00:00Z,DOTUSDT,0.0001
2026-09-03T00:00:00Z,DOTUSDT,0.0001
2026-09-03T08:00:00Z,DOTUSDT,0.0001
2026-09-03T16:00:00Z,DOTUSDT,0.0001
2026-09-04T00:00:00Z,DOTUSDT,0.0001
2026-09-04T08:00:00Z,DOTUSDT,0.00004008
2026-09-04T16:00:00Z,DOTUSDT,-0.00001006
2026-09-05T00:00:00Z,DOTUSDT,0.0001
2026-09-05T08:00:00Z,DOTUSDT,0.0001
2026-09-05T16:00:00Z,DOTUSDT,0.0001
2026-09-06T00:00:00Z,DOTUSDT,0.0001
2026-09-06T08:00:00Z,DOTUSDT,0.0001
2026-09-06T16:00:00Z,DOTUSDT,0.0001
2026-09-07T00:00:00Z,DOTUSDT,0.0001
2026-09-07T08:00:00Z,DOTUSDT,0.0001
2026-09-07T16:00:00Z,DOTUSDT,0.0001
2026-09-08T00:00:00Z,DOTUSDT,0.0001
2026-09-08T08:00:00Z,DOTUSDT,0.0001
2026-09-08T16:00:00Z,DOTUSDT,0.0001
2026-09-09T00:00:00Z,DOTUSDT,0.0001
2026-09-09T08:00:00Z,DOTUSDT,0.0001
2026-09-09T16:00:00Z,DOTUSDT,0.0001
2026-09-10T00:00:00Z,DOTUSDT,0.0001
2026-09-10T08:00:00Z,DOTUSDT,0.00005059
2026-09-10T16:00:00Z,DOTUSDT,0.00008979
2026-09-11T00:00:00Z,DOTUSDT,-0.00004974
2026-09-11T08:00:00Z,DOTUSDT,-0.00016638
2026-09-11T16:00:00Z,DOTUSDT,0.0001
2026-09-12T00:00:00Z,DOTUSDT,0.00004467
2026-09-12T08:00:00Z,DOTUSDT,-0.00010759
2026-09-12T16:00:00Z,DOTUSDT,0.00007751
2026-09-13T00:00:00Z,DOTUSDT,0.0001
2026-09-13T08:00:00Z,DOTUSDT,0.0001
2026-09-13T16:00:00Z,DOTUSDT,0.00007318
2026-09-14T00:00:00Z,DOTUSDT,0.00003756
2026-09-14T08:00:00Z,DOTUSDT,-0.00011255
2026-09-14T16:00:00Z,DOTUSDT,0.00000916
2026-09-15T00:00:00Z,DOTUSDT,0.00003632
2026-09-15T08:00:00Z,DOTUSDT,0.00003978
2026-09-15T16:00:00Z,DOTUSDT,0.00004151
2026-09-16T00:00:00Z,DOTUSDT,0.0001
2026-09-16T08:00:00Z,DOTUSDT,-0.0001649
2026-09-16T16:00:00Z,DOTUSDT,-0.00022865
2026-09-17T00:00:00Z,DOTUSDT,0.0001
2026-09-17T08:00:00Z,DOTUSDT,0.0001
2026-09-17T16:00:00Z,DOTUSDT,0.0001
2026-09-18T00:00:00Z,DOTUSDT,0.0001
2026-09-18T08:00:00Z,DOTUSDT,0.0001
2026-09-18T16:00:00Z,DOTUSDT,0.0001
2026-09-19T00:00:00Z,DOTUSDT,0.0001
2026-09-19T08:00:00Z,DOTUSDT,0.0001
2026-09-19T16:00:00Z,DOTUSDT,0.0001
2026-09-20T00:00:00Z,DOTUSDT,0.0001
2026-09-20T08:00:00Z,DOTUSDT,0.0001
2026-09-20T16:00:00Z,DOTUSDT,0.00009693
2026-09-21T00:00:00Z,DOTUSDT,0.0001
2026-09-21T08:00:00Z,DOTUSDT,0.00005736
2026-09-21T16:00:00Z,DOTUSDT,0.0001
2026-09-22T00:00:00Z,DOTUSDT,0.0001
2026-09-22T08:00:00Z,DOTUSDT,0.0001
2026-09-22T16:00:00Z,DOTUSDT,0.0001
2026-09-23T00:00:00Z,DOTUSDT,0.0001
2026-09-23T08:00:00Z,DOTUSDT,0.0001
2026-09-23T16:00:00Z,DOTUSDT,-0.00001883
2026-09-24T00:00:00Z,DOTUSDT,-0.0001259
2026-09-24T08:00:00Z,DOTUSDT,-0.00000086
2026-09-24T16:00:00Z,DOTUSDT,0.0001
2026-09-25T00:00:00Z,DOTUSDT,0.0001
2026-09-25T08:00:00Z,DOTUSDT,0.0001
2026-09-25T16:00:00Z,DOTUSDT,0.0001
2026-09-26T00:00:00Z,DOTUSDT,0.0001
2026-09-26T08:00:00Z,DOTUSDT,0.0001
2026-09-26T16:00:00Z,DOTUSDT,0.0001
2026-09-27T00:00:00Z,DOTUSDT,0.0001
2026-09-27T08:00:00Z,DOTUSDT,0.0001
2026-09-27T16:00:00Z,DOTUSDT,-0.0000249
2026-09-28T00:00:00Z,DOTUSDT,0.0001
2026-09-28T08:00:00Z,DOTUSDT,0.0001
2026-09-28T16:00:00Z,DOTUSDT,0.0001
2026-09-29T00:00:00Z,DOTUSDT,0.0001
2026-09-29T08:00:00Z,DOTUSDT,0.0001
2026-09-29T16:00:00Z,DOTUSDT,0.0001
2026-09-30T00:00:00Z,DOTUSDT,0.0001
2026-09-30T08:00:00Z,DOTUSDT,0.0001
2026-09-30T16:00:00Z,DOTUSDT,0.0001
2026-10-01T00:00:00Z,DOTUSDT,0.0001
2026-10-01T08:00:00Z,DOTUSDT,0.0001
2026-10-01T16:00:00Z,DOTUSDT,-0.00005338
2026-10-02T00:00:00Z,DOTUSDT,-0.00001419
2026-10-02T08:00:00Z,DOTUSDT,0.0001
2026-10-02T16:00:00Z,DOTUSDT,0.0001
2026-10-03T00:00:00Z,DOTUSDT,-0.00018989
2026-10-03T08:00:00Z,DOTUSDT,0.00007577
2026-10-03T16:00:00Z,DOTUSDT,0.0001
2026-10-04T00:00:00Z,DOTUSDT,0.0001
2026-10-04T08:00:00Z,DOTUSDT,0.0001
2026-10-04T16:00:00Z,DOTUSDT,0.0001
2026-10-05T00:00:00Z,DOTUSDT,0.0001
2026-10-05T08:00:00Z,DOTUSDT,0.0001
2026-10-05T16:00:00Z,DOTUSDT,0.0001
2026-10-06T00:00:00Z,DOTUSDT,0.0001
2026-10-06T08:00:00Z,DOTUSDT,0.0001
2026-10-06T16:00:00Z,DOTUSDT,0.0001
2026-10-07T00:00:00Z,DOTUSDT,0.0001
2026-10-07T08:00:00Z,DOTUSDT,-0.00009096
2026-10-07T16:00:00Z,DOTUSDT,0.0001
2026-10-08T00:00:00Z,DOTUSDT,0.00007546
2026-10-08T08:00:00Z,DOTUSDT,0.00008849
2026-10-08T16:00:00Z,DOTUSDT,0.0001
2026-10-09T00:00:00Z,DOTUSDT,0.00003723
