timestamp,symbol,funding_rate
2023-10-09T00:00:00Z,ETHUSDT,-0.00003314
2023-10-09T08:00:00Z,ETHUSDT,0.00000541
2023-10-09T16:00:00Z,ETHUSDT,0.00000227
2023-10-10T00:00:00Z,ETHUSDT,0.00007476
2023-10-10T08:00:00Z,ETHUSDT,0.00007067
2023-10-10T16:00:00Z,ETHUSDT,0.00008641
2023-10-11T00:00:00Z,ETHUSDT,0.0000525
2023-10-11T08:00:00Z,ETHUSDT,0.00000722
2023-10-11T16:00:00Z,ETHUSDT,0.00005242
2023-10-12T00:00:00Z,ETHUSDT,0.00006487
2023-10-12T08:00:00Z,ETHUSDT,0.00006213
2023-10-12T16:00:00Z,ETHUSDT,0.00003613
2023-10-13T00:00:00Z,ETHUSDT,0.00003856
2023-10-13T08:00:00Z,ETHUSDT,0.0000623
2023-10-13T16:00:00Z,ETHUSDT,0.00003051
2023-10-14T00:00:00Z,ETHUSDT,0.0000296
2023-10-14T08:00:00Z,ETHUSDT,0.0000177
2023-10-14T16:00:00Z,ETHUSDT,0.0001
2023-10-15T00:00:00Z,ETHUSDT,0.0001
2023-10-15T08:00:00Z,ETHUSDT,0.00008891
2023-10-15T16:00:00Z,ETHUSDT,0.00003762
2023-10-16T00:00:00Z,ETHUSDT,0.00008919
2023-10-16T08:00:00Z,ETHUSDT,0.00004125
2023-10-16T16:00:00Z,ETHUSDT,0.00004418
2023-10-17T00:00:00Z,ETHUSDT,0.00001745
2023-10-17T08:00:00Z,ETHUSDT,0.00002554
2023-10-17T16:00:00Z,ETHUSDT,-0.00004403
2023-10-18T00:00:00Z,ETHUSDT,-0.00003016
2023-10-18T08:00:00Z,ETHUSDT,-0.00005841
2023-10-18T16:00:00Z,ETHUSDT,-0.00001312
2023-10-19T00:00:00Z,ETHUSDT,-0.00014382
2023-10-19T08:00:00Z,ETHUSDT,-0.00011677
2023-10-19T16:00:00Z,ETHUSDT,-0.00001264
2023-10-20T00:00:00Z,ETHUSDT,0.00006324
2023-10-20T08:00:00Z,ETHUSDT,0.00008903
2023-10-20T16:00:00Z,ETHUSDT,0.00007404
2023-10-21T00:00:00Z,ETHUSDT,0.00009135
2023-10-21T08:00:00Z,ETHUSDT,0.00005641
2023-10-21T16:00:00Z,ETHUSDT,0.00002131
2023-10-22T00:00:00Z,ETHUSDT,0.00009874
2023-10-22T08:00:00Z,ETHUSDT,0.0001
2023-10-22T16:00:00Z,ETHUSDT,0.00000418
2023-10-23T00:00:00Z,ETHUSDT,0.0001
2023-10-23T08:00:00Z,ETHUSDT,0.0001
2023-10-23T16:00:00Z,ETHUSDT,0.00006712
2023-10-24T00:00:00Z,ETHUSDT,0.0001
2023-10-24T08:00:00Z,ETHUSDT,0.0001
2023-10-24T16:00:00Z,ETHUSDT,0.0001
2023-10-25T00:00:00Z,ETHUSDT,0.0001
2023-10-25T08:00:00Z,ETHUSDT,0.0001
2023-10-25T16:00:00Z,ETHUSDT,0.0001
2023-10-26T00:00:00Z,ETHUSDT,0.0001
2023-10-26T08:00:00Z,ETHUSDT,0.0001
2023-10-26T16:00:00Z,ETHUSDT,0.0001
2023-10-27T00:00:00Z,ETHUSDT,0.0001
2023-10-27T08:00:00Z,ETHUSDT,0.0001
2023-10-27T16:00:00Z,ETHUSDT,0.0001
2023-10-28T00:00:00Z,ETHUSDT,0.0001
2023-10-28T08:00:00Z,ETHUSDT,0.0001
2023-10-28T16:00:00Z,ETHUSDT,0.0001
2023-10-29T00:00:00Z,ETHUSDT,0.0001
2023-10-29T08:00:00Z,ETHUSDT,0.0001
2023-10-29T16:00:00Z,ETHUSDT,0.0001
2023-10-30T00:00:00Z,ETHUSDT,0.0001
2023-10-30T08:00:00Z,ETHUSDT,0.0001
2023-10-30T16:00:00Z,ETHUSDT,0.0001
2023-10-31T00:00:00Z,ETHUSDT,0.0001
2023-10-31T08:00:00Z,ETHUSDT,0.0001
2023-10-31T16:00:00Z,ETHUSDT,0.0001
2023-11-01T00:00:00Z,ETHUSDT,0.0001
2023-11-01T08:00:00Z,ETHUSDT,0.00016919
2023-11-01T16:00:00Z,ETHUSDT,0.0001
2023-11-02T00:00:00Z,ETHUSDT,0.00020046
2023-11-02T08:00:00Z,ETHUSDT,0.0001356
2023-11-02T16:00:00Z,ETHUSDT,0.0001
2023-11-03T00:00:00Z,ETHUSDT,0.0001
2023-11-03T08:00:00Z,ETHUSDT,0.0001
2023-11-03T16:00:00Z,ETHUSDT,0.0001
2023-11-04T00:00:00Z,ETHUSDT,0.0001
2023-11-04T08:00:00Z,ETHUSDT,0.0001
2023-11-04T16:00:00Z,ETHUSDT,0.0001
2023-11-05T00:00:00Z,ETHUSDT,0.0001
2023-11-05T08:00:00Z,ETHUSDT,0.00010037
2023-11-05T16:00:00Z,ETHUSDT,0.00012957
2023-11-06T00:00:00Z,ETHUSDT,0.0001
2023-11-06T08:00:00Z,ETHUSDT,0.0001
2023-11-06T16:00:00Z,ETHUSDT,0.0001
2023-11-07T00:00:00Z,ETHUSDT,0.0001
2023-11-07T08:00:00Z,ETHUSDT,0.0001
2023-11-07T16:00:00Z,ETHUSDT,0.0001
2023-11-08T00:00:00Z,ETHUSDT,0.0001
2023-11-08T08:00:00Z,ETHUSDT,0.0001
2023-11-08T16:00:00Z,ETHUSDT,0.0001
2023-11-09T00:00:00Z,ETHUSDT,0.0001
2023-11-09T08:00:00Z,ETHUSDT,0.00011286
2023-11-09T16:00:00Z,ETHUSDT,0.00064556
2023-11-10T00:00:00Z,ETHUSDT,0.00042027
2023-11-10T08:00:00Z,ETHUSDT,0.00070545
2023-11-10T16:00:00Z,ETHUSDT,0.0002994
2023-11-11T00:00:00Z,ETHUSDT,0.00033141
2023-11-11T08:00:00Z,ETHUSDT,0.00027436
2023-11-11T16:00:00Z,ETHUSDT,0.00038352
2023-11-12T00:00:00Z,ETHUSDT,0.0001593
2023-11-12T08:00:00Z,ETHUSDT,0.00020558
2023-11-12T16:00:00Z,ETHUSDT,0.00044772
2023-11-13T00:00:00Z,ETHUSDT,0.00050234
2023-11-13T08:00:00Z,ETHUSDT,0.0002558
2023-11-13T16:00:00Z,ETHUSDT,0.00025917
2023-11-14T00:00:00Z,ETHUSDT,0.00018836
2023-11-14T08:00:00Z,ETHUSDT,0.0001
2023-11-14T16:00:00Z,ETHUSDT,0.0001
2023-11-15T00:00:00Z,ETHUSDT,0.0001
2023-11-15T08:00:00Z,ETHUSDT,0.0001
2023-11-15T16:00:00Z,ETHUSDT,0.0001
2023-11-16T00:00:00Z,ETHUSDT,0.0001
2023-11-16T08:00:00Z,ETHUSDT,0.00029039
2023-11-16T16:00:00Z,ETHUSDT,0.0001
2023-11-17T00:00:00Z,ETHUSDT,0.0001
2023-11-17T08:00:00Z,ETHUSDT,0.0001
2023-11-17T16:00:00Z,ETHUSDT,0.0001
2023-11-18T00:00:00Z,ETHUSDT,0.0001
2023-11-18T08:00:00Z,ETHUSDT,0.0001
2023-11-18T16:00:00Z,ETHUSDT,0.0001
2023-11-19T00:00:00Z,ETHUSDT,0.0001
2023-11-19T08:00:00Z,ETHUSDT,0.0001
2023-11-19T16:00:00Z,ETHUSDT,0.0001
2023-11-20T00:00:00Z,ETHUSDT,0.0001
2023-11-20T08:00:00Z,ETHUSDT,0.00011748
2023-11-20T16:00:00Z,ETHUSDT,0.00015755
2023-11-21T00:00:00Z,ETHUSDT,0.0001
2023-11-21T08:00:00Z,ETHUSDT,0.0001
2023-11-21T16:00:00Z,ETHUSDT,0.0001
2023-11-22T00:00:00Z,ETHUSDT,0.0001
2023-11-22T08:00:00Z,ETHUSDT,0.0001
2023-11-22T16:00:00Z,ETHUSDT,0.0001
2023-11-23T00:00:00Z,ETHUSDT,0.0001
2023-11-23T08:00:00Z,ETHUSDT,0.0001
2023-11-23T16:00:00Z,ETHUSDT,0.0001
2023-11-24T00:00:00Z,ETHUSDT,0.0001
2023-11-24T08:00:00Z,ETHUSDT,0.0001
2023-11-24T16:00:00Z,ETHUSDT,0.0001
2023-11-25T00:00:00Z,ETHUSDT,0.0001
2023-11-25T08:00:00Z,ETHUSDT,0.0001
2023-11-25T16:00:00Z,ETHUSDT,0.0001
2023-11-26T00:00:00Z,ETHUSDT,0.0001
2023-11-26T08:00:00Z,ETHUSDT,0.0001
2023-11-26T16:00:00Z,ETHUSDT,0.0001
2023-11-27T00:00:00Z,ETHUSDT,0.0001
2023-11-27T08:00:00Z,ETHUSDT,0.0001
2023-11-27T16:00:00Z,ETHUSDT,0.0001
2023-11-28T00:00:00Z,ETHUSDT,0.0001
2023-11-28T08:00:00Z,ETHUSDT,0.0001
2023-11-28T16:00:00Z,ETHUSDT,0.0001
2023-11-29T00:00:00Z,ETHUSDT,0.0001
2023-11-29T08:00:00Z,ETHUSDT,0.0001
2023-11-29T16:00:00Z,ETHUSDT,0.0001
2023-11-30T00:00:00Z,ETHUSDT,0.0001
2023-11-30T08:00:00Z,ETHUSDT,0.0001
2023-11-30T16:00:00Z,ETHUSDT,0.0001
2023-12-01T00:00:00Z,ETHUSDT,0.0001
2023-12-01T08:00:00Z,ETHUSDT,0.0001
2023-12-01T16:00:00Z,ETHUSDT,0.0001
2023-12-02T00:00:00Z,ETHUSDT,0.0001
2023-12-02T08:00:00Z,ETHUSDT,0.0001
2023-12-02T16:00:00Z,ETHUSDT,0.0001
2023-12-03T00:00:00Z,ETHUSDT,0.0001
2023-12-03T08:00:00Z,ETHUSDT,0.00020893
2023-12-03T16:00:00Z,ETHUSDT,0.0001
2023-12-04T00:00:00Z,ETHUSDT,0.0001
2023-12-04T08:00:00Z,ETHUSDT,0.00028675
2023-12-04T16:00:00Z,ETHUSDT,0.0001
2023-12-05T00:00:00Z,ETHUSDT,0.0001
2023-12-05T08:00:00Z,ETHUSDT,0.0001
2023-12-05T16:00:00Z,ETHUSDT,0.0001
2023-12-06T00:00:00Z,ETHUSDT,0.0001
2023-12-06T08:00:00Z,ETHUSDT,0.0001
2023-12-06T16:00:00Z,ETHUSDT,0.0001
2023-12-07T00:00:00Z,ETHUSDT,0.0001
2023-12-07T08:00:00Z,ETHUSDT,0.0001
2023-12-07T16:00:00Z,ETHUSDT,0.0001
2023-12-08T00:00:00Z,ETHUSDT,0.00030589
2023-12-08T08:00:00Z,ETHUSDT,0.00024793
2023-12-08T16:00:00Z,ETHUSDT,0.00022809
2023-12-09T00:00:00Z,ETHUSDT,0.0002135
2023-12-09T08:00:00Z,ETHUSDT,0.00038106
2023-12-09T16:00:00Z,ETHUSDT,0.00030686
2023-12-10T00:00:00Z,ETHUSDT,0.0001
2023-12-10T08:00:00Z,ETHUSDT,0.0001
2023-12-10T16:00:00Z,ETHUSDT,0.0001
2023-12-11T00:00:00Z,ETHUSDT,0.0002125
2023-12-11T08:00:00Z,ETHUSDT,0.0001
2023-12-11T16:00:00Z,ETHUSDT,0.0001
2023-12-12T00:00:00Z,ETHUSDT,0.00016302
2023-12-12T08:00:00Z,ETHUSDT,0.00016804
2023-12-12T16:00:00Z,ETHUSDT,0.0001
2023-12-13T00:00:00Z,ETHUSDT,0.0001
2023-12-13T08:00:00Z,ETHUSDT,0.0001
2023-12-13T16:00:00Z,ETHUSDT,0.000165
2023-12-14T00:00:00Z,ETHUSDT,0.0001
2023-12-14T08:00:00Z,ETHUSDT,0.0001
2023-12-14T16:00:00Z,ETHUSDT,0.00021791
2023-12-15T00:00:00Z,ETHUSDT,0.00012792
2023-12-15T08:00:00Z,ETHUSDT,0.00016732
2023-12-15T16:00:00Z,ETHUSDT,0.00018143
2023-12-16T00:00:00Z,ETHUSDT,0.0001
2023-12-16T08:00:00Z,ETHUSDT,0.00013155
2023-12-16T16:00:00Z,ETHUSDT,0.0001
2023-12-17T00:00:00Z,ETHUSDT,0.0001
2023-12-17T08:00:00Z,ETHUSDT,0.0001
2023-12-17T16:00:00Z,ETHUSDT,0.0001
2023-12-18T00:00:00Z,ETHUSDT,0.00023764
2023-12-18T08:00:00Z,ETHUSDT,0.0001
2023-12-18T16:00:00Z,ETHUSDT,0.0001
2023-12-19T00:00:00Z,ETHUSDT,0.00018221
2023-12-19T08:00:00Z,ETHUSDT,0.0001
2023-12-19T16:00:00Z,ETHUSDT,0.0001
2023-12-20T00:00:00Z,ETHUSDT,0.0001
2023-12-20T08:00:00Z,ETHUSDT,0.0001
2023-12-20T16:00:00Z,ETHUSDT,0.00021412
2023-12-21T00:00:00Z,ETHUSDT,0.00032431
2023-12-21T08:00:00Z,ETHUSDT,0.00017784
2023-12-21T16:00:00Z,ETHUSDT,0.00047259
2023-12-22T00:00:00Z,ETHUSDT,0.00048794
2023-12-22T08:00:00Z,ETHUSDT,0.00053
2023-12-22T16:00:00Z,ETHUSDT,0.00051349
2023-12-23T00:00:00Z,ETHUSDT,0.00026219
2023-12-23T08:00:00Z,ETHUSDT,0.00012324
2023-12-23T16:00:00Z,ETHUSDT,0.00017894
2023-12-24T00:00:00Z,ETHUSDT,0.00015976
2023-12-24T08:00:00Z,ETHUSDT,0.00022811
2023-12-24T16:00:00Z,ETHUSDT,0.00017793
2023-12-25T00:00:00Z,ETHUSDT,0.0001
2023-12-25T08:00:00Z,ETHUSDT,0.00016101
2023-12-25T16:00:00Z,ETHUSDT,0.0003346
2023-12-26T00:00:00Z,ETHUSDT,0.00033853
2023-12-26T08:00:00Z,ETHUSDT,0.00013265
2023-12-26T16:00:00Z,ETHUSDT,0.00025357
2023-12-27T00:00:00Z,ETHUSDT,0.00026731
2023-12-27T08:00:00Z,ETHUSDT,0.00034391
2023-12-27T16:00:00Z,ETHUSDT,0.0005471
2023-12-28T00:00:00Z,ETHUSDT,0.00045475
2023-12-28T08:00:00Z,ETHUSDT,0.00064179
2023-12-28T16:00:00Z,ETHUSDT,0.00052656
2023-12-29T00:00:00Z,ETHUSDT,0.0004258
2023-12-29T08:00:00Z,ETHUSDT,0.00041742
2023-12-29T16:00:00Z,ETHUSDT,0.00046429
2023-12-30T00:00:00Z,ETHUSDT,0.00032381
2023-12-30T08:00:00Z,ETHUSDT,0.00016786
2023-12-30T16:00:00Z,ETHUSDT,0.0002098
2023-12-31T00:00:00Z,ETHUSDT,0.00018919
2023-12-31T08:00:00Z,ETHUSDT,0.00015024
2023-12-31T16:00:00Z,ETHUSDT,0.00025447
2024-01-01T00:00:00Z,ETHUSDT,0.00022064
2024-01-01T08:00:00Z,ETHUSDT,0.0003212
2024-01-01T16:00:00Z,ETHUSDT,0.00043024
2024-01-02T00:00:00Z,ETHUSDT,0.00041193
2024-01-02T08:00:00Z,ETHUSDT,0.0004321
2024-01-02T16:00:00Z,ETHUSDT,0.00062325
2024-01-03T00:00:00Z,ETHUSDT,0.00031768
2024-01-03T08:00:00Z,ETHUSDT,0.00032611
2024-01-03T16:00:00Z,ETHUSDT,0.0001
2024-01-04T00:00:00Z,ETHUSDT,0.0001
2024-01-04T08:00:00Z,ETHUSDT,0.0001
2024-01-04T16:00:00Z,ETHUSDT,0.0001
2024-01-05T00:00:00Z,ETHUSDT,0.0001
2024-01-05T08:00:00Z,ETHUSDT,0.0001
2024-01-05T16:00:00Z,ETHUSDT,0.0001
2024-01-06T00:00:00Z,ETHUSDT,0.0001
2024-01-06T08:00:00Z,ETHUSDT,0.0001
2024-01-06T16:00:00Z,ETHUSDT,0.0001
2024-01-07T00:00:00Z,ETHUSDT,0.0001
2024-01-07T08:00:00Z,ETHUSDT,0.0001
2024-01-07T16:00:00Z,ETHUSDT,0.0001
2024-01-08T00:00:00Z,ETHUSDT,0.0001
2024-01-08T08:00:00Z,ETHUSDT,0.0001
2024-01-08T16:00:00Z,ETHUSDT,0.0001
2024-01-09T00:00:00Z,ETHUSDT,0.0001
2024-01-09T08:00:00Z,ETHUSDT,0.0001
2024-01-09T16:00:00Z,ETHUSDT,0.0001
2024-01-10T00:00:00Z,ETHUSDT,0.0001
2024-01-10T08:00:00Z,ETHUSDT,0.0001
2024-01-10T16:00:00Z,ETHUSDT,0.0001
2024-01-11T00:00:00Z,ETHUSDT,0.0001
2024-01-11T08:00:00Z,ETHUSDT,0.0001
2024-01-11T16:00:00Z,ETHUSDT,0.0001
2024-01-12T00:00:00Z,ETHUSDT,0.0001
2024-01-12T08:00:00Z,ETHUSDT,0.0001
2024-01-12T16:00:00Z,ETHUSDT,0.0001
2024-01-13T00:00:00Z,ETHUSDT,0.0001
2024-01-13T08:00:00Z,ETHUSDT,0.0001
2024-01-13T16:00:00Z,ETHUSDT,0.0001
2024-01-14T00:00:00Z,ETHUSDT,0.0001
2024-01-14T08:00:00Z,ETHUSDT,0.0001
2024-01-14T16:00:00Z,ETHUSDT,0.0001
2024-01-15T00:00:00Z,ETHUSDT,0.0001
2024-01-15T08:00:00Z,ETHUSDT,0.0001
2024-01-15T16:00:00Z,ETHUSDT,0.0001
2024-01-16T00:00:00Z,ETHUSDT,0.0001
2024-01-16T08:00:00Z,ETHUSDT,0.0001
2024-01-16T16:00:00Z,ETHUSDT,0.0001
2024-01-17T00:00:00Z,ETHUSDT,0.0001
2024-01-17T08:00:00Z,ETHUSDT,0.0001
2024-01-17T16:00:00Z,ETHUSDT,0.0001
2024-01-18T00:00:00Z,ETHUSDT,0.0001
2024-01-18T08:00:00Z,ETHUSDT,0.0001
2024-01-18T16:00:00Z,ETHUSDT,0.0001
2024-01-19T00:00:00Z,ETHUSDT,0.0001
2024-01-19T08:00:00Z,ETHUSDT,0.0001
2024-01-19T16:00:00Z,ETHUSDT,0.0001
2024-01-20T00:00:00Z,ETHUSDT,0.0001
2024-01-20T08:00:00Z,ETHUSDT,0.0001
2024-01-20T16:00:00Z,ETHUSDT,0.0001
2024-01-21T00:00:00Z,ETHUSDT,0.0001
2024-01-21T08:00:00Z,ETHUSDT,0.0001
2024-01-21T16:00:00Z,ETHUSDT,0.0001
2024-01-22T00:00:00Z,ETHUSDT,0.0001
2024-01-22T08:00:00Z,ETHUSDT,0.0001
2024-01-22T16:00:00Z,ETHUSDT,0.0001
2024-01-23T00:00:00Z,ETHUSDT,0.0001
2024-01-23T08:00:00Z,ETHUSDT,0.0001
2024-01-23T16:00:00Z,ETHUSDT,0.0001
2024-01-24T00:00:00Z,ETHUSDT,0.0001
2024-01-24T08:00:00Z,ETHUSDT,0.0001
2024-01-24T16:00:00Z,ETHUSDT,0.0001
2024-01-25T00:00:00Z,ETHUSDT,0.0001
2024-01-25T08:00:00Z,ETHUSDT,0.0001
2024-01-25T16:00:00Z,ETHUSDT,0.0001
2024-01-26T00:00:00Z,ETHUSDT,0.0001
2024-01-26T08:00:00Z,ETHUSDT,0.0001
2024-01-26T16:00:00Z,ETHUSDT,0.0001
2024-01-27T00:00:00Z,ETHUSDT,0.0001
2024-01-27T08:00:00Z,ETHUSDT,0.0001
2024-01-27T16:00:00Z,ETHUSDT,0.0001
2024-01-28T00:00:00Z,ETHUSDT,0.0001
2024-01-28T08:00:00Z,ETHUSDT,0.00004507
2024-01-28T16:00:00Z,ETHUSDT,0.00001384
2024-01-29T00:00:00Z,ETHUSDT,0.00006951
2024-01-29T08:00:00Z,ETHUSDT,0.0001
2024-01-29T16:00:00Z,ETHUSDT,0.0001
2024-01-30T00:00:00Z,ETHUSDT,0.0001
2024-01-30T08:00:00Z,ETHUSDT,0.0001
2024-01-30T16:00:00Z,ETHUSDT,0.0001
2024-01-31T00:00:00Z,ETHUSDT,0.0001
2024-01-31T08:00:00Z,ETHUSDT,0.0001
2024-01-31T16:00:00Z,ETHUSDT,0.00007863
2024-02-01T00:00:00Z,ETHUSDT,0.00001997
2024-02-01T08:00:00Z,ETHUSDT,0.00001135
2024-02-01T16:00:00Z,ETHUSDT,0.0001
2024-02-02T00:00:00Z,ETHUSDT,0.00008992
2024-02-02T08:00:00Z,ETHUSDT,-0.00001228
2024-02-02T16:00:00Z,ETHUSDT,0.00008816
2024-02-03T00:00:00Z,ETHUSDT,0.00007097
2024-02-03T08:00:00Z,ETHUSDT,0.00006271
2024-02-03T16:00:00Z,ETHUSDT,-0.00004991
2024-02-04T00:00:00Z,ETHUSDT,-0.00000437
2024-02-04T08:00:00Z,ETHUSDT,0.0001
2024-02-04T16:00:00Z,ETHUSDT,0.00006176
2024-02-05T00:00:00Z,ETHUSDT,0.00002355
2024-02-05T08:00:00Z,ETHUSDT,0.0001
2024-02-05T16:00:00Z,ETHUSDT,0.0001
2024-02-06T00:00:00Z,ETHUSDT,0.00004279
2024-02-06T08:00:00Z,ETHUSDT,0.0001
2024-02-06T16:00:00Z,ETHUSDT,0.0001
2024-02-07T00:00:00Z,ETHUSDT,0.0001
2024-02-07T08:00:00Z,ETHUSDT,-0.00000026
2024-02-07T16:00:00Z,ETHUSDT,0.00005773
2024-02-08T00:00:00Z,ETHUSDT,0.00007137
2024-02-08T08:00:00Z,ETHUSDT,0.0001
2024-02-08T16:00:00Z,ETHUSDT,0.0001
2024-02-09T00:00:00Z,ETHUSDT,0.00006885
2024-02-09T08:00:00Z,ETHUSDT,0.0001
2024-02-09T16:00:00Z,ETHUSDT,0.0001
2024-02-10T00:00:00Z,ETHUSDT,0.0001
2024-02-10T08:00:00Z,ETHUSDT,0.0001
2024-02-10T16:00:00Z,ETHUSDT,0.0001
2024-02-11T00:00:00Z,ETHUSDT,0.0001
2024-02-11T08:00:00Z,ETHUSDT,0.0001
2024-02-11T16:00:00Z,ETHUSDT,0.0001
2024-02-12T00:00:00Z,ETHUSDT,0.0001
2024-02-12T08:00:00Z,ETHUSDT,0.00005746
2024-02-12T16:00:00Z,ETHUSDT,0.0001
2024-02-13T00:00:00Z,ETHUSDT,0.0001
2024-02-13T08:00:00Z,ETHUSDT,0.0001
2024-02-13T16:00:00Z,ETHUSDT,0.00012656
2024-02-14T00:00:00Z,ETHUSDT,0.00012583
2024-02-14T08:00:00Z,ETHUSDT,0.00012437
2024-02-14T16:00:00Z,ETHUSDT,0.00018199
2024-02-15T00:00:00Z,ETHUSDT,0.00017061
2024-02-15T08:00:00Z,ETHUSDT,0.00015109
2024-02-15T16:00:00Z,ETHUSDT,0.00023452
2024-02-16T00:00:00Z,ETHUSDT,0.00019368
2024-02-16T08:00:00Z,ETHUSDT,0.00016461
2024-02-16T16:00:00Z,ETHUSDT,0.0001
2024-02-17T00:00:00Z,ETHUSDT,0.0001
2024-02-17T08:00:00Z,ETHUSDT,0.0001
2024-02-17T16:00:00Z,ETHUSDT,0.0001
2024-02-18T00:00:00Z,ETHUSDT,0.0001
2024-02-18T08:00:00Z,ETHUSDT,0.00014056
2024-02-18T16:00:00Z,ETHUSDT,0.0001
2024-02-19T00:00:00Z,ETHUSDT,0.0001
2024-02-19T08:00:00Z,ETHUSDT,0.0001
2024-02-19T16:00:00Z,ETHUSDT,0.0001
2024-02-20T00:00:00Z,ETHUSDT,0.00021742
2024-02-20T08:00:00Z,ETHUSDT,0.0001
2024-02-20T16:00:00Z,ETHUSDT,0.00018636
2024-02-21T00:00:00Z,ETHUSDT,0.00010138
2024-02-21T08:00:00Z,ETHUSDT,0.0001
2024-02-21T16:00:00Z,ETHUSDT,0.0001
2024-02-22T00:00:00Z,ETHUSDT,0.0001
2024-02-22T08:00:00Z,ETHUSDT,0.0001
2024-02-22T16:00:00Z,ETHUSDT,0.0001
2024-02-23T00:00:00Z,ETHUSDT,0.0001
2024-02-23T08:00:00Z,ETHUSDT,0.0001
2024-02-23T16:00:00Z,ETHUSDT,0.0001
2024-02-24T00:00:00Z,ETHUSDT,0.0001
2024-02-24T08:00:00Z,ETHUSDT,0.0001
2024-02-24T16:00:00Z,ETHUSDT,0.0001
2024-02-25T00:00:00Z,ETHUSDT,0.0001
2024-02-25T08:00:00Z,ETHUSDT,0.0001
2024-02-25T16:00:00Z,ETHUSDT,0.0001
2024-02-26T00:00:00Z,ETHUSDT,0.00035395
2024-02-26T08:00:00Z,ETHUSDT,0.00011069
2024-02-26T16:00:00Z,ETHUSDT,0.00013929
2024-02-27T00:00:00Z,ETHUSDT,0.00016828
2024-02-27T08:00:00Z,ETHUSDT,0.00021804
2024-02-27T16:00:00Z,ETHUSDT,0.0001
2024-02-28T00:00:00Z,ETHUSDT,0.0001
2024-02-28T08:00:00Z,ETHUSDT,0.0001
2024-02-28T16:00:00Z,ETHUSDT,0.00024289
2024-02-29T00:00:00Z,ETHUSDT,0.00037472
2024-02-29T08:00:00Z,ETHUSDT,0.0005852
2024-02-29T16:00:00Z,ETHUSDT,0.00062723
2024-03-01T00:00:00Z,ETHUSDT,0.00034147
2024-03-01T08:00:00Z,ETHUSDT,0.0001
2024-03-01T16:00:00Z,ETHUSDT,0.0003705
2024-03-02T00:00:00Z,ETHUSDT,0.00026264
2024-03-02T08:00:00Z,ETHUSDT,0.00033605
2024-03-02T16:00:00Z,ETHUSDT,0.00038716
2024-03-03T00:00:00Z,ETHUSDT,0.00023132
2024-03-03T08:00:00Z,ETHUSDT,0.00034393
2024-03-03T16:00:00Z,ETHUSDT,0.00036188
2024-03-04T00:00:00Z,ETHUSDT,0.00024728
2024-03-04T08:00:00Z,ETHUSDT,0.00027558
2024-03-04T16:00:00Z,ETHUSDT,0.00031384
2024-03-05T00:00:00Z,ETHUSDT,0.00035119
2024-03-05T08:00:00Z,ETHUSDT,0.00090826
2024-03-05T16:00:00Z,ETHUSDT,0.00097166
2024-03-06T00:00:00Z,ETHUSDT,0.00016221
2024-03-06T08:00:00Z,ETHUSDT,0.00041667
2024-03-06T16:00:00Z,ETHUSDT,0.00045771
2024-03-07T00:00:00Z,ETHUSDT,0.00030965
2024-03-07T08:00:00Z,ETHUSDT,0.00027619
2024-03-07T16:00:00Z,ETHUSDT,0.00045527
2024-03-08T00:00:00Z,ETHUSDT,0.00035793
2024-03-08T08:00:00Z,ETHUSDT,0.00052808
2024-03-08T16:00:00Z,ETHUSDT,0.00051623
2024-03-09T00:00:00Z,ETHUSDT,0.00024778
2024-03-09T08:00:00Z,ETHUSDT,0.00048323
2024-03-09T16:00:00Z,ETHUSDT,0.00046204
2024-03-10T00:00:00Z,ETHUSDT,0.00036152
2024-03-10T08:00:00Z,ETHUSDT,0.00061371
2024-03-10T16:00:00Z,ETHUSDT,0.00028218
2024-03-11T00:00:00Z,ETHUSDT,0.00027191
2024-03-11T08:00:00Z,ETHUSDT,0.00066216
2024-03-11T16:00:00Z,ETHUSDT,0.00066537
2024-03-12T00:00:00Z,ETHUSDT,0.00067309
2024-03-12T08:00:00Z,ETHUSDT,0.00026263
2024-03-12T16:00:00Z,ETHUSDT,0.00044267
2024-03-13T00:00:00Z,ETHUSDT,0.00041296
2024-03-13T08:00:00Z,ETHUSDT,0.00047645
2024-03-13T16:00:00Z,ETHUSDT,0.00048064
2024-03-14T00:00:00Z,ETHUSDT,0.00042353
2024-03-14T08:00:00Z,ETHUSDT,0.00042843
2024-03-14T16:00:00Z,ETHUSDT,0.00052349
2024-03-15T00:00:00Z,ETHUSDT,0.00044491
2024-03-15T08:00:00Z,ETHUSDT,0.00029228
2024-03-15T16:00:00Z,ETHUSDT,0.00032197
2024-03-16T00:00:00Z,ETHUSDT,0.00017064
2024-03-16T08:00:00Z,ETHUSDT,0.00012559
2024-03-16T16:00:00Z,ETHUSDT,0.0001423
2024-03-17T00:00:00Z,ETHUSDT,0.0001
2024-03-17T08:00:00Z,ETHUSDT,0.0001
2024-03-17T16:00:00Z,ETHUSDT,0.00027589
2024-03-18T00:00:00Z,ETHUSDT,0.0001
2024-03-18T08:00:00Z,ETHUSDT,0.00019825
2024-03-18T16:00:00Z,ETHUSDT,0.00012434
2024-03-19T00:00:00Z,ETHUSDT,0.0001949
2024-03-19T08:00:00Z,ETHUSDT,0.0001
2024-03-19T16:00:00Z,ETHUSDT,0.00013453
2024-03-20T00:00:00Z,ETHUSDT,0.0001
2024-03-20T08:00:00Z,ETHUSDT,0.0001
2024-03-20T16:00:00Z,ETHUSDT,0.0001
2024-03-21T00:00:00Z,ETHUSDT,0.0001
2024-03-21T08:00:00Z,ETHUSDT,0.00017117
2024-03-21T16:00:00Z,ETHUSDT,0.00010625
2024-03-22T00:00:00Z,ETHUSDT,0.00019284
2024-03-22T08:00:00Z,ETHUSDT,0.00018726
2024-03-22T16:00:00Z,ETHUSDT,0.0001
2024-03-23T00:00:00Z,ETHUSDT,0.0001
2024-03-23T08:00:00Z,ETHUSDT,0.00010191
2024-03-23T16:00:00Z,ETHUSDT,0.00017757
2024-03-24T00:00:00Z,ETHUSDT,0.0001
2024-03-24T08:00:00Z,ETHUSDT,0.0001
2024-03-24T16:00:00Z,ETHUSDT,0.00010575
2024-03-25T00:00:00Z,ETHUSDT,0.00013323
2024-03-25T08:00:00Z,ETHUSDT,0.00017184
2024-03-25T16:00:00Z,ETHUSDT,0.00026078
2024-03-26T00:00:00Z,ETHUSDT,0.0003498
2024-03-26T08:00:00Z,ETHUSDT,0.00021681
2024-03-26T16:00:00Z,ETHUSDT,0.00022147
2024-03-27T00:00:00Z,ETHUSDT,0.00037683
2024-03-27T08:00:00Z,ETHUSDT,0.0003634
2024-03-27T16:00:00Z,ETHUSDT,0.00030914
2024-03-28T00:00:00Z,ETHUSDT,0.0004432
2024-03-28T08:00:00Z,ETHUSDT,0.00036744
2024-03-28T16:00:00Z,ETHUSDT,0.00047361
2024-03-29T00:00:00Z,ETHUSDT,0.00042266
2024-03-29T08:00:00Z,ETHUSDT,0.00043628
2024-03-29T16:00:00Z,ETHUSDT,0.00042726
2024-03-30T00:00:00Z,ETHUSDT,0.00033128
2024-03-30T08:00:00Z,ETHUSDT,0.00036968
2024-03-30T16:00:00Z,ETHUSDT,0.00058362
2024-03-31T00:00:00Z,ETHUSDT,0.00044988
2024-03-31T08:00:00Z,ETHUSDT,0.0006828
2024-03-31T16:00:00Z,ETHUSDT,0.00058436
2024-04-01T00:00:00Z,ETHUSDT,0.00075064
2024-04-01T08:00:00Z,ETHUSDT,0.00034343
2024-04-01T16:00:00Z,ETHUSDT,0.00012708
2024-04-02T00:00:00Z,ETHUSDT,0.00035191
2024-04-02T08:00:00Z,ETHUSDT,0.00020943
2024-04-02T16:00:00Z,ETHUSDT,0.0001362
2024-04-03T00:00:00Z,ETHUSDT,0.0001
2024-04-03T08:00:00Z,ETHUSDT,0.00011251
2024-04-03T16:00:00Z,ETHUSDT,0.0001
2024-04-04T00:00:00Z,ETHUSDT,0.0001
2024-04-04T08:00:00Z,ETHUSDT,0.0001
2024-04-04T16:00:00Z,ETHUSDT,0.0001
2024-04-05T00:00:00Z,ETHUSDT,0.0001
2024-04-05T08:00:00Z,ETHUSDT,0.0001
2024-04-05T16:00:00Z,ETHUSDT,0.0001
2024-04-06T00:00:00Z,ETHUSDT,0.0001
2024-04-06T08:00:00Z,ETHUSDT,0.0001
2024-04-06T16:00:00Z,ETHUSDT,0.0001
2024-04-07T00:00:00Z,ETHUSDT,0.0001
2024-04-07T08:00:00Z,ETHUSDT,0.0001
2024-04-07T16:00:00Z,ETHUSDT,0.0001
2024-04-08T00:00:00Z,ETHUSDT,0.00011071
2024-04-08T08:00:00Z,ETHUSDT,0.0001
2024-04-08T16:00:00Z,ETHUSDT,0.00016766
2024-04-09T00:00:00Z,ETHUSDT,0.00026624
2024-04-09T08:00:00Z,ETHUSDT,0.00010677
2024-04-09T16:00:00Z,ETHUSDT,0.0001146
2024-04-10T00:00:00Z,ETHUSDT,0.00017313
2024-04-10T08:00:00Z,ETHUSDT,0.0001
2024-04-10T16:00:00Z,ETHUSDT,0.0001
2024-04-11T00:00:00Z,ETHUSDT,0.0001
2024-04-11T08:00:00Z,ETHUSDT,0.0001
2024-04-11T16:00:00Z,ETHUSDT,0.0001
2024-04-12T00:00:00Z,ETHUSDT,0.0001
2024-04-12T08:00:00Z,ETHUSDT,0.0001
2024-04-12T16:00:00Z,ETHUSDT,0.0001
2024-04-13T00:00:00Z,ETHUSDT,0.0001
2024-04-13T08:00:00Z,ETHUSDT,0.0001
2024-04-13T16:00:00Z,ETHUSDT,0.0001
2024-04-14T00:00:00Z,ETHUSDT,-0.00014525
2024-04-14T08:00:00Z,ETHUSDT,0.0001
2024-04-14T16:00:00Z,ETHUSDT,0.0001
2024-04-15T00:00:00Z,ETHUSDT,0.00007312
2024-04-15T08:00:00Z,ETHUSDT,0.00006064
2024-04-15T16:00:00Z,ETHUSDT,-0.00001996
2024-04-16T00:00:00Z,ETHUSDT,0.0001
2024-04-16T08:00:00Z,ETHUSDT,0.00008564
2024-04-16T16:00:00Z,ETHUSDT,0.00008172
2024-04-17T00:00:00Z,ETHUSDT,0.00002604
2024-04-17T08:00:00Z,ETHUSDT,-0.00004888
2024-04-17T16:00:00Z,ETHUSDT,-0.00006242
2024-04-18T00:00:00Z,ETHUSDT,0.0001
2024-04-18T08:00:00Z,ETHUSDT,-0.00002211
2024-04-18T16:00:00Z,ETHUSDT,0.00002602
2024-04-19T00:00:00Z,ETHUSDT,-0.00003191
2024-04-19T08:00:00Z,ETHUSDT,0.0001
2024-04-19T16:00:00Z,ETHUSDT,0.00009376
2024-04-20T00:00:00Z,ETHUSDT,0.00004122
2024-04-20T08:00:00Z,ETHUSDT,0.00000273
2024-04-20T16:00:00Z,ETHUSDT,0.00000169
2024-04-21T00:00:00Z,ETHUSDT,0.00008775
2024-04-21T08:00:00Z,ETHUSDT,0.00007108
2024-04-21T16:00:00Z,ETHUSDT,-0.00005185
2024-04-22T00:00:00Z,ETHUSDT,0.00004056
2024-04-22T08:00:00Z,ETHUSDT,0.00005759
2024-04-22T16:00:00Z,ETHUSDT,-0.0000633
2024-04-23T00:00:00Z,ETHUSDT,0.00003609
2024-04-23T08:00:00Z,ETHUSDT,-0.00005845
2024-04-23T16:00:00Z,ETHUSDT,0.0001
2024-04-24T00:00:00Z,ETHUSDT,0.00004137
2024-04-24T08:00:00Z,ETHUSDT,0.0001
2024-04-24T16:00:00Z,ETHUSDT,0.00001485
2024-04-25T00:00:00Z,ETHUSDT,0.00000367
2024-04-25T08:00:00Z,ETHUSDT,-0.00005597
2024-04-25T16:00:00Z,ETHUSDT,0.00002514
2024-04-26T00:00:00Z,ETHUSDT,0.00001694
2024-04-26T08:00:00Z,ETHUSDT,-0.00002223
2024-04-26T16:00:00Z,ETHUSDT,0.00005832
2024-04-27T00:00:00Z,ETHUSDT,0.00006533
2024-04-27T08:00:00Z,ETHUSDT,0.0001
2024-04-27T16:00:00Z,ETHUSDT,0.00005917
2024-04-28T00:00:00Z,ETHUSDT,0.0001
2024-04-28T08:00:00Z,ETHUSDT,-0.00005484
2024-04-28T16:00:00Z,ETHUSDT,0.00004804
2024-04-29T00:00:00Z,ETHUSDT,0.00002697
2024-04-29T08:00:00Z,ETHUSDT,0.00008995
2024-04-29T16:00:00Z,ETHUSDT,0.00004819
2024-04-30T00:00:00Z,ETHUSDT,0.0001
2024-04-30T08:00:00Z,ETHUSDT,0.0001
2024-04-30T16:00:00Z,ETHUSDT,0.0000104
2024-05-01T00:00:00Z,ETHUSDT,0.00005014
2024-05-01T08:00:00Z,ETHUSDT,0.00004099
2024-05-01T16:00:00Z,ETHUSDT,0.00008232
2024-05-02T00:00:00Z,ETHUSDT,0.0001
2024-05-02T08:00:00Z,ETHUSDT,0.00004547
2024-05-02T16:00:00Z,ETHUSDT,0.00006825
2024-05-03T00:00:00Z,ETHUSDT,0.00008749
2024-05-03T08:00:00Z,ETHUSDT,-0.00004545
2024-05-03T16:00:00Z,ETHUSDT,0.00001202
2024-05-04T00:00:00Z,ETHUSDT,0.00000005
2024-05-04T08:00:00Z,ETHUSDT,0.00001489
2024-05-04T16:00:00Z,ETHUSDT,0.00000433
2024-05-05T00:00:00Z,ETHUSDT,0.00003485
2024-05-05T08:00:00Z,ETHUSDT,0.00000388
2024-05-05T16:00:00Z,ETHUSDT,0.00000562
2024-05-06T00:00:00Z,ETHUSDT,0.00005021
2024-05-06T08:00:00Z,ETHUSDT,0.00009348
2024-05-06T16:00:00Z,ETHUSDT,0.0001
2024-05-07T00:00:00Z,ETHUSDT,0.0001
2024-05-07T08:00:00Z,ETHUSDT,0.0001
2024-05-07T16:00:00Z,ETHUSDT,0.0001
2024-05-08T00:00:00Z,ETHUSDT,0.0001
2024-05-08T08:00:00Z,ETHUSDT,0.0001
2024-05-08T16:00:00Z,ETHUSDT,0.0001
2024-05-09T00:00:00Z,ETHUSDT,0.00008934
2024-05-09T08:00:00Z,ETHUSDT,0.0001
2024-05-09T16:00:00Z,ETHUSDT,0.0001
2024-05-10T00:00:00Z,ETHUSDT,0.00008488
2024-05-10T08:00:00Z,ETHUSDT,0.0001
2024-05-10T16:00:00Z,ETHUSDT,0.00001437
2024-05-11T00:00:00Z,ETHUSDT,0.0001
2024-05-11T08:00:00Z,ETHUSDT,0.0001
2024-05-11T16:00:00Z,ETHUSDT,0.0001
2024-05-12T00:00:00Z,ETHUSDT,0.0001
2024-05-12T08:00:00Z,ETHUSDT,0.0001
2024-05-12T16:00:00Z,ETHUSDT,0.0001
2024-05-13T00:00:00Z,ETHUSDT,-0.00000822
2024-05-13T08:00:00Z,ETHUSDT,0.0001
2024-05-13T16:00:00Z,ETHUSDT,0.00005157
2024-05-14T00:00:00Z,ETHUSDT,0.0001
2024-05-14T08:00:00Z,ETHUSDT,0.00003651
2024-05-14T16:00:00Z,ETHUSDT,0.00007534
2024-05-15T00:00:00Z,ETHUSDT,0.0001
2024-05-15T08:00:00Z,ETHUSDT,0.0001
2024-05-15T16:00:00Z,ETHUSDT,0.0001
2024-05-16T00:00:00Z,ETHUSDT,0.0001
2024-05-16T08:00:00Z,ETHUSDT,0.0001
2024-05-16T16:00:00Z,ETHUSDT,0.00008788
2024-05-17T00:00:00Z,ETHUSDT,0.0001
2024-05-17T08:00:00Z,ETHUSDT,0.0001
2024-05-17T16:00:00Z,ETHUSDT,0.0001
2024-05-18T00:00:00Z,ETHUSDT,0.0001
2024-05-18T08:00:00Z,ETHUSDT,0.0001
2024-05-18T16:00:00Z,ETHUSDT,0.0001
2024-05-19T00:00:00Z,ETHUSDT,0.0001
2024-05-19T08:00:00Z,ETHUSDT,0.0001
2024-05-19T16:00:00Z,ETHUSDT,0.0001
2024-05-20T00:00:00Z,ETHUSDT,0.0001
2024-05-20T08:00:00Z,ETHUSDT,0.0001
2024-05-20T16:00:00Z,ETHUSDT,0.00009772
2024-05-21T00:00:00Z,ETHUSDT,0.00031117
2024-05-21T08:00:00Z,ETHUSDT,0.00022486
2024-05-21T16:00:00Z,ETHUSDT,0.00015733
2024-05-22T00:00:00Z,ETHUSDT,0.00018991
2024-05-22T08:00:00Z,ETHUSDT,0.0001
2024-05-22T16:00:00Z,ETHUSDT,0.00014748
2024-05-23T00:00:00Z,ETHUSDT,0.000207
2024-05-23T08:00:00Z,ETHUSDT,0.00021075
2024-05-23T16:00:00Z,ETHUSDT,0.00021974
2024-05-24T00:00:00Z,ETHUSDT,0.0001
2024-05-24T08:00:00Z,ETHUSDT,0.0001
2024-05-24T16:00:00Z,ETHUSDT,0.0001
2024-05-25T00:00:00Z,ETHUSDT,0.0001
2024-05-25T08:00:00Z,ETHUSDT,0.0001
2024-05-25T16:00:00Z,ETHUSDT,0.0001
2024-05-26T00:00:00Z,ETHUSDT,0.0001
2024-05-26T08:00:00Z,ETHUSDT,0.0001
2024-05-26T16:00:00Z,ETHUSDT,0.0001
2024-05-27T00:00:00Z,ETHUSDT,0.00012533
2024-05-27T08:00:00Z,ETHUSDT,0.0001
2024-05-27T16:00:00Z,ETHUSDT,0.0001
2024-05-28T00:00:00Z,ETHUSDT,0.0001
2024-05-28T08:00:00Z,ETHUSDT,0.0001
2024-05-28T16:00:00Z,ETHUSDT,0.0001
2024-05-29T00:00:00Z,ETHUSDT,0.00018189
2024-05-29T08:00:00Z,ETHUSDT,0.00010197
2024-05-29T16:00:00Z,ETHUSDT,0.0001
2024-05-30T00:00:00Z,ETHUSDT,0.0001
2024-05-30T08:00:00Z,ETHUSDT,0.0001
2024-05-30T16:00:00Z,ETHUSDT,0.0001
2024-05-31T00:00:00Z,ETHUSDT,0.0001
2024-05-31T08:00:00Z,ETHUSDT,0.0001
2024-05-31T16:00:00Z,ETHUSDT,0.0001
2024-06-01T00:00:00Z,ETHUSDT,0.0001
2024-06-01T08:00:00Z,ETHUSDT,0.0001
2024-06-01T16:00:00Z,ETHUSDT,0.0001
2024-06-02T00:00:00Z,ETHUSDT,0.0001
2024-06-02T08:00:00Z,ETHUSDT,0.0001
2024-06-02T16:00:00Z,ETHUSDT,0.0001
2024-06-03T00:00:00Z,ETHUSDT,0.0001
2024-06-03T08:00:00Z,ETHUSDT,0.00022815
2024-06-03T16:00:00Z,ETHUSDT,0.0001
2024-06-04T00:00:00Z,ETHUSDT,0.0001
2024-06-04T08:00:00Z,ETHUSDT,0.0001
2024-06-04T16:00:00Z,ETHUSDT,0.0001
2024-06-05T00:00:00Z,ETHUSDT,0.00018855
2024-06-05T08:00:00Z,ETHUSDT,0.0001
2024-06-05T16:00:00Z,ETHUSDT,0.0001
2024-06-06T00:00:00Z,ETHUSDT,0.0001
2024-06-06T08:00:00Z,ETHUSDT,0.0001
2024-06-06T16:00:00Z,ETHUSDT,0.0001
2024-06-07T00:00:00Z,ETHUSDT,0.0001
2024-06-07T08:00:00Z,ETHUSDT,0.0001
2024-06-07T16:00:00Z,ETHUSDT,0.0001
2024-06-08T00:00:00Z,ETHUSDT,0.0001
2024-06-08T08:00:00Z,ETHUSDT,0.0001
2024-06-08T16:00:00Z,ETHUSDT,0.0001
2024-06-09T00:00:00Z,ETHUSDT,0.0001
2024-06-09T08:00:00Z,ETHUSDT,0.0001
2024-06-09T16:00:00Z,ETHUSDT,0.0001
2024-06-10T00:00:00Z,ETHUSDT,0.0001
2024-06-10T08:00:00Z,ETHUSDT,0.0001
2024-06-10T16:00:00Z,ETHUSDT,0.0001
2024-06-11T00:00:00Z,ETHUSDT,0.0001
2024-06-11T08:00:00Z,ETHUSDT,0.0001
2024-06-11T16:00:00Z,ETHUSDT,0.0001
2024-06-12T00:00:00Z,ETHUSDT,0.0001
2024-06-12T08:00:00Z,ETHUSDT,0.0001
2024-06-12T16:00:00Z,ETHUSDT,0.00005286
2024-06-13T00:00:00Z,ETHUSDT,0.00006596
2024-06-13T08:00:00Z,ETHUSDT,0.00003164
2024-06-13T16:00:00Z,ETHUSDT,-0.00002677
2024-06-14T00:00:00Z,ETHUSDT,0.0001
2024-06-14T08:00:00Z,ETHUSDT,0.00003505
2024-06-14T16:00:00Z,ETHUSDT,0.00000208
2024-06-15T00:00:00Z,ETHUSDT,0.0001
2024-06-15T08:00:00Z,ETHUSDT,0.0001
2024-06-15T16:00:00Z,ETHUSDT,0.0001
2024-06-16T00:00:00Z,ETHUSDT,0.00004845
2024-06-16T08:00:00Z,ETHUSDT,0.00004536
2024-06-16T16:00:00Z,ETHUSDT,0.00009422
2024-06-17T00:00:00Z,ETHUSDT,0.00000519
2024-06-17T08:00:00Z,ETHUSDT,-0.00005075
2024-06-17T16:00:00Z,ETHUSDT,0.00003187
2024-06-18T00:00:00Z,ETHUSDT,-0.00002407
2024-06-18T08:00:00Z,ETHUSDT,0.00000701
2024-06-18T16:00:00Z,ETHUSDT,-0.00001558
2024-06-19T00:00:00Z,ETHUSDT,0.0001
2024-06-19T08:00:00Z,ETHUSDT,0.0001
2024-06-19T16:00:00Z,ETHUSDT,0.00007648
2024-06-20T00:00:00Z,ETHUSDT,0.00008363
2024-06-20T08:00:00Z,ETHUSDT,0.00006684
2024-06-20T16:00:00Z,ETHUSDT,-0.0000091
2024-06-21T00:00:00Z,ETHUSDT,-0.00003865
2024-06-21T08:00:00Z,ETHUSDT,0.00007378
2024-06-21T16:00:00Z,ETHUSDT,0.0001
2024-06-22T00:00:00Z,ETHUSDT,0.00006643
2024-06-22T08:00:00Z,ETHUSDT,-0.00000925
2024-06-22T16:00:00Z,ETHUSDT,0.00005133
2024-06-23T00:00:00Z,ETHUSDT,0.0001
2024-06-23T08:00:00Z,ETHUSDT,0.0001
2024-06-23T16:00:00Z,ETHUSDT,0.00001546
2024-06-24T00:00:00Z,ETHUSDT,-0.00005617
2024-06-24T08:00:00Z,ETHUSDT,-0.00002039
2024-06-24T16:00:00Z,ETHUSDT,-0.00004352
2024-06-25T00:00:00Z,ETHUSDT,0.00006482
2024-06-25T08:00:00Z,ETHUSDT,0.00003575
2024-06-25T16:00:00Z,ETHUSDT,0.0001
2024-06-26T00:00:00Z,ETHUSDT,-0.00007398
2024-06-26T08:00:00Z,ETHUSDT,0.00002293
2024-06-26T16:00:00Z,ETHUSDT,0.00004756
2024-06-27T00:00:00Z,ETHUSDT,0.0000685
2024-06-27T08:00:00Z,ETHUSDT,-0.00000215
2024-06-27T16:00:00Z,ETHUSDT,0.0001
2024-06-28T00:00:00Z,ETHUSDT,0.00001215
2024-06-28T08:00:00Z,ETHUSDT,0.00001016
2024-06-28T16:00:00Z,ETHUSDT,0.00002471
2024-06-29T00:00:00Z,ETHUSDT,0.00007307
2024-06-29T08:00:00Z,ETHUSDT,-0.00004196
2024-06-29T16:00:00Z,ETHUSDT,-0.00000096
2024-06-30T00:00:00Z,ETHUSDT,0.0000111
2024-06-30T08:00:00Z,ETHUSDT,-0.00005242
2024-06-30T16:00:00Z,ETHUSDT,0.00003015
2024-07-01T00:00:00Z,ETHUSDT,0.00000842
2024-07-01T08:00:00Z,ETHUSDT,0.00000111
2024-07-01T16:00:00Z,ETHUSDT,0.00001995
2024-07-02T00:00:00Z,ETHUSDT,0.00000636
2024-07-02T08:00:00Z,ETHUSDT,0.00005158
2024-07-02T16:00:00Z,ETHUSDT,0.00009479
2024-07-03T00:00:00Z,ETHUSDT,0.0001
2024-07-03T08:00:00Z,ETHUSDT,0.00005326
2024-07-03T16:00:00Z,ETHUSDT,-0.00000136
2024-07-04T00:00:00Z,ETHUSDT,0.00009795
2024-07-04T08:00:00Z,ETHUSDT,0.00002849
2024-07-04T16:00:00Z,ETHUSDT,0.00007419
2024-07-05T00:00:00Z,ETHUSDT,0.00006218
2024-07-05T08:00:00Z,ETHUSDT,0.0001
2024-07-05T16:00:00Z,ETHUSDT,0.00008528
2024-07-06T00:00:00Z,ETHUSDT,-0.00001706
2024-07-06T08:00:00Z,ETHUSDT,0.00005018
2024-07-06T16:00:00Z,ETHUSDT,0.0001
2024-07-07T00:00:00Z,ETHUSDT,-0.00005317
2024-07-07T08:00:00Z,ETHUSDT,0.00001721
2024-07-07T16:00:00Z,ETHUSDT,-0.00001279
2024-07-08T00:00:00Z,ETHUSDT,-0.00005561
2024-07-08T08:00:00Z,ETHUSDT,0.00009812
2024-07-08T16:00:00Z,ETHUSDT,0.0001
2024-07-09T00:00:00Z,ETHUSDT,0.0001
2024-07-09T08:00:00Z,ETHUSDT,0.0001
2024-07-09T16:00:00Z,ETHUSDT,0.0001
2024-07-10T00:00:00Z,ETHUSDT,0.00008421
2024-07-10T08:00:00Z,ETHUSDT,0.0001
2024-07-10T16:00:00Z,ETHUSDT,0.0001
2024-07-11T00:00:00Z,ETHUSDT,-0.00000944
2024-07-11T08:00:00Z,ETHUSDT,0.00001859
2024-07-11T16:00:00Z,ETHUSDT,-0.000054
2024-07-12T00:00:00Z,ETHUSDT,0.00008084
2024-07-12T08:00:00Z,ETHUSDT,0.00001539
2024-07-12T16:00:00Z,ETHUSDT,0.0001
2024-07-13T00:00:00Z,ETHUSDT,0.00005977
2024-07-13T08:00:00Z,ETHUSDT,0.00002199
2024-07-13T16:00:00Z,ETHUSDT,0.0001
2024-07-14T00:00:00Z,ETHUSDT,0.0001
2024-07-14T08:00:00Z,ETHUSDT,0.00005564
2024-07-14T16:00:00Z,ETHUSDT,0.00001566
2024-07-15T00:00:00Z,ETHUSDT,0.0000828
2024-07-15T08:00:00Z,ETHUSDT,-0.00003071
2024-07-15T16:00:00Z,ETHUSDT,0.00009973
2024-07-16T00:00:00Z,ETHUSDT,-0.00000778
2024-07-16T08:00:00Z,ETHUSDT,0.00001939
2024-07-16T16:00:00Z,ETHUSDT,0.0001
2024-07-17T00:00:00Z,ETHUSDT,0.000029
2024-07-17T08:00:00Z,ETHUSDT,0.0001
2024-07-17T16:00:00Z,ETHUSDT,0.00008141
2024-07-18T00:00:00Z,ETHUSDT,0.00005689
2024-07-18T08:00:00Z,ETHUSDT,0.0001
2024-07-18T16:00:00Z,ETHUSDT,0.00000115
2024-07-19T00:00:00Z,ETHUSDT,0.00009789
2024-07-19T08:00:00Z,ETHUSDT,0.0001
2024-07-19T16:00:00Z,ETHUSDT,0.00009069
2024-07-20T00:00:00Z,ETHUSDT,0.0001
2024-07-20T08:00:00Z,ETHUSDT,0.00007245
2024-07-20T16:00:00Z,ETHUSDT,0.00008368
2024-07-21T00:00:00Z,ETHUSDT,0.0001
2024-07-21T08:00:00Z,ETHUSDT,0.00001926
2024-07-21T16:00:00Z,ETHUSDT,0.00004215
2024-07-22T00:00:00Z,ETHUSDT,0.0001
2024-07-22T08:00:00Z,ETHUSDT,0.00002215
2024-07-22T16:00:00Z,ETHUSDT,0.00001243
2024-07-23T00:00:00Z,ETHUSDT,0.0001
2024-07-23T08:00:00Z,ETHUSDT,0.0001
2024-07-23T16:00:00Z,ETHUSDT,0.0001
2024-07-24T00:00:00Z,ETHUSDT,0.0001
2024-07-24T08:00:00Z,ETHUSDT,0.0001
2024-07-24T16:00:00Z,ETHUSDT,0.0001
2024-07-25T00:00:00Z,ETHUSDT,0.0001
2024-07-25T08:00:00Z,ETHUSDT,0.00001071
2024-07-25T16:00:00Z,ETHUSDT,0.00002847
2024-07-26T00:00:00Z,ETHUSDT,0.0001
2024-07-26T08:00:00Z,ETHUSDT,0.0001
2024-07-26T16:00:00Z,ETHUSDT,0.0001
2024-07-27T00:00:00Z,ETHUSDT,0.00001778
2024-07-27T08:00:00Z,ETHUSDT,0.000057
2024-07-27T16:00:00Z,ETHUSDT,0.0001
2024-07-28T00:00:00Z,ETHUSDT,0.00006596
2024-07-28T08:00:00Z,ETHUSDT,0.00002141
2024-07-28T16:00:00Z,ETHUSDT,0.0001
2024-07-29T00:00:00Z,ETHUSDT,0.0001
2024-07-29T08:00:00Z,ETHUSDT,0.0001
2024-07-29T16:00:00Z,ETHUSDT,0.0001
2024-07-30T00:00:00Z,ETHUSDT,0.0001
2024-07-30T08:00:00Z,ETHUSDT,0.0001
2024-07-30T16:00:00Z,ETHUSDT,0.00004573
2024-07-31T00:00:00Z,ETHUSDT,0.0000769
2024-07-31T08:00:00Z,ETHUSDT,0.0001
2024-07-31T16:00:00Z,ETHUSDT,0.0001
2024-08-01T00:00:00Z,ETHUSDT,0.00007817
2024-08-01T08:00:00Z,ETHUSDT,0.0000284
2024-08-01T16:00:00Z,ETHUSDT,0.00007434
2024-08-02T00:00:00Z,ETHUSDT,0.00005382
2024-08-02T08:00:00Z,ETHUSDT,0.00005687
2024-08-02T16:00:00Z,ETHUSDT,0.00002039
2024-08-03T00:00:00Z,ETHUSDT,-0.0000464
2024-08-03T08:00:00Z,ETHUSDT,-0.00008954
2024-08-03T16:00:00Z,ETHUSDT,0.00003068
2024-08-04T00:00:00Z,ETHUSDT,-0.00001304
2024-08-04T08:00:00Z,ETHUSDT,-0.00007619
2024-08-04T16:00:00Z,ETHUSDT,-0.00000813
2024-08-05T00:00:00Z,ETHUSDT,0.00001556
2024-08-05T08:00:00Z,ETHUSDT,-0.00002225
2024-08-05T16:00:00Z,ETHUSDT,-0.00008804
2024-08-06T00:00:00Z,ETHUSDT,-0.00004444
2024-08-06T08:00:00Z,ETHUSDT,-0.00001426
2024-08-06T16:00:00Z,ETHUSDT,-0.00006535
2024-08-07T00:00:00Z,ETHUSDT,-0.00004951
2024-08-07T08:00:00Z,ETHUSDT,-0.0000245
2024-08-07T16:00:00Z,ETHUSDT,-0.0000756
2024-08-08T00:00:00Z,ETHUSDT,-0.00006072
2024-08-08T08:00:00Z,ETHUSDT,-0.00011632
2024-08-08T16:00:00Z,ETHUSDT,-0.00004923
2024-08-09T00:00:00Z,ETHUSDT,-0.00002813
2024-08-09T08:00:00Z,ETHUSDT,0.00008403
2024-08-09T16:00:00Z,ETHUSDT,-0.00007375
2024-08-10T00:00:00Z,ETHUSDT,-0.0000561
2024-08-10T08:00:00Z,ETHUSDT,0.00007825
2024-08-10T16:00:00Z,ETHUSDT,0.00002589
2024-08-11T00:00:00Z,ETHUSDT,0.0000204
2024-08-11T08:00:00Z,ETHUSDT,-0.00001197
2024-08-11T16:00:00Z,ETHUSDT,-0.0000862
2024-08-12T00:00:00Z,ETHUSDT,0.00002355
2024-08-12T08:00:00Z,ETHUSDT,0.00001928
2024-08-12T16:00:00Z,ETHUSDT,0.00005674
2024-08-13T00:00:00Z,ETHUSDT,0.00007907
2024-08-13T08:00:00Z,ETHUSDT,0.00002887
2024-08-13T16:00:00Z,ETHUSDT,0.00001361
2024-08-14T00:00:00Z,ETHUSDT,0.0001
2024-08-14T08:00:00Z,ETHUSDT,0.00005858
2024-08-14T16:00:00Z,ETHUSDT,-0.00010081
2024-08-15T00:00:00Z,ETHUSDT,0.00005933
2024-08-15T08:00:00Z,ETHUSDT,-0.00003698
2024-08-15T16:00:00Z,ETHUSDT,-0.00000662
2024-08-16T00:00:00Z,ETHUSDT,-0.00004886
2024-08-16T08:00:00Z,ETHUSDT,0.00003558
2024-08-16T16:00:00Z,ETHUSDT,-0.00002741
2024-08-17T00:00:00Z,ETHUSDT,-0.00003572
2024-08-17T08:00:00Z,ETHUSDT,-0.00002356
2024-08-17T16:00:00Z,ETHUSDT,0.00000816
2024-08-18T00:00:00Z,ETHUSDT,0.0000181
2024-08-18T08:00:00Z,ETHUSDT,-0.00006873
2024-08-18T16:00:00Z,ETHUSDT,-0.00000761
2024-08-19T00:00:00Z,ETHUSDT,-0.00003098
2024-08-19T08:00:00Z,ETHUSDT,-0.00002387
2024-08-19T16:00:00Z,ETHUSDT,-0.0000413
2024-08-20T00:00:00Z,ETHUSDT,0.00004635
2024-08-20T08:00:00Z,ETHUSDT,0.00009051
2024-08-20T16:00:00Z,ETHUSDT,-0.00005507
2024-08-21T00:00:00Z,ETHUSDT,-0.00000577
2024-08-21T08:00:00Z,ETHUSDT,0.0000248
2024-08-21T16:00:00Z,ETHUSDT,0.00005819
2024-08-22T00:00:00Z,ETHUSDT,0.00001997
2024-08-22T08:00:00Z,ETHUSDT,0.00002798
2024-08-22T16:00:00Z,ETHUSDT,0.00000771
2024-08-23T00:00:00Z,ETHUSDT,0.00005232
2024-08-23T08:00:00Z,ETHUSDT,0.0001
2024-08-23T16:00:00Z,ETHUSDT,0.00003889
2024-08-24T00:00:00Z,ETHUSDT,0.00006517
2024-08-24T08:00:00Z,ETHUSDT,0.00002518
2024-08-24T16:00:00Z,ETHUSDT,-0.00000073
2024-08-25T00:00:00Z,ETHUSDT,0.00008384
2024-08-25T08:00:00Z,ETHUSDT,0.00006847
2024-08-25T16:00:00Z,ETHUSDT,0.0001
2024-08-26T00:00:00Z,ETHUSDT,0.00001367
2024-08-26T08:00:00Z,ETHUSDT,0.00000147
2024-08-26T16:00:00Z,ETHUSDT,0.00000776
2024-08-27T00:00:00Z,ETHUSDT,0.00006125
2024-08-27T08:00:00Z,ETHUSDT,0.0000679
2024-08-27T16:00:00Z,ETHUSDT,0.00000331
2024-08-28T00:00:00Z,ETHUSDT,-0.00001581
2024-08-28T08:00:00Z,ETHUSDT,-0.00000382
2024-08-28T16:00:00Z,ETHUSDT,-0.00001984
2024-08-29T00:00:00Z,ETHUSDT,0.00000216
2024-08-29T08:00:00Z,ETHUSDT,0.00004737
2024-08-29T16:00:00Z,ETHUSDT,0.0000405
2024-08-30T00:00:00Z,ETHUSDT,0.00001811
2024-08-30T08:00:00Z,ETHUSDT,0.00001445
2024-08-30T16:00:00Z,ETHUSDT,-0.00004504
2024-08-31T00:00:00Z,ETHUSDT,0.00005667
2024-08-31T08:00:00Z,ETHUSDT,0.00008122
2024-08-31T16:00:00Z,ETHUSDT,0.00000854
2024-09-01T00:00:00Z,ETHUSDT,0.00006084
2024-09-01T08:00:00Z,ETHUSDT,0.00006446
2024-09-01T16:00:00Z,ETHUSDT,0.00001878
2024-09-02T00:00:00Z,ETHUSDT,-0.00004038
2024-09-02T08:00:00Z,ETHUSDT,-0.00002019
2024-09-02T16:00:00Z,ETHUSDT,0.00004249
2024-09-03T00:00:00Z,ETHUSDT,0.00004281
2024-09-03T08:00:00Z,ETHUSDT,0.00002549
2024-09-03T16:00:00Z,ETHUSDT,-0.00004576
2024-09-04T00:00:00Z,ETHUSDT,-0.00001703
2024-09-04T08:00:00Z,ETHUSDT,-0.00004262
2024-09-04T16:00:00Z,ETHUSDT,0.00000738
2024-09-05T00:00:00Z,ETHUSDT,-0.00007485
2024-09-05T08:00:00Z,ETHUSDT,-0.0000161
2024-09-05T16:00:00Z,ETHUSDT,-0.00006854
2024-09-06T00:00:00Z,ETHUSDT,-0.00009336
2024-09-06T08:00:00Z,ETHUSDT,-0.00004256
2024-09-06T16:00:00Z,ETHUSDT,0.0000452
2024-09-07T00:00:00Z,ETHUSDT,-0.00003674
2024-09-07T08:00:00Z,ETHUSDT,-0.00003201
2024-09-07T16:00:00Z,ETHUSDT,-0.00000333
2024-09-08T00:00:00Z,ETHUSDT,-0.00004366
2024-09-08T08:00:00Z,ETHUSDT,-0.00001446
2024-09-08T16:00:00Z,ETHUSDT,-0.00002551
2024-09-09T00:00:00Z,ETHUSDT,0.00002116
2024-09-09T08:00:00Z,ETHUSDT,0.0001
2024-09-09T16:00:00Z,ETHUSDT,0.00001333
2024-09-10T00:00:00Z,ETHUSDT,0.00003146
2024-09-10T08:00:00Z,ETHUSDT,0.00002947
2024-09-10T16:00:00Z,ETHUSDT,-0.00002211
2024-09-11T00:00:00Z,ETHUSDT,0.00007346
2024-09-11T08:00:00Z,ETHUSDT,-0.00003548
2024-09-11T16:00:00Z,ETHUSDT,-0.00002347
2024-09-12T00:00:00Z,ETHUSDT,0.00000648
2024-09-12T08:00:00Z,ETHUSDT,0.00009162
2024-09-12T16:00:00Z,ETHUSDT,0.0000121
2024-09-13T00:00:00Z,ETHUSDT,0.00005569
2024-09-13T08:00:00Z,ETHUSDT,0.00004334
2024-09-13T16:00:00Z,ETHUSDT,0.00008192
2024-09-14T00:00:00Z,ETHUSDT,0.0000996
2024-09-14T08:00:00Z,ETHUSDT,0.00007623
2024-09-14T16:00:00Z,ETHUSDT,0.00007215
2024-09-15T00:00:00Z,ETHUSDT,0.00007269
2024-09-15T08:00:00Z,ETHUSDT,0.00007369
2024-09-15T16:00:00Z,ETHUSDT,0.00007819
2024-09-16T00:00:00Z,ETHUSDT,0.00003711
2024-09-16T08:00:00Z,ETHUSDT,-0.00006272
2024-09-16T16:00:00Z,ETHUSDT,0.000001
2024-09-17T00:00:00Z,ETHUSDT,0.00000554
2024-09-17T08:00:00Z,ETHUSDT,0.00006388
2024-09-17T16:00:00Z,ETHUSDT,0.00007748
2024-09-18T00:00:00Z,ETHUSDT,-0.00001575
2024-09-18T08:00:00Z,ETHUSDT,-0.00005607
2024-09-18T16:00:00Z,ETHUSDT,-0.00002367
2024-09-19T00:00:00Z,ETHUSDT,0.00005057
2024-09-19T08:00:00Z,ETHUSDT,0.0001
2024-09-19T16:00:00Z,ETHUSDT,0.00004893
2024-09-20T00:00:00Z,ETHUSDT,0.0001
2024-09-20T08:00:00Z,ETHUSDT,0.0001
2024-09-20T16:00:00Z,ETHUSDT,0.0001
2024-09-21T00:00:00Z,ETHUSDT,0.0001
2024-09-21T08:00:00Z,ETHUSDT,0.00009118
2024-09-21T16:00:00Z,ETHUSDT,0.00003687
2024-09-22T00:00:00Z,ETHUSDT,-0.00001573
2024-09-22T08:00:00Z,ETHUSDT,-0.00006341
2024-09-22T16:00:00Z,ETHUSDT,0.00005736
2024-09-23T00:00:00Z,ETHUSDT,0.00002423
2024-09-23T08:00:00Z,ETHUSDT,0.00006221
2024-09-23T16:00:00Z,ETHUSDT,0.0000635
2024-09-24T00:00:00Z,ETHUSDT,0.00004357
2024-09-24T08:00:00Z,ETHUSDT,0.0001
2024-09-24T16:00:00Z,ETHUSDT,0.00009818
2024-09-25T00:00:00Z,ETHUSDT,0.0001
2024-09-25T08:00:00Z,ETHUSDT,0.0000838
2024-09-25T16:00:00Z,ETHUSDT,0.00006921
2024-09-26T00:00:00Z,ETHUSDT,0.0001
2024-09-26T08:00:00Z,ETHUSDT,0.0001
2024-09-26T16:00:00Z,ETHUSDT,0.0001
2024-09-27T00:00:00Z,ETHUSDT,0.00007427
2024-09-27T08:00:00Z,ETHUSDT,0.0001
2024-09-27T16:00:00Z,ETHUSDT,0.00004851
2024-09-28T00:00:00Z,ETHUSDT,0.00008764
2024-09-28T08:00:00Z,ETHUSDT,0.0001
2024-09-28T16:00:00Z,ETHUSDT,0.00006304
2024-09-29T00:00:00Z,ETHUSDT,0.00005616
2024-09-29T08:00:00Z,ETHUSDT,0.00006157
2024-09-29T16:00:00Z,ETHUSDT,0.0001
2024-09-30T00:00:00Z,ETHUSDT,0.0001
2024-09-30T08:00:00Z,ETHUSDT,0.00004194
2024-09-30T16:00:00Z,ETHUSDT,0.0001
2024-10-01T00:00:00Z,ETHUSDT,0.00001627
2024-10-01T08:00:00Z,ETHUSDT,0.0001
2024-10-01T16:00:00Z,ETHUSDT,0.00004315
2024-10-02T00:00:00Z,ETHUSDT,0.0000603
2024-10-02T08:00:00Z,ETHUSDT,0.00003803
2024-10-02T16:00:00Z,ETHUSDT,-0.00004128
2024-10-03T00:00:00Z,ETHUSDT,-0.00004125
2024-10-03T08:00:00Z,ETHUSDT,-0.00005197
2024-10-03T16:00:00Z,ETHUSDT,-0.0000157
2024-10-04T00:00:00Z,ETHUSDT,0.00000943
2024-10-04T08:00:00Z,ETHUSDT,-0.00000156
2024-10-04T16:00:00Z,ETHUSDT,-0.0000165
2024-10-05T00:00:00Z,ETHUSDT,-0.00002899
2024-10-05T08:00:00Z,ETHUSDT,-0.00006528
2024-10-05T16:00:00Z,ETHUSDT,-0.00004003
2024-10-06T00:00:00Z,ETHUSDT,-0.00000058
2024-10-06T08:00:00Z,ETHUSDT,0.00002925
2024-10-06T16:00:00Z,ETHUSDT,-0.00005832
2024-10-07T00:00:00Z,ETHUSDT,-0.00007854
2024-10-07T08:00:00Z,ETHUSDT,0.0000618
2024-10-07T16:00:00Z,ETHUSDT,0.00004746
2024-10-08T00:00:00Z,ETHUSDT,0.00000323
2024-10-08T08:00:00Z,ETHUSDT,0.00000578
2024-10-08T16:00:00Z,ETHUSDT,-0.00002444
2024-10-09T00:00:00Z,ETHUSDT,0.00002012
2024-10-09T08:00:00Z,ETHUSDT,0.00001327
2024-10-09T16:00:00Z,ETHUSDT,0.0000701
2024-10-10T00:00:00Z,ETHUSDT,-0.00006393
2024-10-10T08:00:00Z,ETHUSDT,0.00009423
2024-10-10T16:00:00Z,ETHUSDT,0.00003352
2024-10-11T00:00:00Z,ETHUSDT,0.00001384
2024-10-11T08:00:00Z,ETHUSDT,0.00005915
2024-10-11T16:00:00Z,ETHUSDT,0.0001
2024-10-12T00:00:00Z,ETHUSDT,0.0001
2024-10-12T08:00:00Z,ETHUSDT,0.00009836
2024-10-12T16:00:00Z,ETHUSDT,0.0001
2024-10-13T00:00:00Z,ETHUSDT,0.0001
2024-10-13T08:00:00Z,ETHUSDT,0.0001
2024-10-13T16:00:00Z,ETHUSDT,0.00006384
2024-10-14T00:00:00Z,ETHUSDT,0.0001
2024-10-14T08:00:00Z,ETHUSDT,0.0001
2024-10-14T16:00:00Z,ETHUSDT,0.0001
2024-10-15T00:00:00Z,ETHUSDT,0.0001
2024-10-15T08:00:00Z,ETHUSDT,0.0001
2024-10-15T16:00:00Z,ETHUSDT,0.0001
2024-10-16T00:00:00Z,ETHUSDT,0.0001
2024-10-16T08:00:00Z,ETHUSDT,0.0001
2024-10-16T16:00:00Z,ETHUSDT,0.0001
2024-10-17T00:00:00Z,ETHUSDT,0.00008612
2024-10-17T08:00:00Z,ETHUSDT,0.0001
2024-10-17T16:00:00Z,ETHUSDT,0.00006868
2024-10-18T00:00:00Z,ETHUSDT,0.0001
2024-10-18T08:00:00Z,ETHUSDT,0.0001
2024-10-18T16:00:00Z,ETHUSDT,0.0001
2024-10-19T00:00:00Z,ETHUSDT,0.0001
2024-10-19T08:00:00Z,ETHUSDT,0.0001
2024-10-19T16:00:00Z,ETHUSDT,0.0001
2024-10-20T00:00:00Z,ETHUSDT,0.0001
2024-10-20T08:00:00Z,ETHUSDT,0.0001
2024-10-20T16:00:00Z,ETHUSDT,0.0001
2024-10-21T00:00:00Z,ETHUSDT,0.0001
2024-10-21T08:00:00Z,ETHUSDT,0.0001
2024-10-21T16:00:00Z,ETHUSDT,0.0001
2024-10-22T00:00:00Z,ETHUSDT,0.0001
2024-10-22T08:00:00Z,ETHUSDT,0.0001
2024-10-22T16:00:00Z,ETHUSDT,0.0001
2024-10-23T00:00:00Z,ETHUSDT,0.0001
2024-10-23T08:00:00Z,ETHUSDT,0.0001
2024-10-23T16:00:00Z,ETHUSDT,0.0001
2024-10-24T00:00:00Z,ETHUSDT,0.0001
2024-10-24T08:00:00Z,ETHUSDT,0.0001
2024-10-24T16:00:00Z,ETHUSDT,0.0001
2024-10-25T00:00:00Z,ETHUSDT,0.0001
2024-10-25T08:00:00Z,ETHUSDT,0.0001
2024-10-25T16:00:00Z,ETHUSDT,0.0001
2024-10-26T00:00:00Z,ETHUSDT,0.0001
2024-10-26T08:00:00Z,ETHUSDT,0.00009542
2024-10-26T16:00:00Z,ETHUSDT,0.00008006
2024-10-27T00:00:00Z,ETHUSDT,0.0001
2024-10-27T08:00:00Z,ETHUSDT,0.0001
2024-10-27T16:00:00Z,ETHUSDT,0.0001
2024-10-28T00:00:00Z,ETHUSDT,0.0001
2024-10-28T08:00:00Z,ETHUSDT,0.0001
2024-10-28T16:00:00Z,ETHUSDT,0.0001
2024-10-29T00:00:00Z,ETHUSDT,0.0001
2024-10-29T08:00:00Z,ETHUSDT,0.0001
2024-10-29T16:00:00Z,ETHUSDT,0.0001
2024-10-30T00:00:00Z,ETHUSDT,0.0001
2024-10-30T08:00:00Z,ETHUSDT,0.0001
2024-10-30T16:00:00Z,ETHUSDT,0.0001
2024-10-31T00:00:00Z,ETHUSDT,0.0001
2024-10-31T08:00:00Z,ETHUSDT,0.0001
2024-10-31T16:00:00Z,ETHUSDT,0.0001
2024-11-01T00:00:00Z,ETHUSDT,0.0001
2024-11-01T08:00:00Z,ETHUSDT,0.0001
2024-11-01T16:00:00Z,ETHUSDT,0.0001
2024-11-02T00:00:00Z,ETHUSDT,0.0001
2024-11-02T08:00:00Z,ETHUSDT,0.0001
2024-11-02T16:00:00Z,ETHUSDT,0.0001
2024-11-03T00:00:00Z,ETHUSDT,0.0001
2024-11-03T08:00:00Z,ETHUSDT,0.0001
2024-11-03T16:00:00Z,ETHUSDT,0.0001
2024-11-04T00:00:00Z,ETHUSDT,0.0001
2024-11-04T08:00:00Z,ETHUSDT,0.0001
2024-11-04T16:00:00Z,ETHUSDT,0.0001
2024-11-05T00:00:00Z,ETHUSDT,0.0001
2024-11-05T08:00:00Z,ETHUSDT,0.0001
2024-11-05T16:00:00Z,ETHUSDT,0.0001
2024-11-06T00:00:00Z,ETHUSDT,0.0001
2024-11-06T08:00:00Z,ETHUSDT,0.0001
2024-11-06T16:00:00Z,ETHUSDT,0.0001
2024-11-07T00:00:00Z,ETHUSDT,0.0001
2024-11-07T08:00:00Z,ETHUSDT,0.00031083
2024-11-07T16:00:00Z,ETHUSDT,0.00015115
2024-11-08T00:00:00Z,ETHUSDT,0.00011848
2024-11-08T08:00:00Z,ETHUSDT,0.00016054
2024-11-08T16:00:00Z,ETHUSDT,0.00018748
2024-11-09T00:00:00Z,ETHUSDT,0.0001008
2024-11-09T08:00:00Z,ETHUSDT,0.00012914
2024-11-09T16:00:00Z,ETHUSDT,0.0001
2024-11-10T00:00:00Z,ETHUSDT,0.00011088
2024-11-10T08:00:00Z,ETHUSDT,0.00029689
2024-11-10T16:00:00Z,ETHUSDT,0.00025211
2024-11-11T00:00:00Z,ETHUSDT,0.00041133
2024-11-11T08:00:00Z,ETHUSDT,0.00021573
2024-11-11T16:00:00Z,ETHUSDT,0.00026205
2024-11-12T00:00:00Z,ETHUSDT,0.00017077
2024-11-12T08:00:00Z,ETHUSDT,0.00055119
2024-11-12T16:00:00Z,ETHUSDT,0.00047512
2024-11-13T00:00:00Z,ETHUSDT,0.00014753
2024-11-13T08:00:00Z,ETHUSDT,0.0001
2024-11-13T16:00:00Z,ETHUSDT,0.00017601
2024-11-14T00:00:00Z,ETHUSDT,0.0001
2024-11-14T08:00:00Z,ETHUSDT,0.00014156
2024-11-14T16:00:00Z,ETHUSDT,0.0001
2024-11-15T00:00:00Z,ETHUSDT,0.0001
2024-11-15T08:00:00Z,ETHUSDT,0.0001
2024-11-15T16:00:00Z,ETHUSDT,0.0001
2024-11-16T00:00:00Z,ETHUSDT,0.00014163
2024-11-16T08:00:00Z,ETHUSDT,0.00028225
2024-11-16T16:00:00Z,ETHUSDT,0.00025586
2024-11-17T00:00:00Z,ETHUSDT,0.00015869
2024-11-17T08:00:00Z,ETHUSDT,0.00015931
2024-11-17T16:00:00Z,ETHUSDT,0.00024608
2024-11-18T00:00:00Z,ETHUSDT,0.00027135
2024-11-18T08:00:00Z,ETHUSDT,0.00052031
2024-11-18T16:00:00Z,ETHUSDT,0.00032966
2024-11-19T00:00:00Z,ETHUSDT,0.00043249
2024-11-19T08:00:00Z,ETHUSDT,0.00026575
2024-11-19T16:00:00Z,ETHUSDT,0.00026181
2024-11-20T00:00:00Z,ETHUSDT,0.00016122
2024-11-20T08:00:00Z,ETHUSDT,0.00020565
2024-11-20T16:00:00Z,ETHUSDT,0.00018608
2024-11-21T00:00:00Z,ETHUSDT,0.0001
2024-11-21T08:00:00Z,ETHUSDT,0.00011873
2024-11-21T16:00:00Z,ETHUSDT,0.0004332
2024-11-22T00:00:00Z,ETHUSDT,0.00042377
2024-11-22T08:00:00Z,ETHUSDT,0.00048005
2024-11-22T16:00:00Z,ETHUSDT,0.00023877
2024-11-23T00:00:00Z,ETHUSDT,0.00027479
2024-11-23T08:00:00Z,ETHUSDT,0.00043533
2024-11-23T16:00:00Z,ETHUSDT,0.00050676
2024-11-24T00:00:00Z,ETHUSDT,0.00024542
2024-11-24T08:00:00Z,ETHUSDT,0.00027202
2024-11-24T16:00:00Z,ETHUSDT,0.00021154
2024-11-25T00:00:00Z,ETHUSDT,0.00031712
2024-11-25T08:00:00Z,ETHUSDT,0.00038761
2024-11-25T16:00:00Z,ETHUSDT,0.00047189
2024-11-26T00:00:00Z,ETHUSDT,0.0002649
2024-11-26T08:00:00Z,ETHUSDT,0.00018817
2024-11-26T16:00:00Z,ETHUSDT,0.00019216
2024-11-27T00:00:00Z,ETHUSDT,0.00021948
2024-11-27T08:00:00Z,ETHUSDT,0.00036088
2024-11-27T16:00:00Z,ETHUSDT,0.00039567
2024-11-28T00:00:00Z,ETHUSDT,0.00049526
2024-11-28T08:00:00Z,ETHUSDT,0.00040107
2024-11-28T16:00:00Z,ETHUSDT,0.00029457
2024-11-29T00:00:00Z,ETHUSDT,0.00039025
2024-11-29T08:00:00Z,ETHUSDT,0.00029091
2024-11-29T16:00:00Z,ETHUSDT,0.0003578
2024-11-30T00:00:00Z,ETHUSDT,0.00025356
2024-11-30T08:00:00Z,ETHUSDT,0.00036109
2024-11-30T16:00:00Z,ETHUSDT,0.00022245
2024-12-01T00:00:00Z,ETHUSDT,0.00024891
2024-12-01T08:00:00Z,ETHUSDT,0.00022619
2024-12-01T16:00:00Z,ETHUSDT,0.00031692
2024-12-02T00:00:00Z,ETHUSDT,0.00041344
2024-12-02T08:00:00Z,ETHUSDT,0.00037746
2024-12-02T16:00:00Z,ETHUSDT,0.00028917
2024-12-03T00:00:00Z,ETHUSDT,0.0002708
2024-12-03T08:00:00Z,ETHUSDT,0.00043716
2024-12-03T16:00:00Z,ETHUSDT,0.00023821
2024-12-04T00:00:00Z,ETHUSDT,0.00034754
2024-12-04T08:00:00Z,ETHUSDT,0.00052212
2024-12-04T16:00:00Z,ETHUSDT,0.00059758
2024-12-05T00:00:00Z,ETHUSDT,0.00056101
2024-12-05T08:00:00Z,ETHUSDT,0.00083959
2024-12-05T16:00:00Z,ETHUSDT,0.00060723
2024-12-06T00:00:00Z,ETHUSDT,0.00027996
2024-12-06T08:00:00Z,ETHUSDT,0.00036325
2024-12-06T16:00:00Z,ETHUSDT,0.0002623
2024-12-07T00:00:00Z,ETHUSDT,0.0004298
2024-12-07T08:00:00Z,ETHUSDT,0.00027771
2024-12-07T16:00:00Z,ETHUSDT,0.00041097
2024-12-08T00:00:00Z,ETHUSDT,0.00032232
2024-12-08T08:00:00Z,ETHUSDT,0.00041426
2024-12-08T16:00:00Z,ETHUSDT,0.00031976
2024-12-09T00:00:00Z,ETHUSDT,0.00029987
2024-12-09T08:00:00Z,ETHUSDT,0.00015616
2024-12-09T16:00:00Z,ETHUSDT,0.00018187
2024-12-10T00:00:00Z,ETHUSDT,0.0001
2024-12-10T08:00:00Z,ETHUSDT,0.0001
2024-12-10T16:00:00Z,ETHUSDT,0.0001
2024-12-11T00:00:00Z,ETHUSDT,0.0001
2024-12-11T08:00:00Z,ETHUSDT,0.0001
2024-12-11T16:00:00Z,ETHUSDT,0.0001
2024-12-12T00:00:00Z,ETHUSDT,0.0001
2024-12-12T08:00:00Z,ETHUSDT,0.0001
2024-12-12T16:00:00Z,ETHUSDT,0.0001
2024-12-13T00:00:00Z,ETHUSDT,0.0001
2024-12-13T08:00:00Z,ETHUSDT,0.0001
2024-12-13T16:00:00Z,ETHUSDT,0.0001
2024-12-14T00:00:00Z,ETHUSDT,0.0001
2024-12-14T08:00:00Z,ETHUSDT,0.0001
2024-12-14T16:00:00Z,ETHUSDT,0.0001
2024-12-15T00:00:00Z,ETHUSDT,0.0001
2024-12-15T08:00:00Z,ETHUSDT,0.0001
2024-12-15T16:00:00Z,ETHUSDT,0.0001
2024-12-16T00:00:00Z,ETHUSDT,0.0001
2024-12-16T08:00:00Z,ETHUSDT,0.0001
2024-12-16T16:00:00Z,ETHUSDT,0.0001
2024-12-17T00:00:00Z,ETHUSDT,0.0001
2024-12-17T08:00:00Z,ETHUSDT,0.0001
2024-12-17T16:00:00Z,ETHUSDT,0.0001
2024-12-18T00:00:00Z,ETHUSDT,0.0001
2024-12-18T08:00:00Z,ETHUSDT,0.0001
2024-12-18T16:00:00Z,ETHUSDT,0.0001
2024-12-19T00:00:00Z,ETHUSDT,0.0001
2024-12-19T08:00:00Z,ETHUSDT,0.00008968
2024-12-19T16:00:00Z,ETHUSDT,0.00007794
2024-12-20T00:00:00Z,ETHUSDT,0.00001411
2024-12-20T08:00:00Z,ETHUSDT,0.0001
2024-12-20T16:00:00Z,ETHUSDT,0.00004759
2024-12-21T00:00:00Z,ETHUSDT,0.00003707
2024-12-21T08:00:00Z,ETHUSDT,0.00004497
2024-12-21T16:00:00Z,ETHUSDT,0.00004063
2024-12-22T00:00:00Z,ETHUSDT,-0.00000642
2024-12-22T08:00:00Z,ETHUSDT,-0.00001552
2024-12-22T16:00:00Z,ETHUSDT,-0.00002443
2024-12-23T00:00:00Z,ETHUSDT,0.0000146
2024-12-23T08:00:00Z,ETHUSDT,0.00003385
2024-12-23T16:00:00Z,ETHUSDT,0.00009229
2024-12-24T00:00:00Z,ETHUSDT,0.0001
2024-12-24T08:00:00Z,ETHUSDT,0.0001
2024-12-24T16:00:00Z,ETHUSDT,0.0001
2024-12-25T00:00:00Z,ETHUSDT,0.0001
2024-12-25T08:00:00Z,ETHUSDT,0.0001
2024-12-25T16:00:00Z,ETHUSDT,0.0001
2024-12-26T00:00:00Z,ETHUSDT,0.00009556
2024-12-26T08:00:00Z,ETHUSDT,0.00003673
2024-12-26T16:00:00Z,ETHUSDT,0.00000498
2024-12-27T00:00:00Z,ETHUSDT,0.00004373
2024-12-27T08:00:00Z,ETHUSDT,0.00005857
2024-12-27T16:00:00Z,ETHUSDT,-0.0000017
2024-12-28T00:00:00Z,ETHUSDT,0.000064
2024-12-28T08:00:00Z,ETHUSDT,0.00009166
2024-12-28T16:00:00Z,ETHUSDT,0.00008467
2024-12-29T00:00:00Z,ETHUSDT,0.00009198
2024-12-29T08:00:00Z,ETHUSDT,0.00006111
2024-12-29T16:00:00Z,ETHUSDT,0.00005989
2024-12-30T00:00:00Z,ETHUSDT,0.00001598
2024-12-30T08:00:00Z,ETHUSDT,0.0000732
2024-12-30T16:00:00Z,ETHUSDT,0.00003097
2024-12-31T00:00:00Z,ETHUSDT,0.00007508
2024-12-31T08:00:00Z,ETHUSDT,0.0001
2024-12-31T16:00:00Z,ETHUSDT,0.0001
2025-01-01T00:00:00Z,ETHUSDT,0.00005065
2025-01-01T08:00:00Z,ETHUSDT,0.00008029
2025-01-01T16:00:00Z,ETHUSDT,0.00009354
2025-01-02T00:00:00Z,ETHUSDT,0.0001
2025-01-02T08:00:00Z,ETHUSDT,0.0001
2025-01-02T16:00:00Z,ETHUSDT,0.0001
2025-01-03T00:00:00Z,ETHUSDT,0.0001
2025-01-03T08:00:00Z,ETHUSDT,0.0001
2025-01-03T16:00:00Z,ETHUSDT,0.0001
2025-01-04T00:00:00Z,ETHUSDT,0.0001
2025-01-04T08:00:00Z,ETHUSDT,0.0001
2025-01-04T16:00:00Z,ETHUSDT,0.0001
2025-01-05T00:00:00Z,ETHUSDT,0.0001
2025-01-05T08:00:00Z,ETHUSDT,0.0001
2025-01-05T16:00:00Z,ETHUSDT,0.0001
2025-01-06T00:00:00Z,ETHUSDT,0.0001
2025-01-06T08:00:00Z,ETHUSDT,0.0001
2025-01-06T16:00:00Z,ETHUSDT,0.0001
2025-01-07T00:00:00Z,ETHUSDT,0.0001
2025-01-07T08:00:00Z,ETHUSDT,0.0001
2025-01-07T16:00:00Z,ETHUSDT,0.00008017
2025-01-08T00:00:00Z,ETHUSDT,-0.00001644
2025-01-08T08:00:00Z,ETHUSDT,-0.00001142
2025-01-08T16:00:00Z,ETHUSDT,0.00007706
2025-01-09T00:00:00Z,ETHUSDT,0.0001
2025-01-09T08:00:00Z,ETHUSDT,0.00006048
2025-01-09T16:00:00Z,ETHUSDT,0.00002613
2025-01-10T00:00:00Z,ETHUSDT,0.00005098
2025-01-10T08:00:00Z,ETHUSDT,0.0000344
2025-01-10T16:00:00Z,ETHUSDT,0.00004375
2025-01-11T00:00:00Z,ETHUSDT,0.00003683
2025-01-11T08:00:00Z,ETHUSDT,0.00005409
2025-01-11T16:00:00Z,ETHUSDT,0.00009365
2025-01-12T00:00:00Z,ETHUSDT,0.0001
2025-01-12T08:00:00Z,ETHUSDT,0.00006027
2025-01-12T16:00:00Z,ETHUSDT,0.00008829
2025-01-13T00:00:00Z,ETHUSDT,0.00005506
2025-01-13T08:00:00Z,ETHUSDT,0.00000866
2025-01-13T16:00:00Z,ETHUSDT,-0.00003377
2025-01-14T00:00:00Z,ETHUSDT,0.00005223
2025-01-14T08:00:00Z,ETHUSDT,0.00007598
2025-01-14T16:00:00Z,ETHUSDT,0.0001
2025-01-15T00:00:00Z,ETHUSDT,0.00008072
2025-01-15T08:00:00Z,ETHUSDT,0.0000727
2025-01-15T16:00:00Z,ETHUSDT,0.0001
2025-01-16T00:00:00Z,ETHUSDT,0.0001
2025-01-16T08:00:00Z,ETHUSDT,0.0001
2025-01-16T16:00:00Z,ETHUSDT,0.0001
2025-01-17T00:00:00Z,ETHUSDT,0.0001
2025-01-17T08:00:00Z,ETHUSDT,0.0001
2025-01-17T16:00:00Z,ETHUSDT,0.0001
2025-01-18T00:00:00Z,ETHUSDT,0.0001
2025-01-18T08:00:00Z,ETHUSDT,0.00007678
2025-01-18T16:00:00Z,ETHUSDT,0.0001
2025-01-19T00:00:00Z,ETHUSDT,0.0001
2025-01-19T08:00:00Z,ETHUSDT,0.0001
2025-01-19T16:00:00Z,ETHUSDT,0.0001
2025-01-20T00:00:00Z,ETHUSDT,0.0001
2025-01-20T08:00:00Z,ETHUSDT,0.0001
2025-01-20T16:00:00Z,ETHUSDT,0.0001
2025-01-21T00:00:00Z,ETHUSDT,0.0001
2025-01-21T08:00:00Z,ETHUSDT,0.0001
2025-01-21T16:00:00Z,ETHUSDT,0.0001
2025-01-22T00:00:00Z,ETHUSDT,0.0001
2025-01-22T08:00:00Z,ETHUSDT,0.0001
2025-01-22T16:00:00Z,ETHUSDT,0.0001
2025-01-23T00:00:00Z,ETHUSDT,0.0001
2025-01-23T08:00:00Z,ETHUSDT,0.00007605
2025-01-23T16:00:00Z,ETHUSDT,0.0001
2025-01-24T00:00:00Z,ETHUSDT,0.0001
2025-01-24T08:00:00Z,ETHUSDT,0.0001
2025-01-24T16:00:00Z,ETHUSDT,0.0001
2025-01-25T00:00:00Z,ETHUSDT,0.0001
2025-01-25T08:00:00Z,ETHUSDT,0.00007779
2025-01-25T16:00:00Z,ETHUSDT,0.00009812
2025-01-26T00:00:00Z,ETHUSDT,0.0001
2025-01-26T08:00:00Z,ETHUSDT,0.0001
2025-01-26T16:00:00Z,ETHUSDT,0.00009126
2025-01-27T00:00:00Z,ETHUSDT,0.00008444
2025-01-27T08:00:00Z,ETHUSDT,-0.00004109
2025-01-27T16:00:00Z,ETHUSDT,0.00002909
2025-01-28T00:00:00Z,ETHUSDT,0.00008136
2025-01-28T08:00:00Z,ETHUSDT,0.0001
2025-01-28T16:00:00Z,ETHUSDT,0.00006131
2025-01-29T00:00:00Z,ETHUSDT,-0.00000528
2025-01-29T08:00:00Z,ETHUSDT,0.00005288
2025-01-29T16:00:00Z,ETHUSDT,0.00002021
2025-01-30T00:00:00Z,ETHUSDT,0.00001079
2025-01-30T08:00:00Z,ETHUSDT,0.0001
2025-01-30T16:00:00Z,ETHUSDT,0.0001
2025-01-31T00:00:00Z,ETHUSDT,0.0001
2025-01-31T08:00:00Z,ETHUSDT,0.0001
2025-01-31T16:00:00Z,ETHUSDT,0.0001
2025-02-01T00:00:00Z,ETHUSDT,0.0001
2025-02-01T08:00:00Z,ETHUSDT,0.0000724
2025-02-01T16:00:00Z,ETHUSDT,-0.00003014
2025-02-02T00:00:00Z,ETHUSDT,-0.00006429
2025-02-02T08:00:00Z,ETHUSDT,-0.00001785
2025-02-02T16:00:00Z,ETHUSDT,-0.00000371
2025-02-03T00:00:00Z,ETHUSDT,0.00000432
2025-02-03T08:00:00Z,ETHUSDT,-0.00012224
2025-02-03T16:00:00Z,ETHUSDT,-0.00015992
2025-02-04T00:00:00Z,ETHUSDT,-0.00006207
2025-02-04T08:00:00Z,ETHUSDT,0.00007457
2025-02-04T16:00:00Z,ETHUSDT,0.00008066
2025-02-05T00:00:00Z,ETHUSDT,-0.00003825
2025-02-05T08:00:00Z,ETHUSDT,0.00000568
2025-02-05T16:00:00Z,ETHUSDT,0.00009437
2025-02-06T00:00:00Z,ETHUSDT,0.00004879
2025-02-06T08:00:00Z,ETHUSDT,0.00006404
2025-02-06T16:00:00Z,ETHUSDT,0.00000269
2025-02-07T00:00:00Z,ETHUSDT,-0.00000197
2025-02-07T08:00:00Z,ETHUSDT,0.00000189
2025-02-07T16:00:00Z,ETHUSDT,0.00003758
2025-02-08T00:00:00Z,ETHUSDT,-0.0000741
2025-02-08T08:00:00Z,ETHUSDT,0.00004177
2025-02-08T16:00:00Z,ETHUSDT,0.00004089
2025-02-09T00:00:00Z,ETHUSDT,0.00002555
2025-02-09T08:00:00Z,ETHUSDT,0.00000279
2025-02-09T16:00:00Z,ETHUSDT,0.00002069
2025-02-10T00:00:00Z,ETHUSDT,-0.00001942
2025-02-10T08:00:00Z,ETHUSDT,0.00004278
2025-02-10T16:00:00Z,ETHUSDT,0.00009077
2025-02-11T00:00:00Z,ETHUSDT,0.00003948
2025-02-11T08:00:00Z,ETHUSDT,0.00008773
2025-02-11T16:00:00Z,ETHUSDT,0.00006084
2025-02-12T00:00:00Z,ETHUSDT,0.00008255
2025-02-12T08:00:00Z,ETHUSDT,0.00001473
2025-02-12T16:00:00Z,ETHUSDT,0.00002617
2025-02-13T00:00:00Z,ETHUSDT,0.0001
2025-02-13T08:00:00Z,ETHUSDT,0.0001
2025-02-13T16:00:00Z,ETHUSDT,0.00001629
2025-02-14T00:00:00Z,ETHUSDT,0.00005174
2025-02-14T08:00:00Z,ETHUSDT,0.0001
2025-02-14T16:00:00Z,ETHUSDT,0.0001
2025-02-15T00:00:00Z,ETHUSDT,0.00006289
2025-02-15T08:00:00Z,ETHUSDT,0.00001884
2025-02-15T16:00:00Z,ETHUSDT,0.00000498
2025-02-16T00:00:00Z,ETHUSDT,0.00001318
2025-02-16T08:00:00Z,ETHUSDT,0.00002278
2025-02-16T16:00:00Z,ETHUSDT,0.00001284
2025-02-17T00:00:00Z,ETHUSDT,0.0000014
2025-02-17T08:00:00Z,ETHUSDT,0.00004293
2025-02-17T16:00:00Z,ETHUSDT,0.0001
2025-02-18T00:00:00Z,ETHUSDT,0.00006654
2025-02-18T08:00:00Z,ETHUSDT,-0.00004589
2025-02-18T16:00:00Z,ETHUSDT,0.00004496
2025-02-19T00:00:00Z,ETHUSDT,0.00009128
2025-02-19T08:00:00Z,ETHUSDT,0.0001
2025-02-19T16:00:00Z,ETHUSDT,0.00005052
2025-02-20T00:00:00Z,ETHUSDT,0.00002106
2025-02-20T08:00:00Z,ETHUSDT,0.00009014
2025-02-20T16:00:00Z,ETHUSDT,0.00005464
2025-02-21T00:00:00Z,ETHUSDT,0.00000465
2025-02-21T08:00:00Z,ETHUSDT,0.00006433
2025-02-21T16:00:00Z,ETHUSDT,0.00006927
2025-02-22T00:00:00Z,ETHUSDT,0.00033568
2025-02-22T08:00:00Z,ETHUSDT,0.0001
2025-02-22T16:00:00Z,ETHUSDT,0.00014289
2025-02-23T00:00:00Z,ETHUSDT,0.0001
2025-02-23T08:00:00Z,ETHUSDT,0.0001
2025-02-23T16:00:00Z,ETHUSDT,0.0001
2025-02-24T00:00:00Z,ETHUSDT,0.0001
2025-02-24T08:00:00Z,ETHUSDT,0.0001
2025-02-24T16:00:00Z,ETHUSDT,0.0000419
2025-02-25T00:00:00Z,ETHUSDT,-0.00009117
2025-02-25T08:00:00Z,ETHUSDT,0.00002359
2025-02-25T16:00:00Z,ETHUSDT,0.0001
2025-02-26T00:00:00Z,ETHUSDT,0.0001
2025-02-26T08:00:00Z,ETHUSDT,0.0001
2025-02-26T16:00:00Z,ETHUSDT,0.0001
2025-02-27T00:00:00Z,ETHUSDT,-0.00011807
2025-02-27T08:00:00Z,ETHUSDT,0.00004236
2025-02-27T16:00:00Z,ETHUSDT,-0.00002508
2025-02-28T00:00:00Z,ETHUSDT,0.00002711
2025-02-28T08:00:00Z,ETHUSDT,-0.00009703
2025-02-28T16:00:00Z,ETHUSDT,0.0000233
2025-03-01T00:00:00Z,ETHUSDT,0.00004109
2025-03-01T08:00:00Z,ETHUSDT,0.00006794
2025-03-01T16:00:00Z,ETHUSDT,0.00006328
2025-03-02T00:00:00Z,ETHUSDT,0.0001
2025-03-02T08:00:00Z,ETHUSDT,0.00001712
2025-03-02T16:00:00Z,ETHUSDT,0.0001
2025-03-03T00:00:00Z,ETHUSDT,0.0001
2025-03-03T08:00:00Z,ETHUSDT,0.0001
2025-03-03T16:00:00Z,ETHUSDT,0.0001
2025-03-04T00:00:00Z,ETHUSDT,-0.0000489
2025-03-04T08:00:00Z,ETHUSDT,0.00009592
2025-03-04T16:00:00Z,ETHUSDT,0.00004077
2025-03-05T00:00:00Z,ETHUSDT,0.0001
2025-03-05T08:00:00Z,ETHUSDT,0.0001
2025-03-05T16:00:00Z,ETHUSDT,0.00008293
2025-03-06T00:00:00Z,ETHUSDT,0.0001
2025-03-06T08:00:00Z,ETHUSDT,0.0001
2025-03-06T16:00:00Z,ETHUSDT,0.00001132
2025-03-07T00:00:00Z,ETHUSDT,-0.00009506
2025-03-07T08:00:00Z,ETHUSDT,-0.00007914
2025-03-07T16:00:00Z,ETHUSDT,-0.00002599
2025-03-08T00:00:00Z,ETHUSDT,-0.00009058
2025-03-08T08:00:00Z,ETHUSDT,-0.00002542
2025-03-08T16:00:00Z,ETHUSDT,0.00003386
2025-03-09T00:00:00Z,ETHUSDT,-0.00002063
2025-03-09T08:00:00Z,ETHUSDT,0.00002468
2025-03-09T16:00:00Z,ETHUSDT,-0.00007519
2025-03-10T00:00:00Z,ETHUSDT,-0.00015176
2025-03-10T08:00:00Z,ETHUSDT,0.00004299
2025-03-10T16:00:00Z,ETHUSDT,-0.00007933
2025-03-11T00:00:00Z,ETHUSDT,-0.00002376
2025-03-11T08:00:00Z,ETHUSDT,0.00000522
2025-03-11T16:00:00Z,ETHUSDT,0.00009742
2025-03-12T00:00:00Z,ETHUSDT,-0.00002501
2025-03-12T08:00:00Z,ETHUSDT,-0.00008736
2025-03-12T16:00:00Z,ETHUSDT,-0.00008444
2025-03-13T00:00:00Z,ETHUSDT,0.00005272
2025-03-13T08:00:00Z,ETHUSDT,0.00000374
2025-03-13T16:00:00Z,ETHUSDT,0.00004374
2025-03-14T00:00:00Z,ETHUSDT,0.00003407
2025-03-14T08:00:00Z,ETHUSDT,0.0001
2025-03-14T16:00:00Z,ETHUSDT,0.00007276
2025-03-15T00:00:00Z,ETHUSDT,0.0000717
2025-03-15T08:00:00Z,ETHUSDT,0.0001
2025-03-15T16:00:00Z,ETHUSDT,0.00003077
2025-03-16T00:00:00Z,ETHUSDT,0.00008657
2025-03-16T08:00:00Z,ETHUSDT,-0.00004335
2025-03-16T16:00:00Z,ETHUSDT,-0.00009492
2025-03-17T00:00:00Z,ETHUSDT,-0.0000537
2025-03-17T08:00:00Z,ETHUSDT,0.0000012
2025-03-17T16:00:00Z,ETHUSDT,-0.00002356
2025-03-18T00:00:00Z,ETHUSDT,0.00000735
2025-03-18T08:00:00Z,ETHUSDT,-0.00004899
2025-03-18T16:00:00Z,ETHUSDT,-0.0000482
2025-03-19T00:00:00Z,ETHUSDT,0.0000143
2025-03-19T08:00:00Z,ETHUSDT,0.0001
2025-03-19T16:00:00Z,ETHUSDT,0.0001
2025-03-20T00:00:00Z,ETHUSDT,0.00005554
2025-03-20T08:00:00Z,ETHUSDT,-0.00007332
2025-03-20T16:00:00Z,ETHUSDT,-0.00002597
2025-03-21T00:00:00Z,ETHUSDT,0.000068
2025-03-21T08:00:00Z,ETHUSDT,0.00003583
2025-03-21T16:00:00Z,ETHUSDT,-0.00003802
2025-03-22T00:00:00Z,ETHUSDT,0.00003832
2025-03-22T08:00:00Z,ETHUSDT,0.00004819
2025-03-22T16:00:00Z,ETHUSDT,0.0001
2025-03-23T00:00:00Z,ETHUSDT,0.00002298
2025-03-23T08:00:00Z,ETHUSDT,0.00006473
2025-03-23T16:00:00Z,ETHUSDT,0.00005531
2025-03-24T00:00:00Z,ETHUSDT,0.00003397
2025-03-24T08:00:00Z,ETHUSDT,0.0001
2025-03-24T16:00:00Z,ETHUSDT,0.0001
2025-03-25T00:00:00Z,ETHUSDT,0.00005594
2025-03-25T08:00:00Z,ETHUSDT,-0.00004001
2025-03-25T16:00:00Z,ETHUSDT,0.00000464
2025-03-26T00:00:00Z,ETHUSDT,0.0000439
2025-03-26T08:00:00Z,ETHUSDT,0.00008992
2025-03-26T16:00:00Z,ETHUSDT,-0.00001778
2025-03-27T00:00:00Z,ETHUSDT,0.0000353
2025-03-27T08:00:00Z,ETHUSDT,0.0001
2025-03-27T16:00:00Z,ETHUSDT,-0.00001369
2025-03-28T00:00:00Z,ETHUSDT,-0.00001404
2025-03-28T08:00:00Z,ETHUSDT,-0.00005784
2025-03-28T16:00:00Z,ETHUSDT,0.00002149
2025-03-29T00:00:00Z,ETHUSDT,0.00004826
2025-03-29T08:00:00Z,ETHUSDT,0.00008604
2025-03-29T16:00:00Z,ETHUSDT,0.00007864
2025-03-30T00:00:00Z,ETHUSDT,0.0000084
2025-03-30T08:00:00Z,ETHUSDT,-0.00004331
2025-03-30T16:00:00Z,ETHUSDT,-0.00001371
2025-03-31T00:00:00Z,ETHUSDT,0.00000745
2025-03-31T08:00:00Z,ETHUSDT,0.00006526
2025-03-31T16:00:00Z,ETHUSDT,0.00007639
2025-04-01T00:00:00Z,ETHUSDT,0.00003934
2025-04-01T08:00:00Z,ETHUSDT,0.00004849
2025-04-01T16:00:00Z,ETHUSDT,0.0000583
2025-04-02T00:00:00Z,ETHUSDT,0.00004467
2025-04-02T08:00:00Z,ETHUSDT,-0.00002063
2025-04-02T16:00:00Z,ETHUSDT,0.00002951
2025-04-03T00:00:00Z,ETHUSDT,-0.00003783
2025-04-03T08:00:00Z,ETHUSDT,0.00002711
2025-04-03T16:00:00Z,ETHUSDT,-0.00004464
2025-04-04T00:00:00Z,ETHUSDT,0.00002987
2025-04-04T08:00:00Z,ETHUSDT,-0.00000504
2025-04-04T16:00:00Z,ETHUSDT,-0.00000438
2025-04-05T00:00:00Z,ETHUSDT,0.00008096
2025-04-05T08:00:00Z,ETHUSDT,0.00008634
2025-04-05T16:00:00Z,ETHUSDT,0.00005581
2025-04-06T00:00:00Z,ETHUSDT,0.00001241
2025-04-06T08:00:00Z,ETHUSDT,0.00007323
2025-04-06T16:00:00Z,ETHUSDT,0.00000319
2025-04-07T00:00:00Z,ETHUSDT,-0.00003197
2025-04-07T08:00:00Z,ETHUSDT,-0.00000003
2025-04-07T16:00:00Z,ETHUSDT,-0.00004131
2025-04-08T00:00:00Z,ETHUSDT,0.00006133
2025-04-08T08:00:00Z,ETHUSDT,0.00007667
2025-04-08T16:00:00Z,ETHUSDT,-0.00000159
2025-04-09T00:00:00Z,ETHUSDT,0.00003123
2025-04-09T08:00:00Z,ETHUSDT,0.00002853
2025-04-09T16:00:00Z,ETHUSDT,0.00006281
2025-04-10T00:00:00Z,ETHUSDT,0.0001
2025-04-10T08:00:00Z,ETHUSDT,0.00005668
2025-04-10T16:00:00Z,ETHUSDT,-0.00002653
2025-04-11T00:00:00Z,ETHUSDT,-0.00001534
2025-04-11T08:00:00Z,ETHUSDT,0.0000369
2025-04-11T16:00:00Z,ETHUSDT,0.00005068
2025-04-12T00:00:00Z,ETHUSDT,0.00000799
2025-04-12T08:00:00Z,ETHUSDT,0.00000777
2025-04-12T16:00:00Z,ETHUSDT,0.0001
2025-04-13T00:00:00Z,ETHUSDT,0.0001
2025-04-13T08:00:00Z,ETHUSDT,0.00003067
2025-04-13T16:00:00Z,ETHUSDT,-0.00007139
2025-04-14T00:00:00Z,ETHUSDT,-0.00005284
2025-04-14T08:00:00Z,ETHUSDT,0.00009554
2025-04-14T16:00:00Z,ETHUSDT,0.0001
2025-04-15T00:00:00Z,ETHUSDT,0.00002948
2025-04-15T08:00:00Z,ETHUSDT,0.00009202
2025-04-15T16:00:00Z,ETHUSDT,-0.00001831
2025-04-16T00:00:00Z,ETHUSDT,-0.00004424
2025-04-16T08:00:00Z,ETHUSDT,-0.00003836
2025-04-16T16:00:00Z,ETHUSDT,0.00007483
2025-04-17T00:00:00Z,ETHUSDT,0.00000172
2025-04-17T08:00:00Z,ETHUSDT,0.00005642
2025-04-17T16:00:00Z,ETHUSDT,-0.00002042
2025-04-18T00:00:00Z,ETHUSDT,0.00001891
2025-04-18T08:00:00Z,ETHUSDT,0.00000967
2025-04-18T16:00:00Z,ETHUSDT,-0.00002822
2025-04-19T00:00:00Z,ETHUSDT,0.00000838
2025-04-19T08:00:00Z,ETHUSDT,-0.00000063
2025-04-19T16:00:00Z,ETHUSDT,0.00005694
2025-04-20T00:00:00Z,ETHUSDT,0.00001351
2025-04-20T08:00:00Z,ETHUSDT,0.00001782
2025-04-20T16:00:00Z,ETHUSDT,-0.00007254
2025-04-21T00:00:00Z,ETHUSDT,-0.0000723
2025-04-21T08:00:00Z,ETHUSDT,0.0001
2025-04-21T16:00:00Z,ETHUSDT,0.00002735
2025-04-22T00:00:00Z,ETHUSDT,0.00003308
2025-04-22T08:00:00Z,ETHUSDT,0.00000055
2025-04-22T16:00:00Z,ETHUSDT,0.0001
2025-04-23T00:00:00Z,ETHUSDT,0.00002427
2025-04-23T08:00:00Z,ETHUSDT,0.0001
2025-04-23T16:00:00Z,ETHUSDT,0.00005611
2025-04-24T00:00:00Z,ETHUSDT,0.00005256
2025-04-24T08:00:00Z,ETHUSDT,-0.00002924
2025-04-24T16:00:00Z,ETHUSDT,0.00009229
2025-04-25T00:00:00Z,ETHUSDT,0.00009154
2025-04-25T08:00:00Z,ETHUSDT,0.00008983
2025-04-25T16:00:00Z,ETHUSDT,0.0001
2025-04-26T00:00:00Z,ETHUSDT,0.00005969
2025-04-26T08:00:00Z,ETHUSDT,0.00000072
2025-04-26T16:00:00Z,ETHUSDT,0.00001407
2025-04-27T00:00:00Z,ETHUSDT,0.0001
2025-04-27T08:00:00Z,ETHUSDT,-0.00001691
2025-04-27T16:00:00Z,ETHUSDT,0.00002291
2025-04-28T00:00:00Z,ETHUSDT,0.00000961
2025-04-28T08:00:00Z,ETHUSDT,0.00003076
2025-04-28T16:00:00Z,ETHUSDT,-0.00004667
2025-04-29T00:00:00Z,ETHUSDT,0.00004152
2025-04-29T08:00:00Z,ETHUSDT,0.00004762
2025-04-29T16:00:00Z,ETHUSDT,0.00009811
2025-04-30T00:00:00Z,ETHUSDT,0.0000322
2025-04-30T08:00:00Z,ETHUSDT,0.00000204
2025-04-30T16:00:00Z,ETHUSDT,-0.00007811
2025-05-01T00:00:00Z,ETHUSDT,0.00007067
2025-05-01T08:00:00Z,ETHUSDT,0.0001
2025-05-01T16:00:00Z,ETHUSDT,0.0001
2025-05-02T00:00:00Z,ETHUSDT,0.00009205
2025-05-02T08:00:00Z,ETHUSDT,-0.00001727
2025-05-02T16:00:00Z,ETHUSDT,-0.00000441
2025-05-03T00:00:00Z,ETHUSDT,0.0000371
2025-05-03T08:00:00Z,ETHUSDT,0.00005496
2025-05-03T16:00:00Z,ETHUSDT,0.00001455
2025-05-04T00:00:00Z,ETHUSDT,0.0000717
2025-05-04T08:00:00Z,ETHUSDT,0.0001
2025-05-04T16:00:00Z,ETHUSDT,0.00008434
2025-05-05T00:00:00Z,ETHUSDT,-0.0000032
2025-05-05T08:00:00Z,ETHUSDT,0.00000852
2025-05-05T16:00:00Z,ETHUSDT,0.00003104
2025-05-06T00:00:00Z,ETHUSDT,0.00007277
2025-05-06T08:00:00Z,ETHUSDT,0.00001114
2025-05-06T16:00:00Z,ETHUSDT,-0.00001747
2025-05-07T00:00:00Z,ETHUSDT,0.00005459
2025-05-07T08:00:00Z,ETHUSDT,0.0001
2025-05-07T16:00:00Z,ETHUSDT,0.00008696
2025-05-08T00:00:00Z,ETHUSDT,0.00004019
2025-05-08T08:00:00Z,ETHUSDT,0.0001
2025-05-08T16:00:00Z,ETHUSDT,0.0001
2025-05-09T00:00:00Z,ETHUSDT,0.0001
2025-05-09T08:00:00Z,ETHUSDT,0.0001
2025-05-09T16:00:00Z,ETHUSDT,0.0001
2025-05-10T00:00:00Z,ETHUSDT,0.0001
2025-05-10T08:00:00Z,ETHUSDT,0.00009463
2025-05-10T16:00:00Z,ETHUSDT,0.0001
2025-05-11T00:00:00Z,ETHUSDT,0.0001
2025-05-11T08:00:00Z,ETHUSDT,0.00006681
2025-05-11T16:00:00Z,ETHUSDT,0.00009363
2025-05-12T00:00:00Z,ETHUSDT,0.0001
2025-05-12T08:00:00Z,ETHUSDT,0.0001
2025-05-12T16:00:00Z,ETHUSDT,0.0001
2025-05-13T00:00:00Z,ETHUSDT,0.00005328
2025-05-13T08:00:00Z,ETHUSDT,0.00007476
2025-05-13T16:00:00Z,ETHUSDT,0.0001
2025-05-14T00:00:00Z,ETHUSDT,0.0001
2025-05-14T08:00:00Z,ETHUSDT,0.00007465
2025-05-14T16:00:00Z,ETHUSDT,0.00001533
2025-05-15T00:00:00Z,ETHUSDT,-0.00001315
2025-05-15T08:00:00Z,ETHUSDT,-0.00002967
2025-05-15T16:00:00Z,ETHUSDT,0.00000649
2025-05-16T00:00:00Z,ETHUSDT,-0.00000837
2025-05-16T08:00:00Z,ETHUSDT,0.00007523
2025-05-16T16:00:00Z,ETHUSDT,0.00003711
2025-05-17T00:00:00Z,ETHUSDT,-0.00006946
2025-05-17T08:00:00Z,ETHUSDT,-0.00000526
2025-05-17T16:00:00Z,ETHUSDT,0.00007954
2025-05-18T00:00:00Z,ETHUSDT,0.00009646
2025-05-18T08:00:00Z,ETHUSDT,0.0001
2025-05-18T16:00:00Z,ETHUSDT,0.0001
2025-05-19T00:00:00Z,ETHUSDT,0.00008262
2025-05-19T08:00:00Z,ETHUSDT,0.00001725
2025-05-19T16:00:00Z,ETHUSDT,0.0001
2025-05-20T00:00:00Z,ETHUSDT,0.0001
2025-05-20T08:00:00Z,ETHUSDT,0.0001
2025-05-20T16:00:00Z,ETHUSDT,0.00009258
2025-05-21T00:00:00Z,ETHUSDT,0.00008677
2025-05-21T08:00:00Z,ETHUSDT,0.0001
2025-05-21T16:00:00Z,ETHUSDT,0.0001
2025-05-22T00:00:00Z,ETHUSDT,-0.0000657
2025-05-22T08:00:00Z,ETHUSDT,0.0001
2025-05-22T16:00:00Z,ETHUSDT,0.0001
2025-05-23T00:00:00Z,ETHUSDT,0.00003143
2025-05-23T08:00:00Z,ETHUSDT,0.0001
2025-05-23T16:00:00Z,ETHUSDT,0.0000898
2025-05-24T00:00:00Z,ETHUSDT,0.0001
2025-05-24T08:00:00Z,ETHUSDT,0.0001
2025-05-24T16:00:00Z,ETHUSDT,0.00009481
2025-05-25T00:00:00Z,ETHUSDT,0.00004977
2025-05-25T08:00:00Z,ETHUSDT,0.0001
2025-05-25T16:00:00Z,ETHUSDT,0.0001
2025-05-26T00:00:00Z,ETHUSDT,0.0001
2025-05-26T08:00:00Z,ETHUSDT,0.0001
2025-05-26T16:00:00Z,ETHUSDT,0.00008533
2025-05-27T00:00:00Z,ETHUSDT,0.0001
2025-05-27T08:00:00Z,ETHUSDT,0.0001
2025-05-27T16:00:00Z,ETHUSDT,0.00002594
2025-05-28T00:00:00Z,ETHUSDT,0.00000806
2025-05-28T08:00:00Z,ETHUSDT,-0.0000013
2025-05-28T16:00:00Z,ETHUSDT,0.00009718
2025-05-29T00:00:00Z,ETHUSDT,0.0001
2025-05-29T08:00:00Z,ETHUSDT,0.0001
2025-05-29T16:00:00Z,ETHUSDT,0.00006515
2025-05-30T00:00:00Z,ETHUSDT,0.0001
2025-05-30T08:00:00Z,ETHUSDT,0.00009991
2025-05-30T16:00:00Z,ETHUSDT,-0.00001023
2025-05-31T00:00:00Z,ETHUSDT,0.0001
2025-05-31T08:00:00Z,ETHUSDT,0.00009812
2025-05-31T16:00:00Z,ETHUSDT,0.00004071
2025-06-01T00:00:00Z,ETHUSDT,-0.00003737
2025-06-01T08:00:00Z,ETHUSDT,-0.00001176
2025-06-01T16:00:00Z,ETHUSDT,0.00003732
2025-06-02T00:00:00Z,ETHUSDT,0.0001
2025-06-02T08:00:00Z,ETHUSDT,0.00001584
2025-06-02T16:00:00Z,ETHUSDT,0.0001
2025-06-03T00:00:00Z,ETHUSDT,0.0001
2025-06-03T08:00:00Z,ETHUSDT,0.00004455
2025-06-03T16:00:00Z,ETHUSDT,0.00006937
2025-06-04T00:00:00Z,ETHUSDT,-0.00000241
2025-06-04T08:00:00Z,ETHUSDT,0.0001
2025-06-04T16:00:00Z,ETHUSDT,0.0001
2025-06-05T00:00:00Z,ETHUSDT,0.00003896
2025-06-05T08:00:00Z,ETHUSDT,0.00003635
2025-06-05T16:00:00Z,ETHUSDT,0.00008113
2025-06-06T00:00:00Z,ETHUSDT,0.00006682
2025-06-06T08:00:00Z,ETHUSDT,0.0001
2025-06-06T16:00:00Z,ETHUSDT,0.00001965
2025-06-07T00:00:00Z,ETHUSDT,0.00000011
2025-06-07T08:00:00Z,ETHUSDT,0.00003969
2025-06-07T16:00:00Z,ETHUSDT,0.00000438
2025-06-08T00:00:00Z,ETHUSDT,-0.00002918
2025-06-08T08:00:00Z,ETHUSDT,-0.00000213
2025-06-08T16:00:00Z,ETHUSDT,0.00000933
2025-06-09T00:00:00Z,ETHUSDT,-0.00002122
2025-06-09T08:00:00Z,ETHUSDT,-0.00000458
2025-06-09T16:00:00Z,ETHUSDT,0.00008401
2025-06-10T00:00:00Z,ETHUSDT,0.0001
2025-06-10T08:00:00Z,ETHUSDT,0.0001
2025-06-10T16:00:00Z,ETHUSDT,0.0001
2025-06-11T00:00:00Z,ETHUSDT,0.0001
2025-06-11T08:00:00Z,ETHUSDT,0.00009178
2025-06-11T16:00:00Z,ETHUSDT,0.00006
2025-06-12T00:00:00Z,ETHUSDT,0.00006381
2025-06-12T08:00:00Z,ETHUSDT,0.00007906
2025-06-12T16:00:00Z,ETHUSDT,0.00003527
2025-06-13T00:00:00Z,ETHUSDT,-0.00003548
2025-06-13T08:00:00Z,ETHUSDT,-0.00003019
2025-06-13T16:00:00Z,ETHUSDT,0.00002289
2025-06-14T00:00:00Z,ETHUSDT,0.00004672
2025-06-14T08:00:00Z,ETHUSDT,0.00000577
2025-06-14T16:00:00Z,ETHUSDT,-0.00003518
2025-06-15T00:00:00Z,ETHUSDT,0.00002825
2025-06-15T08:00:00Z,ETHUSDT,0.0000843
2025-06-15T16:00:00Z,ETHUSDT,0.00006072
2025-06-16T00:00:00Z,ETHUSDT,0.00000083
2025-06-16T08:00:00Z,ETHUSDT,0.00007603
2025-06-16T16:00:00Z,ETHUSDT,0.00002399
2025-06-17T00:00:00Z,ETHUSDT,-0.00003199
2025-06-17T08:00:00Z,ETHUSDT,0.00002829
2025-06-17T16:00:00Z,ETHUSDT,0.00004361
2025-06-18T00:00:00Z,ETHUSDT,0.00000535
2025-06-18T08:00:00Z,ETHUSDT,0.000048
2025-06-18T16:00:00Z,ETHUSDT,0.00001508
2025-06-19T00:00:00Z,ETHUSDT,0.00005507
2025-06-19T08:00:00Z,ETHUSDT,0.00003761
2025-06-19T16:00:00Z,ETHUSDT,-0.00002676
2025-06-20T00:00:00Z,ETHUSDT,-0.00000207
2025-06-20T08:00:00Z,ETHUSDT,0.00005109
2025-06-20T16:00:00Z,ETHUSDT,-0.00003207
2025-06-21T00:00:00Z,ETHUSDT,-0.00004026
2025-06-21T08:00:00Z,ETHUSDT,0.00003807
2025-06-21T16:00:00Z,ETHUSDT,-0.00002619
2025-06-22T00:00:00Z,ETHUSDT,-0.00006108
2025-06-22T08:00:00Z,ETHUSDT,-0.00001823
2025-06-22T16:00:00Z,ETHUSDT,-0.00002185
2025-06-23T00:00:00Z,ETHUSDT,0.0000476
2025-06-23T08:00:00Z,ETHUSDT,0.00007038
2025-06-23T16:00:00Z,ETHUSDT,-0.00003689
2025-06-24T00:00:00Z,ETHUSDT,-0.0000401
2025-06-24T08:00:00Z,ETHUSDT,-0.00001839
2025-06-24T16:00:00Z,ETHUSDT,0.00007699
2025-06-25T00:00:00Z,ETHUSDT,-0.00008707
2025-06-25T08:00:00Z,ETHUSDT,0.00000043
2025-06-25T16:00:00Z,ETHUSDT,-0.00002701
2025-06-26T00:00:00Z,ETHUSDT,-0.00000543
2025-06-26T08:00:00Z,ETHUSDT,0.00003731
2025-06-26T16:00:00Z,ETHUSDT,0.00005045
2025-06-27T00:00:00Z,ETHUSDT,-0.00000501
2025-06-27T08:00:00Z,ETHUSDT,0.00002356
2025-06-27T16:00:00Z,ETHUSDT,-0.00001334
2025-06-28T00:00:00Z,ETHUSDT,0.0000525
2025-06-28T08:00:00Z,ETHUSDT,0.00003517
2025-06-28T16:00:00Z,ETHUSDT,0.00006205
2025-06-29T00:00:00Z,ETHUSDT,0.00005275
2025-06-29T08:00:00Z,ETHUSDT,0.000075
2025-06-29T16:00:00Z,ETHUSDT,0.00003952
2025-06-30T00:00:00Z,ETHUSDT,0.00007239
2025-06-30T08:00:00Z,ETHUSDT,0.0001
2025-06-30T16:00:00Z,ETHUSDT,-0.00003807
2025-07-01T00:00:00Z,ETHUSDT,0.0001
2025-07-01T08:00:00Z,ETHUSDT,-0.00003148
2025-07-01T16:00:00Z,ETHUSDT,-0.00004681
2025-07-02T00:00:00Z,ETHUSDT,-0.00002932
2025-07-02T08:00:00Z,ETHUSDT,0.0000347
2025-07-02T16:00:00Z,ETHUSDT,0.0001
2025-07-03T00:00:00Z,ETHUSDT,0.0001
2025-07-03T08:00:00Z,ETHUSDT,0.0001
2025-07-03T16:00:00Z,ETHUSDT,0.00003649
2025-07-04T00:00:00Z,ETHUSDT,0.00002046
2025-07-04T08:00:00Z,ETHUSDT,0.00001273
2025-07-04T16:00:00Z,ETHUSDT,-0.00002887
2025-07-05T00:00:00Z,ETHUSDT,0.00000728
2025-07-05T08:00:00Z,ETHUSDT,0.00002979
2025-07-05T16:00:00Z,ETHUSDT,-0.0000234
2025-07-06T00:00:00Z,ETHUSDT,0.00005091
2025-07-06T08:00:00Z,ETHUSDT,0.00006059
2025-07-06T16:00:00Z,ETHUSDT,0.00009892
2025-07-07T00:00:00Z,ETHUSDT,0.00005235
2025-07-07T08:00:00Z,ETHUSDT,0.00004891
2025-07-07T16:00:00Z,ETHUSDT,0.00004036
2025-07-08T00:00:00Z,ETHUSDT,-0.00000162
2025-07-08T08:00:00Z,ETHUSDT,0.00004241
2025-07-08T16:00:00Z,ETHUSDT,0.0001
2025-07-09T00:00:00Z,ETHUSDT,0.0001
2025-07-09T08:00:00Z,ETHUSDT,0.0001
2025-07-09T16:00:00Z,ETHUSDT,0.0001
2025-07-10T00:00:00Z,ETHUSDT,0.0001
2025-07-10T08:00:00Z,ETHUSDT,0.0001
2025-07-10T16:00:00Z,ETHUSDT,0.000079
2025-07-11T00:00:00Z,ETHUSDT,0.0001
2025-07-11T08:00:00Z,ETHUSDT,0.0001
2025-07-11T16:00:00Z,ETHUSDT,0.0001
2025-07-12T00:00:00Z,ETHUSDT,0.0001
2025-07-12T08:00:00Z,ETHUSDT,0.0001
2025-07-12T16:00:00Z,ETHUSDT,0.0001
2025-07-13T00:00:00Z,ETHUSDT,0.00005293
2025-07-13T08:00:00Z,ETHUSDT,0.0001
2025-07-13T16:00:00Z,ETHUSDT,0.0001
2025-07-14T00:00:00Z,ETHUSDT,0.0001
2025-07-14T08:00:00Z,ETHUSDT,0.0001
2025-07-14T16:00:00Z,ETHUSDT,0.0001
2025-07-15T00:00:00Z,ETHUSDT,0.0001
2025-07-15T08:00:00Z,ETHUSDT,0.0001
2025-07-15T16:00:00Z,ETHUSDT,0.0001
2025-07-16T00:00:00Z,ETHUSDT,0.0001
2025-07-16T08:00:00Z,ETHUSDT,0.0001
2025-07-16T16:00:00Z,ETHUSDT,0.0001
2025-07-17T00:00:00Z,ETHUSDT,0.0001
2025-07-17T08:00:00Z,ETHUSDT,0.0001
2025-07-17T16:00:00Z,ETHUSDT,0.0001
2025-07-18T00:00:00Z,ETHUSDT,0.0001
2025-07-18T08:00:00Z,ETHUSDT,0.0001
2025-07-18T16:00:00Z,ETHUSDT,0.0001
2025-07-19T00:00:00Z,ETHUSDT,0.0001
2025-07-19T08:00:00Z,ETHUSDT,0.0001
2025-07-19T16:00:00Z,ETHUSDT,0.0001
2025-07-20T00:00:00Z,ETHUSDT,0.0001
2025-07-20T08:00:00Z,ETHUSDT,0.0001
2025-07-20T16:00:00Z,ETHUSDT,0.0001
2025-07-21T00:00:00Z,ETHUSDT,0.0001
2025-07-21T08:00:00Z,ETHUSDT,0.0001
2025-07-21T16:00:00Z,ETHUSDT,0.0001
2025-07-22T00:00:00Z,ETHUSDT,0.0001
2025-07-22T08:00:00Z,ETHUSDT,0.0001
2025-07-22T16:00:00Z,ETHUSDT,0.0001
2025-07-23T00:00:00Z,ETHUSDT,0.0001
2025-07-23T08:00:00Z,ETHUSDT,0.0001
2025-07-23T16:00:00Z,ETHUSDT,0.0001
2025-07-24T00:00:00Z,ETHUSDT,0.0001
2025-07-24T08:00:00Z,ETHUSDT,0.0001
2025-07-24T16:00:00Z,ETHUSDT,0.0001
2025-07-25T00:00:00Z,ETHUSDT,0.0001
2025-07-25T08:00:00Z,ETHUSDT,0.0001
2025-07-25T16:00:00Z,ETHUSDT,0.0001
2025-07-26T00:00:00Z,ETHUSDT,0.0001
2025-07-26T08:00:00Z,ETHUSDT,0.0001
2025-07-26T16:00:00Z,ETHUSDT,0.0001
2025-07-27T00:00:00Z,ETHUSDT,0.0001
2025-07-27T08:00:00Z,ETHUSDT,0.0001
2025-07-27T16:00:00Z,ETHUSDT,0.0001
2025-07-28T00:00:00Z,ETHUSDT,0.0001
2025-07-28T08:00:00Z,ETHUSDT,0.0001
2025-07-28T16:00:00Z,ETHUSDT,0.0001
2025-07-29T00:00:00Z,ETHUSDT,0.0001
2025-07-29T08:00:00Z,ETHUSDT,0.0001
2025-07-29T16:00:00Z,ETHUSDT,0.0001
2025-07-30T00:00:00Z,ETHUSDT,0.00004093
2025-07-30T08:00:00Z,ETHUSDT,0.0001
2025-07-30T16:00:00Z,ETHUSDT,0.00003773
2025-07-31T00:00:00Z,ETHUSDT,0.0001
2025-07-31T08:00:00Z,ETHUSDT,0.0001
2025-07-31T16:00:00Z,ETHUSDT,0.00009094
2025-08-01T00:00:00Z,ETHUSDT,-0.0000992
2025-08-01T08:00:00Z,ETHUSDT,-0.00010045
2025-08-01T16:00:00Z,ETHUSDT,0.00000263
2025-08-02T00:00:00Z,ETHUSDT,0.00005899
2025-08-02T08:00:00Z,ETHUSDT,0.0001
2025-08-02T16:00:00Z,ETHUSDT,0.00009792
2025-08-03T00:00:00Z,ETHUSDT,0.0001
2025-08-03T08:00:00Z,ETHUSDT,0.00004109
2025-08-03T16:00:00Z,ETHUSDT,-0.00003325
2025-08-04T00:00:00Z,ETHUSDT,-0.00003106
2025-08-04T08:00:00Z,ETHUSDT,0.00006075
2025-08-04T16:00:00Z,ETHUSDT,0.0000829
2025-08-05T00:00:00Z,ETHUSDT,0.00002569
2025-08-05T08:00:00Z,ETHUSDT,0.00003422
2025-08-05T16:00:00Z,ETHUSDT,-0.00000833
2025-08-06T00:00:00Z,ETHUSDT,-0.00000871
2025-08-06T08:00:00Z,ETHUSDT,0.0001
2025-08-06T16:00:00Z,ETHUSDT,0.0001
2025-08-07T00:00:00Z,ETHUSDT,0.0001
2025-08-07T08:00:00Z,ETHUSDT,0.0001
2025-08-07T16:00:00Z,ETHUSDT,0.00007814
2025-08-08T00:00:00Z,ETHUSDT,0.00007203
2025-08-08T08:00:00Z,ETHUSDT,0.0001
2025-08-08T16:00:00Z,ETHUSDT,0.0001
2025-08-09T00:00:00Z,ETHUSDT,0.0001
2025-08-09T08:00:00Z,ETHUSDT,0.0001
2025-08-09T16:00:00Z,ETHUSDT,0.0001
2025-08-10T00:00:00Z,ETHUSDT,0.0001
2025-08-10T08:00:00Z,ETHUSDT,0.0001
2025-08-10T16:00:00Z,ETHUSDT,0.0001
2025-08-11T00:00:00Z,ETHUSDT,0.0001
2025-08-11T08:00:00Z,ETHUSDT,0.0001
2025-08-11T16:00:00Z,ETHUSDT,0.00009695
2025-08-12T00:00:00Z,ETHUSDT,0.00001451
2025-08-12T08:00:00Z,ETHUSDT,0.0001
2025-08-12T16:00:00Z,ETHUSDT,0.0001
2025-08-13T00:00:00Z,ETHUSDT,0.0001
2025-08-13T08:00:00Z,ETHUSDT,0.0001
2025-08-13T16:00:00Z,ETHUSDT,0.0001
2025-08-14T00:00:00Z,ETHUSDT,0.0001
2025-08-14T08:00:00Z,ETHUSDT,0.0001
2025-08-14T16:00:00Z,ETHUSDT,0.0001
2025-08-15T00:00:00Z,ETHUSDT,0.0001
2025-08-15T08:00:00Z,ETHUSDT,0.0001
2025-08-15T16:00:00Z,ETHUSDT,0.0001
2025-08-16T00:00:00Z,ETHUSDT,0.00006633
2025-08-16T08:00:00Z,ETHUSDT,0.00008019
2025-08-16T16:00:00Z,ETHUSDT,0.00005954
2025-08-17T00:00:00Z,ETHUSDT,0.00006334
2025-08-17T08:00:00Z,ETHUSDT,0.00000216
2025-08-17T16:00:00Z,ETHUSDT,0.00001507
2025-08-18T00:00:00Z,ETHUSDT,0.00006779
2025-08-18T08:00:00Z,ETHUSDT,-0.00003982
2025-08-18T16:00:00Z,ETHUSDT,-0.00000891
2025-08-19T00:00:00Z,ETHUSDT,0.0001
2025-08-19T08:00:00Z,ETHUSDT,0.00005317
2025-08-19T16:00:00Z,ETHUSDT,0.00009409
2025-08-20T00:00:00Z,ETHUSDT,0.0001
2025-08-20T08:00:00Z,ETHUSDT,0.0001
2025-08-20T16:00:00Z,ETHUSDT,0.0001
2025-08-21T00:00:00Z,ETHUSDT,0.00004986
2025-08-21T08:00:00Z,ETHUSDT,0.00004727
2025-08-21T16:00:00Z,ETHUSDT,0.00007674
2025-08-22T00:00:00Z,ETHUSDT,0.00009019
2025-08-22T08:00:00Z,ETHUSDT,0.0001
2025-08-22T16:00:00Z,ETHUSDT,0.0001
2025-08-23T00:00:00Z,ETHUSDT,0.0001
2025-08-23T08:00:00Z,ETHUSDT,0.0001
2025-08-23T16:00:00Z,ETHUSDT,0.0001
2025-08-24T00:00:00Z,ETHUSDT,0.00009281
2025-08-24T08:00:00Z,ETHUSDT,0.0001
2025-08-24T16:00:00Z,ETHUSDT,0.0001
2025-08-25T00:00:00Z,ETHUSDT,0.0001
2025-08-25T08:00:00Z,ETHUSDT,0.0001
2025-08-25T16:00:00Z,ETHUSDT,0.000025
2025-08-26T00:00:00Z,ETHUSDT,-0.00007169
2025-08-26T08:00:00Z,ETHUSDT,-0.00001093
2025-08-26T16:00:00Z,ETHUSDT,-0.00002697
2025-08-27T00:00:00Z,ETHUSDT,-0.00003103
2025-08-27T08:00:00Z,ETHUSDT,-0.00004995
2025-08-27T16:00:00Z,ETHUSDT,-0.00002053
2025-08-28T00:00:00Z,ETHUSDT,-0.0000441
2025-08-28T08:00:00Z,ETHUSDT,0.00006361
2025-08-28T16:00:00Z,ETHUSDT,0.00006165
2025-08-29T00:00:00Z,ETHUSDT,-0.00006272
2025-08-29T08:00:00Z,ETHUSDT,0.00006085
2025-08-29T16:00:00Z,ETHUSDT,0.00000735
2025-08-30T00:00:00Z,ETHUSDT,0.00009984
2025-08-30T08:00:00Z,ETHUSDT,0.00006511
2025-08-30T16:00:00Z,ETHUSDT,0.00005071
2025-08-31T00:00:00Z,ETHUSDT,0.00006017
2025-08-31T08:00:00Z,ETHUSDT,0.00002537
2025-08-31T16:00:00Z,ETHUSDT,-0.00006512
2025-09-01T00:00:00Z,ETHUSDT,0.00001043
2025-09-01T08:00:00Z,ETHUSDT,0.00006786
2025-09-01T16:00:00Z,ETHUSDT,0.00007885
2025-09-02T00:00:00Z,ETHUSDT,0.00004259
2025-09-02T08:00:00Z,ETHUSDT,0.0001
2025-09-02T16:00:00Z,ETHUSDT,0.00007474
2025-09-03T00:00:00Z,ETHUSDT,0.00008137
2025-09-03T08:00:00Z,ETHUSDT,0.0001
2025-09-03T16:00:00Z,ETHUSDT,0.0001
2025-09-04T00:00:00Z,ETHUSDT,0.00005359
2025-09-04T08:00:00Z,ETHUSDT,0.00005044
2025-09-04T16:00:00Z,ETHUSDT,-0.00000988
2025-09-05T00:00:00Z,ETHUSDT,-0.00003325
2025-09-05T08:00:00Z,ETHUSDT,-0.00001857
2025-09-05T16:00:00Z,ETHUSDT,0.00002623
2025-09-06T00:00:00Z,ETHUSDT,0.00007989
2025-09-06T08:00:00Z,ETHUSDT,0.0001
2025-09-06T16:00:00Z,ETHUSDT,0.00002833
2025-09-07T00:00:00Z,ETHUSDT,0.0001
2025-09-07T08:00:00Z,ETHUSDT,0.0001
2025-09-07T16:00:00Z,ETHUSDT,0.0001
2025-09-08T00:00:00Z,ETHUSDT,0.0001
2025-09-08T08:00:00Z,ETHUSDT,0.00002746
2025-09-08T16:00:00Z,ETHUSDT,0.00009084
2025-09-09T00:00:00Z,ETHUSDT,0.000072
2025-09-09T08:00:00Z,ETHUSDT,0.0001
2025-09-09T16:00:00Z,ETHUSDT,0.00009861
2025-09-10T00:00:00Z,ETHUSDT,0.00008378
2025-09-10T08:00:00Z,ETHUSDT,0.0001
2025-09-10T16:00:00Z,ETHUSDT,0.00008112
2025-09-11T00:00:00Z,ETHUSDT,0.00001631
2025-09-11T08:00:00Z,ETHUSDT,0.0001
2025-09-11T16:00:00Z,ETHUSDT,0.0001
2025-09-12T00:00:00Z,ETHUSDT,0.0001
2025-09-12T08:00:00Z,ETHUSDT,0.0001
2025-09-12T16:00:00Z,ETHUSDT,0.0001
2025-09-13T00:00:00Z,ETHUSDT,0.0001
2025-09-13T08:00:00Z,ETHUSDT,0.00007823
2025-09-13T16:00:00Z,ETHUSDT,0.0001
2025-09-14T00:00:00Z,ETHUSDT,0.0001
2025-09-14T08:00:00Z,ETHUSDT,0.0001
2025-09-14T16:00:00Z,ETHUSDT,0.0001
2025-09-15T00:00:00Z,ETHUSDT,0.0001
2025-09-15T08:00:00Z,ETHUSDT,0.0001
2025-09-15T16:00:00Z,ETHUSDT,0.0001
2025-09-16T00:00:00Z,ETHUSDT,0.0001
2025-09-16T08:00:00Z,ETHUSDT,0.0001
2025-09-16T16:00:00Z,ETHUSDT,0.00003588
2025-09-17T00:00:00Z,ETHUSDT,0.0001
2025-09-17T08:00:00Z,ETHUSDT,0.00006224
2025-09-17T16:00:00Z,ETHUSDT,0.00001994
2025-09-18T00:00:00Z,ETHUSDT,0.0001
2025-09-18T08:00:00Z,ETHUSDT,0.00007803
2025-09-18T16:00:00Z,ETHUSDT,-0.00001289
2025-09-19T00:00:00Z,ETHUSDT,0.00003051
2025-09-19T08:00:00Z,ETHUSDT,0.00005892
2025-09-19T16:00:00Z,ETHUSDT,0.00006204
2025-09-20T00:00:00Z,ETHUSDT,0.0001
2025-09-20T08:00:00Z,ETHUSDT,0.0001
2025-09-20T16:00:00Z,ETHUSDT,0.0001
2025-09-21T00:00:00Z,ETHUSDT,0.0001
2025-09-21T08:00:00Z,ETHUSDT,0.0001
2025-09-21T16:00:00Z,ETHUSDT,0.0001
2025-09-22T00:00:00Z,ETHUSDT,0.0001
2025-09-22T08:00:00Z,ETHUSDT,-0.00007609
2025-09-22T16:00:00Z,ETHUSDT,-0.00004552
2025-09-23T00:00:00Z,ETHUSDT,-0.00006111
2025-09-23T08:00:00Z,ETHUSDT,0.00001543
2025-09-23T16:00:00Z,ETHUSDT,0.00000585
2025-09-24T00:00:00Z,ETHUSDT,0.00008676
2025-09-24T08:00:00Z,ETHUSDT,0.00006568
2025-09-24T16:00:00Z,ETHUSDT,0.00005898
2025-09-25T00:00:00Z,ETHUSDT,-0.00011015
2025-09-25T08:00:00Z,ETHUSDT,-0.0000539
2025-09-25T16:00:00Z,ETHUSDT,-0.00000997
2025-09-26T00:00:00Z,ETHUSDT,0.00004059
2025-09-26T08:00:00Z,ETHUSDT,0.0001
2025-09-26T16:00:00Z,ETHUSDT,0.00008128
2025-09-27T00:00:00Z,ETHUSDT,-0.00002196
2025-09-27T08:00:00Z,ETHUSDT,0.00000415
2025-09-27T16:00:00Z,ETHUSDT,0.00002664
2025-09-28T00:00:00Z,ETHUSDT,0.00005905
2025-09-28T08:00:00Z,ETHUSDT,0.00004373
2025-09-28T16:00:00Z,ETHUSDT,-0.0000278
2025-09-29T00:00:00Z,ETHUSDT,-0.00004749
2025-09-29T08:00:00Z,ETHUSDT,0.00009303
2025-09-29T16:00:00Z,ETHUSDT,0.00005443
2025-09-30T00:00:00Z,ETHUSDT,0.0000131
2025-09-30T08:00:00Z,ETHUSDT,-0.00001405
2025-09-30T16:00:00Z,ETHUSDT,-0.00006511
2025-10-01T00:00:00Z,ETHUSDT,0.0001
2025-10-01T08:00:00Z,ETHUSDT,0.0001
2025-10-01T16:00:00Z,ETHUSDT,0.0001
2025-10-02T00:00:00Z,ETHUSDT,0.00005724
2025-10-02T08:00:00Z,ETHUSDT,0.0001
2025-10-02T16:00:00Z,ETHUSDT,0.0001
2025-10-03T00:00:00Z,ETHUSDT,-0.00000479
2025-10-03T08:00:00Z,ETHUSDT,0.00006485
2025-10-03T16:00:00Z,ETHUSDT,0.00007483
2025-10-04T00:00:00Z,ETHUSDT,0.00007616
2025-10-04T08:00:00Z,ETHUSDT,0.00008523
2025-10-04T16:00:00Z,ETHUSDT,0.0001
2025-10-05T00:00:00Z,ETHUSDT,0.0001
2025-10-05T08:00:00Z,ETHUSDT,0.0001
2025-10-05T16:00:00Z,ETHUSDT,0.00009663
2025-10-06T00:00:00Z,ETHUSDT,0.00006715
2025-10-06T08:00:00Z,ETHUSDT,0.0001
2025-10-06T16:00:00Z,ETHUSDT,0.0001
2025-10-07T00:00:00Z,ETHUSDT,0.0001
2025-10-07T08:00:00Z,ETHUSDT,0.0001
2025-10-07T16:00:00Z,ETHUSDT,0.0001
2025-10-08T00:00:00Z,ETHUSDT,0.0001
2025-10-08T08:00:00Z,ETHUSDT,0.00009121
2025-10-08T16:00:00Z,ETHUSDT,0.00006077
2025-10-09T00:00:00Z,ETHUSDT,0.0001
2025-10-09T08:00:00Z,ETHUSDT,0.0001
2025-10-09T16:00:00Z,ETHUSDT,0.00001222
2025-10-10T00:00:00Z,ETHUSDT,0.0001
2025-10-10T08:00:00Z,ETHUSDT,0.0001
2025-10-10T16:00:00Z,ETHUSDT,0.00005397
2025-10-11T00:00:00Z,ETHUSDT,-0.00117719
2025-10-11T08:00:00Z,ETHUSDT,-0.00017268
2025-10-11T16:00:00Z,ETHUSDT,-0.00003695
2025-10-12T00:00:00Z,ETHUSDT,-0.00010678
2025-10-12T08:00:00Z,ETHUSDT,-0.00000229
2025-10-12T16:00:00Z,ETHUSDT,-0.00004459
2025-10-13T00:00:00Z,ETHUSDT,0.00001204
2025-10-13T08:00:00Z,ETHUSDT,0.00007307
2025-10-13T16:00:00Z,ETHUSDT,0.00001677
2025-10-14T00:00:00Z,ETHUSDT,0.00006574
2025-10-14T08:00:00Z,ETHUSDT,-0.00003274
2025-10-14T16:00:00Z,ETHUSDT,-0.00001694
2025-10-15T00:00:00Z,ETHUSDT,0.0001
2025-10-15T08:00:00Z,ETHUSDT,0.00002517
2025-10-15T16:00:00Z,ETHUSDT,-0.00001645
2025-10-16T00:00:00Z,ETHUSDT,-0.00007368
2025-10-16T08:00:00Z,ETHUSDT,0.00002348
2025-10-16T16:00:00Z,ETHUSDT,-0.00003789
2025-10-17T00:00:00Z,ETHUSDT,0.00002001
2025-10-17T08:00:00Z,ETHUSDT,0.00004662
2025-10-17T16:00:00Z,ETHUSDT,0.0000203
2025-10-18T00:00:00Z,ETHUSDT,-0.00000689
2025-10-18T08:00:00Z,ETHUSDT,0.00005339
2025-10-18T16:00:00Z,ETHUSDT,0.00002434
2025-10-19T00:00:00Z,ETHUSDT,0.0000569
2025-10-19T08:00:00Z,ETHUSDT,0.00001636
2025-10-19T16:00:00Z,ETHUSDT,0.0001
2025-10-20T00:00:00Z,ETHUSDT,0.00008568
2025-10-20T08:00:00Z,ETHUSDT,0.00009458
2025-10-20T16:00:00Z,ETHUSDT,0.00004876
2025-10-21T00:00:00Z,ETHUSDT,0.0001
2025-10-21T08:00:00Z,ETHUSDT,-0.00002262
2025-10-21T16:00:00Z,ETHUSDT,0.0001
2025-10-22T00:00:00Z,ETHUSDT,-0.00004209
2025-10-22T08:00:00Z,ETHUSDT,-0.00007659
2025-10-22T16:00:00Z,ETHUSDT,-0.00002394
2025-10-23T00:00:00Z,ETHUSDT,-0.00001522
2025-10-23T08:00:00Z,ETHUSDT,0.00009409
2025-10-23T16:00:00Z,ETHUSDT,0.00005438
2025-10-24T00:00:00Z,ETHUSDT,-0.00001509
2025-10-24T08:00:00Z,ETHUSDT,0.0001
2025-10-24T16:00:00Z,ETHUSDT,0.00008238
2025-10-25T00:00:00Z,ETHUSDT,0.0001
2025-10-25T08:00:00Z,ETHUSDT,0.00007603
2025-10-25T16:00:00Z,ETHUSDT,0.0001
2025-10-26T00:00:00Z,ETHUSDT,0.0001
2025-10-26T08:00:00Z,ETHUSDT,0.0001
2025-10-26T16:00:00Z,ETHUSDT,0.0001
2025-10-27T00:00:00Z,ETHUSDT,0.0001
2025-10-27T08:00:00Z,ETHUSDT,0.0001
2025-10-27T16:00:00Z,ETHUSDT,0.0000782
2025-10-28T00:00:00Z,ETHUSDT,-0.00002512
2025-10-28T08:00:00Z,ETHUSDT,0.00001659
2025-10-28T16:00:00Z,ETHUSDT,0.00002995
2025-10-29T00:00:00Z,ETHUSDT,-0.00006695
2025-10-29T08:00:00Z,ETHUSDT,0.00002446
2025-10-29T16:00:00Z,ETHUSDT,0.00000257
2025-10-30T00:00:00Z,ETHUSDT,-0.00002879
2025-10-30T08:00:00Z,ETHUSDT,0.00004856
2025-10-30T16:00:00Z,ETHUSDT,-0.00007246
2025-10-31T00:00:00Z,ETHUSDT,-0.00004735
2025-10-31T08:00:00Z,ETHUSDT,0.00000396
2025-10-31T16:00:00Z,ETHUSDT,-0.00000532
2025-11-01T00:00:00Z,ETHUSDT,-0.00005527
2025-11-01T08:00:00Z,ETHUSDT,-0.00000604
2025-11-01T16:00:00Z,ETHUSDT,0.00007532
2025-11-02T00:00:00Z,ETHUSDT,0.00001479
2025-11-02T08:00:00Z,ETHUSDT,0.00008003
2025-11-02T16:00:00Z,ETHUSDT,-0.00007398
2025-11-03T00:00:00Z,ETHUSDT,0.00007152
2025-11-03T08:00:00Z,ETHUSDT,-0.00016312
2025-11-03T16:00:00Z,ETHUSDT,-0.00006695
2025-11-04T00:00:00Z,ETHUSDT,-0.00002482
2025-11-04T08:00:00Z,ETHUSDT,-0.00001532
2025-11-04T16:00:00Z,ETHUSDT,0.00003727
2025-11-05T00:00:00Z,ETHUSDT,0.00001979
2025-11-05T08:00:00Z,ETHUSDT,0.0000042
2025-11-05T16:00:00Z,ETHUSDT,-0.00005307
2025-11-06T00:00:00Z,ETHUSDT,-0.00007917
2025-11-06T08:00:00Z,ETHUSDT,0.00001678
2025-11-06T16:00:00Z,ETHUSDT,-0.00001654
2025-11-07T00:00:00Z,ETHUSDT,-0.00006053
2025-11-07T08:00:00Z,ETHUSDT,0.0000632
2025-11-07T16:00:00Z,ETHUSDT,0.00002479
2025-11-08T00:00:00Z,ETHUSDT,0.00003524
2025-11-08T08:00:00Z,ETHUSDT,0.00004076
2025-11-08T16:00:00Z,ETHUSDT,0.00003396
2025-11-09T00:00:00Z,ETHUSDT,-0.0000038
2025-11-09T08:00:00Z,ETHUSDT,0.00000502
2025-11-09T16:00:00Z,ETHUSDT,0.00006747
2025-11-10T00:00:00Z,ETHUSDT,0.0001
2025-11-10T08:00:00Z,ETHUSDT,-0.00000235
2025-11-10T16:00:00Z,ETHUSDT,0.00002858
2025-11-11T00:00:00Z,ETHUSDT,0.00000112
2025-11-11T08:00:00Z,ETHUSDT,-0.00004891
2025-11-11T16:00:00Z,ETHUSDT,0.00003623
2025-11-12T00:00:00Z,ETHUSDT,-0.0000202
2025-11-12T08:00:00Z,ETHUSDT,-0.00002759
2025-11-12T16:00:00Z,ETHUSDT,0.0001
2025-11-13T00:00:00Z,ETHUSDT,-0.00004174
2025-11-13T08:00:00Z,ETHUSDT,-0.00000473
2025-11-13T16:00:00Z,ETHUSDT,0.00000896
2025-11-14T00:00:00Z,ETHUSDT,-0.00018125
2025-11-14T08:00:00Z,ETHUSDT,0.0000061
2025-11-14T16:00:00Z,ETHUSDT,0.00008596
2025-11-15T00:00:00Z,ETHUSDT,0.00001513
2025-11-15T08:00:00Z,ETHUSDT,0.0001
2025-11-15T16:00:00Z,ETHUSDT,0.0001
2025-11-16T00:00:00Z,ETHUSDT,0.0000038
2025-11-16T08:00:00Z,ETHUSDT,0.00007775
2025-11-16T16:00:00Z,ETHUSDT,0.00001686
2025-11-17T00:00:00Z,ETHUSDT,0.00006917
2025-11-17T08:00:00Z,ETHUSDT,0.0001
2025-11-17T16:00:00Z,ETHUSDT,0.00003072
2025-11-18T00:00:00Z,ETHUSDT,-0.00003789
2025-11-18T08:00:00Z,ETHUSDT,0.0001
2025-11-18T16:00:00Z,ETHUSDT,0.0001
2025-11-19T00:00:00Z,ETHUSDT,0.0000883
2025-11-19T08:00:00Z,ETHUSDT,-0.00001038
2025-11-19T16:00:00Z,ETHUSDT,0.00004484
2025-11-20T00:00:00Z,ETHUSDT,0.0000578
2025-11-20T08:00:00Z,ETHUSDT,0.0001
2025-11-20T16:00:00Z,ETHUSDT,0.0001
2025-11-21T00:00:00Z,ETHUSDT,0.00005608
2025-11-21T08:00:00Z,ETHUSDT,0.00002195
2025-11-21T16:00:00Z,ETHUSDT,0.00007873
2025-11-22T00:00:00Z,ETHUSDT,0.00003643
2025-11-22T08:00:00Z,ETHUSDT,0.00006295
2025-11-22T16:00:00Z,ETHUSDT,0.00004122
2025-11-23T00:00:00Z,ETHUSDT,0.00007392
2025-11-23T08:00:00Z,ETHUSDT,0.00005528
2025-11-23T16:00:00Z,ETHUSDT,0.00003885
2025-11-24T00:00:00Z,ETHUSDT,0.00003719
2025-11-24T08:00:00Z,ETHUSDT,0.00002275
2025-11-24T16:00:00Z,ETHUSDT,0.000049
2025-11-25T00:00:00Z,ETHUSDT,0.0001
2025-11-25T08:00:00Z,ETHUSDT,-0.00000698
2025-11-25T16:00:00Z,ETHUSDT,0.00002602
2025-11-26T00:00:00Z,ETHUSDT,0.00008887
2025-11-26T08:00:00Z,ETHUSDT,-0.00001484
2025-11-26T16:00:00Z,ETHUSDT,0.00002405
2025-11-27T00:00:00Z,ETHUSDT,0.00006446
2025-11-27T08:00:00Z,ETHUSDT,0.00001869
2025-11-27T16:00:00Z,ETHUSDT,-0.00002334
2025-11-28T00:00:00Z,ETHUSDT,0.00003447
2025-11-28T08:00:00Z,ETHUSDT,0.00005353
2025-11-28T16:00:00Z,ETHUSDT,0.00000245
2025-11-29T00:00:00Z,ETHUSDT,-0.00005012
2025-11-29T08:00:00Z,ETHUSDT,-0.00005295
2025-11-29T16:00:00Z,ETHUSDT,-0.00000213
2025-11-30T00:00:00Z,ETHUSDT,0.00005188
2025-11-30T08:00:00Z,ETHUSDT,0.00004893
2025-11-30T16:00:00Z,ETHUSDT,0.00002324
2025-12-01T00:00:00Z,ETHUSDT,-0.00000048
2025-12-01T08:00:00Z,ETHUSDT,-0.00000365
2025-12-01T16:00:00Z,ETHUSDT,-0.00006701
2025-12-02T00:00:00Z,ETHUSDT,-0.00003131
2025-12-02T08:00:00Z,ETHUSDT,0.0000834
2025-12-02T16:00:00Z,ETHUSDT,0.00004708
2025-12-03T00:00:00Z,ETHUSDT,0.0000516
2025-12-03T08:00:00Z,ETHUSDT,0.00002118
2025-12-03T16:00:00Z,ETHUSDT,0.0001
2025-12-04T00:00:00Z,ETHUSDT,0.00008345
2025-12-04T08:00:00Z,ETHUSDT,0.00002236
2025-12-04T16:00:00Z,ETHUSDT,0.00000394
2025-12-05T00:00:00Z,ETHUSDT,0.00000118
2025-12-05T08:00:00Z,ETHUSDT,0.00003247
2025-12-05T16:00:00Z,ETHUSDT,0.0000016
2025-12-06T00:00:00Z,ETHUSDT,-0.00001433
2025-12-06T08:00:00Z,ETHUSDT,-0.00002138
2025-12-06T16:00:00Z,ETHUSDT,-0.00003967
2025-12-07T00:00:00Z,ETHUSDT,0.00000471
2025-12-07T08:00:00Z,ETHUSDT,0.00000612
2025-12-07T16:00:00Z,ETHUSDT,0.00002197
2025-12-08T00:00:00Z,ETHUSDT,0.00005588
2025-12-08T08:00:00Z,ETHUSDT,0.00008871
2025-12-08T16:00:00Z,ETHUSDT,0.00005471
2025-12-09T00:00:00Z,ETHUSDT,0.00008612
2025-12-09T08:00:00Z,ETHUSDT,0.00001782
2025-12-09T16:00:00Z,ETHUSDT,0.00001867
2025-12-10T00:00:00Z,ETHUSDT,0.00000851
2025-12-10T08:00:00Z,ETHUSDT,0.00002268
2025-12-10T16:00:00Z,ETHUSDT,0.00001899
2025-12-11T00:00:00Z,ETHUSDT,0.00002388
2025-12-11T08:00:00Z,ETHUSDT,-0.00009614
2025-12-11T16:00:00Z,ETHUSDT,-0.00004132
2025-12-12T00:00:00Z,ETHUSDT,0.00008302
2025-12-12T08:00:00Z,ETHUSDT,0.00004649
2025-12-12T16:00:00Z,ETHUSDT,-0.00000572
2025-12-13T00:00:00Z,ETHUSDT,-0.00004461
2025-12-13T08:00:00Z,ETHUSDT,-0.00001959
2025-12-13T16:00:00Z,ETHUSDT,-0.00001948
2025-12-14T00:00:00Z,ETHUSDT,0.00000639
2025-12-14T08:00:00Z,ETHUSDT,-0.00003492
2025-12-14T16:00:00Z,ETHUSDT,-0.00001697
2025-12-15T00:00:00Z,ETHUSDT,-0.00003191
2025-12-15T08:00:00Z,ETHUSDT,0.00005598
2025-12-15T16:00:00Z,ETHUSDT,0.00004079
2025-12-16T00:00:00Z,ETHUSDT,0.00001419
2025-12-16T08:00:00Z,ETHUSDT,-0.00006865
2025-12-16T16:00:00Z,ETHUSDT,0.00001078
2025-12-17T00:00:00Z,ETHUSDT,0.00002361
2025-12-17T08:00:00Z,ETHUSDT,0.0000466
2025-12-17T16:00:00Z,ETHUSDT,0.00004129
2025-12-18T00:00:00Z,ETHUSDT,-0.00008033
2025-12-18T08:00:00Z,ETHUSDT,-0.00000473
2025-12-18T16:00:00Z,ETHUSDT,0.00005829
2025-12-19T00:00:00Z,ETHUSDT,-0.00006501
2025-12-19T08:00:00Z,ETHUSDT,0.00003048
2025-12-19T16:00:00Z,ETHUSDT,0.00003082
2025-12-20T00:00:00Z,ETHUSDT,0.00000736
2025-12-20T08:00:00Z,ETHUSDT,0.00001075
2025-12-20T16:00:00Z,ETHUSDT,-0.00002581
2025-12-21T00:00:00Z,ETHUSDT,-0.00004874
2025-12-21T08:00:00Z,ETHUSDT,-0.00000915
2025-12-21T16:00:00Z,ETHUSDT,-0.00004839
2025-12-22T00:00:00Z,ETHUSDT,0.0000044
2025-12-22T08:00:00Z,ETHUSDT,0.00008579
2025-12-22T16:00:00Z,ETHUSDT,-0.00001029
2025-12-23T00:00:00Z,ETHUSDT,-0.00006867
2025-12-23T08:00:00Z,ETHUSDT,-0.00006195
2025-12-23T16:00:00Z,ETHUSDT,-0.00003619
2025-12-24T00:00:00Z,ETHUSDT,-0.00005656
2025-12-24T08:00:00Z,ETHUSDT,-0.00001339
2025-12-24T16:00:00Z,ETHUSDT,0.00003261
2025-12-25T00:00:00Z,ETHUSDT,0.0001
2025-12-25T08:00:00Z,ETHUSDT,0.00007325
2025-12-25T16:00:00Z,ETHUSDT,0.00004526
2025-12-26T00:00:00Z,ETHUSDT,0.00002154
2025-12-26T08:00:00Z,ETHUSDT,0.00006406
2025-12-26T16:00:00Z,ETHUSDT,0.00003605
2025-12-27T00:00:00Z,ETHUSDT,-0.00000959
2025-12-27T08:00:00Z,ETHUSDT,0.00006727
2025-12-27T16:00:00Z,ETHUSDT,0.00009531
2025-12-28T00:00:00Z,ETHUSDT,0.00006968
2025-12-28T08:00:00Z,ETHUSDT,0.00006187
2025-12-28T16:00:00Z,ETHUSDT,0.00003472
2025-12-29T00:00:00Z,ETHUSDT,0.00005918
2025-12-29T08:00:00Z,ETHUSDT,0.00006654
2025-12-29T16:00:00Z,ETHUSDT,-0.0000646
2025-12-30T00:00:00Z,ETHUSDT,-0.00000364
2025-12-30T08:00:00Z,ETHUSDT,0.00003729
2025-12-30T16:00:00Z,ETHUSDT,0.0001
2025-12-31T00:00:00Z,ETHUSDT,-0.00000485
2025-12-31T08:00:00Z,ETHUSDT,0.00004816
2025-12-31T16:00:00Z,ETHUSDT,0.00008619
2026-01-01T00:00:00Z,ETHUSDT,0.0001
2026-01-01T08:00:00Z,ETHUSDT,0.0001
2026-01-01T16:00:00Z,ETHUSDT,0.0001
2026-01-02T00:00:00Z,ETHUSDT,0.00006187
2026-01-02T08:00:00Z,ETHUSDT,0.00007091
2026-01-02T16:00:00Z,ETHUSDT,0.00002836
2026-01-03T00:00:00Z,ETHUSDT,0.00005255
2026-01-03T08:00:00Z,ETHUSDT,-0.0000188
2026-01-03T16:00:00Z,ETHUSDT,-0.00001138
2026-01-04T00:00:00Z,ETHUSDT,-0.00000927
2026-01-04T08:00:00Z,ETHUSDT,0.00006033
2026-01-04T16:00:00Z,ETHUSDT,0.00006315
2026-01-05T00:00:00Z,ETHUSDT,0.00003212
2026-01-05T08:00:00Z,ETHUSDT,-0.00003034
2026-01-05T16:00:00Z,ETHUSDT,0.00003014
2026-01-06T00:00:00Z,ETHUSDT,0.00008684
2026-01-06T08:00:00Z,ETHUSDT,0.00004819
2026-01-06T16:00:00Z,ETHUSDT,0.0000413
2026-01-07T00:00:00Z,ETHUSDT,0.00009453
2026-01-07T08:00:00Z,ETHUSDT,0.00000406
2026-01-07T16:00:00Z,ETHUSDT,0.00001114
2026-01-08T00:00:00Z,ETHUSDT,-0.00006861
2026-01-08T08:00:00Z,ETHUSDT,-0.00006205
2026-01-08T16:00:00Z,ETHUSDT,-0.00002669
2026-01-09T00:00:00Z,ETHUSDT,0.0001
2026-01-09T08:00:00Z,ETHUSDT,0.00003121
2026-01-09T16:00:00Z,ETHUSDT,-0.00003501
2026-01-10T00:00:00Z,ETHUSDT,0.00003377
2026-01-10T08:00:00Z,ETHUSDT,0.00008859
2026-01-10T16:00:00Z,ETHUSDT,0.00007386
2026-01-11T00:00:00Z,ETHUSDT,0.00007847
2026-01-11T08:00:00Z,ETHUSDT,0.00006991
2026-01-11T16:00:00Z,ETHUSDT,0.0001
2026-01-12T00:00:00Z,ETHUSDT,0.00008804
2026-01-12T08:00:00Z,ETHUSDT,0.0000624
2026-01-12T16:00:00Z,ETHUSDT,-0.00000419
2026-01-13T00:00:00Z,ETHUSDT,-0.0000704
2026-01-13T08:00:00Z,ETHUSDT,0.00008503
2026-01-13T16:00:00Z,ETHUSDT,0.00007064
2026-01-14T00:00:00Z,ETHUSDT,0.00008452
2026-01-14T08:00:00Z,ETHUSDT,0.0001
2026-01-14T16:00:00Z,ETHUSDT,0.0001
2026-01-15T00:00:00Z,ETHUSDT,0.00006375
2026-01-15T08:00:00Z,ETHUSDT,0.00001963
2026-01-15T16:00:00Z,ETHUSDT,0.00001778
2026-01-16T00:00:00Z,ETHUSDT,0.00005703
2026-01-16T08:00:00Z,ETHUSDT,0.00008123
2026-01-16T16:00:00Z,ETHUSDT,0.00005736
2026-01-17T00:00:00Z,ETHUSDT,0.00002861
2026-01-17T08:00:00Z,ETHUSDT,0.00003048
2026-01-17T16:00:00Z,ETHUSDT,0.00002556
2026-01-18T00:00:00Z,ETHUSDT,0.00005391
2026-01-18T08:00:00Z,ETHUSDT,0.00000919
2026-01-18T16:00:00Z,ETHUSDT,0.00005745
2026-01-19T00:00:00Z,ETHUSDT,0.00006434
2026-01-19T08:00:00Z,ETHUSDT,-0.00008566
2026-01-19T16:00:00Z,ETHUSDT,-0.00000367
2026-01-20T00:00:00Z,ETHUSDT,0.00001546
2026-01-20T08:00:00Z,ETHUSDT,-0.00003158
2026-01-20T16:00:00Z,ETHUSDT,-0.00002464
2026-01-21T00:00:00Z,ETHUSDT,0.00005677
2026-01-21T08:00:00Z,ETHUSDT,0.00001129
2026-01-21T16:00:00Z,ETHUSDT,0.00004487
2026-01-22T00:00:00Z,ETHUSDT,0.0001
2026-01-22T08:00:00Z,ETHUSDT,0.00008773
2026-01-22T16:00:00Z,ETHUSDT,0.00001947
2026-01-23T00:00:00Z,ETHUSDT,0.00000274
2026-01-23T08:00:00Z,ETHUSDT,0.00002151
2026-01-23T16:00:00Z,ETHUSDT,0.00002881
2026-01-24T00:00:00Z,ETHUSDT,0.0000385
2026-01-24T08:00:00Z,ETHUSDT,-0.00001169
2026-01-24T16:00:00Z,ETHUSDT,-0.00000168
2026-01-25T00:00:00Z,ETHUSDT,0.00000987
2026-01-25T08:00:00Z,ETHUSDT,0.00001083
2026-01-25T16:00:00Z,ETHUSDT,0.00003497
2026-01-26T00:00:00Z,ETHUSDT,-0.0000844
2026-01-26T08:00:00Z,ETHUSDT,0.00009883
2026-01-26T16:00:00Z,ETHUSDT,0.0000656
2026-01-27T00:00:00Z,ETHUSDT,0.00008006
2026-01-27T08:00:00Z,ETHUSDT,0.00007151
2026-01-27T16:00:00Z,ETHUSDT,0.00000687
2026-01-28T00:00:00Z,ETHUSDT,0.00008296
2026-01-28T08:00:00Z,ETHUSDT,0.00003779
2026-01-28T16:00:00Z,ETHUSDT,0.00006269
2026-01-29T00:00:00Z,ETHUSDT,0.00006804
2026-01-29T08:00:00Z,ETHUSDT,0.0000417
2026-01-29T16:00:00Z,ETHUSDT,-0.0000045
2026-01-30T00:00:00Z,ETHUSDT,-0.00003249
2026-01-30T08:00:00Z,ETHUSDT,-0.00003285
2026-01-30T16:00:00Z,ETHUSDT,-0.00006342
2026-01-31T00:00:00Z,ETHUSDT,-0.00007785
2026-01-31T08:00:00Z,ETHUSDT,0.00000375
2026-01-31T16:00:00Z,ETHUSDT,-0.00006175
2026-02-01T00:00:00Z,ETHUSDT,-0.00004705
2026-02-01T08:00:00Z,ETHUSDT,-0.00000363
2026-02-01T16:00:00Z,ETHUSDT,-0.00006192
2026-02-02T00:00:00Z,ETHUSDT,-0.00001292
2026-02-02T08:00:00Z,ETHUSDT,-0.00000152
2026-02-02T16:00:00Z,ETHUSDT,-0.00009314
2026-02-03T00:00:00Z,ETHUSDT,-0.00008636
2026-02-03T08:00:00Z,ETHUSDT,-0.00001762
2026-02-03T16:00:00Z,ETHUSDT,-0.00002971
2026-02-04T00:00:00Z,ETHUSDT,0.00002356
2026-02-04T08:00:00Z,ETHUSDT,0.0001
2026-02-04T16:00:00Z,ETHUSDT,0.00005004
2026-02-05T00:00:00Z,ETHUSDT,0.0001
2026-02-05T08:00:00Z,ETHUSDT,0.00009697
2026-02-05T16:00:00Z,ETHUSDT,0.00002731
2026-02-06T00:00:00Z,ETHUSDT,-0.00008719
2026-02-06T08:00:00Z,ETHUSDT,0.00001828
2026-02-06T16:00:00Z,ETHUSDT,0.00008689
2026-02-07T00:00:00Z,ETHUSDT,0.00008477
2026-02-07T08:00:00Z,ETHUSDT,0.00003264
2026-02-07T16:00:00Z,ETHUSDT,0.00000722
2026-02-08T00:00:00Z,ETHUSDT,-0.00001103
2026-02-08T08:00:00Z,ETHUSDT,-0.00006488
2026-02-08T16:00:00Z,ETHUSDT,-0.00003533
2026-02-09T00:00:00Z,ETHUSDT,-0.00006184
2026-02-09T08:00:00Z,ETHUSDT,0.00000097
2026-02-09T16:00:00Z,ETHUSDT,0.00002194
2026-02-10T00:00:00Z,ETHUSDT,0.00007336
2026-02-10T08:00:00Z,ETHUSDT,0.00001586
2026-02-10T16:00:00Z,ETHUSDT,-0.00003588
2026-02-11T00:00:00Z,ETHUSDT,-0.00000225
2026-02-11T08:00:00Z,ETHUSDT,-0.00004521
2026-02-11T16:00:00Z,ETHUSDT,-0.00008354
2026-02-12T00:00:00Z,ETHUSDT,-0.00001692
2026-02-12T08:00:00Z,ETHUSDT,0.00008384
2026-02-12T16:00:00Z,ETHUSDT,0.00003491
2026-02-13T00:00:00Z,ETHUSDT,-0.00006724
2026-02-13T08:00:00Z,ETHUSDT,-0.0000008
2026-02-13T16:00:00Z,ETHUSDT,0.0001
2026-02-14T00:00:00Z,ETHUSDT,-0.00000977
2026-02-14T08:00:00Z,ETHUSDT,-0.00003352
2026-02-14T16:00:00Z,ETHUSDT,0.00002366
2026-02-15T00:00:00Z,ETHUSDT,0.00005157
2026-02-15T08:00:00Z,ETHUSDT,0.00009738
2026-02-15T16:00:00Z,ETHUSDT,-0.00003602
2026-02-16T00:00:00Z,ETHUSDT,-0.00001857
2026-02-16T08:00:00Z,ETHUSDT,-0.0000234
2026-02-16T16:00:00Z,ETHUSDT,0.00000667
2026-02-17T00:00:00Z,ETHUSDT,0.0000601
2026-02-17T08:00:00Z,ETHUSDT,-0.00002502
2026-02-17T16:00:00Z,ETHUSDT,-0.00005486
2026-02-18T00:00:00Z,ETHUSDT,0.00006911
2026-02-18T08:00:00Z,ETHUSDT,0.00003121
2026-02-18T16:00:00Z,ETHUSDT,-0.00004352
2026-02-19T00:00:00Z,ETHUSDT,-0.00006374
2026-02-19T08:00:00Z,ETHUSDT,0.00004873
2026-02-19T16:00:00Z,ETHUSDT,-0.00005059
2026-02-20T00:00:00Z,ETHUSDT,0.00003476
2026-02-20T08:00:00Z,ETHUSDT,0.00000933
2026-02-20T16:00:00Z,ETHUSDT,-0.00005243
2026-02-21T00:00:00Z,ETHUSDT,0.00007419
2026-02-21T08:00:00Z,ETHUSDT,0.00006983
2026-02-21T16:00:00Z,ETHUSDT,0.0001
2026-02-22T00:00:00Z,ETHUSDT,0.00008187
2026-02-22T08:00:00Z,ETHUSDT,-0.00001853
2026-02-22T16:00:00Z,ETHUSDT,-0.00005581
2026-02-23T00:00:00Z,ETHUSDT,-0.0000469
2026-02-23T08:00:00Z,ETHUSDT,-0.00020824
2026-02-23T16:00:00Z,ETHUSDT,0.00002452
2026-02-24T00:00:00Z,ETHUSDT,-0.00002249
2026-02-24T08:00:00Z,ETHUSDT,-0.00011943
2026-02-24T16:00:00Z,ETHUSDT,-0.00001053
2026-02-25T00:00:00Z,ETHUSDT,-0.00000487
2026-02-25T08:00:00Z,ETHUSDT,0.00008885
2026-02-25T16:00:00Z,ETHUSDT,0.0001
2026-02-26T00:00:00Z,ETHUSDT,0.0001
2026-02-26T08:00:00Z,ETHUSDT,0.0001
2026-02-26T16:00:00Z,ETHUSDT,0.00008493
2026-02-27T00:00:00Z,ETHUSDT,0.00001962
2026-02-27T08:00:00Z,ETHUSDT,0.00004068
2026-02-27T16:00:00Z,ETHUSDT,-0.0000246
2026-02-28T00:00:00Z,ETHUSDT,-0.00006276
2026-02-28T08:00:00Z,ETHUSDT,-0.00007829
2026-02-28T16:00:00Z,ETHUSDT,-0.00002844
2026-03-01T00:00:00Z,ETHUSDT,0.00003367
2026-03-01T08:00:00Z,ETHUSDT,0.0001
2026-03-01T16:00:00Z,ETHUSDT,0.0001
2026-03-02T00:00:00Z,ETHUSDT,0.00000424
2026-03-02T08:00:00Z,ETHUSDT,0.00002859
2026-03-02T16:00:00Z,ETHUSDT,0.00002819
2026-03-03T00:00:00Z,ETHUSDT,0.0001
2026-03-03T08:00:00Z,ETHUSDT,-0.00000596
2026-03-03T16:00:00Z,ETHUSDT,-0.00005368
2026-03-04T00:00:00Z,ETHUSDT,0.00001935
2026-03-04T08:00:00Z,ETHUSDT,-0.00000992
2026-03-04T16:00:00Z,ETHUSDT,0.0001
2026-03-05T00:00:00Z,ETHUSDT,0.00003022
2026-03-05T08:00:00Z,ETHUSDT,0.00000012
2026-03-05T16:00:00Z,ETHUSDT,-0.00002984
2026-03-06T00:00:00Z,ETHUSDT,0.00005956
2026-03-06T08:00:00Z,ETHUSDT,0.00005578
2026-03-06T16:00:00Z,ETHUSDT,-0.00006952
2026-03-07T00:00:00Z,ETHUSDT,-0.00001712
2026-03-07T08:00:00Z,ETHUSDT,-0.00004361
2026-03-07T16:00:00Z,ETHUSDT,0.00000472
2026-03-08T00:00:00Z,ETHUSDT,-0.00003413
2026-03-08T08:00:00Z,ETHUSDT,-0.00007021
2026-03-08T16:00:00Z,ETHUSDT,-0.00006106
2026-03-09T00:00:00Z,ETHUSDT,-0.00015305
2026-03-09T08:00:00Z,ETHUSDT,0.00008256
2026-03-09T16:00:00Z,ETHUSDT,0.00009217
2026-03-10T00:00:00Z,ETHUSDT,0.00001748
2026-03-10T08:00:00Z,ETHUSDT,0.0000852
2026-03-10T16:00:00Z,ETHUSDT,0.00007858
2026-03-11T00:00:00Z,ETHUSDT,0.0000102
2026-03-11T08:00:00Z,ETHUSDT,-0.00001962
2026-03-11T16:00:00Z,ETHUSDT,0.0001
2026-03-12T00:00:00Z,ETHUSDT,0.00002121
2026-03-12T08:00:00Z,ETHUSDT,-0.00005169
2026-03-12T16:00:00Z,ETHUSDT,0.00004451
2026-03-13T00:00:00Z,ETHUSDT,0.00002704
2026-03-13T08:00:00Z,ETHUSDT,0.0000441
2026-03-13T16:00:00Z,ETHUSDT,0.00005261
2026-03-14T00:00:00Z,ETHUSDT,0.00001092
2026-03-14T08:00:00Z,ETHUSDT,-0.00001687
2026-03-14T16:00:00Z,ETHUSDT,-0.00005906
2026-03-15T00:00:00Z,ETHUSDT,-0.00003817
2026-03-15T08:00:00Z,ETHUSDT,0.00007794
2026-03-15T16:00:00Z,ETHUSDT,0.00000805
2026-03-16T00:00:00Z,ETHUSDT,0.00007782
2026-03-16T08:00:00Z,ETHUSDT,0.0001
2026-03-16T16:00:00Z,ETHUSDT,0.00003692
2026-03-17T00:00:00Z,ETHUSDT,0.00003371
2026-03-17T08:00:00Z,ETHUSDT,0.00003187
2026-03-17T16:00:00Z,ETHUSDT,0.00004974
2026-03-18T00:00:00Z,ETHUSDT,-0.00002499
2026-03-18T08:00:00Z,ETHUSDT,-0.00003364
2026-03-18T16:00:00Z,ETHUSDT,-0.00002873
2026-03-19T00:00:00Z,ETHUSDT,0.00003889
2026-03-19T08:00:00Z,ETHUSDT,0.00000186
2026-03-19T16:00:00Z,ETHUSDT,0.00000702
2026-03-20T00:00:00Z,ETHUSDT,0.00003252
2026-03-20T08:00:00Z,ETHUSDT,0.00000412
2026-03-20T16:00:00Z,ETHUSDT,-0.00002131
2026-03-21T00:00:00Z,ETHUSDT,0.00002883
2026-03-21T08:00:00Z,ETHUSDT,0.00003087
2026-03-21T16:00:00Z,ETHUSDT,0.00000708
2026-03-22T00:00:00Z,ETHUSDT,0.00002692
2026-03-22T08:00:00Z,ETHUSDT,-0.00000285
2026-03-22T16:00:00Z,ETHUSDT,0.00001084
2026-03-23T00:00:00Z,ETHUSDT,-0.00002962
2026-03-23T08:00:00Z,ETHUSDT,0.0000012
2026-03-23T16:00:00Z,ETHUSDT,0.00006478
2026-03-24T00:00:00Z,ETHUSDT,0.00004832
2026-03-24T08:00:00Z,ETHUSDT,0.00000499
2026-03-24T16:00:00Z,ETHUSDT,0.00003363
2026-03-25T00:00:00Z,ETHUSDT,0.00005948
2026-03-25T08:00:00Z,ETHUSDT,0.00006909
2026-03-25T16:00:00Z,ETHUSDT,0.00005266
2026-03-26T00:00:00Z,ETHUSDT,0.00004595
2026-03-26T08:00:00Z,ETHUSDT,-0.00003185
2026-03-26T16:00:00Z,ETHUSDT,-0.00004332
2026-03-27T00:00:00Z,ETHUSDT,-0.00000248
2026-03-27T08:00:00Z,ETHUSDT,-0.00000101
2026-03-27T16:00:00Z,ETHUSDT,-0.00015665
2026-03-28T00:00:00Z,ETHUSDT,0.00001695
2026-03-28T08:00:00Z,ETHUSDT,0.00003173
2026-03-28T16:00:00Z,ETHUSDT,-0.00000074
2026-03-29T00:00:00Z,ETHUSDT,-0.0000022
2026-03-29T08:00:00Z,ETHUSDT,-0.00002779
2026-03-29T16:00:00Z,ETHUSDT,-0.00006661
2026-03-30T00:00:00Z,ETHUSDT,-0.00000949
2026-03-30T08:00:00Z,ETHUSDT,0.0001
2026-03-30T16:00:00Z,ETHUSDT,0.00004563
2026-03-31T00:00:00Z,ETHUSDT,0.00002755
2026-03-31T08:00:00Z,ETHUSDT,0.0001
2026-03-31T16:00:00Z,ETHUSDT,0.00006342
2026-04-01T00:00:00Z,ETHUSDT,0.00006238
2026-04-01T08:00:00Z,ETHUSDT,0.0001
2026-04-01T16:00:00Z,ETHUSDT,0.00000277
2026-04-02T00:00:00Z,ETHUSDT,-0.00005324
2026-04-02T08:00:00Z,ETHUSDT,-0.00009567
2026-04-02T16:00:00Z,ETHUSDT,-0.000059
2026-04-03T00:00:00Z,ETHUSDT,0.00003243
2026-04-03T08:00:00Z,ETHUSDT,0.00005042
2026-04-03T16:00:00Z,ETHUSDT,-0.00004974
2026-04-04T00:00:00Z,ETHUSDT,-0.00003428
2026-04-04T08:00:00Z,ETHUSDT,0.00002555
2026-04-04T16:00:00Z,ETHUSDT,-0.00005297
2026-04-05T00:00:00Z,ETHUSDT,0.00001785
2026-04-05T08:00:00Z,ETHUSDT,-0.00007888
2026-04-05T16:00:00Z,ETHUSDT,-0.00010322
2026-04-06T00:00:00Z,ETHUSDT,0.00004059
2026-04-06T08:00:00Z,ETHUSDT,0.0001
2026-04-06T16:00:00Z,ETHUSDT,0.00005365
2026-04-07T00:00:00Z,ETHUSDT,-0.00009356
2026-04-07T08:00:00Z,ETHUSDT,-0.00007812
2026-04-07T16:00:00Z,ETHUSDT,0.00000432
2026-04-08T00:00:00Z,ETHUSDT,0.0001
2026-04-08T08:00:00Z,ETHUSDT,0.0001
2026-04-08T16:00:00Z,ETHUSDT,0.00002924
2026-04-09T00:00:00Z,ETHUSDT,0.00005194
2026-04-09T08:00:00Z,ETHUSDT,0.0000203
2026-04-09T16:00:00Z,ETHUSDT,0.00003657
2026-04-10T00:00:00Z,ETHUSDT,0.0001
2026-04-10T08:00:00Z,ETHUSDT,0.00004567
2026-04-10T16:00:00Z,ETHUSDT,0.00003563
2026-04-11T00:00:00Z,ETHUSDT,0.00003328
2026-04-11T08:00:00Z,ETHUSDT,0.00006516
2026-04-11T16:00:00Z,ETHUSDT,-0.00000754
2026-04-12T00:00:00Z,ETHUSDT,0.00009038
2026-04-12T08:00:00Z,ETHUSDT,-0.00004348
2026-04-12T16:00:00Z,ETHUSDT,-0.00008203
2026-04-13T00:00:00Z,ETHUSDT,-0.00002077
2026-04-13T08:00:00Z,ETHUSDT,-0.00000786
2026-04-13T16:00:00Z,ETHUSDT,0.00002299
2026-04-14T00:00:00Z,ETHUSDT,0.00008502
2026-04-14T08:00:00Z,ETHUSDT,0.0001
2026-04-14T16:00:00Z,ETHUSDT,0.0000396
2026-04-15T00:00:00Z,ETHUSDT,-0.00007969
2026-04-15T08:00:00Z,ETHUSDT,0.0000134
2026-04-15T16:00:00Z,ETHUSDT,-0.00000525
2026-04-16T00:00:00Z,ETHUSDT,0.00007443
2026-04-16T08:00:00Z,ETHUSDT,-0.0000048
2026-04-16T16:00:00Z,ETHUSDT,-0.00006616
2026-04-17T00:00:00Z,ETHUSDT,0.00005099
2026-04-17T08:00:00Z,ETHUSDT,-0.00004022
2026-04-17T16:00:00Z,ETHUSDT,0.00001083
2026-04-18T00:00:00Z,ETHUSDT,-0.00016286
2026-04-18T08:00:00Z,ETHUSDT,-0.00011193
2026-04-18T16:00:00Z,ETHUSDT,-0.00013025
2026-04-19T00:00:00Z,ETHUSDT,-0.000116
2026-04-19T08:00:00Z,ETHUSDT,-0.0000959
2026-04-19T16:00:00Z,ETHUSDT,-0.00007638
2026-04-20T00:00:00Z,ETHUSDT,-0.00001194
2026-04-20T08:00:00Z,ETHUSDT,-0.00004987
2026-04-20T16:00:00Z,ETHUSDT,0.00002374
2026-04-21T00:00:00Z,ETHUSDT,-0.00010327
2026-04-21T08:00:00Z,ETHUSDT,-0.00005988
2026-04-21T16:00:00Z,ETHUSDT,-0.00006756
2026-04-22T00:00:00Z,ETHUSDT,0.00000333
2026-04-22T08:00:00Z,ETHUSDT,0.00004234
2026-04-22T16:00:00Z,ETHUSDT,0.00000856
2026-04-23T00:00:00Z,ETHUSDT,-0.0000386
2026-04-23T08:00:00Z,ETHUSDT,0.00001709
2026-04-23T16:00:00Z,ETHUSDT,-0.00005031
2026-04-24T00:00:00Z,ETHUSDT,-0.00002068
2026-04-24T08:00:00Z,ETHUSDT,-0.00005994
2026-04-24T16:00:00Z,ETHUSDT,-0.00005208
2026-04-25T00:00:00Z,ETHUSDT,0.00003695
2026-04-25T08:00:00Z,ETHUSDT,0.00004994
2026-04-25T16:00:00Z,ETHUSDT,-0.00002179
2026-04-26T00:00:00Z,ETHUSDT,0.00000966
2026-04-26T08:00:00Z,ETHUSDT,-0.00001541
2026-04-26T16:00:00Z,ETHUSDT,0.0000156
2026-04-27T00:00:00Z,ETHUSDT,0.00000079
2026-04-27T08:00:00Z,ETHUSDT,-0.00005454
2026-04-27T16:00:00Z,ETHUSDT,-0.00005158
2026-04-28T00:00:00Z,ETHUSDT,-0.00006621
2026-04-28T08:00:00Z,ETHUSDT,-0.00007664
2026-04-28T16:00:00Z,ETHUSDT,-0.00000446
2026-04-29T00:00:00Z,ETHUSDT,0.00001073
2026-04-29T08:00:00Z,ETHUSDT,0.0000405
2026-04-29T16:00:00Z,ETHUSDT,-0.00002069
2026-04-30T00:00:00Z,ETHUSDT,0.00005104
2026-04-30T08:00:00Z,ETHUSDT,-0.00004045
2026-04-30T16:00:00Z,ETHUSDT,-0.00001081
2026-05-01T00:00:00Z,ETHUSDT,0.00003096
2026-05-01T08:00:00Z,ETHUSDT,0.00002809
2026-05-01T16:00:00Z,ETHUSDT,-0.00003742
2026-05-02T00:00:00Z,ETHUSDT,-0.000015
2026-05-02T08:00:00Z,ETHUSDT,0.00001534
2026-05-02T16:00:00Z,ETHUSDT,-0.00004743
2026-05-03T00:00:00Z,ETHUSDT,0.00000452
2026-05-03T08:00:00Z,ETHUSDT,0.00001885
2026-05-03T16:00:00Z,ETHUSDT,0.00000571
2026-05-04T00:00:00Z,ETHUSDT,-0.00000648
2026-05-04T08:00:00Z,ETHUSDT,0.00001456
2026-05-04T16:00:00Z,ETHUSDT,-0.00004032
2026-05-05T00:00:00Z,ETHUSDT,-0.00001497
2026-05-05T08:00:00Z,ETHUSDT,0.000051
2026-05-05T16:00:00Z,ETHUSDT,0.00000911
2026-05-06T00:00:00Z,ETHUSDT,-0.00004583
2026-05-06T08:00:00Z,ETHUSDT,-0.00000655
2026-05-06T16:00:00Z,ETHUSDT,-0.0000297
2026-05-07T00:00:00Z,ETHUSDT,-0.00002573
2026-05-07T08:00:00Z,ETHUSDT,0.00002163
2026-05-07T16:00:00Z,ETHUSDT,0.00000277
2026-05-08T00:00:00Z,ETHUSDT,0.00005133
2026-05-08T08:00:00Z,ETHUSDT,0.00005776
2026-05-08T16:00:00Z,ETHUSDT,0.00000274
2026-05-09T00:00:00Z,ETHUSDT,0.00009378
2026-05-09T08:00:00Z,ETHUSDT,0.00003951
2026-05-09T16:00:00Z,ETHUSDT,0.00002766
2026-05-10T00:00:00Z,ETHUSDT,0.00002816
2026-05-10T08:00:00Z,ETHUSDT,0.00007343
2026-05-10T16:00:00Z,ETHUSDT,0.00008374
2026-05-11T00:00:00Z,ETHUSDT,0.00004964
2026-05-11T08:00:00Z,ETHUSDT,0.00006713
2026-05-11T16:00:00Z,ETHUSDT,-0.00000086
2026-05-12T00:00:00Z,ETHUSDT,0.00003383
2026-05-12T08:00:00Z,ETHUSDT,-0.00005172
2026-05-12T16:00:00Z,ETHUSDT,-0.00000861
2026-05-13T00:00:00Z,ETHUSDT,0.0000205
2026-05-13T08:00:00Z,ETHUSDT,0.00008282
2026-05-13T16:00:00Z,ETHUSDT,-0.00003576
2026-05-14T00:00:00Z,ETHUSDT,0.00005973
2026-05-14T08:00:00Z,ETHUSDT,0.00003788
2026-05-14T16:00:00Z,ETHUSDT,0.00004135
2026-05-15T00:00:00Z,ETHUSDT,0.00002435
2026-05-15T08:00:00Z,ETHUSDT,-0.00003529
2026-05-15T16:00:00Z,ETHUSDT,0.00003393
2026-05-16T00:00:00Z,ETHUSDT,0.00006383
2026-05-16T08:00:00Z,ETHUSDT,0.00002276
2026-05-16T16:00:00Z,ETHUSDT,0.00004977
2026-05-17T00:00:00Z,ETHUSDT,0.00006966
2026-05-17T08:00:00Z,ETHUSDT,0.00004802
2026-05-17T16:00:00Z,ETHUSDT,0.00007246
2026-05-18T00:00:00Z,ETHUSDT,-0.00000629
2026-05-18T08:00:00Z,ETHUSDT,0.00001588
2026-05-18T16:00:00Z,ETHUSDT,-0.00002562
2026-05-19T00:00:00Z,ETHUSDT,0.00006923
2026-05-19T08:00:00Z,ETHUSDT,0.00001834
2026-05-19T16:00:00Z,ETHUSDT,0.00005843
2026-05-20T00:00:00Z,ETHUSDT,0.00006206
2026-05-20T08:00:00Z,ETHUSDT,0.00004389
2026-05-20T16:00:00Z,ETHUSDT,0.00005126
2026-05-21T00:00:00Z,ETHUSDT,0.00003736
2026-05-21T08:00:00Z,ETHUSDT,0.00003763
2026-05-21T16:00:00Z,ETHUSDT,0.00005692
2026-05-22T00:00:00Z,ETHUSDT,0.0000426
2026-05-22T08:00:00Z,ETHUSDT,0.00004028
2026-05-22T16:00:00Z,ETHUSDT,0.00007759
2026-05-23T00:00:00Z,ETHUSDT,0.00006956
2026-05-23T08:00:00Z,ETHUSDT,0.00001807
2026-05-23T16:00:00Z,ETHUSDT,0.00006454
2026-05-24T00:00:00Z,ETHUSDT,0.00003141
2026-05-24T08:00:00Z,ETHUSDT,0.00008799
2026-05-24T16:00:00Z,ETHUSDT,0.00005118
2026-05-25T00:00:00Z,ETHUSDT,0.00005137
2026-05-25T08:00:00Z,ETHUSDT,0.00006128
2026-05-25T16:00:00Z,ETHUSDT,0.00008183
2026-05-26T00:00:00Z,ETHUSDT,0.000058
2026-05-26T08:00:00Z,ETHUSDT,-0.00001269
2026-05-26T16:00:00Z,ETHUSDT,0.00002548
2026-05-27T00:00:00Z,ETHUSDT,0.00001199
2026-05-27T08:00:00Z,ETHUSDT,-0.00003378
2026-05-27T16:00:00Z,ETHUSDT,0.00000937
2026-05-28T00:00:00Z,ETHUSDT,-0.00002073
2026-05-28T08:00:00Z,ETHUSDT,-0.00012556
2026-05-28T16:00:00Z,ETHUSDT,0.0000227
2026-05-29T00:00:00Z,ETHUSDT,0.0000472
2026-05-29T08:00:00Z,ETHUSDT,0.00005621
2026-05-29T16:00:00Z,ETHUSDT,0.00007212
2026-05-30T00:00:00Z,ETHUSDT,0.00002007
2026-05-30T08:00:00Z,ETHUSDT,0.00002138
2026-05-30T16:00:00Z,ETHUSDT,0.00006093
2026-05-31T00:00:00Z,ETHUSDT,0.00009473
2026-05-31T08:00:00Z,ETHUSDT,0.00007057
2026-05-31T16:00:00Z,ETHUSDT,-0.00001604
2026-06-01T00:00:00Z,ETHUSDT,0.00007484
2026-06-01T08:00:00Z,ETHUSDT,0.00001818
2026-06-01T16:00:00Z,ETHUSDT,0.0001
2026-06-02T00:00:00Z,ETHUSDT,0.0001
2026-06-02T08:00:00Z,ETHUSDT,0.00001034
2026-06-02T16:00:00Z,ETHUSDT,0.00001899
2026-06-03T00:00:00Z,ETHUSDT,-0.00000482
2026-06-03T08:00:00Z,ETHUSDT,0.0000584
2026-06-03T16:00:00Z,ETHUSDT,0.00005729
2026-06-04T00:00:00Z,ETHUSDT,0.00006677
2026-06-04T08:00:00Z,ETHUSDT,0.00000556
2026-06-04T16:00:00Z,ETHUSDT,0.00000555
2026-06-05T00:00:00Z,ETHUSDT,-0.00001296
2026-06-05T08:00:00Z,ETHUSDT,-0.00006842
2026-06-05T16:00:00Z,ETHUSDT,-0.00006866
2026-06-06T00:00:00Z,ETHUSDT,-0.00001602
2026-06-06T08:00:00Z,ETHUSDT,-0.00001159
2026-06-06T16:00:00Z,ETHUSDT,-0.00001664
2026-06-07T00:00:00Z,ETHUSDT,-0.00005333
2026-06-07T08:00:00Z,ETHUSDT,-0.00008856
2026-06-07T16:00:00Z,ETHUSDT,-0.00009555
2026-06-08T00:00:00Z,ETHUSDT,-0.000061
2026-06-08T08:00:00Z,ETHUSDT,-0.00006487
2026-06-08T16:00:00Z,ETHUSDT,-0.00000642
2026-06-09T00:00:00Z,ETHUSDT,-0.00009635
2026-06-09T08:00:00Z,ETHUSDT,0.00001503
2026-06-09T16:00:00Z,ETHUSDT,-0.00003623
2026-06-10T00:00:00Z,ETHUSDT,0.00001873
2026-06-10T08:00:00Z,ETHUSDT,-0.00004172
2026-06-10T16:00:00Z,ETHUSDT,0.0000188
2026-06-11T00:00:00Z,ETHUSDT,-0.00004124
2026-06-11T08:00:00Z,ETHUSDT,0.00008387
2026-06-11T16:00:00Z,ETHUSDT,0.00003746
2026-06-12T00:00:00Z,ETHUSDT,0.00004171
2026-06-12T08:00:00Z,ETHUSDT,-0.00003488
2026-06-12T16:00:00Z,ETHUSDT,0.00003138
2026-06-13T00:00:00Z,ETHUSDT,-0.00000668
2026-06-13T08:00:00Z,ETHUSDT,0.00001565
2026-06-13T16:00:00Z,ETHUSDT,0.00004943
2026-06-14T00:00:00Z,ETHUSDT,0.00000995
2026-06-14T08:00:00Z,ETHUSDT,-0.00000817
2026-06-14T16:00:00Z,ETHUSDT,0.0000007
2026-06-15T00:00:00Z,ETHUSDT,0.00005909
2026-06-15T08:00:00Z,ETHUSDT,0.00001371
2026-06-15T16:00:00Z,ETHUSDT,0.00000147
2026-06-16T00:00:00Z,ETHUSDT,0.00003068
2026-06-16T08:00:00Z,ETHUSDT,-0.0000378
2026-06-16T16:00:00Z,ETHUSDT,0.00003072
2026-06-17T00:00:00Z,ETHUSDT,0.00009887
2026-06-17T08:00:00Z,ETHUSDT,0.00004887
2026-06-17T16:00:00Z,ETHUSDT,-0.00000585
2026-06-18T00:00:00Z,ETHUSDT,0.00000918
2026-06-18T08:00:00Z,ETHUSDT,-0.00002603
2026-06-18T16:00:00Z,ETHUSDT,-0.00001353
2026-06-19T00:00:00Z,ETHUSDT,0.0000751
2026-06-19T08:00:00Z,ETHUSDT,-0.00001675
2026-06-19T16:00:00Z,ETHUSDT,-0.00001938
2026-06-20T00:00:00Z,ETHUSDT,0.00000249
2026-06-20T08:00:00Z,ETHUSDT,0.00005547
2026-06-20T16:00:00Z,ETHUSDT,0.00006553
2026-06-21T00:00:00Z,ETHUSDT,0.00007965
2026-06-21T08:00:00Z,ETHUSDT,-0.00001062
2026-06-21T16:00:00Z,ETHUSDT,-0.00000591
2026-06-22T00:00:00Z,ETHUSDT,-0.00005183
2026-06-22T08:00:00Z,ETHUSDT,0.00004685
2026-06-22T16:00:00Z,ETHUSDT,0.000058
2026-06-23T00:00:00Z,ETHUSDT,-0.00002336
2026-06-23T08:00:00Z,ETHUSDT,-0.00008032
2026-06-23T16:00:00Z,ETHUSDT,-0.00005207
2026-06-24T00:00:00Z,ETHUSDT,-0.00002672
2026-06-24T08:00:00Z,ETHUSDT,-0.0000278
2026-06-24T16:00:00Z,ETHUSDT,0.00000598
2026-06-25T00:00:00Z,ETHUSDT,0.00000131
2026-06-25T08:00:00Z,ETHUSDT,0.00005447
2026-06-25T16:00:00Z,ETHUSDT,-0.00005806
2026-06-26T00:00:00Z,ETHUSDT,0.0000073
2026-06-26T08:00:00Z,ETHUSDT,0.00001902
2026-06-26T16:00:00Z,ETHUSDT,0.00002916
2026-06-27T00:00:00Z,ETHUSDT,0.00001683
2026-06-27T08:00:00Z,ETHUSDT,-0.00001361
2026-06-27T16:00:00Z,ETHUSDT,-0.00003171
2026-06-28T00:00:00Z,ETHUSDT,-0.00003906
2026-06-28T08:00:00Z,ETHUSDT,-0.00004872
2026-06-28T16:00:00Z,ETHUSDT,0.00000249
2026-06-29T00:00:00Z,ETHUSDT,-0.00002896
2026-06-29T08:00:00Z,ETHUSDT,0.00003363
2026-06-29T16:00:00Z,ETHUSDT,0.00000697
2026-06-30T00:00:00Z,ETHUSDT,0.00004858
2026-06-30T08:00:00Z,ETHUSDT,-0.0000349
2026-06-30T16:00:00Z,ETHUSDT,0.0000066
2026-07-01T00:00:00Z,ETHUSDT,0.00007185
2026-07-01T08:00:00Z,ETHUSDT,0.00007534
2026-07-01T16:00:00Z,ETHUSDT,0.00007063
2026-07-02T00:00:00Z,ETHUSDT,0.00008535
2026-07-02T08:00:00Z,ETHUSDT,0.00004814
2026-07-02T16:00:00Z,ETHUSDT,0.0000785
2026-07-03T00:00:00Z,ETHUSDT,0.0000094
2026-07-03T08:00:00Z,ETHUSDT,0.00009828
2026-07-03T16:00:00Z,ETHUSDT,0.00007795
2026-07-04T00:00:00Z,ETHUSDT,0.00003129
2026-07-04T08:00:00Z,ETHUSDT,0.0000541
2026-07-04T16:00:00Z,ETHUSDT,0.00005822
2026-07-05T00:00:00Z,ETHUSDT,0.00003938
2026-07-05T08:00:00Z,ETHUSDT,0.00001796
2026-07-05T16:00:00Z,ETHUSDT,0.00003535
2026-07-06T00:00:00Z,ETHUSDT,0.00008352
2026-07-06T08:00:00Z,ETHUSDT,0.00005038
2026-07-06T16:00:00Z,ETHUSDT,0.00004799
2026-07-07T00:00:00Z,ETHUSDT,0.0001
2026-07-07T08:00:00Z,ETHUSDT,-0.00000723
2026-07-07T16:00:00Z,ETHUSDT,0.00003827
2026-07-08T00:00:00Z,ETHUSDT,0.00000328
2026-07-08T08:00:00Z,ETHUSDT,-0.00004537
2026-07-08T16:00:00Z,ETHUSDT,0.00002581
2026-07-09T00:00:00Z,ETHUSDT,0.00004966
2026-07-09T08:00:00Z,ETHUSDT,0.00003079
2026-07-09T16:00:00Z,ETHUSDT,0.00001279
2026-07-10T00:00:00Z,ETHUSDT,0.00001575
2026-07-10T08:00:00Z,ETHUSDT,0.00008735
2026-07-10T16:00:00Z,ETHUSDT,0.00004938
2026-07-11T00:00:00Z,ETHUSDT,0.00003743
2026-07-11T08:00:00Z,ETHUSDT,0.00001728
2026-07-11T16:00:00Z,ETHUSDT,0.00004533
2026-07-12T00:00:00Z,ETHUSDT,0.0000023
2026-07-12T08:00:00Z,ETHUSDT,-0.00002554
2026-07-12T16:00:00Z,ETHUSDT,0.00006062
2026-07-13T00:00:00Z,ETHUSDT,0.00002797
2026-07-13T08:00:00Z,ETHUSDT,0.00000424
2026-07-13T16:00:00Z,ETHUSDT,0.00003082
2026-07-14T00:00:00Z,ETHUSDT,-0.00000479
2026-07-14T08:00:00Z,ETHUSDT,0.00003982
2026-07-14T16:00:00Z,ETHUSDT,0.0001
2026-07-15T00:00:00Z,ETHUSDT,0.00006612
2026-07-15T08:00:00Z,ETHUSDT,0.00004819
2026-07-15T16:00:00Z,ETHUSDT,0.00005944
2026-07-16T00:00:00Z,ETHUSDT,0.00002206
2026-07-16T08:00:00Z,ETHUSDT,0.00004514
2026-07-16T16:00:00Z,ETHUSDT,0.0000405
2026-07-17T00:00:00Z,ETHUSDT,0.0000453
2026-07-17T08:00:00Z,ETHUSDT,0.00001177
2026-07-17T16:00:00Z,ETHUSDT,0.00003372
2026-07-18T00:00:00Z,ETHUSDT,0.0000183
2026-07-18T08:00:00Z,ETHUSDT,0.00000331
2026-07-18T16:00:00Z,ETHUSDT,0.00002807
2026-07-19T00:00:00Z,ETHUSDT,0.00003476
2026-07-19T08:00:00Z,ETHUSDT,0.00004861
2026-07-19T16:00:00Z,ETHUSDT,0.00007528
2026-07-20T00:00:00Z,ETHUSDT,0.00006325
2026-07-20T08:00:00Z,ETHUSDT,-0.00000769
2026-07-20T16:00:00Z,ETHUSDT,0.00005649
2026-07-21T00:00:00Z,ETHUSDT,0.00004215
2026-07-21T08:00:00Z,ETHUSDT,0.0001
2026-07-21T16:00:00Z,ETHUSDT,0.00003134
2026-07-22T00:00:00Z,ETHUSDT,0.00002594
2026-07-22T08:00:00Z,ETHUSDT,-0.00001734
2026-07-22T16:00:00Z,ETHUSDT,0.00005349
2026-07-23T00:00:00Z,ETHUSDT,-0.00000319
2026-07-23T08:00:00Z,ETHUSDT,-0.00001177
2026-07-23T16:00:00Z,ETHUSDT,0.00000235
2026-07-24T00:00:00Z,ETHUSDT,-0.00001694
2026-07-24T08:00:00Z,ETHUSDT,0.000025
2026-07-24T16:00:00Z,ETHUSDT,0.00000149
2026-07-25T00:00:00Z,ETHUSDT,0.00004002
2026-07-25T08:00:00Z,ETHUSDT,0.00002553
2026-07-25T16:00:00Z,ETHUSDT,0.00006889
2026-07-26T00:00:00Z,ETHUSDT,0.00001161
2026-07-26T08:00:00Z,ETHUSDT,0.00006107
2026-07-26T16:00:00Z,ETHUSDT,0.0000767
2026-07-27T00:00:00Z,ETHUSDT,0.00007711
2026-07-27T08:00:00Z,ETHUSDT,0.000035
2026-07-27T16:00:00Z,ETHUSDT,0.00001043
2026-07-28T00:00:00Z,ETHUSDT,-0.00000956
2026-07-28T08:00:00Z,ETHUSDT,-0.00000383
2026-07-28T16:00:00Z,ETHUSDT,0.00002712
2026-07-29T00:00:00Z,ETHUSDT,0.00004791
2026-07-29T08:00:00Z,ETHUSDT,0.00003976
2026-07-29T16:00:00Z,ETHUSDT,0.00002025
2026-07-30T00:00:00Z,ETHUSDT,0.0001
2026-07-30T08:00:00Z,ETHUSDT,0.00003114
2026-07-30T16:00:00Z,ETHUSDT,0.00005778
2026-07-31T00:00:00Z,ETHUSDT,0.0001
2026-07-31T08:00:00Z,ETHUSDT,-0.00003441
2026-07-31T16:00:00Z,ETHUSDT,-0.00007537
2026-08-01T00:00:00Z,ETHUSDT,-0.00001429
2026-08-01T08:00:00Z,ETHUSDT,-0.00000262
2026-08-01T16:00:00Z,ETHUSDT,0.00004746
2026-08-02T00:00:00Z,ETHUSDT,0.00000361
2026-08-02T08:00:00Z,ETHUSDT,0.000078
2026-08-02T16:00:00Z,ETHUSDT,-0.00000015
2026-08-03T00:00:00Z,ETHUSDT,0.00005325
2026-08-03T08:00:00Z,ETHUSDT,-0.00002524
2026-08-03T16:00:00Z,ETHUSDT,0.00004011
2026-08-04T00:00:00Z,ETHUSDT,0.00003981
2026-08-04T08:00:00Z,ETHUSDT,0.00001459
2026-08-04T16:00:00Z,ETHUSDT,0.00003562
2026-08-05T00:00:00Z,ETHUSDT,0.00002137
2026-08-05T08:00:00Z,ETHUSDT,-0.00000492
2026-08-05T16:00:00Z,ETHUSDT,0.00001326
2026-08-06T00:00:00Z,ETHUSDT,0.00002494
2026-08-06T08:00:00Z,ETHUSDT,0.00006628
2026-08-06T16:00:00Z,ETHUSDT,0.00001973
2026-08-07T00:00:00Z,ETHUSDT,-0.00001605
2026-08-07T08:00:00Z,ETHUSDT,0.0000325
2026-08-07T16:00:00Z,ETHUSDT,0.00006138
2026-08-08T00:00:00Z,ETHUSDT,-0.00002018
2026-08-08T08:00:00Z,ETHUSDT,-0.00000229
2026-08-08T16:00:00Z,ETHUSDT,0.00002978
2026-08-09T00:00:00Z,ETHUSDT,0.00003134
2026-08-09T08:00:00Z,ETHUSDT,0.00006318
2026-08-09T16:00:00Z,ETHUSDT,0.00005266
2026-08-10T00:00:00Z,ETHUSDT,0.00005094
2026-08-10T08:00:00Z,ETHUSDT,0.00005214
2026-08-10T16:00:00Z,ETHUSDT,0.00003473
2026-08-11T00:00:00Z,ETHUSDT,0.00003043
2026-08-11T08:00:00Z,ETHUSDT,-0.0000179
2026-08-11T16:00:00Z,ETHUSDT,0.00003181
2026-08-12T00:00:00Z,ETHUSDT,0.0000825
2026-08-12T08:00:00Z,ETHUSDT,0.00006972
2026-08-12T16:00:00Z,ETHUSDT,0.00004742
2026-08-13T00:00:00Z,ETHUSDT,0.0000729
2026-08-13T08:00:00Z,ETHUSDT,0.00007792
2026-08-13T16:00:00Z,ETHUSDT,0.00004152
2026-08-14T00:00:00Z,ETHUSDT,0.00005399
2026-08-14T08:00:00Z,ETHUSDT,0.00000932
2026-08-14T16:00:00Z,ETHUSDT,0.0000258
2026-08-15T00:00:00Z,ETHUSDT,0.00000974
2026-08-15T08:00:00Z,ETHUSDT,0.00003698
2026-08-15T16:00:00Z,ETHUSDT,0.00007122
2026-08-16T00:00:00Z,ETHUSDT,0.00003929
2026-08-16T08:00:00Z,ETHUSDT,0.00008761
2026-08-16T16:00:00Z,ETHUSDT,0.00005982
2026-08-17T00:00:00Z,ETHUSDT,0.00002996
2026-08-17T08:00:00Z,ETHUSDT,0.00004736
2026-08-17T16:00:00Z,ETHUSDT,0.00007211
2026-08-18T00:00:00Z,ETHUSDT,0.00007244
2026-08-18T08:00:00Z,ETHUSDT,-0.000017
2026-08-18T16:00:00Z,ETHUSDT,0.00003519
2026-08-19T00:00:00Z,ETHUSDT,0.00005197
2026-08-19T08:00:00Z,ETHUSDT,0.00003245
2026-08-19T16:00:00Z,ETHUSDT,0.0001
2026-08-20T00:00:00Z,ETHUSDT,0.0001
2026-08-20T08:00:00Z,ETHUSDT,0.0001
2026-08-20T16:00:00Z,ETHUSDT,0.0000899
2026-08-21T00:00:00Z,ETHUSDT,0.00007461
2026-08-21T08:00:00Z,ETHUSDT,0.0001
2026-08-21T16:00:00Z,ETHUSDT,0.0001
2026-08-22T00:00:00Z,ETHUSDT,0.0001
2026-08-22T08:00:00Z,ETHUSDT,0.0001
2026-08-22T16:00:00Z,ETHUSDT,0.0001
2026-08-23T00:00:00Z,ETHUSDT,0.0001
2026-08-23T08:00:00Z,ETHUSDT,0.0001
2026-08-23T16:00:00Z,ETHUSDT,0.0001
2026-08-24T00:00:00Z,ETHUSDT,0.0001
2026-08-24T08:00:00Z,ETHUSDT,0.0001
2026-08-24T16:00:00Z,ETHUSDT,0.0001
2026-08-25T00:00:00Z,ETHUSDT,0.00006205
2026-08-25T08:00:00Z,ETHUSDT,0.0000738
2026-08-25T16:00:00Z,ETHUSDT,0.00001126
2026-08-26T00:00:00Z,ETHUSDT,0.00001096
2026-08-26T08:00:00Z,ETHUSDT,0.00003705
2026-08-26T16:00:00Z,ETHUSDT,0.00000344
2026-08-27T00:00:00Z,ETHUSDT,0.00008594
2026-08-27T08:00:00Z,ETHUSDT,0.00001481
2026-08-27T16:00:00Z,ETHUSDT,0.00001788
2026-08-28T00:00:00Z,ETHUSDT,0.00000886
2026-08-28T08:00:00Z,ETHUSDT,0.00004075
2026-08-28T16:00:00Z,ETHUSDT,0.00005589
2026-08-29T00:00:00Z,ETHUSDT,0.00001153
2026-08-29T08:00:00Z,ETHUSDT,0.00000211
2026-08-29T16:00:00Z,ETHUSDT,0.00004579
2026-08-30T00:00:00Z,ETHUSDT,0.00001155
2026-08-30T08:00:00Z,ETHUSDT,0.00004139
2026-08-30T16:00:00Z,ETHUSDT,0.00003541
2026-08-31T00:00:00Z,ETHUSDT,0.00005639
2026-08-31T08:00:00Z,ETHUSDT,0.00005424
2026-08-31T16:00:00Z,ETHUSDT,0.00007095
2026-09-01T00:00:00Z,ETHUSDT,0.00004053
2026-09-01T08:00:00Z,ETHUSDT,0.0000641
2026-09-01T16:00:00Z,ETHUSDT,0.00005173
2026-09-02T00:00:00Z,ETHUSDT,0.00001448
2026-09-02T08:00:00Z,ETHUSDT,0.0000409
2026-09-02T16:00:00Z,ETHUSDT,0.00002769
2026-09-03T00:00:00Z,ETHUSDT,0.00009844
2026-09-03T08:00:00Z,ETHUSDT,0.0000614
2026-09-03T16:00:00Z,ETHUSDT,0.0001
2026-09-04T00:00:00Z,ETHUSDT,0.0001
2026-09-04T08:00:00Z,ETHUSDT,0.0001
2026-09-04T16:00:00Z,ETHUSDT,0.00004142
2026-09-05T00:00:00Z,ETHUSDT,0.00003135
2026-09-05T08:00:00Z,ETHUSDT,0.00003119
2026-09-05T16:00:00Z,ETHUSDT,0.00001804
2026-09-06T00:00:00Z,ETHUSDT,0.00002232
2026-09-06T08:00:00Z,ETHUSDT,0.00006248
2026-09-06T16:00:00Z,ETHUSDT,0.00001054
2026-09-07T00:00:00Z,ETHUSDT,0.00006384
2026-09-07T08:00:00Z,ETHUSDT,0.00003082
2026-09-07T16:00:00Z,ETHUSDT,0.00000802
2026-09-08T00:00:00Z,ETHUSDT,0.00001863
2026-09-08T08:00:00Z,ETHUSDT,0.00003349
2026-09-08T16:00:00Z,ETHUSDT,0.00004875
2026-09-09T00:00:00Z,ETHUSDT,0.00003407
2026-09-09T08:00:00Z,ETHUSDT,0.00005875
2026-09-09T16:00:00Z,ETHUSDT,0.00004012
2026-09-10T00:00:00Z,ETHUSDT,-0.00002987
2026-09-10T08:00:00Z,ETHUSDT,0.00003954
2026-09-10T16:00:00Z,ETHUSDT,-0.00008769
2026-09-11T00:00:00Z,ETHUSDT,0.00000019
2026-09-11T08:00:00Z,ETHUSDT,0.00006904
2026-09-11T16:00:00Z,ETHUSDT,0.0001
2026-09-12T00:00:00Z,ETHUSDT,-0.00002407
2026-09-12T08:00:00Z,ETHUSDT,-0.00000394
2026-09-12T16:00:00Z,ETHUSDT,0.0000691
2026-09-13T00:00:00Z,ETHUSDT,0.00004029
2026-09-13T08:00:00Z,ETHUSDT,0.0000615
2026-09-13T16:00:00Z,ETHUSDT,0.0000068
2026-09-14T00:00:00Z,ETHUSDT,0.00004039
2026-09-14T08:00:00Z,ETHUSDT,0.00008234
2026-09-14T16:00:00Z,ETHUSDT,0.00003932
2026-09-15T00:00:00Z,ETHUSDT,0.00002704
2026-09-15T08:00:00Z,ETHUSDT,-0.00006352
2026-09-15T16:00:00Z,ETHUSDT,-0.00006029
2026-09-16T00:00:00Z,ETHUSDT,-0.00004679
2026-09-16T08:00:00Z,ETHUSDT,-0.00005202
2026-09-16T16:00:00Z,ETHUSDT,0.000026
2026-09-17T00:00:00Z,ETHUSDT,0.0000467
2026-09-17T08:00:00Z,ETHUSDT,0.00003757
2026-09-17T16:00:00Z,ETHUSDT,0.00002798
2026-09-18T00:00:00Z,ETHUSDT,0.00002413
2026-09-18T08:00:00Z,ETHUSDT,0.0001
2026-09-18T16:00:00Z,ETHUSDT,0.0001
2026-09-19T00:00:00Z,ETHUSDT,0.0001
2026-09-19T08:00:00Z,ETHUSDT,0.0001
2026-09-19T16:00:00Z,ETHUSDT,0.0001
2026-09-20T00:00:00Z,ETHUSDT,0.00008181
2026-09-20T08:00:00Z,ETHUSDT,0.00001739
2026-09-20T16:00:00Z,ETHUSDT,0.00003891
2026-09-21T00:00:00Z,ETHUSDT,0.00008055
2026-09-21T08:00:00Z,ETHUSDT,0.00008796
2026-09-21T16:00:00Z,ETHUSDT,0.0001
2026-09-22T00:00:00Z,ETHUSDT,0.00008628
2026-09-22T08:00:00Z,ETHUSDT,0.00002473
2026-09-22T16:00:00Z,ETHUSDT,0.00005873
2026-09-23T00:00:00Z,ETHUSDT,0.00007951
2026-09-23T08:00:00Z,ETHUSDT,0.00002247
2026-09-23T16:00:00Z,ETHUSDT,0.00000224
2026-09-24T00:00:00Z,ETHUSDT,0.0000445
2026-09-24T08:00:00Z,ETHUSDT,0.0000582
2026-09-24T16:00:00Z,ETHUSDT,0.00003632
2026-09-25T00:00:00Z,ETHUSDT,-0.00000592
2026-09-25T08:00:00Z,ETHUSDT,0.00002709
2026-09-25T16:00:00Z,ETHUSDT,0.00000343
2026-09-26T00:00:00Z,ETHUSDT,0.00000164
2026-09-26T08:00:00Z,ETHUSDT,0.00002583
2026-09-26T16:00:00Z,ETHUSDT,0.00003168
2026-09-27T00:00:00Z,ETHUSDT,0.00003438
2026-09-27T08:00:00Z,ETHUSDT,0.00009881
2026-09-27T16:00:00Z,ETHUSDT,0.00001756
2026-09-28T00:00:00Z,ETHUSDT,-0.00001136
2026-09-28T08:00:00Z,ETHUSDT,-0.00004295
2026-09-28T16:00:00Z,ETHUSDT,0.0000661
2026-09-29T00:00:00Z,ETHUSDT,0.00005247
2026-09-29T08:00:00Z,ETHUSDT,0.00009032
2026-09-29T16:00:00Z,ETHUSDT,0.00008702
2026-09-30T00:00:00Z,ETHUSDT,0.00005524
2026-09-30T08:00:00Z,ETHUSDT,0.00004135
2026-09-30T16:00:00Z,ETHUSDT,0.00003212
2026-10-01T00:00:00Z,ETHUSDT,0.00003719
2026-10-01T08:00:00Z,ETHUSDT,0.0001
2026-10-01T16:00:00Z,ETHUSDT,0.00004946
2026-10-02T00:00:00Z,ETHUSDT,0.00004088
2026-10-02T08:00:00Z,ETHUSDT,0.0001
2026-10-02T16:00:00Z,ETHUSDT,0.00003303
2026-10-03T00:00:00Z,ETHUSDT,-0.00003937
2026-10-03T08:00:00Z,ETHUSDT,0.00002399
2026-10-03T16:00:00Z,ETHUSDT,-0.0000007
2026-10-04T00:00:00Z,ETHUSDT,0.00008719
2026-10-04T08:00:00Z,ETHUSDT,0.00004809
2026-10-04T16:00:00Z,ETHUSDT,0.00004782
2026-10-05T00:00:00Z,ETHUSDT,0.00008169
2026-10-05T08:00:00Z,ETHUSDT,0.00005037
2026-10-05T16:00:00Z,ETHUSDT,0.00001286
2026-10-06T00:00:00Z,ETHUSDT,0.00005185
2026-10-06T08:00:00Z,ETHUSDT,0.00000573
2026-10-06T16:00:00Z,ETHUSDT,0.00004897
2026-10-07T00:00:00Z,ETHUSDT,0.0001
2026-10-07T08:00:00Z,ETHUSDT,-0.00005819
2026-10-07T16:00:00Z,ETHUSDT,-0.00003482
2026-10-08T00:00:00Z,ETHUSDT,-0.0000287
2026-10-08T08:00:00Z,ETHUSDT,-0.00003445
2026-10-08T16:00:00Z,ETHUSDT,0.00002179
2026-10-09T00:00:00Z,ETHUSDT,0.00004163
