timestamp,symbol,funding_rate
2023-10-09T00:00:00Z,FILUSDT,0.0001
2023-10-09T08:00:00Z,FILUSDT,0.0001
2023-10-09T16:00:00Z,FILUSDT,0.0001
2023-10-10T00:00:00Z,FILUSDT,-0.00010151
2023-10-10T08:00:00Z,FILUSDT,0.00002901
2023-10-10T16:00:00Z,FILUSDT,0.00001134
2023-10-11T00:00:00Z,FILUSDT,-0.00003164
2023-10-11T08:00:00Z,FILUSDT,0.00004316
2023-10-11T16:00:00Z,FILUSDT,0.00004578
2023-10-12T00:00:00Z,FILUSDT,0.0001
2023-10-12T08:00:00Z,FILUSDT,0.0001
2023-10-12T16:00:00Z,FILUSDT,0.0001
2023-10-13T00:00:00Z,FILUSDT,-0.00001799
2023-10-13T08:00:00Z,FILUSDT,0.00003837
2023-10-13T16:00:00Z,FILUSDT,0.00004324
2023-10-14T00:00:00Z,FILUSDT,0.00006261
2023-10-14T08:00:00Z,FILUSDT,0.0001
2023-10-14T16:00:00Z,FILUSDT,0.00005883
2023-10-15T00:00:00Z,FILUSDT,0.00003645
2023-10-15T08:00:00Z,FILUSDT,0.00008861
2023-10-15T16:00:00Z,FILUSDT,0.0001
2023-10-16T00:00:00Z,FILUSDT,0.0001
2023-10-16T08:00:00Z,FILUSDT,0.0001
2023-10-16T16:00:00Z,FILUSDT,0.0001
2023-10-17T00:00:00Z,FILUSDT,0.00004341
2023-10-17T08:00:00Z,FILUSDT,0.0001
2023-10-17T16:00:00Z,FILUSDT,0.00005455
2023-10-18T00:00:00Z,FILUSDT,0.00002261
2023-10-18T08:00:00Z,FILUSDT,0.00007473
2023-10-18T16:00:00Z,FILUSDT,-0.00009034
2023-10-19T00:00:00Z,FILUSDT,0.00005888
2023-10-19T08:00:00Z,FILUSDT,-0.0000622
2023-10-19T16:00:00Z,FILUSDT,-0.00006043
2023-10-20T00:00:00Z,FILUSDT,-0.00000136
2023-10-20T08:00:00Z,FILUSDT,0.00008052
2023-10-20T16:00:00Z,FILUSDT,0.00006382
2023-10-21T00:00:00Z,FILUSDT,-0.00004839
2023-10-21T08:00:00Z,FILUSDT,0.0001
2023-10-21T16:00:00Z,FILUSDT,0.0001
2023-10-22T00:00:00Z,FILUSDT,0.0001
2023-10-22T08:00:00Z,FILUSDT,0.00008607
2023-10-22T16:00:00Z,FILUSDT,0.00009746
2023-10-23T00:00:00Z,FILUSDT,0.0001
2023-10-23T08:00:00Z,FILUSDT,0.0000959
2023-10-23T16:00:00Z,FILUSDT,0.0001
2023-10-24T00:00:00Z,FILUSDT,0.0001
2023-10-24T08:00:00Z,FILUSDT,0.0001
2023-10-24T16:00:00Z,FILUSDT,0.0001
2023-10-25T00:00:00Z,FILUSDT,0.0001
2023-10-25T08:00:00Z,FILUSDT,0.0001
2023-10-25T16:00:00Z,FILUSDT,0.0001
2023-10-26T00:00:00Z,FILUSDT,0.0001
2023-10-26T08:00:00Z,FILUSDT,0.0001
2023-10-26T16:00:00Z,FILUSDT,0.0001
2023-10-27T00:00:00Z,FILUSDT,0.0001
2023-10-27T08:00:00Z,FILUSDT,0.0001
2023-10-27T16:00:00Z,FILUSDT,0.0001
2023-10-28T00:00:00Z,FILUSDT,0.0001
2023-10-28T08:00:00Z,FILUSDT,0.0001
2023-10-28T16:00:00Z,FILUSDT,0.0001
2023-10-29T00:00:00Z,FILUSDT,0.0001
2023-10-29T08:00:00Z,FILUSDT,0.0001
2023-10-29T16:00:00Z,FILUSDT,0.0001
2023-10-30T00:00:00Z,FILUSDT,0.0001
2023-10-30T08:00:00Z,FILUSDT,0.0001
2023-10-30T16:00:00Z,FILUSDT,0.0001
2023-10-31T00:00:00Z,FILUSDT,0.0001
2023-10-31T08:00:00Z,FILUSDT,0.0001
2023-10-31T16:00:00Z,FILUSDT,0.0001
2023-11-01T00:00:00Z,FILUSDT,0.0001
2023-11-01T08:00:00Z,FILUSDT,0.0001
2023-11-01T16:00:00Z,FILUSDT,0.0001
2023-11-02T00:00:00Z,FILUSDT,0.0001
2023-11-02T08:00:00Z,FILUSDT,0.0001
2023-11-02T16:00:00Z,FILUSDT,0.0001
2023-11-03T00:00:00Z,FILUSDT,0.0001
2023-11-03T08:00:00Z,FILUSDT,0.0001
2023-11-03T16:00:00Z,FILUSDT,0.0001
2023-11-04T00:00:00Z,FILUSDT,0.0001
2023-11-04T08:00:00Z,FILUSDT,0.0001
2023-11-04T16:00:00Z,FILUSDT,0.0001
2023-11-05T00:00:00Z,FILUSDT,0.0001
2023-11-05T08:00:00Z,FILUSDT,0.0001
2023-11-05T16:00:00Z,FILUSDT,0.0001
2023-11-06T00:00:00Z,FILUSDT,0.0001
2023-11-06T08:00:00Z,FILUSDT,0.0001
2023-11-06T16:00:00Z,FILUSDT,0.00012478
2023-11-07T00:00:00Z,FILUSDT,0.00027838
2023-11-07T08:00:00Z,FILUSDT,0.0001945
2023-11-07T16:00:00Z,FILUSDT,0.0001
2023-11-08T00:00:00Z,FILUSDT,0.0001
2023-11-08T08:00:00Z,FILUSDT,0.0001
2023-11-08T16:00:00Z,FILUSDT,0.00027547
2023-11-09T00:00:00Z,FILUSDT,0.00034314
2023-11-09T08:00:00Z,FILUSDT,0.00028875
2023-11-09T16:00:00Z,FILUSDT,0.00057747
2023-11-10T00:00:00Z,FILUSDT,0.0001
2023-11-10T08:00:00Z,FILUSDT,0.00028378
2023-11-10T16:00:00Z,FILUSDT,0.00010424
2023-11-11T00:00:00Z,FILUSDT,0.00025197
2023-11-11T08:00:00Z,FILUSDT,0.0001
2023-11-11T16:00:00Z,FILUSDT,0.0005215
2023-11-12T00:00:00Z,FILUSDT,0.00046131
2023-11-12T08:00:00Z,FILUSDT,0.00032841
2023-11-12T16:00:00Z,FILUSDT,0.00055003
2023-11-13T00:00:00Z,FILUSDT,0.00055241
2023-11-13T08:00:00Z,FILUSDT,0.00078038
2023-11-13T16:00:00Z,FILUSDT,0.00081929
2023-11-14T00:00:00Z,FILUSDT,0.00035336
2023-11-14T08:00:00Z,FILUSDT,0.00032611
2023-11-14T16:00:00Z,FILUSDT,0.00016858
2023-11-15T00:00:00Z,FILUSDT,0.0001
2023-11-15T08:00:00Z,FILUSDT,0.0001
2023-11-15T16:00:00Z,FILUSDT,0.0001
2023-11-16T00:00:00Z,FILUSDT,0.0001989
2023-11-16T08:00:00Z,FILUSDT,0.00027848
2023-11-16T16:00:00Z,FILUSDT,0.0001
2023-11-17T00:00:00Z,FILUSDT,0.0001
2023-11-17T08:00:00Z,FILUSDT,0.0001
2023-11-17T16:00:00Z,FILUSDT,0.0001
2023-11-18T00:00:00Z,FILUSDT,0.0001
2023-11-18T08:00:00Z,FILUSDT,0.0001
2023-11-18T16:00:00Z,FILUSDT,0.0001
2023-11-19T00:00:00Z,FILUSDT,0.0001
2023-11-19T08:00:00Z,FILUSDT,0.0001
2023-11-19T16:00:00Z,FILUSDT,0.0001
2023-11-20T00:00:00Z,FILUSDT,0.0001
2023-11-20T08:00:00Z,FILUSDT,0.0001
2023-11-20T16:00:00Z,FILUSDT,0.0001
2023-11-21T00:00:00Z,FILUSDT,0.0001
2023-11-21T08:00:00Z,FILUSDT,0.0001
2023-11-21T16:00:00Z,FILUSDT,0.0001
2023-11-22T00:00:00Z,FILUSDT,0.0001
2023-11-22T08:00:00Z,FILUSDT,0.0001
2023-11-22T16:00:00Z,FILUSDT,0.0001
2023-11-23T00:00:00Z,FILUSDT,0.0001
2023-11-23T08:00:00Z,FILUSDT,0.0001
2023-11-23T16:00:00Z,FILUSDT,0.0001
2023-11-24T00:00:00Z,FILUSDT,0.0001
2023-11-24T08:00:00Z,FILUSDT,0.0001
2023-11-24T16:00:00Z,FILUSDT,0.0001
2023-11-25T00:00:00Z,FILUSDT,0.0001
2023-11-25T08:00:00Z,FILUSDT,0.0001
2023-11-25T16:00:00Z,FILUSDT,0.0001
2023-11-26T00:00:00Z,FILUSDT,0.0001
2023-11-26T08:00:00Z,FILUSDT,0.0001
2023-11-26T16:00:00Z,FILUSDT,0.0001
2023-11-27T00:00:00Z,FILUSDT,0.0001
2023-11-27T08:00:00Z,FILUSDT,0.0001
2023-11-27T16:00:00Z,FILUSDT,0.0001
2023-11-28T00:00:00Z,FILUSDT,0.0001
2023-11-28T08:00:00Z,FILUSDT,0.0001
2023-11-28T16:00:00Z,FILUSDT,0.0001
2023-11-29T00:00:00Z,FILUSDT,0.0001
2023-11-29T08:00:00Z,FILUSDT,0.0001
2023-11-29T16:00:00Z,FILUSDT,0.0001
2023-11-30T00:00:00Z,FILUSDT,0.0001
2023-11-30T08:00:00Z,FILUSDT,0.0001
2023-11-30T16:00:00Z,FILUSDT,0.0001
2023-12-01T00:00:00Z,FILUSDT,0.0001
2023-12-01T08:00:00Z,FILUSDT,0.0001
2023-12-01T16:00:00Z,FILUSDT,0.0001
2023-12-02T00:00:00Z,FILUSDT,0.00020694
2023-12-02T08:00:00Z,FILUSDT,0.00022864
2023-12-02T16:00:00Z,FILUSDT,0.00031226
2023-12-03T00:00:00Z,FILUSDT,0.0001
2023-12-03T08:00:00Z,FILUSDT,0.00011236
2023-12-03T16:00:00Z,FILUSDT,0.0001
2023-12-04T00:00:00Z,FILUSDT,0.00013403
2023-12-04T08:00:00Z,FILUSDT,0.00036972
2023-12-04T16:00:00Z,FILUSDT,0.0002546
2023-12-05T00:00:00Z,FILUSDT,0.00026024
2023-12-05T08:00:00Z,FILUSDT,0.00012492
2023-12-05T16:00:00Z,FILUSDT,0.00010482
2023-12-06T00:00:00Z,FILUSDT,0.00032793
2023-12-06T08:00:00Z,FILUSDT,0.00036172
2023-12-06T16:00:00Z,FILUSDT,0.0001789
2023-12-07T00:00:00Z,FILUSDT,0.00033475
2023-12-07T08:00:00Z,FILUSDT,0.00026796
2023-12-07T16:00:00Z,FILUSDT,0.00020266
2023-12-08T00:00:00Z,FILUSDT,0.00038285
2023-12-08T08:00:00Z,FILUSDT,0.00053112
2023-12-08T16:00:00Z,FILUSDT,0.00044428
2023-12-09T00:00:00Z,FILUSDT,0.00042875
2023-12-09T08:00:00Z,FILUSDT,0.00077169
2023-12-09T16:00:00Z,FILUSDT,0.00059168
2023-12-10T00:00:00Z,FILUSDT,0.00042824
2023-12-10T08:00:00Z,FILUSDT,0.000495
2023-12-10T16:00:00Z,FILUSDT,0.00036601
2023-12-11T00:00:00Z,FILUSDT,0.00045023
2023-12-11T08:00:00Z,FILUSDT,0.0001
2023-12-11T16:00:00Z,FILUSDT,0.0001
2023-12-12T00:00:00Z,FILUSDT,0.0001
2023-12-12T08:00:00Z,FILUSDT,0.00013225
2023-12-12T16:00:00Z,FILUSDT,0.00040921
2023-12-13T00:00:00Z,FILUSDT,0.00016846
2023-12-13T08:00:00Z,FILUSDT,0.0001
2023-12-13T16:00:00Z,FILUSDT,0.00015977
2023-12-14T00:00:00Z,FILUSDT,0.00018596
2023-12-14T08:00:00Z,FILUSDT,0.00022683
2023-12-14T16:00:00Z,FILUSDT,0.0001959
2023-12-15T00:00:00Z,FILUSDT,0.00034288
2023-12-15T08:00:00Z,FILUSDT,0.00030764
2023-12-15T16:00:00Z,FILUSDT,0.00015267
2023-12-16T00:00:00Z,FILUSDT,0.00014324
2023-12-16T08:00:00Z,FILUSDT,0.0001
2023-12-16T16:00:00Z,FILUSDT,0.00032338
2023-12-17T00:00:00Z,FILUSDT,0.00028666
2023-12-17T08:00:00Z,FILUSDT,0.00017575
2023-12-17T16:00:00Z,FILUSDT,0.00022173
2023-12-18T00:00:00Z,FILUSDT,0.00037778
2023-12-18T08:00:00Z,FILUSDT,0.0001
2023-12-18T16:00:00Z,FILUSDT,0.0001
2023-12-19T00:00:00Z,FILUSDT,0.0001
2023-12-19T08:00:00Z,FILUSDT,0.0001
2023-12-19T16:00:00Z,FILUSDT,0.0001
2023-12-20T00:00:00Z,FILUSDT,0.0001
2023-12-20T08:00:00Z,FILUSDT,0.00011664
2023-12-20T16:00:00Z,FILUSDT,0.00020181
2023-12-21T00:00:00Z,FILUSDT,0.0001583
2023-12-21T08:00:00Z,FILUSDT,0.0003276
2023-12-21T16:00:00Z,FILUSDT,0.00044936
2023-12-22T00:00:00Z,FILUSDT,0.00052
2023-12-22T08:00:00Z,FILUSDT,0.00046306
2023-12-22T16:00:00Z,FILUSDT,0.0005752
2023-12-23T00:00:00Z,FILUSDT,0.00065747
2023-12-23T08:00:00Z,FILUSDT,0.00033422
2023-12-23T16:00:00Z,FILUSDT,0.00045196
2023-12-24T00:00:00Z,FILUSDT,0.0005203
2023-12-24T08:00:00Z,FILUSDT,0.00062214
2023-12-24T16:00:00Z,FILUSDT,0.00048313
2023-12-25T00:00:00Z,FILUSDT,0.00032603
2023-12-25T08:00:00Z,FILUSDT,0.00048205
2023-12-25T16:00:00Z,FILUSDT,0.00052636
2023-12-26T00:00:00Z,FILUSDT,0.00067897
2023-12-26T08:00:00Z,FILUSDT,0.00056335
2023-12-26T16:00:00Z,FILUSDT,0.00059445
2023-12-27T00:00:00Z,FILUSDT,0.00043722
2023-12-27T08:00:00Z,FILUSDT,0.00042742
2023-12-27T16:00:00Z,FILUSDT,0.00070656
2023-12-28T00:00:00Z,FILUSDT,0.00073721
2023-12-28T08:00:00Z,FILUSDT,0.00077142
2023-12-28T16:00:00Z,FILUSDT,0.0006186
2023-12-29T00:00:00Z,FILUSDT,0.00065903
2023-12-29T08:00:00Z,FILUSDT,0.00050801
2023-12-29T16:00:00Z,FILUSDT,0.00063655
2023-12-30T00:00:00Z,FILUSDT,0.00026259
2023-12-30T08:00:00Z,FILUSDT,0.00044351
2023-12-30T16:00:00Z,FILUSDT,0.00047774
2023-12-31T00:00:00Z,FILUSDT,0.00048089
2023-12-31T08:00:00Z,FILUSDT,0.00036903
2023-12-31T16:00:00Z,FILUSDT,0.00080329
2024-01-01T00:00:00Z,FILUSDT,0.0006997
2024-01-01T08:00:00Z,FILUSDT,0.00056312
2024-01-01T16:00:00Z,FILUSDT,0.00069778
2024-01-02T00:00:00Z,FILUSDT,0.00111436
2024-01-02T08:00:00Z,FILUSDT,0.00071773
2024-01-02T16:00:00Z,FILUSDT,0.00086218
2024-01-03T00:00:00Z,FILUSDT,0.00053863
2024-01-03T08:00:00Z,FILUSDT,0.00051946
2024-01-03T16:00:00Z,FILUSDT,0.0001
2024-01-04T00:00:00Z,FILUSDT,0.0001
2024-01-04T08:00:00Z,FILUSDT,0.0001
2024-01-04T16:00:00Z,FILUSDT,0.0001
2024-01-05T00:00:00Z,FILUSDT,0.0001
2024-01-05T08:00:00Z,FILUSDT,0.0001
2024-01-05T16:00:00Z,FILUSDT,0.0001
2024-01-06T00:00:00Z,FILUSDT,0.0001
2024-01-06T08:00:00Z,FILUSDT,0.0001
2024-01-06T16:00:00Z,FILUSDT,0.0001
2024-01-07T00:00:00Z,FILUSDT,0.0001
2024-01-07T08:00:00Z,FILUSDT,0.0001
2024-01-07T16:00:00Z,FILUSDT,0.0001
2024-01-08T00:00:00Z,FILUSDT,0.0001
2024-01-08T08:00:00Z,FILUSDT,0.0001
2024-01-08T16:00:00Z,FILUSDT,0.0001
2024-01-09T00:00:00Z,FILUSDT,0.0001
2024-01-09T08:00:00Z,FILUSDT,0.0001
2024-01-09T16:00:00Z,FILUSDT,0.0001
2024-01-10T00:00:00Z,FILUSDT,0.0001
2024-01-10T08:00:00Z,FILUSDT,0.0001
2024-01-10T16:00:00Z,FILUSDT,0.0001
2024-01-11T00:00:00Z,FILUSDT,0.0001
2024-01-11T08:00:00Z,FILUSDT,0.0001
2024-01-11T16:00:00Z,FILUSDT,0.0001
2024-01-12T00:00:00Z,FILUSDT,0.0001
2024-01-12T08:00:00Z,FILUSDT,0.0001
2024-01-12T16:00:00Z,FILUSDT,0.0001
2024-01-13T00:00:00Z,FILUSDT,0.0001
2024-01-13T08:00:00Z,FILUSDT,0.0001
2024-01-13T16:00:00Z,FILUSDT,0.0001
2024-01-14T00:00:00Z,FILUSDT,0.0001
2024-01-14T08:00:00Z,FILUSDT,0.0001
2024-01-14T16:00:00Z,FILUSDT,0.0001
2024-01-15T00:00:00Z,FILUSDT,0.0001
2024-01-15T08:00:00Z,FILUSDT,0.0001
2024-01-15T16:00:00Z,FILUSDT,0.0001
2024-01-16T00:00:00Z,FILUSDT,0.0001
2024-01-16T08:00:00Z,FILUSDT,0.0001
2024-01-16T16:00:00Z,FILUSDT,0.0001
2024-01-17T00:00:00Z,FILUSDT,0.0001
2024-01-17T08:00:00Z,FILUSDT,0.0001
2024-01-17T16:00:00Z,FILUSDT,0.0001
2024-01-18T00:00:00Z,FILUSDT,0.0001
2024-01-18T08:00:00Z,FILUSDT,0.0001
2024-01-18T16:00:00Z,FILUSDT,0.0001
2024-01-19T00:00:00Z,FILUSDT,0.0001
2024-01-19T08:00:00Z,FILUSDT,0.0001
2024-01-19T16:00:00Z,FILUSDT,0.0001
2024-01-20T00:00:00Z,FILUSDT,0.0001
2024-01-20T08:00:00Z,FILUSDT,0.0001
2024-01-20T16:00:00Z,FILUSDT,0.0001
2024-01-21T00:00:00Z,FILUSDT,0.0001
2024-01-21T08:00:00Z,FILUSDT,0.0001
2024-01-21T16:00:00Z,FILUSDT,0.0001
2024-01-22T00:00:00Z,FILUSDT,0.0001
2024-01-22T08:00:00Z,FILUSDT,0.0001
2024-01-22T16:00:00Z,FILUSDT,0.0001
2024-01-23T00:00:00Z,FILUSDT,0.0001
2024-01-23T08:00:00Z,FILUSDT,0.0001
2024-01-23T16:00:00Z,FILUSDT,0.0001
2024-01-24T00:00:00Z,FILUSDT,0.0001
2024-01-24T08:00:00Z,FILUSDT,0.0001
2024-01-24T16:00:00Z,FILUSDT,0.0001
2024-01-25T00:00:00Z,FILUSDT,0.0001
2024-01-25T08:00:00Z,FILUSDT,0.0001
2024-01-25T16:00:00Z,FILUSDT,0.0001
2024-01-26T00:00:00Z,FILUSDT,0.0001
2024-01-26T08:00:00Z,FILUSDT,0.0001
2024-01-26T16:00:00Z,FILUSDT,0.0001
2024-01-27T00:00:00Z,FILUSDT,0.0001
2024-01-27T08:00:00Z,FILUSDT,0.0001
2024-01-27T16:00:00Z,FILUSDT,0.0001
2024-01-28T00:00:00Z,FILUSDT,0.0001
2024-01-28T08:00:00Z,FILUSDT,0.0001
2024-01-28T16:00:00Z,FILUSDT,0.0001
2024-01-29T00:00:00Z,FILUSDT,0.0001
2024-01-29T08:00:00Z,FILUSDT,0.0001
2024-01-29T16:00:00Z,FILUSDT,0.0001
2024-01-30T00:00:00Z,FILUSDT,0.0001
2024-01-30T08:00:00Z,FILUSDT,0.0001
2024-01-30T16:00:00Z,FILUSDT,0.0001
2024-01-31T00:00:00Z,FILUSDT,0.0001
2024-01-31T08:00:00Z,FILUSDT,0.0001
2024-01-31T16:00:00Z,FILUSDT,0.0001
2024-02-01T00:00:00Z,FILUSDT,0.0001
2024-02-01T08:00:00Z,FILUSDT,0.0001
2024-02-01T16:00:00Z,FILUSDT,0.0001
2024-02-02T00:00:00Z,FILUSDT,0.0001
2024-02-02T08:00:00Z,FILUSDT,0.0001
2024-02-02T16:00:00Z,FILUSDT,0.0001
2024-02-03T00:00:00Z,FILUSDT,0.0001
2024-02-03T08:00:00Z,FILUSDT,0.0001
2024-02-03T16:00:00Z,FILUSDT,0.0001
2024-02-04T00:00:00Z,FILUSDT,0.0001
2024-02-04T08:00:00Z,FILUSDT,0.0001
2024-02-04T16:00:00Z,FILUSDT,0.0001
2024-02-05T00:00:00Z,FILUSDT,0.0001
2024-02-05T08:00:00Z,FILUSDT,0.0001
2024-02-05T16:00:00Z,FILUSDT,0.0001
2024-02-06T00:00:00Z,FILUSDT,0.0001
2024-02-06T08:00:00Z,FILUSDT,0.0001
2024-02-06T16:00:00Z,FILUSDT,0.0001
2024-02-07T00:00:00Z,FILUSDT,0.0001
2024-02-07T08:00:00Z,FILUSDT,0.0001
2024-02-07T16:00:00Z,FILUSDT,0.0001
2024-02-08T00:00:00Z,FILUSDT,0.0001
2024-02-08T08:00:00Z,FILUSDT,0.0001
2024-02-08T16:00:00Z,FILUSDT,0.0001
2024-02-09T00:00:00Z,FILUSDT,0.0001
2024-02-09T08:00:00Z,FILUSDT,0.0001
2024-02-09T16:00:00Z,FILUSDT,0.0001
2024-02-10T00:00:00Z,FILUSDT,0.0001
2024-02-10T08:00:00Z,FILUSDT,0.0001
2024-02-10T16:00:00Z,FILUSDT,0.0001
2024-02-11T00:00:00Z,FILUSDT,0.0001
2024-02-11T08:00:00Z,FILUSDT,0.0001
2024-02-11T16:00:00Z,FILUSDT,0.0001
2024-02-12T00:00:00Z,FILUSDT,0.0001
2024-02-12T08:00:00Z,FILUSDT,0.0001
2024-02-12T16:00:00Z,FILUSDT,0.0001
2024-02-13T00:00:00Z,FILUSDT,0.0001
2024-02-13T08:00:00Z,FILUSDT,0.0001
2024-02-13T16:00:00Z,FILUSDT,0.00013403
2024-02-14T00:00:00Z,FILUSDT,0.0001
2024-02-14T08:00:00Z,FILUSDT,0.00021013
2024-02-14T16:00:00Z,FILUSDT,0.00019657
2024-02-15T00:00:00Z,FILUSDT,0.00029378
2024-02-15T08:00:00Z,FILUSDT,0.00017862
2024-02-15T16:00:00Z,FILUSDT,0.00022218
2024-02-16T00:00:00Z,FILUSDT,0.00015107
2024-02-16T08:00:00Z,FILUSDT,0.00016552
2024-02-16T16:00:00Z,FILUSDT,0.00013703
2024-02-17T00:00:00Z,FILUSDT,0.0001183
2024-02-17T08:00:00Z,FILUSDT,0.00018402
2024-02-17T16:00:00Z,FILUSDT,0.00043607
2024-02-18T00:00:00Z,FILUSDT,0.00046641
2024-02-18T08:00:00Z,FILUSDT,0.0002571
2024-02-18T16:00:00Z,FILUSDT,0.00021197
2024-02-19T00:00:00Z,FILUSDT,0.00037805
2024-02-19T08:00:00Z,FILUSDT,0.00043502
2024-02-19T16:00:00Z,FILUSDT,0.00032464
2024-02-20T00:00:00Z,FILUSDT,0.00052241
2024-02-20T08:00:00Z,FILUSDT,0.0004555
2024-02-20T16:00:00Z,FILUSDT,0.00036525
2024-02-21T00:00:00Z,FILUSDT,0.00030569
2024-02-21T08:00:00Z,FILUSDT,0.00018285
2024-02-21T16:00:00Z,FILUSDT,0.0001
2024-02-22T00:00:00Z,FILUSDT,0.0001
2024-02-22T08:00:00Z,FILUSDT,0.00013266
2024-02-22T16:00:00Z,FILUSDT,0.00018666
2024-02-23T00:00:00Z,FILUSDT,0.00022777
2024-02-23T08:00:00Z,FILUSDT,0.00028256
2024-02-23T16:00:00Z,FILUSDT,0.00014635
2024-02-24T00:00:00Z,FILUSDT,0.0001
2024-02-24T08:00:00Z,FILUSDT,0.00013324
2024-02-24T16:00:00Z,FILUSDT,0.00022098
2024-02-25T00:00:00Z,FILUSDT,0.00017992
2024-02-25T08:00:00Z,FILUSDT,0.00038982
2024-02-25T16:00:00Z,FILUSDT,0.00037365
2024-02-26T00:00:00Z,FILUSDT,0.00029756
2024-02-26T08:00:00Z,FILUSDT,0.00030389
2024-02-26T16:00:00Z,FILUSDT,0.00032838
2024-02-27T00:00:00Z,FILUSDT,0.00046995
2024-02-27T08:00:00Z,FILUSDT,0.00066175
2024-02-27T16:00:00Z,FILUSDT,0.00038375
2024-02-28T00:00:00Z,FILUSDT,0.00024079
2024-02-28T08:00:00Z,FILUSDT,0.00049589
2024-02-28T16:00:00Z,FILUSDT,0.00065795
2024-02-29T00:00:00Z,FILUSDT,0.00019068
2024-02-29T08:00:00Z,FILUSDT,0.00080638
2024-02-29T16:00:00Z,FILUSDT,0.00115094
2024-03-01T00:00:00Z,FILUSDT,0.00069078
2024-03-01T08:00:00Z,FILUSDT,0.00063962
2024-03-01T16:00:00Z,FILUSDT,0.00049934
2024-03-02T00:00:00Z,FILUSDT,0.0006898
2024-03-02T08:00:00Z,FILUSDT,0.00101497
2024-03-02T16:00:00Z,FILUSDT,0.00105667
2024-03-03T00:00:00Z,FILUSDT,0.00111233
2024-03-03T08:00:00Z,FILUSDT,0.00116313
2024-03-03T16:00:00Z,FILUSDT,0.00092851
2024-03-04T00:00:00Z,FILUSDT,0.00114431
2024-03-04T08:00:00Z,FILUSDT,0.00154565
2024-03-04T16:00:00Z,FILUSDT,0.00085582
2024-03-05T00:00:00Z,FILUSDT,0.00077818
2024-03-05T08:00:00Z,FILUSDT,0.00138149
2024-03-05T16:00:00Z,FILUSDT,0.00147267
2024-03-06T00:00:00Z,FILUSDT,0.0001
2024-03-06T08:00:00Z,FILUSDT,0.00026894
2024-03-06T16:00:00Z,FILUSDT,0.00045921
2024-03-07T00:00:00Z,FILUSDT,0.00057953
2024-03-07T08:00:00Z,FILUSDT,0.00058459
2024-03-07T16:00:00Z,FILUSDT,0.00063645
2024-03-08T00:00:00Z,FILUSDT,0.00063431
2024-03-08T08:00:00Z,FILUSDT,0.000792
2024-03-08T16:00:00Z,FILUSDT,0.00075018
2024-03-09T00:00:00Z,FILUSDT,0.00060296
2024-03-09T08:00:00Z,FILUSDT,0.00118018
2024-03-09T16:00:00Z,FILUSDT,0.00100777
2024-03-10T00:00:00Z,FILUSDT,0.00085719
2024-03-10T08:00:00Z,FILUSDT,0.0012209
2024-03-10T16:00:00Z,FILUSDT,0.0005916
2024-03-11T00:00:00Z,FILUSDT,0.00045127
2024-03-11T08:00:00Z,FILUSDT,0.00054295
2024-03-11T16:00:00Z,FILUSDT,0.0006317
2024-03-12T00:00:00Z,FILUSDT,0.00082422
2024-03-12T08:00:00Z,FILUSDT,0.00056123
2024-03-12T16:00:00Z,FILUSDT,0.00058425
2024-03-13T00:00:00Z,FILUSDT,0.00062881
2024-03-13T08:00:00Z,FILUSDT,0.00074902
2024-03-13T16:00:00Z,FILUSDT,0.00067205
2024-03-14T00:00:00Z,FILUSDT,0.0007531
2024-03-14T08:00:00Z,FILUSDT,0.00100034
2024-03-14T16:00:00Z,FILUSDT,0.00088596
2024-03-15T00:00:00Z,FILUSDT,0.00097648
2024-03-15T08:00:00Z,FILUSDT,0.00030457
2024-03-15T16:00:00Z,FILUSDT,0.00014744
2024-03-16T00:00:00Z,FILUSDT,0.00016211
2024-03-16T08:00:00Z,FILUSDT,0.0002955
2024-03-16T16:00:00Z,FILUSDT,0.00011357
2024-03-17T00:00:00Z,FILUSDT,0.0001
2024-03-17T08:00:00Z,FILUSDT,0.0001
2024-03-17T16:00:00Z,FILUSDT,0.00016239
2024-03-18T00:00:00Z,FILUSDT,0.0001731
2024-03-18T08:00:00Z,FILUSDT,0.0001
2024-03-18T16:00:00Z,FILUSDT,0.0001
2024-03-19T00:00:00Z,FILUSDT,0.0001
2024-03-19T08:00:00Z,FILUSDT,0.0001
2024-03-19T16:00:00Z,FILUSDT,0.0001
2024-03-20T00:00:00Z,FILUSDT,0.0001
2024-03-20T08:00:00Z,FILUSDT,0.0001
2024-03-20T16:00:00Z,FILUSDT,0.0001
2024-03-21T00:00:00Z,FILUSDT,0.00029019
2024-03-21T08:00:00Z,FILUSDT,0.0001
2024-03-21T16:00:00Z,FILUSDT,0.0001
2024-03-22T00:00:00Z,FILUSDT,0.0001
2024-03-22T08:00:00Z,FILUSDT,0.0001
2024-03-22T16:00:00Z,FILUSDT,0.0001
2024-03-23T00:00:00Z,FILUSDT,0.0001
2024-03-23T08:00:00Z,FILUSDT,0.00016472
2024-03-23T16:00:00Z,FILUSDT,0.00016295
2024-03-24T00:00:00Z,FILUSDT,0.00018131
2024-03-24T08:00:00Z,FILUSDT,0.00019061
2024-03-24T16:00:00Z,FILUSDT,0.00022403
2024-03-25T00:00:00Z,FILUSDT,0.00032319
2024-03-25T08:00:00Z,FILUSDT,0.00017407
2024-03-25T16:00:00Z,FILUSDT,0.00021708
2024-03-26T00:00:00Z,FILUSDT,0.00052707
2024-03-26T08:00:00Z,FILUSDT,0.00049382
2024-03-26T16:00:00Z,FILUSDT,0.0004368
2024-03-27T00:00:00Z,FILUSDT,0.00048827
2024-03-27T08:00:00Z,FILUSDT,0.00042437
2024-03-27T16:00:00Z,FILUSDT,0.00042564
2024-03-28T00:00:00Z,FILUSDT,0.00042136
2024-03-28T08:00:00Z,FILUSDT,0.00041576
2024-03-28T16:00:00Z,FILUSDT,0.00050234
2024-03-29T00:00:00Z,FILUSDT,0.00065919
2024-03-29T08:00:00Z,FILUSDT,0.00054212
2024-03-29T16:00:00Z,FILUSDT,0.00055738
2024-03-30T00:00:00Z,FILUSDT,0.00065535
2024-03-30T08:00:00Z,FILUSDT,0.00064415
2024-03-30T16:00:00Z,FILUSDT,0.00068543
2024-03-31T00:00:00Z,FILUSDT,0.00046873
2024-03-31T08:00:00Z,FILUSDT,0.00062501
2024-03-31T16:00:00Z,FILUSDT,0.00067853
2024-04-01T00:00:00Z,FILUSDT,0.00081632
2024-04-01T08:00:00Z,FILUSDT,0.00052477
2024-04-01T16:00:00Z,FILUSDT,0.00020515
2024-04-02T00:00:00Z,FILUSDT,0.0001
2024-04-02T08:00:00Z,FILUSDT,0.00011309
2024-04-02T16:00:00Z,FILUSDT,0.0001
2024-04-03T00:00:00Z,FILUSDT,0.0001
2024-04-03T08:00:00Z,FILUSDT,0.000245
2024-04-03T16:00:00Z,FILUSDT,0.00018397
2024-04-04T00:00:00Z,FILUSDT,0.0001
2024-04-04T08:00:00Z,FILUSDT,0.00019599
2024-04-04T16:00:00Z,FILUSDT,0.00017576
2024-04-05T00:00:00Z,FILUSDT,0.0001
2024-04-05T08:00:00Z,FILUSDT,0.0001
2024-04-05T16:00:00Z,FILUSDT,0.0001
2024-04-06T00:00:00Z,FILUSDT,0.0001
2024-04-06T08:00:00Z,FILUSDT,0.0001
2024-04-06T16:00:00Z,FILUSDT,0.00010425
2024-04-07T00:00:00Z,FILUSDT,0.0001943
2024-04-07T08:00:00Z,FILUSDT,0.0002344
2024-04-07T16:00:00Z,FILUSDT,0.0001
2024-04-08T00:00:00Z,FILUSDT,0.0001
2024-04-08T08:00:00Z,FILUSDT,0.00022846
2024-04-08T16:00:00Z,FILUSDT,0.00030349
2024-04-09T00:00:00Z,FILUSDT,0.00033702
2024-04-09T08:00:00Z,FILUSDT,0.00026734
2024-04-09T16:00:00Z,FILUSDT,0.00018467
2024-04-10T00:00:00Z,FILUSDT,0.00015901
2024-04-10T08:00:00Z,FILUSDT,0.00017449
2024-04-10T16:00:00Z,FILUSDT,0.00012883
2024-04-11T00:00:00Z,FILUSDT,0.00016745
2024-04-11T08:00:00Z,FILUSDT,0.00019275
2024-04-11T16:00:00Z,FILUSDT,0.0001
2024-04-12T00:00:00Z,FILUSDT,0.0001
2024-04-12T08:00:00Z,FILUSDT,0.00020896
2024-04-12T16:00:00Z,FILUSDT,0.00016568
2024-04-13T00:00:00Z,FILUSDT,-0.00005105
2024-04-13T08:00:00Z,FILUSDT,0.0001
2024-04-13T16:00:00Z,FILUSDT,0.0001
2024-04-14T00:00:00Z,FILUSDT,-0.00009196
2024-04-14T08:00:00Z,FILUSDT,0.0001
2024-04-14T16:00:00Z,FILUSDT,0.0001
2024-04-15T00:00:00Z,FILUSDT,0.0001
2024-04-15T08:00:00Z,FILUSDT,0.0001
2024-04-15T16:00:00Z,FILUSDT,0.0001
2024-04-16T00:00:00Z,FILUSDT,-0.00007801
2024-04-16T08:00:00Z,FILUSDT,0.00000146
2024-04-16T16:00:00Z,FILUSDT,0.00001341
2024-04-17T00:00:00Z,FILUSDT,-0.00006845
2024-04-17T08:00:00Z,FILUSDT,0.00000978
2024-04-17T16:00:00Z,FILUSDT,-0.00004419
2024-04-18T00:00:00Z,FILUSDT,-0.00000353
2024-04-18T08:00:00Z,FILUSDT,0.00003078
2024-04-18T16:00:00Z,FILUSDT,0.00007273
2024-04-19T00:00:00Z,FILUSDT,0.0000652
2024-04-19T08:00:00Z,FILUSDT,0.00008682
2024-04-19T16:00:00Z,FILUSDT,0.000028
2024-04-20T00:00:00Z,FILUSDT,0.00000757
2024-04-20T08:00:00Z,FILUSDT,0.00008528
2024-04-20T16:00:00Z,FILUSDT,0.0001
2024-04-21T00:00:00Z,FILUSDT,0.00008302
2024-04-21T08:00:00Z,FILUSDT,0.00008924
2024-04-21T16:00:00Z,FILUSDT,0.0001
2024-04-22T00:00:00Z,FILUSDT,0.00002575
2024-04-22T08:00:00Z,FILUSDT,0.00006549
2024-04-22T16:00:00Z,FILUSDT,-0.00003254
2024-04-23T00:00:00Z,FILUSDT,0.000033
2024-04-23T08:00:00Z,FILUSDT,0.0001
2024-04-23T16:00:00Z,FILUSDT,0.0001
2024-04-24T00:00:00Z,FILUSDT,0.0001
2024-04-24T08:00:00Z,FILUSDT,0.0001
2024-04-24T16:00:00Z,FILUSDT,0.0000727
2024-04-25T00:00:00Z,FILUSDT,0.00003931
2024-04-25T08:00:00Z,FILUSDT,0.00007497
2024-04-25T16:00:00Z,FILUSDT,-0.00000448
2024-04-26T00:00:00Z,FILUSDT,0.00006243
2024-04-26T08:00:00Z,FILUSDT,0.0001
2024-04-26T16:00:00Z,FILUSDT,0.00005861
2024-04-27T00:00:00Z,FILUSDT,0.00009781
2024-04-27T08:00:00Z,FILUSDT,0.00003533
2024-04-27T16:00:00Z,FILUSDT,0.00006604
2024-04-28T00:00:00Z,FILUSDT,0.0001
2024-04-28T08:00:00Z,FILUSDT,0.0001
2024-04-28T16:00:00Z,FILUSDT,0.0001
2024-04-29T00:00:00Z,FILUSDT,0.00008699
2024-04-29T08:00:00Z,FILUSDT,0.00007705
2024-04-29T16:00:00Z,FILUSDT,0.00005739
2024-04-30T00:00:00Z,FILUSDT,0.00002509
2024-04-30T08:00:00Z,FILUSDT,0.0000072
2024-04-30T16:00:00Z,FILUSDT,-0.00012388
2024-05-01T00:00:00Z,FILUSDT,0.00000199
2024-05-01T08:00:00Z,FILUSDT,0.00008963
2024-05-01T16:00:00Z,FILUSDT,0.00001335
2024-05-02T00:00:00Z,FILUSDT,0.00002058
2024-05-02T08:00:00Z,FILUSDT,0.00009373
2024-05-02T16:00:00Z,FILUSDT,-0.00006349
2024-05-03T00:00:00Z,FILUSDT,0.00009671
2024-05-03T08:00:00Z,FILUSDT,0.0001
2024-05-03T16:00:00Z,FILUSDT,0.00006657
2024-05-04T00:00:00Z,FILUSDT,0.0001
2024-05-04T08:00:00Z,FILUSDT,0.0001
2024-05-04T16:00:00Z,FILUSDT,0.0001
2024-05-05T00:00:00Z,FILUSDT,0.0001
2024-05-05T08:00:00Z,FILUSDT,0.0001
2024-05-05T16:00:00Z,FILUSDT,0.00008482
2024-05-06T00:00:00Z,FILUSDT,0.00009898
2024-05-06T08:00:00Z,FILUSDT,0.0001
2024-05-06T16:00:00Z,FILUSDT,0.0001
2024-05-07T00:00:00Z,FILUSDT,0.0001
2024-05-07T08:00:00Z,FILUSDT,0.00005783
2024-05-07T16:00:00Z,FILUSDT,0.0001
2024-05-08T00:00:00Z,FILUSDT,0.0001
2024-05-08T08:00:00Z,FILUSDT,0.000019
2024-05-08T16:00:00Z,FILUSDT,0.00000177
2024-05-09T00:00:00Z,FILUSDT,0.00008757
2024-05-09T08:00:00Z,FILUSDT,0.00003161
2024-05-09T16:00:00Z,FILUSDT,0.0001
2024-05-10T00:00:00Z,FILUSDT,0.00008828
2024-05-10T08:00:00Z,FILUSDT,0.0001
2024-05-10T16:00:00Z,FILUSDT,0.0001
2024-05-11T00:00:00Z,FILUSDT,0.0001
2024-05-11T08:00:00Z,FILUSDT,0.0001
2024-05-11T16:00:00Z,FILUSDT,-0.00002916
2024-05-12T00:00:00Z,FILUSDT,-0.00002007
2024-05-12T08:00:00Z,FILUSDT,-0.00007537
2024-05-12T16:00:00Z,FILUSDT,0.00004265
2024-05-13T00:00:00Z,FILUSDT,0.00000537
2024-05-13T08:00:00Z,FILUSDT,-0.00001351
2024-05-13T16:00:00Z,FILUSDT,0.00002184
2024-05-14T00:00:00Z,FILUSDT,0.0001
2024-05-14T08:00:00Z,FILUSDT,0.0001
2024-05-14T16:00:00Z,FILUSDT,0.0001
2024-05-15T00:00:00Z,FILUSDT,0.0001
2024-05-15T08:00:00Z,FILUSDT,0.0001
2024-05-15T16:00:00Z,FILUSDT,0.00000667
2024-05-16T00:00:00Z,FILUSDT,0.0001
2024-05-16T08:00:00Z,FILUSDT,0.0001
2024-05-16T16:00:00Z,FILUSDT,0.0001
2024-05-17T00:00:00Z,FILUSDT,0.0001
2024-05-17T08:00:00Z,FILUSDT,0.0001
2024-05-17T16:00:00Z,FILUSDT,0.0001
2024-05-18T00:00:00Z,FILUSDT,0.0001
2024-05-18T08:00:00Z,FILUSDT,0.0001
2024-05-18T16:00:00Z,FILUSDT,0.0001
2024-05-19T00:00:00Z,FILUSDT,0.0001
2024-05-19T08:00:00Z,FILUSDT,0.0001
2024-05-19T16:00:00Z,FILUSDT,0.0001
2024-05-20T00:00:00Z,FILUSDT,0.0001
2024-05-20T08:00:00Z,FILUSDT,0.0001
2024-05-20T16:00:00Z,FILUSDT,0.0001
2024-05-21T00:00:00Z,FILUSDT,0.0001
2024-05-21T08:00:00Z,FILUSDT,0.0001
2024-05-21T16:00:00Z,FILUSDT,0.0001
2024-05-22T00:00:00Z,FILUSDT,0.0001
2024-05-22T08:00:00Z,FILUSDT,0.0001
2024-05-22T16:00:00Z,FILUSDT,0.00010354
2024-05-23T00:00:00Z,FILUSDT,0.0001
2024-05-23T08:00:00Z,FILUSDT,0.0001409
2024-05-23T16:00:00Z,FILUSDT,0.0001
2024-05-24T00:00:00Z,FILUSDT,0.0001
2024-05-24T08:00:00Z,FILUSDT,0.0001
2024-05-24T16:00:00Z,FILUSDT,0.0001
2024-05-25T00:00:00Z,FILUSDT,0.0001
2024-05-25T08:00:00Z,FILUSDT,0.0001
2024-05-25T16:00:00Z,FILUSDT,0.0001
2024-05-26T00:00:00Z,FILUSDT,0.0001
2024-05-26T08:00:00Z,FILUSDT,0.0001
2024-05-26T16:00:00Z,FILUSDT,0.0001
2024-05-27T00:00:00Z,FILUSDT,0.0001
2024-05-27T08:00:00Z,FILUSDT,0.0001
2024-05-27T16:00:00Z,FILUSDT,0.0001304
2024-05-28T00:00:00Z,FILUSDT,0.0001
2024-05-28T08:00:00Z,FILUSDT,0.0001
2024-05-28T16:00:00Z,FILUSDT,0.00016881
2024-05-29T00:00:00Z,FILUSDT,0.00016908
2024-05-29T08:00:00Z,FILUSDT,0.00018503
2024-05-29T16:00:00Z,FILUSDT,0.0001
2024-05-30T00:00:00Z,FILUSDT,0.0001
2024-05-30T08:00:00Z,FILUSDT,0.0001
2024-05-30T16:00:00Z,FILUSDT,0.0001
2024-05-31T00:00:00Z,FILUSDT,0.0001
2024-05-31T08:00:00Z,FILUSDT,0.0001
2024-05-31T16:00:00Z,FILUSDT,0.0001
2024-06-01T00:00:00Z,FILUSDT,0.0001
2024-06-01T08:00:00Z,FILUSDT,0.0001
2024-06-01T16:00:00Z,FILUSDT,0.0001
2024-06-02T00:00:00Z,FILUSDT,0.0001
2024-06-02T08:00:00Z,FILUSDT,0.0001
2024-06-02T16:00:00Z,FILUSDT,0.00011538
2024-06-03T00:00:00Z,FILUSDT,0.0001
2024-06-03T08:00:00Z,FILUSDT,0.00015664
2024-06-03T16:00:00Z,FILUSDT,0.0001
2024-06-04T00:00:00Z,FILUSDT,0.0001
2024-06-04T08:00:00Z,FILUSDT,0.00017827
2024-06-04T16:00:00Z,FILUSDT,0.00024835
2024-06-05T00:00:00Z,FILUSDT,0.0001
2024-06-05T08:00:00Z,FILUSDT,0.00028448
2024-06-05T16:00:00Z,FILUSDT,0.00027814
2024-06-06T00:00:00Z,FILUSDT,0.00025834
2024-06-06T08:00:00Z,FILUSDT,0.00028092
2024-06-06T16:00:00Z,FILUSDT,0.0002748
2024-06-07T00:00:00Z,FILUSDT,0.0001
2024-06-07T08:00:00Z,FILUSDT,0.00021305
2024-06-07T16:00:00Z,FILUSDT,0.0001369
2024-06-08T00:00:00Z,FILUSDT,0.0001
2024-06-08T08:00:00Z,FILUSDT,0.0001
2024-06-08T16:00:00Z,FILUSDT,0.0001
2024-06-09T00:00:00Z,FILUSDT,0.0001
2024-06-09T08:00:00Z,FILUSDT,0.0001
2024-06-09T16:00:00Z,FILUSDT,0.0001
2024-06-10T00:00:00Z,FILUSDT,0.0001
2024-06-10T08:00:00Z,FILUSDT,0.0001
2024-06-10T16:00:00Z,FILUSDT,0.0001
2024-06-11T00:00:00Z,FILUSDT,0.0001
2024-06-11T08:00:00Z,FILUSDT,0.0001
2024-06-11T16:00:00Z,FILUSDT,0.0001
2024-06-12T00:00:00Z,FILUSDT,0.0001
2024-06-12T08:00:00Z,FILUSDT,0.0001
2024-06-12T16:00:00Z,FILUSDT,0.0001
2024-06-13T00:00:00Z,FILUSDT,0.0001
2024-06-13T08:00:00Z,FILUSDT,0.0001
2024-06-13T16:00:00Z,FILUSDT,0.00007684
2024-06-14T00:00:00Z,FILUSDT,0.00007501
2024-06-14T08:00:00Z,FILUSDT,0.0001
2024-06-14T16:00:00Z,FILUSDT,0.00007269
2024-06-15T00:00:00Z,FILUSDT,0.00003407
2024-06-15T08:00:00Z,FILUSDT,0.00008435
2024-06-15T16:00:00Z,FILUSDT,0.0001
2024-06-16T00:00:00Z,FILUSDT,-0.00001473
2024-06-16T08:00:00Z,FILUSDT,-0.00003903
2024-06-16T16:00:00Z,FILUSDT,0.00003412
2024-06-17T00:00:00Z,FILUSDT,0.00007285
2024-06-17T08:00:00Z,FILUSDT,0.00009218
2024-06-17T16:00:00Z,FILUSDT,0.00001339
2024-06-18T00:00:00Z,FILUSDT,-0.00001075
2024-06-18T08:00:00Z,FILUSDT,-0.00002953
2024-06-18T16:00:00Z,FILUSDT,0.00001208
2024-06-19T00:00:00Z,FILUSDT,0.00005237
2024-06-19T08:00:00Z,FILUSDT,0.00001995
2024-06-19T16:00:00Z,FILUSDT,0.00004379
2024-06-20T00:00:00Z,FILUSDT,-0.00000412
2024-06-20T08:00:00Z,FILUSDT,0.0001
2024-06-20T16:00:00Z,FILUSDT,0.00005235
2024-06-21T00:00:00Z,FILUSDT,0.00008053
2024-06-21T08:00:00Z,FILUSDT,0.0000987
2024-06-21T16:00:00Z,FILUSDT,0.00003732
2024-06-22T00:00:00Z,FILUSDT,0.0001
2024-06-22T08:00:00Z,FILUSDT,0.0001
2024-06-22T16:00:00Z,FILUSDT,0.0001
2024-06-23T00:00:00Z,FILUSDT,0.00006118
2024-06-23T08:00:00Z,FILUSDT,0.0001
2024-06-23T16:00:00Z,FILUSDT,0.0001
2024-06-24T00:00:00Z,FILUSDT,0.0001
2024-06-24T08:00:00Z,FILUSDT,0.0001
2024-06-24T16:00:00Z,FILUSDT,0.0001
2024-06-25T00:00:00Z,FILUSDT,0.0001
2024-06-25T08:00:00Z,FILUSDT,0.0001
2024-06-25T16:00:00Z,FILUSDT,0.0001
2024-06-26T00:00:00Z,FILUSDT,0.00009424
2024-06-26T08:00:00Z,FILUSDT,0.0001
2024-06-26T16:00:00Z,FILUSDT,0.0001
2024-06-27T00:00:00Z,FILUSDT,0.0001
2024-06-27T08:00:00Z,FILUSDT,0.0001
2024-06-27T16:00:00Z,FILUSDT,0.0001
2024-06-28T00:00:00Z,FILUSDT,0.0001
2024-06-28T08:00:00Z,FILUSDT,0.0001
2024-06-28T16:00:00Z,FILUSDT,0.0001
2024-06-29T00:00:00Z,FILUSDT,0.0001
2024-06-29T08:00:00Z,FILUSDT,0.0001
2024-06-29T16:00:00Z,FILUSDT,0.0001
2024-06-30T00:00:00Z,FILUSDT,0.0001
2024-06-30T08:00:00Z,FILUSDT,0.0001
2024-06-30T16:00:00Z,FILUSDT,0.0001
2024-07-01T00:00:00Z,FILUSDT,0.0001
2024-07-01T08:00:00Z,FILUSDT,0.00007036
2024-07-01T16:00:00Z,FILUSDT,0.0001
2024-07-02T00:00:00Z,FILUSDT,0.0001
2024-07-02T08:00:00Z,FILUSDT,0.00001291
2024-07-02T16:00:00Z,FILUSDT,0.0001
2024-07-03T00:00:00Z,FILUSDT,0.0001
2024-07-03T08:00:00Z,FILUSDT,0.0001
2024-07-03T16:00:00Z,FILUSDT,0.00003977
2024-07-04T00:00:00Z,FILUSDT,0.00007125
2024-07-04T08:00:00Z,FILUSDT,0.00005187
2024-07-04T16:00:00Z,FILUSDT,-0.00006937
2024-07-05T00:00:00Z,FILUSDT,-0.00007365
2024-07-05T08:00:00Z,FILUSDT,-0.0000355
2024-07-05T16:00:00Z,FILUSDT,-0.00010082
2024-07-06T00:00:00Z,FILUSDT,0.00002959
2024-07-06T08:00:00Z,FILUSDT,0.00003995
2024-07-06T16:00:00Z,FILUSDT,0.0001
2024-07-07T00:00:00Z,FILUSDT,0.00003419
2024-07-07T08:00:00Z,FILUSDT,0.0001
2024-07-07T16:00:00Z,FILUSDT,0.00004959
2024-07-08T00:00:00Z,FILUSDT,0.00002546
2024-07-08T08:00:00Z,FILUSDT,0.00006274
2024-07-08T16:00:00Z,FILUSDT,0.0001
2024-07-09T00:00:00Z,FILUSDT,0.00006448
2024-07-09T08:00:00Z,FILUSDT,0.00009622
2024-07-09T16:00:00Z,FILUSDT,0.0001
2024-07-10T00:00:00Z,FILUSDT,0.0001
2024-07-10T08:00:00Z,FILUSDT,0.0001
2024-07-10T16:00:00Z,FILUSDT,0.0001
2024-07-11T00:00:00Z,FILUSDT,0.00001496
2024-07-11T08:00:00Z,FILUSDT,0.0001
2024-07-11T16:00:00Z,FILUSDT,0.0001
2024-07-12T00:00:00Z,FILUSDT,-0.00002383
2024-07-12T08:00:00Z,FILUSDT,0.00000138
2024-07-12T16:00:00Z,FILUSDT,0.0001
2024-07-13T00:00:00Z,FILUSDT,0.00007918
2024-07-13T08:00:00Z,FILUSDT,0.0001
2024-07-13T16:00:00Z,FILUSDT,0.00003902
2024-07-14T00:00:00Z,FILUSDT,0.0001
2024-07-14T08:00:00Z,FILUSDT,0.0001
2024-07-14T16:00:00Z,FILUSDT,0.0001
2024-07-15T00:00:00Z,FILUSDT,0.0001
2024-07-15T08:00:00Z,FILUSDT,0.0001
2024-07-15T16:00:00Z,FILUSDT,0.0001
2024-07-16T00:00:00Z,FILUSDT,0.0001
2024-07-16T08:00:00Z,FILUSDT,0.00007597
2024-07-16T16:00:00Z,FILUSDT,0.0001
2024-07-17T00:00:00Z,FILUSDT,0.00007099
2024-07-17T08:00:00Z,FILUSDT,0.0001
2024-07-17T16:00:00Z,FILUSDT,0.0001
2024-07-18T00:00:00Z,FILUSDT,0.0001
2024-07-18T08:00:00Z,FILUSDT,0.00004066
2024-07-18T16:00:00Z,FILUSDT,0.00008342
2024-07-19T00:00:00Z,FILUSDT,-0.00001755
2024-07-19T08:00:00Z,FILUSDT,0.00009658
2024-07-19T16:00:00Z,FILUSDT,-0.00002853
2024-07-20T00:00:00Z,FILUSDT,0.0001
2024-07-20T08:00:00Z,FILUSDT,0.0001
2024-07-20T16:00:00Z,FILUSDT,0.00008666
2024-07-21T00:00:00Z,FILUSDT,0.00002867
2024-07-21T08:00:00Z,FILUSDT,0.0001
2024-07-21T16:00:00Z,FILUSDT,0.00009605
2024-07-22T00:00:00Z,FILUSDT,0.0001
2024-07-22T08:00:00Z,FILUSDT,0.0001
2024-07-22T16:00:00Z,FILUSDT,0.0001
2024-07-23T00:00:00Z,FILUSDT,0.0001
2024-07-23T08:00:00Z,FILUSDT,0.00008418
2024-07-23T16:00:00Z,FILUSDT,0.0001
2024-07-24T00:00:00Z,FILUSDT,0.0001
2024-07-24T08:00:00Z,FILUSDT,0.0001
2024-07-24T16:00:00Z,FILUSDT,0.0001
2024-07-25T00:00:00Z,FILUSDT,0.0001
2024-07-25T08:00:00Z,FILUSDT,-0.00011834
2024-07-25T16:00:00Z,FILUSDT,-0.00003041
2024-07-26T00:00:00Z,FILUSDT,0.00005351
2024-07-26T08:00:00Z,FILUSDT,0.00006146
2024-07-26T16:00:00Z,FILUSDT,0.0001
2024-07-27T00:00:00Z,FILUSDT,0.0001
2024-07-27T08:00:00Z,FILUSDT,0.0001
2024-07-27T16:00:00Z,FILUSDT,0.0001
2024-07-28T00:00:00Z,FILUSDT,0.0001
2024-07-28T08:00:00Z,FILUSDT,0.0001
2024-07-28T16:00:00Z,FILUSDT,0.00003438
2024-07-29T00:00:00Z,FILUSDT,0.0001
2024-07-29T08:00:00Z,FILUSDT,0.00005711
2024-07-29T16:00:00Z,FILUSDT,0.0001
2024-07-30T00:00:00Z,FILUSDT,0.0001
2024-07-30T08:00:00Z,FILUSDT,0.0001
2024-07-30T16:00:00Z,FILUSDT,0.0000748
2024-07-31T00:00:00Z,FILUSDT,0.00002133
2024-07-31T08:00:00Z,FILUSDT,0.0001
2024-07-31T16:00:00Z,FILUSDT,0.00002613
2024-08-01T00:00:00Z,FILUSDT,-0.000003
2024-08-01T08:00:00Z,FILUSDT,0.00000833
2024-08-01T16:00:00Z,FILUSDT,-0.00000663
2024-08-02T00:00:00Z,FILUSDT,-0.0000667
2024-08-02T08:00:00Z,FILUSDT,0.00000113
2024-08-02T16:00:00Z,FILUSDT,0.00004644
2024-08-03T00:00:00Z,FILUSDT,0.0001
2024-08-03T08:00:00Z,FILUSDT,0.00001429
2024-08-03T16:00:00Z,FILUSDT,-0.00001777
2024-08-04T00:00:00Z,FILUSDT,-0.00001654
2024-08-04T08:00:00Z,FILUSDT,-0.00002393
2024-08-04T16:00:00Z,FILUSDT,-0.00000493
2024-08-05T00:00:00Z,FILUSDT,-0.00002308
2024-08-05T08:00:00Z,FILUSDT,-0.00015097
2024-08-05T16:00:00Z,FILUSDT,0.00001271
2024-08-06T00:00:00Z,FILUSDT,0.00009846
2024-08-06T08:00:00Z,FILUSDT,-0.00001481
2024-08-06T16:00:00Z,FILUSDT,0.00005073
2024-08-07T00:00:00Z,FILUSDT,0.00007049
2024-08-07T08:00:00Z,FILUSDT,0.00007147
2024-08-07T16:00:00Z,FILUSDT,0.0001
2024-08-08T00:00:00Z,FILUSDT,0.0001
2024-08-08T08:00:00Z,FILUSDT,0.00009187
2024-08-08T16:00:00Z,FILUSDT,-0.00000645
2024-08-09T00:00:00Z,FILUSDT,0.0001
2024-08-09T08:00:00Z,FILUSDT,0.0001
2024-08-09T16:00:00Z,FILUSDT,0.0001
2024-08-10T00:00:00Z,FILUSDT,0.0001
2024-08-10T08:00:00Z,FILUSDT,0.0001
2024-08-10T16:00:00Z,FILUSDT,0.00007886
2024-08-11T00:00:00Z,FILUSDT,0.00002321
2024-08-11T08:00:00Z,FILUSDT,0.00002933
2024-08-11T16:00:00Z,FILUSDT,0.0001
2024-08-12T00:00:00Z,FILUSDT,-0.00004392
2024-08-12T08:00:00Z,FILUSDT,0.00004082
2024-08-12T16:00:00Z,FILUSDT,0.00006552
2024-08-13T00:00:00Z,FILUSDT,-0.00000407
2024-08-13T08:00:00Z,FILUSDT,0.00006146
2024-08-13T16:00:00Z,FILUSDT,0.00002971
2024-08-14T00:00:00Z,FILUSDT,0.0001
2024-08-14T08:00:00Z,FILUSDT,0.0001
2024-08-14T16:00:00Z,FILUSDT,-0.00002198
2024-08-15T00:00:00Z,FILUSDT,0.0001
2024-08-15T08:00:00Z,FILUSDT,0.00007137
2024-08-15T16:00:00Z,FILUSDT,0.00006186
2024-08-16T00:00:00Z,FILUSDT,-0.00007995
2024-08-16T08:00:00Z,FILUSDT,-0.00010955
2024-08-16T16:00:00Z,FILUSDT,-0.00005466
2024-08-17T00:00:00Z,FILUSDT,-0.0000394
2024-08-17T08:00:00Z,FILUSDT,-0.00003839
2024-08-17T16:00:00Z,FILUSDT,0.00001146
2024-08-18T00:00:00Z,FILUSDT,0.00006187
2024-08-18T08:00:00Z,FILUSDT,-0.00005043
2024-08-18T16:00:00Z,FILUSDT,0.0001
2024-08-19T00:00:00Z,FILUSDT,0.0001
2024-08-19T08:00:00Z,FILUSDT,0.0001
2024-08-19T16:00:00Z,FILUSDT,0.0001
2024-08-20T00:00:00Z,FILUSDT,0.0001
2024-08-20T08:00:00Z,FILUSDT,0.00009368
2024-08-20T16:00:00Z,FILUSDT,0.0000327
2024-08-21T00:00:00Z,FILUSDT,0.00009138
2024-08-21T08:00:00Z,FILUSDT,-0.00001506
2024-08-21T16:00:00Z,FILUSDT,-0.00001998
2024-08-22T00:00:00Z,FILUSDT,0.0001
2024-08-22T08:00:00Z,FILUSDT,0.0001
2024-08-22T16:00:00Z,FILUSDT,0.0001
2024-08-23T00:00:00Z,FILUSDT,0.0001
2024-08-23T08:00:00Z,FILUSDT,0.0001
2024-08-23T16:00:00Z,FILUSDT,0.0001
2024-08-24T00:00:00Z,FILUSDT,0.0001
2024-08-24T08:00:00Z,FILUSDT,0.0001
2024-08-24T16:00:00Z,FILUSDT,0.0001
2024-08-25T00:00:00Z,FILUSDT,0.0001
2024-08-25T08:00:00Z,FILUSDT,0.00005087
2024-08-25T16:00:00Z,FILUSDT,-0.00005245
2024-08-26T00:00:00Z,FILUSDT,-0.00002504
2024-08-26T08:00:00Z,FILUSDT,0.0000681
2024-08-26T16:00:00Z,FILUSDT,0.00006448
2024-08-27T00:00:00Z,FILUSDT,-0.00005929
2024-08-27T08:00:00Z,FILUSDT,-0.0000238
2024-08-27T16:00:00Z,FILUSDT,0.00002566
2024-08-28T00:00:00Z,FILUSDT,-0.00000901
2024-08-28T08:00:00Z,FILUSDT,-0.00008982
2024-08-28T16:00:00Z,FILUSDT,-0.00007835
2024-08-29T00:00:00Z,FILUSDT,-0.00003782
2024-08-29T08:00:00Z,FILUSDT,-0.00006254
2024-08-29T16:00:00Z,FILUSDT,-0.00002467
2024-08-30T00:00:00Z,FILUSDT,0.00000302
2024-08-30T08:00:00Z,FILUSDT,0.0001
2024-08-30T16:00:00Z,FILUSDT,0.00000197
2024-08-31T00:00:00Z,FILUSDT,0.00003389
2024-08-31T08:00:00Z,FILUSDT,0.00003361
2024-08-31T16:00:00Z,FILUSDT,0.00001511
2024-09-01T00:00:00Z,FILUSDT,-0.0000856
2024-09-01T08:00:00Z,FILUSDT,0.0000645
2024-09-01T16:00:00Z,FILUSDT,-0.00004697
2024-09-02T00:00:00Z,FILUSDT,-0.00007937
2024-09-02T08:00:00Z,FILUSDT,-0.00000592
2024-09-02T16:00:00Z,FILUSDT,-0.00002662
2024-09-03T00:00:00Z,FILUSDT,0.00005651
2024-09-03T08:00:00Z,FILUSDT,0.0000319
2024-09-03T16:00:00Z,FILUSDT,-0.00009712
2024-09-04T00:00:00Z,FILUSDT,0.0001
2024-09-04T08:00:00Z,FILUSDT,-0.00005277
2024-09-04T16:00:00Z,FILUSDT,0.0000285
2024-09-05T00:00:00Z,FILUSDT,0.00004097
2024-09-05T08:00:00Z,FILUSDT,-0.00000359
2024-09-05T16:00:00Z,FILUSDT,0.0001
2024-09-06T00:00:00Z,FILUSDT,0.0001
2024-09-06T08:00:00Z,FILUSDT,0.0001
2024-09-06T16:00:00Z,FILUSDT,0.0001
2024-09-07T00:00:00Z,FILUSDT,-0.00000755
2024-09-07T08:00:00Z,FILUSDT,0.00004725
2024-09-07T16:00:00Z,FILUSDT,-0.00000017
2024-09-08T00:00:00Z,FILUSDT,0.00003067
2024-09-08T08:00:00Z,FILUSDT,0.0001
2024-09-08T16:00:00Z,FILUSDT,0.0001
2024-09-09T00:00:00Z,FILUSDT,0.0001
2024-09-09T08:00:00Z,FILUSDT,0.0001
2024-09-09T16:00:00Z,FILUSDT,0.0001
2024-09-10T00:00:00Z,FILUSDT,-0.00008153
2024-09-10T08:00:00Z,FILUSDT,-0.00007583
2024-09-10T16:00:00Z,FILUSDT,0.00007294
2024-09-11T00:00:00Z,FILUSDT,0.00008181
2024-09-11T08:00:00Z,FILUSDT,0.00007841
2024-09-11T16:00:00Z,FILUSDT,0.00006931
2024-09-12T00:00:00Z,FILUSDT,-0.00003249
2024-09-12T08:00:00Z,FILUSDT,0.00000036
2024-09-12T16:00:00Z,FILUSDT,-0.00004749
2024-09-13T00:00:00Z,FILUSDT,0.00007326
2024-09-13T08:00:00Z,FILUSDT,-0.00001695
2024-09-13T16:00:00Z,FILUSDT,0.00006539
2024-09-14T00:00:00Z,FILUSDT,0.00005116
2024-09-14T08:00:00Z,FILUSDT,0.0001
2024-09-14T16:00:00Z,FILUSDT,0.00003891
2024-09-15T00:00:00Z,FILUSDT,0.0001
2024-09-15T08:00:00Z,FILUSDT,0.00000221
2024-09-15T16:00:00Z,FILUSDT,-0.00011297
2024-09-16T00:00:00Z,FILUSDT,-0.00005995
2024-09-16T08:00:00Z,FILUSDT,-0.00010622
2024-09-16T16:00:00Z,FILUSDT,-0.00011298
2024-09-17T00:00:00Z,FILUSDT,-0.00015458
2024-09-17T08:00:00Z,FILUSDT,-0.00003219
2024-09-17T16:00:00Z,FILUSDT,0.0000463
2024-09-18T00:00:00Z,FILUSDT,0.00003324
2024-09-18T08:00:00Z,FILUSDT,0.00003222
2024-09-18T16:00:00Z,FILUSDT,-0.00005981
2024-09-19T00:00:00Z,FILUSDT,0.0001
2024-09-19T08:00:00Z,FILUSDT,0.0001
2024-09-19T16:00:00Z,FILUSDT,0.0001
2024-09-20T00:00:00Z,FILUSDT,0.0001
2024-09-20T08:00:00Z,FILUSDT,0.0001
2024-09-20T16:00:00Z,FILUSDT,0.0001
2024-09-21T00:00:00Z,FILUSDT,0.0001
2024-09-21T08:00:00Z,FILUSDT,0.0001
2024-09-21T16:00:00Z,FILUSDT,0.0001
2024-09-22T00:00:00Z,FILUSDT,0.0001
2024-09-22T08:00:00Z,FILUSDT,0.0001
2024-09-22T16:00:00Z,FILUSDT,0.0001
2024-09-23T00:00:00Z,FILUSDT,0.00002943
2024-09-23T08:00:00Z,FILUSDT,0.0001
2024-09-23T16:00:00Z,FILUSDT,0.0001
2024-09-24T00:00:00Z,FILUSDT,0.0001
2024-09-24T08:00:00Z,FILUSDT,0.0001
2024-09-24T16:00:00Z,FILUSDT,0.0001
2024-09-25T00:00:00Z,FILUSDT,0.0001
2024-09-25T08:00:00Z,FILUSDT,0.0001
2024-09-25T16:00:00Z,FILUSDT,0.0001
2024-09-26T00:00:00Z,FILUSDT,0.0001
2024-09-26T08:00:00Z,FILUSDT,0.0001
2024-09-26T16:00:00Z,FILUSDT,0.0001
2024-09-27T00:00:00Z,FILUSDT,0.0001
2024-09-27T08:00:00Z,FILUSDT,0.0001
2024-09-27T16:00:00Z,FILUSDT,0.0001
2024-09-28T00:00:00Z,FILUSDT,0.0001
2024-09-28T08:00:00Z,FILUSDT,0.0001
2024-09-28T16:00:00Z,FILUSDT,0.0001
2024-09-29T00:00:00Z,FILUSDT,0.0001
2024-09-29T08:00:00Z,FILUSDT,0.0001
2024-09-29T16:00:00Z,FILUSDT,0.0001
2024-09-30T00:00:00Z,FILUSDT,0.0001
2024-09-30T08:00:00Z,FILUSDT,0.0001
2024-09-30T16:00:00Z,FILUSDT,0.00007819
2024-10-01T00:00:00Z,FILUSDT,0.0001
2024-10-01T08:00:00Z,FILUSDT,0.0001
2024-10-01T16:00:00Z,FILUSDT,-0.00001491
2024-10-02T00:00:00Z,FILUSDT,-0.00010511
2024-10-02T08:00:00Z,FILUSDT,-0.00003853
2024-10-02T16:00:00Z,FILUSDT,-0.0000108
2024-10-03T00:00:00Z,FILUSDT,0.00002412
2024-10-03T08:00:00Z,FILUSDT,-0.00010482
2024-10-03T16:00:00Z,FILUSDT,-0.00000294
2024-10-04T00:00:00Z,FILUSDT,-0.00013232
2024-10-04T08:00:00Z,FILUSDT,0.00003988
2024-10-04T16:00:00Z,FILUSDT,0.000068
2024-10-05T00:00:00Z,FILUSDT,0.00007166
2024-10-05T08:00:00Z,FILUSDT,0.0001
2024-10-05T16:00:00Z,FILUSDT,0.0001
2024-10-06T00:00:00Z,FILUSDT,0.0001
2024-10-06T08:00:00Z,FILUSDT,0.0001
2024-10-06T16:00:00Z,FILUSDT,0.0001
2024-10-07T00:00:00Z,FILUSDT,0.0001
2024-10-07T08:00:00Z,FILUSDT,0.0001
2024-10-07T16:00:00Z,FILUSDT,0.0001
2024-10-08T00:00:00Z,FILUSDT,0.0001
2024-10-08T08:00:00Z,FILUSDT,0.00008858
2024-10-08T16:00:00Z,FILUSDT,0.00006014
2024-10-09T00:00:00Z,FILUSDT,0.0001
2024-10-09T08:00:00Z,FILUSDT,0.00008854
2024-10-09T16:00:00Z,FILUSDT,-0.0000049
2024-10-10T00:00:00Z,FILUSDT,-0.00007917
2024-10-10T08:00:00Z,FILUSDT,-0.00010213
2024-10-10T16:00:00Z,FILUSDT,0.00000439
2024-10-11T00:00:00Z,FILUSDT,-0.00001134
2024-10-11T08:00:00Z,FILUSDT,0.0001
2024-10-11T16:00:00Z,FILUSDT,0.00006767
2024-10-12T00:00:00Z,FILUSDT,0.0001
2024-10-12T08:00:00Z,FILUSDT,0.0001
2024-10-12T16:00:00Z,FILUSDT,0.0001
2024-10-13T00:00:00Z,FILUSDT,0.0001
2024-10-13T08:00:00Z,FILUSDT,0.0001
2024-10-13T16:00:00Z,FILUSDT,0.00009781
2024-10-14T00:00:00Z,FILUSDT,0.0001
2024-10-14T08:00:00Z,FILUSDT,0.0001
2024-10-14T16:00:00Z,FILUSDT,0.0001
2024-10-15T00:00:00Z,FILUSDT,0.0001
2024-10-15T08:00:00Z,FILUSDT,0.0001
2024-10-15T16:00:00Z,FILUSDT,0.0001
2024-10-16T00:00:00Z,FILUSDT,0.0001
2024-10-16T08:00:00Z,FILUSDT,0.0001
2024-10-16T16:00:00Z,FILUSDT,0.0001
2024-10-17T00:00:00Z,FILUSDT,0.0001
2024-10-17T08:00:00Z,FILUSDT,0.0001
2024-10-17T16:00:00Z,FILUSDT,0.00009012
2024-10-18T00:00:00Z,FILUSDT,0.0001
2024-10-18T08:00:00Z,FILUSDT,0.0001
2024-10-18T16:00:00Z,FILUSDT,0.0001
2024-10-19T00:00:00Z,FILUSDT,0.0001
2024-10-19T08:00:00Z,FILUSDT,0.0001
2024-10-19T16:00:00Z,FILUSDT,0.0001
2024-10-20T00:00:00Z,FILUSDT,0.0001
2024-10-20T08:00:00Z,FILUSDT,0.0001
2024-10-20T16:00:00Z,FILUSDT,0.0001
2024-10-21T00:00:00Z,FILUSDT,0.0001
2024-10-21T08:00:00Z,FILUSDT,0.0001
2024-10-21T16:00:00Z,FILUSDT,0.0001
2024-10-22T00:00:00Z,FILUSDT,0.0001
2024-10-22T08:00:00Z,FILUSDT,0.0001
2024-10-22T16:00:00Z,FILUSDT,0.0001
2024-10-23T00:00:00Z,FILUSDT,0.0001
2024-10-23T08:00:00Z,FILUSDT,0.0001
2024-10-23T16:00:00Z,FILUSDT,0.0001
2024-10-24T00:00:00Z,FILUSDT,0.0001
2024-10-24T08:00:00Z,FILUSDT,0.0001
2024-10-24T16:00:00Z,FILUSDT,0.0001
2024-10-25T00:00:00Z,FILUSDT,0.0001
2024-10-25T08:00:00Z,FILUSDT,0.0001
2024-10-25T16:00:00Z,FILUSDT,0.0001
2024-10-26T00:00:00Z,FILUSDT,0.00003663
2024-10-26T08:00:00Z,FILUSDT,-0.00001209
2024-10-26T16:00:00Z,FILUSDT,-0.00002077
2024-10-27T00:00:00Z,FILUSDT,-0.00004125
2024-10-27T08:00:00Z,FILUSDT,0.00004218
2024-10-27T16:00:00Z,FILUSDT,-0.0000184
2024-10-28T00:00:00Z,FILUSDT,-0.0000362
2024-10-28T08:00:00Z,FILUSDT,0.00008299
2024-10-28T16:00:00Z,FILUSDT,0.0001
2024-10-29T00:00:00Z,FILUSDT,0.0001
2024-10-29T08:00:00Z,FILUSDT,0.0001
2024-10-29T16:00:00Z,FILUSDT,0.0001
2024-10-30T00:00:00Z,FILUSDT,0.0001
2024-10-30T08:00:00Z,FILUSDT,0.0001
2024-10-30T16:00:00Z,FILUSDT,0.0001
2024-10-31T00:00:00Z,FILUSDT,0.0001
2024-10-31T08:00:00Z,FILUSDT,0.0001
2024-10-31T16:00:00Z,FILUSDT,0.0001
2024-11-01T00:00:00Z,FILUSDT,0.0001
2024-11-01T08:00:00Z,FILUSDT,0.0001
2024-11-01T16:00:00Z,FILUSDT,0.0001
2024-11-02T00:00:00Z,FILUSDT,0.0001
2024-11-02T08:00:00Z,FILUSDT,0.0001
2024-11-02T16:00:00Z,FILUSDT,0.0001
2024-11-03T00:00:00Z,FILUSDT,0.0001
2024-11-03T08:00:00Z,FILUSDT,0.0001
2024-11-03T16:00:00Z,FILUSDT,0.00009505
2024-11-04T00:00:00Z,FILUSDT,0.00005319
2024-11-04T08:00:00Z,FILUSDT,0.00007542
2024-11-04T16:00:00Z,FILUSDT,0.0001
2024-11-05T00:00:00Z,FILUSDT,0.0000819
2024-11-05T08:00:00Z,FILUSDT,0.0001
2024-11-05T16:00:00Z,FILUSDT,0.00004696
2024-11-06T00:00:00Z,FILUSDT,0.0001
2024-11-06T08:00:00Z,FILUSDT,0.0001
2024-11-06T16:00:00Z,FILUSDT,0.0001
2024-11-07T00:00:00Z,FILUSDT,0.0001
2024-11-07T08:00:00Z,FILUSDT,0.0001
2024-11-07T16:00:00Z,FILUSDT,0.0001
2024-11-08T00:00:00Z,FILUSDT,0.0001
2024-11-08T08:00:00Z,FILUSDT,0.0001
2024-11-08T16:00:00Z,FILUSDT,0.0001
2024-11-09T00:00:00Z,FILUSDT,0.0001
2024-11-09T08:00:00Z,FILUSDT,0.0001
2024-11-09T16:00:00Z,FILUSDT,0.0001
2024-11-10T00:00:00Z,FILUSDT,0.0001
2024-11-10T08:00:00Z,FILUSDT,0.00032099
2024-11-10T16:00:00Z,FILUSDT,0.00040213
2024-11-11T00:00:00Z,FILUSDT,0.00038819
2024-11-11T08:00:00Z,FILUSDT,0.0004648
2024-11-11T16:00:00Z,FILUSDT,0.00020082
2024-11-12T00:00:00Z,FILUSDT,0.00029356
2024-11-12T08:00:00Z,FILUSDT,0.00044097
2024-11-12T16:00:00Z,FILUSDT,0.00022721
2024-11-13T00:00:00Z,FILUSDT,0.0001
2024-11-13T08:00:00Z,FILUSDT,0.0001
2024-11-13T16:00:00Z,FILUSDT,0.0001
2024-11-14T00:00:00Z,FILUSDT,0.0001
2024-11-14T08:00:00Z,FILUSDT,0.0001
2024-11-14T16:00:00Z,FILUSDT,0.0001
2024-11-15T00:00:00Z,FILUSDT,0.0001
2024-11-15T08:00:00Z,FILUSDT,0.0001
2024-11-15T16:00:00Z,FILUSDT,0.0001
2024-11-16T00:00:00Z,FILUSDT,0.00016776
2024-11-16T08:00:00Z,FILUSDT,0.00019346
2024-11-16T16:00:00Z,FILUSDT,0.00028685
2024-11-17T00:00:00Z,FILUSDT,0.00055764
2024-11-17T08:00:00Z,FILUSDT,0.00047366
2024-11-17T16:00:00Z,FILUSDT,0.00053597
2024-11-18T00:00:00Z,FILUSDT,0.00019601
2024-11-18T08:00:00Z,FILUSDT,0.00035645
2024-11-18T16:00:00Z,FILUSDT,0.00028312
2024-11-19T00:00:00Z,FILUSDT,0.00021046
2024-11-19T08:00:00Z,FILUSDT,0.0003955
2024-11-19T16:00:00Z,FILUSDT,0.00027963
2024-11-20T00:00:00Z,FILUSDT,0.0001
2024-11-20T08:00:00Z,FILUSDT,0.0001
2024-11-20T16:00:00Z,FILUSDT,0.0001
2024-11-21T00:00:00Z,FILUSDT,0.0001
2024-11-21T08:00:00Z,FILUSDT,0.0001
2024-11-21T16:00:00Z,FILUSDT,0.0001
2024-11-22T00:00:00Z,FILUSDT,0.00031124
2024-11-22T08:00:00Z,FILUSDT,0.00043871
2024-11-22T16:00:00Z,FILUSDT,0.00035011
2024-11-23T00:00:00Z,FILUSDT,0.00031309
2024-11-23T08:00:00Z,FILUSDT,0.00040399
2024-11-23T16:00:00Z,FILUSDT,0.00056195
2024-11-24T00:00:00Z,FILUSDT,0.00033918
2024-11-24T08:00:00Z,FILUSDT,0.00034795
2024-11-24T16:00:00Z,FILUSDT,0.00022029
2024-11-25T00:00:00Z,FILUSDT,0.00026247
2024-11-25T08:00:00Z,FILUSDT,0.00038062
2024-11-25T16:00:00Z,FILUSDT,0.00042973
2024-11-26T00:00:00Z,FILUSDT,0.00031819
2024-11-26T08:00:00Z,FILUSDT,0.00035814
2024-11-26T16:00:00Z,FILUSDT,0.00012842
2024-11-27T00:00:00Z,FILUSDT,0.00014848
2024-11-27T08:00:00Z,FILUSDT,0.00026198
2024-11-27T16:00:00Z,FILUSDT,0.00029346
2024-11-28T00:00:00Z,FILUSDT,0.00043859
2024-11-28T08:00:00Z,FILUSDT,0.00033896
2024-11-28T16:00:00Z,FILUSDT,0.00013552
2024-11-29T00:00:00Z,FILUSDT,0.0002495
2024-11-29T08:00:00Z,FILUSDT,0.00025992
2024-11-29T16:00:00Z,FILUSDT,0.0004977
2024-11-30T00:00:00Z,FILUSDT,0.00058588
2024-11-30T08:00:00Z,FILUSDT,0.00034266
2024-11-30T16:00:00Z,FILUSDT,0.0005017
2024-12-01T00:00:00Z,FILUSDT,0.00055404
2024-12-01T08:00:00Z,FILUSDT,0.00041881
2024-12-01T16:00:00Z,FILUSDT,0.0003706
2024-12-02T00:00:00Z,FILUSDT,0.00073757
2024-12-02T08:00:00Z,FILUSDT,0.00053154
2024-12-02T16:00:00Z,FILUSDT,0.00026789
2024-12-03T00:00:00Z,FILUSDT,0.00031094
2024-12-03T08:00:00Z,FILUSDT,0.00064267
2024-12-03T16:00:00Z,FILUSDT,0.0003665
2024-12-04T00:00:00Z,FILUSDT,0.00040103
2024-12-04T08:00:00Z,FILUSDT,0.00095851
2024-12-04T16:00:00Z,FILUSDT,0.00083601
2024-12-05T00:00:00Z,FILUSDT,0.00057004
2024-12-05T08:00:00Z,FILUSDT,0.0008536
2024-12-05T16:00:00Z,FILUSDT,0.00090523
2024-12-06T00:00:00Z,FILUSDT,0.00055498
2024-12-06T08:00:00Z,FILUSDT,0.0007621
2024-12-06T16:00:00Z,FILUSDT,0.00051963
2024-12-07T00:00:00Z,FILUSDT,0.00048177
2024-12-07T08:00:00Z,FILUSDT,0.00048631
2024-12-07T16:00:00Z,FILUSDT,0.00038995
2024-12-08T00:00:00Z,FILUSDT,0.00038811
2024-12-08T08:00:00Z,FILUSDT,0.00029069
2024-12-08T16:00:00Z,FILUSDT,0.00044389
2024-12-09T00:00:00Z,FILUSDT,0.00033771
2024-12-09T08:00:00Z,FILUSDT,0.00037731
2024-12-09T16:00:00Z,FILUSDT,0.00019163
2024-12-10T00:00:00Z,FILUSDT,0.0001
2024-12-10T08:00:00Z,FILUSDT,0.0001
2024-12-10T16:00:00Z,FILUSDT,0.0001
2024-12-11T00:00:00Z,FILUSDT,0.0001
2024-12-11T08:00:00Z,FILUSDT,0.0001
2024-12-11T16:00:00Z,FILUSDT,0.0001
2024-12-12T00:00:00Z,FILUSDT,0.0001
2024-12-12T08:00:00Z,FILUSDT,0.0001
2024-12-12T16:00:00Z,FILUSDT,0.0001
2024-12-13T00:00:00Z,FILUSDT,0.0001
2024-12-13T08:00:00Z,FILUSDT,0.0001
2024-12-13T16:00:00Z,FILUSDT,0.0001
2024-12-14T00:00:00Z,FILUSDT,0.0001
2024-12-14T08:00:00Z,FILUSDT,0.0001
2024-12-14T16:00:00Z,FILUSDT,0.0001
2024-12-15T00:00:00Z,FILUSDT,0.0001
2024-12-15T08:00:00Z,FILUSDT,0.0001
2024-12-15T16:00:00Z,FILUSDT,0.0001
2024-12-16T00:00:00Z,FILUSDT,0.0001
2024-12-16T08:00:00Z,FILUSDT,0.0001
2024-12-16T16:00:00Z,FILUSDT,0.0001
2024-12-17T00:00:00Z,FILUSDT,0.0001
2024-12-17T08:00:00Z,FILUSDT,0.0001
2024-12-17T16:00:00Z,FILUSDT,0.0001
2024-12-18T00:00:00Z,FILUSDT,0.0001
2024-12-18T08:00:00Z,FILUSDT,0.0001
2024-12-18T16:00:00Z,FILUSDT,0.0001
2024-12-19T00:00:00Z,FILUSDT,0.0001
2024-12-19T08:00:00Z,FILUSDT,0.00006434
2024-12-19T16:00:00Z,FILUSDT,0.0001
2024-12-20T00:00:00Z,FILUSDT,0.00000449
2024-12-20T08:00:00Z,FILUSDT,-0.00000295
2024-12-20T16:00:00Z,FILUSDT,0.00001353
2024-12-21T00:00:00Z,FILUSDT,0.00007166
2024-12-21T08:00:00Z,FILUSDT,0.0001
2024-12-21T16:00:00Z,FILUSDT,0.0001
2024-12-22T00:00:00Z,FILUSDT,0.00001836
2024-12-22T08:00:00Z,FILUSDT,0.00003176
2024-12-22T16:00:00Z,FILUSDT,0.0000506
2024-12-23T00:00:00Z,FILUSDT,0.00002214
2024-12-23T08:00:00Z,FILUSDT,-0.00004086
2024-12-23T16:00:00Z,FILUSDT,0.00004782
2024-12-24T00:00:00Z,FILUSDT,0.0001
2024-12-24T08:00:00Z,FILUSDT,0.0001
2024-12-24T16:00:00Z,FILUSDT,0.0001
2024-12-25T00:00:00Z,FILUSDT,0.0001
2024-12-25T08:00:00Z,FILUSDT,0.0001
2024-12-25T16:00:00Z,FILUSDT,0.0001
2024-12-26T00:00:00Z,FILUSDT,0.0001
2024-12-26T08:00:00Z,FILUSDT,0.0001
2024-12-26T16:00:00Z,FILUSDT,-0.00007256
2024-12-27T00:00:00Z,FILUSDT,-0.00001298
2024-12-27T08:00:00Z,FILUSDT,-0.00004799
2024-12-27T16:00:00Z,FILUSDT,-0.0000262
2024-12-28T00:00:00Z,FILUSDT,0.00000007
2024-12-28T08:00:00Z,FILUSDT,-0.00009753
2024-12-28T16:00:00Z,FILUSDT,0.00007314
2024-12-29T00:00:00Z,FILUSDT,0.00009956
2024-12-29T08:00:00Z,FILUSDT,0.0001
2024-12-29T16:00:00Z,FILUSDT,0.0001
2024-12-30T00:00:00Z,FILUSDT,0.00007581
2024-12-30T08:00:00Z,FILUSDT,-0.00002027
2024-12-30T16:00:00Z,FILUSDT,-0.00003005
2024-12-31T00:00:00Z,FILUSDT,0.00007037
2024-12-31T08:00:00Z,FILUSDT,0.00006572
2024-12-31T16:00:00Z,FILUSDT,0.0001
2025-01-01T00:00:00Z,FILUSDT,0.0001
2025-01-01T08:00:00Z,FILUSDT,0.0001
2025-01-01T16:00:00Z,FILUSDT,0.00009894
2025-01-02T00:00:00Z,FILUSDT,0.0001
2025-01-02T08:00:00Z,FILUSDT,0.0001
2025-01-02T16:00:00Z,FILUSDT,0.0001
2025-01-03T00:00:00Z,FILUSDT,0.0001
2025-01-03T08:00:00Z,FILUSDT,0.0001
2025-01-03T16:00:00Z,FILUSDT,0.0001
2025-01-04T00:00:00Z,FILUSDT,0.0001
2025-01-04T08:00:00Z,FILUSDT,0.0001
2025-01-04T16:00:00Z,FILUSDT,0.0001
2025-01-05T00:00:00Z,FILUSDT,0.0001
2025-01-05T08:00:00Z,FILUSDT,0.0001
2025-01-05T16:00:00Z,FILUSDT,0.0001
2025-01-06T00:00:00Z,FILUSDT,0.0001
2025-01-06T08:00:00Z,FILUSDT,0.0001
2025-01-06T16:00:00Z,FILUSDT,0.0001
2025-01-07T00:00:00Z,FILUSDT,0.0001
2025-01-07T08:00:00Z,FILUSDT,0.0001
2025-01-07T16:00:00Z,FILUSDT,0.0001
2025-01-08T00:00:00Z,FILUSDT,0.0001
2025-01-08T08:00:00Z,FILUSDT,0.0001
2025-01-08T16:00:00Z,FILUSDT,0.0001
2025-01-09T00:00:00Z,FILUSDT,0.0001
2025-01-09T08:00:00Z,FILUSDT,0.0001
2025-01-09T16:00:00Z,FILUSDT,0.0001
2025-01-10T00:00:00Z,FILUSDT,0.00007639
2025-01-10T08:00:00Z,FILUSDT,0.00004146
2025-01-10T16:00:00Z,FILUSDT,0.00009371
2025-01-11T00:00:00Z,FILUSDT,0.0001
2025-01-11T08:00:00Z,FILUSDT,0.0001
2025-01-11T16:00:00Z,FILUSDT,0.0001
2025-01-12T00:00:00Z,FILUSDT,0.0001
2025-01-12T08:00:00Z,FILUSDT,0.0001
2025-01-12T16:00:00Z,FILUSDT,0.0001
2025-01-13T00:00:00Z,FILUSDT,0.0001
2025-01-13T08:00:00Z,FILUSDT,0.0001
2025-01-13T16:00:00Z,FILUSDT,0.00004226
2025-01-14T00:00:00Z,FILUSDT,0.00009261
2025-01-14T08:00:00Z,FILUSDT,0.00001937
2025-01-14T16:00:00Z,FILUSDT,-0.0000127
2025-01-15T00:00:00Z,FILUSDT,0.0001
2025-01-15T08:00:00Z,FILUSDT,0.0001
2025-01-15T16:00:00Z,FILUSDT,0.0001
2025-01-16T00:00:00Z,FILUSDT,0.0001
2025-01-16T08:00:00Z,FILUSDT,0.0001
2025-01-16T16:00:00Z,FILUSDT,0.0001
2025-01-17T00:00:00Z,FILUSDT,0.0001
2025-01-17T08:00:00Z,FILUSDT,0.0001
2025-01-17T16:00:00Z,FILUSDT,0.0001
2025-01-18T00:00:00Z,FILUSDT,0.0001
2025-01-18T08:00:00Z,FILUSDT,0.0001
2025-01-18T16:00:00Z,FILUSDT,0.0001
2025-01-19T00:00:00Z,FILUSDT,0.0001
2025-01-19T08:00:00Z,FILUSDT,0.0001
2025-01-19T16:00:00Z,FILUSDT,0.0001
2025-01-20T00:00:00Z,FILUSDT,0.0001
2025-01-20T08:00:00Z,FILUSDT,0.0001
2025-01-20T16:00:00Z,FILUSDT,0.0001
2025-01-21T00:00:00Z,FILUSDT,0.0001
2025-01-21T08:00:00Z,FILUSDT,0.0001
2025-01-21T16:00:00Z,FILUSDT,0.0001
2025-01-22T00:00:00Z,FILUSDT,0.0001
2025-01-22T08:00:00Z,FILUSDT,0.0001
2025-01-22T16:00:00Z,FILUSDT,0.0001
2025-01-23T00:00:00Z,FILUSDT,0.0001
2025-01-23T08:00:00Z,FILUSDT,0.0001
2025-01-23T16:00:00Z,FILUSDT,0.0001
2025-01-24T00:00:00Z,FILUSDT,0.0001
2025-01-24T08:00:00Z,FILUSDT,0.0001
2025-01-24T16:00:00Z,FILUSDT,0.0001
2025-01-25T00:00:00Z,FILUSDT,0.0001
2025-01-25T08:00:00Z,FILUSDT,0.0001
2025-01-25T16:00:00Z,FILUSDT,0.0001
2025-01-26T00:00:00Z,FILUSDT,0.0001
2025-01-26T08:00:00Z,FILUSDT,0.0001
2025-01-26T16:00:00Z,FILUSDT,0.0001
2025-01-27T00:00:00Z,FILUSDT,0.0001
2025-01-27T08:00:00Z,FILUSDT,-0.00001877
2025-01-27T16:00:00Z,FILUSDT,0.00003127
2025-01-28T00:00:00Z,FILUSDT,0.0001
2025-01-28T08:00:00Z,FILUSDT,0.00003711
2025-01-28T16:00:00Z,FILUSDT,0.00001518
2025-01-29T00:00:00Z,FILUSDT,0.0001
2025-01-29T08:00:00Z,FILUSDT,0.0001
2025-01-29T16:00:00Z,FILUSDT,0.0001
2025-01-30T00:00:00Z,FILUSDT,0.00008112
2025-01-30T08:00:00Z,FILUSDT,0.00009858
2025-01-30T16:00:00Z,FILUSDT,0.0001
2025-01-31T00:00:00Z,FILUSDT,0.0001
2025-01-31T08:00:00Z,FILUSDT,0.0001
2025-01-31T16:00:00Z,FILUSDT,0.0001
2025-02-01T00:00:00Z,FILUSDT,0.0001
2025-02-01T08:00:00Z,FILUSDT,0.0001
2025-02-01T16:00:00Z,FILUSDT,0.0001
2025-02-02T00:00:00Z,FILUSDT,0.0000467
2025-02-02T08:00:00Z,FILUSDT,0.00001014
2025-02-02T16:00:00Z,FILUSDT,0.00004378
2025-02-03T00:00:00Z,FILUSDT,0.0001
2025-02-03T08:00:00Z,FILUSDT,-0.0002877
2025-02-03T16:00:00Z,FILUSDT,0.00002082
2025-02-04T00:00:00Z,FILUSDT,0.0001
2025-02-04T08:00:00Z,FILUSDT,0.00003994
2025-02-04T16:00:00Z,FILUSDT,-0.00002202
2025-02-05T00:00:00Z,FILUSDT,-0.00002896
2025-02-05T08:00:00Z,FILUSDT,0.0001
2025-02-05T16:00:00Z,FILUSDT,0.0001
2025-02-06T00:00:00Z,FILUSDT,0.00008854
2025-02-06T08:00:00Z,FILUSDT,0.00004262
2025-02-06T16:00:00Z,FILUSDT,-0.00004935
2025-02-07T00:00:00Z,FILUSDT,-0.00005678
2025-02-07T08:00:00Z,FILUSDT,0.00002451
2025-02-07T16:00:00Z,FILUSDT,0.0001
2025-02-08T00:00:00Z,FILUSDT,-0.00011014
2025-02-08T08:00:00Z,FILUSDT,-0.000044
2025-02-08T16:00:00Z,FILUSDT,0.00003788
2025-02-09T00:00:00Z,FILUSDT,0.0001
2025-02-09T08:00:00Z,FILUSDT,0.0001
2025-02-09T16:00:00Z,FILUSDT,0.0001
2025-02-10T00:00:00Z,FILUSDT,0.0000247
2025-02-10T08:00:00Z,FILUSDT,-0.0000232
2025-02-10T16:00:00Z,FILUSDT,0.0001
2025-02-11T00:00:00Z,FILUSDT,-0.00001276
2025-02-11T08:00:00Z,FILUSDT,0.0001
2025-02-11T16:00:00Z,FILUSDT,0.00005277
2025-02-12T00:00:00Z,FILUSDT,-0.00005816
2025-02-12T08:00:00Z,FILUSDT,0.0001
2025-02-12T16:00:00Z,FILUSDT,-0.0000014
2025-02-13T00:00:00Z,FILUSDT,0.0001
2025-02-13T08:00:00Z,FILUSDT,0.0001
2025-02-13T16:00:00Z,FILUSDT,0.0001
2025-02-14T00:00:00Z,FILUSDT,0.0001
2025-02-14T08:00:00Z,FILUSDT,0.00005151
2025-02-14T16:00:00Z,FILUSDT,0.0001
2025-02-15T00:00:00Z,FILUSDT,0.0001
2025-02-15T08:00:00Z,FILUSDT,0.0001
2025-02-15T16:00:00Z,FILUSDT,0.00005256
2025-02-16T00:00:00Z,FILUSDT,-0.00001444
2025-02-16T08:00:00Z,FILUSDT,-0.00003129
2025-02-16T16:00:00Z,FILUSDT,0.00001557
2025-02-17T00:00:00Z,FILUSDT,0.00003461
2025-02-17T08:00:00Z,FILUSDT,-0.0000209
2025-02-17T16:00:00Z,FILUSDT,0.00003303
2025-02-18T00:00:00Z,FILUSDT,0.00004012
2025-02-18T08:00:00Z,FILUSDT,-0.00011328
2025-02-18T16:00:00Z,FILUSDT,-0.00010998
2025-02-19T00:00:00Z,FILUSDT,-0.00002712
2025-02-19T08:00:00Z,FILUSDT,-0.00007574
2025-02-19T16:00:00Z,FILUSDT,-0.0000223
2025-02-20T00:00:00Z,FILUSDT,0.0001
2025-02-20T08:00:00Z,FILUSDT,0.0001
2025-02-20T16:00:00Z,FILUSDT,0.0001
2025-02-21T00:00:00Z,FILUSDT,0.0001
2025-02-21T08:00:00Z,FILUSDT,0.00007099
2025-02-21T16:00:00Z,FILUSDT,0.00006069
2025-02-22T00:00:00Z,FILUSDT,0.0001
2025-02-22T08:00:00Z,FILUSDT,0.0001
2025-02-22T16:00:00Z,FILUSDT,0.0001
2025-02-23T00:00:00Z,FILUSDT,0.0001
2025-02-23T08:00:00Z,FILUSDT,0.0001
2025-02-23T16:00:00Z,FILUSDT,0.0001
2025-02-24T00:00:00Z,FILUSDT,0.0001
2025-02-24T08:00:00Z,FILUSDT,0.0001
2025-02-24T16:00:00Z,FILUSDT,0.0001
2025-02-25T00:00:00Z,FILUSDT,0.0001
2025-02-25T08:00:00Z,FILUSDT,0.00001531
2025-02-25T16:00:00Z,FILUSDT,0.00005321
2025-02-26T00:00:00Z,FILUSDT,0.00007992
2025-02-26T08:00:00Z,FILUSDT,0.0001
2025-02-26T16:00:00Z,FILUSDT,0.0001
2025-02-27T00:00:00Z,FILUSDT,0.0001
2025-02-27T08:00:00Z,FILUSDT,0.0001
2025-02-27T16:00:00Z,FILUSDT,0.0001
2025-02-28T00:00:00Z,FILUSDT,0.0001
2025-02-28T08:00:00Z,FILUSDT,0.0001
2025-02-28T16:00:00Z,FILUSDT,0.0001
2025-03-01T00:00:00Z,FILUSDT,0.0001
2025-03-01T08:00:00Z,FILUSDT,0.0001
2025-03-01T16:00:00Z,FILUSDT,0.0001
2025-03-02T00:00:00Z,FILUSDT,0.0001
2025-03-02T08:00:00Z,FILUSDT,0.00008069
2025-03-02T16:00:00Z,FILUSDT,0.0001
2025-03-03T00:00:00Z,FILUSDT,0.0001
2025-03-03T08:00:00Z,FILUSDT,0.0001
2025-03-03T16:00:00Z,FILUSDT,0.0001
2025-03-04T00:00:00Z,FILUSDT,-0.00006763
2025-03-04T08:00:00Z,FILUSDT,-0.00007945
2025-03-04T16:00:00Z,FILUSDT,-0.00009579
2025-03-05T00:00:00Z,FILUSDT,0.0001
2025-03-05T08:00:00Z,FILUSDT,0.0001
2025-03-05T16:00:00Z,FILUSDT,0.0001
2025-03-06T00:00:00Z,FILUSDT,0.00009532
2025-03-06T08:00:00Z,FILUSDT,0.0001
2025-03-06T16:00:00Z,FILUSDT,0.0001
2025-03-07T00:00:00Z,FILUSDT,0.00007206
2025-03-07T08:00:00Z,FILUSDT,0.0001
2025-03-07T16:00:00Z,FILUSDT,0.0001
2025-03-08T00:00:00Z,FILUSDT,-0.00002155
2025-03-08T08:00:00Z,FILUSDT,-0.00011195
2025-03-08T16:00:00Z,FILUSDT,-0.00012026
2025-03-09T00:00:00Z,FILUSDT,0.00000814
2025-03-09T08:00:00Z,FILUSDT,-0.00008419
2025-03-09T16:00:00Z,FILUSDT,-0.00021396
2025-03-10T00:00:00Z,FILUSDT,-0.00012069
2025-03-10T08:00:00Z,FILUSDT,0.0001
2025-03-10T16:00:00Z,FILUSDT,0.00009334
2025-03-11T00:00:00Z,FILUSDT,-0.00018992
2025-03-11T08:00:00Z,FILUSDT,-0.00018666
2025-03-11T16:00:00Z,FILUSDT,-0.00006569
2025-03-12T00:00:00Z,FILUSDT,-0.00002048
2025-03-12T08:00:00Z,FILUSDT,-0.00007024
2025-03-12T16:00:00Z,FILUSDT,-0.00004612
2025-03-13T00:00:00Z,FILUSDT,0.0001
2025-03-13T08:00:00Z,FILUSDT,0.00006854
2025-03-13T16:00:00Z,FILUSDT,0.00008272
2025-03-14T00:00:00Z,FILUSDT,0.0001
2025-03-14T08:00:00Z,FILUSDT,0.00008932
2025-03-14T16:00:00Z,FILUSDT,0.0001
2025-03-15T00:00:00Z,FILUSDT,0.0001
2025-03-15T08:00:00Z,FILUSDT,0.0001
2025-03-15T16:00:00Z,FILUSDT,0.00008836
2025-03-16T00:00:00Z,FILUSDT,0.00005999
2025-03-16T08:00:00Z,FILUSDT,0.00005831
2025-03-16T16:00:00Z,FILUSDT,-0.00005673
2025-03-17T00:00:00Z,FILUSDT,-0.00004238
2025-03-17T08:00:00Z,FILUSDT,0.00000802
2025-03-17T16:00:00Z,FILUSDT,-0.00001615
2025-03-18T00:00:00Z,FILUSDT,0.00003684
2025-03-18T08:00:00Z,FILUSDT,0.00000989
2025-03-18T16:00:00Z,FILUSDT,-0.00003083
2025-03-19T00:00:00Z,FILUSDT,0.00005042
2025-03-19T08:00:00Z,FILUSDT,0.0001
2025-03-19T16:00:00Z,FILUSDT,0.0001
2025-03-20T00:00:00Z,FILUSDT,0.00002448
2025-03-20T08:00:00Z,FILUSDT,0.0001
2025-03-20T16:00:00Z,FILUSDT,-0.0000233
2025-03-21T00:00:00Z,FILUSDT,-0.00005914
2025-03-21T08:00:00Z,FILUSDT,-0.00010548
2025-03-21T16:00:00Z,FILUSDT,-0.00000222
2025-03-22T00:00:00Z,FILUSDT,0.0001
2025-03-22T08:00:00Z,FILUSDT,0.0001
2025-03-22T16:00:00Z,FILUSDT,0.0001
2025-03-23T00:00:00Z,FILUSDT,0.00005631
2025-03-23T08:00:00Z,FILUSDT,0.0001
2025-03-23T16:00:00Z,FILUSDT,0.0001
2025-03-24T00:00:00Z,FILUSDT,0.00004957
2025-03-24T08:00:00Z,FILUSDT,0.0001
2025-03-24T16:00:00Z,FILUSDT,0.0001
2025-03-25T00:00:00Z,FILUSDT,0.00004088
2025-03-25T08:00:00Z,FILUSDT,0.00002296
2025-03-25T16:00:00Z,FILUSDT,0.00000425
2025-03-26T00:00:00Z,FILUSDT,0.0001
2025-03-26T08:00:00Z,FILUSDT,0.0001
2025-03-26T16:00:00Z,FILUSDT,0.00008747
2025-03-27T00:00:00Z,FILUSDT,0.00001264
2025-03-27T08:00:00Z,FILUSDT,0.0001
2025-03-27T16:00:00Z,FILUSDT,-0.00008916
2025-03-28T00:00:00Z,FILUSDT,0.00008963
2025-03-28T08:00:00Z,FILUSDT,-0.00001679
2025-03-28T16:00:00Z,FILUSDT,-0.00000733
2025-03-29T00:00:00Z,FILUSDT,-0.00004685
2025-03-29T08:00:00Z,FILUSDT,-0.00003435
2025-03-29T16:00:00Z,FILUSDT,-0.00007137
2025-03-30T00:00:00Z,FILUSDT,-0.00006726
2025-03-30T08:00:00Z,FILUSDT,0.00002407
2025-03-30T16:00:00Z,FILUSDT,0.0000912
2025-03-31T00:00:00Z,FILUSDT,-0.00002704
2025-03-31T08:00:00Z,FILUSDT,-0.00008494
2025-03-31T16:00:00Z,FILUSDT,-0.00004785
2025-04-01T00:00:00Z,FILUSDT,-0.00005249
2025-04-01T08:00:00Z,FILUSDT,0.00000647
2025-04-01T16:00:00Z,FILUSDT,0.00003346
2025-04-02T00:00:00Z,FILUSDT,0.00000283
2025-04-02T08:00:00Z,FILUSDT,0.00005154
2025-04-02T16:00:00Z,FILUSDT,-0.00000808
2025-04-03T00:00:00Z,FILUSDT,-0.00012738
2025-04-03T08:00:00Z,FILUSDT,0.00004785
2025-04-03T16:00:00Z,FILUSDT,-0.00011301
2025-04-04T00:00:00Z,FILUSDT,0.00004566
2025-04-04T08:00:00Z,FILUSDT,-0.0001213
2025-04-04T16:00:00Z,FILUSDT,0.0001
2025-04-05T00:00:00Z,FILUSDT,0.0001
2025-04-05T08:00:00Z,FILUSDT,0.0001
2025-04-05T16:00:00Z,FILUSDT,-0.00003172
2025-04-06T00:00:00Z,FILUSDT,0.0001
2025-04-06T08:00:00Z,FILUSDT,0.0001
2025-04-06T16:00:00Z,FILUSDT,-0.00005488
2025-04-07T00:00:00Z,FILUSDT,0.00000736
2025-04-07T08:00:00Z,FILUSDT,-0.00003224
2025-04-07T16:00:00Z,FILUSDT,0.00002661
2025-04-08T00:00:00Z,FILUSDT,0.0001
2025-04-08T08:00:00Z,FILUSDT,0.00000228
2025-04-08T16:00:00Z,FILUSDT,0.0001
2025-04-09T00:00:00Z,FILUSDT,0.00003199
2025-04-09T08:00:00Z,FILUSDT,0.0001
2025-04-09T16:00:00Z,FILUSDT,0.0001
2025-04-10T00:00:00Z,FILUSDT,0.0001
2025-04-10T08:00:00Z,FILUSDT,0.0001
2025-04-10T16:00:00Z,FILUSDT,0.00002074
2025-04-11T00:00:00Z,FILUSDT,-0.00001582
2025-04-11T08:00:00Z,FILUSDT,-0.00004295
2025-04-11T16:00:00Z,FILUSDT,0.0001
2025-04-12T00:00:00Z,FILUSDT,0.00003439
2025-04-12T08:00:00Z,FILUSDT,0.00004111
2025-04-12T16:00:00Z,FILUSDT,0.00002188
2025-04-13T00:00:00Z,FILUSDT,0.00002538
2025-04-13T08:00:00Z,FILUSDT,0.00003577
2025-04-13T16:00:00Z,FILUSDT,0.0000472
2025-04-14T00:00:00Z,FILUSDT,0.00004942
2025-04-14T08:00:00Z,FILUSDT,0.00001189
2025-04-14T16:00:00Z,FILUSDT,0.00009539
2025-04-15T00:00:00Z,FILUSDT,0.00008493
2025-04-15T08:00:00Z,FILUSDT,-0.00002438
2025-04-15T16:00:00Z,FILUSDT,-0.0000184
2025-04-16T00:00:00Z,FILUSDT,0.00005675
2025-04-16T08:00:00Z,FILUSDT,0.00004688
2025-04-16T16:00:00Z,FILUSDT,-0.00002542
2025-04-17T00:00:00Z,FILUSDT,0.0001
2025-04-17T08:00:00Z,FILUSDT,0.0001
2025-04-17T16:00:00Z,FILUSDT,0.00002384
2025-04-18T00:00:00Z,FILUSDT,0.0001
2025-04-18T08:00:00Z,FILUSDT,0.0001
2025-04-18T16:00:00Z,FILUSDT,0.0001
2025-04-19T00:00:00Z,FILUSDT,0.0001
2025-04-19T08:00:00Z,FILUSDT,0.0001
2025-04-19T16:00:00Z,FILUSDT,0.00006908
2025-04-20T00:00:00Z,FILUSDT,0.0001
2025-04-20T08:00:00Z,FILUSDT,0.0001
2025-04-20T16:00:00Z,FILUSDT,0.0001
2025-04-21T00:00:00Z,FILUSDT,0.0000237
2025-04-21T08:00:00Z,FILUSDT,0.00005038
2025-04-21T16:00:00Z,FILUSDT,-0.00000961
2025-04-22T00:00:00Z,FILUSDT,-0.00013395
2025-04-22T08:00:00Z,FILUSDT,-0.00009134
2025-04-22T16:00:00Z,FILUSDT,-0.00001121
2025-04-23T00:00:00Z,FILUSDT,0.0001
2025-04-23T08:00:00Z,FILUSDT,0.0001
2025-04-23T16:00:00Z,FILUSDT,0.0001
2025-04-24T00:00:00Z,FILUSDT,0.0001
2025-04-24T08:00:00Z,FILUSDT,0.0001
2025-04-24T16:00:00Z,FILUSDT,0.0001
2025-04-25T00:00:00Z,FILUSDT,0.0001
2025-04-25T08:00:00Z,FILUSDT,0.0001
2025-04-25T16:00:00Z,FILUSDT,0.0001
2025-04-26T00:00:00Z,FILUSDT,0.0001
2025-04-26T08:00:00Z,FILUSDT,0.0001
2025-04-26T16:00:00Z,FILUSDT,0.0001
2025-04-27T00:00:00Z,FILUSDT,0.0001
2025-04-27T08:00:00Z,FILUSDT,-0.00003918
2025-04-27T16:00:00Z,FILUSDT,0.00002095
2025-04-28T00:00:00Z,FILUSDT,0.0001
2025-04-28T08:00:00Z,FILUSDT,0.0001
2025-04-28T16:00:00Z,FILUSDT,0.00008399
2025-04-29T00:00:00Z,FILUSDT,0.0001
2025-04-29T08:00:00Z,FILUSDT,0.0001
2025-04-29T16:00:00Z,FILUSDT,0.0000246
2025-04-30T00:00:00Z,FILUSDT,-0.00020485
2025-04-30T08:00:00Z,FILUSDT,-0.00009291
2025-04-30T16:00:00Z,FILUSDT,-0.00003091
2025-05-01T00:00:00Z,FILUSDT,0.0001
2025-05-01T08:00:00Z,FILUSDT,-0.00011445
2025-05-01T16:00:00Z,FILUSDT,0.0001
2025-05-02T00:00:00Z,FILUSDT,0.0001
2025-05-02T08:00:00Z,FILUSDT,-0.00000603
2025-05-02T16:00:00Z,FILUSDT,-0.0000815
2025-05-03T00:00:00Z,FILUSDT,0.0001
2025-05-03T08:00:00Z,FILUSDT,0.0001
2025-05-03T16:00:00Z,FILUSDT,0.0001
2025-05-04T00:00:00Z,FILUSDT,0.00006725
2025-05-04T08:00:00Z,FILUSDT,0.00008246
2025-05-04T16:00:00Z,FILUSDT,0.0000805
2025-05-05T00:00:00Z,FILUSDT,-0.00004327
2025-05-05T08:00:00Z,FILUSDT,0.00000758
2025-05-05T16:00:00Z,FILUSDT,-0.00011206
2025-05-06T00:00:00Z,FILUSDT,0.00009175
2025-05-06T08:00:00Z,FILUSDT,0.0001
2025-05-06T16:00:00Z,FILUSDT,0.0001
2025-05-07T00:00:00Z,FILUSDT,0.00001761
2025-05-07T08:00:00Z,FILUSDT,0.00000374
2025-05-07T16:00:00Z,FILUSDT,-0.00000018
2025-05-08T00:00:00Z,FILUSDT,0.0001
2025-05-08T08:00:00Z,FILUSDT,0.0001
2025-05-08T16:00:00Z,FILUSDT,0.0001
2025-05-09T00:00:00Z,FILUSDT,0.0001
2025-05-09T08:00:00Z,FILUSDT,0.0001
2025-05-09T16:00:00Z,FILUSDT,0.0001
2025-05-10T00:00:00Z,FILUSDT,0.0001
2025-05-10T08:00:00Z,FILUSDT,0.0001
2025-05-10T16:00:00Z,FILUSDT,0.0001
2025-05-11T00:00:00Z,FILUSDT,0.0001
2025-05-11T08:00:00Z,FILUSDT,0.0001
2025-05-11T16:00:00Z,FILUSDT,0.0001
2025-05-12T00:00:00Z,FILUSDT,0.0001
2025-05-12T08:00:00Z,FILUSDT,0.0001
2025-05-12T16:00:00Z,FILUSDT,0.0001
2025-05-13T00:00:00Z,FILUSDT,0.0001
2025-05-13T08:00:00Z,FILUSDT,0.0001
2025-05-13T16:00:00Z,FILUSDT,0.0001
2025-05-14T00:00:00Z,FILUSDT,0.0001
2025-05-14T08:00:00Z,FILUSDT,0.0001
2025-05-14T16:00:00Z,FILUSDT,0.00001243
2025-05-15T00:00:00Z,FILUSDT,-0.00004082
2025-05-15T08:00:00Z,FILUSDT,-0.00006786
2025-05-15T16:00:00Z,FILUSDT,0.00005396
2025-05-16T00:00:00Z,FILUSDT,-0.00006354
2025-05-16T08:00:00Z,FILUSDT,0.00004636
2025-05-16T16:00:00Z,FILUSDT,0.00006306
2025-05-17T00:00:00Z,FILUSDT,0.0001
2025-05-17T08:00:00Z,FILUSDT,0.0001
2025-05-17T16:00:00Z,FILUSDT,0.0001
2025-05-18T00:00:00Z,FILUSDT,0.0001
2025-05-18T08:00:00Z,FILUSDT,0.0001
2025-05-18T16:00:00Z,FILUSDT,0.0001
2025-05-19T00:00:00Z,FILUSDT,0.00007809
2025-05-19T08:00:00Z,FILUSDT,-0.00010473
2025-05-19T16:00:00Z,FILUSDT,0.0001
2025-05-20T00:00:00Z,FILUSDT,0.0001
2025-05-20T08:00:00Z,FILUSDT,0.0001
2025-05-20T16:00:00Z,FILUSDT,-0.00002096
2025-05-21T00:00:00Z,FILUSDT,0.0001
2025-05-21T08:00:00Z,FILUSDT,0.0001
2025-05-21T16:00:00Z,FILUSDT,0.0001
2025-05-22T00:00:00Z,FILUSDT,0.0001
2025-05-22T08:00:00Z,FILUSDT,0.0001
2025-05-22T16:00:00Z,FILUSDT,0.0001
2025-05-23T00:00:00Z,FILUSDT,0.0001
2025-05-23T08:00:00Z,FILUSDT,0.0001
2025-05-23T16:00:00Z,FILUSDT,0.0001
2025-05-24T00:00:00Z,FILUSDT,0.0001
2025-05-24T08:00:00Z,FILUSDT,0.0001
2025-05-24T16:00:00Z,FILUSDT,0.0001
2025-05-25T00:00:00Z,FILUSDT,0.0001
2025-05-25T08:00:00Z,FILUSDT,0.00003913
2025-05-25T16:00:00Z,FILUSDT,0.00003238
2025-05-26T00:00:00Z,FILUSDT,0.0001
2025-05-26T08:00:00Z,FILUSDT,0.00007689
2025-05-26T16:00:00Z,FILUSDT,0.0001
2025-05-27T00:00:00Z,FILUSDT,0.0001
2025-05-27T08:00:00Z,FILUSDT,0.00006678
2025-05-27T16:00:00Z,FILUSDT,0.0001
2025-05-28T00:00:00Z,FILUSDT,0.0001
2025-05-28T08:00:00Z,FILUSDT,0.0001
2025-05-28T16:00:00Z,FILUSDT,0.0001
2025-05-29T00:00:00Z,FILUSDT,0.0001
2025-05-29T08:00:00Z,FILUSDT,0.0001
2025-05-29T16:00:00Z,FILUSDT,0.0000487
2025-05-30T00:00:00Z,FILUSDT,0.0001
2025-05-30T08:00:00Z,FILUSDT,-0.0002198
2025-05-30T16:00:00Z,FILUSDT,-0.00005026
2025-05-31T00:00:00Z,FILUSDT,-0.00005232
2025-05-31T08:00:00Z,FILUSDT,-0.00006643
2025-05-31T16:00:00Z,FILUSDT,0.00001344
2025-06-01T00:00:00Z,FILUSDT,-0.00010247
2025-06-01T08:00:00Z,FILUSDT,-0.00012976
2025-06-01T16:00:00Z,FILUSDT,0.00007987
2025-06-02T00:00:00Z,FILUSDT,0.0001
2025-06-02T08:00:00Z,FILUSDT,0.0001
2025-06-02T16:00:00Z,FILUSDT,0.0001
2025-06-03T00:00:00Z,FILUSDT,0.00005686
2025-06-03T08:00:00Z,FILUSDT,0.0001
2025-06-03T16:00:00Z,FILUSDT,0.0001
2025-06-04T00:00:00Z,FILUSDT,0.00000015
2025-06-04T08:00:00Z,FILUSDT,0.00000862
2025-06-04T16:00:00Z,FILUSDT,-0.00003702
2025-06-05T00:00:00Z,FILUSDT,0.00008642
2025-06-05T08:00:00Z,FILUSDT,0.0000173
2025-06-05T16:00:00Z,FILUSDT,0.00005616
2025-06-06T00:00:00Z,FILUSDT,-0.00006815
2025-06-06T08:00:00Z,FILUSDT,0.00000737
2025-06-06T16:00:00Z,FILUSDT,0.0001
2025-06-07T00:00:00Z,FILUSDT,0.00004033
2025-06-07T08:00:00Z,FILUSDT,0.0001
2025-06-07T16:00:00Z,FILUSDT,0.00008512
2025-06-08T00:00:00Z,FILUSDT,0.0001
2025-06-08T08:00:00Z,FILUSDT,0.0001
2025-06-08T16:00:00Z,FILUSDT,0.0001
2025-06-09T00:00:00Z,FILUSDT,0.0001
2025-06-09T08:00:00Z,FILUSDT,0.0001
2025-06-09T16:00:00Z,FILUSDT,0.0001
2025-06-10T00:00:00Z,FILUSDT,0.00008087
2025-06-10T08:00:00Z,FILUSDT,0.0001
2025-06-10T16:00:00Z,FILUSDT,0.0001
2025-06-11T00:00:00Z,FILUSDT,0.0001
2025-06-11T08:00:00Z,FILUSDT,0.0001
2025-06-11T16:00:00Z,FILUSDT,0.0001
2025-06-12T00:00:00Z,FILUSDT,0.00002211
2025-06-12T08:00:00Z,FILUSDT,-0.00001052
2025-06-12T16:00:00Z,FILUSDT,0.00002366
2025-06-13T00:00:00Z,FILUSDT,-0.00002569
2025-06-13T08:00:00Z,FILUSDT,-0.00013336
2025-06-13T16:00:00Z,FILUSDT,0.00007423
2025-06-14T00:00:00Z,FILUSDT,-0.00000285
2025-06-14T08:00:00Z,FILUSDT,-0.00000343
2025-06-14T16:00:00Z,FILUSDT,-0.0000495
2025-06-15T00:00:00Z,FILUSDT,0.00003001
2025-06-15T08:00:00Z,FILUSDT,0.0001
2025-06-15T16:00:00Z,FILUSDT,-0.00000141
2025-06-16T00:00:00Z,FILUSDT,0.00002356
2025-06-16T08:00:00Z,FILUSDT,0.0001
2025-06-16T16:00:00Z,FILUSDT,0.0001
2025-06-17T00:00:00Z,FILUSDT,0.0001
2025-06-17T08:00:00Z,FILUSDT,0.0001
2025-06-17T16:00:00Z,FILUSDT,-0.00000473
2025-06-18T00:00:00Z,FILUSDT,0.0000207
2025-06-18T08:00:00Z,FILUSDT,0.00005548
2025-06-18T16:00:00Z,FILUSDT,-0.00024419
2025-06-19T00:00:00Z,FILUSDT,-0.00004144
2025-06-19T08:00:00Z,FILUSDT,0.00004355
2025-06-19T16:00:00Z,FILUSDT,-0.00004163
2025-06-20T00:00:00Z,FILUSDT,0.0001
2025-06-20T08:00:00Z,FILUSDT,0.000073
2025-06-20T16:00:00Z,FILUSDT,-0.00000522
2025-06-21T00:00:00Z,FILUSDT,0.00001554
2025-06-21T08:00:00Z,FILUSDT,0.0000514
2025-06-21T16:00:00Z,FILUSDT,-0.00002949
2025-06-22T00:00:00Z,FILUSDT,-0.00008727
2025-06-22T08:00:00Z,FILUSDT,-0.00008187
2025-06-22T16:00:00Z,FILUSDT,-0.00020879
2025-06-23T00:00:00Z,FILUSDT,0.00006152
2025-06-23T08:00:00Z,FILUSDT,-0.00005057
2025-06-23T16:00:00Z,FILUSDT,-0.00008277
2025-06-24T00:00:00Z,FILUSDT,0.0001
2025-06-24T08:00:00Z,FILUSDT,0.00006724
2025-06-24T16:00:00Z,FILUSDT,0.0001
2025-06-25T00:00:00Z,FILUSDT,0.0001
2025-06-25T08:00:00Z,FILUSDT,0.00001364
2025-06-25T16:00:00Z,FILUSDT,0.00002525
2025-06-26T00:00:00Z,FILUSDT,0.0001
2025-06-26T08:00:00Z,FILUSDT,-0.00002405
2025-06-26T16:00:00Z,FILUSDT,0.0001
2025-06-27T00:00:00Z,FILUSDT,0.0001
2025-06-27T08:00:00Z,FILUSDT,0.0001
2025-06-27T16:00:00Z,FILUSDT,-0.00014615
2025-06-28T00:00:00Z,FILUSDT,-0.00006449
2025-06-28T08:00:00Z,FILUSDT,0.00004869
2025-06-28T16:00:00Z,FILUSDT,0.0001
2025-06-29T00:00:00Z,FILUSDT,0.0001
2025-06-29T08:00:00Z,FILUSDT,0.0001
2025-06-29T16:00:00Z,FILUSDT,0.00000417
2025-06-30T00:00:00Z,FILUSDT,0.0001
2025-06-30T08:00:00Z,FILUSDT,0.0001
2025-06-30T16:00:00Z,FILUSDT,0.00009023
2025-07-01T00:00:00Z,FILUSDT,0.0001
2025-07-01T08:00:00Z,FILUSDT,0.0001
2025-07-01T16:00:00Z,FILUSDT,0.0001
2025-07-02T00:00:00Z,FILUSDT,0.0001
2025-07-02T08:00:00Z,FILUSDT,0.0001
2025-07-02T16:00:00Z,FILUSDT,0.0001
2025-07-03T00:00:00Z,FILUSDT,0.0001
2025-07-03T08:00:00Z,FILUSDT,0.0001
2025-07-03T16:00:00Z,FILUSDT,0.0001
2025-07-04T00:00:00Z,FILUSDT,0.0001
2025-07-04T08:00:00Z,FILUSDT,0.0001
2025-07-04T16:00:00Z,FILUSDT,0.00001817
2025-07-05T00:00:00Z,FILUSDT,-0.00002545
2025-07-05T08:00:00Z,FILUSDT,0.00004455
2025-07-05T16:00:00Z,FILUSDT,-0.00011659
2025-07-06T00:00:00Z,FILUSDT,-0.00003759
2025-07-06T08:00:00Z,FILUSDT,-0.00004245
2025-07-06T16:00:00Z,FILUSDT,0.0001
2025-07-07T00:00:00Z,FILUSDT,0.0001
2025-07-07T08:00:00Z,FILUSDT,0.0001
2025-07-07T16:00:00Z,FILUSDT,0.00004979
2025-07-08T00:00:00Z,FILUSDT,0.0001
2025-07-08T08:00:00Z,FILUSDT,0.0001
2025-07-08T16:00:00Z,FILUSDT,0.0001
2025-07-09T00:00:00Z,FILUSDT,0.0001
2025-07-09T08:00:00Z,FILUSDT,0.0001
2025-07-09T16:00:00Z,FILUSDT,0.0001
2025-07-10T00:00:00Z,FILUSDT,0.0001
2025-07-10T08:00:00Z,FILUSDT,0.0001
2025-07-10T16:00:00Z,FILUSDT,0.0001
2025-07-11T00:00:00Z,FILUSDT,0.0001
2025-07-11T08:00:00Z,FILUSDT,0.0001
2025-07-11T16:00:00Z,FILUSDT,0.0001
2025-07-12T00:00:00Z,FILUSDT,0.0001
2025-07-12T08:00:00Z,FILUSDT,0.0001
2025-07-12T16:00:00Z,FILUSDT,0.0001
2025-07-13T00:00:00Z,FILUSDT,0.0001
2025-07-13T08:00:00Z,FILUSDT,0.0001
2025-07-13T16:00:00Z,FILUSDT,0.0001
2025-07-14T00:00:00Z,FILUSDT,0.0001
2025-07-14T08:00:00Z,FILUSDT,0.0001
2025-07-14T16:00:00Z,FILUSDT,0.0001
2025-07-15T00:00:00Z,FILUSDT,0.0001
2025-07-15T08:00:00Z,FILUSDT,0.0001
2025-07-15T16:00:00Z,FILUSDT,0.0001
2025-07-16T00:00:00Z,FILUSDT,0.0001
2025-07-16T08:00:00Z,FILUSDT,0.0001
2025-07-16T16:00:00Z,FILUSDT,0.0001
2025-07-17T00:00:00Z,FILUSDT,0.0001
2025-07-17T08:00:00Z,FILUSDT,0.0001
2025-07-17T16:00:00Z,FILUSDT,0.0001
2025-07-18T00:00:00Z,FILUSDT,0.0001
2025-07-18T08:00:00Z,FILUSDT,0.00013254
2025-07-18T16:00:00Z,FILUSDT,0.00016773
2025-07-19T00:00:00Z,FILUSDT,0.0001
2025-07-19T08:00:00Z,FILUSDT,0.0001
2025-07-19T16:00:00Z,FILUSDT,0.0001
2025-07-20T00:00:00Z,FILUSDT,0.0001
2025-07-20T08:00:00Z,FILUSDT,0.00013366
2025-07-20T16:00:00Z,FILUSDT,0.00017941
2025-07-21T00:00:00Z,FILUSDT,0.0001
2025-07-21T08:00:00Z,FILUSDT,0.0001
2025-07-21T16:00:00Z,FILUSDT,0.0001
2025-07-22T00:00:00Z,FILUSDT,0.0001
2025-07-22T08:00:00Z,FILUSDT,0.0001
2025-07-22T16:00:00Z,FILUSDT,0.0001
2025-07-23T00:00:00Z,FILUSDT,0.0001
2025-07-23T08:00:00Z,FILUSDT,0.00010551
2025-07-23T16:00:00Z,FILUSDT,0.0001
2025-07-24T00:00:00Z,FILUSDT,0.0001
2025-07-24T08:00:00Z,FILUSDT,0.0001
2025-07-24T16:00:00Z,FILUSDT,0.0001
2025-07-25T00:00:00Z,FILUSDT,0.0001
2025-07-25T08:00:00Z,FILUSDT,0.0001
2025-07-25T16:00:00Z,FILUSDT,0.0001
2025-07-26T00:00:00Z,FILUSDT,0.0001
2025-07-26T08:00:00Z,FILUSDT,0.0001
2025-07-26T16:00:00Z,FILUSDT,0.0001
2025-07-27T00:00:00Z,FILUSDT,0.0001
2025-07-27T08:00:00Z,FILUSDT,0.0001
2025-07-27T16:00:00Z,FILUSDT,0.0001
2025-07-28T00:00:00Z,FILUSDT,0.0001
2025-07-28T08:00:00Z,FILUSDT,0.0001
2025-07-28T16:00:00Z,FILUSDT,0.0001
2025-07-29T00:00:00Z,FILUSDT,0.0001
2025-07-29T08:00:00Z,FILUSDT,0.0001
2025-07-29T16:00:00Z,FILUSDT,0.0001
2025-07-30T00:00:00Z,FILUSDT,0.0001
2025-07-30T08:00:00Z,FILUSDT,0.0001
2025-07-30T16:00:00Z,FILUSDT,0.00005933
2025-07-31T00:00:00Z,FILUSDT,0.0001
2025-07-31T08:00:00Z,FILUSDT,0.0001
2025-07-31T16:00:00Z,FILUSDT,0.0001
2025-08-01T00:00:00Z,FILUSDT,0.0000245
2025-08-01T08:00:00Z,FILUSDT,-0.00000667
2025-08-01T16:00:00Z,FILUSDT,0.0001
2025-08-02T00:00:00Z,FILUSDT,0.00006829
2025-08-02T08:00:00Z,FILUSDT,0.0000778
2025-08-02T16:00:00Z,FILUSDT,-0.00003925
2025-08-03T00:00:00Z,FILUSDT,-0.00001887
2025-08-03T08:00:00Z,FILUSDT,0.00001333
2025-08-03T16:00:00Z,FILUSDT,0.00005724
2025-08-04T00:00:00Z,FILUSDT,0.00005252
2025-08-04T08:00:00Z,FILUSDT,0.00006581
2025-08-04T16:00:00Z,FILUSDT,0.0001
2025-08-05T00:00:00Z,FILUSDT,-0.00003555
2025-08-05T08:00:00Z,FILUSDT,-0.00010558
2025-08-05T16:00:00Z,FILUSDT,-0.00002222
2025-08-06T00:00:00Z,FILUSDT,-0.00003615
2025-08-06T08:00:00Z,FILUSDT,-0.0000138
2025-08-06T16:00:00Z,FILUSDT,0.0001
2025-08-07T00:00:00Z,FILUSDT,0.0001
2025-08-07T08:00:00Z,FILUSDT,0.00007346
2025-08-07T16:00:00Z,FILUSDT,0.0001
2025-08-08T00:00:00Z,FILUSDT,0.0001
2025-08-08T08:00:00Z,FILUSDT,0.0001
2025-08-08T16:00:00Z,FILUSDT,0.0001
2025-08-09T00:00:00Z,FILUSDT,0.0001
2025-08-09T08:00:00Z,FILUSDT,0.0001
2025-08-09T16:00:00Z,FILUSDT,0.0001
2025-08-10T00:00:00Z,FILUSDT,0.0001
2025-08-10T08:00:00Z,FILUSDT,0.0001
2025-08-10T16:00:00Z,FILUSDT,0.0001
2025-08-11T00:00:00Z,FILUSDT,0.0001
2025-08-11T08:00:00Z,FILUSDT,0.0001
2025-08-11T16:00:00Z,FILUSDT,0.0001
2025-08-12T00:00:00Z,FILUSDT,0.0001
2025-08-12T08:00:00Z,FILUSDT,0.0001
2025-08-12T16:00:00Z,FILUSDT,0.0001
2025-08-13T00:00:00Z,FILUSDT,0.0001
2025-08-13T08:00:00Z,FILUSDT,0.0001
2025-08-13T16:00:00Z,FILUSDT,0.0001
2025-08-14T00:00:00Z,FILUSDT,0.0001
2025-08-14T08:00:00Z,FILUSDT,0.0001
2025-08-14T16:00:00Z,FILUSDT,0.0001
2025-08-15T00:00:00Z,FILUSDT,0.0001
2025-08-15T08:00:00Z,FILUSDT,0.0001
2025-08-15T16:00:00Z,FILUSDT,0.0001
2025-08-16T00:00:00Z,FILUSDT,0.0001
2025-08-16T08:00:00Z,FILUSDT,0.0001
2025-08-16T16:00:00Z,FILUSDT,0.0001
2025-08-17T00:00:00Z,FILUSDT,0.0001
2025-08-17T08:00:00Z,FILUSDT,0.0001
2025-08-17T16:00:00Z,FILUSDT,0.0001
2025-08-18T00:00:00Z,FILUSDT,0.0001
2025-08-18T08:00:00Z,FILUSDT,-0.00005848
2025-08-18T16:00:00Z,FILUSDT,-0.0000406
2025-08-19T00:00:00Z,FILUSDT,0.0001
2025-08-19T08:00:00Z,FILUSDT,0.00002709
2025-08-19T16:00:00Z,FILUSDT,0.0001
2025-08-20T00:00:00Z,FILUSDT,0.00002998
2025-08-20T08:00:00Z,FILUSDT,0.0001
2025-08-20T16:00:00Z,FILUSDT,0.0001
2025-08-21T00:00:00Z,FILUSDT,0.0001
2025-08-21T08:00:00Z,FILUSDT,0.0001
2025-08-21T16:00:00Z,FILUSDT,-0.00003514
2025-08-22T00:00:00Z,FILUSDT,0.00008187
2025-08-22T08:00:00Z,FILUSDT,0.0000379
2025-08-22T16:00:00Z,FILUSDT,0.0001
2025-08-23T00:00:00Z,FILUSDT,0.0001
2025-08-23T08:00:00Z,FILUSDT,0.0001
2025-08-23T16:00:00Z,FILUSDT,0.0001
2025-08-24T00:00:00Z,FILUSDT,0.0001
2025-08-24T08:00:00Z,FILUSDT,0.0001
2025-08-24T16:00:00Z,FILUSDT,0.0001
2025-08-25T00:00:00Z,FILUSDT,0.0001
2025-08-25T08:00:00Z,FILUSDT,0.0001
2025-08-25T16:00:00Z,FILUSDT,0.00003764
2025-08-26T00:00:00Z,FILUSDT,-0.00011983
2025-08-26T08:00:00Z,FILUSDT,0.0001
2025-08-26T16:00:00Z,FILUSDT,0.00005896
2025-08-27T00:00:00Z,FILUSDT,0.0001
2025-08-27T08:00:00Z,FILUSDT,0.0001
2025-08-27T16:00:00Z,FILUSDT,0.0001
2025-08-28T00:00:00Z,FILUSDT,0.0001
2025-08-28T08:00:00Z,FILUSDT,0.0001
2025-08-28T16:00:00Z,FILUSDT,0.0001
2025-08-29T00:00:00Z,FILUSDT,0.0001
2025-08-29T08:00:00Z,FILUSDT,0.0001
2025-08-29T16:00:00Z,FILUSDT,0.00006264
2025-08-30T00:00:00Z,FILUSDT,-0.000045
2025-08-30T08:00:00Z,FILUSDT,-0.00000801
2025-08-30T16:00:00Z,FILUSDT,-0.000061
2025-08-31T00:00:00Z,FILUSDT,0.00003507
2025-08-31T08:00:00Z,FILUSDT,0.0001
2025-08-31T16:00:00Z,FILUSDT,-0.00016225
2025-09-01T00:00:00Z,FILUSDT,0.00006653
2025-09-01T08:00:00Z,FILUSDT,-0.00005707
2025-09-01T16:00:00Z,FILUSDT,0.0001
2025-09-02T00:00:00Z,FILUSDT,-0.00001525
2025-09-02T08:00:00Z,FILUSDT,0.0001
2025-09-02T16:00:00Z,FILUSDT,0.0001
2025-09-03T00:00:00Z,FILUSDT,0.0001
2025-09-03T08:00:00Z,FILUSDT,0.0001
2025-09-03T16:00:00Z,FILUSDT,0.0001
2025-09-04T00:00:00Z,FILUSDT,0.0001
2025-09-04T08:00:00Z,FILUSDT,0.0001
2025-09-04T16:00:00Z,FILUSDT,0.0001
2025-09-05T00:00:00Z,FILUSDT,-0.00000516
2025-09-05T08:00:00Z,FILUSDT,0.0001
2025-09-05T16:00:00Z,FILUSDT,0.0001
2025-09-06T00:00:00Z,FILUSDT,0.0001
2025-09-06T08:00:00Z,FILUSDT,0.0001
2025-09-06T16:00:00Z,FILUSDT,0.0001
2025-09-07T00:00:00Z,FILUSDT,0.0001
2025-09-07T08:00:00Z,FILUSDT,0.0001
2025-09-07T16:00:00Z,FILUSDT,0.0001
2025-09-08T00:00:00Z,FILUSDT,0.0001
2025-09-08T08:00:00Z,FILUSDT,0.0001
2025-09-08T16:00:00Z,FILUSDT,0.0001
2025-09-09T00:00:00Z,FILUSDT,0.0001
2025-09-09T08:00:00Z,FILUSDT,0.0001
2025-09-09T16:00:00Z,FILUSDT,0.0001
2025-09-10T00:00:00Z,FILUSDT,0.0001
2025-09-10T08:00:00Z,FILUSDT,0.0001
2025-09-10T16:00:00Z,FILUSDT,0.0001
2025-09-11T00:00:00Z,FILUSDT,0.0001
2025-09-11T08:00:00Z,FILUSDT,0.0001
2025-09-11T16:00:00Z,FILUSDT,0.0001
2025-09-12T00:00:00Z,FILUSDT,0.0001
2025-09-12T08:00:00Z,FILUSDT,0.0001
2025-09-12T16:00:00Z,FILUSDT,0.0001
2025-09-13T00:00:00Z,FILUSDT,0.0001
2025-09-13T08:00:00Z,FILUSDT,0.0001
2025-09-13T16:00:00Z,FILUSDT,0.0001
2025-09-14T00:00:00Z,FILUSDT,0.0001
2025-09-14T08:00:00Z,FILUSDT,0.0001
2025-09-14T16:00:00Z,FILUSDT,0.0001
2025-09-15T00:00:00Z,FILUSDT,0.0001
2025-09-15T08:00:00Z,FILUSDT,0.0001
2025-09-15T16:00:00Z,FILUSDT,0.0001
2025-09-16T00:00:00Z,FILUSDT,0.0001
2025-09-16T08:00:00Z,FILUSDT,0.0001
2025-09-16T16:00:00Z,FILUSDT,0.0001
2025-09-17T00:00:00Z,FILUSDT,0.0001
2025-09-17T08:00:00Z,FILUSDT,0.0000781
2025-09-17T16:00:00Z,FILUSDT,0.0001
2025-09-18T00:00:00Z,FILUSDT,0.0001
2025-09-18T08:00:00Z,FILUSDT,0.0001
2025-09-18T16:00:00Z,FILUSDT,0.0001
2025-09-19T00:00:00Z,FILUSDT,0.0001
2025-09-19T08:00:00Z,FILUSDT,0.0001
2025-09-19T16:00:00Z,FILUSDT,0.0001
2025-09-20T00:00:00Z,FILUSDT,0.0001
2025-09-20T08:00:00Z,FILUSDT,0.00004132
2025-09-20T16:00:00Z,FILUSDT,0.00007688
2025-09-21T00:00:00Z,FILUSDT,0.0001
2025-09-21T08:00:00Z,FILUSDT,0.0001
2025-09-21T16:00:00Z,FILUSDT,0.0001
2025-09-22T00:00:00Z,FILUSDT,0.0001
2025-09-22T08:00:00Z,FILUSDT,-0.00015129
2025-09-22T16:00:00Z,FILUSDT,-0.00015181
2025-09-23T00:00:00Z,FILUSDT,-0.00006522
2025-09-23T08:00:00Z,FILUSDT,0.00007784
2025-09-23T16:00:00Z,FILUSDT,0.0000181
2025-09-24T00:00:00Z,FILUSDT,0.0001
2025-09-24T08:00:00Z,FILUSDT,0.0001
2025-09-24T16:00:00Z,FILUSDT,0.0001
2025-09-25T00:00:00Z,FILUSDT,0.0001
2025-09-25T08:00:00Z,FILUSDT,-0.00005423
2025-09-25T16:00:00Z,FILUSDT,0.0001
2025-09-26T00:00:00Z,FILUSDT,0.0001
2025-09-26T08:00:00Z,FILUSDT,0.0001
2025-09-26T16:00:00Z,FILUSDT,0.00001333
2025-09-27T00:00:00Z,FILUSDT,-0.00003788
2025-09-27T08:00:00Z,FILUSDT,0.0001
2025-09-27T16:00:00Z,FILUSDT,0.00001596
2025-09-28T00:00:00Z,FILUSDT,-0.00001906
2025-09-28T08:00:00Z,FILUSDT,0.0001
2025-09-28T16:00:00Z,FILUSDT,0.0001
2025-09-29T00:00:00Z,FILUSDT,0.0001
2025-09-29T08:00:00Z,FILUSDT,0.00006139
2025-09-29T16:00:00Z,FILUSDT,0.0000135
2025-09-30T00:00:00Z,FILUSDT,0.0001
2025-09-30T08:00:00Z,FILUSDT,0.0001
2025-09-30T16:00:00Z,FILUSDT,-0.00008457
2025-10-01T00:00:00Z,FILUSDT,0.0001
2025-10-01T08:00:00Z,FILUSDT,0.0001
2025-10-01T16:00:00Z,FILUSDT,0.0001
2025-10-02T00:00:00Z,FILUSDT,-0.00002628
2025-10-02T08:00:00Z,FILUSDT,0.0001
2025-10-02T16:00:00Z,FILUSDT,0.0001
2025-10-03T00:00:00Z,FILUSDT,0.0001
2025-10-03T08:00:00Z,FILUSDT,0.0001
2025-10-03T16:00:00Z,FILUSDT,0.0001
2025-10-04T00:00:00Z,FILUSDT,0.0001
2025-10-04T08:00:00Z,FILUSDT,0.0001
2025-10-04T16:00:00Z,FILUSDT,0.00002241
2025-10-05T00:00:00Z,FILUSDT,0.0001
2025-10-05T08:00:00Z,FILUSDT,0.0001
2025-10-05T16:00:00Z,FILUSDT,0.0001
2025-10-06T00:00:00Z,FILUSDT,0.0001
2025-10-06T08:00:00Z,FILUSDT,0.0001
2025-10-06T16:00:00Z,FILUSDT,0.0001
2025-10-07T00:00:00Z,FILUSDT,0.0001
2025-10-07T08:00:00Z,FILUSDT,0.0001
2025-10-07T16:00:00Z,FILUSDT,0.0001
2025-10-08T00:00:00Z,FILUSDT,0.0001
2025-10-08T08:00:00Z,FILUSDT,0.0001
2025-10-08T16:00:00Z,FILUSDT,0.0001
2025-10-09T00:00:00Z,FILUSDT,0.0001
2025-10-09T08:00:00Z,FILUSDT,0.0001
2025-10-09T16:00:00Z,FILUSDT,0.00008344
2025-10-10T00:00:00Z,FILUSDT,0.0001
2025-10-10T08:00:00Z,FILUSDT,0.0001
2025-10-10T16:00:00Z,FILUSDT,0.0001
2025-10-11T00:00:00Z,FILUSDT,-0.0061417
2025-10-11T08:00:00Z,FILUSDT,-0.00012795
2025-10-11T16:00:00Z,FILUSDT,-0.00025499
2025-10-12T00:00:00Z,FILUSDT,-0.00025751
2025-10-12T08:00:00Z,FILUSDT,-0.0002287
2025-10-12T16:00:00Z,FILUSDT,-0.00009939
2025-10-13T00:00:00Z,FILUSDT,0.00001562
2025-10-13T08:00:00Z,FILUSDT,-0.0000304
2025-10-13T16:00:00Z,FILUSDT,-0.00000349
2025-10-14T00:00:00Z,FILUSDT,0.00004653
2025-10-14T08:00:00Z,FILUSDT,0.00003947
2025-10-14T16:00:00Z,FILUSDT,0.0001
2025-10-15T00:00:00Z,FILUSDT,0.0001
2025-10-15T08:00:00Z,FILUSDT,0.0001
2025-10-15T16:00:00Z,FILUSDT,-0.00012533
2025-10-16T00:00:00Z,FILUSDT,-0.00008698
2025-10-16T08:00:00Z,FILUSDT,0.00007565
2025-10-16T16:00:00Z,FILUSDT,-0.00008296
2025-10-17T00:00:00Z,FILUSDT,-0.0002134
2025-10-17T08:00:00Z,FILUSDT,-0.00003386
2025-10-17T16:00:00Z,FILUSDT,-0.00011239
2025-10-18T00:00:00Z,FILUSDT,-0.00003422
2025-10-18T08:00:00Z,FILUSDT,-0.00015879
2025-10-18T16:00:00Z,FILUSDT,0.0001
2025-10-19T00:00:00Z,FILUSDT,0.00007363
2025-10-19T08:00:00Z,FILUSDT,0.00007016
2025-10-19T16:00:00Z,FILUSDT,0.0001
2025-10-20T00:00:00Z,FILUSDT,0.00007483
2025-10-20T08:00:00Z,FILUSDT,0.00000341
2025-10-20T16:00:00Z,FILUSDT,-0.0000214
2025-10-21T00:00:00Z,FILUSDT,0.00004853
2025-10-21T08:00:00Z,FILUSDT,-0.00014879
2025-10-21T16:00:00Z,FILUSDT,-0.00018391
2025-10-22T00:00:00Z,FILUSDT,0.00002198
2025-10-22T08:00:00Z,FILUSDT,-0.00010479
2025-10-22T16:00:00Z,FILUSDT,0.00004581
2025-10-23T00:00:00Z,FILUSDT,-0.00011545
2025-10-23T08:00:00Z,FILUSDT,0.0001
2025-10-23T16:00:00Z,FILUSDT,0.0001
2025-10-24T00:00:00Z,FILUSDT,0.00009024
2025-10-24T08:00:00Z,FILUSDT,0.0001
2025-10-24T16:00:00Z,FILUSDT,0.00006333
2025-10-25T00:00:00Z,FILUSDT,0.0001
2025-10-25T08:00:00Z,FILUSDT,0.00008199
2025-10-25T16:00:00Z,FILUSDT,-0.00008362
2025-10-26T00:00:00Z,FILUSDT,0.0000462
2025-10-26T08:00:00Z,FILUSDT,0.0001
2025-10-26T16:00:00Z,FILUSDT,0.00007514
2025-10-27T00:00:00Z,FILUSDT,0.00008208
2025-10-27T08:00:00Z,FILUSDT,0.00006979
2025-10-27T16:00:00Z,FILUSDT,0.0001
2025-10-28T00:00:00Z,FILUSDT,0.0001
2025-10-28T08:00:00Z,FILUSDT,-0.00003547
2025-10-28T16:00:00Z,FILUSDT,0.0001
2025-10-29T00:00:00Z,FILUSDT,0.00001496
2025-10-29T08:00:00Z,FILUSDT,0.00004772
2025-10-29T16:00:00Z,FILUSDT,0.0001
2025-10-30T00:00:00Z,FILUSDT,0.00005757
2025-10-30T08:00:00Z,FILUSDT,-0.00009964
2025-10-30T16:00:00Z,FILUSDT,-0.0002139
2025-10-31T00:00:00Z,FILUSDT,-0.00013546
2025-10-31T08:00:00Z,FILUSDT,0.00003631
2025-10-31T16:00:00Z,FILUSDT,0.00009766
2025-11-01T00:00:00Z,FILUSDT,0.00009991
2025-11-01T08:00:00Z,FILUSDT,0.00002615
2025-11-01T16:00:00Z,FILUSDT,0.0001
2025-11-02T00:00:00Z,FILUSDT,0.0001
2025-11-02T08:00:00Z,FILUSDT,0.0001
2025-11-02T16:00:00Z,FILUSDT,-0.00001006
2025-11-03T00:00:00Z,FILUSDT,-0.00011896
2025-11-03T08:00:00Z,FILUSDT,-0.00011745
2025-11-03T16:00:00Z,FILUSDT,0.00001038
2025-11-04T00:00:00Z,FILUSDT,-0.0003775
2025-11-04T08:00:00Z,FILUSDT,0.00005978
2025-11-04T16:00:00Z,FILUSDT,-0.00012008
2025-11-05T00:00:00Z,FILUSDT,-0.00026534
2025-11-05T08:00:00Z,FILUSDT,-0.00007772
2025-11-05T16:00:00Z,FILUSDT,-0.00037189
2025-11-06T00:00:00Z,FILUSDT,-0.00025883
2025-11-06T08:00:00Z,FILUSDT,-0.00014584
2025-11-06T16:00:00Z,FILUSDT,-0.00026872
2025-11-07T00:00:00Z,FILUSDT,-0.0047165
2025-11-07T08:00:00Z,FILUSDT,-0.00186036
2025-11-07T16:00:00Z,FILUSDT,-0.00226593
2025-11-08T00:00:00Z,FILUSDT,0.0001
2025-11-08T08:00:00Z,FILUSDT,0.0001
2025-11-08T16:00:00Z,FILUSDT,0.00002927
2025-11-09T00:00:00Z,FILUSDT,0.00004892
2025-11-09T08:00:00Z,FILUSDT,0.0001
2025-11-09T16:00:00Z,FILUSDT,0.00007821
2025-11-10T00:00:00Z,FILUSDT,0.00008424
2025-11-10T08:00:00Z,FILUSDT,-0.00009031
2025-11-10T16:00:00Z,FILUSDT,0.00005158
2025-11-11T00:00:00Z,FILUSDT,0.00005328
2025-11-11T08:00:00Z,FILUSDT,0.00007163
2025-11-11T16:00:00Z,FILUSDT,0.0001
2025-11-12T00:00:00Z,FILUSDT,0.0001
2025-11-12T08:00:00Z,FILUSDT,0.0001
2025-11-12T16:00:00Z,FILUSDT,0.0001
2025-11-13T00:00:00Z,FILUSDT,0.00008872
2025-11-13T08:00:00Z,FILUSDT,0.00002275
2025-11-13T16:00:00Z,FILUSDT,0.0001
2025-11-14T00:00:00Z,FILUSDT,0.0001
2025-11-14T08:00:00Z,FILUSDT,0.0001
2025-11-14T16:00:00Z,FILUSDT,-0.00001548
2025-11-15T00:00:00Z,FILUSDT,0.0001
2025-11-15T08:00:00Z,FILUSDT,-0.00001586
2025-11-15T16:00:00Z,FILUSDT,0.00000012
2025-11-16T00:00:00Z,FILUSDT,-0.00007095
2025-11-16T08:00:00Z,FILUSDT,-0.00013892
2025-11-16T16:00:00Z,FILUSDT,-0.00013649
2025-11-17T00:00:00Z,FILUSDT,0.00002952
2025-11-17T08:00:00Z,FILUSDT,0.00002917
2025-11-17T16:00:00Z,FILUSDT,0.00009143
2025-11-18T00:00:00Z,FILUSDT,-0.00023134
2025-11-18T08:00:00Z,FILUSDT,-0.00040289
2025-11-18T16:00:00Z,FILUSDT,0.0000102
2025-11-19T00:00:00Z,FILUSDT,0.0001
2025-11-19T08:00:00Z,FILUSDT,-0.00005031
2025-11-19T16:00:00Z,FILUSDT,0.0001
2025-11-20T00:00:00Z,FILUSDT,0.0001
2025-11-20T08:00:00Z,FILUSDT,0.0001
2025-11-20T16:00:00Z,FILUSDT,0.0001
2025-11-21T00:00:00Z,FILUSDT,0.0001
2025-11-21T08:00:00Z,FILUSDT,0.0001
2025-11-21T16:00:00Z,FILUSDT,0.0001
2025-11-22T00:00:00Z,FILUSDT,0.0001
2025-11-22T08:00:00Z,FILUSDT,0.0001
2025-11-22T16:00:00Z,FILUSDT,0.0001
2025-11-23T00:00:00Z,FILUSDT,0.0001
2025-11-23T08:00:00Z,FILUSDT,0.00002353
2025-11-23T16:00:00Z,FILUSDT,-0.00001989
2025-11-24T00:00:00Z,FILUSDT,0.00004703
2025-11-24T08:00:00Z,FILUSDT,-0.00005064
2025-11-24T16:00:00Z,FILUSDT,0.0001
2025-11-25T00:00:00Z,FILUSDT,0.0001
2025-11-25T08:00:00Z,FILUSDT,-0.00002224
2025-11-25T16:00:00Z,FILUSDT,-0.00005725
2025-11-26T00:00:00Z,FILUSDT,-0.00000843
2025-11-26T08:00:00Z,FILUSDT,-0.00007561
2025-11-26T16:00:00Z,FILUSDT,-0.00024207
2025-11-27T00:00:00Z,FILUSDT,-0.00007714
2025-11-27T08:00:00Z,FILUSDT,-0.00002057
2025-11-27T16:00:00Z,FILUSDT,-0.00011485
2025-11-28T00:00:00Z,FILUSDT,-0.00008149
2025-11-28T08:00:00Z,FILUSDT,-0.00020059
2025-11-28T16:00:00Z,FILUSDT,0.0000664
2025-11-29T00:00:00Z,FILUSDT,0.00004557
2025-11-29T08:00:00Z,FILUSDT,-0.00006139
2025-11-29T16:00:00Z,FILUSDT,0.00001855
2025-11-30T00:00:00Z,FILUSDT,0.00004619
2025-11-30T08:00:00Z,FILUSDT,0.00009617
2025-11-30T16:00:00Z,FILUSDT,-0.00024245
2025-12-01T00:00:00Z,FILUSDT,-0.00023081
2025-12-01T08:00:00Z,FILUSDT,-0.00012001
2025-12-01T16:00:00Z,FILUSDT,-0.00001358
2025-12-02T00:00:00Z,FILUSDT,0.00002796
2025-12-02T08:00:00Z,FILUSDT,-0.00007026
2025-12-02T16:00:00Z,FILUSDT,0.00008021
2025-12-03T00:00:00Z,FILUSDT,0.0001
2025-12-03T08:00:00Z,FILUSDT,0.00009286
2025-12-03T16:00:00Z,FILUSDT,0.0000984
2025-12-04T00:00:00Z,FILUSDT,-0.00000267
2025-12-04T08:00:00Z,FILUSDT,-0.00006832
2025-12-04T16:00:00Z,FILUSDT,0.0000777
2025-12-05T00:00:00Z,FILUSDT,-0.0000312
2025-12-05T08:00:00Z,FILUSDT,-0.00001331
2025-12-05T16:00:00Z,FILUSDT,-0.00007961
2025-12-06T00:00:00Z,FILUSDT,-0.0000914
2025-12-06T08:00:00Z,FILUSDT,-0.00011754
2025-12-06T16:00:00Z,FILUSDT,0.0000025
2025-12-07T00:00:00Z,FILUSDT,-0.00011322
2025-12-07T08:00:00Z,FILUSDT,-0.00000243
2025-12-07T16:00:00Z,FILUSDT,-0.00020592
2025-12-08T00:00:00Z,FILUSDT,-0.00018638
2025-12-08T08:00:00Z,FILUSDT,0.00006384
2025-12-08T16:00:00Z,FILUSDT,0.00007003
2025-12-09T00:00:00Z,FILUSDT,0.0001
2025-12-09T08:00:00Z,FILUSDT,0.0001
2025-12-09T16:00:00Z,FILUSDT,0.00009181
2025-12-10T00:00:00Z,FILUSDT,0.0001
2025-12-10T08:00:00Z,FILUSDT,0.0001
2025-12-10T16:00:00Z,FILUSDT,-0.00009205
2025-12-11T00:00:00Z,FILUSDT,0.00003829
2025-12-11T08:00:00Z,FILUSDT,-0.00059045
2025-12-11T16:00:00Z,FILUSDT,-0.00011006
2025-12-12T00:00:00Z,FILUSDT,-0.00042456
2025-12-12T08:00:00Z,FILUSDT,-0.00018311
2025-12-12T16:00:00Z,FILUSDT,-0.0000127
2025-12-13T00:00:00Z,FILUSDT,-0.00024933
2025-12-13T08:00:00Z,FILUSDT,0.0001
2025-12-13T16:00:00Z,FILUSDT,0.00005739
2025-12-14T00:00:00Z,FILUSDT,0.00000845
2025-12-14T08:00:00Z,FILUSDT,-0.00009684
2025-12-14T16:00:00Z,FILUSDT,-0.00019665
2025-12-15T00:00:00Z,FILUSDT,-0.00019462
2025-12-15T08:00:00Z,FILUSDT,-0.00013918
2025-12-15T16:00:00Z,FILUSDT,-0.00021426
2025-12-16T00:00:00Z,FILUSDT,-0.00005368
2025-12-16T08:00:00Z,FILUSDT,0.0001
2025-12-16T16:00:00Z,FILUSDT,0.0001
2025-12-17T00:00:00Z,FILUSDT,-0.00004196
2025-12-17T08:00:00Z,FILUSDT,-0.00015404
2025-12-17T16:00:00Z,FILUSDT,0.0000954
2025-12-18T00:00:00Z,FILUSDT,-0.00016036
2025-12-18T08:00:00Z,FILUSDT,-0.00029032
2025-12-18T16:00:00Z,FILUSDT,-0.00018297
2025-12-19T00:00:00Z,FILUSDT,-0.00010632
2025-12-19T08:00:00Z,FILUSDT,0.00002484
2025-12-19T16:00:00Z,FILUSDT,0.00009688
2025-12-20T00:00:00Z,FILUSDT,0.0001
2025-12-20T08:00:00Z,FILUSDT,-0.00003564
2025-12-20T16:00:00Z,FILUSDT,0.00002958
2025-12-21T00:00:00Z,FILUSDT,-0.00015892
2025-12-21T08:00:00Z,FILUSDT,-0.00006885
2025-12-21T16:00:00Z,FILUSDT,-0.00009066
2025-12-22T00:00:00Z,FILUSDT,-0.00001611
2025-12-22T08:00:00Z,FILUSDT,0.0001
2025-12-22T16:00:00Z,FILUSDT,0.0000022
2025-12-23T00:00:00Z,FILUSDT,-0.00000399
2025-12-23T08:00:00Z,FILUSDT,-0.0001667
2025-12-23T16:00:00Z,FILUSDT,-0.000083
2025-12-24T00:00:00Z,FILUSDT,-0.00010667
2025-12-24T08:00:00Z,FILUSDT,-0.00019937
2025-12-24T16:00:00Z,FILUSDT,-0.00020605
2025-12-25T00:00:00Z,FILUSDT,0.0001
2025-12-25T08:00:00Z,FILUSDT,0.0001
2025-12-25T16:00:00Z,FILUSDT,0.00009198
2025-12-26T00:00:00Z,FILUSDT,0.00005051
2025-12-26T08:00:00Z,FILUSDT,0.00000455
2025-12-26T16:00:00Z,FILUSDT,-0.00009835
2025-12-27T00:00:00Z,FILUSDT,0.00007009
2025-12-27T08:00:00Z,FILUSDT,0.0001
2025-12-27T16:00:00Z,FILUSDT,0.00009626
2025-12-28T00:00:00Z,FILUSDT,0.0001
2025-12-28T08:00:00Z,FILUSDT,0.00008816
2025-12-28T16:00:00Z,FILUSDT,0.00004563
2025-12-29T00:00:00Z,FILUSDT,-0.00014557
2025-12-29T08:00:00Z,FILUSDT,-0.00014774
2025-12-29T16:00:00Z,FILUSDT,-0.00027408
2025-12-30T00:00:00Z,FILUSDT,-0.000251
2025-12-30T08:00:00Z,FILUSDT,-0.0002122
2025-12-30T16:00:00Z,FILUSDT,0.00005831
2025-12-31T00:00:00Z,FILUSDT,-0.00017488
2025-12-31T08:00:00Z,FILUSDT,-0.00001665
2025-12-31T16:00:00Z,FILUSDT,-0.00000166
2026-01-01T00:00:00Z,FILUSDT,0.0001
2026-01-01T08:00:00Z,FILUSDT,0.0001
2026-01-01T16:00:00Z,FILUSDT,0.00002016
2026-01-02T00:00:00Z,FILUSDT,0.0001
2026-01-02T08:00:00Z,FILUSDT,0.00002891
2026-01-02T16:00:00Z,FILUSDT,-0.00014139
2026-01-03T00:00:00Z,FILUSDT,-0.00022911
2026-01-03T08:00:00Z,FILUSDT,0.00008755
2026-01-03T16:00:00Z,FILUSDT,-0.00010151
2026-01-04T00:00:00Z,FILUSDT,-0.00009637
2026-01-04T08:00:00Z,FILUSDT,-0.00032242
2026-01-04T16:00:00Z,FILUSDT,-0.00014684
2026-01-05T00:00:00Z,FILUSDT,0.00004114
2026-01-05T08:00:00Z,FILUSDT,-0.00011591
2026-01-05T16:00:00Z,FILUSDT,-0.00002688
2026-01-06T00:00:00Z,FILUSDT,0.0000439
2026-01-06T08:00:00Z,FILUSDT,0.00003548
2026-01-06T16:00:00Z,FILUSDT,-0.00003556
2026-01-07T00:00:00Z,FILUSDT,0.0001
2026-01-07T08:00:00Z,FILUSDT,0.00008809
2026-01-07T16:00:00Z,FILUSDT,-0.00009803
2026-01-08T00:00:00Z,FILUSDT,0.00002922
2026-01-08T08:00:00Z,FILUSDT,0.00003221
2026-01-08T16:00:00Z,FILUSDT,0.00003382
2026-01-09T00:00:00Z,FILUSDT,0.00003735
2026-01-09T08:00:00Z,FILUSDT,0.000051
2026-01-09T16:00:00Z,FILUSDT,-0.00003981
2026-01-10T00:00:00Z,FILUSDT,-0.00005467
2026-01-10T08:00:00Z,FILUSDT,-0.00003029
2026-01-10T16:00:00Z,FILUSDT,0.00007562
2026-01-11T00:00:00Z,FILUSDT,-0.00006067
2026-01-11T08:00:00Z,FILUSDT,-0.00000073
2026-01-11T16:00:00Z,FILUSDT,0.00000733
2026-01-12T00:00:00Z,FILUSDT,-0.00022744
2026-01-12T08:00:00Z,FILUSDT,0.00007243
2026-01-12T16:00:00Z,FILUSDT,-0.00014622
2026-01-13T00:00:00Z,FILUSDT,-0.000073
2026-01-13T08:00:00Z,FILUSDT,0.0001
2026-01-13T16:00:00Z,FILUSDT,0.0001
2026-01-14T00:00:00Z,FILUSDT,0.0001
2026-01-14T08:00:00Z,FILUSDT,0.0001
2026-01-14T16:00:00Z,FILUSDT,0.0001
2026-01-15T00:00:00Z,FILUSDT,-0.00012836
2026-01-15T08:00:00Z,FILUSDT,-0.00044891
2026-01-15T16:00:00Z,FILUSDT,-0.00025135
2026-01-16T00:00:00Z,FILUSDT,-0.00025469
2026-01-16T08:00:00Z,FILUSDT,-0.00016682
2026-01-16T16:00:00Z,FILUSDT,-0.00003439
2026-01-17T00:00:00Z,FILUSDT,0.00003746
2026-01-17T08:00:00Z,FILUSDT,0.0001
2026-01-17T16:00:00Z,FILUSDT,0.0001
2026-01-18T00:00:00Z,FILUSDT,0.0001
2026-01-18T08:00:00Z,FILUSDT,-0.00004534
2026-01-18T16:00:00Z,FILUSDT,-0.00005716
2026-01-19T00:00:00Z,FILUSDT,-0.0000074
2026-01-19T08:00:00Z,FILUSDT,-0.00039075
2026-01-19T16:00:00Z,FILUSDT,-0.00024773
2026-01-20T00:00:00Z,FILUSDT,-0.00022618
2026-01-20T08:00:00Z,FILUSDT,0.0001
2026-01-20T16:00:00Z,FILUSDT,0.0001
2026-01-21T00:00:00Z,FILUSDT,0.0001
2026-01-21T08:00:00Z,FILUSDT,0.0001
2026-01-21T16:00:00Z,FILUSDT,-0.00001875
2026-01-22T00:00:00Z,FILUSDT,0.00002747
2026-01-22T08:00:00Z,FILUSDT,0.00002844
2026-01-22T16:00:00Z,FILUSDT,-0.00006517
2026-01-23T00:00:00Z,FILUSDT,-0.00007922
2026-01-23T08:00:00Z,FILUSDT,0.00006803
2026-01-23T16:00:00Z,FILUSDT,-0.00006333
2026-01-24T00:00:00Z,FILUSDT,0.0001
2026-01-24T08:00:00Z,FILUSDT,0.0001
2026-01-24T16:00:00Z,FILUSDT,0.00006698
2026-01-25T00:00:00Z,FILUSDT,-0.00001831
2026-01-25T08:00:00Z,FILUSDT,-0.00001868
2026-01-25T16:00:00Z,FILUSDT,-0.00011621
2026-01-26T00:00:00Z,FILUSDT,-0.00003215
2026-01-26T08:00:00Z,FILUSDT,0.0001
2026-01-26T16:00:00Z,FILUSDT,0.0001
2026-01-27T00:00:00Z,FILUSDT,-0.00000487
2026-01-27T08:00:00Z,FILUSDT,-0.00002132
2026-01-27T16:00:00Z,FILUSDT,0.00005605
2026-01-28T00:00:00Z,FILUSDT,0.00000893
2026-01-28T08:00:00Z,FILUSDT,0.0000253
2026-01-28T16:00:00Z,FILUSDT,-0.0001332
2026-01-29T00:00:00Z,FILUSDT,-0.00006009
2026-01-29T08:00:00Z,FILUSDT,-0.00003306
2026-01-29T16:00:00Z,FILUSDT,-0.00035271
2026-01-30T00:00:00Z,FILUSDT,-0.00037297
2026-01-30T08:00:00Z,FILUSDT,-0.00015947
2026-01-30T16:00:00Z,FILUSDT,-0.00018418
2026-01-31T00:00:00Z,FILUSDT,-0.0001568
2026-01-31T08:00:00Z,FILUSDT,-0.00032371
2026-01-31T16:00:00Z,FILUSDT,-0.00012658
2026-02-01T00:00:00Z,FILUSDT,-0.00018486
2026-02-01T08:00:00Z,FILUSDT,-0.00000336
2026-02-01T16:00:00Z,FILUSDT,-0.00013214
2026-02-02T00:00:00Z,FILUSDT,-0.00020881
2026-02-02T08:00:00Z,FILUSDT,-0.00023822
2026-02-02T16:00:00Z,FILUSDT,-0.00027166
2026-02-03T00:00:00Z,FILUSDT,-0.00025895
2026-02-03T08:00:00Z,FILUSDT,-0.0001906
2026-02-03T16:00:00Z,FILUSDT,-0.00006845
2026-02-04T00:00:00Z,FILUSDT,-0.00001571
2026-02-04T08:00:00Z,FILUSDT,0.00006394
2026-02-04T16:00:00Z,FILUSDT,-0.00005279
2026-02-05T00:00:00Z,FILUSDT,-0.00000105
2026-02-05T08:00:00Z,FILUSDT,-0.00003205
2026-02-05T16:00:00Z,FILUSDT,-0.0001711
2026-02-06T00:00:00Z,FILUSDT,-0.00004521
2026-02-06T08:00:00Z,FILUSDT,-0.00000502
2026-02-06T16:00:00Z,FILUSDT,0.00007279
2026-02-07T00:00:00Z,FILUSDT,0.00001702
2026-02-07T08:00:00Z,FILUSDT,-0.00005182
2026-02-07T16:00:00Z,FILUSDT,0.00002584
2026-02-08T00:00:00Z,FILUSDT,-0.00001734
2026-02-08T08:00:00Z,FILUSDT,-0.00003272
2026-02-08T16:00:00Z,FILUSDT,0.00000652
2026-02-09T00:00:00Z,FILUSDT,0.00009413
2026-02-09T08:00:00Z,FILUSDT,-0.00008739
2026-02-09T16:00:00Z,FILUSDT,-0.00014553
2026-02-10T00:00:00Z,FILUSDT,-0.00050477
2026-02-10T08:00:00Z,FILUSDT,-0.0000657
2026-02-10T16:00:00Z,FILUSDT,0.00007278
2026-02-11T00:00:00Z,FILUSDT,0.00002483
2026-02-11T08:00:00Z,FILUSDT,-0.00004101
2026-02-11T16:00:00Z,FILUSDT,-0.00021926
2026-02-12T00:00:00Z,FILUSDT,0.00007171
2026-02-12T08:00:00Z,FILUSDT,0.0001
2026-02-12T16:00:00Z,FILUSDT,0.0001
2026-02-13T00:00:00Z,FILUSDT,0.00003902
2026-02-13T08:00:00Z,FILUSDT,-0.00004366
2026-02-13T16:00:00Z,FILUSDT,0.0000005
2026-02-14T00:00:00Z,FILUSDT,0.00000206
2026-02-14T08:00:00Z,FILUSDT,-0.00006489
2026-02-14T16:00:00Z,FILUSDT,-0.00002245
2026-02-15T00:00:00Z,FILUSDT,-0.00007162
2026-02-15T08:00:00Z,FILUSDT,-0.00009211
2026-02-15T16:00:00Z,FILUSDT,-0.00001291
2026-02-16T00:00:00Z,FILUSDT,-0.00011539
2026-02-16T08:00:00Z,FILUSDT,-0.00012316
2026-02-16T16:00:00Z,FILUSDT,-0.00013171
2026-02-17T00:00:00Z,FILUSDT,-0.00013332
2026-02-17T08:00:00Z,FILUSDT,-0.00027902
2026-02-17T16:00:00Z,FILUSDT,-0.00004721
2026-02-18T00:00:00Z,FILUSDT,-0.0000153
2026-02-18T08:00:00Z,FILUSDT,0.0001
2026-02-18T16:00:00Z,FILUSDT,-0.0001172
2026-02-19T00:00:00Z,FILUSDT,-0.00009607
2026-02-19T08:00:00Z,FILUSDT,-0.00010323
2026-02-19T16:00:00Z,FILUSDT,-0.00012002
2026-02-20T00:00:00Z,FILUSDT,-0.00010324
2026-02-20T08:00:00Z,FILUSDT,0.00001726
2026-02-20T16:00:00Z,FILUSDT,0.00006755
2026-02-21T00:00:00Z,FILUSDT,0.0001
2026-02-21T08:00:00Z,FILUSDT,0.0001
2026-02-21T16:00:00Z,FILUSDT,-0.00019382
2026-02-22T00:00:00Z,FILUSDT,-0.00006849
2026-02-22T08:00:00Z,FILUSDT,-0.00022255
2026-02-22T16:00:00Z,FILUSDT,-0.00030931
2026-02-23T00:00:00Z,FILUSDT,-0.00007426
2026-02-23T08:00:00Z,FILUSDT,-0.00017214
2026-02-23T16:00:00Z,FILUSDT,-0.00013398
2026-02-24T00:00:00Z,FILUSDT,0.00001552
2026-02-24T08:00:00Z,FILUSDT,-0.00009116
2026-02-24T16:00:00Z,FILUSDT,-0.00008393
2026-02-25T00:00:00Z,FILUSDT,-0.00003318
2026-02-25T08:00:00Z,FILUSDT,-0.00005125
2026-02-25T16:00:00Z,FILUSDT,0.00006575
2026-02-26T00:00:00Z,FILUSDT,0.0001
2026-02-26T08:00:00Z,FILUSDT,-0.00001295
2026-02-26T16:00:00Z,FILUSDT,-0.00016745
2026-02-27T00:00:00Z,FILUSDT,-0.00018978
2026-02-27T08:00:00Z,FILUSDT,0.00003829
2026-02-27T16:00:00Z,FILUSDT,0.00002896
2026-02-28T00:00:00Z,FILUSDT,0.00004889
2026-02-28T08:00:00Z,FILUSDT,-0.00008781
2026-02-28T16:00:00Z,FILUSDT,-0.00010217
2026-03-01T00:00:00Z,FILUSDT,0.0001
2026-03-01T08:00:00Z,FILUSDT,0.0001
2026-03-01T16:00:00Z,FILUSDT,-0.00005852
2026-03-02T00:00:00Z,FILUSDT,-0.00007452
2026-03-02T08:00:00Z,FILUSDT,0.00004852
2026-03-02T16:00:00Z,FILUSDT,0.0001
2026-03-03T00:00:00Z,FILUSDT,0.00008141
2026-03-03T08:00:00Z,FILUSDT,0.00006878
2026-03-03T16:00:00Z,FILUSDT,0
2026-03-04T00:00:00Z,FILUSDT,-0.0000658
2026-03-04T08:00:00Z,FILUSDT,0.00000521
2026-03-04T16:00:00Z,FILUSDT,-0.00011162
2026-03-05T00:00:00Z,FILUSDT,0.00004021
2026-03-05T08:00:00Z,FILUSDT,-0.00000263
2026-03-05T16:00:00Z,FILUSDT,0.00000932
2026-03-06T00:00:00Z,FILUSDT,0.00003545
2026-03-06T08:00:00Z,FILUSDT,0.0001
2026-03-06T16:00:00Z,FILUSDT,-0.00002834
2026-03-07T00:00:00Z,FILUSDT,0.00001952
2026-03-07T08:00:00Z,FILUSDT,0.00007828
2026-03-07T16:00:00Z,FILUSDT,0.00008986
2026-03-08T00:00:00Z,FILUSDT,0.0001
2026-03-08T08:00:00Z,FILUSDT,-0.00005184
2026-03-08T16:00:00Z,FILUSDT,0.00006671
2026-03-09T00:00:00Z,FILUSDT,-0.00002914
2026-03-09T08:00:00Z,FILUSDT,0.0001
2026-03-09T16:00:00Z,FILUSDT,0.00005566
2026-03-10T00:00:00Z,FILUSDT,-0.00005374
2026-03-10T08:00:00Z,FILUSDT,-0.00009679
2026-03-10T16:00:00Z,FILUSDT,-0.00011787
2026-03-11T00:00:00Z,FILUSDT,-0.00063015
2026-03-11T08:00:00Z,FILUSDT,-0.0007513
2026-03-11T16:00:00Z,FILUSDT,-0.00002508
2026-03-12T00:00:00Z,FILUSDT,0.00002907
2026-03-12T08:00:00Z,FILUSDT,-0.00000692
2026-03-12T16:00:00Z,FILUSDT,-0.00012328
2026-03-13T00:00:00Z,FILUSDT,-0.00004626
2026-03-13T08:00:00Z,FILUSDT,0.00001967
2026-03-13T16:00:00Z,FILUSDT,0.00001474
2026-03-14T00:00:00Z,FILUSDT,-0.0000584
2026-03-14T08:00:00Z,FILUSDT,-0.0001457
2026-03-14T16:00:00Z,FILUSDT,-0.00026628
2026-03-15T00:00:00Z,FILUSDT,-0.00008796
2026-03-15T08:00:00Z,FILUSDT,-0.00000394
2026-03-15T16:00:00Z,FILUSDT,0.0001
2026-03-16T00:00:00Z,FILUSDT,0.00007747
2026-03-16T08:00:00Z,FILUSDT,0.0001
2026-03-16T16:00:00Z,FILUSDT,0.0001
2026-03-17T00:00:00Z,FILUSDT,0.0001
2026-03-17T08:00:00Z,FILUSDT,0.0001
2026-03-17T16:00:00Z,FILUSDT,0.00009192
2026-03-18T00:00:00Z,FILUSDT,-0.00000303
2026-03-18T08:00:00Z,FILUSDT,0.0001
2026-03-18T16:00:00Z,FILUSDT,0.00001642
2026-03-19T00:00:00Z,FILUSDT,-0.00002022
2026-03-19T08:00:00Z,FILUSDT,-0.00004059
2026-03-19T16:00:00Z,FILUSDT,-0.00021947
2026-03-20T00:00:00Z,FILUSDT,-0.00014907
2026-03-20T08:00:00Z,FILUSDT,0.0001
2026-03-20T16:00:00Z,FILUSDT,-0.00005465
2026-03-21T00:00:00Z,FILUSDT,-0.00017761
2026-03-21T08:00:00Z,FILUSDT,0.00001484
2026-03-21T16:00:00Z,FILUSDT,-0.00013584
2026-03-22T00:00:00Z,FILUSDT,-0.00005928
2026-03-22T08:00:00Z,FILUSDT,-0.00040842
2026-03-22T16:00:00Z,FILUSDT,-0.00023564
2026-03-23T00:00:00Z,FILUSDT,-0.00005978
2026-03-23T08:00:00Z,FILUSDT,-0.00001572
2026-03-23T16:00:00Z,FILUSDT,-0.00006074
2026-03-24T00:00:00Z,FILUSDT,0.0001
2026-03-24T08:00:00Z,FILUSDT,0.00001256
2026-03-24T16:00:00Z,FILUSDT,0.00004578
2026-03-25T00:00:00Z,FILUSDT,0.0001
2026-03-25T08:00:00Z,FILUSDT,0.0001
2026-03-25T16:00:00Z,FILUSDT,0.00004045
2026-03-26T00:00:00Z,FILUSDT,0.00008669
2026-03-26T08:00:00Z,FILUSDT,0.00003916
2026-03-26T16:00:00Z,FILUSDT,-0.00005616
2026-03-27T00:00:00Z,FILUSDT,-0.00002096
2026-03-27T08:00:00Z,FILUSDT,0.0001
2026-03-27T16:00:00Z,FILUSDT,-0.0002595
2026-03-28T00:00:00Z,FILUSDT,-0.00015352
2026-03-28T08:00:00Z,FILUSDT,-0.00031594
2026-03-28T16:00:00Z,FILUSDT,-0.00018245
2026-03-29T00:00:00Z,FILUSDT,-0.00005822
2026-03-29T08:00:00Z,FILUSDT,-0.00008492
2026-03-29T16:00:00Z,FILUSDT,-0.00014019
2026-03-30T00:00:00Z,FILUSDT,-0.00014138
2026-03-30T08:00:00Z,FILUSDT,0.00004227
2026-03-30T16:00:00Z,FILUSDT,0.00006862
2026-03-31T00:00:00Z,FILUSDT,0.0001
2026-03-31T08:00:00Z,FILUSDT,-0.00037391
2026-03-31T16:00:00Z,FILUSDT,-0.00013385
2026-04-01T00:00:00Z,FILUSDT,-0.00021927
2026-04-01T08:00:00Z,FILUSDT,-0.00004842
2026-04-01T16:00:00Z,FILUSDT,-0.00007438
2026-04-02T00:00:00Z,FILUSDT,0.0001
2026-04-02T08:00:00Z,FILUSDT,-0.00005037
2026-04-02T16:00:00Z,FILUSDT,-0.00013897
2026-04-03T00:00:00Z,FILUSDT,0.0001
2026-04-03T08:00:00Z,FILUSDT,0.0001
2026-04-03T16:00:00Z,FILUSDT,0.0001
2026-04-04T00:00:00Z,FILUSDT,-0.00006429
2026-04-04T08:00:00Z,FILUSDT,0.00009975
2026-04-04T16:00:00Z,FILUSDT,-0.00006896
2026-04-05T00:00:00Z,FILUSDT,-0.00011909
2026-04-05T08:00:00Z,FILUSDT,0.0001
2026-04-05T16:00:00Z,FILUSDT,-0.0000042
2026-04-06T00:00:00Z,FILUSDT,-0.00000892
2026-04-06T08:00:00Z,FILUSDT,0.0001
2026-04-06T16:00:00Z,FILUSDT,0.00003045
2026-04-07T00:00:00Z,FILUSDT,-0.0000574
2026-04-07T08:00:00Z,FILUSDT,-0.00017905
2026-04-07T16:00:00Z,FILUSDT,0.00009069
2026-04-08T00:00:00Z,FILUSDT,0.0001
2026-04-08T08:00:00Z,FILUSDT,0.0001
2026-04-08T16:00:00Z,FILUSDT,0.0001
2026-04-09T00:00:00Z,FILUSDT,0.0001
2026-04-09T08:00:00Z,FILUSDT,0.0001
2026-04-09T16:00:00Z,FILUSDT,0.00003001
2026-04-10T00:00:00Z,FILUSDT,0.00006083
2026-04-10T08:00:00Z,FILUSDT,0.00006118
2026-04-10T16:00:00Z,FILUSDT,-0.00004446
2026-04-11T00:00:00Z,FILUSDT,0.00003906
2026-04-11T08:00:00Z,FILUSDT,-0.00014203
2026-04-11T16:00:00Z,FILUSDT,-0.00008179
2026-04-12T00:00:00Z,FILUSDT,0.0001
2026-04-12T08:00:00Z,FILUSDT,-0.00006271
2026-04-12T16:00:00Z,FILUSDT,-0.00007065
2026-04-13T00:00:00Z,FILUSDT,0.0001
2026-04-13T08:00:00Z,FILUSDT,0.0001
2026-04-13T16:00:00Z,FILUSDT,0.00002399
2026-04-14T00:00:00Z,FILUSDT,0.0001
2026-04-14T08:00:00Z,FILUSDT,0.0001
2026-04-14T16:00:00Z,FILUSDT,-0.00003291
2026-04-15T00:00:00Z,FILUSDT,0.00005428
2026-04-15T08:00:00Z,FILUSDT,0.0001
2026-04-15T16:00:00Z,FILUSDT,0.00006776
2026-04-16T00:00:00Z,FILUSDT,0.00001836
2026-04-16T08:00:00Z,FILUSDT,-0.00008907
2026-04-16T16:00:00Z,FILUSDT,-0.00011118
2026-04-17T00:00:00Z,FILUSDT,-0.00000456
2026-04-17T08:00:00Z,FILUSDT,0.00000867
2026-04-17T16:00:00Z,FILUSDT,-0.00008581
2026-04-18T00:00:00Z,FILUSDT,-0.00002769
2026-04-18T08:00:00Z,FILUSDT,-0.00000019
2026-04-18T16:00:00Z,FILUSDT,-0.00007264
2026-04-19T00:00:00Z,FILUSDT,-0.00020653
2026-04-19T08:00:00Z,FILUSDT,-0.00002054
2026-04-19T16:00:00Z,FILUSDT,0.0001
2026-04-20T00:00:00Z,FILUSDT,0.0001
2026-04-20T08:00:00Z,FILUSDT,0.0001
2026-04-20T16:00:00Z,FILUSDT,0.00005317
2026-04-21T00:00:00Z,FILUSDT,0.00007916
2026-04-21T08:00:00Z,FILUSDT,-0.00000705
2026-04-21T16:00:00Z,FILUSDT,0.00005655
2026-04-22T00:00:00Z,FILUSDT,0.00002731
2026-04-22T08:00:00Z,FILUSDT,0.0001
2026-04-22T16:00:00Z,FILUSDT,-0.00007134
2026-04-23T00:00:00Z,FILUSDT,-0.00021067
2026-04-23T08:00:00Z,FILUSDT,0.00001359
2026-04-23T16:00:00Z,FILUSDT,0.0001
2026-04-24T00:00:00Z,FILUSDT,0.00007152
2026-04-24T08:00:00Z,FILUSDT,0.0001
2026-04-24T16:00:00Z,FILUSDT,0.0001
2026-04-25T00:00:00Z,FILUSDT,-0.00000959
2026-04-25T08:00:00Z,FILUSDT,-0.00006334
2026-04-25T16:00:00Z,FILUSDT,-0.00020356
2026-04-26T00:00:00Z,FILUSDT,-0.00013667
2026-04-26T08:00:00Z,FILUSDT,0.00004081
2026-04-26T16:00:00Z,FILUSDT,0.00003773
2026-04-27T00:00:00Z,FILUSDT,-0.00002323
2026-04-27T08:00:00Z,FILUSDT,-0.00009534
2026-04-27T16:00:00Z,FILUSDT,0.00000111
2026-04-28T00:00:00Z,FILUSDT,-0.00006753
2026-04-28T08:00:00Z,FILUSDT,0.0001
2026-04-28T16:00:00Z,FILUSDT,0.0001
2026-04-29T00:00:00Z,FILUSDT,0.00001732
2026-04-29T08:00:00Z,FILUSDT,0.0001
2026-04-29T16:00:00Z,FILUSDT,-0.00018559
2026-04-30T00:00:00Z,FILUSDT,-0.00010411
2026-04-30T08:00:00Z,FILUSDT,0.0001
2026-04-30T16:00:00Z,FILUSDT,-0.00006072
2026-05-01T00:00:00Z,FILUSDT,-0.00011147
2026-05-01T08:00:00Z,FILUSDT,0.00000536
2026-05-01T16:00:00Z,FILUSDT,0.0001
2026-05-02T00:00:00Z,FILUSDT,0.00006564
2026-05-02T08:00:00Z,FILUSDT,-0.00013988
2026-05-02T16:00:00Z,FILUSDT,0.00004118
2026-05-03T00:00:00Z,FILUSDT,0.0001
2026-05-03T08:00:00Z,FILUSDT,-0.0001695
2026-05-03T16:00:00Z,FILUSDT,-0.00002307
2026-05-04T00:00:00Z,FILUSDT,0.0001
2026-05-04T08:00:00Z,FILUSDT,0.0001
2026-05-04T16:00:00Z,FILUSDT,0.00004452
2026-05-05T00:00:00Z,FILUSDT,-0.00006387
2026-05-05T08:00:00Z,FILUSDT,0.0001
2026-05-05T16:00:00Z,FILUSDT,0.0001
2026-05-06T00:00:00Z,FILUSDT,0.0001
2026-05-06T08:00:00Z,FILUSDT,-0.00010705
2026-05-06T16:00:00Z,FILUSDT,-0.00001075
2026-05-07T00:00:00Z,FILUSDT,-0.00020153
2026-05-07T08:00:00Z,FILUSDT,0.0001
2026-05-07T16:00:00Z,FILUSDT,0.0001
2026-05-08T00:00:00Z,FILUSDT,0.0001
2026-05-08T08:00:00Z,FILUSDT,0.00006054
2026-05-08T16:00:00Z,FILUSDT,0.0001
2026-05-09T00:00:00Z,FILUSDT,-0.00001913
2026-05-09T08:00:00Z,FILUSDT,0.00008791
2026-05-09T16:00:00Z,FILUSDT,0.0000836
2026-05-10T00:00:00Z,FILUSDT,0.00007288
2026-05-10T08:00:00Z,FILUSDT,0.0001
2026-05-10T16:00:00Z,FILUSDT,0.0001
2026-05-11T00:00:00Z,FILUSDT,0.00001215
2026-05-11T08:00:00Z,FILUSDT,0.0001
2026-05-11T16:00:00Z,FILUSDT,0.0001
2026-05-12T00:00:00Z,FILUSDT,0.00007558
2026-05-12T08:00:00Z,FILUSDT,0.00001728
2026-05-12T16:00:00Z,FILUSDT,0.00004594
2026-05-13T00:00:00Z,FILUSDT,0.00001019
2026-05-13T08:00:00Z,FILUSDT,-0.00006685
2026-05-13T16:00:00Z,FILUSDT,0.0001
2026-05-14T00:00:00Z,FILUSDT,0.0001
2026-05-14T08:00:00Z,FILUSDT,-0.00003346
2026-05-14T16:00:00Z,FILUSDT,-0.00016078
2026-05-15T00:00:00Z,FILUSDT,0.00000988
2026-05-15T08:00:00Z,FILUSDT,-0.00009278
2026-05-15T16:00:00Z,FILUSDT,-0.00009873
2026-05-16T00:00:00Z,FILUSDT,0.0000733
2026-05-16T08:00:00Z,FILUSDT,0.00004663
2026-05-16T16:00:00Z,FILUSDT,-0.00018081
2026-05-17T00:00:00Z,FILUSDT,-0.00007767
2026-05-17T08:00:00Z,FILUSDT,0.00002577
2026-05-17T16:00:00Z,FILUSDT,-0.00005016
2026-05-18T00:00:00Z,FILUSDT,0.00002948
2026-05-18T08:00:00Z,FILUSDT,0.0001
2026-05-18T16:00:00Z,FILUSDT,-0.00014086
2026-05-19T00:00:00Z,FILUSDT,0.00004266
2026-05-19T08:00:00Z,FILUSDT,0.0001
2026-05-19T16:00:00Z,FILUSDT,0.0001
2026-05-20T00:00:00Z,FILUSDT,0.0001
2026-05-20T08:00:00Z,FILUSDT,0.00003886
2026-05-20T16:00:00Z,FILUSDT,0.0001
2026-05-21T00:00:00Z,FILUSDT,-0.0000136
2026-05-21T08:00:00Z,FILUSDT,0.00004017
2026-05-21T16:00:00Z,FILUSDT,0.00009796
2026-05-22T00:00:00Z,FILUSDT,0.00001047
2026-05-22T08:00:00Z,FILUSDT,0.00001574
2026-05-22T16:00:00Z,FILUSDT,0.00002764
2026-05-23T00:00:00Z,FILUSDT,-0.00003512
2026-05-23T08:00:00Z,FILUSDT,0.000031
2026-05-23T16:00:00Z,FILUSDT,0.00001682
2026-05-24T00:00:00Z,FILUSDT,0.0001
2026-05-24T08:00:00Z,FILUSDT,0.0001
2026-05-24T16:00:00Z,FILUSDT,-0.00001855
2026-05-25T00:00:00Z,FILUSDT,-0.00005646
2026-05-25T08:00:00Z,FILUSDT,0.0001
2026-05-25T16:00:00Z,FILUSDT,0.0001
2026-05-26T00:00:00Z,FILUSDT,0.0001
2026-05-26T08:00:00Z,FILUSDT,-0.0000207
2026-05-26T16:00:00Z,FILUSDT,0.00004412
2026-05-27T00:00:00Z,FILUSDT,-0.0000863
2026-05-27T08:00:00Z,FILUSDT,-0.00003331
2026-05-27T16:00:00Z,FILUSDT,-0.00002515
2026-05-28T00:00:00Z,FILUSDT,-0.00010341
2026-05-28T08:00:00Z,FILUSDT,-0.00029451
2026-05-28T16:00:00Z,FILUSDT,0.00000448
2026-05-29T00:00:00Z,FILUSDT,-0.00001764
2026-05-29T08:00:00Z,FILUSDT,0.0001
2026-05-29T16:00:00Z,FILUSDT,0.00004843
2026-05-30T00:00:00Z,FILUSDT,0.0001
2026-05-30T08:00:00Z,FILUSDT,0.00007211
2026-05-30T16:00:00Z,FILUSDT,0.0001
2026-05-31T00:00:00Z,FILUSDT,0.0001
2026-05-31T08:00:00Z,FILUSDT,0.00005379
2026-05-31T16:00:00Z,FILUSDT,-0.00007145
2026-06-01T00:00:00Z,FILUSDT,0.00006081
2026-06-01T08:00:00Z,FILUSDT,-0.00007912
2026-06-01T16:00:00Z,FILUSDT,-0.00020051
2026-06-02T00:00:00Z,FILUSDT,0.0001
2026-06-02T08:00:00Z,FILUSDT,0.0001
2026-06-02T16:00:00Z,FILUSDT,-0.00010121
2026-06-03T00:00:00Z,FILUSDT,-0.0002082
2026-06-03T08:00:00Z,FILUSDT,0.0001
2026-06-03T16:00:00Z,FILUSDT,0.0001
2026-06-04T00:00:00Z,FILUSDT,0.00003751
2026-06-04T08:00:00Z,FILUSDT,-0.00025744
2026-06-04T16:00:00Z,FILUSDT,-0.00022994
2026-06-05T00:00:00Z,FILUSDT,-0.00008079
2026-06-05T08:00:00Z,FILUSDT,-0.00041309
2026-06-05T16:00:00Z,FILUSDT,-0.0002484
2026-06-06T00:00:00Z,FILUSDT,-0.00036887
2026-06-06T08:00:00Z,FILUSDT,-0.0002543
2026-06-06T16:00:00Z,FILUSDT,-0.00009132
2026-06-07T00:00:00Z,FILUSDT,-0.00036054
2026-06-07T08:00:00Z,FILUSDT,-0.0000278
2026-06-07T16:00:00Z,FILUSDT,0.0001
2026-06-08T00:00:00Z,FILUSDT,0.00006748
2026-06-08T08:00:00Z,FILUSDT,0.00003675
2026-06-08T16:00:00Z,FILUSDT,0.0001
2026-06-09T00:00:00Z,FILUSDT,0.00001623
2026-06-09T08:00:00Z,FILUSDT,0.00005371
2026-06-09T16:00:00Z,FILUSDT,0.00000134
2026-06-10T00:00:00Z,FILUSDT,0.00009813
2026-06-10T08:00:00Z,FILUSDT,-0.00001911
2026-06-10T16:00:00Z,FILUSDT,0.00003133
2026-06-11T00:00:00Z,FILUSDT,-0.00016745
2026-06-11T08:00:00Z,FILUSDT,0.0001
2026-06-11T16:00:00Z,FILUSDT,0.0001
2026-06-12T00:00:00Z,FILUSDT,0.00003731
2026-06-12T08:00:00Z,FILUSDT,-0.00006612
2026-06-12T16:00:00Z,FILUSDT,0.00001464
2026-06-13T00:00:00Z,FILUSDT,-0.00005081
2026-06-13T08:00:00Z,FILUSDT,0.0001
2026-06-13T16:00:00Z,FILUSDT,0.0001
2026-06-14T00:00:00Z,FILUSDT,0.00002834
2026-06-14T08:00:00Z,FILUSDT,-0.00020198
2026-06-14T16:00:00Z,FILUSDT,-0.00010083
2026-06-15T00:00:00Z,FILUSDT,0.0001
2026-06-15T08:00:00Z,FILUSDT,0.0001
2026-06-15T16:00:00Z,FILUSDT,0.0001
2026-06-16T00:00:00Z,FILUSDT,0.00001616
2026-06-16T08:00:00Z,FILUSDT,-0.00011148
2026-06-16T16:00:00Z,FILUSDT,-0.00007957
2026-06-17T00:00:00Z,FILUSDT,0.00003717
2026-06-17T08:00:00Z,FILUSDT,0.0001
2026-06-17T16:00:00Z,FILUSDT,0.0001
2026-06-18T00:00:00Z,FILUSDT,-0.00012246
2026-06-18T08:00:00Z,FILUSDT,-0.00007549
2026-06-18T16:00:00Z,FILUSDT,-0.00001809
2026-06-19T00:00:00Z,FILUSDT,0.0001
2026-06-19T08:00:00Z,FILUSDT,-0.00005392
2026-06-19T16:00:00Z,FILUSDT,0.00008818
2026-06-20T00:00:00Z,FILUSDT,0.0001
2026-06-20T08:00:00Z,FILUSDT,0.00000296
2026-06-20T16:00:00Z,FILUSDT,-0.00008676
2026-06-21T00:00:00Z,FILUSDT,0.0000796
2026-06-21T08:00:00Z,FILUSDT,0.0001
2026-06-21T16:00:00Z,FILUSDT,-0.00003202
2026-06-22T00:00:00Z,FILUSDT,-0.00005459
2026-06-22T08:00:00Z,FILUSDT,0.0001
2026-06-22T16:00:00Z,FILUSDT,0.0001
2026-06-23T00:00:00Z,FILUSDT,-0.00016974
2026-06-23T08:00:00Z,FILUSDT,-0.00007986
2026-06-23T16:00:00Z,FILUSDT,-0.00004873
2026-06-24T00:00:00Z,FILUSDT,0.0001
2026-06-24T08:00:00Z,FILUSDT,0.00001789
2026-06-24T16:00:00Z,FILUSDT,-0.00008121
2026-06-25T00:00:00Z,FILUSDT,0.00007347
2026-06-25T08:00:00Z,FILUSDT,0.0001
2026-06-25T16:00:00Z,FILUSDT,-0.00008182
2026-06-26T00:00:00Z,FILUSDT,0.0001
2026-06-26T08:00:00Z,FILUSDT,0.0001
2026-06-26T16:00:00Z,FILUSDT,0.0001
2026-06-27T00:00:00Z,FILUSDT,0.0001
2026-06-27T08:00:00Z,FILUSDT,-0.00009007
2026-06-27T16:00:00Z,FILUSDT,-0.00002171
2026-06-28T00:00:00Z,FILUSDT,-0.00013297
2026-06-28T08:00:00Z,FILUSDT,-0.00008369
2026-06-28T16:00:00Z,FILUSDT,-0.00004325
2026-06-29T00:00:00Z,FILUSDT,0.0001
2026-06-29T08:00:00Z,FILUSDT,0.0001
2026-06-29T16:00:00Z,FILUSDT,0.00007734
2026-06-30T00:00:00Z,FILUSDT,0.0001
2026-06-30T08:00:00Z,FILUSDT,0.00000296
2026-06-30T16:00:00Z,FILUSDT,-0.00004026
2026-07-01T00:00:00Z,FILUSDT,0.0001
2026-07-01T08:00:00Z,FILUSDT,0.0001
2026-07-01T16:00:00Z,FILUSDT,0.0001
2026-07-02T00:00:00Z,FILUSDT,0.00001948
2026-07-02T08:00:00Z,FILUSDT,0.0001
2026-07-02T16:00:00Z,FILUSDT,0.00005942
2026-07-03T00:00:00Z,FILUSDT,0.00009211
2026-07-03T08:00:00Z,FILUSDT,-0.00003462
2026-07-03T16:00:00Z,FILUSDT,0.00008565
2026-07-04T00:00:00Z,FILUSDT,-0.00000049
2026-07-04T08:00:00Z,FILUSDT,0.00009985
2026-07-04T16:00:00Z,FILUSDT,0.00009532
2026-07-05T00:00:00Z,FILUSDT,0.00004874
2026-07-05T08:00:00Z,FILUSDT,0.00000254
2026-07-05T16:00:00Z,FILUSDT,0.00003619
2026-07-06T00:00:00Z,FILUSDT,-0.00006847
2026-07-06T08:00:00Z,FILUSDT,-0.0000838
2026-07-06T16:00:00Z,FILUSDT,0.00007158
2026-07-07T00:00:00Z,FILUSDT,0.0001
2026-07-07T08:00:00Z,FILUSDT,-0.00001344
2026-07-07T16:00:00Z,FILUSDT,0.00005882
2026-07-08T00:00:00Z,FILUSDT,-0.00003363
2026-07-08T08:00:00Z,FILUSDT,-0.0000378
2026-07-08T16:00:00Z,FILUSDT,-0.00008757
2026-07-09T00:00:00Z,FILUSDT,0.00008186
2026-07-09T08:00:00Z,FILUSDT,0.00006618
2026-07-09T16:00:00Z,FILUSDT,-0.00000964
2026-07-10T00:00:00Z,FILUSDT,0.00009358
2026-07-10T08:00:00Z,FILUSDT,0.00004018
2026-07-10T16:00:00Z,FILUSDT,0.00006452
2026-07-11T00:00:00Z,FILUSDT,0.00004021
2026-07-11T08:00:00Z,FILUSDT,0.00000658
2026-07-11T16:00:00Z,FILUSDT,0.00003736
2026-07-12T00:00:00Z,FILUSDT,0.00003516
2026-07-12T08:00:00Z,FILUSDT,0.0000517
2026-07-12T16:00:00Z,FILUSDT,0.00005635
2026-07-13T00:00:00Z,FILUSDT,0.00005337
2026-07-13T08:00:00Z,FILUSDT,0.00004009
2026-07-13T16:00:00Z,FILUSDT,-0.00001028
2026-07-14T00:00:00Z,FILUSDT,-0.00011122
2026-07-14T08:00:00Z,FILUSDT,0.0000598
2026-07-14T16:00:00Z,FILUSDT,0.00008807
2026-07-15T00:00:00Z,FILUSDT,0.0001
2026-07-15T08:00:00Z,FILUSDT,0.0001
2026-07-15T16:00:00Z,FILUSDT,0.0001
2026-07-16T00:00:00Z,FILUSDT,0.00003441
2026-07-16T08:00:00Z,FILUSDT,0.00003727
2026-07-16T16:00:00Z,FILUSDT,0.0001
2026-07-17T00:00:00Z,FILUSDT,0.00004892
2026-07-17T08:00:00Z,FILUSDT,-0.00014552
2026-07-17T16:00:00Z,FILUSDT,0.0000721
2026-07-18T00:00:00Z,FILUSDT,0.00008499
2026-07-18T08:00:00Z,FILUSDT,-0.00002702
2026-07-18T16:00:00Z,FILUSDT,-0.00022569
2026-07-19T00:00:00Z,FILUSDT,-0.00015799
2026-07-19T08:00:00Z,FILUSDT,-0.00011418
2026-07-19T16:00:00Z,FILUSDT,-0.00017855
2026-07-20T00:00:00Z,FILUSDT,-0.00002226
2026-07-20T08:00:00Z,FILUSDT,0.00001057
2026-07-20T16:00:00Z,FILUSDT,0.00003061
2026-07-21T00:00:00Z,FILUSDT,0.0001
2026-07-21T08:00:00Z,FILUSDT,0.0001
2026-07-21T16:00:00Z,FILUSDT,0.0001
2026-07-22T00:00:00Z,FILUSDT,0.0001
2026-07-22T08:00:00Z,FILUSDT,0.0001
2026-07-22T16:00:00Z,FILUSDT,0.0001
2026-07-23T00:00:00Z,FILUSDT,0.0001
2026-07-23T08:00:00Z,FILUSDT,0.00002567
2026-07-23T16:00:00Z,FILUSDT,-0.00010308
2026-07-24T00:00:00Z,FILUSDT,-0.00003035
2026-07-24T08:00:00Z,FILUSDT,-0.00010228
2026-07-24T16:00:00Z,FILUSDT,0.00000915
2026-07-25T00:00:00Z,FILUSDT,0.00000392
2026-07-25T08:00:00Z,FILUSDT,-0.00007337
2026-07-25T16:00:00Z,FILUSDT,-0.00008746
2026-07-26T00:00:00Z,FILUSDT,-0.00002874
2026-07-26T08:00:00Z,FILUSDT,0.00001547
2026-07-26T16:00:00Z,FILUSDT,0.0001
2026-07-27T00:00:00Z,FILUSDT,0.0001
2026-07-27T08:00:00Z,FILUSDT,0.0001
2026-07-27T16:00:00Z,FILUSDT,0.00003702
2026-07-28T00:00:00Z,FILUSDT,-0.00019799
2026-07-28T08:00:00Z,FILUSDT,-0.00012923
2026-07-28T16:00:00Z,FILUSDT,-0.00010606
2026-07-29T00:00:00Z,FILUSDT,-0.00006514
2026-07-29T08:00:00Z,FILUSDT,-0.00009854
2026-07-29T16:00:00Z,FILUSDT,-0.00004348
2026-07-30T00:00:00Z,FILUSDT,-0.00008089
2026-07-30T08:00:00Z,FILUSDT,-0.00002383
2026-07-30T16:00:00Z,FILUSDT,0.00005449
2026-07-31T00:00:00Z,FILUSDT,0.0001
2026-07-31T08:00:00Z,FILUSDT,0.0001
2026-07-31T16:00:00Z,FILUSDT,-0.00002956
2026-08-01T00:00:00Z,FILUSDT,-0.00000735
2026-08-01T08:00:00Z,FILUSDT,0.00008098
2026-08-01T16:00:00Z,FILUSDT,0.00001463
2026-08-02T00:00:00Z,FILUSDT,0.0001
2026-08-02T08:00:00Z,FILUSDT,0.0001
2026-08-02T16:00:00Z,FILUSDT,0.0001
2026-08-03T00:00:00Z,FILUSDT,0.00008187
2026-08-03T08:00:00Z,FILUSDT,0.00003663
2026-08-03T16:00:00Z,FILUSDT,0.00007851
2026-08-04T00:00:00Z,FILUSDT,0.00003229
2026-08-04T08:00:00Z,FILUSDT,0.00003542
2026-08-04T16:00:00Z,FILUSDT,-0.00002025
2026-08-05T00:00:00Z,FILUSDT,0.00006
2026-08-05T08:00:00Z,FILUSDT,0.0001
2026-08-05T16:00:00Z,FILUSDT,0.00000441
2026-08-06T00:00:00Z,FILUSDT,-0.00000091
2026-08-06T08:00:00Z,FILUSDT,-0.00001072
2026-08-06T16:00:00Z,FILUSDT,-0.00010197
2026-08-07T00:00:00Z,FILUSDT,0.00000489
2026-08-07T08:00:00Z,FILUSDT,-0.00003991
2026-08-07T16:00:00Z,FILUSDT,-0.00007573
2026-08-08T00:00:00Z,FILUSDT,-0.00015007
2026-08-08T08:00:00Z,FILUSDT,0.00009754
2026-08-08T16:00:00Z,FILUSDT,0.0001
2026-08-09T00:00:00Z,FILUSDT,0.0001
2026-08-09T08:00:00Z,FILUSDT,0.0001
2026-08-09T16:00:00Z,FILUSDT,0.0001
2026-08-10T00:00:00Z,FILUSDT,0.0001
2026-08-10T08:00:00Z,FILUSDT,0.0001
2026-08-10T16:00:00Z,FILUSDT,0.0001
2026-08-11T00:00:00Z,FILUSDT,-0.00001803
2026-08-11T08:00:00Z,FILUSDT,-0.00001207
2026-08-11T16:00:00Z,FILUSDT,0.00000624
2026-08-12T00:00:00Z,FILUSDT,0.00004138
2026-08-12T08:00:00Z,FILUSDT,0.00007628
2026-08-12T16:00:00Z,FILUSDT,-0.00003905
2026-08-13T00:00:00Z,FILUSDT,-0.00018551
2026-08-13T08:00:00Z,FILUSDT,-0.00000264
2026-08-13T16:00:00Z,FILUSDT,-0.00010514
2026-08-14T00:00:00Z,FILUSDT,0.00007377
2026-08-14T08:00:00Z,FILUSDT,-0.00013578
2026-08-14T16:00:00Z,FILUSDT,0.00002298
2026-08-15T00:00:00Z,FILUSDT,0.0001
2026-08-15T08:00:00Z,FILUSDT,0.0001
2026-08-15T16:00:00Z,FILUSDT,0.0001
2026-08-16T00:00:00Z,FILUSDT,0.00004591
2026-08-16T08:00:00Z,FILUSDT,0.0001
2026-08-16T16:00:00Z,FILUSDT,0.00008809
2026-08-17T00:00:00Z,FILUSDT,0.00003841
2026-08-17T08:00:00Z,FILUSDT,0.0000299
2026-08-17T16:00:00Z,FILUSDT,0.00007697
2026-08-18T00:00:00Z,FILUSDT,0.0001
2026-08-18T08:00:00Z,FILUSDT,-0.00032103
2026-08-18T16:00:00Z,FILUSDT,-0.00013188
2026-08-19T00:00:00Z,FILUSDT,0.0001
2026-08-19T08:00:00Z,FILUSDT,0.0001
2026-08-19T16:00:00Z,FILUSDT,0.0001
2026-08-20T00:00:00Z,FILUSDT,0.0001
2026-08-20T08:00:00Z,FILUSDT,0.0001
2026-08-20T16:00:00Z,FILUSDT,0.0001
2026-08-21T00:00:00Z,FILUSDT,0.0001
2026-08-21T08:00:00Z,FILUSDT,0.0001
2026-08-21T16:00:00Z,FILUSDT,0.0001
2026-08-22T00:00:00Z,FILUSDT,0.0001
2026-08-22T08:00:00Z,FILUSDT,0.0001
2026-08-22T16:00:00Z,FILUSDT,0.0001
2026-08-23T00:00:00Z,FILUSDT,0.0001
2026-08-23T08:00:00Z,FILUSDT,0.0001
2026-08-23T16:00:00Z,FILUSDT,0.0001
2026-08-24T00:00:00Z,FILUSDT,0.0001
2026-08-24T08:00:00Z,FILUSDT,0.00009766
2026-08-24T16:00:00Z,FILUSDT,0.00006881
2026-08-25T00:00:00Z,FILUSDT,0.00005246
2026-08-25T08:00:00Z,FILUSDT,0.00007861
2026-08-25T16:00:00Z,FILUSDT,0.00007425
2026-08-26T00:00:00Z,FILUSDT,-0.00000574
2026-08-26T08:00:00Z,FILUSDT,-0.00000098
2026-08-26T16:00:00Z,FILUSDT,-0.0001282
2026-08-27T00:00:00Z,FILUSDT,-0.00002743
2026-08-27T08:00:00Z,FILUSDT,-0.00010914
2026-08-27T16:00:00Z,FILUSDT,0.000033
2026-08-28T00:00:00Z,FILUSDT,0.00007608
2026-08-28T08:00:00Z,FILUSDT,-0.00007312
2026-08-28T16:00:00Z,FILUSDT,-0.00007939
2026-08-29T00:00:00Z,FILUSDT,-0.00005425
2026-08-29T08:00:00Z,FILUSDT,0.00003978
2026-08-29T16:00:00Z,FILUSDT,-0.00002265
2026-08-30T00:00:00Z,FILUSDT,0.00008314
2026-08-30T08:00:00Z,FILUSDT,0.00004513
2026-08-30T16:00:00Z,FILUSDT,0.0000309
2026-08-31T00:00:00Z,FILUSDT,-0.00001364
2026-08-31T08:00:00Z,FILUSDT,-0.00001534
2026-08-31T16:00:00Z,FILUSDT,-0.0000486
2026-09-01T00:00:00Z,FILUSDT,0.0001
2026-09-01T08:00:00Z,FILUSDT,0.0001
2026-09-01T16:00:00Z,FILUSDT,0.0001
2026-09-02T00:00:00Z,FILUSDT,0.00005532
2026-09-02T08:00:00Z,FILUSDT,0.00003874
2026-09-02T16:00:00Z,FILUSDT,0.0001
2026-09-03T00:00:00Z,FILUSDT,0.0001
2026-09-03T08:00:00Z,FILUSDT,0.0001
2026-09-03T16:00:00Z,FILUSDT,0.00007269
2026-09-04T00:00:00Z,FILUSDT,0.00003872
2026-09-04T08:00:00Z,FILUSDT,-0.00006468
2026-09-04T16:00:00Z,FILUSDT,-0.00007008
2026-09-05T00:00:00Z,FILUSDT,0.00000569
2026-09-05T08:00:00Z,FILUSDT,0.0001
2026-09-05T16:00:00Z,FILUSDT,0.00009166
2026-09-06T00:00:00Z,FILUSDT,0.0001
2026-09-06T08:00:00Z,FILUSDT,0.00006284
2026-09-06T16:00:00Z,FILUSDT,0.0000119
2026-09-07T00:00:00Z,FILUSDT,0.00006889
2026-09-07T08:00:00Z,FILUSDT,0.0001
2026-09-07T16:00:00Z,FILUSDT,0.0001
2026-09-08T00:00:00Z,FILUSDT,-0.00010516
2026-09-08T08:00:00Z,FILUSDT,0.00005845
2026-09-08T16:00:00Z,FILUSDT,0.0001
2026-09-09T00:00:00Z,FILUSDT,-0.00003869
2026-09-09T08:00:00Z,FILUSDT,-0.00003721
2026-09-09T16:00:00Z,FILUSDT,-0.00005685
2026-09-10T00:00:00Z,FILUSDT,-0.00005848
2026-09-10T08:00:00Z,FILUSDT,-0.00007389
2026-09-10T16:00:00Z,FILUSDT,-0.00009559
2026-09-11T00:00:00Z,FILUSDT,0.00001768
2026-09-11T08:00:00Z,FILUSDT,0.00000863
2026-09-11T16:00:00Z,FILUSDT,0.0000563
2026-09-12T00:00:00Z,FILUSDT,-0.00007939
2026-09-12T08:00:00Z,FILUSDT,0.00004944
2026-09-12T16:00:00Z,FILUSDT,0.0001
2026-09-13T00:00:00Z,FILUSDT,-0.00005276
2026-09-13T08:00:00Z,FILUSDT,0.00006855
2026-09-13T16:00:00Z,FILUSDT,0.0001
2026-09-14T00:00:00Z,FILUSDT,0.0001
2026-09-14T08:00:00Z,FILUSDT,0.0001
2026-09-14T16:00:00Z,FILUSDT,0.00005981
2026-09-15T00:00:00Z,FILUSDT,-0.00004183
2026-09-15T08:00:00Z,FILUSDT,0.00009661
2026-09-15T16:00:00Z,FILUSDT,-0.00003286
2026-09-16T00:00:00Z,FILUSDT,-0.00006497
2026-09-16T08:00:00Z,FILUSDT,-0.00012425
2026-09-16T16:00:00Z,FILUSDT,-0.00001819
2026-09-17T00:00:00Z,FILUSDT,-0.0000878
2026-09-17T08:00:00Z,FILUSDT,-0.00004091
2026-09-17T16:00:00Z,FILUSDT,0.00003722
2026-09-18T00:00:00Z,FILUSDT,0.00001639
2026-09-18T08:00:00Z,FILUSDT,0.00009014
2026-09-18T16:00:00Z,FILUSDT,0.0001
2026-09-19T00:00:00Z,FILUSDT,0.0001
2026-09-19T08:00:00Z,FILUSDT,0.0001
2026-09-19T16:00:00Z,FILUSDT,0.0001
2026-09-20T00:00:00Z,FILUSDT,0.0001
2026-09-20T08:00:00Z,FILUSDT,0.0001
2026-09-20T16:00:00Z,FILUSDT,-0.00000174
2026-09-21T00:00:00Z,FILUSDT,0.00001751
2026-09-21T08:00:00Z,FILUSDT,0.00000491
2026-09-21T16:00:00Z,FILUSDT,-0.00011664
2026-09-22T00:00:00Z,FILUSDT,0.00005045
2026-09-22T08:00:00Z,FILUSDT,0.00008394
2026-09-22T16:00:00Z,FILUSDT,0.0001
2026-09-23T00:00:00Z,FILUSDT,0.0001
2026-09-23T08:00:00Z,FILUSDT,0.0001
2026-09-23T16:00:00Z,FILUSDT,0.0001
2026-09-24T00:00:00Z,FILUSDT,-0.00022038
2026-09-24T08:00:00Z,FILUSDT,0.00008916
2026-09-24T16:00:00Z,FILUSDT,0.00007642
2026-09-25T00:00:00Z,FILUSDT,0.0001
2026-09-25T08:00:00Z,FILUSDT,-0.00008241
2026-09-25T16:00:00Z,FILUSDT,0.0001
2026-09-26T00:00:00Z,FILUSDT,0.00008369
2026-09-26T08:00:00Z,FILUSDT,0.00008508
2026-09-26T16:00:00Z,FILUSDT,0.0001
2026-09-27T00:00:00Z,FILUSDT,0.00000224
2026-09-27T08:00:00Z,FILUSDT,-0.00008638
2026-09-27T16:00:00Z,FILUSDT,0.0001
2026-09-28T00:00:00Z,FILUSDT,0.0001
2026-09-28T08:00:00Z,FILUSDT,0.0001
2026-09-28T16:00:00Z,FILUSDT,-0.00007761
2026-09-29T00:00:00Z,FILUSDT,-0.00002228
2026-09-29T08:00:00Z,FILUSDT,-0.00000733
2026-09-29T16:00:00Z,FILUSDT,-0.000037
2026-09-30T00:00:00Z,FILUSDT,0.00003882
2026-09-30T08:00:00Z,FILUSDT,0.00000011
2026-09-30T16:00:00Z,FILUSDT,-0.00000727
2026-10-01T00:00:00Z,FILUSDT,0.0000171
2026-10-01T08:00:00Z,FILUSDT,0.00003699
2026-10-01T16:00:00Z,FILUSDT,-0.00001392
2026-10-02T00:00:00Z,FILUSDT,0.0001
2026-10-02T08:00:00Z,FILUSDT,0.0001
2026-10-02T16:00:00Z,FILUSDT,0.0001
2026-10-03T00:00:00Z,FILUSDT,0.00003656
2026-10-03T08:00:00Z,FILUSDT,0.0001
2026-10-03T16:00:00Z,FILUSDT,0.0000524
2026-10-04T00:00:00Z,FILUSDT,-0.00004553
2026-10-04T08:00:00Z,FILUSDT,0.0001
2026-10-04T16:00:00Z,FILUSDT,0.0000132
2026-10-05T00:00:00Z,FILUSDT,0.00008449
2026-10-05T08:00:00Z,FILUSDT,0.0001
2026-10-05T16:00:00Z,FILUSDT,0.0001
2026-10-06T00:00:00Z,FILUSDT,0.0001
2026-10-06T08:00:00Z,FILUSDT,0.0001
2026-10-06T16:00:00Z,FILUSDT,0.0001
2026-10-07T00:00:00Z,FILUSDT,0.00004914
2026-10-07T08:00:00Z,FILUSDT,0.00002443
2026-10-07T16:00:00Z,FILUSDT,-0.00025324
2026-10-08T00:00:00Z,FILUSDT,-0.00011425
2026-10-08T08:00:00Z,FILUSDT,0.00008122
2026-10-08T16:00:00Z,FILUSDT,0.00006593
2026-10-09T00:00:00Z,FILUSDT,0.00006835
