timestamp,symbol,funding_rate
2023-10-09T00:00:00Z,INJUSDT,-0.00016212
2023-10-09T08:00:00Z,INJUSDT,-0.00006388
2023-10-09T16:00:00Z,INJUSDT,0.0001
2023-10-10T00:00:00Z,INJUSDT,0.00000632
2023-10-10T08:00:00Z,INJUSDT,-0.00005001
2023-10-10T16:00:00Z,INJUSDT,0.00008737
2023-10-11T00:00:00Z,INJUSDT,0.00008065
2023-10-11T08:00:00Z,INJUSDT,0.00001291
2023-10-11T16:00:00Z,INJUSDT,-0.00005077
2023-10-12T00:00:00Z,INJUSDT,-0.00001378
2023-10-12T08:00:00Z,INJUSDT,-0.00006853
2023-10-12T16:00:00Z,INJUSDT,-0.00004466
2023-10-13T00:00:00Z,INJUSDT,0.00002934
2023-10-13T08:00:00Z,INJUSDT,-0.00002188
2023-10-13T16:00:00Z,INJUSDT,-0.00004588
2023-10-14T00:00:00Z,INJUSDT,-0.00012796
2023-10-14T08:00:00Z,INJUSDT,-0.00036887
2023-10-14T16:00:00Z,INJUSDT,-0.00008462
2023-10-15T00:00:00Z,INJUSDT,-0.00030418
2023-10-15T08:00:00Z,INJUSDT,-0.0001536
2023-10-15T16:00:00Z,INJUSDT,-0.00011032
2023-10-16T00:00:00Z,INJUSDT,0.00006414
2023-10-16T08:00:00Z,INJUSDT,-0.00010108
2023-10-16T16:00:00Z,INJUSDT,-0.0000376
2023-10-17T00:00:00Z,INJUSDT,-0.00012276
2023-10-17T08:00:00Z,INJUSDT,-0.00009519
2023-10-17T16:00:00Z,INJUSDT,0.00007268
2023-10-18T00:00:00Z,INJUSDT,-0.00013743
2023-10-18T08:00:00Z,INJUSDT,-0.00070089
2023-10-18T16:00:00Z,INJUSDT,-0.00028533
2023-10-19T00:00:00Z,INJUSDT,-0.00027664
2023-10-19T08:00:00Z,INJUSDT,-0.00054942
2023-10-19T16:00:00Z,INJUSDT,-0.00086762
2023-10-20T00:00:00Z,INJUSDT,-0.00047532
2023-10-20T08:00:00Z,INJUSDT,-0.00031457
2023-10-20T16:00:00Z,INJUSDT,-0.00029127
2023-10-21T00:00:00Z,INJUSDT,-0.00003864
2023-10-21T08:00:00Z,INJUSDT,-0.00052116
2023-10-21T16:00:00Z,INJUSDT,-0.00002773
2023-10-22T00:00:00Z,INJUSDT,0.00000789
2023-10-22T08:00:00Z,INJUSDT,-0.00005638
2023-10-22T16:00:00Z,INJUSDT,0.00001587
2023-10-23T00:00:00Z,INJUSDT,-0.00000736
2023-10-23T08:00:00Z,INJUSDT,0.00008144
2023-10-23T16:00:00Z,INJUSDT,0.0001
2023-10-24T00:00:00Z,INJUSDT,0.0001
2023-10-24T08:00:00Z,INJUSDT,-0.00001771
2023-10-24T16:00:00Z,INJUSDT,0.0001
2023-10-25T00:00:00Z,INJUSDT,0.0001
2023-10-25T08:00:00Z,INJUSDT,0.0001
2023-10-25T16:00:00Z,INJUSDT,0.0001
2023-10-26T00:00:00Z,INJUSDT,0.0001
2023-10-26T08:00:00Z,INJUSDT,0.0001
2023-10-26T16:00:00Z,INJUSDT,0.00016422
2023-10-27T00:00:00Z,INJUSDT,0.0001
2023-10-27T08:00:00Z,INJUSDT,0.0001
2023-10-27T16:00:00Z,INJUSDT,0.0001
2023-10-28T00:00:00Z,INJUSDT,0.0001
2023-10-28T08:00:00Z,INJUSDT,0.0001
2023-10-28T16:00:00Z,INJUSDT,0.0001
2023-10-29T00:00:00Z,INJUSDT,0.0001
2023-10-29T08:00:00Z,INJUSDT,0.0001
2023-10-29T16:00:00Z,INJUSDT,0.0001
2023-10-30T00:00:00Z,INJUSDT,0.0001
2023-10-30T08:00:00Z,INJUSDT,0.0001
2023-10-30T16:00:00Z,INJUSDT,0.0001
2023-10-31T00:00:00Z,INJUSDT,0.0001
2023-10-31T08:00:00Z,INJUSDT,0.0001
2023-10-31T16:00:00Z,INJUSDT,0.0001
2023-11-01T00:00:00Z,INJUSDT,0.0001
2023-11-01T08:00:00Z,INJUSDT,0.0001
2023-11-01T16:00:00Z,INJUSDT,0.0001
2023-11-02T00:00:00Z,INJUSDT,0.0001
2023-11-02T08:00:00Z,INJUSDT,0.0001
2023-11-02T16:00:00Z,INJUSDT,0.0001
2023-11-03T00:00:00Z,INJUSDT,0.0001
2023-11-03T08:00:00Z,INJUSDT,0.0001
2023-11-03T16:00:00Z,INJUSDT,0.0001
2023-11-04T00:00:00Z,INJUSDT,0.0001
2023-11-04T08:00:00Z,INJUSDT,0.0001
2023-11-04T16:00:00Z,INJUSDT,0.0001
2023-11-05T00:00:00Z,INJUSDT,0.00010924
2023-11-05T08:00:00Z,INJUSDT,0.0001
2023-11-05T16:00:00Z,INJUSDT,0.0001
2023-11-06T00:00:00Z,INJUSDT,0.0001
2023-11-06T08:00:00Z,INJUSDT,0.0001
2023-11-06T16:00:00Z,INJUSDT,0.00053111
2023-11-07T00:00:00Z,INJUSDT,0.00040469
2023-11-07T08:00:00Z,INJUSDT,0.00012622
2023-11-07T16:00:00Z,INJUSDT,0.00035019
2023-11-08T00:00:00Z,INJUSDT,0.00023566
2023-11-08T08:00:00Z,INJUSDT,0.00045595
2023-11-08T16:00:00Z,INJUSDT,0.0001
2023-11-09T00:00:00Z,INJUSDT,0.0001
2023-11-09T08:00:00Z,INJUSDT,0.00025813
2023-11-09T16:00:00Z,INJUSDT,0.00063328
2023-11-10T00:00:00Z,INJUSDT,0.0001
2023-11-10T08:00:00Z,INJUSDT,0.0001
2023-11-10T16:00:00Z,INJUSDT,0.0001
2023-11-11T00:00:00Z,INJUSDT,0.0006066
2023-11-11T08:00:00Z,INJUSDT,0.00055906
2023-11-11T16:00:00Z,INJUSDT,0.00087715
2023-11-12T00:00:00Z,INJUSDT,0.00076495
2023-11-12T08:00:00Z,INJUSDT,0.00041962
2023-11-12T16:00:00Z,INJUSDT,0.00074683
2023-11-13T00:00:00Z,INJUSDT,0.00073439
2023-11-13T08:00:00Z,INJUSDT,0.0003358
2023-11-13T16:00:00Z,INJUSDT,0.00038049
2023-11-14T00:00:00Z,INJUSDT,0.0001
2023-11-14T08:00:00Z,INJUSDT,0.0001
2023-11-14T16:00:00Z,INJUSDT,0.00015987
2023-11-15T00:00:00Z,INJUSDT,0.0001
2023-11-15T08:00:00Z,INJUSDT,0.0001
2023-11-15T16:00:00Z,INJUSDT,0.0001
2023-11-16T00:00:00Z,INJUSDT,0.0001
2023-11-16T08:00:00Z,INJUSDT,0.00047879
2023-11-16T16:00:00Z,INJUSDT,0.00018375
2023-11-17T00:00:00Z,INJUSDT,0.0001
2023-11-17T08:00:00Z,INJUSDT,0.0001
2023-11-17T16:00:00Z,INJUSDT,0.0001
2023-11-18T00:00:00Z,INJUSDT,0.0001
2023-11-18T08:00:00Z,INJUSDT,0.0001
2023-11-18T16:00:00Z,INJUSDT,0.0001
2023-11-19T00:00:00Z,INJUSDT,0.0001
2023-11-19T08:00:00Z,INJUSDT,0.0001
2023-11-19T16:00:00Z,INJUSDT,0.0001
2023-11-20T00:00:00Z,INJUSDT,0.0001
2023-11-20T08:00:00Z,INJUSDT,0.0001
2023-11-20T16:00:00Z,INJUSDT,0.0001
2023-11-21T00:00:00Z,INJUSDT,0.0001
2023-11-21T08:00:00Z,INJUSDT,0.0001
2023-11-21T16:00:00Z,INJUSDT,0.0001
2023-11-22T00:00:00Z,INJUSDT,0.0001
2023-11-22T08:00:00Z,INJUSDT,0.0001
2023-11-22T16:00:00Z,INJUSDT,0.0001
2023-11-23T00:00:00Z,INJUSDT,0.0001
2023-11-23T08:00:00Z,INJUSDT,0.0001
2023-11-23T16:00:00Z,INJUSDT,0.0001
2023-11-24T00:00:00Z,INJUSDT,0.0001
2023-11-24T08:00:00Z,INJUSDT,0.0001
2023-11-24T16:00:00Z,INJUSDT,0.0001
2023-11-25T00:00:00Z,INJUSDT,0.0001
2023-11-25T08:00:00Z,INJUSDT,0.0001
2023-11-25T16:00:00Z,INJUSDT,0.0001
2023-11-26T00:00:00Z,INJUSDT,0.0001
2023-11-26T08:00:00Z,INJUSDT,0.0001
2023-11-26T16:00:00Z,INJUSDT,0.0001
2023-11-27T00:00:00Z,INJUSDT,0.0001
2023-11-27T08:00:00Z,INJUSDT,0.0001
2023-11-27T16:00:00Z,INJUSDT,0.00016575
2023-11-28T00:00:00Z,INJUSDT,0.0001
2023-11-28T08:00:00Z,INJUSDT,0.0001
2023-11-28T16:00:00Z,INJUSDT,0.0001
2023-11-29T00:00:00Z,INJUSDT,0.0001
2023-11-29T08:00:00Z,INJUSDT,0.0001
2023-11-29T16:00:00Z,INJUSDT,0.0001
2023-11-30T00:00:00Z,INJUSDT,0.0001
2023-11-30T08:00:00Z,INJUSDT,0.00014534
2023-11-30T16:00:00Z,INJUSDT,0.00012605
2023-12-01T00:00:00Z,INJUSDT,0.00020823
2023-12-01T08:00:00Z,INJUSDT,0.00012157
2023-12-01T16:00:00Z,INJUSDT,0.0001
2023-12-02T00:00:00Z,INJUSDT,0.0001946
2023-12-02T08:00:00Z,INJUSDT,0.00035295
2023-12-02T16:00:00Z,INJUSDT,0.00028512
2023-12-03T00:00:00Z,INJUSDT,0.00029795
2023-12-03T08:00:00Z,INJUSDT,0.00026841
2023-12-03T16:00:00Z,INJUSDT,0.00034684
2023-12-04T00:00:00Z,INJUSDT,0.00033203
2023-12-04T08:00:00Z,INJUSDT,0.00098365
2023-12-04T16:00:00Z,INJUSDT,0.00018055
2023-12-05T00:00:00Z,INJUSDT,0.0001
2023-12-05T08:00:00Z,INJUSDT,0.0001
2023-12-05T16:00:00Z,INJUSDT,0.00018974
2023-12-06T00:00:00Z,INJUSDT,0.0001
2023-12-06T08:00:00Z,INJUSDT,0.0001
2023-12-06T16:00:00Z,INJUSDT,0.00022202
2023-12-07T00:00:00Z,INJUSDT,0.00028399
2023-12-07T08:00:00Z,INJUSDT,0.00027622
2023-12-07T16:00:00Z,INJUSDT,0.00012861
2023-12-08T00:00:00Z,INJUSDT,0.00021495
2023-12-08T08:00:00Z,INJUSDT,0.00048737
2023-12-08T16:00:00Z,INJUSDT,0.000528
2023-12-09T00:00:00Z,INJUSDT,0.00051679
2023-12-09T08:00:00Z,INJUSDT,0.00043691
2023-12-09T16:00:00Z,INJUSDT,0.00065713
2023-12-10T00:00:00Z,INJUSDT,0.00032766
2023-12-10T08:00:00Z,INJUSDT,0.00041475
2023-12-10T16:00:00Z,INJUSDT,0.00030901
2023-12-11T00:00:00Z,INJUSDT,0.00037428
2023-12-11T08:00:00Z,INJUSDT,0.00018159
2023-12-11T16:00:00Z,INJUSDT,0.00010795
2023-12-12T00:00:00Z,INJUSDT,0.00018693
2023-12-12T08:00:00Z,INJUSDT,0.00057082
2023-12-12T16:00:00Z,INJUSDT,0.0003081
2023-12-13T00:00:00Z,INJUSDT,0.00041095
2023-12-13T08:00:00Z,INJUSDT,0.00011191
2023-12-13T16:00:00Z,INJUSDT,0.0001
2023-12-14T00:00:00Z,INJUSDT,0.0001
2023-12-14T08:00:00Z,INJUSDT,0.00024837
2023-12-14T16:00:00Z,INJUSDT,0.00047709
2023-12-15T00:00:00Z,INJUSDT,0.00019928
2023-12-15T08:00:00Z,INJUSDT,0.00039937
2023-12-15T16:00:00Z,INJUSDT,0.00043524
2023-12-16T00:00:00Z,INJUSDT,0.00022017
2023-12-16T08:00:00Z,INJUSDT,0.0001
2023-12-16T16:00:00Z,INJUSDT,0.0001
2023-12-17T00:00:00Z,INJUSDT,0.0001
2023-12-17T08:00:00Z,INJUSDT,0.00024405
2023-12-17T16:00:00Z,INJUSDT,0.00021958
2023-12-18T00:00:00Z,INJUSDT,0.0001
2023-12-18T08:00:00Z,INJUSDT,0.0001
2023-12-18T16:00:00Z,INJUSDT,0.0001
2023-12-19T00:00:00Z,INJUSDT,0.0001
2023-12-19T08:00:00Z,INJUSDT,0.0001
2023-12-19T16:00:00Z,INJUSDT,0.0001
2023-12-20T00:00:00Z,INJUSDT,0.0001
2023-12-20T08:00:00Z,INJUSDT,0.0001
2023-12-20T16:00:00Z,INJUSDT,0.00022624
2023-12-21T00:00:00Z,INJUSDT,0.0001
2023-12-21T08:00:00Z,INJUSDT,0.0001
2023-12-21T16:00:00Z,INJUSDT,0.00021558
2023-12-22T00:00:00Z,INJUSDT,0.00018789
2023-12-22T08:00:00Z,INJUSDT,0.00038635
2023-12-22T16:00:00Z,INJUSDT,0.00054248
2023-12-23T00:00:00Z,INJUSDT,0.00062051
2023-12-23T08:00:00Z,INJUSDT,0.00042521
2023-12-23T16:00:00Z,INJUSDT,0.00057223
2023-12-24T00:00:00Z,INJUSDT,0.00063697
2023-12-24T08:00:00Z,INJUSDT,0.00051198
2023-12-24T16:00:00Z,INJUSDT,0.00040565
2023-12-25T00:00:00Z,INJUSDT,0.00048886
2023-12-25T08:00:00Z,INJUSDT,0.00053778
2023-12-25T16:00:00Z,INJUSDT,0.00086162
2023-12-26T00:00:00Z,INJUSDT,0.00087064
2023-12-26T08:00:00Z,INJUSDT,0.00067673
2023-12-26T16:00:00Z,INJUSDT,0.00088641
2023-12-27T00:00:00Z,INJUSDT,0.00049873
2023-12-27T08:00:00Z,INJUSDT,0.00028143
2023-12-27T16:00:00Z,INJUSDT,0.00048554
2023-12-28T00:00:00Z,INJUSDT,0.00054529
2023-12-28T08:00:00Z,INJUSDT,0.00076594
2023-12-28T16:00:00Z,INJUSDT,0.00097008
2023-12-29T00:00:00Z,INJUSDT,0.00060877
2023-12-29T08:00:00Z,INJUSDT,0.00061456
2023-12-29T16:00:00Z,INJUSDT,0.00062397
2023-12-30T00:00:00Z,INJUSDT,0.00049177
2023-12-30T08:00:00Z,INJUSDT,0.00032343
2023-12-30T16:00:00Z,INJUSDT,0.00058514
2023-12-31T00:00:00Z,INJUSDT,0.00053544
2023-12-31T08:00:00Z,INJUSDT,0.00032417
2023-12-31T16:00:00Z,INJUSDT,0.00054087
2024-01-01T00:00:00Z,INJUSDT,0.00055728
2024-01-01T08:00:00Z,INJUSDT,0.00042248
2024-01-01T16:00:00Z,INJUSDT,0.00069649
2024-01-02T00:00:00Z,INJUSDT,0.00118582
2024-01-02T08:00:00Z,INJUSDT,0.00081197
2024-01-02T16:00:00Z,INJUSDT,0.00109641
2024-01-03T00:00:00Z,INJUSDT,0.00083633
2024-01-03T08:00:00Z,INJUSDT,0.00048862
2024-01-03T16:00:00Z,INJUSDT,0.0001
2024-01-04T00:00:00Z,INJUSDT,0.0001
2024-01-04T08:00:00Z,INJUSDT,0.0001
2024-01-04T16:00:00Z,INJUSDT,0.0003354
2024-01-05T00:00:00Z,INJUSDT,0.00025393
2024-01-05T08:00:00Z,INJUSDT,0.0001
2024-01-05T16:00:00Z,INJUSDT,0.0001
2024-01-06T00:00:00Z,INJUSDT,0.0001
2024-01-06T08:00:00Z,INJUSDT,0.0001
2024-01-06T16:00:00Z,INJUSDT,0.0001
2024-01-07T00:00:00Z,INJUSDT,0.0001
2024-01-07T08:00:00Z,INJUSDT,0.0001
2024-01-07T16:00:00Z,INJUSDT,0.0001
2024-01-08T00:00:00Z,INJUSDT,0.0001
2024-01-08T08:00:00Z,INJUSDT,0.0001
2024-01-08T16:00:00Z,INJUSDT,0.0001
2024-01-09T00:00:00Z,INJUSDT,0.00036555
2024-01-09T08:00:00Z,INJUSDT,0.0001
2024-01-09T16:00:00Z,INJUSDT,0.0001
2024-01-10T00:00:00Z,INJUSDT,0.0001
2024-01-10T08:00:00Z,INJUSDT,0.0001
2024-01-10T16:00:00Z,INJUSDT,0.0001
2024-01-11T00:00:00Z,INJUSDT,0.0001
2024-01-11T08:00:00Z,INJUSDT,0.0001
2024-01-11T16:00:00Z,INJUSDT,0.00022493
2024-01-12T00:00:00Z,INJUSDT,0.0001
2024-01-12T08:00:00Z,INJUSDT,0.0001
2024-01-12T16:00:00Z,INJUSDT,0.0001
2024-01-13T00:00:00Z,INJUSDT,0.0001
2024-01-13T08:00:00Z,INJUSDT,0.0001
2024-01-13T16:00:00Z,INJUSDT,0.0001
2024-01-14T00:00:00Z,INJUSDT,0.0001
2024-01-14T08:00:00Z,INJUSDT,0.0001
2024-01-14T16:00:00Z,INJUSDT,0.0001
2024-01-15T00:00:00Z,INJUSDT,0.0001
2024-01-15T08:00:00Z,INJUSDT,0.0001
2024-01-15T16:00:00Z,INJUSDT,0.00020152
2024-01-16T00:00:00Z,INJUSDT,0.00033888
2024-01-16T08:00:00Z,INJUSDT,0.00023235
2024-01-16T16:00:00Z,INJUSDT,0.00015756
2024-01-17T00:00:00Z,INJUSDT,0.0001
2024-01-17T08:00:00Z,INJUSDT,0.0001
2024-01-17T16:00:00Z,INJUSDT,0.00019327
2024-01-18T00:00:00Z,INJUSDT,0.0001
2024-01-18T08:00:00Z,INJUSDT,0.0001
2024-01-18T16:00:00Z,INJUSDT,0.00010833
2024-01-19T00:00:00Z,INJUSDT,0.0001
2024-01-19T08:00:00Z,INJUSDT,0.0001
2024-01-19T16:00:00Z,INJUSDT,0.0001
2024-01-20T00:00:00Z,INJUSDT,0.0001
2024-01-20T08:00:00Z,INJUSDT,0.0001
2024-01-20T16:00:00Z,INJUSDT,0.0001
2024-01-21T00:00:00Z,INJUSDT,0.0001
2024-01-21T08:00:00Z,INJUSDT,0.0001
2024-01-21T16:00:00Z,INJUSDT,0.0001
2024-01-22T00:00:00Z,INJUSDT,0.0001
2024-01-22T08:00:00Z,INJUSDT,0.0001
2024-01-22T16:00:00Z,INJUSDT,0.0001
2024-01-23T00:00:00Z,INJUSDT,0.0001
2024-01-23T08:00:00Z,INJUSDT,0.0001
2024-01-23T16:00:00Z,INJUSDT,0.0001
2024-01-24T00:00:00Z,INJUSDT,0.0001
2024-01-24T08:00:00Z,INJUSDT,0.0001
2024-01-24T16:00:00Z,INJUSDT,0.0001
2024-01-25T00:00:00Z,INJUSDT,0.0001
2024-01-25T08:00:00Z,INJUSDT,0.0001
2024-01-25T16:00:00Z,INJUSDT,0.0001
2024-01-26T00:00:00Z,INJUSDT,0.0001
2024-01-26T08:00:00Z,INJUSDT,0.0001
2024-01-26T16:00:00Z,INJUSDT,0.0001
2024-01-27T00:00:00Z,INJUSDT,0.0001
2024-01-27T08:00:00Z,INJUSDT,0.0001
2024-01-27T16:00:00Z,INJUSDT,0.00000263
2024-01-28T00:00:00Z,INJUSDT,0.0001
2024-01-28T08:00:00Z,INJUSDT,0.0001
2024-01-28T16:00:00Z,INJUSDT,0.0001
2024-01-29T00:00:00Z,INJUSDT,0.0001
2024-01-29T08:00:00Z,INJUSDT,0.0001
2024-01-29T16:00:00Z,INJUSDT,0.0001
2024-01-30T00:00:00Z,INJUSDT,0.0001
2024-01-30T08:00:00Z,INJUSDT,0.0001
2024-01-30T16:00:00Z,INJUSDT,0.0001
2024-01-31T00:00:00Z,INJUSDT,0.0001
2024-01-31T08:00:00Z,INJUSDT,0.0001
2024-01-31T16:00:00Z,INJUSDT,0.0001
2024-02-01T00:00:00Z,INJUSDT,0.0001
2024-02-01T08:00:00Z,INJUSDT,0.0001
2024-02-01T16:00:00Z,INJUSDT,0.0001
2024-02-02T00:00:00Z,INJUSDT,0.0001
2024-02-02T08:00:00Z,INJUSDT,0.0001
2024-02-02T16:00:00Z,INJUSDT,0.0001
2024-02-03T00:00:00Z,INJUSDT,0.0001
2024-02-03T08:00:00Z,INJUSDT,0.0001
2024-02-03T16:00:00Z,INJUSDT,0.0001
2024-02-04T00:00:00Z,INJUSDT,0.0001
2024-02-04T08:00:00Z,INJUSDT,0.0001
2024-02-04T16:00:00Z,INJUSDT,0.0001
2024-02-05T00:00:00Z,INJUSDT,0.0001
2024-02-05T08:00:00Z,INJUSDT,0.0001
2024-02-05T16:00:00Z,INJUSDT,0.0001
2024-02-06T00:00:00Z,INJUSDT,0.0001
2024-02-06T08:00:00Z,INJUSDT,0.0001
2024-02-06T16:00:00Z,INJUSDT,0.0001
2024-02-07T00:00:00Z,INJUSDT,0.0001
2024-02-07T08:00:00Z,INJUSDT,0.0001
2024-02-07T16:00:00Z,INJUSDT,0.00019588
2024-02-08T00:00:00Z,INJUSDT,0.0001
2024-02-08T08:00:00Z,INJUSDT,0.0001
2024-02-08T16:00:00Z,INJUSDT,0.0001
2024-02-09T00:00:00Z,INJUSDT,0.0001
2024-02-09T08:00:00Z,INJUSDT,0.0001
2024-02-09T16:00:00Z,INJUSDT,0.00030152
2024-02-10T00:00:00Z,INJUSDT,0.000389
2024-02-10T08:00:00Z,INJUSDT,0.00017492
2024-02-10T16:00:00Z,INJUSDT,0.00012929
2024-02-11T00:00:00Z,INJUSDT,0.0001
2024-02-11T08:00:00Z,INJUSDT,0.00041213
2024-02-11T16:00:00Z,INJUSDT,0.00032118
2024-02-12T00:00:00Z,INJUSDT,0.00025944
2024-02-12T08:00:00Z,INJUSDT,0.00025151
2024-02-12T16:00:00Z,INJUSDT,0.00030399
2024-02-13T00:00:00Z,INJUSDT,0.000752
2024-02-13T08:00:00Z,INJUSDT,0.00070798
2024-02-13T16:00:00Z,INJUSDT,0.00056292
2024-02-14T00:00:00Z,INJUSDT,0.00055125
2024-02-14T08:00:00Z,INJUSDT,0.00074127
2024-02-14T16:00:00Z,INJUSDT,0.00073966
2024-02-15T00:00:00Z,INJUSDT,0.00074651
2024-02-15T08:00:00Z,INJUSDT,0.00063418
2024-02-15T16:00:00Z,INJUSDT,0.00079212
2024-02-16T00:00:00Z,INJUSDT,0.00076629
2024-02-16T08:00:00Z,INJUSDT,0.00077858
2024-02-16T16:00:00Z,INJUSDT,0.00067394
2024-02-17T00:00:00Z,INJUSDT,0.00038207
2024-02-17T08:00:00Z,INJUSDT,0.00054962
2024-02-17T16:00:00Z,INJUSDT,0.00073172
2024-02-18T00:00:00Z,INJUSDT,0.00086853
2024-02-18T08:00:00Z,INJUSDT,0.00083923
2024-02-18T16:00:00Z,INJUSDT,0.00084338
2024-02-19T00:00:00Z,INJUSDT,0.00062105
2024-02-19T08:00:00Z,INJUSDT,0.00060274
2024-02-19T16:00:00Z,INJUSDT,0.00052074
2024-02-20T00:00:00Z,INJUSDT,0.00083633
2024-02-20T08:00:00Z,INJUSDT,0.00042354
2024-02-20T16:00:00Z,INJUSDT,0.00051785
2024-02-21T00:00:00Z,INJUSDT,0.0001
2024-02-21T08:00:00Z,INJUSDT,0.00020479
2024-02-21T16:00:00Z,INJUSDT,0.00014469
2024-02-22T00:00:00Z,INJUSDT,0.0001
2024-02-22T08:00:00Z,INJUSDT,0.00020461
2024-02-22T16:00:00Z,INJUSDT,0.0002611
2024-02-23T00:00:00Z,INJUSDT,0.0003699
2024-02-23T08:00:00Z,INJUSDT,0.00016813
2024-02-23T16:00:00Z,INJUSDT,0.0002032
2024-02-24T00:00:00Z,INJUSDT,0.00014982
2024-02-24T08:00:00Z,INJUSDT,0.00028749
2024-02-24T16:00:00Z,INJUSDT,0.00032905
2024-02-25T00:00:00Z,INJUSDT,0.00015334
2024-02-25T08:00:00Z,INJUSDT,0.00028145
2024-02-25T16:00:00Z,INJUSDT,0.00041498
2024-02-26T00:00:00Z,INJUSDT,0.00030649
2024-02-26T08:00:00Z,INJUSDT,0.00050881
2024-02-26T16:00:00Z,INJUSDT,0.00035498
2024-02-27T00:00:00Z,INJUSDT,0.00060829
2024-02-27T08:00:00Z,INJUSDT,0.0006891
2024-02-27T16:00:00Z,INJUSDT,0.00045775
2024-02-28T00:00:00Z,INJUSDT,0.00065753
2024-02-28T08:00:00Z,INJUSDT,0.00054777
2024-02-28T16:00:00Z,INJUSDT,0.00070655
2024-02-29T00:00:00Z,INJUSDT,0.00066121
2024-02-29T08:00:00Z,INJUSDT,0.00107876
2024-02-29T16:00:00Z,INJUSDT,0.00130323
2024-03-01T00:00:00Z,INJUSDT,0.00102467
2024-03-01T08:00:00Z,INJUSDT,0.00085081
2024-03-01T16:00:00Z,INJUSDT,0.00063061
2024-03-02T00:00:00Z,INJUSDT,0.0009617
2024-03-02T08:00:00Z,INJUSDT,0.0010102
2024-03-02T16:00:00Z,INJUSDT,0.00108442
2024-03-03T00:00:00Z,INJUSDT,0.00127531
2024-03-03T08:00:00Z,INJUSDT,0.00132292
2024-03-03T16:00:00Z,INJUSDT,0.00066064
2024-03-04T00:00:00Z,INJUSDT,0.00062644
2024-03-04T08:00:00Z,INJUSDT,0.00095591
2024-03-04T16:00:00Z,INJUSDT,0.00086266
2024-03-05T00:00:00Z,INJUSDT,0.00063642
2024-03-05T08:00:00Z,INJUSDT,0.00130335
2024-03-05T16:00:00Z,INJUSDT,0.00108785
2024-03-06T00:00:00Z,INJUSDT,0.0001
2024-03-06T08:00:00Z,INJUSDT,0.0002144
2024-03-06T16:00:00Z,INJUSDT,0.00041291
2024-03-07T00:00:00Z,INJUSDT,0.0004453
2024-03-07T08:00:00Z,INJUSDT,0.00031902
2024-03-07T16:00:00Z,INJUSDT,0.00065766
2024-03-08T00:00:00Z,INJUSDT,0.00068394
2024-03-08T08:00:00Z,INJUSDT,0.00086874
2024-03-08T16:00:00Z,INJUSDT,0.00106708
2024-03-09T00:00:00Z,INJUSDT,0.00070825
2024-03-09T08:00:00Z,INJUSDT,0.00107428
2024-03-09T16:00:00Z,INJUSDT,0.00104993
2024-03-10T00:00:00Z,INJUSDT,0.00141906
2024-03-10T08:00:00Z,INJUSDT,0.00153681
2024-03-10T16:00:00Z,INJUSDT,0.000607
2024-03-11T00:00:00Z,INJUSDT,0.00061247
2024-03-11T08:00:00Z,INJUSDT,0.00067652
2024-03-11T16:00:00Z,INJUSDT,0.00044139
2024-03-12T00:00:00Z,INJUSDT,0.00076749
2024-03-12T08:00:00Z,INJUSDT,0.00035846
2024-03-12T16:00:00Z,INJUSDT,0.0003083
2024-03-13T00:00:00Z,INJUSDT,0.00055863
2024-03-13T08:00:00Z,INJUSDT,0.00104009
2024-03-13T16:00:00Z,INJUSDT,0.00086761
2024-03-14T00:00:00Z,INJUSDT,0.00062193
2024-03-14T08:00:00Z,INJUSDT,0.00099015
2024-03-14T16:00:00Z,INJUSDT,0.00032014
2024-03-15T00:00:00Z,INJUSDT,0.00090164
2024-03-15T08:00:00Z,INJUSDT,0.00048471
2024-03-15T16:00:00Z,INJUSDT,0.0001
2024-03-16T00:00:00Z,INJUSDT,0.00015059
2024-03-16T08:00:00Z,INJUSDT,0.00031396
2024-03-16T16:00:00Z,INJUSDT,0.0001
2024-03-17T00:00:00Z,INJUSDT,0.0001
2024-03-17T08:00:00Z,INJUSDT,0.0001
2024-03-17T16:00:00Z,INJUSDT,0.0001
2024-03-18T00:00:00Z,INJUSDT,0.00014406
2024-03-18T08:00:00Z,INJUSDT,0.00019488
2024-03-18T16:00:00Z,INJUSDT,0.0001
2024-03-19T00:00:00Z,INJUSDT,0.00025682
2024-03-19T08:00:00Z,INJUSDT,0.00010585
2024-03-19T16:00:00Z,INJUSDT,0.0001
2024-03-20T00:00:00Z,INJUSDT,0.0001
2024-03-20T08:00:00Z,INJUSDT,0.0001
2024-03-20T16:00:00Z,INJUSDT,0.0001
2024-03-21T00:00:00Z,INJUSDT,0.0001
2024-03-21T08:00:00Z,INJUSDT,0.0001
2024-03-21T16:00:00Z,INJUSDT,0.0001
2024-03-22T00:00:00Z,INJUSDT,0.0001
2024-03-22T08:00:00Z,INJUSDT,0.0001
2024-03-22T16:00:00Z,INJUSDT,0.0001
2024-03-23T00:00:00Z,INJUSDT,0.0001
2024-03-23T08:00:00Z,INJUSDT,0.0001
2024-03-23T16:00:00Z,INJUSDT,0.0001
2024-03-24T00:00:00Z,INJUSDT,0.0001
2024-03-24T08:00:00Z,INJUSDT,0.0001
2024-03-24T16:00:00Z,INJUSDT,0.00016018
2024-03-25T00:00:00Z,INJUSDT,0.00028421
2024-03-25T08:00:00Z,INJUSDT,0.00020542
2024-03-25T16:00:00Z,INJUSDT,0.00027097
2024-03-26T00:00:00Z,INJUSDT,0.00039848
2024-03-26T08:00:00Z,INJUSDT,0.00017468
2024-03-26T16:00:00Z,INJUSDT,0.00044341
2024-03-27T00:00:00Z,INJUSDT,0.00072456
2024-03-27T08:00:00Z,INJUSDT,0.00054378
2024-03-27T16:00:00Z,INJUSDT,0.00047135
2024-03-28T00:00:00Z,INJUSDT,0.00049098
2024-03-28T08:00:00Z,INJUSDT,0.00061804
2024-03-28T16:00:00Z,INJUSDT,0.00057781
2024-03-29T00:00:00Z,INJUSDT,0.0007112
2024-03-29T08:00:00Z,INJUSDT,0.00049631
2024-03-29T16:00:00Z,INJUSDT,0.00060882
2024-03-30T00:00:00Z,INJUSDT,0.00037447
2024-03-30T08:00:00Z,INJUSDT,0.00037336
2024-03-30T16:00:00Z,INJUSDT,0.00057773
2024-03-31T00:00:00Z,INJUSDT,0.00054664
2024-03-31T08:00:00Z,INJUSDT,0.00071382
2024-03-31T16:00:00Z,INJUSDT,0.00080965
2024-04-01T00:00:00Z,INJUSDT,0.00087127
2024-04-01T08:00:00Z,INJUSDT,0.00045893
2024-04-01T16:00:00Z,INJUSDT,0.00022036
2024-04-02T00:00:00Z,INJUSDT,0.00030367
2024-04-02T08:00:00Z,INJUSDT,0.0001
2024-04-02T16:00:00Z,INJUSDT,0.0001
2024-04-03T00:00:00Z,INJUSDT,0.0001
2024-04-03T08:00:00Z,INJUSDT,0.0003432
2024-04-03T16:00:00Z,INJUSDT,0.00011703
2024-04-04T00:00:00Z,INJUSDT,0.00020811
2024-04-04T08:00:00Z,INJUSDT,0.00036354
2024-04-04T16:00:00Z,INJUSDT,0.00033074
2024-04-05T00:00:00Z,INJUSDT,0.00016927
2024-04-05T08:00:00Z,INJUSDT,0.00018359
2024-04-05T16:00:00Z,INJUSDT,0.00032699
2024-04-06T00:00:00Z,INJUSDT,0.0001
2024-04-06T08:00:00Z,INJUSDT,0.0001
2024-04-06T16:00:00Z,INJUSDT,0.00020689
2024-04-07T00:00:00Z,INJUSDT,0.0001
2024-04-07T08:00:00Z,INJUSDT,0.00010906
2024-04-07T16:00:00Z,INJUSDT,0.00038989
2024-04-08T00:00:00Z,INJUSDT,0.00032375
2024-04-08T08:00:00Z,INJUSDT,0.0005225
2024-04-08T16:00:00Z,INJUSDT,0.00076996
2024-04-09T00:00:00Z,INJUSDT,0.00068808
2024-04-09T08:00:00Z,INJUSDT,0.00042322
2024-04-09T16:00:00Z,INJUSDT,0.00026324
2024-04-10T00:00:00Z,INJUSDT,0.0001
2024-04-10T08:00:00Z,INJUSDT,0.00027375
2024-04-10T16:00:00Z,INJUSDT,0.0001808
2024-04-11T00:00:00Z,INJUSDT,0.00012718
2024-04-11T08:00:00Z,INJUSDT,0.00013449
2024-04-11T16:00:00Z,INJUSDT,0.00017706
2024-04-12T00:00:00Z,INJUSDT,0.00021963
2024-04-12T08:00:00Z,INJUSDT,0.00020103
2024-04-12T16:00:00Z,INJUSDT,0.0001
2024-04-13T00:00:00Z,INJUSDT,-0.00065431
2024-04-13T08:00:00Z,INJUSDT,0.00002604
2024-04-13T16:00:00Z,INJUSDT,0.0001
2024-04-14T00:00:00Z,INJUSDT,-0.0016562
2024-04-14T08:00:00Z,INJUSDT,0.0000487
2024-04-14T16:00:00Z,INJUSDT,-0.00001047
2024-04-15T00:00:00Z,INJUSDT,-0.0000387
2024-04-15T08:00:00Z,INJUSDT,0.00009505
2024-04-15T16:00:00Z,INJUSDT,0.0001
2024-04-16T00:00:00Z,INJUSDT,-0.00006545
2024-04-16T08:00:00Z,INJUSDT,0.00000161
2024-04-16T16:00:00Z,INJUSDT,0.0001
2024-04-17T00:00:00Z,INJUSDT,0.00005656
2024-04-17T08:00:00Z,INJUSDT,0.00003636
2024-04-17T16:00:00Z,INJUSDT,-0.00002285
2024-04-18T00:00:00Z,INJUSDT,0.0001
2024-04-18T08:00:00Z,INJUSDT,-0.00022134
2024-04-18T16:00:00Z,INJUSDT,-0.00004432
2024-04-19T00:00:00Z,INJUSDT,0.0001
2024-04-19T08:00:00Z,INJUSDT,0.0001
2024-04-19T16:00:00Z,INJUSDT,0.00004287
2024-04-20T00:00:00Z,INJUSDT,0.0001
2024-04-20T08:00:00Z,INJUSDT,0.0001
2024-04-20T16:00:00Z,INJUSDT,0.0001
2024-04-21T00:00:00Z,INJUSDT,0.0001
2024-04-21T08:00:00Z,INJUSDT,0.0001
2024-04-21T16:00:00Z,INJUSDT,0.0001
2024-04-22T00:00:00Z,INJUSDT,0.0001
2024-04-22T08:00:00Z,INJUSDT,0.0001
2024-04-22T16:00:00Z,INJUSDT,0.0001
2024-04-23T00:00:00Z,INJUSDT,0.00005605
2024-04-23T08:00:00Z,INJUSDT,0.0001
2024-04-23T16:00:00Z,INJUSDT,0.0001
2024-04-24T00:00:00Z,INJUSDT,-0.00011727
2024-04-24T08:00:00Z,INJUSDT,0.0001
2024-04-24T16:00:00Z,INJUSDT,0.0001
2024-04-25T00:00:00Z,INJUSDT,0.0001
2024-04-25T08:00:00Z,INJUSDT,0.00009089
2024-04-25T16:00:00Z,INJUSDT,0.0001
2024-04-26T00:00:00Z,INJUSDT,0.0001
2024-04-26T08:00:00Z,INJUSDT,0.0001
2024-04-26T16:00:00Z,INJUSDT,0.0001
2024-04-27T00:00:00Z,INJUSDT,0.0001
2024-04-27T08:00:00Z,INJUSDT,0.0001
2024-04-27T16:00:00Z,INJUSDT,0.0001
2024-04-28T00:00:00Z,INJUSDT,0.0001
2024-04-28T08:00:00Z,INJUSDT,0.0001
2024-04-28T16:00:00Z,INJUSDT,0.0001
2024-04-29T00:00:00Z,INJUSDT,0.0001
2024-04-29T08:00:00Z,INJUSDT,0.0001
2024-04-29T16:00:00Z,INJUSDT,0.0001
2024-04-30T00:00:00Z,INJUSDT,0.0001
2024-04-30T08:00:00Z,INJUSDT,0.00008148
2024-04-30T16:00:00Z,INJUSDT,0.0001
2024-05-01T00:00:00Z,INJUSDT,-0.00024124
2024-05-01T08:00:00Z,INJUSDT,0.0001
2024-05-01T16:00:00Z,INJUSDT,0.0001
2024-05-02T00:00:00Z,INJUSDT,-0.0001514
2024-05-02T08:00:00Z,INJUSDT,0.0001
2024-05-02T16:00:00Z,INJUSDT,-0.00009866
2024-05-03T00:00:00Z,INJUSDT,0.00008227
2024-05-03T08:00:00Z,INJUSDT,-0.0000592
2024-05-03T16:00:00Z,INJUSDT,0.0001
2024-05-04T00:00:00Z,INJUSDT,0.0001
2024-05-04T08:00:00Z,INJUSDT,0.0001
2024-05-04T16:00:00Z,INJUSDT,0.00001262
2024-05-05T00:00:00Z,INJUSDT,0.0001
2024-05-05T08:00:00Z,INJUSDT,0.0001
2024-05-05T16:00:00Z,INJUSDT,0.0001
2024-05-06T00:00:00Z,INJUSDT,0.0001
2024-05-06T08:00:00Z,INJUSDT,0.0001
2024-05-06T16:00:00Z,INJUSDT,0.0001
2024-05-07T00:00:00Z,INJUSDT,0.0001
2024-05-07T08:00:00Z,INJUSDT,0.0001
2024-05-07T16:00:00Z,INJUSDT,0.0001
2024-05-08T00:00:00Z,INJUSDT,0.0001
2024-05-08T08:00:00Z,INJUSDT,0.0001
2024-05-08T16:00:00Z,INJUSDT,0.0001
2024-05-09T00:00:00Z,INJUSDT,0.0001
2024-05-09T08:00:00Z,INJUSDT,0.0001
2024-05-09T16:00:00Z,INJUSDT,0.0001
2024-05-10T00:00:00Z,INJUSDT,0.0001
2024-05-10T08:00:00Z,INJUSDT,0.0001
2024-05-10T16:00:00Z,INJUSDT,0.0001
2024-05-11T00:00:00Z,INJUSDT,0.0001
2024-05-11T08:00:00Z,INJUSDT,0.0001
2024-05-11T16:00:00Z,INJUSDT,0.00008976
2024-05-12T00:00:00Z,INJUSDT,0.00009697
2024-05-12T08:00:00Z,INJUSDT,0.0001
2024-05-12T16:00:00Z,INJUSDT,0.0001
2024-05-13T00:00:00Z,INJUSDT,0.00008672
2024-05-13T08:00:00Z,INJUSDT,0.0000929
2024-05-13T16:00:00Z,INJUSDT,0.00003333
2024-05-14T00:00:00Z,INJUSDT,0.0001
2024-05-14T08:00:00Z,INJUSDT,0.0001
2024-05-14T16:00:00Z,INJUSDT,0.0001
2024-05-15T00:00:00Z,INJUSDT,0.0001
2024-05-15T08:00:00Z,INJUSDT,0.0001
2024-05-15T16:00:00Z,INJUSDT,0.00002453
2024-05-16T00:00:00Z,INJUSDT,0.00004715
2024-05-16T08:00:00Z,INJUSDT,0.0001
2024-05-16T16:00:00Z,INJUSDT,0.0001
2024-05-17T00:00:00Z,INJUSDT,0.0001
2024-05-17T08:00:00Z,INJUSDT,0.0001
2024-05-17T16:00:00Z,INJUSDT,0.0001
2024-05-18T00:00:00Z,INJUSDT,0.0001
2024-05-18T08:00:00Z,INJUSDT,0.0001
2024-05-18T16:00:00Z,INJUSDT,0.0001
2024-05-19T00:00:00Z,INJUSDT,0.0001
2024-05-19T08:00:00Z,INJUSDT,0.0001
2024-05-19T16:00:00Z,INJUSDT,0.0001
2024-05-20T00:00:00Z,INJUSDT,0.0001
2024-05-20T08:00:00Z,INJUSDT,0.0001
2024-05-20T16:00:00Z,INJUSDT,0.0001
2024-05-21T00:00:00Z,INJUSDT,0.0001
2024-05-21T08:00:00Z,INJUSDT,0.0001
2024-05-21T16:00:00Z,INJUSDT,0.0001
2024-05-22T00:00:00Z,INJUSDT,0.0001
2024-05-22T08:00:00Z,INJUSDT,0.0001
2024-05-22T16:00:00Z,INJUSDT,0.0001
2024-05-23T00:00:00Z,INJUSDT,0.00013019
2024-05-23T08:00:00Z,INJUSDT,0.00012424
2024-05-23T16:00:00Z,INJUSDT,0.0001
2024-05-24T00:00:00Z,INJUSDT,0.0001
2024-05-24T08:00:00Z,INJUSDT,0.0001
2024-05-24T16:00:00Z,INJUSDT,0.0001
2024-05-25T00:00:00Z,INJUSDT,0.0001
2024-05-25T08:00:00Z,INJUSDT,0.0001
2024-05-25T16:00:00Z,INJUSDT,0.00011153
2024-05-26T00:00:00Z,INJUSDT,0.00014268
2024-05-26T08:00:00Z,INJUSDT,0.0001
2024-05-26T16:00:00Z,INJUSDT,0.00012494
2024-05-27T00:00:00Z,INJUSDT,0.00011984
2024-05-27T08:00:00Z,INJUSDT,0.0001558
2024-05-27T16:00:00Z,INJUSDT,0.0001542
2024-05-28T00:00:00Z,INJUSDT,0.00013035
2024-05-28T08:00:00Z,INJUSDT,0.0001
2024-05-28T16:00:00Z,INJUSDT,0.00018168
2024-05-29T00:00:00Z,INJUSDT,0.0001
2024-05-29T08:00:00Z,INJUSDT,0.0001
2024-05-29T16:00:00Z,INJUSDT,0.0001
2024-05-30T00:00:00Z,INJUSDT,0.0001
2024-05-30T08:00:00Z,INJUSDT,0.0001
2024-05-30T16:00:00Z,INJUSDT,0.0001
2024-05-31T00:00:00Z,INJUSDT,0.0001
2024-05-31T08:00:00Z,INJUSDT,0.0001
2024-05-31T16:00:00Z,INJUSDT,0.0001
2024-06-01T00:00:00Z,INJUSDT,0.0001
2024-06-01T08:00:00Z,INJUSDT,0.0001
2024-06-01T16:00:00Z,INJUSDT,0.0001
2024-06-02T00:00:00Z,INJUSDT,0.00011067
2024-06-02T08:00:00Z,INJUSDT,0.0001
2024-06-02T16:00:00Z,INJUSDT,0.0001
2024-06-03T00:00:00Z,INJUSDT,0.0001
2024-06-03T08:00:00Z,INJUSDT,0.00019177
2024-06-03T16:00:00Z,INJUSDT,0.0001
2024-06-04T00:00:00Z,INJUSDT,0.0001
2024-06-04T08:00:00Z,INJUSDT,0.00011455
2024-06-04T16:00:00Z,INJUSDT,0.0001
2024-06-05T00:00:00Z,INJUSDT,0.00011731
2024-06-05T08:00:00Z,INJUSDT,0.00017726
2024-06-05T16:00:00Z,INJUSDT,0.00017242
2024-06-06T00:00:00Z,INJUSDT,0.00025716
2024-06-06T08:00:00Z,INJUSDT,0.00017523
2024-06-06T16:00:00Z,INJUSDT,0.0001
2024-06-07T00:00:00Z,INJUSDT,0.00014896
2024-06-07T08:00:00Z,INJUSDT,0.0001
2024-06-07T16:00:00Z,INJUSDT,0.0001
2024-06-08T00:00:00Z,INJUSDT,0.0001
2024-06-08T08:00:00Z,INJUSDT,0.0001
2024-06-08T16:00:00Z,INJUSDT,0.0001
2024-06-09T00:00:00Z,INJUSDT,0.0001
2024-06-09T08:00:00Z,INJUSDT,0.0001
2024-06-09T16:00:00Z,INJUSDT,0.0001
2024-06-10T00:00:00Z,INJUSDT,0.0001
2024-06-10T08:00:00Z,INJUSDT,0.0001
2024-06-10T16:00:00Z,INJUSDT,0.0001
2024-06-11T00:00:00Z,INJUSDT,0.0001
2024-06-11T08:00:00Z,INJUSDT,0.0001
2024-06-11T16:00:00Z,INJUSDT,0.0001
2024-06-12T00:00:00Z,INJUSDT,0.0001
2024-06-12T08:00:00Z,INJUSDT,0.0001
2024-06-12T16:00:00Z,INJUSDT,0.0001
2024-06-13T00:00:00Z,INJUSDT,0.0001
2024-06-13T08:00:00Z,INJUSDT,0.0001
2024-06-13T16:00:00Z,INJUSDT,0.0001
2024-06-14T00:00:00Z,INJUSDT,0.0001
2024-06-14T08:00:00Z,INJUSDT,0.0001
2024-06-14T16:00:00Z,INJUSDT,0.0001
2024-06-15T00:00:00Z,INJUSDT,0.0001
2024-06-15T08:00:00Z,INJUSDT,0.0001
2024-06-15T16:00:00Z,INJUSDT,0.0001
2024-06-16T00:00:00Z,INJUSDT,0.00009408
2024-06-16T08:00:00Z,INJUSDT,0.0001
2024-06-16T16:00:00Z,INJUSDT,0.0001
2024-06-17T00:00:00Z,INJUSDT,0.0001
2024-06-17T08:00:00Z,INJUSDT,0.0001
2024-06-17T16:00:00Z,INJUSDT,0.0001
2024-06-18T00:00:00Z,INJUSDT,0.00004007
2024-06-18T08:00:00Z,INJUSDT,-0.00006567
2024-06-18T16:00:00Z,INJUSDT,-0.00011767
2024-06-19T00:00:00Z,INJUSDT,-0.00003766
2024-06-19T08:00:00Z,INJUSDT,-0.00004127
2024-06-19T16:00:00Z,INJUSDT,-0.00010079
2024-06-20T00:00:00Z,INJUSDT,0.00000983
2024-06-20T08:00:00Z,INJUSDT,0.00000912
2024-06-20T16:00:00Z,INJUSDT,0.0001
2024-06-21T00:00:00Z,INJUSDT,0.0001
2024-06-21T08:00:00Z,INJUSDT,0.0001
2024-06-21T16:00:00Z,INJUSDT,0.0001
2024-06-22T00:00:00Z,INJUSDT,0.0001
2024-06-22T08:00:00Z,INJUSDT,0.0001
2024-06-22T16:00:00Z,INJUSDT,0.0001
2024-06-23T00:00:00Z,INJUSDT,0.0001
2024-06-23T08:00:00Z,INJUSDT,0.0001
2024-06-23T16:00:00Z,INJUSDT,0.0001
2024-06-24T00:00:00Z,INJUSDT,0.0001
2024-06-24T08:00:00Z,INJUSDT,0.0001
2024-06-24T16:00:00Z,INJUSDT,0.0001
2024-06-25T00:00:00Z,INJUSDT,0.00005012
2024-06-25T08:00:00Z,INJUSDT,0.0001
2024-06-25T16:00:00Z,INJUSDT,0.0001
2024-06-26T00:00:00Z,INJUSDT,0.00005758
2024-06-26T08:00:00Z,INJUSDT,0.0001
2024-06-26T16:00:00Z,INJUSDT,0.0001
2024-06-27T00:00:00Z,INJUSDT,0.00005249
2024-06-27T08:00:00Z,INJUSDT,-0.00005783
2024-06-27T16:00:00Z,INJUSDT,-0.00008208
2024-06-28T00:00:00Z,INJUSDT,-0.00004813
2024-06-28T08:00:00Z,INJUSDT,-0.00007731
2024-06-28T16:00:00Z,INJUSDT,0.00008438
2024-06-29T00:00:00Z,INJUSDT,-0.0000995
2024-06-29T08:00:00Z,INJUSDT,0.00003982
2024-06-29T16:00:00Z,INJUSDT,0.0001
2024-06-30T00:00:00Z,INJUSDT,0.0001
2024-06-30T08:00:00Z,INJUSDT,0.0001
2024-06-30T16:00:00Z,INJUSDT,-0.00009021
2024-07-01T00:00:00Z,INJUSDT,0.00005727
2024-07-01T08:00:00Z,INJUSDT,0.0001
2024-07-01T16:00:00Z,INJUSDT,0.0001
2024-07-02T00:00:00Z,INJUSDT,0.0001
2024-07-02T08:00:00Z,INJUSDT,0.0001
2024-07-02T16:00:00Z,INJUSDT,0.0001
2024-07-03T00:00:00Z,INJUSDT,0.0001
2024-07-03T08:00:00Z,INJUSDT,0.0001
2024-07-03T16:00:00Z,INJUSDT,0.0000547
2024-07-04T00:00:00Z,INJUSDT,0.00003933
2024-07-04T08:00:00Z,INJUSDT,0.00003714
2024-07-04T16:00:00Z,INJUSDT,0.00004246
2024-07-05T00:00:00Z,INJUSDT,-0.0001199
2024-07-05T08:00:00Z,INJUSDT,-0.00006064
2024-07-05T16:00:00Z,INJUSDT,-0.00009313
2024-07-06T00:00:00Z,INJUSDT,0.00002908
2024-07-06T08:00:00Z,INJUSDT,0.0000767
2024-07-06T16:00:00Z,INJUSDT,-0.00003034
2024-07-07T00:00:00Z,INJUSDT,-0.00014217
2024-07-07T08:00:00Z,INJUSDT,-0.00013955
2024-07-07T16:00:00Z,INJUSDT,0.0001
2024-07-08T00:00:00Z,INJUSDT,0.00001559
2024-07-08T08:00:00Z,INJUSDT,0.00003103
2024-07-08T16:00:00Z,INJUSDT,0.0000211
2024-07-09T00:00:00Z,INJUSDT,0.00005831
2024-07-09T08:00:00Z,INJUSDT,-0.00010579
2024-07-09T16:00:00Z,INJUSDT,-0.00002159
2024-07-10T00:00:00Z,INJUSDT,0.0001
2024-07-10T08:00:00Z,INJUSDT,0.00005128
2024-07-10T16:00:00Z,INJUSDT,-0.00017671
2024-07-11T00:00:00Z,INJUSDT,0.00004064
2024-07-11T08:00:00Z,INJUSDT,0.0001
2024-07-11T16:00:00Z,INJUSDT,0.0001
2024-07-12T00:00:00Z,INJUSDT,0.0001
2024-07-12T08:00:00Z,INJUSDT,0.0001
2024-07-12T16:00:00Z,INJUSDT,0.0001
2024-07-13T00:00:00Z,INJUSDT,0.0001
2024-07-13T08:00:00Z,INJUSDT,0.0001
2024-07-13T16:00:00Z,INJUSDT,0.0001
2024-07-14T00:00:00Z,INJUSDT,0.0001
2024-07-14T08:00:00Z,INJUSDT,0.0001
2024-07-14T16:00:00Z,INJUSDT,0.00008168
2024-07-15T00:00:00Z,INJUSDT,0.0001
2024-07-15T08:00:00Z,INJUSDT,0.00000141
2024-07-15T16:00:00Z,INJUSDT,0.0001
2024-07-16T00:00:00Z,INJUSDT,-0.00008809
2024-07-16T08:00:00Z,INJUSDT,0.0001
2024-07-16T16:00:00Z,INJUSDT,0.0001
2024-07-17T00:00:00Z,INJUSDT,0.0001
2024-07-17T08:00:00Z,INJUSDT,0.0001
2024-07-17T16:00:00Z,INJUSDT,0.0001
2024-07-18T00:00:00Z,INJUSDT,0.0001
2024-07-18T08:00:00Z,INJUSDT,0.0001
2024-07-18T16:00:00Z,INJUSDT,0.0000809
2024-07-19T00:00:00Z,INJUSDT,0.00000061
2024-07-19T08:00:00Z,INJUSDT,0.0000819
2024-07-19T16:00:00Z,INJUSDT,0.0001
2024-07-20T00:00:00Z,INJUSDT,0.00004515
2024-07-20T08:00:00Z,INJUSDT,0.0001
2024-07-20T16:00:00Z,INJUSDT,-0.00010266
2024-07-21T00:00:00Z,INJUSDT,0.00003839
2024-07-21T08:00:00Z,INJUSDT,0.0001
2024-07-21T16:00:00Z,INJUSDT,0.0001
2024-07-22T00:00:00Z,INJUSDT,0.0001
2024-07-22T08:00:00Z,INJUSDT,0.0001
2024-07-22T16:00:00Z,INJUSDT,0.0001
2024-07-23T00:00:00Z,INJUSDT,0.0001
2024-07-23T08:00:00Z,INJUSDT,0.0001
2024-07-23T16:00:00Z,INJUSDT,0.0001
2024-07-24T00:00:00Z,INJUSDT,0.0001
2024-07-24T08:00:00Z,INJUSDT,0.0001
2024-07-24T16:00:00Z,INJUSDT,0.0001
2024-07-25T00:00:00Z,INJUSDT,0.0001
2024-07-25T08:00:00Z,INJUSDT,0.0001
2024-07-25T16:00:00Z,INJUSDT,0.0001
2024-07-26T00:00:00Z,INJUSDT,0.00008856
2024-07-26T08:00:00Z,INJUSDT,0.00002476
2024-07-26T16:00:00Z,INJUSDT,0.00006966
2024-07-27T00:00:00Z,INJUSDT,0.0001
2024-07-27T08:00:00Z,INJUSDT,0.00006856
2024-07-27T16:00:00Z,INJUSDT,0.0001
2024-07-28T00:00:00Z,INJUSDT,0.00006093
2024-07-28T08:00:00Z,INJUSDT,0.0001
2024-07-28T16:00:00Z,INJUSDT,-0.00003979
2024-07-29T00:00:00Z,INJUSDT,0.00003875
2024-07-29T08:00:00Z,INJUSDT,0.0000897
2024-07-29T16:00:00Z,INJUSDT,0.0001
2024-07-30T00:00:00Z,INJUSDT,0.0001
2024-07-30T08:00:00Z,INJUSDT,0.00009658
2024-07-30T16:00:00Z,INJUSDT,0.0001
2024-07-31T00:00:00Z,INJUSDT,0.00008534
2024-07-31T08:00:00Z,INJUSDT,0.0001
2024-07-31T16:00:00Z,INJUSDT,0.00009667
2024-08-01T00:00:00Z,INJUSDT,0.0001
2024-08-01T08:00:00Z,INJUSDT,0.00004025
2024-08-01T16:00:00Z,INJUSDT,0.00001198
2024-08-02T00:00:00Z,INJUSDT,-0.00016355
2024-08-02T08:00:00Z,INJUSDT,0.0000848
2024-08-02T16:00:00Z,INJUSDT,0.00008516
2024-08-03T00:00:00Z,INJUSDT,0.0001
2024-08-03T08:00:00Z,INJUSDT,-0.00007192
2024-08-03T16:00:00Z,INJUSDT,0.0001
2024-08-04T00:00:00Z,INJUSDT,-0.0001023
2024-08-04T08:00:00Z,INJUSDT,-0.00001817
2024-08-04T16:00:00Z,INJUSDT,0.00001498
2024-08-05T00:00:00Z,INJUSDT,0.0001
2024-08-05T08:00:00Z,INJUSDT,0.00002873
2024-08-05T16:00:00Z,INJUSDT,-0.00015132
2024-08-06T00:00:00Z,INJUSDT,-0.00007149
2024-08-06T08:00:00Z,INJUSDT,-0.00019374
2024-08-06T16:00:00Z,INJUSDT,0.00009031
2024-08-07T00:00:00Z,INJUSDT,0.00002521
2024-08-07T08:00:00Z,INJUSDT,0.00005428
2024-08-07T16:00:00Z,INJUSDT,0.00008502
2024-08-08T00:00:00Z,INJUSDT,0.00001527
2024-08-08T08:00:00Z,INJUSDT,-0.00008371
2024-08-08T16:00:00Z,INJUSDT,0.00004331
2024-08-09T00:00:00Z,INJUSDT,-0.00066743
2024-08-09T08:00:00Z,INJUSDT,0.0001
2024-08-09T16:00:00Z,INJUSDT,-0.00002197
2024-08-10T00:00:00Z,INJUSDT,-0.00025465
2024-08-10T08:00:00Z,INJUSDT,0.00003813
2024-08-10T16:00:00Z,INJUSDT,-0.00002089
2024-08-11T00:00:00Z,INJUSDT,-0.00001244
2024-08-11T08:00:00Z,INJUSDT,-0.0001755
2024-08-11T16:00:00Z,INJUSDT,0.00008852
2024-08-12T00:00:00Z,INJUSDT,0.0001
2024-08-12T08:00:00Z,INJUSDT,0.0001
2024-08-12T16:00:00Z,INJUSDT,0.0001
2024-08-13T00:00:00Z,INJUSDT,0.00001547
2024-08-13T08:00:00Z,INJUSDT,0.00003114
2024-08-13T16:00:00Z,INJUSDT,0.00005249
2024-08-14T00:00:00Z,INJUSDT,0.00004071
2024-08-14T08:00:00Z,INJUSDT,-0.00001191
2024-08-14T16:00:00Z,INJUSDT,-0.00002277
2024-08-15T00:00:00Z,INJUSDT,0.0001
2024-08-15T08:00:00Z,INJUSDT,0.0001
2024-08-15T16:00:00Z,INJUSDT,0.00000099
2024-08-16T00:00:00Z,INJUSDT,-0.00002459
2024-08-16T08:00:00Z,INJUSDT,0.0001
2024-08-16T16:00:00Z,INJUSDT,0.00008179
2024-08-17T00:00:00Z,INJUSDT,0.0001
2024-08-17T08:00:00Z,INJUSDT,0.0000303
2024-08-17T16:00:00Z,INJUSDT,0.0001
2024-08-18T00:00:00Z,INJUSDT,0.0001
2024-08-18T08:00:00Z,INJUSDT,0.0001
2024-08-18T16:00:00Z,INJUSDT,0.00002277
2024-08-19T00:00:00Z,INJUSDT,0.00007038
2024-08-19T08:00:00Z,INJUSDT,0.00006479
2024-08-19T16:00:00Z,INJUSDT,0.00008987
2024-08-20T00:00:00Z,INJUSDT,0.00008704
2024-08-20T08:00:00Z,INJUSDT,0.00007996
2024-08-20T16:00:00Z,INJUSDT,0.00001908
2024-08-21T00:00:00Z,INJUSDT,0.0000259
2024-08-21T08:00:00Z,INJUSDT,0.00007853
2024-08-21T16:00:00Z,INJUSDT,0.00003947
2024-08-22T00:00:00Z,INJUSDT,0.00003642
2024-08-22T08:00:00Z,INJUSDT,0.00000682
2024-08-22T16:00:00Z,INJUSDT,0.0001
2024-08-23T00:00:00Z,INJUSDT,0.00007772
2024-08-23T08:00:00Z,INJUSDT,-0.00009199
2024-08-23T16:00:00Z,INJUSDT,-0.00009044
2024-08-24T00:00:00Z,INJUSDT,-0.00002021
2024-08-24T08:00:00Z,INJUSDT,0.0001
2024-08-24T16:00:00Z,INJUSDT,-0.00000913
2024-08-25T00:00:00Z,INJUSDT,0.0001
2024-08-25T08:00:00Z,INJUSDT,0.0001
2024-08-25T16:00:00Z,INJUSDT,-0.00006019
2024-08-26T00:00:00Z,INJUSDT,-0.00001863
2024-08-26T08:00:00Z,INJUSDT,0.00004844
2024-08-26T16:00:00Z,INJUSDT,0.0001
2024-08-27T00:00:00Z,INJUSDT,-0.00003686
2024-08-27T08:00:00Z,INJUSDT,0.0000916
2024-08-27T16:00:00Z,INJUSDT,0.0001
2024-08-28T00:00:00Z,INJUSDT,0.0001
2024-08-28T08:00:00Z,INJUSDT,0.00006004
2024-08-28T16:00:00Z,INJUSDT,0.00008554
2024-08-29T00:00:00Z,INJUSDT,0.00000836
2024-08-29T08:00:00Z,INJUSDT,0.00006449
2024-08-29T16:00:00Z,INJUSDT,0.00009062
2024-08-30T00:00:00Z,INJUSDT,0.00006263
2024-08-30T08:00:00Z,INJUSDT,0.00005618
2024-08-30T16:00:00Z,INJUSDT,0.00002688
2024-08-31T00:00:00Z,INJUSDT,0.00005884
2024-08-31T08:00:00Z,INJUSDT,0.0000036
2024-08-31T16:00:00Z,INJUSDT,-0.00000902
2024-09-01T00:00:00Z,INJUSDT,0.0001
2024-09-01T08:00:00Z,INJUSDT,0.0001
2024-09-01T16:00:00Z,INJUSDT,0.0001
2024-09-02T00:00:00Z,INJUSDT,-0.00001966
2024-09-02T08:00:00Z,INJUSDT,-0.00013592
2024-09-02T16:00:00Z,INJUSDT,0.00009957
2024-09-03T00:00:00Z,INJUSDT,-0.00004053
2024-09-03T08:00:00Z,INJUSDT,0.0001
2024-09-03T16:00:00Z,INJUSDT,-0.00006537
2024-09-04T00:00:00Z,INJUSDT,-0.0000523
2024-09-04T08:00:00Z,INJUSDT,-0.0000282
2024-09-04T16:00:00Z,INJUSDT,0.00003124
2024-09-05T00:00:00Z,INJUSDT,0.00008164
2024-09-05T08:00:00Z,INJUSDT,0.00008185
2024-09-05T16:00:00Z,INJUSDT,0.00009629
2024-09-06T00:00:00Z,INJUSDT,0.00001679
2024-09-06T08:00:00Z,INJUSDT,0.0001
2024-09-06T16:00:00Z,INJUSDT,0.0001
2024-09-07T00:00:00Z,INJUSDT,-0.0001352
2024-09-07T08:00:00Z,INJUSDT,-0.00014378
2024-09-07T16:00:00Z,INJUSDT,-0.00013257
2024-09-08T00:00:00Z,INJUSDT,0.00000281
2024-09-08T08:00:00Z,INJUSDT,0.0000589
2024-09-08T16:00:00Z,INJUSDT,0.00006429
2024-09-09T00:00:00Z,INJUSDT,0.0001
2024-09-09T08:00:00Z,INJUSDT,0.00001294
2024-09-09T16:00:00Z,INJUSDT,0.00009227
2024-09-10T00:00:00Z,INJUSDT,0.0001
2024-09-10T08:00:00Z,INJUSDT,0.00008882
2024-09-10T16:00:00Z,INJUSDT,-0.00001472
2024-09-11T00:00:00Z,INJUSDT,-0.00006201
2024-09-11T08:00:00Z,INJUSDT,-0.0000591
2024-09-11T16:00:00Z,INJUSDT,-0.00008102
2024-09-12T00:00:00Z,INJUSDT,-0.00007603
2024-09-12T08:00:00Z,INJUSDT,-0.00017939
2024-09-12T16:00:00Z,INJUSDT,-0.00014742
2024-09-13T00:00:00Z,INJUSDT,-0.00005443
2024-09-13T08:00:00Z,INJUSDT,0.0001
2024-09-13T16:00:00Z,INJUSDT,0.0001
2024-09-14T00:00:00Z,INJUSDT,-0.00002056
2024-09-14T08:00:00Z,INJUSDT,0.0001
2024-09-14T16:00:00Z,INJUSDT,0.00000245
2024-09-15T00:00:00Z,INJUSDT,0.00007159
2024-09-15T08:00:00Z,INJUSDT,0.0001
2024-09-15T16:00:00Z,INJUSDT,0.00000684
2024-09-16T00:00:00Z,INJUSDT,0.0001
2024-09-16T08:00:00Z,INJUSDT,0.0001
2024-09-16T16:00:00Z,INJUSDT,0.0001
2024-09-17T00:00:00Z,INJUSDT,0.0001
2024-09-17T08:00:00Z,INJUSDT,0.00005691
2024-09-17T16:00:00Z,INJUSDT,0.00007943
2024-09-18T00:00:00Z,INJUSDT,0.0001
2024-09-18T08:00:00Z,INJUSDT,0.0001
2024-09-18T16:00:00Z,INJUSDT,0.0001
2024-09-19T00:00:00Z,INJUSDT,0.0001
2024-09-19T08:00:00Z,INJUSDT,0.00004316
2024-09-19T16:00:00Z,INJUSDT,0.00005364
2024-09-20T00:00:00Z,INJUSDT,0.00005422
2024-09-20T08:00:00Z,INJUSDT,0.00003431
2024-09-20T16:00:00Z,INJUSDT,0.00002174
2024-09-21T00:00:00Z,INJUSDT,-0.00010909
2024-09-21T08:00:00Z,INJUSDT,-0.00002855
2024-09-21T16:00:00Z,INJUSDT,0.00000394
2024-09-22T00:00:00Z,INJUSDT,0.00007481
2024-09-22T08:00:00Z,INJUSDT,-0.00003671
2024-09-22T16:00:00Z,INJUSDT,-0.00004337
2024-09-23T00:00:00Z,INJUSDT,0.00002717
2024-09-23T08:00:00Z,INJUSDT,0.00009203
2024-09-23T16:00:00Z,INJUSDT,0.00008997
2024-09-24T00:00:00Z,INJUSDT,0.00006299
2024-09-24T08:00:00Z,INJUSDT,0.0001
2024-09-24T16:00:00Z,INJUSDT,0.00003393
2024-09-25T00:00:00Z,INJUSDT,0.00001826
2024-09-25T08:00:00Z,INJUSDT,0.0001
2024-09-25T16:00:00Z,INJUSDT,0.0001
2024-09-26T00:00:00Z,INJUSDT,0.0001
2024-09-26T08:00:00Z,INJUSDT,0.0001
2024-09-26T16:00:00Z,INJUSDT,0.0001
2024-09-27T00:00:00Z,INJUSDT,0.0001
2024-09-27T08:00:00Z,INJUSDT,0.0001
2024-09-27T16:00:00Z,INJUSDT,0.0001
2024-09-28T00:00:00Z,INJUSDT,0.0001
2024-09-28T08:00:00Z,INJUSDT,0.0001
2024-09-28T16:00:00Z,INJUSDT,0.0001
2024-09-29T00:00:00Z,INJUSDT,0.0001
2024-09-29T08:00:00Z,INJUSDT,0.0001
2024-09-29T16:00:00Z,INJUSDT,0.0001
2024-09-30T00:00:00Z,INJUSDT,0.0001
2024-09-30T08:00:00Z,INJUSDT,0.0001
2024-09-30T16:00:00Z,INJUSDT,0.0001
2024-10-01T00:00:00Z,INJUSDT,0.0001
2024-10-01T08:00:00Z,INJUSDT,0.0001
2024-10-01T16:00:00Z,INJUSDT,0.0001
2024-10-02T00:00:00Z,INJUSDT,0.00005897
2024-10-02T08:00:00Z,INJUSDT,0.00003357
2024-10-02T16:00:00Z,INJUSDT,0.00009725
2024-10-03T00:00:00Z,INJUSDT,0.00008689
2024-10-03T08:00:00Z,INJUSDT,-0.00004205
2024-10-03T16:00:00Z,INJUSDT,-0.00000427
2024-10-04T00:00:00Z,INJUSDT,-0.00009509
2024-10-04T08:00:00Z,INJUSDT,-0.0001508
2024-10-04T16:00:00Z,INJUSDT,-0.00006695
2024-10-05T00:00:00Z,INJUSDT,0.00009449
2024-10-05T08:00:00Z,INJUSDT,-0.00003976
2024-10-05T16:00:00Z,INJUSDT,0.0001
2024-10-06T00:00:00Z,INJUSDT,0.0001
2024-10-06T08:00:00Z,INJUSDT,0.00008185
2024-10-06T16:00:00Z,INJUSDT,0.0001
2024-10-07T00:00:00Z,INJUSDT,0.0001
2024-10-07T08:00:00Z,INJUSDT,0.0001
2024-10-07T16:00:00Z,INJUSDT,0.00000881
2024-10-08T00:00:00Z,INJUSDT,0.0001
2024-10-08T08:00:00Z,INJUSDT,0.00006761
2024-10-08T16:00:00Z,INJUSDT,0.0001
2024-10-09T00:00:00Z,INJUSDT,0.0001
2024-10-09T08:00:00Z,INJUSDT,0.0001
2024-10-09T16:00:00Z,INJUSDT,0.0001
2024-10-10T00:00:00Z,INJUSDT,0.0001
2024-10-10T08:00:00Z,INJUSDT,0.0001
2024-10-10T16:00:00Z,INJUSDT,0.0001
2024-10-11T00:00:00Z,INJUSDT,-0.00000252
2024-10-11T08:00:00Z,INJUSDT,0.00009597
2024-10-11T16:00:00Z,INJUSDT,0.00004705
2024-10-12T00:00:00Z,INJUSDT,0.0001
2024-10-12T08:00:00Z,INJUSDT,0.0001
2024-10-12T16:00:00Z,INJUSDT,0.0001
2024-10-13T00:00:00Z,INJUSDT,0.0001
2024-10-13T08:00:00Z,INJUSDT,0.0001
2024-10-13T16:00:00Z,INJUSDT,0.0001
2024-10-14T00:00:00Z,INJUSDT,0.0001
2024-10-14T08:00:00Z,INJUSDT,0.0001
2024-10-14T16:00:00Z,INJUSDT,0.0001
2024-10-15T00:00:00Z,INJUSDT,0.0001
2024-10-15T08:00:00Z,INJUSDT,0.0001
2024-10-15T16:00:00Z,INJUSDT,0.0001
2024-10-16T00:00:00Z,INJUSDT,0.0001
2024-10-16T08:00:00Z,INJUSDT,0.0001
2024-10-16T16:00:00Z,INJUSDT,0.0001
2024-10-17T00:00:00Z,INJUSDT,0.0001
2024-10-17T08:00:00Z,INJUSDT,0.0001
2024-10-17T16:00:00Z,INJUSDT,0.0001
2024-10-18T00:00:00Z,INJUSDT,0.0001
2024-10-18T08:00:00Z,INJUSDT,0.0001
2024-10-18T16:00:00Z,INJUSDT,0.0001
2024-10-19T00:00:00Z,INJUSDT,0.0001
2024-10-19T08:00:00Z,INJUSDT,0.0001
2024-10-19T16:00:00Z,INJUSDT,0.0001
2024-10-20T00:00:00Z,INJUSDT,0.0001
2024-10-20T08:00:00Z,INJUSDT,0.0001
2024-10-20T16:00:00Z,INJUSDT,0.0001
2024-10-21T00:00:00Z,INJUSDT,0.0001
2024-10-21T08:00:00Z,INJUSDT,0.0001
2024-10-21T16:00:00Z,INJUSDT,0.0001
2024-10-22T00:00:00Z,INJUSDT,0.0001
2024-10-22T08:00:00Z,INJUSDT,0.0001
2024-10-22T16:00:00Z,INJUSDT,0.0001
2024-10-23T00:00:00Z,INJUSDT,0.0001
2024-10-23T08:00:00Z,INJUSDT,0.0001
2024-10-23T16:00:00Z,INJUSDT,0.0001
2024-10-24T00:00:00Z,INJUSDT,0.0001
2024-10-24T08:00:00Z,INJUSDT,0.0001
2024-10-24T16:00:00Z,INJUSDT,0.0001
2024-10-25T00:00:00Z,INJUSDT,0.0001
2024-10-25T08:00:00Z,INJUSDT,0.0001
2024-10-25T16:00:00Z,INJUSDT,0.0001
2024-10-26T00:00:00Z,INJUSDT,0.0001
2024-10-26T08:00:00Z,INJUSDT,0.0001
2024-10-26T16:00:00Z,INJUSDT,0.0001
2024-10-27T00:00:00Z,INJUSDT,0.0001
2024-10-27T08:00:00Z,INJUSDT,0.0001
2024-10-27T16:00:00Z,INJUSDT,0.0001
2024-10-28T00:00:00Z,INJUSDT,0.0001
2024-10-28T08:00:00Z,INJUSDT,0.0001
2024-10-28T16:00:00Z,INJUSDT,0.0001
2024-10-29T00:00:00Z,INJUSDT,0.0001
2024-10-29T08:00:00Z,INJUSDT,-0.00005172
2024-10-29T16:00:00Z,INJUSDT,0.0001
2024-10-30T00:00:00Z,INJUSDT,0.0001
2024-10-30T08:00:00Z,INJUSDT,0.0001
2024-10-30T16:00:00Z,INJUSDT,0.0001
2024-10-31T00:00:00Z,INJUSDT,0.0001
2024-10-31T08:00:00Z,INJUSDT,0.0001
2024-10-31T16:00:00Z,INJUSDT,0.0001
2024-11-01T00:00:00Z,INJUSDT,0.0001
2024-11-01T08:00:00Z,INJUSDT,0.0001
2024-11-01T16:00:00Z,INJUSDT,0.0001
2024-11-02T00:00:00Z,INJUSDT,0.0001
2024-11-02T08:00:00Z,INJUSDT,0.0001
2024-11-02T16:00:00Z,INJUSDT,0.0001
2024-11-03T00:00:00Z,INJUSDT,0.0001
2024-11-03T08:00:00Z,INJUSDT,0.0001
2024-11-03T16:00:00Z,INJUSDT,0.0001
2024-11-04T00:00:00Z,INJUSDT,0.0001
2024-11-04T08:00:00Z,INJUSDT,0.00000158
2024-11-04T16:00:00Z,INJUSDT,0.00006051
2024-11-05T00:00:00Z,INJUSDT,-0.00002374
2024-11-05T08:00:00Z,INJUSDT,0.0001
2024-11-05T16:00:00Z,INJUSDT,-0.00002747
2024-11-06T00:00:00Z,INJUSDT,0.0001
2024-11-06T08:00:00Z,INJUSDT,0.00003889
2024-11-06T16:00:00Z,INJUSDT,0.0001
2024-11-07T00:00:00Z,INJUSDT,0.0001
2024-11-07T08:00:00Z,INJUSDT,0.0001
2024-11-07T16:00:00Z,INJUSDT,0.0001
2024-11-08T00:00:00Z,INJUSDT,0.0001
2024-11-08T08:00:00Z,INJUSDT,0.0001
2024-11-08T16:00:00Z,INJUSDT,0.0001
2024-11-09T00:00:00Z,INJUSDT,0.0001
2024-11-09T08:00:00Z,INJUSDT,0.0001
2024-11-09T16:00:00Z,INJUSDT,0.0001
2024-11-10T00:00:00Z,INJUSDT,0.0001
2024-11-10T08:00:00Z,INJUSDT,0.0001
2024-11-10T16:00:00Z,INJUSDT,0.00021603
2024-11-11T00:00:00Z,INJUSDT,0.0001
2024-11-11T08:00:00Z,INJUSDT,0.00021031
2024-11-11T16:00:00Z,INJUSDT,0.000223
2024-11-12T00:00:00Z,INJUSDT,0.0001918
2024-11-12T08:00:00Z,INJUSDT,0.00057495
2024-11-12T16:00:00Z,INJUSDT,0.00057013
2024-11-13T00:00:00Z,INJUSDT,0.00029023
2024-11-13T08:00:00Z,INJUSDT,0.0001
2024-11-13T16:00:00Z,INJUSDT,0.0001
2024-11-14T00:00:00Z,INJUSDT,0.00013024
2024-11-14T08:00:00Z,INJUSDT,0.00028048
2024-11-14T16:00:00Z,INJUSDT,0.00012343
2024-11-15T00:00:00Z,INJUSDT,0.0001
2024-11-15T08:00:00Z,INJUSDT,0.0001
2024-11-15T16:00:00Z,INJUSDT,0.0001
2024-11-16T00:00:00Z,INJUSDT,0.0001
2024-11-16T08:00:00Z,INJUSDT,0.00011537
2024-11-16T16:00:00Z,INJUSDT,0.0001
2024-11-17T00:00:00Z,INJUSDT,0.00015383
2024-11-17T08:00:00Z,INJUSDT,0.00030114
2024-11-17T16:00:00Z,INJUSDT,0.00029014
2024-11-18T00:00:00Z,INJUSDT,0.0001
2024-11-18T08:00:00Z,INJUSDT,0.00027407
2024-11-18T16:00:00Z,INJUSDT,0.00018393
2024-11-19T00:00:00Z,INJUSDT,0.00033901
2024-11-19T08:00:00Z,INJUSDT,0.00034468
2024-11-19T16:00:00Z,INJUSDT,0.00022363
2024-11-20T00:00:00Z,INJUSDT,0.00015282
2024-11-20T08:00:00Z,INJUSDT,0.0001
2024-11-20T16:00:00Z,INJUSDT,0.0001
2024-11-21T00:00:00Z,INJUSDT,0.0001
2024-11-21T08:00:00Z,INJUSDT,0.0001
2024-11-21T16:00:00Z,INJUSDT,0.0001
2024-11-22T00:00:00Z,INJUSDT,0.00037055
2024-11-22T08:00:00Z,INJUSDT,0.00029837
2024-11-22T16:00:00Z,INJUSDT,0.00035741
2024-11-23T00:00:00Z,INJUSDT,0.00020808
2024-11-23T08:00:00Z,INJUSDT,0.0005734
2024-11-23T16:00:00Z,INJUSDT,0.00064269
2024-11-24T00:00:00Z,INJUSDT,0.00030339
2024-11-24T08:00:00Z,INJUSDT,0.00047123
2024-11-24T16:00:00Z,INJUSDT,0.00016151
2024-11-25T00:00:00Z,INJUSDT,0.00020425
2024-11-25T08:00:00Z,INJUSDT,0.00032264
2024-11-25T16:00:00Z,INJUSDT,0.00024276
2024-11-26T00:00:00Z,INJUSDT,0.00012507
2024-11-26T08:00:00Z,INJUSDT,0.0001
2024-11-26T16:00:00Z,INJUSDT,0.0001
2024-11-27T00:00:00Z,INJUSDT,0.0001
2024-11-27T08:00:00Z,INJUSDT,0.0001
2024-11-27T16:00:00Z,INJUSDT,0.00014976
2024-11-28T00:00:00Z,INJUSDT,0.00027439
2024-11-28T08:00:00Z,INJUSDT,0.00038102
2024-11-28T16:00:00Z,INJUSDT,0.00024786
2024-11-29T00:00:00Z,INJUSDT,0.00028339
2024-11-29T08:00:00Z,INJUSDT,0.00043632
2024-11-29T16:00:00Z,INJUSDT,0.00060459
2024-11-30T00:00:00Z,INJUSDT,0.00057989
2024-11-30T08:00:00Z,INJUSDT,0.00043134
2024-11-30T16:00:00Z,INJUSDT,0.00035569
2024-12-01T00:00:00Z,INJUSDT,0.00040484
2024-12-01T08:00:00Z,INJUSDT,0.00022243
2024-12-01T16:00:00Z,INJUSDT,0.00029552
2024-12-02T00:00:00Z,INJUSDT,0.00048632
2024-12-02T08:00:00Z,INJUSDT,0.00035117
2024-12-02T16:00:00Z,INJUSDT,0.00012813
2024-12-03T00:00:00Z,INJUSDT,0.00036695
2024-12-03T08:00:00Z,INJUSDT,0.0004129
2024-12-03T16:00:00Z,INJUSDT,0.00013395
2024-12-04T00:00:00Z,INJUSDT,0.00026398
2024-12-04T08:00:00Z,INJUSDT,0.00075313
2024-12-04T16:00:00Z,INJUSDT,0.00073905
2024-12-05T00:00:00Z,INJUSDT,0.00057087
2024-12-05T08:00:00Z,INJUSDT,0.00083014
2024-12-05T16:00:00Z,INJUSDT,0.00062145
2024-12-06T00:00:00Z,INJUSDT,0.00076567
2024-12-06T08:00:00Z,INJUSDT,0.00053662
2024-12-06T16:00:00Z,INJUSDT,0.00027275
2024-12-07T00:00:00Z,INJUSDT,0.000465
2024-12-07T08:00:00Z,INJUSDT,0.00042065
2024-12-07T16:00:00Z,INJUSDT,0.00072366
2024-12-08T00:00:00Z,INJUSDT,0.00106161
2024-12-08T08:00:00Z,INJUSDT,0.00087069
2024-12-08T16:00:00Z,INJUSDT,0.00072343
2024-12-09T00:00:00Z,INJUSDT,0.00087609
2024-12-09T08:00:00Z,INJUSDT,0.00044488
2024-12-09T16:00:00Z,INJUSDT,0.0001
2024-12-10T00:00:00Z,INJUSDT,-0.00032483
2024-12-10T08:00:00Z,INJUSDT,0.0001
2024-12-10T16:00:00Z,INJUSDT,0.0001
2024-12-11T00:00:00Z,INJUSDT,0.0001
2024-12-11T08:00:00Z,INJUSDT,0.0001
2024-12-11T16:00:00Z,INJUSDT,0.0001
2024-12-12T00:00:00Z,INJUSDT,0.0001
2024-12-12T08:00:00Z,INJUSDT,0.0001
2024-12-12T16:00:00Z,INJUSDT,0.0001
2024-12-13T00:00:00Z,INJUSDT,0.0001
2024-12-13T08:00:00Z,INJUSDT,0.0001
2024-12-13T16:00:00Z,INJUSDT,0.0001
2024-12-14T00:00:00Z,INJUSDT,0.0001
2024-12-14T08:00:00Z,INJUSDT,0.0001
2024-12-14T16:00:00Z,INJUSDT,0.0001
2024-12-15T00:00:00Z,INJUSDT,0.0001
2024-12-15T08:00:00Z,INJUSDT,0.0001
2024-12-15T16:00:00Z,INJUSDT,0.0001
2024-12-16T00:00:00Z,INJUSDT,0.0001
2024-12-16T08:00:00Z,INJUSDT,0.0001
2024-12-16T16:00:00Z,INJUSDT,0.0001
2024-12-17T00:00:00Z,INJUSDT,0.0001
2024-12-17T08:00:00Z,INJUSDT,0.0001
2024-12-17T16:00:00Z,INJUSDT,0.0001
2024-12-18T00:00:00Z,INJUSDT,0.0001
2024-12-18T08:00:00Z,INJUSDT,0.0001
2024-12-18T16:00:00Z,INJUSDT,0.0001
2024-12-19T00:00:00Z,INJUSDT,0.0001
2024-12-19T08:00:00Z,INJUSDT,0.0001
2024-12-19T16:00:00Z,INJUSDT,0.0001
2024-12-20T00:00:00Z,INJUSDT,0.0001
2024-12-20T08:00:00Z,INJUSDT,0.0001
2024-12-20T16:00:00Z,INJUSDT,-0.00000296
2024-12-21T00:00:00Z,INJUSDT,0.00004721
2024-12-21T08:00:00Z,INJUSDT,0.0001
2024-12-21T16:00:00Z,INJUSDT,0.0001
2024-12-22T00:00:00Z,INJUSDT,0.0001
2024-12-22T08:00:00Z,INJUSDT,0.00009492
2024-12-22T16:00:00Z,INJUSDT,0.00007448
2024-12-23T00:00:00Z,INJUSDT,-0.0000475
2024-12-23T08:00:00Z,INJUSDT,0.0001
2024-12-23T16:00:00Z,INJUSDT,0.000002
2024-12-24T00:00:00Z,INJUSDT,-0.00001497
2024-12-24T08:00:00Z,INJUSDT,0.0001
2024-12-24T16:00:00Z,INJUSDT,-0.00004356
2024-12-25T00:00:00Z,INJUSDT,0.0001
2024-12-25T08:00:00Z,INJUSDT,0.0001
2024-12-25T16:00:00Z,INJUSDT,0.0001
2024-12-26T00:00:00Z,INJUSDT,0.00002638
2024-12-26T08:00:00Z,INJUSDT,0.0001
2024-12-26T16:00:00Z,INJUSDT,0.0001
2024-12-27T00:00:00Z,INJUSDT,0.00009107
2024-12-27T08:00:00Z,INJUSDT,0.0001
2024-12-27T16:00:00Z,INJUSDT,0.00004437
2024-12-28T00:00:00Z,INJUSDT,0.00003225
2024-12-28T08:00:00Z,INJUSDT,0.0001
2024-12-28T16:00:00Z,INJUSDT,0.0001
2024-12-29T00:00:00Z,INJUSDT,0.0001
2024-12-29T08:00:00Z,INJUSDT,0.0001
2024-12-29T16:00:00Z,INJUSDT,0.0001
2024-12-30T00:00:00Z,INJUSDT,0.0001
2024-12-30T08:00:00Z,INJUSDT,0.0001
2024-12-30T16:00:00Z,INJUSDT,0.0001
2024-12-31T00:00:00Z,INJUSDT,0.0001
2024-12-31T08:00:00Z,INJUSDT,0.0001
2024-12-31T16:00:00Z,INJUSDT,0.0001
2025-01-01T00:00:00Z,INJUSDT,0.0001
2025-01-01T08:00:00Z,INJUSDT,0.0001
2025-01-01T16:00:00Z,INJUSDT,0.00009009
2025-01-02T00:00:00Z,INJUSDT,0.0001
2025-01-02T08:00:00Z,INJUSDT,0.0001
2025-01-02T16:00:00Z,INJUSDT,0.0001
2025-01-03T00:00:00Z,INJUSDT,0.0001
2025-01-03T08:00:00Z,INJUSDT,0.0001
2025-01-03T16:00:00Z,INJUSDT,0.0001
2025-01-04T00:00:00Z,INJUSDT,0.0001
2025-01-04T08:00:00Z,INJUSDT,0.0001
2025-01-04T16:00:00Z,INJUSDT,0.0001
2025-01-05T00:00:00Z,INJUSDT,0.0001
2025-01-05T08:00:00Z,INJUSDT,0.0001
2025-01-05T16:00:00Z,INJUSDT,0.0001
2025-01-06T00:00:00Z,INJUSDT,0.0001
2025-01-06T08:00:00Z,INJUSDT,0.0001
2025-01-06T16:00:00Z,INJUSDT,0.0001
2025-01-07T00:00:00Z,INJUSDT,0.0001
2025-01-07T08:00:00Z,INJUSDT,0.0001
2025-01-07T16:00:00Z,INJUSDT,0.0001
2025-01-08T00:00:00Z,INJUSDT,0.0001
2025-01-08T08:00:00Z,INJUSDT,0.0001
2025-01-08T16:00:00Z,INJUSDT,0.0001
2025-01-09T00:00:00Z,INJUSDT,-0.00012793
2025-01-09T08:00:00Z,INJUSDT,-0.00001711
2025-01-09T16:00:00Z,INJUSDT,0.00009142
2025-01-10T00:00:00Z,INJUSDT,0.0000145
2025-01-10T08:00:00Z,INJUSDT,0.00006275
2025-01-10T16:00:00Z,INJUSDT,0.0001
2025-01-11T00:00:00Z,INJUSDT,0.0001
2025-01-11T08:00:00Z,INJUSDT,0.00005963
2025-01-11T16:00:00Z,INJUSDT,0.0001
2025-01-12T00:00:00Z,INJUSDT,0.0001
2025-01-12T08:00:00Z,INJUSDT,0.0001
2025-01-12T16:00:00Z,INJUSDT,0.0001
2025-01-13T00:00:00Z,INJUSDT,0.0001
2025-01-13T08:00:00Z,INJUSDT,0.0001
2025-01-13T16:00:00Z,INJUSDT,0.0001
2025-01-14T00:00:00Z,INJUSDT,-0.00006467
2025-01-14T08:00:00Z,INJUSDT,-0.00012771
2025-01-14T16:00:00Z,INJUSDT,0.00004687
2025-01-15T00:00:00Z,INJUSDT,0.00007377
2025-01-15T08:00:00Z,INJUSDT,0.0001
2025-01-15T16:00:00Z,INJUSDT,0.0001
2025-01-16T00:00:00Z,INJUSDT,0.0001
2025-01-16T08:00:00Z,INJUSDT,0.0001
2025-01-16T16:00:00Z,INJUSDT,0.0001
2025-01-17T00:00:00Z,INJUSDT,0.0001
2025-01-17T08:00:00Z,INJUSDT,0.0001
2025-01-17T16:00:00Z,INJUSDT,0.0001
2025-01-18T00:00:00Z,INJUSDT,0.0001
2025-01-18T08:00:00Z,INJUSDT,0.0001
2025-01-18T16:00:00Z,INJUSDT,0.0001
2025-01-19T00:00:00Z,INJUSDT,0.0001
2025-01-19T08:00:00Z,INJUSDT,0.0001
2025-01-19T16:00:00Z,INJUSDT,0.0001
2025-01-20T00:00:00Z,INJUSDT,0.0001
2025-01-20T08:00:00Z,INJUSDT,0.0001
2025-01-20T16:00:00Z,INJUSDT,0.0001
2025-01-21T00:00:00Z,INJUSDT,0.0001
2025-01-21T08:00:00Z,INJUSDT,0.0001
2025-01-21T16:00:00Z,INJUSDT,0.0001
2025-01-22T00:00:00Z,INJUSDT,0.0001
2025-01-22T08:00:00Z,INJUSDT,0.0001
2025-01-22T16:00:00Z,INJUSDT,0.0001
2025-01-23T00:00:00Z,INJUSDT,0.0001
2025-01-23T08:00:00Z,INJUSDT,0.0001
2025-01-23T16:00:00Z,INJUSDT,0.0001
2025-01-24T00:00:00Z,INJUSDT,0.0001
2025-01-24T08:00:00Z,INJUSDT,0.0001
2025-01-24T16:00:00Z,INJUSDT,0.0001
2025-01-25T00:00:00Z,INJUSDT,0.0001
2025-01-25T08:00:00Z,INJUSDT,0.0001
2025-01-25T16:00:00Z,INJUSDT,0.0001
2025-01-26T00:00:00Z,INJUSDT,0.0001
2025-01-26T08:00:00Z,INJUSDT,0.0001
2025-01-26T16:00:00Z,INJUSDT,0.0001
2025-01-27T00:00:00Z,INJUSDT,0.0001
2025-01-27T08:00:00Z,INJUSDT,0.00003481
2025-01-27T16:00:00Z,INJUSDT,0.0001
2025-01-28T00:00:00Z,INJUSDT,0.00001326
2025-01-28T08:00:00Z,INJUSDT,0.0001
2025-01-28T16:00:00Z,INJUSDT,0.0001
2025-01-29T00:00:00Z,INJUSDT,0.0001
2025-01-29T08:00:00Z,INJUSDT,0.00007219
2025-01-29T16:00:00Z,INJUSDT,0.0001
2025-01-30T00:00:00Z,INJUSDT,0.0001
2025-01-30T08:00:00Z,INJUSDT,0.0001
2025-01-30T16:00:00Z,INJUSDT,0.0001
2025-01-31T00:00:00Z,INJUSDT,0.0000966
2025-01-31T08:00:00Z,INJUSDT,0.0001
2025-01-31T16:00:00Z,INJUSDT,0.00005423
2025-02-01T00:00:00Z,INJUSDT,0.0001
2025-02-01T08:00:00Z,INJUSDT,0.0001
2025-02-01T16:00:00Z,INJUSDT,0.0001
2025-02-02T00:00:00Z,INJUSDT,0.0001
2025-02-02T08:00:00Z,INJUSDT,0.00001966
2025-02-02T16:00:00Z,INJUSDT,-0.0000387
2025-02-03T00:00:00Z,INJUSDT,-0.00012142
2025-02-03T08:00:00Z,INJUSDT,-0.00042838
2025-02-03T16:00:00Z,INJUSDT,-0.00007319
2025-02-04T00:00:00Z,INJUSDT,-0.0000757
2025-02-04T08:00:00Z,INJUSDT,0.0001
2025-02-04T16:00:00Z,INJUSDT,-0.00014176
2025-02-05T00:00:00Z,INJUSDT,0.00004155
2025-02-05T08:00:00Z,INJUSDT,-0.00010462
2025-02-05T16:00:00Z,INJUSDT,-0.00002531
2025-02-06T00:00:00Z,INJUSDT,0.0001
2025-02-06T08:00:00Z,INJUSDT,0.0001
2025-02-06T16:00:00Z,INJUSDT,-0.00013223
2025-02-07T00:00:00Z,INJUSDT,0.0001
2025-02-07T08:00:00Z,INJUSDT,0.0001
2025-02-07T16:00:00Z,INJUSDT,-0.00013672
2025-02-08T00:00:00Z,INJUSDT,0.0001
2025-02-08T08:00:00Z,INJUSDT,-0.00002686
2025-02-08T16:00:00Z,INJUSDT,-0.0000641
2025-02-09T00:00:00Z,INJUSDT,-0.0000818
2025-02-09T08:00:00Z,INJUSDT,0.00003384
2025-02-09T16:00:00Z,INJUSDT,0.0001
2025-02-10T00:00:00Z,INJUSDT,0.00008942
2025-02-10T08:00:00Z,INJUSDT,-0.00017989
2025-02-10T16:00:00Z,INJUSDT,0.0001
2025-02-11T00:00:00Z,INJUSDT,0.00009812
2025-02-11T08:00:00Z,INJUSDT,-0.00014801
2025-02-11T16:00:00Z,INJUSDT,0.0001
2025-02-12T00:00:00Z,INJUSDT,0.00004408
2025-02-12T08:00:00Z,INJUSDT,0.00006913
2025-02-12T16:00:00Z,INJUSDT,0.0001
2025-02-13T00:00:00Z,INJUSDT,0.0001
2025-02-13T08:00:00Z,INJUSDT,0.0001
2025-02-13T16:00:00Z,INJUSDT,0.00009124
2025-02-14T00:00:00Z,INJUSDT,-0.00002847
2025-02-14T08:00:00Z,INJUSDT,-0.00005019
2025-02-14T16:00:00Z,INJUSDT,0.00007988
2025-02-15T00:00:00Z,INJUSDT,0.0001
2025-02-15T08:00:00Z,INJUSDT,0.0001
2025-02-15T16:00:00Z,INJUSDT,0.0001
2025-02-16T00:00:00Z,INJUSDT,-0.00007549
2025-02-16T08:00:00Z,INJUSDT,-0.00018804
2025-02-16T16:00:00Z,INJUSDT,-0.00002585
2025-02-17T00:00:00Z,INJUSDT,-0.00002063
2025-02-17T08:00:00Z,INJUSDT,-0.00030991
2025-02-17T16:00:00Z,INJUSDT,-0.00009913
2025-02-18T00:00:00Z,INJUSDT,-0.00007724
2025-02-18T08:00:00Z,INJUSDT,0.00003552
2025-02-18T16:00:00Z,INJUSDT,0.00006069
2025-02-19T00:00:00Z,INJUSDT,-0.0002812
2025-02-19T08:00:00Z,INJUSDT,0.00004178
2025-02-19T16:00:00Z,INJUSDT,0.0001
2025-02-20T00:00:00Z,INJUSDT,0.0001
2025-02-20T08:00:00Z,INJUSDT,0.0001
2025-02-20T16:00:00Z,INJUSDT,0.0001
2025-02-21T00:00:00Z,INJUSDT,0.0001
2025-02-21T08:00:00Z,INJUSDT,0.0001
2025-02-21T16:00:00Z,INJUSDT,0.00007703
2025-02-22T00:00:00Z,INJUSDT,0.00011581
2025-02-22T08:00:00Z,INJUSDT,0.0001
2025-02-22T16:00:00Z,INJUSDT,0.0001
2025-02-23T00:00:00Z,INJUSDT,0.0001
2025-02-23T08:00:00Z,INJUSDT,0.0001
2025-02-23T16:00:00Z,INJUSDT,0.0001
2025-02-24T00:00:00Z,INJUSDT,0.0001
2025-02-24T08:00:00Z,INJUSDT,0.0001
2025-02-24T16:00:00Z,INJUSDT,0.0001
2025-02-25T00:00:00Z,INJUSDT,0.0001
2025-02-25T08:00:00Z,INJUSDT,0.00007934
2025-02-25T16:00:00Z,INJUSDT,0.0001
2025-02-26T00:00:00Z,INJUSDT,0.0001
2025-02-26T08:00:00Z,INJUSDT,0.0001
2025-02-26T16:00:00Z,INJUSDT,0.0001
2025-02-27T00:00:00Z,INJUSDT,0.0001
2025-02-27T08:00:00Z,INJUSDT,0.00008802
2025-02-27T16:00:00Z,INJUSDT,0.0001
2025-02-28T00:00:00Z,INJUSDT,0.0001
2025-02-28T08:00:00Z,INJUSDT,0.0001
2025-02-28T16:00:00Z,INJUSDT,0.00009458
2025-03-01T00:00:00Z,INJUSDT,0.0001
2025-03-01T08:00:00Z,INJUSDT,0.0001
2025-03-01T16:00:00Z,INJUSDT,0.0001
2025-03-02T00:00:00Z,INJUSDT,0.0001
2025-03-02T08:00:00Z,INJUSDT,0.0001
2025-03-02T16:00:00Z,INJUSDT,0.0001
2025-03-03T00:00:00Z,INJUSDT,0.0001
2025-03-03T08:00:00Z,INJUSDT,0.0001
2025-03-03T16:00:00Z,INJUSDT,0.0001
2025-03-04T00:00:00Z,INJUSDT,0.00008099
2025-03-04T08:00:00Z,INJUSDT,0.00000048
2025-03-04T16:00:00Z,INJUSDT,-0.00004875
2025-03-05T00:00:00Z,INJUSDT,-0.00011721
2025-03-05T08:00:00Z,INJUSDT,-0.00008439
2025-03-05T16:00:00Z,INJUSDT,-0.00010804
2025-03-06T00:00:00Z,INJUSDT,-0.00012571
2025-03-06T08:00:00Z,INJUSDT,-0.00009575
2025-03-06T16:00:00Z,INJUSDT,0.0001
2025-03-07T00:00:00Z,INJUSDT,0.00008495
2025-03-07T08:00:00Z,INJUSDT,0.0001
2025-03-07T16:00:00Z,INJUSDT,0.0001
2025-03-08T00:00:00Z,INJUSDT,0.0001
2025-03-08T08:00:00Z,INJUSDT,0.0001
2025-03-08T16:00:00Z,INJUSDT,0.0001
2025-03-09T00:00:00Z,INJUSDT,0.0000938
2025-03-09T08:00:00Z,INJUSDT,0.0001
2025-03-09T16:00:00Z,INJUSDT,0.0001
2025-03-10T00:00:00Z,INJUSDT,-0.00002646
2025-03-10T08:00:00Z,INJUSDT,0.0001
2025-03-10T16:00:00Z,INJUSDT,0.0001
2025-03-11T00:00:00Z,INJUSDT,0.00008275
2025-03-11T08:00:00Z,INJUSDT,0.00002283
2025-03-11T16:00:00Z,INJUSDT,0.0001
2025-03-12T00:00:00Z,INJUSDT,0.00005986
2025-03-12T08:00:00Z,INJUSDT,0.0001
2025-03-12T16:00:00Z,INJUSDT,0.00009221
2025-03-13T00:00:00Z,INJUSDT,0.0001
2025-03-13T08:00:00Z,INJUSDT,0.0001
2025-03-13T16:00:00Z,INJUSDT,0.0001
2025-03-14T00:00:00Z,INJUSDT,0.00003853
2025-03-14T08:00:00Z,INJUSDT,0.00009783
2025-03-14T16:00:00Z,INJUSDT,-0.00000313
2025-03-15T00:00:00Z,INJUSDT,0.0001
2025-03-15T08:00:00Z,INJUSDT,0.0001
2025-03-15T16:00:00Z,INJUSDT,0.0001
2025-03-16T00:00:00Z,INJUSDT,0.00002321
2025-03-16T08:00:00Z,INJUSDT,0.0001
2025-03-16T16:00:00Z,INJUSDT,-0.00003907
2025-03-17T00:00:00Z,INJUSDT,0.00005498
2025-03-17T08:00:00Z,INJUSDT,0.00006091
2025-03-17T16:00:00Z,INJUSDT,0.00002681
2025-03-18T00:00:00Z,INJUSDT,0.00008786
2025-03-18T08:00:00Z,INJUSDT,0.00003692
2025-03-18T16:00:00Z,INJUSDT,0.0001
2025-03-19T00:00:00Z,INJUSDT,0.00002836
2025-03-19T08:00:00Z,INJUSDT,0.0001
2025-03-19T16:00:00Z,INJUSDT,0.00003454
2025-03-20T00:00:00Z,INJUSDT,0.00007676
2025-03-20T08:00:00Z,INJUSDT,0.00009233
2025-03-20T16:00:00Z,INJUSDT,0.00005175
2025-03-21T00:00:00Z,INJUSDT,0.0000445
2025-03-21T08:00:00Z,INJUSDT,-0.00005091
2025-03-21T16:00:00Z,INJUSDT,-0.00026667
2025-03-22T00:00:00Z,INJUSDT,-0.0000837
2025-03-22T08:00:00Z,INJUSDT,0.00005081
2025-03-22T16:00:00Z,INJUSDT,0.00004763
2025-03-23T00:00:00Z,INJUSDT,0.00002266
2025-03-23T08:00:00Z,INJUSDT,0.00003105
2025-03-23T16:00:00Z,INJUSDT,-0.00017771
2025-03-24T00:00:00Z,INJUSDT,0.00000297
2025-03-24T08:00:00Z,INJUSDT,-0.00001153
2025-03-24T16:00:00Z,INJUSDT,-0.00003697
2025-03-25T00:00:00Z,INJUSDT,0.00002033
2025-03-25T08:00:00Z,INJUSDT,0.0001
2025-03-25T16:00:00Z,INJUSDT,0.00007332
2025-03-26T00:00:00Z,INJUSDT,0.00006364
2025-03-26T08:00:00Z,INJUSDT,-0.00020647
2025-03-26T16:00:00Z,INJUSDT,-0.00024807
2025-03-27T00:00:00Z,INJUSDT,-0.00006776
2025-03-27T08:00:00Z,INJUSDT,0.00006401
2025-03-27T16:00:00Z,INJUSDT,0.00003701
2025-03-28T00:00:00Z,INJUSDT,0.00009913
2025-03-28T08:00:00Z,INJUSDT,-0.00013074
2025-03-28T16:00:00Z,INJUSDT,-0.00006106
2025-03-29T00:00:00Z,INJUSDT,-0.00004879
2025-03-29T08:00:00Z,INJUSDT,0.0001
2025-03-29T16:00:00Z,INJUSDT,0.0001
2025-03-30T00:00:00Z,INJUSDT,0.0001
2025-03-30T08:00:00Z,INJUSDT,-0.00008512
2025-03-30T16:00:00Z,INJUSDT,-0.00006581
2025-03-31T00:00:00Z,INJUSDT,-0.00009302
2025-03-31T08:00:00Z,INJUSDT,0.0001
2025-03-31T16:00:00Z,INJUSDT,-0.00009099
2025-04-01T00:00:00Z,INJUSDT,0.00005773
2025-04-01T08:00:00Z,INJUSDT,-0.0000273
2025-04-01T16:00:00Z,INJUSDT,0.00006304
2025-04-02T00:00:00Z,INJUSDT,0.00008903
2025-04-02T08:00:00Z,INJUSDT,0.0001
2025-04-02T16:00:00Z,INJUSDT,0.0001
2025-04-03T00:00:00Z,INJUSDT,0.00006218
2025-04-03T08:00:00Z,INJUSDT,-0.00002819
2025-04-03T16:00:00Z,INJUSDT,0.0001
2025-04-04T00:00:00Z,INJUSDT,0.0001
2025-04-04T08:00:00Z,INJUSDT,-0.00001189
2025-04-04T16:00:00Z,INJUSDT,0.0001
2025-04-05T00:00:00Z,INJUSDT,0.00007733
2025-04-05T08:00:00Z,INJUSDT,0.0001
2025-04-05T16:00:00Z,INJUSDT,-0.00001323
2025-04-06T00:00:00Z,INJUSDT,0.0001
2025-04-06T08:00:00Z,INJUSDT,0.00005722
2025-04-06T16:00:00Z,INJUSDT,-0.00002627
2025-04-07T00:00:00Z,INJUSDT,0.00006991
2025-04-07T08:00:00Z,INJUSDT,0.00008528
2025-04-07T16:00:00Z,INJUSDT,0.0001
2025-04-08T00:00:00Z,INJUSDT,-0.00001417
2025-04-08T08:00:00Z,INJUSDT,-0.0000646
2025-04-08T16:00:00Z,INJUSDT,0.0001
2025-04-09T00:00:00Z,INJUSDT,0.0001
2025-04-09T08:00:00Z,INJUSDT,0.00006502
2025-04-09T16:00:00Z,INJUSDT,0.0001
2025-04-10T00:00:00Z,INJUSDT,-0.0001266
2025-04-10T08:00:00Z,INJUSDT,0.00001803
2025-04-10T16:00:00Z,INJUSDT,-0.00013202
2025-04-11T00:00:00Z,INJUSDT,-0.00000234
2025-04-11T08:00:00Z,INJUSDT,-0.00015363
2025-04-11T16:00:00Z,INJUSDT,0.00004147
2025-04-12T00:00:00Z,INJUSDT,0.00003066
2025-04-12T08:00:00Z,INJUSDT,0.00006773
2025-04-12T16:00:00Z,INJUSDT,0.00005953
2025-04-13T00:00:00Z,INJUSDT,0.00008597
2025-04-13T08:00:00Z,INJUSDT,0.00009681
2025-04-13T16:00:00Z,INJUSDT,-0.00002471
2025-04-14T00:00:00Z,INJUSDT,0.0001
2025-04-14T08:00:00Z,INJUSDT,0.0001
2025-04-14T16:00:00Z,INJUSDT,-0.0000036
2025-04-15T00:00:00Z,INJUSDT,-0.00001453
2025-04-15T08:00:00Z,INJUSDT,0.00000406
2025-04-15T16:00:00Z,INJUSDT,-0.00007901
2025-04-16T00:00:00Z,INJUSDT,-0.00009336
2025-04-16T08:00:00Z,INJUSDT,-0.00003894
2025-04-16T16:00:00Z,INJUSDT,-0.00004045
2025-04-17T00:00:00Z,INJUSDT,-0.00001893
2025-04-17T08:00:00Z,INJUSDT,0.0000358
2025-04-17T16:00:00Z,INJUSDT,0.0001
2025-04-18T00:00:00Z,INJUSDT,0.0001
2025-04-18T08:00:00Z,INJUSDT,0.0001
2025-04-18T16:00:00Z,INJUSDT,0.00003171
2025-04-19T00:00:00Z,INJUSDT,0.00000815
2025-04-19T08:00:00Z,INJUSDT,0.0001
2025-04-19T16:00:00Z,INJUSDT,0.00006592
2025-04-20T00:00:00Z,INJUSDT,0.0001
2025-04-20T08:00:00Z,INJUSDT,0.0001
2025-04-20T16:00:00Z,INJUSDT,0.00007962
2025-04-21T00:00:00Z,INJUSDT,0.0001
2025-04-21T08:00:00Z,INJUSDT,0.00007954
2025-04-21T16:00:00Z,INJUSDT,0.0001
2025-04-22T00:00:00Z,INJUSDT,0.0001
2025-04-22T08:00:00Z,INJUSDT,0.0001
2025-04-22T16:00:00Z,INJUSDT,0.0001
2025-04-23T00:00:00Z,INJUSDT,0.00009449
2025-04-23T08:00:00Z,INJUSDT,0.0001
2025-04-23T16:00:00Z,INJUSDT,0.0001
2025-04-24T00:00:00Z,INJUSDT,0.0001
2025-04-24T08:00:00Z,INJUSDT,0.0001
2025-04-24T16:00:00Z,INJUSDT,0.0001
2025-04-25T00:00:00Z,INJUSDT,0.00008716
2025-04-25T08:00:00Z,INJUSDT,0.0001
2025-04-25T16:00:00Z,INJUSDT,0.00006814
2025-04-26T00:00:00Z,INJUSDT,0.00008897
2025-04-26T08:00:00Z,INJUSDT,-0.00015116
2025-04-26T16:00:00Z,INJUSDT,-0.000001
2025-04-27T00:00:00Z,INJUSDT,0.00000279
2025-04-27T08:00:00Z,INJUSDT,0.0001
2025-04-27T16:00:00Z,INJUSDT,0.0001
2025-04-28T00:00:00Z,INJUSDT,0.0001
2025-04-28T08:00:00Z,INJUSDT,0.0001
2025-04-28T16:00:00Z,INJUSDT,0.0001
2025-04-29T00:00:00Z,INJUSDT,0.0001
2025-04-29T08:00:00Z,INJUSDT,0.0001
2025-04-29T16:00:00Z,INJUSDT,0.0001
2025-04-30T00:00:00Z,INJUSDT,0.0001
2025-04-30T08:00:00Z,INJUSDT,0.0001
2025-04-30T16:00:00Z,INJUSDT,0.0001
2025-05-01T00:00:00Z,INJUSDT,0.0001
2025-05-01T08:00:00Z,INJUSDT,0.0001
2025-05-01T16:00:00Z,INJUSDT,0.00007361
2025-05-02T00:00:00Z,INJUSDT,0.0001
2025-05-02T08:00:00Z,INJUSDT,0.00004563
2025-05-02T16:00:00Z,INJUSDT,-0.00005987
2025-05-03T00:00:00Z,INJUSDT,0.00003573
2025-05-03T08:00:00Z,INJUSDT,0.00006772
2025-05-03T16:00:00Z,INJUSDT,-0.00023657
2025-05-04T00:00:00Z,INJUSDT,0.0001
2025-05-04T08:00:00Z,INJUSDT,0.00002491
2025-05-04T16:00:00Z,INJUSDT,0.00009209
2025-05-05T00:00:00Z,INJUSDT,0.0001
2025-05-05T08:00:00Z,INJUSDT,-0.00001625
2025-05-05T16:00:00Z,INJUSDT,0.0001
2025-05-06T00:00:00Z,INJUSDT,-0.00000849
2025-05-06T08:00:00Z,INJUSDT,0.00008142
2025-05-06T16:00:00Z,INJUSDT,0.00005202
2025-05-07T00:00:00Z,INJUSDT,0.0001
2025-05-07T08:00:00Z,INJUSDT,-0.0001081
2025-05-07T16:00:00Z,INJUSDT,0.00003225
2025-05-08T00:00:00Z,INJUSDT,0.00004317
2025-05-08T08:00:00Z,INJUSDT,0.0001
2025-05-08T16:00:00Z,INJUSDT,0.0001
2025-05-09T00:00:00Z,INJUSDT,0.0001
2025-05-09T08:00:00Z,INJUSDT,0.0001
2025-05-09T16:00:00Z,INJUSDT,0.0001
2025-05-10T00:00:00Z,INJUSDT,0.0001
2025-05-10T08:00:00Z,INJUSDT,0.0001
2025-05-10T16:00:00Z,INJUSDT,0.0001
2025-05-11T00:00:00Z,INJUSDT,0.0001
2025-05-11T08:00:00Z,INJUSDT,0.0001
2025-05-11T16:00:00Z,INJUSDT,-0.00001055
2025-05-12T00:00:00Z,INJUSDT,-0.00007813
2025-05-12T08:00:00Z,INJUSDT,0.0001
2025-05-12T16:00:00Z,INJUSDT,0.0001
2025-05-13T00:00:00Z,INJUSDT,-0.00025414
2025-05-13T08:00:00Z,INJUSDT,-0.00004441
2025-05-13T16:00:00Z,INJUSDT,0.00001248
2025-05-14T00:00:00Z,INJUSDT,0.00009602
2025-05-14T08:00:00Z,INJUSDT,0.00005164
2025-05-14T16:00:00Z,INJUSDT,0.00009094
2025-05-15T00:00:00Z,INJUSDT,0.00001679
2025-05-15T08:00:00Z,INJUSDT,0.0001
2025-05-15T16:00:00Z,INJUSDT,0.0001
2025-05-16T00:00:00Z,INJUSDT,0.00006403
2025-05-16T08:00:00Z,INJUSDT,0.0001
2025-05-16T16:00:00Z,INJUSDT,0.0001
2025-05-17T00:00:00Z,INJUSDT,0.0001
2025-05-17T08:00:00Z,INJUSDT,0.00002032
2025-05-17T16:00:00Z,INJUSDT,-0.00000465
2025-05-18T00:00:00Z,INJUSDT,0.00001138
2025-05-18T08:00:00Z,INJUSDT,-0.00005687
2025-05-18T16:00:00Z,INJUSDT,0.00004299
2025-05-19T00:00:00Z,INJUSDT,-0.00005491
2025-05-19T08:00:00Z,INJUSDT,-0.00003971
2025-05-19T16:00:00Z,INJUSDT,0.00000455
2025-05-20T00:00:00Z,INJUSDT,0.0001
2025-05-20T08:00:00Z,INJUSDT,0.00004957
2025-05-20T16:00:00Z,INJUSDT,0.00003211
2025-05-21T00:00:00Z,INJUSDT,0.00006849
2025-05-21T08:00:00Z,INJUSDT,0.0001
2025-05-21T16:00:00Z,INJUSDT,-0.00000984
2025-05-22T00:00:00Z,INJUSDT,0.0001
2025-05-22T08:00:00Z,INJUSDT,0.0001
2025-05-22T16:00:00Z,INJUSDT,0.0001
2025-05-23T00:00:00Z,INJUSDT,0.0001
2025-05-23T08:00:00Z,INJUSDT,0.0001
2025-05-23T16:00:00Z,INJUSDT,0.0001
2025-05-24T00:00:00Z,INJUSDT,0.0001
2025-05-24T08:00:00Z,INJUSDT,0.0001
2025-05-24T16:00:00Z,INJUSDT,0.00007957
2025-05-25T00:00:00Z,INJUSDT,0.0001
2025-05-25T08:00:00Z,INJUSDT,0.00009478
2025-05-25T16:00:00Z,INJUSDT,0.00008101
2025-05-26T00:00:00Z,INJUSDT,0.0001
2025-05-26T08:00:00Z,INJUSDT,0.00005303
2025-05-26T16:00:00Z,INJUSDT,0.0000859
2025-05-27T00:00:00Z,INJUSDT,0.00009782
2025-05-27T08:00:00Z,INJUSDT,0.00006431
2025-05-27T16:00:00Z,INJUSDT,0.00006865
2025-05-28T00:00:00Z,INJUSDT,0.00003519
2025-05-28T08:00:00Z,INJUSDT,-0.0001986
2025-05-28T16:00:00Z,INJUSDT,-0.00014699
2025-05-29T00:00:00Z,INJUSDT,-0.00024458
2025-05-29T08:00:00Z,INJUSDT,-0.00021883
2025-05-29T16:00:00Z,INJUSDT,0.00005453
2025-05-30T00:00:00Z,INJUSDT,0.00009855
2025-05-30T08:00:00Z,INJUSDT,0.00004258
2025-05-30T16:00:00Z,INJUSDT,0.0000331
2025-05-31T00:00:00Z,INJUSDT,-0.00008681
2025-05-31T08:00:00Z,INJUSDT,-0.00038832
2025-05-31T16:00:00Z,INJUSDT,-0.0004706
2025-06-01T00:00:00Z,INJUSDT,-0.00024424
2025-06-01T08:00:00Z,INJUSDT,-0.00018828
2025-06-01T16:00:00Z,INJUSDT,-0.00000373
2025-06-02T00:00:00Z,INJUSDT,-0.00030217
2025-06-02T08:00:00Z,INJUSDT,-0.00014119
2025-06-02T16:00:00Z,INJUSDT,0.0000272
2025-06-03T00:00:00Z,INJUSDT,0.00004367
2025-06-03T08:00:00Z,INJUSDT,-0.00004177
2025-06-03T16:00:00Z,INJUSDT,-0.00012594
2025-06-04T00:00:00Z,INJUSDT,-0.00003718
2025-06-04T08:00:00Z,INJUSDT,0.00001073
2025-06-04T16:00:00Z,INJUSDT,-0.0001856
2025-06-05T00:00:00Z,INJUSDT,-0.00008957
2025-06-05T08:00:00Z,INJUSDT,-0.00036339
2025-06-05T16:00:00Z,INJUSDT,-0.00007392
2025-06-06T00:00:00Z,INJUSDT,-0.00013704
2025-06-06T08:00:00Z,INJUSDT,-0.00013848
2025-06-06T16:00:00Z,INJUSDT,0.0001
2025-06-07T00:00:00Z,INJUSDT,0.0001
2025-06-07T08:00:00Z,INJUSDT,0.0001
2025-06-07T16:00:00Z,INJUSDT,0.0001
2025-06-08T00:00:00Z,INJUSDT,0.0001
2025-06-08T08:00:00Z,INJUSDT,0.0001
2025-06-08T16:00:00Z,INJUSDT,0.0000728
2025-06-09T00:00:00Z,INJUSDT,0.0001
2025-06-09T08:00:00Z,INJUSDT,0.00008983
2025-06-09T16:00:00Z,INJUSDT,0.0000257
2025-06-10T00:00:00Z,INJUSDT,0.0001
2025-06-10T08:00:00Z,INJUSDT,-0.00007412
2025-06-10T16:00:00Z,INJUSDT,0.00004879
2025-06-11T00:00:00Z,INJUSDT,-0.0000357
2025-06-11T08:00:00Z,INJUSDT,-0.00001103
2025-06-11T16:00:00Z,INJUSDT,0.00000708
2025-06-12T00:00:00Z,INJUSDT,0.00000119
2025-06-12T08:00:00Z,INJUSDT,0.00009624
2025-06-12T16:00:00Z,INJUSDT,-0.00001534
2025-06-13T00:00:00Z,INJUSDT,0.00006174
2025-06-13T08:00:00Z,INJUSDT,-0.00016694
2025-06-13T16:00:00Z,INJUSDT,-0.00009517
2025-06-14T00:00:00Z,INJUSDT,-0.00007837
2025-06-14T08:00:00Z,INJUSDT,-0.00030451
2025-06-14T16:00:00Z,INJUSDT,-0.00003154
2025-06-15T00:00:00Z,INJUSDT,-0.00000228
2025-06-15T08:00:00Z,INJUSDT,0.0000416
2025-06-15T16:00:00Z,INJUSDT,0.00009327
2025-06-16T00:00:00Z,INJUSDT,0.00006828
2025-06-16T08:00:00Z,INJUSDT,-0.00008612
2025-06-16T16:00:00Z,INJUSDT,0.00005154
2025-06-17T00:00:00Z,INJUSDT,0.00004394
2025-06-17T08:00:00Z,INJUSDT,0.0001
2025-06-17T16:00:00Z,INJUSDT,0.0001
2025-06-18T00:00:00Z,INJUSDT,0.00008444
2025-06-18T08:00:00Z,INJUSDT,0.0001
2025-06-18T16:00:00Z,INJUSDT,-0.0000606
2025-06-19T00:00:00Z,INJUSDT,-0.00008989
2025-06-19T08:00:00Z,INJUSDT,-0.00009203
2025-06-19T16:00:00Z,INJUSDT,-0.00011556
2025-06-20T00:00:00Z,INJUSDT,0.00001572
2025-06-20T08:00:00Z,INJUSDT,0.0001
2025-06-20T16:00:00Z,INJUSDT,0.00009159
2025-06-21T00:00:00Z,INJUSDT,0.0000464
2025-06-21T08:00:00Z,INJUSDT,0.00002829
2025-06-21T16:00:00Z,INJUSDT,-0.00006792
2025-06-22T00:00:00Z,INJUSDT,0.00003983
2025-06-22T08:00:00Z,INJUSDT,-0.00008174
2025-06-22T16:00:00Z,INJUSDT,-0.00002445
2025-06-23T00:00:00Z,INJUSDT,-0.00014323
2025-06-23T08:00:00Z,INJUSDT,-0.00005549
2025-06-23T16:00:00Z,INJUSDT,-0.00001097
2025-06-24T00:00:00Z,INJUSDT,-0.00005512
2025-06-24T08:00:00Z,INJUSDT,-0.00016316
2025-06-24T16:00:00Z,INJUSDT,0.00005799
2025-06-25T00:00:00Z,INJUSDT,0.00006178
2025-06-25T08:00:00Z,INJUSDT,0.0001
2025-06-25T16:00:00Z,INJUSDT,0.00007242
2025-06-26T00:00:00Z,INJUSDT,-0.00010488
2025-06-26T08:00:00Z,INJUSDT,-0.00000132
2025-06-26T16:00:00Z,INJUSDT,-0.00000065
2025-06-27T00:00:00Z,INJUSDT,-0.00007456
2025-06-27T08:00:00Z,INJUSDT,-0.00007494
2025-06-27T16:00:00Z,INJUSDT,0.00009415
2025-06-28T00:00:00Z,INJUSDT,-0.00004794
2025-06-28T08:00:00Z,INJUSDT,-0.00012759
2025-06-28T16:00:00Z,INJUSDT,-0.00023186
2025-06-29T00:00:00Z,INJUSDT,-0.00023803
2025-06-29T08:00:00Z,INJUSDT,-0.00002546
2025-06-29T16:00:00Z,INJUSDT,-0.0000504
2025-06-30T00:00:00Z,INJUSDT,0.0001
2025-06-30T08:00:00Z,INJUSDT,-0.00009119
2025-06-30T16:00:00Z,INJUSDT,-0.00018159
2025-07-01T00:00:00Z,INJUSDT,-0.00005469
2025-07-01T08:00:00Z,INJUSDT,0.00009
2025-07-01T16:00:00Z,INJUSDT,0.00001571
2025-07-02T00:00:00Z,INJUSDT,0.00007409
2025-07-02T08:00:00Z,INJUSDT,-0.00015903
2025-07-02T16:00:00Z,INJUSDT,0.00008832
2025-07-03T00:00:00Z,INJUSDT,0.0001
2025-07-03T08:00:00Z,INJUSDT,0.0001
2025-07-03T16:00:00Z,INJUSDT,0.0001
2025-07-04T00:00:00Z,INJUSDT,0.0000686
2025-07-04T08:00:00Z,INJUSDT,0.0001
2025-07-04T16:00:00Z,INJUSDT,-0.00007734
2025-07-05T00:00:00Z,INJUSDT,-0.000081
2025-07-05T08:00:00Z,INJUSDT,-0.00005434
2025-07-05T16:00:00Z,INJUSDT,-0.00030625
2025-07-06T00:00:00Z,INJUSDT,0.00003531
2025-07-06T08:00:00Z,INJUSDT,-0.00007484
2025-07-06T16:00:00Z,INJUSDT,-0.00008629
2025-07-07T00:00:00Z,INJUSDT,0.0001
2025-07-07T08:00:00Z,INJUSDT,0.00000369
2025-07-07T16:00:00Z,INJUSDT,0.00002071
2025-07-08T00:00:00Z,INJUSDT,0.00007679
2025-07-08T08:00:00Z,INJUSDT,-0.00002394
2025-07-08T16:00:00Z,INJUSDT,0.00000988
2025-07-09T00:00:00Z,INJUSDT,0.0001
2025-07-09T08:00:00Z,INJUSDT,0.00008372
2025-07-09T16:00:00Z,INJUSDT,0.0001
2025-07-10T00:00:00Z,INJUSDT,0.0001
2025-07-10T08:00:00Z,INJUSDT,0.0001
2025-07-10T16:00:00Z,INJUSDT,0.0001
2025-07-11T00:00:00Z,INJUSDT,0.0001
2025-07-11T08:00:00Z,INJUSDT,0.0001
2025-07-11T16:00:00Z,INJUSDT,0.0001
2025-07-12T00:00:00Z,INJUSDT,0.0001
2025-07-12T08:00:00Z,INJUSDT,0.0001
2025-07-12T16:00:00Z,INJUSDT,0.0001
2025-07-13T00:00:00Z,INJUSDT,0.0001
2025-07-13T08:00:00Z,INJUSDT,0.0001
2025-07-13T16:00:00Z,INJUSDT,0.00007607
2025-07-14T00:00:00Z,INJUSDT,0.00003667
2025-07-14T08:00:00Z,INJUSDT,0.0001
2025-07-14T16:00:00Z,INJUSDT,0.0001
2025-07-15T00:00:00Z,INJUSDT,0.0001
2025-07-15T08:00:00Z,INJUSDT,0.00007906
2025-07-15T16:00:00Z,INJUSDT,0.0001
2025-07-16T00:00:00Z,INJUSDT,0.0001
2025-07-16T08:00:00Z,INJUSDT,0.0001
2025-07-16T16:00:00Z,INJUSDT,0.0001
2025-07-17T00:00:00Z,INJUSDT,0.0001
2025-07-17T08:00:00Z,INJUSDT,0.0001
2025-07-17T16:00:00Z,INJUSDT,0.0001
2025-07-18T00:00:00Z,INJUSDT,0.0001
2025-07-18T08:00:00Z,INJUSDT,0.0001
2025-07-18T16:00:00Z,INJUSDT,0.0001
2025-07-19T00:00:00Z,INJUSDT,0.0001
2025-07-19T08:00:00Z,INJUSDT,0.0001
2025-07-19T16:00:00Z,INJUSDT,0.0001
2025-07-20T00:00:00Z,INJUSDT,0.0001
2025-07-20T08:00:00Z,INJUSDT,0.0001
2025-07-20T16:00:00Z,INJUSDT,0.0001
2025-07-21T00:00:00Z,INJUSDT,0.0001
2025-07-21T08:00:00Z,INJUSDT,0.0001
2025-07-21T16:00:00Z,INJUSDT,0.00010951
2025-07-22T00:00:00Z,INJUSDT,0.0001
2025-07-22T08:00:00Z,INJUSDT,0.0001
2025-07-22T16:00:00Z,INJUSDT,0.0001
2025-07-23T00:00:00Z,INJUSDT,0.0001
2025-07-23T08:00:00Z,INJUSDT,0.00018702
2025-07-23T16:00:00Z,INJUSDT,0.0001
2025-07-24T00:00:00Z,INJUSDT,0.0001
2025-07-24T08:00:00Z,INJUSDT,0.0001
2025-07-24T16:00:00Z,INJUSDT,0.0001
2025-07-25T00:00:00Z,INJUSDT,0.0001
2025-07-25T08:00:00Z,INJUSDT,0.0001
2025-07-25T16:00:00Z,INJUSDT,0.0001
2025-07-26T00:00:00Z,INJUSDT,0.0001
2025-07-26T08:00:00Z,INJUSDT,0.0001
2025-07-26T16:00:00Z,INJUSDT,0.0001
2025-07-27T00:00:00Z,INJUSDT,0.0001
2025-07-27T08:00:00Z,INJUSDT,0.0001
2025-07-27T16:00:00Z,INJUSDT,0.0001
2025-07-28T00:00:00Z,INJUSDT,0.0001
2025-07-28T08:00:00Z,INJUSDT,0.0001
2025-07-28T16:00:00Z,INJUSDT,0.0001
2025-07-29T00:00:00Z,INJUSDT,0.0001
2025-07-29T08:00:00Z,INJUSDT,0.0001
2025-07-29T16:00:00Z,INJUSDT,0.0001
2025-07-30T00:00:00Z,INJUSDT,0.00009853
2025-07-30T08:00:00Z,INJUSDT,0.0001
2025-07-30T16:00:00Z,INJUSDT,0.00008623
2025-07-31T00:00:00Z,INJUSDT,0.0001
2025-07-31T08:00:00Z,INJUSDT,0.0001
2025-07-31T16:00:00Z,INJUSDT,0.0001
2025-08-01T00:00:00Z,INJUSDT,-0.00012198
2025-08-01T08:00:00Z,INJUSDT,-0.00003943
2025-08-01T16:00:00Z,INJUSDT,-0.0000011
2025-08-02T00:00:00Z,INJUSDT,0.00003163
2025-08-02T08:00:00Z,INJUSDT,0.00009758
2025-08-02T16:00:00Z,INJUSDT,0.00001942
2025-08-03T00:00:00Z,INJUSDT,0.0001
2025-08-03T08:00:00Z,INJUSDT,-0.00001647
2025-08-03T16:00:00Z,INJUSDT,-0.0000954
2025-08-04T00:00:00Z,INJUSDT,0.00004548
2025-08-04T08:00:00Z,INJUSDT,0.0001
2025-08-04T16:00:00Z,INJUSDT,0.0001
2025-08-05T00:00:00Z,INJUSDT,0.0001
2025-08-05T08:00:00Z,INJUSDT,0.0001
2025-08-05T16:00:00Z,INJUSDT,0.0001
2025-08-06T00:00:00Z,INJUSDT,0.0001
2025-08-06T08:00:00Z,INJUSDT,0.0001
2025-08-06T16:00:00Z,INJUSDT,0.0001
2025-08-07T00:00:00Z,INJUSDT,-0.00002336
2025-08-07T08:00:00Z,INJUSDT,0.00001076
2025-08-07T16:00:00Z,INJUSDT,0.0001
2025-08-08T00:00:00Z,INJUSDT,0.0001
2025-08-08T08:00:00Z,INJUSDT,0.0001
2025-08-08T16:00:00Z,INJUSDT,0.0001
2025-08-09T00:00:00Z,INJUSDT,0.0001
2025-08-09T08:00:00Z,INJUSDT,0.0001
2025-08-09T16:00:00Z,INJUSDT,0.0001
2025-08-10T00:00:00Z,INJUSDT,0.0001
2025-08-10T08:00:00Z,INJUSDT,0.0001
2025-08-10T16:00:00Z,INJUSDT,0.0001
2025-08-11T00:00:00Z,INJUSDT,0.0001
2025-08-11T08:00:00Z,INJUSDT,0.0001
2025-08-11T16:00:00Z,INJUSDT,0.00002643
2025-08-12T00:00:00Z,INJUSDT,-0.00002988
2025-08-12T08:00:00Z,INJUSDT,-0.00005034
2025-08-12T16:00:00Z,INJUSDT,0.0001
2025-08-13T00:00:00Z,INJUSDT,0.0001
2025-08-13T08:00:00Z,INJUSDT,0.0001
2025-08-13T16:00:00Z,INJUSDT,0.0001
2025-08-14T00:00:00Z,INJUSDT,0.0001
2025-08-14T08:00:00Z,INJUSDT,0.0001
2025-08-14T16:00:00Z,INJUSDT,0.0001
2025-08-15T00:00:00Z,INJUSDT,0.0001
2025-08-15T08:00:00Z,INJUSDT,0.00005601
2025-08-15T16:00:00Z,INJUSDT,-0.00006401
2025-08-16T00:00:00Z,INJUSDT,0.00003762
2025-08-16T08:00:00Z,INJUSDT,0.0001
2025-08-16T16:00:00Z,INJUSDT,0.00007976
2025-08-17T00:00:00Z,INJUSDT,0.0001
2025-08-17T08:00:00Z,INJUSDT,0.0001
2025-08-17T16:00:00Z,INJUSDT,0.0001
2025-08-18T00:00:00Z,INJUSDT,0.0001
2025-08-18T08:00:00Z,INJUSDT,0.00009482
2025-08-18T16:00:00Z,INJUSDT,-0.00012783
2025-08-19T00:00:00Z,INJUSDT,-0.00008383
2025-08-19T08:00:00Z,INJUSDT,-0.00010571
2025-08-19T16:00:00Z,INJUSDT,0.0001
2025-08-20T00:00:00Z,INJUSDT,0.00005386
2025-08-20T08:00:00Z,INJUSDT,0.00007961
2025-08-20T16:00:00Z,INJUSDT,0.00008679
2025-08-21T00:00:00Z,INJUSDT,0.0001
2025-08-21T08:00:00Z,INJUSDT,0.0001
2025-08-21T16:00:00Z,INJUSDT,0.0001
2025-08-22T00:00:00Z,INJUSDT,0.0001
2025-08-22T08:00:00Z,INJUSDT,0.0001
2025-08-22T16:00:00Z,INJUSDT,0.00001402
2025-08-23T00:00:00Z,INJUSDT,0.0001
2025-08-23T08:00:00Z,INJUSDT,0.0001
2025-08-23T16:00:00Z,INJUSDT,0.0001
2025-08-24T00:00:00Z,INJUSDT,0.0001
2025-08-24T08:00:00Z,INJUSDT,0.0001
2025-08-24T16:00:00Z,INJUSDT,0.0001
2025-08-25T00:00:00Z,INJUSDT,0.0001
2025-08-25T08:00:00Z,INJUSDT,0.0001
2025-08-25T16:00:00Z,INJUSDT,0.00005541
2025-08-26T00:00:00Z,INJUSDT,-0.00003211
2025-08-26T08:00:00Z,INJUSDT,-0.00000989
2025-08-26T16:00:00Z,INJUSDT,0.00004647
2025-08-27T00:00:00Z,INJUSDT,0.0001
2025-08-27T08:00:00Z,INJUSDT,0.0001
2025-08-27T16:00:00Z,INJUSDT,0.00009394
2025-08-28T00:00:00Z,INJUSDT,0.0001
2025-08-28T08:00:00Z,INJUSDT,0.0001
2025-08-28T16:00:00Z,INJUSDT,0.00009164
2025-08-29T00:00:00Z,INJUSDT,0.0001
2025-08-29T08:00:00Z,INJUSDT,0.0001
2025-08-29T16:00:00Z,INJUSDT,-0.00011547
2025-08-30T00:00:00Z,INJUSDT,-0.00020738
2025-08-30T08:00:00Z,INJUSDT,0.0001
2025-08-30T16:00:00Z,INJUSDT,0.0001
2025-08-31T00:00:00Z,INJUSDT,0.0001
2025-08-31T08:00:00Z,INJUSDT,0.00006071
2025-08-31T16:00:00Z,INJUSDT,-0.00011402
2025-09-01T00:00:00Z,INJUSDT,0.00003495
2025-09-01T08:00:00Z,INJUSDT,0.00009026
2025-09-01T16:00:00Z,INJUSDT,0.0001
2025-09-02T00:00:00Z,INJUSDT,0.0001
2025-09-02T08:00:00Z,INJUSDT,0.0001
2025-09-02T16:00:00Z,INJUSDT,0.00006663
2025-09-03T00:00:00Z,INJUSDT,0.0001
2025-09-03T08:00:00Z,INJUSDT,0.0001
2025-09-03T16:00:00Z,INJUSDT,0.0001
2025-09-04T00:00:00Z,INJUSDT,0.0001
2025-09-04T08:00:00Z,INJUSDT,0.0001
2025-09-04T16:00:00Z,INJUSDT,0.00004204
2025-09-05T00:00:00Z,INJUSDT,-0.00003808
2025-09-05T08:00:00Z,INJUSDT,-0.00002172
2025-09-05T16:00:00Z,INJUSDT,-0.00019736
2025-09-06T00:00:00Z,INJUSDT,0.00007857
2025-09-06T08:00:00Z,INJUSDT,0.00009643
2025-09-06T16:00:00Z,INJUSDT,0.0001
2025-09-07T00:00:00Z,INJUSDT,0.0001
2025-09-07T08:00:00Z,INJUSDT,0.0001
2025-09-07T16:00:00Z,INJUSDT,0.0001
2025-09-08T00:00:00Z,INJUSDT,0.0001
2025-09-08T08:00:00Z,INJUSDT,0.0001
2025-09-08T16:00:00Z,INJUSDT,0.0001
2025-09-09T00:00:00Z,INJUSDT,0.0001
2025-09-09T08:00:00Z,INJUSDT,0.0001
2025-09-09T16:00:00Z,INJUSDT,0.0001
2025-09-10T00:00:00Z,INJUSDT,0.0001
2025-09-10T08:00:00Z,INJUSDT,0.0001
2025-09-10T16:00:00Z,INJUSDT,0.0001
2025-09-11T00:00:00Z,INJUSDT,0.0001
2025-09-11T08:00:00Z,INJUSDT,0.0001
2025-09-11T16:00:00Z,INJUSDT,0.0001
2025-09-12T00:00:00Z,INJUSDT,0.0001
2025-09-12T08:00:00Z,INJUSDT,0.0001
2025-09-12T16:00:00Z,INJUSDT,0.0001
2025-09-13T00:00:00Z,INJUSDT,0.0001
2025-09-13T08:00:00Z,INJUSDT,0.0001
2025-09-13T16:00:00Z,INJUSDT,0.0001
2025-09-14T00:00:00Z,INJUSDT,0.0001
2025-09-14T08:00:00Z,INJUSDT,0.0001
2025-09-14T16:00:00Z,INJUSDT,0.0001
2025-09-15T00:00:00Z,INJUSDT,0.0001
2025-09-15T08:00:00Z,INJUSDT,0.0001
2025-09-15T16:00:00Z,INJUSDT,0.00008061
2025-09-16T00:00:00Z,INJUSDT,0.0001
2025-09-16T08:00:00Z,INJUSDT,0.0001
2025-09-16T16:00:00Z,INJUSDT,0.0001
2025-09-17T00:00:00Z,INJUSDT,0.00008
2025-09-17T08:00:00Z,INJUSDT,0.0001
2025-09-17T16:00:00Z,INJUSDT,0.0001
2025-09-18T00:00:00Z,INJUSDT,0.0001
2025-09-18T08:00:00Z,INJUSDT,0.0001
2025-09-18T16:00:00Z,INJUSDT,0.0001
2025-09-19T00:00:00Z,INJUSDT,0.0001
2025-09-19T08:00:00Z,INJUSDT,0.0001
2025-09-19T16:00:00Z,INJUSDT,0.0001
2025-09-20T00:00:00Z,INJUSDT,0.0001
2025-09-20T08:00:00Z,INJUSDT,0.0001
2025-09-20T16:00:00Z,INJUSDT,0.0001
2025-09-21T00:00:00Z,INJUSDT,0.0001
2025-09-21T08:00:00Z,INJUSDT,0.0001
2025-09-21T16:00:00Z,INJUSDT,0.0001
2025-09-22T00:00:00Z,INJUSDT,0.0001
2025-09-22T08:00:00Z,INJUSDT,-0.00000363
2025-09-22T16:00:00Z,INJUSDT,-0.00010776
2025-09-23T00:00:00Z,INJUSDT,0.00000029
2025-09-23T08:00:00Z,INJUSDT,-0.00009561
2025-09-23T16:00:00Z,INJUSDT,0.0001
2025-09-24T00:00:00Z,INJUSDT,0.0001
2025-09-24T08:00:00Z,INJUSDT,0.0001
2025-09-24T16:00:00Z,INJUSDT,-0.0000544
2025-09-25T00:00:00Z,INJUSDT,-0.00021965
2025-09-25T08:00:00Z,INJUSDT,-0.00004793
2025-09-25T16:00:00Z,INJUSDT,-0.00000299
2025-09-26T00:00:00Z,INJUSDT,0.00006089
2025-09-26T08:00:00Z,INJUSDT,0.00008443
2025-09-26T16:00:00Z,INJUSDT,0.00008747
2025-09-27T00:00:00Z,INJUSDT,-0.00008446
2025-09-27T08:00:00Z,INJUSDT,-0.00007294
2025-09-27T16:00:00Z,INJUSDT,-0.00010445
2025-09-28T00:00:00Z,INJUSDT,-0.00002242
2025-09-28T08:00:00Z,INJUSDT,0.00005763
2025-09-28T16:00:00Z,INJUSDT,0.00001744
2025-09-29T00:00:00Z,INJUSDT,-0.00010813
2025-09-29T08:00:00Z,INJUSDT,0.0001
2025-09-29T16:00:00Z,INJUSDT,-0.00008156
2025-09-30T00:00:00Z,INJUSDT,-0.00004419
2025-09-30T08:00:00Z,INJUSDT,-0.00009225
2025-09-30T16:00:00Z,INJUSDT,0.00008131
2025-10-01T00:00:00Z,INJUSDT,0.0001
2025-10-01T08:00:00Z,INJUSDT,0.0001
2025-10-01T16:00:00Z,INJUSDT,0.0001
2025-10-02T00:00:00Z,INJUSDT,0.0001
2025-10-02T08:00:00Z,INJUSDT,0.0001
2025-10-02T16:00:00Z,INJUSDT,0.0001
2025-10-03T00:00:00Z,INJUSDT,0.0001
2025-10-03T08:00:00Z,INJUSDT,0.0001
2025-10-03T16:00:00Z,INJUSDT,0.0001
2025-10-04T00:00:00Z,INJUSDT,0.0001
2025-10-04T08:00:00Z,INJUSDT,0.00009195
2025-10-04T16:00:00Z,INJUSDT,0.00004169
2025-10-05T00:00:00Z,INJUSDT,0.0001
2025-10-05T08:00:00Z,INJUSDT,0.0001
2025-10-05T16:00:00Z,INJUSDT,0.0001
2025-10-06T00:00:00Z,INJUSDT,0.0001
2025-10-06T08:00:00Z,INJUSDT,-0.00026104
2025-10-06T16:00:00Z,INJUSDT,-0.00004521
2025-10-07T00:00:00Z,INJUSDT,0.0001
2025-10-07T08:00:00Z,INJUSDT,0.0001
2025-10-07T16:00:00Z,INJUSDT,0.0001
2025-10-08T00:00:00Z,INJUSDT,0.00001322
2025-10-08T08:00:00Z,INJUSDT,0.00005519
2025-10-08T16:00:00Z,INJUSDT,0.0001
2025-10-09T00:00:00Z,INJUSDT,0.0001
2025-10-09T08:00:00Z,INJUSDT,0.0001
2025-10-09T16:00:00Z,INJUSDT,0.0001
2025-10-10T00:00:00Z,INJUSDT,0.0001
2025-10-10T08:00:00Z,INJUSDT,0.0001
2025-10-10T16:00:00Z,INJUSDT,0.0001
2025-10-11T00:00:00Z,INJUSDT,-0.00326198
2025-10-11T08:00:00Z,INJUSDT,-0.000273
2025-10-11T16:00:00Z,INJUSDT,0.00001218
2025-10-12T00:00:00Z,INJUSDT,0.0001
2025-10-12T08:00:00Z,INJUSDT,-0.00008215
2025-10-12T16:00:00Z,INJUSDT,-0.00003675
2025-10-13T00:00:00Z,INJUSDT,-0.00003263
2025-10-13T08:00:00Z,INJUSDT,-0.0000061
2025-10-13T16:00:00Z,INJUSDT,0.0000629
2025-10-14T00:00:00Z,INJUSDT,0.00009127
2025-10-14T08:00:00Z,INJUSDT,0.00002548
2025-10-14T16:00:00Z,INJUSDT,0.0001
2025-10-15T00:00:00Z,INJUSDT,0.0001
2025-10-15T08:00:00Z,INJUSDT,0.0001
2025-10-15T16:00:00Z,INJUSDT,0.00002444
2025-10-16T00:00:00Z,INJUSDT,0.00001206
2025-10-16T08:00:00Z,INJUSDT,0.00006229
2025-10-16T16:00:00Z,INJUSDT,0.0001
2025-10-17T00:00:00Z,INJUSDT,0.0001
2025-10-17T08:00:00Z,INJUSDT,0.0001
2025-10-17T16:00:00Z,INJUSDT,-0.0000828
2025-10-18T00:00:00Z,INJUSDT,0.0000151
2025-10-18T08:00:00Z,INJUSDT,0.00002233
2025-10-18T16:00:00Z,INJUSDT,0.00007612
2025-10-19T00:00:00Z,INJUSDT,0.0001
2025-10-19T08:00:00Z,INJUSDT,-0.00008073
2025-10-19T16:00:00Z,INJUSDT,-0.0000317
2025-10-20T00:00:00Z,INJUSDT,-0.00001002
2025-10-20T08:00:00Z,INJUSDT,0.00002129
2025-10-20T16:00:00Z,INJUSDT,0.00005958
2025-10-21T00:00:00Z,INJUSDT,0.0001
2025-10-21T08:00:00Z,INJUSDT,0.00006805
2025-10-21T16:00:00Z,INJUSDT,0.00004311
2025-10-22T00:00:00Z,INJUSDT,0.00006098
2025-10-22T08:00:00Z,INJUSDT,0.00003714
2025-10-22T16:00:00Z,INJUSDT,0.00007607
2025-10-23T00:00:00Z,INJUSDT,0.00001217
2025-10-23T08:00:00Z,INJUSDT,0.00004165
2025-10-23T16:00:00Z,INJUSDT,0.00006283
2025-10-24T00:00:00Z,INJUSDT,0.0001
2025-10-24T08:00:00Z,INJUSDT,0.00003183
2025-10-24T16:00:00Z,INJUSDT,0.0000087
2025-10-25T00:00:00Z,INJUSDT,0.00004826
2025-10-25T08:00:00Z,INJUSDT,-0.00003776
2025-10-25T16:00:00Z,INJUSDT,0.0001
2025-10-26T00:00:00Z,INJUSDT,0.0000947
2025-10-26T08:00:00Z,INJUSDT,0.00005744
2025-10-26T16:00:00Z,INJUSDT,-0.00001213
2025-10-27T00:00:00Z,INJUSDT,-0.00000934
2025-10-27T08:00:00Z,INJUSDT,0.00005599
2025-10-27T16:00:00Z,INJUSDT,-0.0000124
2025-10-28T00:00:00Z,INJUSDT,0.0001
2025-10-28T08:00:00Z,INJUSDT,0.00003283
2025-10-28T16:00:00Z,INJUSDT,-0.0000227
2025-10-29T00:00:00Z,INJUSDT,-0.00012495
2025-10-29T08:00:00Z,INJUSDT,-0.00014911
2025-10-29T16:00:00Z,INJUSDT,0.00004288
2025-10-30T00:00:00Z,INJUSDT,-0.00015727
2025-10-30T08:00:00Z,INJUSDT,-0.00005866
2025-10-30T16:00:00Z,INJUSDT,-0.00025463
2025-10-31T00:00:00Z,INJUSDT,-0.00025417
2025-10-31T08:00:00Z,INJUSDT,-0.00004394
2025-10-31T16:00:00Z,INJUSDT,0.0000603
2025-11-01T00:00:00Z,INJUSDT,0.0001
2025-11-01T08:00:00Z,INJUSDT,0.0001
2025-11-01T16:00:00Z,INJUSDT,0.00007621
2025-11-02T00:00:00Z,INJUSDT,0.0000365
2025-11-02T08:00:00Z,INJUSDT,-0.0000513
2025-11-02T16:00:00Z,INJUSDT,0.0001
2025-11-03T00:00:00Z,INJUSDT,0.0001
2025-11-03T08:00:00Z,INJUSDT,-0.00009607
2025-11-03T16:00:00Z,INJUSDT,-0.00009215
2025-11-04T00:00:00Z,INJUSDT,-0.00006015
2025-11-04T08:00:00Z,INJUSDT,0.00004341
2025-11-04T16:00:00Z,INJUSDT,0.0001
2025-11-05T00:00:00Z,INJUSDT,0.0001
2025-11-05T08:00:00Z,INJUSDT,0.0001
2025-11-05T16:00:00Z,INJUSDT,0.0001
2025-11-06T00:00:00Z,INJUSDT,0.0001
2025-11-06T08:00:00Z,INJUSDT,0.0001
2025-11-06T16:00:00Z,INJUSDT,0.0001
2025-11-07T00:00:00Z,INJUSDT,0.0001
2025-11-07T08:00:00Z,INJUSDT,0.00009391
2025-11-07T16:00:00Z,INJUSDT,0.0001
2025-11-08T00:00:00Z,INJUSDT,0.00008958
2025-11-08T08:00:00Z,INJUSDT,0.0001
2025-11-08T16:00:00Z,INJUSDT,0.00007489
2025-11-09T00:00:00Z,INJUSDT,0.00009825
2025-11-09T08:00:00Z,INJUSDT,0.0001
2025-11-09T16:00:00Z,INJUSDT,0.00004943
2025-11-10T00:00:00Z,INJUSDT,0.00004209
2025-11-10T08:00:00Z,INJUSDT,-0.00031829
2025-11-10T16:00:00Z,INJUSDT,-0.00015388
2025-11-11T00:00:00Z,INJUSDT,-0.00030391
2025-11-11T08:00:00Z,INJUSDT,-0.0000757
2025-11-11T16:00:00Z,INJUSDT,0.00008256
2025-11-12T00:00:00Z,INJUSDT,-0.00031747
2025-11-12T08:00:00Z,INJUSDT,-0.00031793
2025-11-12T16:00:00Z,INJUSDT,-0.00018647
2025-11-13T00:00:00Z,INJUSDT,-0.00008018
2025-11-13T08:00:00Z,INJUSDT,0.00009588
2025-11-13T16:00:00Z,INJUSDT,0.0001
2025-11-14T00:00:00Z,INJUSDT,0.00007475
2025-11-14T08:00:00Z,INJUSDT,0.00005419
2025-11-14T16:00:00Z,INJUSDT,0.00005668
2025-11-15T00:00:00Z,INJUSDT,0.00003635
2025-11-15T08:00:00Z,INJUSDT,-0.00002108
2025-11-15T16:00:00Z,INJUSDT,0.0001
2025-11-16T00:00:00Z,INJUSDT,0.0001
2025-11-16T08:00:00Z,INJUSDT,0.0001
2025-11-16T16:00:00Z,INJUSDT,0.0001
2025-11-17T00:00:00Z,INJUSDT,0.0001
2025-11-17T08:00:00Z,INJUSDT,0.0001
2025-11-17T16:00:00Z,INJUSDT,0.0001
2025-11-18T00:00:00Z,INJUSDT,-0.0002001
2025-11-18T08:00:00Z,INJUSDT,0.00005621
2025-11-18T16:00:00Z,INJUSDT,0.0001
2025-11-19T00:00:00Z,INJUSDT,0.0001
2025-11-19T08:00:00Z,INJUSDT,0.0001
2025-11-19T16:00:00Z,INJUSDT,-0.00014123
2025-11-20T00:00:00Z,INJUSDT,-0.00054956
2025-11-20T08:00:00Z,INJUSDT,-0.0000699
2025-11-20T16:00:00Z,INJUSDT,0.0001
2025-11-21T00:00:00Z,INJUSDT,-0.00049738
2025-11-21T08:00:00Z,INJUSDT,-0.00015497
2025-11-21T16:00:00Z,INJUSDT,-0.00005003
2025-11-22T00:00:00Z,INJUSDT,-0.00008774
2025-11-22T08:00:00Z,INJUSDT,-0.00007018
2025-11-22T16:00:00Z,INJUSDT,0.00001603
2025-11-23T00:00:00Z,INJUSDT,-0.00004001
2025-11-23T08:00:00Z,INJUSDT,-0.00016018
2025-11-23T16:00:00Z,INJUSDT,-0.00012509
2025-11-24T00:00:00Z,INJUSDT,-0.00002013
2025-11-24T08:00:00Z,INJUSDT,0.00003339
2025-11-24T16:00:00Z,INJUSDT,-0.00010972
2025-11-25T00:00:00Z,INJUSDT,-0.00010886
2025-11-25T08:00:00Z,INJUSDT,-0.00005734
2025-11-25T16:00:00Z,INJUSDT,0.00001562
2025-11-26T00:00:00Z,INJUSDT,-0.00010251
2025-11-26T08:00:00Z,INJUSDT,-0.00010627
2025-11-26T16:00:00Z,INJUSDT,-0.00016586
2025-11-27T00:00:00Z,INJUSDT,0.0001
2025-11-27T08:00:00Z,INJUSDT,0.0001
2025-11-27T16:00:00Z,INJUSDT,-0.0000121
2025-11-28T00:00:00Z,INJUSDT,-0.00021146
2025-11-28T08:00:00Z,INJUSDT,-0.00043383
2025-11-28T16:00:00Z,INJUSDT,-0.00011916
2025-11-29T00:00:00Z,INJUSDT,-0.00008027
2025-11-29T08:00:00Z,INJUSDT,0.00005935
2025-11-29T16:00:00Z,INJUSDT,0.00002746
2025-11-30T00:00:00Z,INJUSDT,0.00004407
2025-11-30T08:00:00Z,INJUSDT,-0.00002324
2025-11-30T16:00:00Z,INJUSDT,-0.00021854
2025-12-01T00:00:00Z,INJUSDT,-0.00004162
2025-12-01T08:00:00Z,INJUSDT,-0.00001221
2025-12-01T16:00:00Z,INJUSDT,0.00003231
2025-12-02T00:00:00Z,INJUSDT,0.00007768
2025-12-02T08:00:00Z,INJUSDT,0.00002085
2025-12-02T16:00:00Z,INJUSDT,0.00006437
2025-12-03T00:00:00Z,INJUSDT,0.0001
2025-12-03T08:00:00Z,INJUSDT,0.0001
2025-12-03T16:00:00Z,INJUSDT,0.0001
2025-12-04T00:00:00Z,INJUSDT,0.00005289
2025-12-04T08:00:00Z,INJUSDT,0.0001
2025-12-04T16:00:00Z,INJUSDT,0.0001
2025-12-05T00:00:00Z,INJUSDT,0.0001
2025-12-05T08:00:00Z,INJUSDT,0.0001
2025-12-05T16:00:00Z,INJUSDT,0.0001
2025-12-06T00:00:00Z,INJUSDT,0.00002939
2025-12-06T08:00:00Z,INJUSDT,-0.00002757
2025-12-06T16:00:00Z,INJUSDT,-0.00001911
2025-12-07T00:00:00Z,INJUSDT,0.00001369
2025-12-07T08:00:00Z,INJUSDT,0.00001937
2025-12-07T16:00:00Z,INJUSDT,-0.00005154
2025-12-08T00:00:00Z,INJUSDT,-0.00013684
2025-12-08T08:00:00Z,INJUSDT,-0.00004997
2025-12-08T16:00:00Z,INJUSDT,0.00005372
2025-12-09T00:00:00Z,INJUSDT,0.0001
2025-12-09T08:00:00Z,INJUSDT,0.0001
2025-12-09T16:00:00Z,INJUSDT,0.0001
2025-12-10T00:00:00Z,INJUSDT,0.0001
2025-12-10T08:00:00Z,INJUSDT,0.0001
2025-12-10T16:00:00Z,INJUSDT,0.0001
2025-12-11T00:00:00Z,INJUSDT,0.00008031
2025-12-11T08:00:00Z,INJUSDT,-0.00027114
2025-12-11T16:00:00Z,INJUSDT,-0.00018825
2025-12-12T00:00:00Z,INJUSDT,0.00002179
2025-12-12T08:00:00Z,INJUSDT,0.0000827
2025-12-12T16:00:00Z,INJUSDT,0.0001
2025-12-13T00:00:00Z,INJUSDT,-0.00010863
2025-12-13T08:00:00Z,INJUSDT,0.00004222
2025-12-13T16:00:00Z,INJUSDT,0.0001
2025-12-14T00:00:00Z,INJUSDT,0.0001
2025-12-14T08:00:00Z,INJUSDT,0.00004232
2025-12-14T16:00:00Z,INJUSDT,0.0001
2025-12-15T00:00:00Z,INJUSDT,-0.00002271
2025-12-15T08:00:00Z,INJUSDT,-0.0000032
2025-12-15T16:00:00Z,INJUSDT,0.00003067
2025-12-16T00:00:00Z,INJUSDT,-0.00010546
2025-12-16T08:00:00Z,INJUSDT,-0.00013343
2025-12-16T16:00:00Z,INJUSDT,0.00001953
2025-12-17T00:00:00Z,INJUSDT,-0.00002747
2025-12-17T08:00:00Z,INJUSDT,0.0000273
2025-12-17T16:00:00Z,INJUSDT,0.00006185
2025-12-18T00:00:00Z,INJUSDT,-0.00011072
2025-12-18T08:00:00Z,INJUSDT,-0.00010895
2025-12-18T16:00:00Z,INJUSDT,0.0001
2025-12-19T00:00:00Z,INJUSDT,-0.00001114
2025-12-19T08:00:00Z,INJUSDT,0.00007121
2025-12-19T16:00:00Z,INJUSDT,0.00006213
2025-12-20T00:00:00Z,INJUSDT,0.00009282
2025-12-20T08:00:00Z,INJUSDT,-0.00005983
2025-12-20T16:00:00Z,INJUSDT,0.0001
2025-12-21T00:00:00Z,INJUSDT,0.0001
2025-12-21T08:00:00Z,INJUSDT,0.0001
2025-12-21T16:00:00Z,INJUSDT,0.0001
2025-12-22T00:00:00Z,INJUSDT,0.0001
2025-12-22T08:00:00Z,INJUSDT,0.0001
2025-12-22T16:00:00Z,INJUSDT,0.0001
2025-12-23T00:00:00Z,INJUSDT,0.00000352
2025-12-23T08:00:00Z,INJUSDT,-0.00006904
2025-12-23T16:00:00Z,INJUSDT,0.0001
2025-12-24T00:00:00Z,INJUSDT,0.0001
2025-12-24T08:00:00Z,INJUSDT,0.00002672
2025-12-24T16:00:00Z,INJUSDT,0.00009722
2025-12-25T00:00:00Z,INJUSDT,0.0001
2025-12-25T08:00:00Z,INJUSDT,0.0001
2025-12-25T16:00:00Z,INJUSDT,0.0001
2025-12-26T00:00:00Z,INJUSDT,-0.00000631
2025-12-26T08:00:00Z,INJUSDT,0.0001
2025-12-26T16:00:00Z,INJUSDT,0.0001
2025-12-27T00:00:00Z,INJUSDT,0.0001
2025-12-27T08:00:00Z,INJUSDT,0.0001
2025-12-27T16:00:00Z,INJUSDT,0.00004367
2025-12-28T00:00:00Z,INJUSDT,0.0001
2025-12-28T08:00:00Z,INJUSDT,0.0001
2025-12-28T16:00:00Z,INJUSDT,0.0001
2025-12-29T00:00:00Z,INJUSDT,0.0001
2025-12-29T08:00:00Z,INJUSDT,0.0001
2025-12-29T16:00:00Z,INJUSDT,0.00003593
2025-12-30T00:00:00Z,INJUSDT,0.0001
2025-12-30T08:00:00Z,INJUSDT,0.0001
2025-12-30T16:00:00Z,INJUSDT,0.0001
2025-12-31T00:00:00Z,INJUSDT,0.0001
2025-12-31T08:00:00Z,INJUSDT,0.00002481
2025-12-31T16:00:00Z,INJUSDT,-0.00000213
2026-01-01T00:00:00Z,INJUSDT,0.00007496
2026-01-01T08:00:00Z,INJUSDT,0.00008589
2026-01-01T16:00:00Z,INJUSDT,0.0001
2026-01-02T00:00:00Z,INJUSDT,0.00008659
2026-01-02T08:00:00Z,INJUSDT,0.0001
2026-01-02T16:00:00Z,INJUSDT,0.0001
2026-01-03T00:00:00Z,INJUSDT,0.00008741
2026-01-03T08:00:00Z,INJUSDT,-0.00002032
2026-01-03T16:00:00Z,INJUSDT,-0.00003486
2026-01-04T00:00:00Z,INJUSDT,-0.00003019
2026-01-04T08:00:00Z,INJUSDT,-0.00003256
2026-01-04T16:00:00Z,INJUSDT,0.00004685
2026-01-05T00:00:00Z,INJUSDT,-0.00008552
2026-01-05T08:00:00Z,INJUSDT,-0.00004882
2026-01-05T16:00:00Z,INJUSDT,0.0001
2026-01-06T00:00:00Z,INJUSDT,0.0001
2026-01-06T08:00:00Z,INJUSDT,0.0000192
2026-01-06T16:00:00Z,INJUSDT,-0.00002179
2026-01-07T00:00:00Z,INJUSDT,-0.0000189
2026-01-07T08:00:00Z,INJUSDT,-0.00008372
2026-01-07T16:00:00Z,INJUSDT,0.00009138
2026-01-08T00:00:00Z,INJUSDT,0.0001
2026-01-08T08:00:00Z,INJUSDT,0.0001
2026-01-08T16:00:00Z,INJUSDT,0.0001
2026-01-09T00:00:00Z,INJUSDT,0.00006422
2026-01-09T08:00:00Z,INJUSDT,-0.00006748
2026-01-09T16:00:00Z,INJUSDT,0.00002639
2026-01-10T00:00:00Z,INJUSDT,-0.0000673
2026-01-10T08:00:00Z,INJUSDT,-0.00008994
2026-01-10T16:00:00Z,INJUSDT,-0.00001064
2026-01-11T00:00:00Z,INJUSDT,-0.00002683
2026-01-11T08:00:00Z,INJUSDT,-0.00010313
2026-01-11T16:00:00Z,INJUSDT,0.00003138
2026-01-12T00:00:00Z,INJUSDT,-0.00002556
2026-01-12T08:00:00Z,INJUSDT,0.0001
2026-01-12T16:00:00Z,INJUSDT,-0.00004764
2026-01-13T00:00:00Z,INJUSDT,-0.00000071
2026-01-13T08:00:00Z,INJUSDT,0.00002356
2026-01-13T16:00:00Z,INJUSDT,0.0001
2026-01-14T00:00:00Z,INJUSDT,0.0001
2026-01-14T08:00:00Z,INJUSDT,0.0001
2026-01-14T16:00:00Z,INJUSDT,0.0001
2026-01-15T00:00:00Z,INJUSDT,0.0001
2026-01-15T08:00:00Z,INJUSDT,0.00006227
2026-01-15T16:00:00Z,INJUSDT,0.00005621
2026-01-16T00:00:00Z,INJUSDT,-0.00002602
2026-01-16T08:00:00Z,INJUSDT,0.00007105
2026-01-16T16:00:00Z,INJUSDT,0.00002421
2026-01-17T00:00:00Z,INJUSDT,-0.00014327
2026-01-17T08:00:00Z,INJUSDT,-0.00002878
2026-01-17T16:00:00Z,INJUSDT,-0.00001976
2026-01-18T00:00:00Z,INJUSDT,-0.00006719
2026-01-18T08:00:00Z,INJUSDT,-0.00012591
2026-01-18T16:00:00Z,INJUSDT,0.0001
2026-01-19T00:00:00Z,INJUSDT,0.0001
2026-01-19T08:00:00Z,INJUSDT,-0.00002001
2026-01-19T16:00:00Z,INJUSDT,-0.00006096
2026-01-20T00:00:00Z,INJUSDT,-0.0000708
2026-01-20T08:00:00Z,INJUSDT,-0.00005031
2026-01-20T16:00:00Z,INJUSDT,-0.00023172
2026-01-21T00:00:00Z,INJUSDT,0.00008667
2026-01-21T08:00:00Z,INJUSDT,-0.00003439
2026-01-21T16:00:00Z,INJUSDT,0.00003351
2026-01-22T00:00:00Z,INJUSDT,0.00008895
2026-01-22T08:00:00Z,INJUSDT,0.00004139
2026-01-22T16:00:00Z,INJUSDT,0.00005599
2026-01-23T00:00:00Z,INJUSDT,-0.00005246
2026-01-23T08:00:00Z,INJUSDT,-0.00003952
2026-01-23T16:00:00Z,INJUSDT,-0.00006141
2026-01-24T00:00:00Z,INJUSDT,-0.00001398
2026-01-24T08:00:00Z,INJUSDT,-0.00004252
2026-01-24T16:00:00Z,INJUSDT,-0.00009906
2026-01-25T00:00:00Z,INJUSDT,0.0001
2026-01-25T08:00:00Z,INJUSDT,0.00004159
2026-01-25T16:00:00Z,INJUSDT,0.00007552
2026-01-26T00:00:00Z,INJUSDT,-0.0000992
2026-01-26T08:00:00Z,INJUSDT,-0.00000027
2026-01-26T16:00:00Z,INJUSDT,-0.00003791
2026-01-27T00:00:00Z,INJUSDT,-0.00002654
2026-01-27T08:00:00Z,INJUSDT,-0.00021406
2026-01-27T16:00:00Z,INJUSDT,-0.00002107
2026-01-28T00:00:00Z,INJUSDT,-0.00002121
2026-01-28T08:00:00Z,INJUSDT,0.00009464
2026-01-28T16:00:00Z,INJUSDT,0.0001
2026-01-29T00:00:00Z,INJUSDT,0.00004253
2026-01-29T08:00:00Z,INJUSDT,-0.0000701
2026-01-29T16:00:00Z,INJUSDT,-0.0002106
2026-01-30T00:00:00Z,INJUSDT,-0.00009662
2026-01-30T08:00:00Z,INJUSDT,-0.00001072
2026-01-30T16:00:00Z,INJUSDT,-0.00005396
2026-01-31T00:00:00Z,INJUSDT,0.00004945
2026-01-31T08:00:00Z,INJUSDT,0.00003411
2026-01-31T16:00:00Z,INJUSDT,-0.00010301
2026-02-01T00:00:00Z,INJUSDT,0.00000561
2026-02-01T08:00:00Z,INJUSDT,-0.00007373
2026-02-01T16:00:00Z,INJUSDT,-0.00000009
2026-02-02T00:00:00Z,INJUSDT,0.0000324
2026-02-02T08:00:00Z,INJUSDT,0.0001
2026-02-02T16:00:00Z,INJUSDT,-0.00006475
2026-02-03T00:00:00Z,INJUSDT,0.00001376
2026-02-03T08:00:00Z,INJUSDT,-0.0000634
2026-02-03T16:00:00Z,INJUSDT,0.00001174
2026-02-04T00:00:00Z,INJUSDT,0.0001
2026-02-04T08:00:00Z,INJUSDT,0.0001
2026-02-04T16:00:00Z,INJUSDT,0.00001722
2026-02-05T00:00:00Z,INJUSDT,0.0001
2026-02-05T08:00:00Z,INJUSDT,0.0001
2026-02-05T16:00:00Z,INJUSDT,0.0001
2026-02-06T00:00:00Z,INJUSDT,-0.00003282
2026-02-06T08:00:00Z,INJUSDT,-0.00013754
2026-02-06T16:00:00Z,INJUSDT,-0.00018251
2026-02-07T00:00:00Z,INJUSDT,-0.00006116
2026-02-07T08:00:00Z,INJUSDT,-0.000061
2026-02-07T16:00:00Z,INJUSDT,-0.00007805
2026-02-08T00:00:00Z,INJUSDT,-0.00005446
2026-02-08T08:00:00Z,INJUSDT,0.00002024
2026-02-08T16:00:00Z,INJUSDT,-0.00014497
2026-02-09T00:00:00Z,INJUSDT,-0.00002025
2026-02-09T08:00:00Z,INJUSDT,-0.00001903
2026-02-09T16:00:00Z,INJUSDT,-0.00000391
2026-02-10T00:00:00Z,INJUSDT,0.0001
2026-02-10T08:00:00Z,INJUSDT,0.00006772
2026-02-10T16:00:00Z,INJUSDT,0.00004141
2026-02-11T00:00:00Z,INJUSDT,0.0001
2026-02-11T08:00:00Z,INJUSDT,0.00004074
2026-02-11T16:00:00Z,INJUSDT,0.00008645
2026-02-12T00:00:00Z,INJUSDT,0.00009379
2026-02-12T08:00:00Z,INJUSDT,0.0001
2026-02-12T16:00:00Z,INJUSDT,-0.00012127
2026-02-13T00:00:00Z,INJUSDT,0.00003968
2026-02-13T08:00:00Z,INJUSDT,0.0001
2026-02-13T16:00:00Z,INJUSDT,0.0001
2026-02-14T00:00:00Z,INJUSDT,0.00005026
2026-02-14T08:00:00Z,INJUSDT,0.0001
2026-02-14T16:00:00Z,INJUSDT,0.00002165
2026-02-15T00:00:00Z,INJUSDT,-0.00003016
2026-02-15T08:00:00Z,INJUSDT,-0.0000492
2026-02-15T16:00:00Z,INJUSDT,0.00000487
2026-02-16T00:00:00Z,INJUSDT,-0.00005877
2026-02-16T08:00:00Z,INJUSDT,-0.00009666
2026-02-16T16:00:00Z,INJUSDT,-0.00007659
2026-02-17T00:00:00Z,INJUSDT,0.0001
2026-02-17T08:00:00Z,INJUSDT,-0.00003579
2026-02-17T16:00:00Z,INJUSDT,0.00003159
2026-02-18T00:00:00Z,INJUSDT,0.00009324
2026-02-18T08:00:00Z,INJUSDT,0.00009683
2026-02-18T16:00:00Z,INJUSDT,-0.00007403
2026-02-19T00:00:00Z,INJUSDT,-0.00003238
2026-02-19T08:00:00Z,INJUSDT,-0.00867588
2026-02-19T16:00:00Z,INJUSDT,-0.01
2026-02-19T17:00:00Z,INJUSDT,-0.00368432
2026-02-19T18:00:00Z,INJUSDT,-0.00311877
2026-02-19T19:00:00Z,INJUSDT,-0.00511665
2026-02-19T20:00:00Z,INJUSDT,-0.00186219
2026-02-19T21:00:00Z,INJUSDT,-0.0025066
2026-02-19T22:00:00Z,INJUSDT,-0.00310188
2026-02-19T23:00:00Z,INJUSDT,-0.00195672
2026-02-20T00:00:00Z,INJUSDT,-0.00166229
2026-02-20T01:00:00Z,INJUSDT,-0.00065154
2026-02-20T02:00:00Z,INJUSDT,-0.00059715
2026-02-20T03:00:00Z,INJUSDT,-0.00124631
2026-02-20T04:00:00Z,INJUSDT,-0.00081378
2026-02-20T05:00:00Z,INJUSDT,-0.00096993
2026-02-20T06:00:00Z,INJUSDT,-0.00094636
2026-02-20T07:00:00Z,INJUSDT,-0.00033889
2026-02-20T08:00:00Z,INJUSDT,-0.00091006
2026-02-20T09:00:00Z,INJUSDT,-0.00021199
2026-02-20T10:00:00Z,INJUSDT,-0.00020137
2026-02-20T11:00:00Z,INJUSDT,-0.00052491
2026-02-20T12:00:00Z,INJUSDT,-0.00104037
2026-02-20T13:00:00Z,INJUSDT,-0.0002571
2026-02-20T14:00:00Z,INJUSDT,-0.0004286
2026-02-20T15:00:00Z,INJUSDT,-0.00031776
2026-02-20T16:00:00Z,INJUSDT,-0.00016631
2026-02-20T17:00:00Z,INJUSDT,-0.00008292
2026-02-20T18:00:00Z,INJUSDT,0.0000125
2026-02-20T19:00:00Z,INJUSDT,-0.00011703
2026-02-20T20:00:00Z,INJUSDT,0.0000125
2026-02-20T21:00:00Z,INJUSDT,0.0000125
2026-02-20T22:00:00Z,INJUSDT,-0.00009504
2026-02-20T23:00:00Z,INJUSDT,0.0000125
2026-02-21T00:00:00Z,INJUSDT,-0.00031253
2026-02-21T01:00:00Z,INJUSDT,-0.00036731
2026-02-21T02:00:00Z,INJUSDT,-0.00024729
2026-02-21T03:00:00Z,INJUSDT,-0.00017577
2026-02-21T04:00:00Z,INJUSDT,0.0000125
2026-02-21T05:00:00Z,INJUSDT,-0.00002027
2026-02-21T06:00:00Z,INJUSDT,-0.00006337
2026-02-21T07:00:00Z,INJUSDT,-0.00014109
2026-02-21T08:00:00Z,INJUSDT,-0.00060285
2026-02-21T09:00:00Z,INJUSDT,-0.00032152
2026-02-21T10:00:00Z,INJUSDT,-0.00071254
2026-02-21T11:00:00Z,INJUSDT,-0.00065233
2026-02-21T12:00:00Z,INJUSDT,-0.00003294
2026-02-21T13:00:00Z,INJUSDT,-0.00037453
2026-02-21T14:00:00Z,INJUSDT,-0.00044876
2026-02-21T15:00:00Z,INJUSDT,-0.00003731
2026-02-21T16:00:00Z,INJUSDT,-0.00027361
2026-02-21T17:00:00Z,INJUSDT,-0.00020325
2026-02-21T18:00:00Z,INJUSDT,-0.00004818
2026-02-21T19:00:00Z,INJUSDT,-0.00015501
2026-02-21T20:00:00Z,INJUSDT,-0.00038261
2026-02-21T21:00:00Z,INJUSDT,-0.00051922
2026-02-21T22:00:00Z,INJUSDT,-0.00111356
2026-02-21T23:00:00Z,INJUSDT,-0.00022627
2026-02-22T00:00:00Z,INJUSDT,-0.00064916
2026-02-22T01:00:00Z,INJUSDT,-0.00036049
2026-02-22T02:00:00Z,INJUSDT,-0.00045286
2026-02-22T03:00:00Z,INJUSDT,-0.00022702
2026-02-22T04:00:00Z,INJUSDT,-0.00009706
2026-02-22T05:00:00Z,INJUSDT,-0.0005467
2026-02-22T06:00:00Z,INJUSDT,-0.0005477
2026-02-22T07:00:00Z,INJUSDT,-0.00056993
2026-02-22T08:00:00Z,INJUSDT,-0.00047256
2026-02-22T09:00:00Z,INJUSDT,-0.00014125
2026-02-22T10:00:00Z,INJUSDT,-0.00007488
2026-02-22T11:00:00Z,INJUSDT,0.0000125
2026-02-22T12:00:00Z,INJUSDT,-0.00018172
2026-02-22T13:00:00Z,INJUSDT,0.0000125
2026-02-22T14:00:00Z,INJUSDT,-0.00017385
2026-02-22T15:00:00Z,INJUSDT,-0.00013341
2026-02-22T16:00:00Z,INJUSDT,0.0000125
2026-02-22T17:00:00Z,INJUSDT,-0.00017135
2026-02-22T18:00:00Z,INJUSDT,0.0000125
2026-02-22T19:00:00Z,INJUSDT,-0.00015968
2026-02-22T20:00:00Z,INJUSDT,-0.00015028
2026-02-22T21:00:00Z,INJUSDT,0.0000125
2026-02-22T22:00:00Z,INJUSDT,0.0000125
2026-02-22T23:00:00Z,INJUSDT,0.0000125
2026-02-23T00:00:00Z,INJUSDT,-0.00012684
2026-02-23T01:00:00Z,INJUSDT,-0.00004021
2026-02-23T02:00:00Z,INJUSDT,-0.00006276
2026-02-23T03:00:00Z,INJUSDT,-0.00005907
2026-02-23T04:00:00Z,INJUSDT,-0.00014172
2026-02-23T05:00:00Z,INJUSDT,0.0000125
2026-02-23T06:00:00Z,INJUSDT,-0.00001514
2026-02-23T07:00:00Z,INJUSDT,0.0000125
2026-02-23T08:00:00Z,INJUSDT,0.0000125
2026-02-23T09:00:00Z,INJUSDT,0.0000125
2026-02-23T10:00:00Z,INJUSDT,-0.00001977
2026-02-23T11:00:00Z,INJUSDT,-0.00008051
2026-02-23T12:00:00Z,INJUSDT,-0.00022775
2026-02-23T13:00:00Z,INJUSDT,-0.00011772
2026-02-23T14:00:00Z,INJUSDT,-0.00007641
2026-02-23T15:00:00Z,INJUSDT,-0.00011708
2026-02-23T16:00:00Z,INJUSDT,-0.00023481
2026-02-23T17:00:00Z,INJUSDT,-0.00010241
2026-02-23T18:00:00Z,INJUSDT,-0.00008603
2026-02-23T19:00:00Z,INJUSDT,0.00000753
2026-02-23T20:00:00Z,INJUSDT,-0.00005862
2026-02-23T21:00:00Z,INJUSDT,0.0000125
2026-02-23T22:00:00Z,INJUSDT,0.0000125
2026-02-23T23:00:00Z,INJUSDT,0.0000125
2026-02-24T00:00:00Z,INJUSDT,0.0000125
2026-02-24T01:00:00Z,INJUSDT,-0.0002054
2026-02-24T02:00:00Z,INJUSDT,0.0000125
2026-02-24T03:00:00Z,INJUSDT,-0.00002879
2026-02-24T04:00:00Z,INJUSDT,0.0000125
2026-02-24T05:00:00Z,INJUSDT,0.0000125
2026-02-24T06:00:00Z,INJUSDT,0.0000125
2026-02-24T07:00:00Z,INJUSDT,0.0000125
2026-02-24T08:00:00Z,INJUSDT,0.0000125
2026-02-24T09:00:00Z,INJUSDT,0.0000125
2026-02-24T10:00:00Z,INJUSDT,0.0000125
2026-02-24T11:00:00Z,INJUSDT,0.0000125
2026-02-24T12:00:00Z,INJUSDT,0.0000125
2026-02-24T13:00:00Z,INJUSDT,0.0000125
2026-02-24T14:00:00Z,INJUSDT,0.0000125
2026-02-24T15:00:00Z,INJUSDT,0.0000125
2026-02-24T16:00:00Z,INJUSDT,0.0000125
2026-02-24T17:00:00Z,INJUSDT,0.0000125
2026-02-24T18:00:00Z,INJUSDT,0.0000125
2026-02-24T19:00:00Z,INJUSDT,0.0000125
2026-02-24T20:00:00Z,INJUSDT,0.0000125
2026-02-24T21:00:00Z,INJUSDT,0.0000125
2026-02-24T22:00:00Z,INJUSDT,0.0000125
2026-02-24T23:00:00Z,INJUSDT,0.0000125
2026-02-25T00:00:00Z,INJUSDT,0.0000125
2026-02-25T01:00:00Z,INJUSDT,0.0000125
2026-02-25T02:00:00Z,INJUSDT,0.0000125
2026-02-25T03:00:00Z,INJUSDT,0.0000125
2026-02-25T04:00:00Z,INJUSDT,0.0000125
2026-02-25T05:00:00Z,INJUSDT,0.0000125
2026-02-25T06:00:00Z,INJUSDT,0.0000125
2026-02-25T07:00:00Z,INJUSDT,0.0000125
2026-02-25T08:00:00Z,INJUSDT,0.0000125
2026-02-25T09:00:00Z,INJUSDT,0.0000125
2026-02-25T10:00:00Z,INJUSDT,0.0000125
2026-02-25T11:00:00Z,INJUSDT,0.0000125
2026-02-25T12:00:00Z,INJUSDT,0.0000125
2026-02-25T13:00:00Z,INJUSDT,0.0000125
2026-02-25T14:00:00Z,INJUSDT,-0.00002342
2026-02-25T15:00:00Z,INJUSDT,-0.00000849
2026-02-25T16:00:00Z,INJUSDT,-0.00003234
2026-02-25T17:00:00Z,INJUSDT,0.0000125
2026-02-25T18:00:00Z,INJUSDT,-0.00004613
2026-02-25T19:00:00Z,INJUSDT,-0.0000043
2026-02-25T20:00:00Z,INJUSDT,0.0000125
2026-02-25T21:00:00Z,INJUSDT,0.0000125
2026-02-25T22:00:00Z,INJUSDT,0.0000125
2026-02-25T23:00:00Z,INJUSDT,0.0000125
2026-02-26T00:00:00Z,INJUSDT,0.0000125
2026-02-26T01:00:00Z,INJUSDT,0.0000125
2026-02-26T02:00:00Z,INJUSDT,0.0000125
2026-02-26T03:00:00Z,INJUSDT,0.0000125
2026-02-26T04:00:00Z,INJUSDT,-0.00005405
2026-02-26T05:00:00Z,INJUSDT,-0.00007977
2026-02-26T06:00:00Z,INJUSDT,-0.00006384
2026-02-26T07:00:00Z,INJUSDT,-0.0001065
2026-02-26T08:00:00Z,INJUSDT,0.0000125
2026-02-26T09:00:00Z,INJUSDT,0.0000125
2026-02-26T10:00:00Z,INJUSDT,0.0000125
2026-02-26T11:00:00Z,INJUSDT,-0.00011403
2026-02-26T12:00:00Z,INJUSDT,0.0000125
2026-02-26T13:00:00Z,INJUSDT,0.00001093
2026-02-26T14:00:00Z,INJUSDT,0.00000012
2026-02-26T15:00:00Z,INJUSDT,0.0000125
2026-02-26T16:00:00Z,INJUSDT,0.0000125
2026-02-26T17:00:00Z,INJUSDT,-0.00017492
2026-02-26T18:00:00Z,INJUSDT,0.0000125
2026-02-27T00:00:00Z,INJUSDT,-0.00003333
2026-02-27T08:00:00Z,INJUSDT,0.00000882
2026-02-27T16:00:00Z,INJUSDT,-0.00013618
2026-02-28T00:00:00Z,INJUSDT,-0.00012069
2026-02-28T08:00:00Z,INJUSDT,-0.00018824
2026-02-28T16:00:00Z,INJUSDT,-0.00025928
2026-03-01T00:00:00Z,INJUSDT,0.00007165
2026-03-01T08:00:00Z,INJUSDT,0.00005207
2026-03-01T16:00:00Z,INJUSDT,0.0001
2026-03-02T00:00:00Z,INJUSDT,-0.00004034
2026-03-02T08:00:00Z,INJUSDT,-0.00008793
2026-03-02T16:00:00Z,INJUSDT,0.0001
2026-03-03T00:00:00Z,INJUSDT,-0.00006394
2026-03-03T08:00:00Z,INJUSDT,-0.00014881
2026-03-03T16:00:00Z,INJUSDT,-0.00014154
2026-03-04T00:00:00Z,INJUSDT,0.00001586
2026-03-04T08:00:00Z,INJUSDT,-0.00009341
2026-03-04T16:00:00Z,INJUSDT,0.00004909
2026-03-05T00:00:00Z,INJUSDT,-0.00004882
2026-03-05T08:00:00Z,INJUSDT,-0.00004339
2026-03-05T16:00:00Z,INJUSDT,-0.00011784
2026-03-06T00:00:00Z,INJUSDT,0.0000826
2026-03-06T08:00:00Z,INJUSDT,0.00000272
2026-03-06T16:00:00Z,INJUSDT,-0.00035122
2026-03-07T00:00:00Z,INJUSDT,-0.00055149
2026-03-07T08:00:00Z,INJUSDT,-0.00033944
2026-03-07T16:00:00Z,INJUSDT,-0.00028204
2026-03-08T00:00:00Z,INJUSDT,-0.00048805
2026-03-08T08:00:00Z,INJUSDT,-0.00061501
2026-03-08T16:00:00Z,INJUSDT,-0.00010056
2026-03-09T00:00:00Z,INJUSDT,-0.00012327
2026-03-09T08:00:00Z,INJUSDT,-0.00044132
2026-03-09T16:00:00Z,INJUSDT,-0.00020536
2026-03-10T00:00:00Z,INJUSDT,-0.00002234
2026-03-10T08:00:00Z,INJUSDT,0.00007087
2026-03-10T16:00:00Z,INJUSDT,0.00001412
2026-03-11T00:00:00Z,INJUSDT,-0.000117
2026-03-11T08:00:00Z,INJUSDT,-0.00015783
2026-03-11T16:00:00Z,INJUSDT,-0.00011156
2026-03-12T00:00:00Z,INJUSDT,-0.00000957
2026-03-12T08:00:00Z,INJUSDT,-0.00002081
2026-03-12T16:00:00Z,INJUSDT,-0.0002259
2026-03-13T00:00:00Z,INJUSDT,-0.00010801
2026-03-13T08:00:00Z,INJUSDT,-0.00008779
2026-03-13T16:00:00Z,INJUSDT,0.000034
2026-03-14T00:00:00Z,INJUSDT,-0.00008188
2026-03-14T08:00:00Z,INJUSDT,-0.00009621
2026-03-14T16:00:00Z,INJUSDT,0.0000418
2026-03-15T00:00:00Z,INJUSDT,0.00006905
2026-03-15T08:00:00Z,INJUSDT,-0.00003881
2026-03-15T16:00:00Z,INJUSDT,-0.00002161
2026-03-16T00:00:00Z,INJUSDT,-0.00006482
2026-03-16T08:00:00Z,INJUSDT,0.00009678
2026-03-16T16:00:00Z,INJUSDT,-0.00020681
2026-03-17T00:00:00Z,INJUSDT,-0.00011516
2026-03-17T08:00:00Z,INJUSDT,0.0001
2026-03-17T16:00:00Z,INJUSDT,0.0001
2026-03-18T00:00:00Z,INJUSDT,0.0001
2026-03-18T08:00:00Z,INJUSDT,0.0001
2026-03-18T16:00:00Z,INJUSDT,-0.00004854
2026-03-19T00:00:00Z,INJUSDT,-0.00020411
2026-03-19T08:00:00Z,INJUSDT,-0.00008508
2026-03-19T16:00:00Z,INJUSDT,0.00000534
2026-03-20T00:00:00Z,INJUSDT,-0.00043537
2026-03-20T08:00:00Z,INJUSDT,-0.00001853
2026-03-20T16:00:00Z,INJUSDT,0.00000955
2026-03-21T00:00:00Z,INJUSDT,-0.00003267
2026-03-21T08:00:00Z,INJUSDT,0.0001
2026-03-21T16:00:00Z,INJUSDT,-0.00008192
2026-03-22T00:00:00Z,INJUSDT,-0.0000942
2026-03-22T08:00:00Z,INJUSDT,0.00002534
2026-03-22T16:00:00Z,INJUSDT,-0.00013731
2026-03-23T00:00:00Z,INJUSDT,0.00002096
2026-03-23T08:00:00Z,INJUSDT,0.0001
2026-03-23T16:00:00Z,INJUSDT,0.0001
2026-03-24T00:00:00Z,INJUSDT,-0.00006495
2026-03-24T08:00:00Z,INJUSDT,0.0001
2026-03-24T16:00:00Z,INJUSDT,-0.00000346
2026-03-25T00:00:00Z,INJUSDT,-0.00008171
2026-03-25T08:00:00Z,INJUSDT,-0.00003255
2026-03-25T16:00:00Z,INJUSDT,0.00003844
2026-03-26T00:00:00Z,INJUSDT,0.0001
2026-03-26T08:00:00Z,INJUSDT,-0.00010035
2026-03-26T16:00:00Z,INJUSDT,-0.00004208
2026-03-27T00:00:00Z,INJUSDT,0.00007801
2026-03-27T08:00:00Z,INJUSDT,0.00003367
2026-03-27T16:00:00Z,INJUSDT,0.00008039
2026-03-28T00:00:00Z,INJUSDT,0.0001
2026-03-28T08:00:00Z,INJUSDT,0.0001
2026-03-28T16:00:00Z,INJUSDT,0.00004207
2026-03-29T00:00:00Z,INJUSDT,0.00006529
2026-03-29T08:00:00Z,INJUSDT,-0.00005387
2026-03-29T16:00:00Z,INJUSDT,-0.00007561
2026-03-30T00:00:00Z,INJUSDT,0.00006957
2026-03-30T08:00:00Z,INJUSDT,0.00003199
2026-03-30T16:00:00Z,INJUSDT,0.0001
2026-03-31T00:00:00Z,INJUSDT,0.0001
2026-03-31T08:00:00Z,INJUSDT,0.00006615
2026-03-31T16:00:00Z,INJUSDT,-0.00011925
2026-04-01T00:00:00Z,INJUSDT,-0.00012739
2026-04-01T08:00:00Z,INJUSDT,0.00004585
2026-04-01T16:00:00Z,INJUSDT,-0.00012759
2026-04-02T00:00:00Z,INJUSDT,-0.00005086
2026-04-02T08:00:00Z,INJUSDT,-0.00022419
2026-04-02T16:00:00Z,INJUSDT,-0.00007635
2026-04-03T00:00:00Z,INJUSDT,-0.00003221
2026-04-03T08:00:00Z,INJUSDT,-0.00011018
2026-04-03T16:00:00Z,INJUSDT,0.0001
2026-04-04T00:00:00Z,INJUSDT,0.00002197
2026-04-04T08:00:00Z,INJUSDT,-0.00006831
2026-04-04T16:00:00Z,INJUSDT,0.00004923
2026-04-05T00:00:00Z,INJUSDT,0.00003616
2026-04-05T08:00:00Z,INJUSDT,-0.00035947
2026-04-05T16:00:00Z,INJUSDT,-0.00015241
2026-04-06T00:00:00Z,INJUSDT,0.00005097
2026-04-06T08:00:00Z,INJUSDT,0.0001
2026-04-06T16:00:00Z,INJUSDT,0.0001
2026-04-07T00:00:00Z,INJUSDT,0.00006196
2026-04-07T08:00:00Z,INJUSDT,-0.00007403
2026-04-07T16:00:00Z,INJUSDT,0.00005905
2026-04-08T00:00:00Z,INJUSDT,0.00003596
2026-04-08T08:00:00Z,INJUSDT,0.00000922
2026-04-08T16:00:00Z,INJUSDT,0.0001
2026-04-09T00:00:00Z,INJUSDT,-0.00011814
2026-04-09T08:00:00Z,INJUSDT,-0.00022526
2026-04-09T16:00:00Z,INJUSDT,-0.00013689
2026-04-10T00:00:00Z,INJUSDT,-0.00003312
2026-04-10T08:00:00Z,INJUSDT,-0.00026291
2026-04-10T16:00:00Z,INJUSDT,-0.00012145
2026-04-11T00:00:00Z,INJUSDT,-0.00008407
2026-04-11T08:00:00Z,INJUSDT,0.00003423
2026-04-11T16:00:00Z,INJUSDT,-0.00022644
2026-04-12T00:00:00Z,INJUSDT,0.00007461
2026-04-12T08:00:00Z,INJUSDT,0.00003273
2026-04-12T16:00:00Z,INJUSDT,-0.00010291
2026-04-13T00:00:00Z,INJUSDT,0.00001713
2026-04-13T08:00:00Z,INJUSDT,-0.00008914
2026-04-13T16:00:00Z,INJUSDT,0.00004988
2026-04-14T00:00:00Z,INJUSDT,0.00007348
2026-04-14T08:00:00Z,INJUSDT,0.0001
2026-04-14T16:00:00Z,INJUSDT,0.00002152
2026-04-15T00:00:00Z,INJUSDT,-0.00017834
2026-04-15T08:00:00Z,INJUSDT,0.0001
2026-04-15T16:00:00Z,INJUSDT,0.00009373
2026-04-16T00:00:00Z,INJUSDT,-0.0001479
2026-04-16T08:00:00Z,INJUSDT,-0.0000485
2026-04-16T16:00:00Z,INJUSDT,-0.00005033
2026-04-17T00:00:00Z,INJUSDT,-0.00008984
2026-04-17T08:00:00Z,INJUSDT,-0.00016329
2026-04-17T16:00:00Z,INJUSDT,-0.0000407
2026-04-18T00:00:00Z,INJUSDT,-0.00002503
2026-04-18T08:00:00Z,INJUSDT,-0.00013346
2026-04-18T16:00:00Z,INJUSDT,-0.00001395
2026-04-19T00:00:00Z,INJUSDT,0.0001
2026-04-19T08:00:00Z,INJUSDT,0.00001409
2026-04-19T16:00:00Z,INJUSDT,-0.00029062
2026-04-20T00:00:00Z,INJUSDT,-0.00005227
2026-04-20T08:00:00Z,INJUSDT,0.00003385
2026-04-20T16:00:00Z,INJUSDT,-0.00004482
2026-04-21T00:00:00Z,INJUSDT,-0.00012887
2026-04-21T08:00:00Z,INJUSDT,-0.00022955
2026-04-21T16:00:00Z,INJUSDT,0.00005977
2026-04-22T00:00:00Z,INJUSDT,-0.00003024
2026-04-22T08:00:00Z,INJUSDT,0.0000519
2026-04-22T16:00:00Z,INJUSDT,-0.0001053
2026-04-23T00:00:00Z,INJUSDT,-0.00007262
2026-04-23T08:00:00Z,INJUSDT,-0.00005102
2026-04-23T16:00:00Z,INJUSDT,0.00003427
2026-04-24T00:00:00Z,INJUSDT,-0.00008166
2026-04-24T08:00:00Z,INJUSDT,0.00007985
2026-04-24T16:00:00Z,INJUSDT,-0.00008138
2026-04-25T00:00:00Z,INJUSDT,0.00002895
2026-04-25T08:00:00Z,INJUSDT,-0.0002027
2026-04-25T16:00:00Z,INJUSDT,-0.00034831
2026-04-26T00:00:00Z,INJUSDT,-0.00004821
2026-04-26T08:00:00Z,INJUSDT,-0.00309865
2026-04-26T16:00:00Z,INJUSDT,-0.00067384
2026-04-27T00:00:00Z,INJUSDT,-0.00070404
2026-04-27T08:00:00Z,INJUSDT,-0.00010132
2026-04-27T16:00:00Z,INJUSDT,0.0001
2026-04-28T00:00:00Z,INJUSDT,0.0001
2026-04-28T08:00:00Z,INJUSDT,0.0000695
2026-04-28T16:00:00Z,INJUSDT,0.00005996
2026-04-29T00:00:00Z,INJUSDT,-0.00017534
2026-04-29T08:00:00Z,INJUSDT,-0.00007681
2026-04-29T16:00:00Z,INJUSDT,-0.00003856
2026-04-30T00:00:00Z,INJUSDT,0.00006709
2026-04-30T08:00:00Z,INJUSDT,0.00007066
2026-04-30T16:00:00Z,INJUSDT,-0.00003594
2026-05-01T00:00:00Z,INJUSDT,0.0001
2026-05-01T08:00:00Z,INJUSDT,0.00002323
2026-05-01T16:00:00Z,INJUSDT,-0.00026021
2026-05-02T00:00:00Z,INJUSDT,0.0000193
2026-05-02T08:00:00Z,INJUSDT,-0.0002354
2026-05-02T16:00:00Z,INJUSDT,0.00004433
2026-05-03T00:00:00Z,INJUSDT,0.00001027
2026-05-03T08:00:00Z,INJUSDT,-0.00009417
2026-05-03T16:00:00Z,INJUSDT,-0.00009596
2026-05-04T00:00:00Z,INJUSDT,-0.00012055
2026-05-04T08:00:00Z,INJUSDT,0.00001601
2026-05-04T16:00:00Z,INJUSDT,0.00002542
2026-05-05T00:00:00Z,INJUSDT,0.00006731
2026-05-05T08:00:00Z,INJUSDT,0.00007044
2026-05-05T16:00:00Z,INJUSDT,-0.00018103
2026-05-06T00:00:00Z,INJUSDT,-0.00011935
2026-05-06T08:00:00Z,INJUSDT,-0.00010834
2026-05-06T16:00:00Z,INJUSDT,0.00007956
2026-05-07T00:00:00Z,INJUSDT,0.00002661
2026-05-07T08:00:00Z,INJUSDT,-0.00008952
2026-05-07T16:00:00Z,INJUSDT,0.00002777
2026-05-08T00:00:00Z,INJUSDT,0.0000863
2026-05-08T08:00:00Z,INJUSDT,0.0001
2026-05-08T16:00:00Z,INJUSDT,-0.00013348
2026-05-09T00:00:00Z,INJUSDT,-0.00001569
2026-05-09T08:00:00Z,INJUSDT,-0.00000127
2026-05-09T16:00:00Z,INJUSDT,0.00001032
2026-05-10T00:00:00Z,INJUSDT,0.0001
2026-05-10T08:00:00Z,INJUSDT,0.00000443
2026-05-10T16:00:00Z,INJUSDT,-0.00010387
2026-05-11T00:00:00Z,INJUSDT,-0.0001099
2026-05-11T08:00:00Z,INJUSDT,0.0001
2026-05-11T16:00:00Z,INJUSDT,0.0001
2026-05-12T00:00:00Z,INJUSDT,0.00005582
2026-05-12T08:00:00Z,INJUSDT,-0.00029026
2026-05-12T16:00:00Z,INJUSDT,-0.00037909
2026-05-13T00:00:00Z,INJUSDT,0.0001
2026-05-13T08:00:00Z,INJUSDT,-0.00114954
2026-05-13T16:00:00Z,INJUSDT,-0.00123443
2026-05-14T00:00:00Z,INJUSDT,0.0001
2026-05-14T08:00:00Z,INJUSDT,0.00007063
2026-05-14T16:00:00Z,INJUSDT,0.0001
2026-05-15T00:00:00Z,INJUSDT,0.0000146
2026-05-15T08:00:00Z,INJUSDT,-0.00011947
2026-05-15T16:00:00Z,INJUSDT,-0.00011178
2026-05-16T00:00:00Z,INJUSDT,-0.00007369
2026-05-16T08:00:00Z,INJUSDT,0.00008641
2026-05-16T16:00:00Z,INJUSDT,0.0001
2026-05-17T00:00:00Z,INJUSDT,0.0001
2026-05-17T08:00:00Z,INJUSDT,-0.00011115
2026-05-17T16:00:00Z,INJUSDT,-0.00005799
2026-05-18T00:00:00Z,INJUSDT,0.00002594
2026-05-18T08:00:00Z,INJUSDT,0.00001128
2026-05-18T16:00:00Z,INJUSDT,0.00002291
2026-05-19T00:00:00Z,INJUSDT,-0.00004647
2026-05-19T08:00:00Z,INJUSDT,-0.00004691
2026-05-19T16:00:00Z,INJUSDT,-0.0000196
2026-05-20T00:00:00Z,INJUSDT,-0.00033185
2026-05-20T08:00:00Z,INJUSDT,-0.00018478
2026-05-20T16:00:00Z,INJUSDT,0.00005474
2026-05-21T00:00:00Z,INJUSDT,-0.00022575
2026-05-21T08:00:00Z,INJUSDT,-0.00016794
2026-05-21T16:00:00Z,INJUSDT,0.0001
2026-05-22T00:00:00Z,INJUSDT,0.0001
2026-05-22T08:00:00Z,INJUSDT,0.0001
2026-05-22T16:00:00Z,INJUSDT,0.0001
2026-05-23T00:00:00Z,INJUSDT,0.0001
2026-05-23T08:00:00Z,INJUSDT,-0.00004454
2026-05-23T16:00:00Z,INJUSDT,0.00000095
2026-05-24T00:00:00Z,INJUSDT,0.00003863
2026-05-24T08:00:00Z,INJUSDT,0.0001
2026-05-24T16:00:00Z,INJUSDT,0.00004032
2026-05-25T00:00:00Z,INJUSDT,0.0001
2026-05-25T08:00:00Z,INJUSDT,0.00001532
2026-05-25T16:00:00Z,INJUSDT,0.00007593
2026-05-26T00:00:00Z,INJUSDT,-0.00000565
2026-05-26T08:00:00Z,INJUSDT,-0.00019643
2026-05-26T16:00:00Z,INJUSDT,0.00000569
2026-05-27T00:00:00Z,INJUSDT,-0.0001701
2026-05-27T08:00:00Z,INJUSDT,-0.00024701
2026-05-27T16:00:00Z,INJUSDT,-0.00006617
2026-05-28T00:00:00Z,INJUSDT,0.0001
2026-05-28T08:00:00Z,INJUSDT,-0.00033741
2026-05-28T16:00:00Z,INJUSDT,-0.00008669
2026-05-29T00:00:00Z,INJUSDT,-0.00021117
2026-05-29T08:00:00Z,INJUSDT,-0.00000751
2026-05-29T16:00:00Z,INJUSDT,-0.00059769
2026-05-30T00:00:00Z,INJUSDT,-0.00025196
2026-05-30T08:00:00Z,INJUSDT,-0.00041383
2026-05-30T16:00:00Z,INJUSDT,-0.00026427
2026-05-31T00:00:00Z,INJUSDT,-0.00017162
2026-05-31T08:00:00Z,INJUSDT,0.00007235
2026-05-31T16:00:00Z,INJUSDT,-0.00002162
2026-06-01T00:00:00Z,INJUSDT,0.00002425
2026-06-01T08:00:00Z,INJUSDT,-0.00012773
2026-06-01T16:00:00Z,INJUSDT,-0.0001557
2026-06-02T00:00:00Z,INJUSDT,0.0001
2026-06-02T08:00:00Z,INJUSDT,0.0001
2026-06-02T16:00:00Z,INJUSDT,0.0001
2026-06-03T00:00:00Z,INJUSDT,0.00006127
2026-06-03T08:00:00Z,INJUSDT,0.0001
2026-06-03T16:00:00Z,INJUSDT,0.0001
2026-06-04T00:00:00Z,INJUSDT,0.00005221
2026-06-04T08:00:00Z,INJUSDT,-0.00031247
2026-06-04T16:00:00Z,INJUSDT,-0.00010979
2026-06-05T00:00:00Z,INJUSDT,-0.0000862
2026-06-05T08:00:00Z,INJUSDT,-0.00014775
2026-06-05T16:00:00Z,INJUSDT,0.0001
2026-06-06T00:00:00Z,INJUSDT,-0.00003873
2026-06-06T08:00:00Z,INJUSDT,-0.00000376
2026-06-06T16:00:00Z,INJUSDT,0.000051
2026-06-07T00:00:00Z,INJUSDT,0.0001
2026-06-07T08:00:00Z,INJUSDT,-0.00019991
2026-06-07T16:00:00Z,INJUSDT,-0.00011075
2026-06-08T00:00:00Z,INJUSDT,0.00004237
2026-06-08T08:00:00Z,INJUSDT,-0.00000265
2026-06-08T16:00:00Z,INJUSDT,-0.00026977
2026-06-09T00:00:00Z,INJUSDT,-0.00005715
2026-06-09T08:00:00Z,INJUSDT,-0.00001252
2026-06-09T16:00:00Z,INJUSDT,0.0001
2026-06-10T00:00:00Z,INJUSDT,0.0001
2026-06-10T08:00:00Z,INJUSDT,0.0001
2026-06-10T16:00:00Z,INJUSDT,-0.00028792
2026-06-11T00:00:00Z,INJUSDT,-0.00020827
2026-06-11T08:00:00Z,INJUSDT,0.0001
2026-06-11T16:00:00Z,INJUSDT,0.0001
2026-06-12T00:00:00Z,INJUSDT,0.0001
2026-06-12T08:00:00Z,INJUSDT,0.0001
2026-06-12T16:00:00Z,INJUSDT,0.0001
2026-06-13T00:00:00Z,INJUSDT,-0.00004285
2026-06-13T08:00:00Z,INJUSDT,-0.00005469
2026-06-13T16:00:00Z,INJUSDT,0.0001
2026-06-14T00:00:00Z,INJUSDT,0.0001
2026-06-14T08:00:00Z,INJUSDT,-0.00000421
2026-06-14T16:00:00Z,INJUSDT,-0.00022121
2026-06-15T00:00:00Z,INJUSDT,-0.00035547
2026-06-15T08:00:00Z,INJUSDT,-0.00004802
2026-06-15T16:00:00Z,INJUSDT,0.0001
2026-06-16T00:00:00Z,INJUSDT,0.0001
2026-06-16T08:00:00Z,INJUSDT,0.0001
2026-06-16T16:00:00Z,INJUSDT,0.0001
2026-06-17T00:00:00Z,INJUSDT,0.00001312
2026-06-17T08:00:00Z,INJUSDT,0.00000531
2026-06-17T16:00:00Z,INJUSDT,-0.00001673
2026-06-18T00:00:00Z,INJUSDT,-0.00000631
2026-06-18T08:00:00Z,INJUSDT,0.00001894
2026-06-18T16:00:00Z,INJUSDT,-0.00016728
2026-06-19T00:00:00Z,INJUSDT,0.0000189
2026-06-19T08:00:00Z,INJUSDT,0.0000248
2026-06-19T16:00:00Z,INJUSDT,0.00004057
2026-06-20T00:00:00Z,INJUSDT,-0.00003695
2026-06-20T08:00:00Z,INJUSDT,-0.00012331
2026-06-20T16:00:00Z,INJUSDT,-0.00019961
2026-06-21T00:00:00Z,INJUSDT,-0.00002833
2026-06-21T08:00:00Z,INJUSDT,-0.00004992
2026-06-21T16:00:00Z,INJUSDT,-0.00020768
2026-06-22T00:00:00Z,INJUSDT,-0.00010907
2026-06-22T08:00:00Z,INJUSDT,0.0001
2026-06-22T16:00:00Z,INJUSDT,-0.00003286
2026-06-23T00:00:00Z,INJUSDT,-0.00001436
2026-06-23T08:00:00Z,INJUSDT,-0.00029605
2026-06-23T16:00:00Z,INJUSDT,-0.00015535
2026-06-24T00:00:00Z,INJUSDT,-0.00008912
2026-06-24T08:00:00Z,INJUSDT,-0.00009784
2026-06-24T16:00:00Z,INJUSDT,-0.00004939
2026-06-25T00:00:00Z,INJUSDT,0.00006259
2026-06-25T08:00:00Z,INJUSDT,0.0001
2026-06-25T16:00:00Z,INJUSDT,-0.00018385
2026-06-26T00:00:00Z,INJUSDT,0.00002258
2026-06-26T08:00:00Z,INJUSDT,0.0001
2026-06-26T16:00:00Z,INJUSDT,-0.0001329
2026-06-27T00:00:00Z,INJUSDT,0.00002123
2026-06-27T08:00:00Z,INJUSDT,-0.00002119
2026-06-27T16:00:00Z,INJUSDT,0.00000599
2026-06-28T00:00:00Z,INJUSDT,-0.00008099
2026-06-28T08:00:00Z,INJUSDT,0.00001475
2026-06-28T16:00:00Z,INJUSDT,0.00007157
2026-06-29T00:00:00Z,INJUSDT,-0.00016818
2026-06-29T08:00:00Z,INJUSDT,-0.00010784
2026-06-29T16:00:00Z,INJUSDT,-0.00001411
2026-06-30T00:00:00Z,INJUSDT,0.0001
2026-06-30T08:00:00Z,INJUSDT,0.0001
2026-06-30T16:00:00Z,INJUSDT,0.00000615
2026-07-01T00:00:00Z,INJUSDT,0.0001
2026-07-01T08:00:00Z,INJUSDT,-0.00003151
2026-07-01T16:00:00Z,INJUSDT,0.00005424
2026-07-02T00:00:00Z,INJUSDT,-0.00035684
2026-07-02T08:00:00Z,INJUSDT,-0.00039297
2026-07-02T16:00:00Z,INJUSDT,-0.00042264
2026-07-03T00:00:00Z,INJUSDT,-0.00030962
2026-07-03T08:00:00Z,INJUSDT,-0.00003158
2026-07-03T16:00:00Z,INJUSDT,0.0001
2026-07-04T00:00:00Z,INJUSDT,0.0001
2026-07-04T08:00:00Z,INJUSDT,-0.00003018
2026-07-04T16:00:00Z,INJUSDT,-0.0001184
2026-07-05T00:00:00Z,INJUSDT,-0.0001464
2026-07-05T08:00:00Z,INJUSDT,-0.00032512
2026-07-05T16:00:00Z,INJUSDT,-0.00009459
2026-07-06T00:00:00Z,INJUSDT,0.0001
2026-07-06T08:00:00Z,INJUSDT,-0.00016727
2026-07-06T16:00:00Z,INJUSDT,0.0001
2026-07-07T00:00:00Z,INJUSDT,0.00001952
2026-07-07T08:00:00Z,INJUSDT,-0.00005566
2026-07-07T16:00:00Z,INJUSDT,-0.00006956
2026-07-08T00:00:00Z,INJUSDT,-0.00024696
2026-07-08T08:00:00Z,INJUSDT,-0.00029219
2026-07-08T16:00:00Z,INJUSDT,-0.00016024
2026-07-09T00:00:00Z,INJUSDT,-0.00005526
2026-07-09T08:00:00Z,INJUSDT,-0.00015704
2026-07-09T16:00:00Z,INJUSDT,0.00000143
2026-07-10T00:00:00Z,INJUSDT,-0.00002974
2026-07-10T08:00:00Z,INJUSDT,0.00000529
2026-07-10T16:00:00Z,INJUSDT,-0.00001417
2026-07-11T00:00:00Z,INJUSDT,0.0001
2026-07-11T08:00:00Z,INJUSDT,-0.00008101
2026-07-11T16:00:00Z,INJUSDT,0.00000044
2026-07-12T00:00:00Z,INJUSDT,0.00001033
2026-07-12T08:00:00Z,INJUSDT,-0.00022279
2026-07-12T16:00:00Z,INJUSDT,-0.00007078
2026-07-13T00:00:00Z,INJUSDT,-0.00011147
2026-07-13T08:00:00Z,INJUSDT,-0.00002715
2026-07-13T16:00:00Z,INJUSDT,-0.00002911
2026-07-14T00:00:00Z,INJUSDT,-0.00011921
2026-07-14T08:00:00Z,INJUSDT,-0.0000512
2026-07-14T16:00:00Z,INJUSDT,-0.0001248
2026-07-15T00:00:00Z,INJUSDT,-0.00002961
2026-07-15T08:00:00Z,INJUSDT,0.00005249
2026-07-15T16:00:00Z,INJUSDT,0.0001
2026-07-16T00:00:00Z,INJUSDT,0.00005522
2026-07-16T08:00:00Z,INJUSDT,0.0001
2026-07-16T16:00:00Z,INJUSDT,0.00002443
2026-07-17T00:00:00Z,INJUSDT,-0.00016416
2026-07-17T08:00:00Z,INJUSDT,0.00004627
2026-07-17T16:00:00Z,INJUSDT,0.00005692
2026-07-18T00:00:00Z,INJUSDT,-0.00005685
2026-07-18T08:00:00Z,INJUSDT,-0.00004904
2026-07-18T16:00:00Z,INJUSDT,-0.00007951
2026-07-19T00:00:00Z,INJUSDT,0.00001052
2026-07-19T08:00:00Z,INJUSDT,0.00004838
2026-07-19T16:00:00Z,INJUSDT,0.0001
2026-07-20T00:00:00Z,INJUSDT,-0.00006095
2026-07-20T08:00:00Z,INJUSDT,-0.00004644
2026-07-20T16:00:00Z,INJUSDT,0.00005148
2026-07-21T00:00:00Z,INJUSDT,0.0001
2026-07-21T08:00:00Z,INJUSDT,0.00004519
2026-07-21T16:00:00Z,INJUSDT,-0.00010235
2026-07-22T00:00:00Z,INJUSDT,-0.00005822
2026-07-22T08:00:00Z,INJUSDT,-0.00007726
2026-07-22T16:00:00Z,INJUSDT,0.0000644
2026-07-23T00:00:00Z,INJUSDT,-0.00006536
2026-07-23T08:00:00Z,INJUSDT,0.00004246
2026-07-23T16:00:00Z,INJUSDT,-0.00000313
2026-07-24T00:00:00Z,INJUSDT,0.00001912
2026-07-24T08:00:00Z,INJUSDT,-0.00005588
2026-07-24T16:00:00Z,INJUSDT,0.0000307
2026-07-25T00:00:00Z,INJUSDT,0.00003926
2026-07-25T08:00:00Z,INJUSDT,-0.00008542
2026-07-25T16:00:00Z,INJUSDT,-0.00013661
2026-07-26T00:00:00Z,INJUSDT,0.00002914
2026-07-26T08:00:00Z,INJUSDT,-0.00000807
2026-07-26T16:00:00Z,INJUSDT,0.00000756
2026-07-27T00:00:00Z,INJUSDT,0.00006152
2026-07-27T08:00:00Z,INJUSDT,0.00002056
2026-07-27T16:00:00Z,INJUSDT,-0.00002881
2026-07-28T00:00:00Z,INJUSDT,0.00001646
2026-07-28T08:00:00Z,INJUSDT,-0.0000326
2026-07-28T16:00:00Z,INJUSDT,-0.00012613
2026-07-29T00:00:00Z,INJUSDT,-0.00029066
2026-07-29T08:00:00Z,INJUSDT,-0.00007265
2026-07-29T16:00:00Z,INJUSDT,0.0000733
2026-07-30T00:00:00Z,INJUSDT,0.0000409
2026-07-30T08:00:00Z,INJUSDT,0.00006875
2026-07-30T16:00:00Z,INJUSDT,0.0001
2026-07-31T00:00:00Z,INJUSDT,-0.00035341
2026-07-31T08:00:00Z,INJUSDT,-0.00015596
2026-07-31T16:00:00Z,INJUSDT,-0.00010534
2026-08-01T00:00:00Z,INJUSDT,0.0001
2026-08-01T08:00:00Z,INJUSDT,-0.00011183
2026-08-01T16:00:00Z,INJUSDT,-0.00002159
2026-08-02T00:00:00Z,INJUSDT,-0.00004274
2026-08-02T08:00:00Z,INJUSDT,-0.00016698
2026-08-02T16:00:00Z,INJUSDT,0.00007813
2026-08-03T00:00:00Z,INJUSDT,0.0001
2026-08-03T08:00:00Z,INJUSDT,0.0001
2026-08-03T16:00:00Z,INJUSDT,0.0001
2026-08-04T00:00:00Z,INJUSDT,0.0001
2026-08-04T08:00:00Z,INJUSDT,0.0001
2026-08-04T16:00:00Z,INJUSDT,0.00002989
2026-08-05T00:00:00Z,INJUSDT,0.0001
2026-08-05T08:00:00Z,INJUSDT,0.0000354
2026-08-05T16:00:00Z,INJUSDT,0.0001
2026-08-06T00:00:00Z,INJUSDT,0.00009534
2026-08-06T08:00:00Z,INJUSDT,-0.00003716
2026-08-06T16:00:00Z,INJUSDT,-0.0003149
2026-08-07T00:00:00Z,INJUSDT,-0.00018717
2026-08-07T08:00:00Z,INJUSDT,-0.00019522
2026-08-07T16:00:00Z,INJUSDT,-0.00016028
2026-08-08T00:00:00Z,INJUSDT,0.00003772
2026-08-08T08:00:00Z,INJUSDT,0.00008377
2026-08-08T16:00:00Z,INJUSDT,0.0001
2026-08-09T00:00:00Z,INJUSDT,0.00001785
2026-08-09T08:00:00Z,INJUSDT,0.00002016
2026-08-09T16:00:00Z,INJUSDT,0.00005279
2026-08-10T00:00:00Z,INJUSDT,-0.00006188
2026-08-10T08:00:00Z,INJUSDT,-0.00010046
2026-08-10T16:00:00Z,INJUSDT,0.00003953
2026-08-11T00:00:00Z,INJUSDT,-0.00001379
2026-08-11T08:00:00Z,INJUSDT,-0.00009755
2026-08-11T16:00:00Z,INJUSDT,0.0001
2026-08-12T00:00:00Z,INJUSDT,0.0001
2026-08-12T08:00:00Z,INJUSDT,0.0001
2026-08-12T16:00:00Z,INJUSDT,0.0001
2026-08-13T00:00:00Z,INJUSDT,-0.00000852
2026-08-13T08:00:00Z,INJUSDT,-0.00001363
2026-08-13T16:00:00Z,INJUSDT,-0.00011583
2026-08-14T00:00:00Z,INJUSDT,-0.00011872
2026-08-14T08:00:00Z,INJUSDT,-0.00013255
2026-08-14T16:00:00Z,INJUSDT,-0.00022061
2026-08-15T00:00:00Z,INJUSDT,-0.00043827
2026-08-15T08:00:00Z,INJUSDT,-0.00062852
2026-08-15T16:00:00Z,INJUSDT,-0.00047658
2026-08-16T00:00:00Z,INJUSDT,-0.00051151
2026-08-16T08:00:00Z,INJUSDT,-0.00039933
2026-08-16T16:00:00Z,INJUSDT,-0.00017751
2026-08-17T00:00:00Z,INJUSDT,-0.0000856
2026-08-17T08:00:00Z,INJUSDT,-0.00009291
2026-08-17T16:00:00Z,INJUSDT,-0.00011519
2026-08-18T00:00:00Z,INJUSDT,-0.00004237
2026-08-18T08:00:00Z,INJUSDT,-0.00008595
2026-08-18T16:00:00Z,INJUSDT,0.00009555
2026-08-19T00:00:00Z,INJUSDT,0.00002265
2026-08-19T08:00:00Z,INJUSDT,-0.00004248
2026-08-19T16:00:00Z,INJUSDT,0.0001
2026-08-20T00:00:00Z,INJUSDT,0.0001
2026-08-20T08:00:00Z,INJUSDT,0.00009544
2026-08-20T16:00:00Z,INJUSDT,0.0001
2026-08-21T00:00:00Z,INJUSDT,0.0001
2026-08-21T08:00:00Z,INJUSDT,0.0001
2026-08-21T16:00:00Z,INJUSDT,0.0001
2026-08-22T00:00:00Z,INJUSDT,0.0001
2026-08-22T08:00:00Z,INJUSDT,0.0001
2026-08-22T16:00:00Z,INJUSDT,0.0001
2026-08-23T00:00:00Z,INJUSDT,0.00004917
2026-08-23T08:00:00Z,INJUSDT,0.00000045
2026-08-23T16:00:00Z,INJUSDT,0.0001
2026-08-24T00:00:00Z,INJUSDT,0.0001
2026-08-24T08:00:00Z,INJUSDT,0.0001
2026-08-24T16:00:00Z,INJUSDT,0.0001
2026-08-25T00:00:00Z,INJUSDT,0.0001
2026-08-25T08:00:00Z,INJUSDT,0.0001
2026-08-25T16:00:00Z,INJUSDT,-0.0000722
2026-08-26T00:00:00Z,INJUSDT,0.00008654
2026-08-26T08:00:00Z,INJUSDT,0.00004579
2026-08-26T16:00:00Z,INJUSDT,0.00005088
2026-08-27T00:00:00Z,INJUSDT,0.0001
2026-08-27T08:00:00Z,INJUSDT,0.0001
2026-08-27T16:00:00Z,INJUSDT,0.0001
2026-08-28T00:00:00Z,INJUSDT,-0.00002426
2026-08-28T08:00:00Z,INJUSDT,-0.000102
2026-08-28T16:00:00Z,INJUSDT,0.0001
2026-08-29T00:00:00Z,INJUSDT,0.0001
2026-08-29T08:00:00Z,INJUSDT,-0.00002793
2026-08-29T16:00:00Z,INJUSDT,0.00007919
2026-08-30T00:00:00Z,INJUSDT,0.0000389
2026-08-30T08:00:00Z,INJUSDT,0.00008452
2026-08-30T16:00:00Z,INJUSDT,-0.00007598
2026-08-31T00:00:00Z,INJUSDT,-0.00025073
2026-08-31T08:00:00Z,INJUSDT,0.0001
2026-08-31T16:00:00Z,INJUSDT,0.0001
2026-09-01T00:00:00Z,INJUSDT,0.0000455
2026-09-01T08:00:00Z,INJUSDT,0.0001
2026-09-01T16:00:00Z,INJUSDT,0.00006293
2026-09-02T00:00:00Z,INJUSDT,-0.00003994
2026-09-02T08:00:00Z,INJUSDT,0.00000548
2026-09-02T16:00:00Z,INJUSDT,0.0001
2026-09-03T00:00:00Z,INJUSDT,0.000049
2026-09-03T08:00:00Z,INJUSDT,0.00004096
2026-09-03T16:00:00Z,INJUSDT,0.00000956
2026-09-04T00:00:00Z,INJUSDT,0.00002368
2026-09-04T08:00:00Z,INJUSDT,0.00000104
2026-09-04T16:00:00Z,INJUSDT,-0.00093756
2026-09-05T00:00:00Z,INJUSDT,-0.00070842
2026-09-05T08:00:00Z,INJUSDT,-0.00014212
2026-09-05T16:00:00Z,INJUSDT,0.0001
2026-09-06T00:00:00Z,INJUSDT,-0.00011656
2026-09-06T08:00:00Z,INJUSDT,-0.00023237
2026-09-06T16:00:00Z,INJUSDT,-0.00016982
2026-09-07T00:00:00Z,INJUSDT,-0.00033199
2026-09-07T08:00:00Z,INJUSDT,-0.0000339
2026-09-07T16:00:00Z,INJUSDT,-0.00006602
2026-09-08T00:00:00Z,INJUSDT,0.0001
2026-09-08T08:00:00Z,INJUSDT,0.0001
2026-09-08T16:00:00Z,INJUSDT,0.0001
2026-09-09T00:00:00Z,INJUSDT,0.0001
2026-09-09T08:00:00Z,INJUSDT,0.0001
2026-09-09T16:00:00Z,INJUSDT,0.0001
2026-09-10T00:00:00Z,INJUSDT,0.0001
2026-09-10T08:00:00Z,INJUSDT,0.0001
2026-09-10T16:00:00Z,INJUSDT,0.0001
2026-09-11T00:00:00Z,INJUSDT,0.0001
2026-09-11T08:00:00Z,INJUSDT,0.0001
2026-09-11T16:00:00Z,INJUSDT,0.0001
2026-09-12T00:00:00Z,INJUSDT,0.00009715
2026-09-12T08:00:00Z,INJUSDT,0.0001
2026-09-12T16:00:00Z,INJUSDT,0.00008853
2026-09-13T00:00:00Z,INJUSDT,-0.00010937
2026-09-13T08:00:00Z,INJUSDT,0.00004752
2026-09-13T16:00:00Z,INJUSDT,0.00007669
2026-09-14T00:00:00Z,INJUSDT,0.00002532
2026-09-14T08:00:00Z,INJUSDT,-0.00005477
2026-09-14T16:00:00Z,INJUSDT,0.00001217
2026-09-15T00:00:00Z,INJUSDT,-0.00011506
2026-09-15T08:00:00Z,INJUSDT,-0.00003655
2026-09-15T16:00:00Z,INJUSDT,0.00006487
2026-09-16T00:00:00Z,INJUSDT,0.0001
2026-09-16T08:00:00Z,INJUSDT,0.00007131
2026-09-16T16:00:00Z,INJUSDT,0.0001
2026-09-17T00:00:00Z,INJUSDT,0.0001
2026-09-17T08:00:00Z,INJUSDT,-0.00013135
2026-09-17T16:00:00Z,INJUSDT,0.0000329
2026-09-18T00:00:00Z,INJUSDT,0.00007647
2026-09-18T08:00:00Z,INJUSDT,0.0001
2026-09-18T16:00:00Z,INJUSDT,0.0001
2026-09-19T00:00:00Z,INJUSDT,0.0001
2026-09-19T08:00:00Z,INJUSDT,0.0001
2026-09-19T16:00:00Z,INJUSDT,0.0001
2026-09-20T00:00:00Z,INJUSDT,0.0001
2026-09-20T08:00:00Z,INJUSDT,0.0001
2026-09-20T16:00:00Z,INJUSDT,-0.00001593
2026-09-21T00:00:00Z,INJUSDT,0.0001
2026-09-21T08:00:00Z,INJUSDT,0.00006829
2026-09-21T16:00:00Z,INJUSDT,-0.0001398
2026-09-22T00:00:00Z,INJUSDT,0.00008772
2026-09-22T08:00:00Z,INJUSDT,0.0001
2026-09-22T16:00:00Z,INJUSDT,0.0001
2026-09-23T00:00:00Z,INJUSDT,0.0001
2026-09-23T08:00:00Z,INJUSDT,0.0001
2026-09-23T16:00:00Z,INJUSDT,0.0001
2026-09-24T00:00:00Z,INJUSDT,0.00007983
2026-09-24T08:00:00Z,INJUSDT,-0.0001778
2026-09-24T16:00:00Z,INJUSDT,0.0001
2026-09-25T00:00:00Z,INJUSDT,-0.00004527
2026-09-25T08:00:00Z,INJUSDT,0.00006971
2026-09-25T16:00:00Z,INJUSDT,-0.00001833
2026-09-26T00:00:00Z,INJUSDT,0.0001
2026-09-26T08:00:00Z,INJUSDT,0.0001
2026-09-26T16:00:00Z,INJUSDT,0.0001
2026-09-27T00:00:00Z,INJUSDT,-0.00012517
2026-09-27T08:00:00Z,INJUSDT,0.0001
2026-09-27T16:00:00Z,INJUSDT,0.0001
2026-09-28T00:00:00Z,INJUSDT,0.0001
2026-09-28T08:00:00Z,INJUSDT,0.0001
2026-09-28T16:00:00Z,INJUSDT,0.0001
2026-09-29T00:00:00Z,INJUSDT,0.0001
2026-09-29T08:00:00Z,INJUSDT,0.0001
2026-09-29T16:00:00Z,INJUSDT,0.0001
2026-09-30T00:00:00Z,INJUSDT,0.0001
2026-09-30T08:00:00Z,INJUSDT,0.0001
2026-09-30T16:00:00Z,INJUSDT,0.00008813
2026-10-01T00:00:00Z,INJUSDT,0.0001
2026-10-01T08:00:00Z,INJUSDT,0.0001
2026-10-01T16:00:00Z,INJUSDT,-0.00007642
2026-10-02T00:00:00Z,INJUSDT,-0.0000651
2026-10-02T08:00:00Z,INJUSDT,0.0001
2026-10-02T16:00:00Z,INJUSDT,0.00009969
2026-10-03T00:00:00Z,INJUSDT,-0.00006752
2026-10-03T08:00:00Z,INJUSDT,0.0001
2026-10-03T16:00:00Z,INJUSDT,0.00004168
2026-10-04T00:00:00Z,INJUSDT,0.0001
2026-10-04T08:00:00Z,INJUSDT,-0.00003891
2026-10-04T16:00:00Z,INJUSDT,0.00006336
2026-10-05T00:00:00Z,INJUSDT,0.0001
2026-10-05T08:00:00Z,INJUSDT,0.0001
2026-10-05T16:00:00Z,INJUSDT,0.0001
2026-10-06T00:00:00Z,INJUSDT,0.0001
2026-10-06T08:00:00Z,INJUSDT,0.0000634
2026-10-06T16:00:00Z,INJUSDT,0.0001
2026-10-07T00:00:00Z,INJUSDT,0.00006056
2026-10-07T08:00:00Z,INJUSDT,-0.00023929
2026-10-07T16:00:00Z,INJUSDT,-0.00014558
2026-10-08T00:00:00Z,INJUSDT,0.0000863
2026-10-08T08:00:00Z,INJUSDT,0.00004816
2026-10-08T16:00:00Z,INJUSDT,-0.00012584
2026-10-09T00:00:00Z,INJUSDT,-0.00015749
