timestamp,symbol,funding_rate
2023-10-09T00:00:00Z,LINKUSDT,0.00007419
2023-10-09T08:00:00Z,LINKUSDT,-0.00007289
2023-10-09T16:00:00Z,LINKUSDT,-0.00004671
2023-10-10T00:00:00Z,LINKUSDT,0.00000776
2023-10-10T08:00:00Z,LINKUSDT,-0.00002331
2023-10-10T16:00:00Z,LINKUSDT,0.0000522
2023-10-11T00:00:00Z,LINKUSDT,0.00003052
2023-10-11T08:00:00Z,LINKUSDT,0.0001
2023-10-11T16:00:00Z,LINKUSDT,0.00002429
2023-10-12T00:00:00Z,LINKUSDT,0.0001
2023-10-12T08:00:00Z,LINKUSDT,0.00006132
2023-10-12T16:00:00Z,LINKUSDT,0.00003361
2023-10-13T00:00:00Z,LINKUSDT,-0.00000742
2023-10-13T08:00:00Z,LINKUSDT,0.00002255
2023-10-13T16:00:00Z,LINKUSDT,0.0001
2023-10-14T00:00:00Z,LINKUSDT,0.00000941
2023-10-14T08:00:00Z,LINKUSDT,0.0001
2023-10-14T16:00:00Z,LINKUSDT,0.0001
2023-10-15T00:00:00Z,LINKUSDT,0.0001
2023-10-15T08:00:00Z,LINKUSDT,0.00009705
2023-10-15T16:00:00Z,LINKUSDT,0.0001
2023-10-16T00:00:00Z,LINKUSDT,-0.00003176
2023-10-16T08:00:00Z,LINKUSDT,0.00006521
2023-10-16T16:00:00Z,LINKUSDT,0.00001232
2023-10-17T00:00:00Z,LINKUSDT,0.00007323
2023-10-17T08:00:00Z,LINKUSDT,0.00007824
2023-10-17T16:00:00Z,LINKUSDT,0.00009059
2023-10-18T00:00:00Z,LINKUSDT,0.00007897
2023-10-18T08:00:00Z,LINKUSDT,0.000057
2023-10-18T16:00:00Z,LINKUSDT,-0.00009256
2023-10-19T00:00:00Z,LINKUSDT,0.0001
2023-10-19T08:00:00Z,LINKUSDT,0.0000052
2023-10-19T16:00:00Z,LINKUSDT,0.00003015
2023-10-20T00:00:00Z,LINKUSDT,0.0001
2023-10-20T08:00:00Z,LINKUSDT,0.0001
2023-10-20T16:00:00Z,LINKUSDT,0.0000798
2023-10-21T00:00:00Z,LINKUSDT,0.0001
2023-10-21T08:00:00Z,LINKUSDT,0.00008102
2023-10-21T16:00:00Z,LINKUSDT,0.0001
2023-10-22T00:00:00Z,LINKUSDT,0.0001
2023-10-22T08:00:00Z,LINKUSDT,0.0001
2023-10-22T16:00:00Z,LINKUSDT,0.0001
2023-10-23T00:00:00Z,LINKUSDT,0.00008318
2023-10-23T08:00:00Z,LINKUSDT,0.0001
2023-10-23T16:00:00Z,LINKUSDT,0.0001
2023-10-24T00:00:00Z,LINKUSDT,0.0001
2023-10-24T08:00:00Z,LINKUSDT,0.0001
2023-10-24T16:00:00Z,LINKUSDT,0.0001
2023-10-25T00:00:00Z,LINKUSDT,0.0001
2023-10-25T08:00:00Z,LINKUSDT,0.0001
2023-10-25T16:00:00Z,LINKUSDT,0.0001
2023-10-26T00:00:00Z,LINKUSDT,0.0001
2023-10-26T08:00:00Z,LINKUSDT,0.0001
2023-10-26T16:00:00Z,LINKUSDT,0.0001
2023-10-27T00:00:00Z,LINKUSDT,0.0001
2023-10-27T08:00:00Z,LINKUSDT,0.0001
2023-10-27T16:00:00Z,LINKUSDT,0.0001
2023-10-28T00:00:00Z,LINKUSDT,0.0001
2023-10-28T08:00:00Z,LINKUSDT,0.0001
2023-10-28T16:00:00Z,LINKUSDT,0.0001
2023-10-29T00:00:00Z,LINKUSDT,0.0001
2023-10-29T08:00:00Z,LINKUSDT,0.0001
2023-10-29T16:00:00Z,LINKUSDT,0.0001
2023-10-30T00:00:00Z,LINKUSDT,0.0001
2023-10-30T08:00:00Z,LINKUSDT,0.0001
2023-10-30T16:00:00Z,LINKUSDT,0.0001
2023-10-31T00:00:00Z,LINKUSDT,0.0001
2023-10-31T08:00:00Z,LINKUSDT,0.0001
2023-10-31T16:00:00Z,LINKUSDT,0.0001
2023-11-01T00:00:00Z,LINKUSDT,0.0001
2023-11-01T08:00:00Z,LINKUSDT,0.0001
2023-11-01T16:00:00Z,LINKUSDT,0.0001
2023-11-02T00:00:00Z,LINKUSDT,0.00013711
2023-11-02T08:00:00Z,LINKUSDT,0.00022709
2023-11-02T16:00:00Z,LINKUSDT,0.0001
2023-11-03T00:00:00Z,LINKUSDT,0.0001
2023-11-03T08:00:00Z,LINKUSDT,0.0001
2023-11-03T16:00:00Z,LINKUSDT,0.0001
2023-11-04T00:00:00Z,LINKUSDT,0.00018928
2023-11-04T08:00:00Z,LINKUSDT,0.0001
2023-11-04T16:00:00Z,LINKUSDT,0.0001
2023-11-05T00:00:00Z,LINKUSDT,0.0001612
2023-11-05T08:00:00Z,LINKUSDT,0.00021407
2023-11-05T16:00:00Z,LINKUSDT,0.0001
2023-11-06T00:00:00Z,LINKUSDT,0.0001
2023-11-06T08:00:00Z,LINKUSDT,0.0001887
2023-11-06T16:00:00Z,LINKUSDT,0.00020856
2023-11-07T00:00:00Z,LINKUSDT,0.00019406
2023-11-07T08:00:00Z,LINKUSDT,0.0001
2023-11-07T16:00:00Z,LINKUSDT,0.0001
2023-11-08T00:00:00Z,LINKUSDT,0.0001
2023-11-08T08:00:00Z,LINKUSDT,0.0001
2023-11-08T16:00:00Z,LINKUSDT,0.0001
2023-11-09T00:00:00Z,LINKUSDT,0.0001
2023-11-09T08:00:00Z,LINKUSDT,0.0001
2023-11-09T16:00:00Z,LINKUSDT,0.0003084
2023-11-10T00:00:00Z,LINKUSDT,0.0001
2023-11-10T08:00:00Z,LINKUSDT,0.00018024
2023-11-10T16:00:00Z,LINKUSDT,0.00010996
2023-11-11T00:00:00Z,LINKUSDT,0.00013428
2023-11-11T08:00:00Z,LINKUSDT,0.0001
2023-11-11T16:00:00Z,LINKUSDT,0.00043242
2023-11-12T00:00:00Z,LINKUSDT,0.00043839
2023-11-12T08:00:00Z,LINKUSDT,0.00014929
2023-11-12T16:00:00Z,LINKUSDT,0.00013978
2023-11-13T00:00:00Z,LINKUSDT,0.00024439
2023-11-13T08:00:00Z,LINKUSDT,0.0001
2023-11-13T16:00:00Z,LINKUSDT,0.0001
2023-11-14T00:00:00Z,LINKUSDT,0.0001
2023-11-14T08:00:00Z,LINKUSDT,0.0002512
2023-11-14T16:00:00Z,LINKUSDT,0.0001
2023-11-15T00:00:00Z,LINKUSDT,0.0001
2023-11-15T08:00:00Z,LINKUSDT,0.0001
2023-11-15T16:00:00Z,LINKUSDT,0.0001
2023-11-16T00:00:00Z,LINKUSDT,0.0001
2023-11-16T08:00:00Z,LINKUSDT,0.00019647
2023-11-16T16:00:00Z,LINKUSDT,0.0001
2023-11-17T00:00:00Z,LINKUSDT,0.0001
2023-11-17T08:00:00Z,LINKUSDT,0.0001
2023-11-17T16:00:00Z,LINKUSDT,0.0001
2023-11-18T00:00:00Z,LINKUSDT,0.0001
2023-11-18T08:00:00Z,LINKUSDT,0.0001
2023-11-18T16:00:00Z,LINKUSDT,0.0001
2023-11-19T00:00:00Z,LINKUSDT,0.0001
2023-11-19T08:00:00Z,LINKUSDT,0.0001
2023-11-19T16:00:00Z,LINKUSDT,0.0001
2023-11-20T00:00:00Z,LINKUSDT,0.0001
2023-11-20T08:00:00Z,LINKUSDT,0.0001
2023-11-20T16:00:00Z,LINKUSDT,0.0001
2023-11-21T00:00:00Z,LINKUSDT,0.0001
2023-11-21T08:00:00Z,LINKUSDT,0.0001
2023-11-21T16:00:00Z,LINKUSDT,0.0001
2023-11-22T00:00:00Z,LINKUSDT,0.0001
2023-11-22T08:00:00Z,LINKUSDT,0.0001
2023-11-22T16:00:00Z,LINKUSDT,0.0001
2023-11-23T00:00:00Z,LINKUSDT,0.0001
2023-11-23T08:00:00Z,LINKUSDT,0.0001
2023-11-23T16:00:00Z,LINKUSDT,0.0001
2023-11-24T00:00:00Z,LINKUSDT,0.0001
2023-11-24T08:00:00Z,LINKUSDT,0.0001
2023-11-24T16:00:00Z,LINKUSDT,0.0001
2023-11-25T00:00:00Z,LINKUSDT,0.0001
2023-11-25T08:00:00Z,LINKUSDT,0.00011164
2023-11-25T16:00:00Z,LINKUSDT,0.0001
2023-11-26T00:00:00Z,LINKUSDT,0.0001
2023-11-26T08:00:00Z,LINKUSDT,0.0001
2023-11-26T16:00:00Z,LINKUSDT,0.0001
2023-11-27T00:00:00Z,LINKUSDT,0.0001
2023-11-27T08:00:00Z,LINKUSDT,0.0001
2023-11-27T16:00:00Z,LINKUSDT,0.0001
2023-11-28T00:00:00Z,LINKUSDT,0.0001
2023-11-28T08:00:00Z,LINKUSDT,0.0001
2023-11-28T16:00:00Z,LINKUSDT,0.0001
2023-11-29T00:00:00Z,LINKUSDT,0.0001
2023-11-29T08:00:00Z,LINKUSDT,0.0001
2023-11-29T16:00:00Z,LINKUSDT,0.0001
2023-11-30T00:00:00Z,LINKUSDT,0.0001
2023-11-30T08:00:00Z,LINKUSDT,0.0001
2023-11-30T16:00:00Z,LINKUSDT,0.0001
2023-12-01T00:00:00Z,LINKUSDT,0.0001
2023-12-01T08:00:00Z,LINKUSDT,0.0001
2023-12-01T16:00:00Z,LINKUSDT,0.0001
2023-12-02T00:00:00Z,LINKUSDT,0.0001
2023-12-02T08:00:00Z,LINKUSDT,0.0001
2023-12-02T16:00:00Z,LINKUSDT,0.00017391
2023-12-03T00:00:00Z,LINKUSDT,0.00020272
2023-12-03T08:00:00Z,LINKUSDT,0.0003691
2023-12-03T16:00:00Z,LINKUSDT,0.00019107
2023-12-04T00:00:00Z,LINKUSDT,0.00027007
2023-12-04T08:00:00Z,LINKUSDT,0.00040937
2023-12-04T16:00:00Z,LINKUSDT,0.0001
2023-12-05T00:00:00Z,LINKUSDT,0.00014312
2023-12-05T08:00:00Z,LINKUSDT,0.00014876
2023-12-05T16:00:00Z,LINKUSDT,0.0001
2023-12-06T00:00:00Z,LINKUSDT,0.0001
2023-12-06T08:00:00Z,LINKUSDT,0.00017361
2023-12-06T16:00:00Z,LINKUSDT,0.0001
2023-12-07T00:00:00Z,LINKUSDT,0.00010736
2023-12-07T08:00:00Z,LINKUSDT,0.00013909
2023-12-07T16:00:00Z,LINKUSDT,0.00030387
2023-12-08T00:00:00Z,LINKUSDT,0.00065988
2023-12-08T08:00:00Z,LINKUSDT,0.00057222
2023-12-08T16:00:00Z,LINKUSDT,0.00053447
2023-12-09T00:00:00Z,LINKUSDT,0.00056124
2023-12-09T08:00:00Z,LINKUSDT,0.00065474
2023-12-09T16:00:00Z,LINKUSDT,0.00063634
2023-12-10T00:00:00Z,LINKUSDT,0.00034221
2023-12-10T08:00:00Z,LINKUSDT,0.00046917
2023-12-10T16:00:00Z,LINKUSDT,0.00031241
2023-12-11T00:00:00Z,LINKUSDT,0.00039075
2023-12-11T08:00:00Z,LINKUSDT,0.0001
2023-12-11T16:00:00Z,LINKUSDT,0.0001
2023-12-12T00:00:00Z,LINKUSDT,0.0001
2023-12-12T08:00:00Z,LINKUSDT,0.00025367
2023-12-12T16:00:00Z,LINKUSDT,0.0001
2023-12-13T00:00:00Z,LINKUSDT,0.0001554
2023-12-13T08:00:00Z,LINKUSDT,0.0001
2023-12-13T16:00:00Z,LINKUSDT,0.00021938
2023-12-14T00:00:00Z,LINKUSDT,0.0001
2023-12-14T08:00:00Z,LINKUSDT,0.00012804
2023-12-14T16:00:00Z,LINKUSDT,0.0001
2023-12-15T00:00:00Z,LINKUSDT,0.00016717
2023-12-15T08:00:00Z,LINKUSDT,0.00032619
2023-12-15T16:00:00Z,LINKUSDT,0.00041233
2023-12-16T00:00:00Z,LINKUSDT,0.00020856
2023-12-16T08:00:00Z,LINKUSDT,0.00011607
2023-12-16T16:00:00Z,LINKUSDT,0.0001
2023-12-17T00:00:00Z,LINKUSDT,0.0001
2023-12-17T08:00:00Z,LINKUSDT,0.00010033
2023-12-17T16:00:00Z,LINKUSDT,0.00017595
2023-12-18T00:00:00Z,LINKUSDT,0.00016624
2023-12-18T08:00:00Z,LINKUSDT,0.0001
2023-12-18T16:00:00Z,LINKUSDT,0.0001
2023-12-19T00:00:00Z,LINKUSDT,0.0001
2023-12-19T08:00:00Z,LINKUSDT,0.0001
2023-12-19T16:00:00Z,LINKUSDT,0.0001
2023-12-20T00:00:00Z,LINKUSDT,0.0001
2023-12-20T08:00:00Z,LINKUSDT,0.0001
2023-12-20T16:00:00Z,LINKUSDT,0.00015722
2023-12-21T00:00:00Z,LINKUSDT,0.00025314
2023-12-21T08:00:00Z,LINKUSDT,0.00019247
2023-12-21T16:00:00Z,LINKUSDT,0.00033053
2023-12-22T00:00:00Z,LINKUSDT,0.00048553
2023-12-22T08:00:00Z,LINKUSDT,0.00043187
2023-12-22T16:00:00Z,LINKUSDT,0.00033957
2023-12-23T00:00:00Z,LINKUSDT,0.00035846
2023-12-23T08:00:00Z,LINKUSDT,0.0001
2023-12-23T16:00:00Z,LINKUSDT,0.00036247
2023-12-24T00:00:00Z,LINKUSDT,0.00021708
2023-12-24T08:00:00Z,LINKUSDT,0.00024202
2023-12-24T16:00:00Z,LINKUSDT,0.00041282
2023-12-25T00:00:00Z,LINKUSDT,0.00027811
2023-12-25T08:00:00Z,LINKUSDT,0.00035863
2023-12-25T16:00:00Z,LINKUSDT,0.00038244
2023-12-26T00:00:00Z,LINKUSDT,0.00052315
2023-12-26T08:00:00Z,LINKUSDT,0.00045093
2023-12-26T16:00:00Z,LINKUSDT,0.00048938
2023-12-27T00:00:00Z,LINKUSDT,0.00019787
2023-12-27T08:00:00Z,LINKUSDT,0.00017033
2023-12-27T16:00:00Z,LINKUSDT,0.00044891
2023-12-28T00:00:00Z,LINKUSDT,0.00065206
2023-12-28T08:00:00Z,LINKUSDT,0.00063332
2023-12-28T16:00:00Z,LINKUSDT,0.00034597
2023-12-29T00:00:00Z,LINKUSDT,0.00049331
2023-12-29T08:00:00Z,LINKUSDT,0.00041708
2023-12-29T16:00:00Z,LINKUSDT,0.00050352
2023-12-30T00:00:00Z,LINKUSDT,0.0001535
2023-12-30T08:00:00Z,LINKUSDT,0.00022108
2023-12-30T16:00:00Z,LINKUSDT,0.00019616
2023-12-31T00:00:00Z,LINKUSDT,0.00022002
2023-12-31T08:00:00Z,LINKUSDT,0.00014213
2023-12-31T16:00:00Z,LINKUSDT,0.00031537
2024-01-01T00:00:00Z,LINKUSDT,0.0002375
2024-01-01T08:00:00Z,LINKUSDT,0.00021874
2024-01-01T16:00:00Z,LINKUSDT,0.00032637
2024-01-02T00:00:00Z,LINKUSDT,0.0003534
2024-01-02T08:00:00Z,LINKUSDT,0.00026171
2024-01-02T16:00:00Z,LINKUSDT,0.00069661
2024-01-03T00:00:00Z,LINKUSDT,0.00050506
2024-01-03T08:00:00Z,LINKUSDT,0.00044282
2024-01-03T16:00:00Z,LINKUSDT,0.0001
2024-01-04T00:00:00Z,LINKUSDT,0.0001
2024-01-04T08:00:00Z,LINKUSDT,0.0001
2024-01-04T16:00:00Z,LINKUSDT,0.0001
2024-01-05T00:00:00Z,LINKUSDT,0.0001
2024-01-05T08:00:00Z,LINKUSDT,0.0001
2024-01-05T16:00:00Z,LINKUSDT,0.0001
2024-01-06T00:00:00Z,LINKUSDT,0.0001
2024-01-06T08:00:00Z,LINKUSDT,0.0001
2024-01-06T16:00:00Z,LINKUSDT,0.0001
2024-01-07T00:00:00Z,LINKUSDT,0.0001
2024-01-07T08:00:00Z,LINKUSDT,0.0001
2024-01-07T16:00:00Z,LINKUSDT,0.0001
2024-01-08T00:00:00Z,LINKUSDT,0.0001
2024-01-08T08:00:00Z,LINKUSDT,0.0001
2024-01-08T16:00:00Z,LINKUSDT,0.0001
2024-01-09T00:00:00Z,LINKUSDT,0.0001
2024-01-09T08:00:00Z,LINKUSDT,0.0001
2024-01-09T16:00:00Z,LINKUSDT,0.0001
2024-01-10T00:00:00Z,LINKUSDT,0.0001
2024-01-10T08:00:00Z,LINKUSDT,0.0001
2024-01-10T16:00:00Z,LINKUSDT,0.0001
2024-01-11T00:00:00Z,LINKUSDT,0.0001
2024-01-11T08:00:00Z,LINKUSDT,0.0001
2024-01-11T16:00:00Z,LINKUSDT,0.0001
2024-01-12T00:00:00Z,LINKUSDT,0.0001
2024-01-12T08:00:00Z,LINKUSDT,0.0001
2024-01-12T16:00:00Z,LINKUSDT,0.0001
2024-01-13T00:00:00Z,LINKUSDT,0.0001
2024-01-13T08:00:00Z,LINKUSDT,0.0001
2024-01-13T16:00:00Z,LINKUSDT,0.0001
2024-01-14T00:00:00Z,LINKUSDT,0.0001
2024-01-14T08:00:00Z,LINKUSDT,0.0001
2024-01-14T16:00:00Z,LINKUSDT,0.0001
2024-01-15T00:00:00Z,LINKUSDT,0.0001
2024-01-15T08:00:00Z,LINKUSDT,0.0001
2024-01-15T16:00:00Z,LINKUSDT,0.0001
2024-01-16T00:00:00Z,LINKUSDT,0.0001
2024-01-16T08:00:00Z,LINKUSDT,0.0001
2024-01-16T16:00:00Z,LINKUSDT,0.0001
2024-01-17T00:00:00Z,LINKUSDT,0.0001
2024-01-17T08:00:00Z,LINKUSDT,0.0001
2024-01-17T16:00:00Z,LINKUSDT,0.0001
2024-01-18T00:00:00Z,LINKUSDT,0.0001
2024-01-18T08:00:00Z,LINKUSDT,0.0001
2024-01-18T16:00:00Z,LINKUSDT,0.0001
2024-01-19T00:00:00Z,LINKUSDT,0.0001
2024-01-19T08:00:00Z,LINKUSDT,0.0001
2024-01-19T16:00:00Z,LINKUSDT,0.0001
2024-01-20T00:00:00Z,LINKUSDT,0.0001
2024-01-20T08:00:00Z,LINKUSDT,0.0001
2024-01-20T16:00:00Z,LINKUSDT,0.0001
2024-01-21T00:00:00Z,LINKUSDT,0.0001
2024-01-21T08:00:00Z,LINKUSDT,0.0001
2024-01-21T16:00:00Z,LINKUSDT,0.0001
2024-01-22T00:00:00Z,LINKUSDT,0.0001
2024-01-22T08:00:00Z,LINKUSDT,0.0001
2024-01-22T16:00:00Z,LINKUSDT,0.0001
2024-01-23T00:00:00Z,LINKUSDT,0.0001
2024-01-23T08:00:00Z,LINKUSDT,0.0001
2024-01-23T16:00:00Z,LINKUSDT,0.0001
2024-01-24T00:00:00Z,LINKUSDT,0.0001
2024-01-24T08:00:00Z,LINKUSDT,0.0001
2024-01-24T16:00:00Z,LINKUSDT,0.0001
2024-01-25T00:00:00Z,LINKUSDT,0.0001
2024-01-25T08:00:00Z,LINKUSDT,0.0001
2024-01-25T16:00:00Z,LINKUSDT,0.0001
2024-01-26T00:00:00Z,LINKUSDT,0.0001
2024-01-26T08:00:00Z,LINKUSDT,0.0001
2024-01-26T16:00:00Z,LINKUSDT,0.0001
2024-01-27T00:00:00Z,LINKUSDT,0.0001
2024-01-27T08:00:00Z,LINKUSDT,0.0001
2024-01-27T16:00:00Z,LINKUSDT,0.0001
2024-01-28T00:00:00Z,LINKUSDT,0.0001
2024-01-28T08:00:00Z,LINKUSDT,0.0001
2024-01-28T16:00:00Z,LINKUSDT,0.0001
2024-01-29T00:00:00Z,LINKUSDT,0.0001
2024-01-29T08:00:00Z,LINKUSDT,0.0001
2024-01-29T16:00:00Z,LINKUSDT,0.0001
2024-01-30T00:00:00Z,LINKUSDT,0.0001
2024-01-30T08:00:00Z,LINKUSDT,0.0001
2024-01-30T16:00:00Z,LINKUSDT,0.0001
2024-01-31T00:00:00Z,LINKUSDT,0.0001
2024-01-31T08:00:00Z,LINKUSDT,0.0001
2024-01-31T16:00:00Z,LINKUSDT,0.0001
2024-02-01T00:00:00Z,LINKUSDT,0.0001
2024-02-01T08:00:00Z,LINKUSDT,0.0001
2024-02-01T16:00:00Z,LINKUSDT,0.0001
2024-02-02T00:00:00Z,LINKUSDT,0.0001
2024-02-02T08:00:00Z,LINKUSDT,0.0001
2024-02-02T16:00:00Z,LINKUSDT,0.0001
2024-02-03T00:00:00Z,LINKUSDT,0.0001
2024-02-03T08:00:00Z,LINKUSDT,0.0001
2024-02-03T16:00:00Z,LINKUSDT,0.0001
2024-02-04T00:00:00Z,LINKUSDT,0.0001
2024-02-04T08:00:00Z,LINKUSDT,0.0001
2024-02-04T16:00:00Z,LINKUSDT,0.0001
2024-02-05T00:00:00Z,LINKUSDT,0.0001
2024-02-05T08:00:00Z,LINKUSDT,0.0001
2024-02-05T16:00:00Z,LINKUSDT,0.0001
2024-02-06T00:00:00Z,LINKUSDT,0.0001
2024-02-06T08:00:00Z,LINKUSDT,0.0001
2024-02-06T16:00:00Z,LINKUSDT,0.0001
2024-02-07T00:00:00Z,LINKUSDT,0.0001
2024-02-07T08:00:00Z,LINKUSDT,0.0001
2024-02-07T16:00:00Z,LINKUSDT,0.0001
2024-02-08T00:00:00Z,LINKUSDT,0.0001
2024-02-08T08:00:00Z,LINKUSDT,0.0001
2024-02-08T16:00:00Z,LINKUSDT,0.0001
2024-02-09T00:00:00Z,LINKUSDT,0.0001
2024-02-09T08:00:00Z,LINKUSDT,0.0001
2024-02-09T16:00:00Z,LINKUSDT,0.0001
2024-02-10T00:00:00Z,LINKUSDT,0.0001
2024-02-10T08:00:00Z,LINKUSDT,0.0001
2024-02-10T16:00:00Z,LINKUSDT,0.0001
2024-02-11T00:00:00Z,LINKUSDT,0.0001
2024-02-11T08:00:00Z,LINKUSDT,0.0001
2024-02-11T16:00:00Z,LINKUSDT,0.0001
2024-02-12T00:00:00Z,LINKUSDT,0.0001
2024-02-12T08:00:00Z,LINKUSDT,0.0001
2024-02-12T16:00:00Z,LINKUSDT,0.0001
2024-02-13T00:00:00Z,LINKUSDT,0.0001
2024-02-13T08:00:00Z,LINKUSDT,0.0001
2024-02-13T16:00:00Z,LINKUSDT,0.0001
2024-02-14T00:00:00Z,LINKUSDT,0.0001
2024-02-14T08:00:00Z,LINKUSDT,0.0001
2024-02-14T16:00:00Z,LINKUSDT,0.00014832
2024-02-15T00:00:00Z,LINKUSDT,0.0002733
2024-02-15T08:00:00Z,LINKUSDT,0.00016263
2024-02-15T16:00:00Z,LINKUSDT,0.00024252
2024-02-16T00:00:00Z,LINKUSDT,0.00021581
2024-02-16T08:00:00Z,LINKUSDT,0.00036637
2024-02-16T16:00:00Z,LINKUSDT,0.0001
2024-02-17T00:00:00Z,LINKUSDT,0.00011005
2024-02-17T08:00:00Z,LINKUSDT,0.00020182
2024-02-17T16:00:00Z,LINKUSDT,0.00013042
2024-02-18T00:00:00Z,LINKUSDT,0.00020182
2024-02-18T08:00:00Z,LINKUSDT,0.00014835
2024-02-18T16:00:00Z,LINKUSDT,0.00015993
2024-02-19T00:00:00Z,LINKUSDT,0.00016742
2024-02-19T08:00:00Z,LINKUSDT,0.00013053
2024-02-19T16:00:00Z,LINKUSDT,0.00017702
2024-02-20T00:00:00Z,LINKUSDT,0.00041245
2024-02-20T08:00:00Z,LINKUSDT,0.00016098
2024-02-20T16:00:00Z,LINKUSDT,0.00024046
2024-02-21T00:00:00Z,LINKUSDT,0.0001
2024-02-21T08:00:00Z,LINKUSDT,0.00010432
2024-02-21T16:00:00Z,LINKUSDT,0.0001
2024-02-22T00:00:00Z,LINKUSDT,0.0001
2024-02-22T08:00:00Z,LINKUSDT,0.00014157
2024-02-22T16:00:00Z,LINKUSDT,0.0001676
2024-02-23T00:00:00Z,LINKUSDT,0.00027168
2024-02-23T08:00:00Z,LINKUSDT,0.00019981
2024-02-23T16:00:00Z,LINKUSDT,0.0001
2024-02-24T00:00:00Z,LINKUSDT,0.00013356
2024-02-24T08:00:00Z,LINKUSDT,0.00011459
2024-02-24T16:00:00Z,LINKUSDT,0.0001
2024-02-25T00:00:00Z,LINKUSDT,0.0001
2024-02-25T08:00:00Z,LINKUSDT,0.0001
2024-02-25T16:00:00Z,LINKUSDT,0.00010693
2024-02-26T00:00:00Z,LINKUSDT,0.00026732
2024-02-26T08:00:00Z,LINKUSDT,0.00040534
2024-02-26T16:00:00Z,LINKUSDT,0.00032413
2024-02-27T00:00:00Z,LINKUSDT,0.00036017
2024-02-27T08:00:00Z,LINKUSDT,0.00046858
2024-02-27T16:00:00Z,LINKUSDT,0.00039665
2024-02-28T00:00:00Z,LINKUSDT,0.00038714
2024-02-28T08:00:00Z,LINKUSDT,0.00044818
2024-02-28T16:00:00Z,LINKUSDT,0.00038504
2024-02-29T00:00:00Z,LINKUSDT,0.00027443
2024-02-29T08:00:00Z,LINKUSDT,0.00073275
2024-02-29T16:00:00Z,LINKUSDT,0.00083
2024-03-01T00:00:00Z,LINKUSDT,0.00053078
2024-03-01T08:00:00Z,LINKUSDT,0.00051284
2024-03-01T16:00:00Z,LINKUSDT,0.00054511
2024-03-02T00:00:00Z,LINKUSDT,0.00061706
2024-03-02T08:00:00Z,LINKUSDT,0.000721
2024-03-02T16:00:00Z,LINKUSDT,0.00055542
2024-03-03T00:00:00Z,LINKUSDT,0.00048815
2024-03-03T08:00:00Z,LINKUSDT,0.00062313
2024-03-03T16:00:00Z,LINKUSDT,0.00023657
2024-03-04T00:00:00Z,LINKUSDT,0.00029626
2024-03-04T08:00:00Z,LINKUSDT,0.00061464
2024-03-04T16:00:00Z,LINKUSDT,0.00065029
2024-03-05T00:00:00Z,LINKUSDT,0.00053533
2024-03-05T08:00:00Z,LINKUSDT,0.00099408
2024-03-05T16:00:00Z,LINKUSDT,0.00097211
2024-03-06T00:00:00Z,LINKUSDT,0.0001
2024-03-06T08:00:00Z,LINKUSDT,0.0001
2024-03-06T16:00:00Z,LINKUSDT,0.0001
2024-03-07T00:00:00Z,LINKUSDT,0.00022511
2024-03-07T08:00:00Z,LINKUSDT,0.00019215
2024-03-07T16:00:00Z,LINKUSDT,0.00041919
2024-03-08T00:00:00Z,LINKUSDT,0.00051521
2024-03-08T08:00:00Z,LINKUSDT,0.00043436
2024-03-08T16:00:00Z,LINKUSDT,0.00060835
2024-03-09T00:00:00Z,LINKUSDT,0.00056685
2024-03-09T08:00:00Z,LINKUSDT,0.00049432
2024-03-09T16:00:00Z,LINKUSDT,0.00066964
2024-03-10T00:00:00Z,LINKUSDT,0.00082043
2024-03-10T08:00:00Z,LINKUSDT,0.00074093
2024-03-10T16:00:00Z,LINKUSDT,0.00041855
2024-03-11T00:00:00Z,LINKUSDT,0.00038136
2024-03-11T08:00:00Z,LINKUSDT,0.00027387
2024-03-11T16:00:00Z,LINKUSDT,0.00037178
2024-03-12T00:00:00Z,LINKUSDT,0.00061733
2024-03-12T08:00:00Z,LINKUSDT,0.00055314
2024-03-12T16:00:00Z,LINKUSDT,0.00064972
2024-03-13T00:00:00Z,LINKUSDT,0.00060332
2024-03-13T08:00:00Z,LINKUSDT,0.00076129
2024-03-13T16:00:00Z,LINKUSDT,0.00075575
2024-03-14T00:00:00Z,LINKUSDT,0.0006055
2024-03-14T08:00:00Z,LINKUSDT,0.00085952
2024-03-14T16:00:00Z,LINKUSDT,0.0005867
2024-03-15T00:00:00Z,LINKUSDT,0.00056489
2024-03-15T08:00:00Z,LINKUSDT,0.00029737
2024-03-15T16:00:00Z,LINKUSDT,0.00018132
2024-03-16T00:00:00Z,LINKUSDT,0.00013547
2024-03-16T08:00:00Z,LINKUSDT,0.00026557
2024-03-16T16:00:00Z,LINKUSDT,0.0001
2024-03-17T00:00:00Z,LINKUSDT,0.0001
2024-03-17T08:00:00Z,LINKUSDT,0.0001
2024-03-17T16:00:00Z,LINKUSDT,0.00021686
2024-03-18T00:00:00Z,LINKUSDT,0.00014641
2024-03-18T08:00:00Z,LINKUSDT,0.00013625
2024-03-18T16:00:00Z,LINKUSDT,0.00016544
2024-03-19T00:00:00Z,LINKUSDT,0.0001
2024-03-19T08:00:00Z,LINKUSDT,0.0001
2024-03-19T16:00:00Z,LINKUSDT,0.0001
2024-03-20T00:00:00Z,LINKUSDT,0.0001
2024-03-20T08:00:00Z,LINKUSDT,0.0001
2024-03-20T16:00:00Z,LINKUSDT,0.0001
2024-03-21T00:00:00Z,LINKUSDT,0.0001
2024-03-21T08:00:00Z,LINKUSDT,0.0001
2024-03-21T16:00:00Z,LINKUSDT,0.0001
2024-03-22T00:00:00Z,LINKUSDT,0.0001
2024-03-22T08:00:00Z,LINKUSDT,0.0001
2024-03-22T16:00:00Z,LINKUSDT,0.0001
2024-03-23T00:00:00Z,LINKUSDT,0.0001
2024-03-23T08:00:00Z,LINKUSDT,0.0001
2024-03-23T16:00:00Z,LINKUSDT,0.0001
2024-03-24T00:00:00Z,LINKUSDT,0.0001
2024-03-24T08:00:00Z,LINKUSDT,0.0001
2024-03-24T16:00:00Z,LINKUSDT,0.0001218
2024-03-25T00:00:00Z,LINKUSDT,0.0001
2024-03-25T08:00:00Z,LINKUSDT,0.00011074
2024-03-25T16:00:00Z,LINKUSDT,0.00019287
2024-03-26T00:00:00Z,LINKUSDT,0.00020346
2024-03-26T08:00:00Z,LINKUSDT,0.00022396
2024-03-26T16:00:00Z,LINKUSDT,0.00033008
2024-03-27T00:00:00Z,LINKUSDT,0.00020104
2024-03-27T08:00:00Z,LINKUSDT,0.00030404
2024-03-27T16:00:00Z,LINKUSDT,0.00029251
2024-03-28T00:00:00Z,LINKUSDT,0.00036517
2024-03-28T08:00:00Z,LINKUSDT,0.00041974
2024-03-28T16:00:00Z,LINKUSDT,0.00045452
2024-03-29T00:00:00Z,LINKUSDT,0.00054257
2024-03-29T08:00:00Z,LINKUSDT,0.00035726
2024-03-29T16:00:00Z,LINKUSDT,0.00036445
2024-03-30T00:00:00Z,LINKUSDT,0.00043032
2024-03-30T08:00:00Z,LINKUSDT,0.00056457
2024-03-30T16:00:00Z,LINKUSDT,0.0005913
2024-03-31T00:00:00Z,LINKUSDT,0.00042566
2024-03-31T08:00:00Z,LINKUSDT,0.00048316
2024-03-31T16:00:00Z,LINKUSDT,0.00067133
2024-04-01T00:00:00Z,LINKUSDT,0.00061242
2024-04-01T08:00:00Z,LINKUSDT,0.00040467
2024-04-01T16:00:00Z,LINKUSDT,0.00010993
2024-04-02T00:00:00Z,LINKUSDT,0.00023653
2024-04-02T08:00:00Z,LINKUSDT,0.0001
2024-04-02T16:00:00Z,LINKUSDT,0.0001
2024-04-03T00:00:00Z,LINKUSDT,0.0001
2024-04-03T08:00:00Z,LINKUSDT,0.0001
2024-04-03T16:00:00Z,LINKUSDT,0.0001
2024-04-04T00:00:00Z,LINKUSDT,0.0001
2024-04-04T08:00:00Z,LINKUSDT,0.0001
2024-04-04T16:00:00Z,LINKUSDT,0.0001
2024-04-05T00:00:00Z,LINKUSDT,0.0001
2024-04-05T08:00:00Z,LINKUSDT,0.0001
2024-04-05T16:00:00Z,LINKUSDT,0.0001087
2024-04-06T00:00:00Z,LINKUSDT,0.000268
2024-04-06T08:00:00Z,LINKUSDT,0.00025478
2024-04-06T16:00:00Z,LINKUSDT,0.00016764
2024-04-07T00:00:00Z,LINKUSDT,0.00022401
2024-04-07T08:00:00Z,LINKUSDT,0.0001704
2024-04-07T16:00:00Z,LINKUSDT,0.00016926
2024-04-08T00:00:00Z,LINKUSDT,0.00018011
2024-04-08T08:00:00Z,LINKUSDT,0.00019965
2024-04-08T16:00:00Z,LINKUSDT,0.00019053
2024-04-09T00:00:00Z,LINKUSDT,0.00026644
2024-04-09T08:00:00Z,LINKUSDT,0.00027711
2024-04-09T16:00:00Z,LINKUSDT,0.00015974
2024-04-10T00:00:00Z,LINKUSDT,0.0001
2024-04-10T08:00:00Z,LINKUSDT,0.00011432
2024-04-10T16:00:00Z,LINKUSDT,0.00010327
2024-04-11T00:00:00Z,LINKUSDT,0.0001
2024-04-11T08:00:00Z,LINKUSDT,0.00015434
2024-04-11T16:00:00Z,LINKUSDT,0.00011397
2024-04-12T00:00:00Z,LINKUSDT,0.0001
2024-04-12T08:00:00Z,LINKUSDT,0.0001
2024-04-12T16:00:00Z,LINKUSDT,0.0001
2024-04-13T00:00:00Z,LINKUSDT,0.0001
2024-04-13T08:00:00Z,LINKUSDT,0.0001
2024-04-13T16:00:00Z,LINKUSDT,0.0001
2024-04-14T00:00:00Z,LINKUSDT,-0.00015005
2024-04-14T08:00:00Z,LINKUSDT,0.0001
2024-04-14T16:00:00Z,LINKUSDT,0.0001
2024-04-15T00:00:00Z,LINKUSDT,0.0001
2024-04-15T08:00:00Z,LINKUSDT,0.0001
2024-04-15T16:00:00Z,LINKUSDT,0.00009864
2024-04-16T00:00:00Z,LINKUSDT,0.0001
2024-04-16T08:00:00Z,LINKUSDT,0.0001
2024-04-16T16:00:00Z,LINKUSDT,0.0001
2024-04-17T00:00:00Z,LINKUSDT,0.00003187
2024-04-17T08:00:00Z,LINKUSDT,0.0000919
2024-04-17T16:00:00Z,LINKUSDT,0.00009269
2024-04-18T00:00:00Z,LINKUSDT,0.00002069
2024-04-18T08:00:00Z,LINKUSDT,0.00007971
2024-04-18T16:00:00Z,LINKUSDT,-0.00007603
2024-04-19T00:00:00Z,LINKUSDT,0.00003619
2024-04-19T08:00:00Z,LINKUSDT,0.0001
2024-04-19T16:00:00Z,LINKUSDT,0.00007559
2024-04-20T00:00:00Z,LINKUSDT,-0.00000059
2024-04-20T08:00:00Z,LINKUSDT,0.0001
2024-04-20T16:00:00Z,LINKUSDT,-0.0000237
2024-04-21T00:00:00Z,LINKUSDT,0.0001
2024-04-21T08:00:00Z,LINKUSDT,0.00006148
2024-04-21T16:00:00Z,LINKUSDT,-0.00002333
2024-04-22T00:00:00Z,LINKUSDT,0.00005618
2024-04-22T08:00:00Z,LINKUSDT,0.0001
2024-04-22T16:00:00Z,LINKUSDT,0.0001
2024-04-23T00:00:00Z,LINKUSDT,-0.0000265
2024-04-23T08:00:00Z,LINKUSDT,0.0001
2024-04-23T16:00:00Z,LINKUSDT,0.0001
2024-04-24T00:00:00Z,LINKUSDT,0.0001
2024-04-24T08:00:00Z,LINKUSDT,0.0001
2024-04-24T16:00:00Z,LINKUSDT,0.0001
2024-04-25T00:00:00Z,LINKUSDT,0.0001
2024-04-25T08:00:00Z,LINKUSDT,-0.00000648
2024-04-25T16:00:00Z,LINKUSDT,0.0001
2024-04-26T00:00:00Z,LINKUSDT,0.00007726
2024-04-26T08:00:00Z,LINKUSDT,0.0001
2024-04-26T16:00:00Z,LINKUSDT,0.0001
2024-04-27T00:00:00Z,LINKUSDT,0.00006852
2024-04-27T08:00:00Z,LINKUSDT,0.0001
2024-04-27T16:00:00Z,LINKUSDT,0.00004396
2024-04-28T00:00:00Z,LINKUSDT,0.00007508
2024-04-28T08:00:00Z,LINKUSDT,0.00006616
2024-04-28T16:00:00Z,LINKUSDT,0.0001
2024-04-29T00:00:00Z,LINKUSDT,0.0001
2024-04-29T08:00:00Z,LINKUSDT,0.00008254
2024-04-29T16:00:00Z,LINKUSDT,0.0001
2024-04-30T00:00:00Z,LINKUSDT,0.00004441
2024-04-30T08:00:00Z,LINKUSDT,0.0000136
2024-04-30T16:00:00Z,LINKUSDT,0.00008237
2024-05-01T00:00:00Z,LINKUSDT,0.0001
2024-05-01T08:00:00Z,LINKUSDT,0.0000737
2024-05-01T16:00:00Z,LINKUSDT,0.00002266
2024-05-02T00:00:00Z,LINKUSDT,-0.00000266
2024-05-02T08:00:00Z,LINKUSDT,0.0000645
2024-05-02T16:00:00Z,LINKUSDT,0.0001
2024-05-03T00:00:00Z,LINKUSDT,0.0001
2024-05-03T08:00:00Z,LINKUSDT,0.00008644
2024-05-03T16:00:00Z,LINKUSDT,0.00009054
2024-05-04T00:00:00Z,LINKUSDT,0.00004361
2024-05-04T08:00:00Z,LINKUSDT,-0.00006544
2024-05-04T16:00:00Z,LINKUSDT,0.0001
2024-05-05T00:00:00Z,LINKUSDT,0.00005548
2024-05-05T08:00:00Z,LINKUSDT,0.00006254
2024-05-05T16:00:00Z,LINKUSDT,0.0001
2024-05-06T00:00:00Z,LINKUSDT,0.0001
2024-05-06T08:00:00Z,LINKUSDT,0.0001
2024-05-06T16:00:00Z,LINKUSDT,0.0001
2024-05-07T00:00:00Z,LINKUSDT,0.00004034
2024-05-07T08:00:00Z,LINKUSDT,0.0001
2024-05-07T16:00:00Z,LINKUSDT,0.0001
2024-05-08T00:00:00Z,LINKUSDT,0.0001
2024-05-08T08:00:00Z,LINKUSDT,0.0001
2024-05-08T16:00:00Z,LINKUSDT,0.00007262
2024-05-09T00:00:00Z,LINKUSDT,0.0000453
2024-05-09T08:00:00Z,LINKUSDT,0.0001
2024-05-09T16:00:00Z,LINKUSDT,0.00007281
2024-05-10T00:00:00Z,LINKUSDT,-0.00005948
2024-05-10T08:00:00Z,LINKUSDT,0.0000753
2024-05-10T16:00:00Z,LINKUSDT,0.00008545
2024-05-11T00:00:00Z,LINKUSDT,-0.00004419
2024-05-11T08:00:00Z,LINKUSDT,-0.00005876
2024-05-11T16:00:00Z,LINKUSDT,0.0001
2024-05-12T00:00:00Z,LINKUSDT,0.0001
2024-05-12T08:00:00Z,LINKUSDT,0.00002077
2024-05-12T16:00:00Z,LINKUSDT,0.00008211
2024-05-13T00:00:00Z,LINKUSDT,0.00001428
2024-05-13T08:00:00Z,LINKUSDT,0.0001
2024-05-13T16:00:00Z,LINKUSDT,0.0001
2024-05-14T00:00:00Z,LINKUSDT,0.0001
2024-05-14T08:00:00Z,LINKUSDT,0.00006134
2024-05-14T16:00:00Z,LINKUSDT,0.0001
2024-05-15T00:00:00Z,LINKUSDT,-0.00006286
2024-05-15T08:00:00Z,LINKUSDT,0.00008545
2024-05-15T16:00:00Z,LINKUSDT,0.00007685
2024-05-16T00:00:00Z,LINKUSDT,0.0001
2024-05-16T08:00:00Z,LINKUSDT,0.0001
2024-05-16T16:00:00Z,LINKUSDT,0.00009812
2024-05-17T00:00:00Z,LINKUSDT,0.00000527
2024-05-17T08:00:00Z,LINKUSDT,0.0001
2024-05-17T16:00:00Z,LINKUSDT,0.0001
2024-05-18T00:00:00Z,LINKUSDT,0.00003036
2024-05-18T08:00:00Z,LINKUSDT,0.0001
2024-05-18T16:00:00Z,LINKUSDT,0.0001
2024-05-19T00:00:00Z,LINKUSDT,0.0001
2024-05-19T08:00:00Z,LINKUSDT,0.0001
2024-05-19T16:00:00Z,LINKUSDT,0.00005806
2024-05-20T00:00:00Z,LINKUSDT,0.00001328
2024-05-20T08:00:00Z,LINKUSDT,0.00008877
2024-05-20T16:00:00Z,LINKUSDT,0.00009961
2024-05-21T00:00:00Z,LINKUSDT,0.0001
2024-05-21T08:00:00Z,LINKUSDT,0.0001
2024-05-21T16:00:00Z,LINKUSDT,0.0001
2024-05-22T00:00:00Z,LINKUSDT,0.0001
2024-05-22T08:00:00Z,LINKUSDT,0.0001
2024-05-22T16:00:00Z,LINKUSDT,0.0001
2024-05-23T00:00:00Z,LINKUSDT,0.0001
2024-05-23T08:00:00Z,LINKUSDT,0.0001558
2024-05-23T16:00:00Z,LINKUSDT,0.0001
2024-05-24T00:00:00Z,LINKUSDT,0.0001
2024-05-24T08:00:00Z,LINKUSDT,0.0001
2024-05-24T16:00:00Z,LINKUSDT,0.0001
2024-05-25T00:00:00Z,LINKUSDT,0.0001
2024-05-25T08:00:00Z,LINKUSDT,0.0001
2024-05-25T16:00:00Z,LINKUSDT,0.0001
2024-05-26T00:00:00Z,LINKUSDT,0.0001
2024-05-26T08:00:00Z,LINKUSDT,0.0001
2024-05-26T16:00:00Z,LINKUSDT,0.0001
2024-05-27T00:00:00Z,LINKUSDT,0.0001
2024-05-27T08:00:00Z,LINKUSDT,0.0001
2024-05-27T16:00:00Z,LINKUSDT,0.0001
2024-05-28T00:00:00Z,LINKUSDT,0.00015825
2024-05-28T08:00:00Z,LINKUSDT,0.0001
2024-05-28T16:00:00Z,LINKUSDT,0.0001
2024-05-29T00:00:00Z,LINKUSDT,0.0001679
2024-05-29T08:00:00Z,LINKUSDT,0.0001
2024-05-29T16:00:00Z,LINKUSDT,0.0001
2024-05-30T00:00:00Z,LINKUSDT,0.0001
2024-05-30T08:00:00Z,LINKUSDT,0.0001
2024-05-30T16:00:00Z,LINKUSDT,0.0001
2024-05-31T00:00:00Z,LINKUSDT,0.0001
2024-05-31T08:00:00Z,LINKUSDT,0.0001
2024-05-31T16:00:00Z,LINKUSDT,0.0001
2024-06-01T00:00:00Z,LINKUSDT,0.0001
2024-06-01T08:00:00Z,LINKUSDT,0.0001
2024-06-01T16:00:00Z,LINKUSDT,0.0001
2024-06-02T00:00:00Z,LINKUSDT,0.0001
2024-06-02T08:00:00Z,LINKUSDT,0.0001
2024-06-02T16:00:00Z,LINKUSDT,0.0001
2024-06-03T00:00:00Z,LINKUSDT,0.0001
2024-06-03T08:00:00Z,LINKUSDT,0.0001
2024-06-03T16:00:00Z,LINKUSDT,0.0001
2024-06-04T00:00:00Z,LINKUSDT,0.0001
2024-06-04T08:00:00Z,LINKUSDT,0.00013373
2024-06-04T16:00:00Z,LINKUSDT,0.00017122
2024-06-05T00:00:00Z,LINKUSDT,0.00015935
2024-06-05T08:00:00Z,LINKUSDT,0.00017341
2024-06-05T16:00:00Z,LINKUSDT,0.00017339
2024-06-06T00:00:00Z,LINKUSDT,0.00025793
2024-06-06T08:00:00Z,LINKUSDT,0.00016839
2024-06-06T16:00:00Z,LINKUSDT,0.00018047
2024-06-07T00:00:00Z,LINKUSDT,0.00020252
2024-06-07T08:00:00Z,LINKUSDT,0.00017589
2024-06-07T16:00:00Z,LINKUSDT,0.00019317
2024-06-08T00:00:00Z,LINKUSDT,0.0001
2024-06-08T08:00:00Z,LINKUSDT,0.0001
2024-06-08T16:00:00Z,LINKUSDT,0.0001
2024-06-09T00:00:00Z,LINKUSDT,0.0001
2024-06-09T08:00:00Z,LINKUSDT,0.0001
2024-06-09T16:00:00Z,LINKUSDT,0.0001
2024-06-10T00:00:00Z,LINKUSDT,0.0001
2024-06-10T08:00:00Z,LINKUSDT,0.0001
2024-06-10T16:00:00Z,LINKUSDT,0.0001
2024-06-11T00:00:00Z,LINKUSDT,0.0001
2024-06-11T08:00:00Z,LINKUSDT,0.0001
2024-06-11T16:00:00Z,LINKUSDT,0.0001
2024-06-12T00:00:00Z,LINKUSDT,0.0001
2024-06-12T08:00:00Z,LINKUSDT,0.0001
2024-06-12T16:00:00Z,LINKUSDT,0.00002564
2024-06-13T00:00:00Z,LINKUSDT,0.0001
2024-06-13T08:00:00Z,LINKUSDT,0.0001
2024-06-13T16:00:00Z,LINKUSDT,0.00007647
2024-06-14T00:00:00Z,LINKUSDT,0.0001
2024-06-14T08:00:00Z,LINKUSDT,0.0001
2024-06-14T16:00:00Z,LINKUSDT,-0.00002405
2024-06-15T00:00:00Z,LINKUSDT,-0.00009525
2024-06-15T08:00:00Z,LINKUSDT,0.0001
2024-06-15T16:00:00Z,LINKUSDT,0.0001
2024-06-16T00:00:00Z,LINKUSDT,-0.00001854
2024-06-16T08:00:00Z,LINKUSDT,0.0001
2024-06-16T16:00:00Z,LINKUSDT,0.00001209
2024-06-17T00:00:00Z,LINKUSDT,0.0001
2024-06-17T08:00:00Z,LINKUSDT,-0.00004833
2024-06-17T16:00:00Z,LINKUSDT,0.00007761
2024-06-18T00:00:00Z,LINKUSDT,-0.00001881
2024-06-18T08:00:00Z,LINKUSDT,0.00007179
2024-06-18T16:00:00Z,LINKUSDT,0.00001049
2024-06-19T00:00:00Z,LINKUSDT,0.00006899
2024-06-19T08:00:00Z,LINKUSDT,0.00003269
2024-06-19T16:00:00Z,LINKUSDT,0.00000503
2024-06-20T00:00:00Z,LINKUSDT,0.00004799
2024-06-20T08:00:00Z,LINKUSDT,0.0000372
2024-06-20T16:00:00Z,LINKUSDT,0.00002682
2024-06-21T00:00:00Z,LINKUSDT,0.00007125
2024-06-21T08:00:00Z,LINKUSDT,0.0001
2024-06-21T16:00:00Z,LINKUSDT,0.00008972
2024-06-22T00:00:00Z,LINKUSDT,-0.00005956
2024-06-22T08:00:00Z,LINKUSDT,0.00007363
2024-06-22T16:00:00Z,LINKUSDT,0.00002799
2024-06-23T00:00:00Z,LINKUSDT,0.0001
2024-06-23T08:00:00Z,LINKUSDT,-0.00006912
2024-06-23T16:00:00Z,LINKUSDT,0.00001042
2024-06-24T00:00:00Z,LINKUSDT,0.0001
2024-06-24T08:00:00Z,LINKUSDT,0.00008372
2024-06-24T16:00:00Z,LINKUSDT,0.00003168
2024-06-25T00:00:00Z,LINKUSDT,0.0001
2024-06-25T08:00:00Z,LINKUSDT,-0.00000397
2024-06-25T16:00:00Z,LINKUSDT,0.0001
2024-06-26T00:00:00Z,LINKUSDT,0.00003393
2024-06-26T08:00:00Z,LINKUSDT,0.0001
2024-06-26T16:00:00Z,LINKUSDT,0.00003749
2024-06-27T00:00:00Z,LINKUSDT,0.0001
2024-06-27T08:00:00Z,LINKUSDT,0.0001
2024-06-27T16:00:00Z,LINKUSDT,0.0001
2024-06-28T00:00:00Z,LINKUSDT,0.0001
2024-06-28T08:00:00Z,LINKUSDT,0.0001
2024-06-28T16:00:00Z,LINKUSDT,0.0001
2024-06-29T00:00:00Z,LINKUSDT,0.00000086
2024-06-29T08:00:00Z,LINKUSDT,0.0001
2024-06-29T16:00:00Z,LINKUSDT,0.0001
2024-06-30T00:00:00Z,LINKUSDT,0.0001
2024-06-30T08:00:00Z,LINKUSDT,0.00006876
2024-06-30T16:00:00Z,LINKUSDT,0.0000817
2024-07-01T00:00:00Z,LINKUSDT,0.0001
2024-07-01T08:00:00Z,LINKUSDT,0.0001
2024-07-01T16:00:00Z,LINKUSDT,0.0001
2024-07-02T00:00:00Z,LINKUSDT,0.0001
2024-07-02T08:00:00Z,LINKUSDT,0.00005891
2024-07-02T16:00:00Z,LINKUSDT,0.0001
2024-07-03T00:00:00Z,LINKUSDT,0.0001
2024-07-03T08:00:00Z,LINKUSDT,0.0001
2024-07-03T16:00:00Z,LINKUSDT,0.0001
2024-07-04T00:00:00Z,LINKUSDT,0.00008283
2024-07-04T08:00:00Z,LINKUSDT,0.0001
2024-07-04T16:00:00Z,LINKUSDT,-0.00003012
2024-07-05T00:00:00Z,LINKUSDT,-0.00001296
2024-07-05T08:00:00Z,LINKUSDT,-0.00008683
2024-07-05T16:00:00Z,LINKUSDT,0.00000246
2024-07-06T00:00:00Z,LINKUSDT,-0.00001319
2024-07-06T08:00:00Z,LINKUSDT,0.0001
2024-07-06T16:00:00Z,LINKUSDT,0.00005332
2024-07-07T00:00:00Z,LINKUSDT,0.00004316
2024-07-07T08:00:00Z,LINKUSDT,0.00008577
2024-07-07T16:00:00Z,LINKUSDT,0.00005171
2024-07-08T00:00:00Z,LINKUSDT,0.00005064
2024-07-08T08:00:00Z,LINKUSDT,0.00003462
2024-07-08T16:00:00Z,LINKUSDT,0.0001
2024-07-09T00:00:00Z,LINKUSDT,0.00008987
2024-07-09T08:00:00Z,LINKUSDT,-0.00000461
2024-07-09T16:00:00Z,LINKUSDT,0.00003983
2024-07-10T00:00:00Z,LINKUSDT,0.00002379
2024-07-10T08:00:00Z,LINKUSDT,0.00004733
2024-07-10T16:00:00Z,LINKUSDT,0.00005569
2024-07-11T00:00:00Z,LINKUSDT,0.00007866
2024-07-11T08:00:00Z,LINKUSDT,0.0001
2024-07-11T16:00:00Z,LINKUSDT,0.00007328
2024-07-12T00:00:00Z,LINKUSDT,0.00004503
2024-07-12T08:00:00Z,LINKUSDT,0.00000312
2024-07-12T16:00:00Z,LINKUSDT,0.00008859
2024-07-13T00:00:00Z,LINKUSDT,0.0001
2024-07-13T08:00:00Z,LINKUSDT,0.0001
2024-07-13T16:00:00Z,LINKUSDT,0.00003609
2024-07-14T00:00:00Z,LINKUSDT,0.00006515
2024-07-14T08:00:00Z,LINKUSDT,0.00002822
2024-07-14T16:00:00Z,LINKUSDT,-0.00007422
2024-07-15T00:00:00Z,LINKUSDT,0.00003136
2024-07-15T08:00:00Z,LINKUSDT,0.00004501
2024-07-15T16:00:00Z,LINKUSDT,0.00008699
2024-07-16T00:00:00Z,LINKUSDT,0.0001
2024-07-16T08:00:00Z,LINKUSDT,0.00003752
2024-07-16T16:00:00Z,LINKUSDT,0.00006485
2024-07-17T00:00:00Z,LINKUSDT,0.00006364
2024-07-17T08:00:00Z,LINKUSDT,0.00005206
2024-07-17T16:00:00Z,LINKUSDT,0.0001
2024-07-18T00:00:00Z,LINKUSDT,0.0001
2024-07-18T08:00:00Z,LINKUSDT,0.0001
2024-07-18T16:00:00Z,LINKUSDT,0.00003799
2024-07-19T00:00:00Z,LINKUSDT,0.0001
2024-07-19T08:00:00Z,LINKUSDT,0.00007337
2024-07-19T16:00:00Z,LINKUSDT,0.0000434
2024-07-20T00:00:00Z,LINKUSDT,0.0001
2024-07-20T08:00:00Z,LINKUSDT,0.0001
2024-07-20T16:00:00Z,LINKUSDT,0.00008637
2024-07-21T00:00:00Z,LINKUSDT,0.0001
2024-07-21T08:00:00Z,LINKUSDT,0.0001
2024-07-21T16:00:00Z,LINKUSDT,0.0001
2024-07-22T00:00:00Z,LINKUSDT,0.0001
2024-07-22T08:00:00Z,LINKUSDT,0.00004196
2024-07-22T16:00:00Z,LINKUSDT,0.0000542
2024-07-23T00:00:00Z,LINKUSDT,0.0001
2024-07-23T08:00:00Z,LINKUSDT,0.0001
2024-07-23T16:00:00Z,LINKUSDT,0.0001
2024-07-24T00:00:00Z,LINKUSDT,0.00009572
2024-07-24T08:00:00Z,LINKUSDT,0.0001
2024-07-24T16:00:00Z,LINKUSDT,0.0001
2024-07-25T00:00:00Z,LINKUSDT,0.0001
2024-07-25T08:00:00Z,LINKUSDT,-0.00010558
2024-07-25T16:00:00Z,LINKUSDT,-0.00017796
2024-07-26T00:00:00Z,LINKUSDT,0.00004502
2024-07-26T08:00:00Z,LINKUSDT,0.0001
2024-07-26T16:00:00Z,LINKUSDT,0.00007557
2024-07-27T00:00:00Z,LINKUSDT,0.00004358
2024-07-27T08:00:00Z,LINKUSDT,0.00008565
2024-07-27T16:00:00Z,LINKUSDT,0.00005625
2024-07-28T00:00:00Z,LINKUSDT,0.00002703
2024-07-28T08:00:00Z,LINKUSDT,0.0000194
2024-07-28T16:00:00Z,LINKUSDT,0.00001347
2024-07-29T00:00:00Z,LINKUSDT,0.0001
2024-07-29T08:00:00Z,LINKUSDT,0.0001
2024-07-29T16:00:00Z,LINKUSDT,0.0001
2024-07-30T00:00:00Z,LINKUSDT,0.00004882
2024-07-30T08:00:00Z,LINKUSDT,-0.00000901
2024-07-30T16:00:00Z,LINKUSDT,0.00004173
2024-07-31T00:00:00Z,LINKUSDT,0.00004041
2024-07-31T08:00:00Z,LINKUSDT,0.0001
2024-07-31T16:00:00Z,LINKUSDT,-0.00000207
2024-08-01T00:00:00Z,LINKUSDT,0.00006147
2024-08-01T08:00:00Z,LINKUSDT,-0.00005576
2024-08-01T16:00:00Z,LINKUSDT,0.00006693
2024-08-02T00:00:00Z,LINKUSDT,0.0000223
2024-08-02T08:00:00Z,LINKUSDT,-0.00003935
2024-08-02T16:00:00Z,LINKUSDT,0.00000645
2024-08-03T00:00:00Z,LINKUSDT,0.00004081
2024-08-03T08:00:00Z,LINKUSDT,0.00005245
2024-08-03T16:00:00Z,LINKUSDT,-0.00002349
2024-08-04T00:00:00Z,LINKUSDT,-0.00006529
2024-08-04T08:00:00Z,LINKUSDT,0.00005537
2024-08-04T16:00:00Z,LINKUSDT,-0.0000234
2024-08-05T00:00:00Z,LINKUSDT,0.00002204
2024-08-05T08:00:00Z,LINKUSDT,-0.00000238
2024-08-05T16:00:00Z,LINKUSDT,-0.00003161
2024-08-06T00:00:00Z,LINKUSDT,-0.0000298
2024-08-06T08:00:00Z,LINKUSDT,-0.00007648
2024-08-06T16:00:00Z,LINKUSDT,-0.00004895
2024-08-07T00:00:00Z,LINKUSDT,-0.00002769
2024-08-07T08:00:00Z,LINKUSDT,0.00003392
2024-08-07T16:00:00Z,LINKUSDT,0.00003921
2024-08-08T00:00:00Z,LINKUSDT,0.0001
2024-08-08T08:00:00Z,LINKUSDT,0.00000918
2024-08-08T16:00:00Z,LINKUSDT,0.0000207
2024-08-09T00:00:00Z,LINKUSDT,0.00004041
2024-08-09T08:00:00Z,LINKUSDT,-0.00005467
2024-08-09T16:00:00Z,LINKUSDT,0.0000557
2024-08-10T00:00:00Z,LINKUSDT,-0.00002
2024-08-10T08:00:00Z,LINKUSDT,0.00005707
2024-08-10T16:00:00Z,LINKUSDT,0.0001
2024-08-11T00:00:00Z,LINKUSDT,-0.00011548
2024-08-11T08:00:00Z,LINKUSDT,-0.00016408
2024-08-11T16:00:00Z,LINKUSDT,-0.00017005
2024-08-12T00:00:00Z,LINKUSDT,-0.00008921
2024-08-12T08:00:00Z,LINKUSDT,-0.00011725
2024-08-12T16:00:00Z,LINKUSDT,0.00008678
2024-08-13T00:00:00Z,LINKUSDT,0.00007117
2024-08-13T08:00:00Z,LINKUSDT,0.00001943
2024-08-13T16:00:00Z,LINKUSDT,-0.00003022
2024-08-14T00:00:00Z,LINKUSDT,0.0001
2024-08-14T08:00:00Z,LINKUSDT,0.00009226
2024-08-14T16:00:00Z,LINKUSDT,0.0000147
2024-08-15T00:00:00Z,LINKUSDT,0.0001
2024-08-15T08:00:00Z,LINKUSDT,0.0001
2024-08-15T16:00:00Z,LINKUSDT,0.0001
2024-08-16T00:00:00Z,LINKUSDT,-0.000036
2024-08-16T08:00:00Z,LINKUSDT,-0.000003
2024-08-16T16:00:00Z,LINKUSDT,-0.00005412
2024-08-17T00:00:00Z,LINKUSDT,0.00002951
2024-08-17T08:00:00Z,LINKUSDT,-0.00002077
2024-08-17T16:00:00Z,LINKUSDT,0.00000878
2024-08-18T00:00:00Z,LINKUSDT,0.00005706
2024-08-18T08:00:00Z,LINKUSDT,0.00001614
2024-08-18T16:00:00Z,LINKUSDT,0.00003197
2024-08-19T00:00:00Z,LINKUSDT,-0.00000828
2024-08-19T08:00:00Z,LINKUSDT,-0.00006421
2024-08-19T16:00:00Z,LINKUSDT,-0.00004321
2024-08-20T00:00:00Z,LINKUSDT,-0.00002876
2024-08-20T08:00:00Z,LINKUSDT,0.0001
2024-08-20T16:00:00Z,LINKUSDT,0.00006061
2024-08-21T00:00:00Z,LINKUSDT,0.0001
2024-08-21T08:00:00Z,LINKUSDT,0.00007805
2024-08-21T16:00:00Z,LINKUSDT,0.00004058
2024-08-22T00:00:00Z,LINKUSDT,-0.00000918
2024-08-22T08:00:00Z,LINKUSDT,0.00002127
2024-08-22T16:00:00Z,LINKUSDT,-0.00005061
2024-08-23T00:00:00Z,LINKUSDT,-0.00003326
2024-08-23T08:00:00Z,LINKUSDT,0.0000495
2024-08-23T16:00:00Z,LINKUSDT,-0.00002613
2024-08-24T00:00:00Z,LINKUSDT,0.00004919
2024-08-24T08:00:00Z,LINKUSDT,-0.00002212
2024-08-24T16:00:00Z,LINKUSDT,0.0001
2024-08-25T00:00:00Z,LINKUSDT,0.0001
2024-08-25T08:00:00Z,LINKUSDT,0.00004638
2024-08-25T16:00:00Z,LINKUSDT,0.00005642
2024-08-26T00:00:00Z,LINKUSDT,-0.00009927
2024-08-26T08:00:00Z,LINKUSDT,0.0001
2024-08-26T16:00:00Z,LINKUSDT,0.00005676
2024-08-27T00:00:00Z,LINKUSDT,0.0001
2024-08-27T08:00:00Z,LINKUSDT,0.0001
2024-08-27T16:00:00Z,LINKUSDT,0.00006832
2024-08-28T00:00:00Z,LINKUSDT,-0.00009927
2024-08-28T08:00:00Z,LINKUSDT,-0.00002368
2024-08-28T16:00:00Z,LINKUSDT,0.00003966
2024-08-29T00:00:00Z,LINKUSDT,-0.00001023
2024-08-29T08:00:00Z,LINKUSDT,-0.00007474
2024-08-29T16:00:00Z,LINKUSDT,0.00001181
2024-08-30T00:00:00Z,LINKUSDT,0.00004827
2024-08-30T08:00:00Z,LINKUSDT,0.00006888
2024-08-30T16:00:00Z,LINKUSDT,0.00009317
2024-08-31T00:00:00Z,LINKUSDT,0.0001
2024-08-31T08:00:00Z,LINKUSDT,0.00003657
2024-08-31T16:00:00Z,LINKUSDT,0.0000322
2024-09-01T00:00:00Z,LINKUSDT,0.0001
2024-09-01T08:00:00Z,LINKUSDT,0.00006496
2024-09-01T16:00:00Z,LINKUSDT,-0.00002754
2024-09-02T00:00:00Z,LINKUSDT,-0.00006249
2024-09-02T08:00:00Z,LINKUSDT,-0.00006891
2024-09-02T16:00:00Z,LINKUSDT,0.00000117
2024-09-03T00:00:00Z,LINKUSDT,0.00001649
2024-09-03T08:00:00Z,LINKUSDT,-0.00001564
2024-09-03T16:00:00Z,LINKUSDT,-0.00005144
2024-09-04T00:00:00Z,LINKUSDT,0.00007534
2024-09-04T08:00:00Z,LINKUSDT,0.00008841
2024-09-04T16:00:00Z,LINKUSDT,0.00002906
2024-09-05T00:00:00Z,LINKUSDT,0.00003609
2024-09-05T08:00:00Z,LINKUSDT,0.00007911
2024-09-05T16:00:00Z,LINKUSDT,0.00005249
2024-09-06T00:00:00Z,LINKUSDT,-0.00005521
2024-09-06T08:00:00Z,LINKUSDT,0.00005213
2024-09-06T16:00:00Z,LINKUSDT,-0.00002196
2024-09-07T00:00:00Z,LINKUSDT,-0.00008259
2024-09-07T08:00:00Z,LINKUSDT,0.00006238
2024-09-07T16:00:00Z,LINKUSDT,0.00005834
2024-09-08T00:00:00Z,LINKUSDT,0.00004645
2024-09-08T08:00:00Z,LINKUSDT,0.00009277
2024-09-08T16:00:00Z,LINKUSDT,0.00005892
2024-09-09T00:00:00Z,LINKUSDT,0.00001678
2024-09-09T08:00:00Z,LINKUSDT,0.00006048
2024-09-09T16:00:00Z,LINKUSDT,-0.00005628
2024-09-10T00:00:00Z,LINKUSDT,0.0001
2024-09-10T08:00:00Z,LINKUSDT,-0.00004967
2024-09-10T16:00:00Z,LINKUSDT,0.00002421
2024-09-11T00:00:00Z,LINKUSDT,0.00001122
2024-09-11T08:00:00Z,LINKUSDT,0.0000231
2024-09-11T16:00:00Z,LINKUSDT,0.00002132
2024-09-12T00:00:00Z,LINKUSDT,0.0001
2024-09-12T08:00:00Z,LINKUSDT,0.0001
2024-09-12T16:00:00Z,LINKUSDT,0.0001
2024-09-13T00:00:00Z,LINKUSDT,0.00006684
2024-09-13T08:00:00Z,LINKUSDT,0.00001343
2024-09-13T16:00:00Z,LINKUSDT,-0.00000978
2024-09-14T00:00:00Z,LINKUSDT,0.00000892
2024-09-14T08:00:00Z,LINKUSDT,-0.00001385
2024-09-14T16:00:00Z,LINKUSDT,-0.00003512
2024-09-15T00:00:00Z,LINKUSDT,0.00009515
2024-09-15T08:00:00Z,LINKUSDT,-0.00001813
2024-09-15T16:00:00Z,LINKUSDT,0.00003086
2024-09-16T00:00:00Z,LINKUSDT,-0.00005864
2024-09-16T08:00:00Z,LINKUSDT,-0.00000834
2024-09-16T16:00:00Z,LINKUSDT,0.00001195
2024-09-17T00:00:00Z,LINKUSDT,-0.00001044
2024-09-17T08:00:00Z,LINKUSDT,0.0001
2024-09-17T16:00:00Z,LINKUSDT,0.00001444
2024-09-18T00:00:00Z,LINKUSDT,-0.00003488
2024-09-18T08:00:00Z,LINKUSDT,0.00001605
2024-09-18T16:00:00Z,LINKUSDT,0.00002352
2024-09-19T00:00:00Z,LINKUSDT,0.0001
2024-09-19T08:00:00Z,LINKUSDT,0.00008208
2024-09-19T16:00:00Z,LINKUSDT,0.0001
2024-09-20T00:00:00Z,LINKUSDT,0.0001
2024-09-20T08:00:00Z,LINKUSDT,0.00007571
2024-09-20T16:00:00Z,LINKUSDT,0.00008878
2024-09-21T00:00:00Z,LINKUSDT,0.0001
2024-09-21T08:00:00Z,LINKUSDT,0.0001
2024-09-21T16:00:00Z,LINKUSDT,0.00007512
2024-09-22T00:00:00Z,LINKUSDT,0.0001
2024-09-22T08:00:00Z,LINKUSDT,0.00006253
2024-09-22T16:00:00Z,LINKUSDT,-0.00006598
2024-09-23T00:00:00Z,LINKUSDT,-0.00009245
2024-09-23T08:00:00Z,LINKUSDT,0.0000018
2024-09-23T16:00:00Z,LINKUSDT,0.0001
2024-09-24T00:00:00Z,LINKUSDT,0.0001
2024-09-24T08:00:00Z,LINKUSDT,0.0001
2024-09-24T16:00:00Z,LINKUSDT,0.0001
2024-09-25T00:00:00Z,LINKUSDT,0.0001
2024-09-25T08:00:00Z,LINKUSDT,0.0001
2024-09-25T16:00:00Z,LINKUSDT,0.0001
2024-09-26T00:00:00Z,LINKUSDT,0.0001
2024-09-26T08:00:00Z,LINKUSDT,0.0001
2024-09-26T16:00:00Z,LINKUSDT,0.0001
2024-09-27T00:00:00Z,LINKUSDT,0.0001
2024-09-27T08:00:00Z,LINKUSDT,0.0001
2024-09-27T16:00:00Z,LINKUSDT,0.0001
2024-09-28T00:00:00Z,LINKUSDT,0.0001
2024-09-28T08:00:00Z,LINKUSDT,0.0001
2024-09-28T16:00:00Z,LINKUSDT,0.0001
2024-09-29T00:00:00Z,LINKUSDT,0.0001
2024-09-29T08:00:00Z,LINKUSDT,0.00006374
2024-09-29T16:00:00Z,LINKUSDT,0.0001
2024-09-30T00:00:00Z,LINKUSDT,0.00003768
2024-09-30T08:00:00Z,LINKUSDT,0.0001
2024-09-30T16:00:00Z,LINKUSDT,0.0001
2024-10-01T00:00:00Z,LINKUSDT,0.0001
2024-10-01T08:00:00Z,LINKUSDT,0.0001
2024-10-01T16:00:00Z,LINKUSDT,0.00001495
2024-10-02T00:00:00Z,LINKUSDT,-0.00011294
2024-10-02T08:00:00Z,LINKUSDT,0.00000968
2024-10-02T16:00:00Z,LINKUSDT,0.00004275
2024-10-03T00:00:00Z,LINKUSDT,0.00003525
2024-10-03T08:00:00Z,LINKUSDT,-0.00006668
2024-10-03T16:00:00Z,LINKUSDT,-0.00000499
2024-10-04T00:00:00Z,LINKUSDT,-0.00000161
2024-10-04T08:00:00Z,LINKUSDT,0.00003158
2024-10-04T16:00:00Z,LINKUSDT,0.00003085
2024-10-05T00:00:00Z,LINKUSDT,0.00009839
2024-10-05T08:00:00Z,LINKUSDT,-0.00002126
2024-10-05T16:00:00Z,LINKUSDT,0.00001197
2024-10-06T00:00:00Z,LINKUSDT,0.00006224
2024-10-06T08:00:00Z,LINKUSDT,0.00002969
2024-10-06T16:00:00Z,LINKUSDT,-0.00006821
2024-10-07T00:00:00Z,LINKUSDT,0.00008131
2024-10-07T08:00:00Z,LINKUSDT,0.00006405
2024-10-07T16:00:00Z,LINKUSDT,0.00008696
2024-10-08T00:00:00Z,LINKUSDT,-0.0000488
2024-10-08T08:00:00Z,LINKUSDT,-0.00000204
2024-10-08T16:00:00Z,LINKUSDT,0.00009595
2024-10-09T00:00:00Z,LINKUSDT,0.0001
2024-10-09T08:00:00Z,LINKUSDT,0.0001
2024-10-09T16:00:00Z,LINKUSDT,0.0001
2024-10-10T00:00:00Z,LINKUSDT,0.0001
2024-10-10T08:00:00Z,LINKUSDT,0.0001
2024-10-10T16:00:00Z,LINKUSDT,0.00009745
2024-10-11T00:00:00Z,LINKUSDT,0.0001
2024-10-11T08:00:00Z,LINKUSDT,0.00005301
2024-10-11T16:00:00Z,LINKUSDT,0.0001
2024-10-12T00:00:00Z,LINKUSDT,0.0001
2024-10-12T08:00:00Z,LINKUSDT,0.0001
2024-10-12T16:00:00Z,LINKUSDT,0.0001
2024-10-13T00:00:00Z,LINKUSDT,0.0001
2024-10-13T08:00:00Z,LINKUSDT,0.0001
2024-10-13T16:00:00Z,LINKUSDT,0.0001
2024-10-14T00:00:00Z,LINKUSDT,0.0001
2024-10-14T08:00:00Z,LINKUSDT,0.0001
2024-10-14T16:00:00Z,LINKUSDT,0.0001
2024-10-15T00:00:00Z,LINKUSDT,0.0001
2024-10-15T08:00:00Z,LINKUSDT,0.0001
2024-10-15T16:00:00Z,LINKUSDT,0.0001
2024-10-16T00:00:00Z,LINKUSDT,0.0001
2024-10-16T08:00:00Z,LINKUSDT,0.0001
2024-10-16T16:00:00Z,LINKUSDT,0.0001
2024-10-17T00:00:00Z,LINKUSDT,0.0001
2024-10-17T08:00:00Z,LINKUSDT,0.0001
2024-10-17T16:00:00Z,LINKUSDT,0.0001
2024-10-18T00:00:00Z,LINKUSDT,0.0001
2024-10-18T08:00:00Z,LINKUSDT,0.0001
2024-10-18T16:00:00Z,LINKUSDT,0.0001
2024-10-19T00:00:00Z,LINKUSDT,0.0001
2024-10-19T08:00:00Z,LINKUSDT,0.0001
2024-10-19T16:00:00Z,LINKUSDT,0.0001
2024-10-20T00:00:00Z,LINKUSDT,0.0001
2024-10-20T08:00:00Z,LINKUSDT,0.0001
2024-10-20T16:00:00Z,LINKUSDT,0.0001
2024-10-21T00:00:00Z,LINKUSDT,0.0001
2024-10-21T08:00:00Z,LINKUSDT,0.0001
2024-10-21T16:00:00Z,LINKUSDT,0.0001
2024-10-22T00:00:00Z,LINKUSDT,0.0001
2024-10-22T08:00:00Z,LINKUSDT,0.0001
2024-10-22T16:00:00Z,LINKUSDT,0.0001
2024-10-23T00:00:00Z,LINKUSDT,0.0001
2024-10-23T08:00:00Z,LINKUSDT,0.0001
2024-10-23T16:00:00Z,LINKUSDT,0.0001
2024-10-24T00:00:00Z,LINKUSDT,0.0001
2024-10-24T08:00:00Z,LINKUSDT,0.0001
2024-10-24T16:00:00Z,LINKUSDT,0.0001
2024-10-25T00:00:00Z,LINKUSDT,0.0001
2024-10-25T08:00:00Z,LINKUSDT,0.0001
2024-10-25T16:00:00Z,LINKUSDT,0.0001
2024-10-26T00:00:00Z,LINKUSDT,0.0001
2024-10-26T08:00:00Z,LINKUSDT,0.00005535
2024-10-26T16:00:00Z,LINKUSDT,-0.00000053
2024-10-27T00:00:00Z,LINKUSDT,0.0001
2024-10-27T08:00:00Z,LINKUSDT,0.00009755
2024-10-27T16:00:00Z,LINKUSDT,0.0001
2024-10-28T00:00:00Z,LINKUSDT,0.00009847
2024-10-28T08:00:00Z,LINKUSDT,0.00004171
2024-10-28T16:00:00Z,LINKUSDT,0.0001
2024-10-29T00:00:00Z,LINKUSDT,0.0001
2024-10-29T08:00:00Z,LINKUSDT,0.0001
2024-10-29T16:00:00Z,LINKUSDT,0.0001
2024-10-30T00:00:00Z,LINKUSDT,0.0001
2024-10-30T08:00:00Z,LINKUSDT,0.00020073
2024-10-30T16:00:00Z,LINKUSDT,0.0001
2024-10-31T00:00:00Z,LINKUSDT,0.0001
2024-10-31T08:00:00Z,LINKUSDT,0.0001
2024-10-31T16:00:00Z,LINKUSDT,0.0001
2024-11-01T00:00:00Z,LINKUSDT,0.0001
2024-11-01T08:00:00Z,LINKUSDT,0.0001
2024-11-01T16:00:00Z,LINKUSDT,0.0001
2024-11-02T00:00:00Z,LINKUSDT,0.0001
2024-11-02T08:00:00Z,LINKUSDT,0.0001
2024-11-02T16:00:00Z,LINKUSDT,0.0001
2024-11-03T00:00:00Z,LINKUSDT,0.00008065
2024-11-03T08:00:00Z,LINKUSDT,0.000035
2024-11-03T16:00:00Z,LINKUSDT,-0.00003809
2024-11-04T00:00:00Z,LINKUSDT,0.0000269
2024-11-04T08:00:00Z,LINKUSDT,-0.00003496
2024-11-04T16:00:00Z,LINKUSDT,0.00006905
2024-11-05T00:00:00Z,LINKUSDT,0.00005279
2024-11-05T08:00:00Z,LINKUSDT,0.0000104
2024-11-05T16:00:00Z,LINKUSDT,0.0001
2024-11-06T00:00:00Z,LINKUSDT,0.0001
2024-11-06T08:00:00Z,LINKUSDT,0.0001
2024-11-06T16:00:00Z,LINKUSDT,0.0001
2024-11-07T00:00:00Z,LINKUSDT,0.0001
2024-11-07T08:00:00Z,LINKUSDT,0.0001
2024-11-07T16:00:00Z,LINKUSDT,0.0001
2024-11-08T00:00:00Z,LINKUSDT,0.0001
2024-11-08T08:00:00Z,LINKUSDT,0.0001
2024-11-08T16:00:00Z,LINKUSDT,0.0001
2024-11-09T00:00:00Z,LINKUSDT,0.0001
2024-11-09T08:00:00Z,LINKUSDT,0.0001
2024-11-09T16:00:00Z,LINKUSDT,0.0001
2024-11-10T00:00:00Z,LINKUSDT,0.0001
2024-11-10T08:00:00Z,LINKUSDT,0.00022281
2024-11-10T16:00:00Z,LINKUSDT,0.00022333
2024-11-11T00:00:00Z,LINKUSDT,0.00013843
2024-11-11T08:00:00Z,LINKUSDT,0.0001
2024-11-11T16:00:00Z,LINKUSDT,0.0001
2024-11-12T00:00:00Z,LINKUSDT,0.00018671
2024-11-12T08:00:00Z,LINKUSDT,0.00058947
2024-11-12T16:00:00Z,LINKUSDT,0.00044489
2024-11-13T00:00:00Z,LINKUSDT,0.00018359
2024-11-13T08:00:00Z,LINKUSDT,0.0001
2024-11-13T16:00:00Z,LINKUSDT,0.00015355
2024-11-14T00:00:00Z,LINKUSDT,0.0001
2024-11-14T08:00:00Z,LINKUSDT,0.0001924
2024-11-14T16:00:00Z,LINKUSDT,0.0001
2024-11-15T00:00:00Z,LINKUSDT,0.0001
2024-11-15T08:00:00Z,LINKUSDT,0.0001
2024-11-15T16:00:00Z,LINKUSDT,0.0001
2024-11-16T00:00:00Z,LINKUSDT,0.00032625
2024-11-16T08:00:00Z,LINKUSDT,0.00024957
2024-11-16T16:00:00Z,LINKUSDT,0.00026466
2024-11-17T00:00:00Z,LINKUSDT,0.00013263
2024-11-17T08:00:00Z,LINKUSDT,0.0001
2024-11-17T16:00:00Z,LINKUSDT,0.0001
2024-11-18T00:00:00Z,LINKUSDT,0.0001
2024-11-18T08:00:00Z,LINKUSDT,0.00045384
2024-11-18T16:00:00Z,LINKUSDT,0.00027056
2024-11-19T00:00:00Z,LINKUSDT,0.00026847
2024-11-19T08:00:00Z,LINKUSDT,0.00031388
2024-11-19T16:00:00Z,LINKUSDT,0.00020815
2024-11-20T00:00:00Z,LINKUSDT,0.00011108
2024-11-20T08:00:00Z,LINKUSDT,0.0001
2024-11-20T16:00:00Z,LINKUSDT,0.00013077
2024-11-21T00:00:00Z,LINKUSDT,0.0001
2024-11-21T08:00:00Z,LINKUSDT,0.0001
2024-11-21T16:00:00Z,LINKUSDT,0.00012361
2024-11-22T00:00:00Z,LINKUSDT,0.00024739
2024-11-22T08:00:00Z,LINKUSDT,0.00043204
2024-11-22T16:00:00Z,LINKUSDT,0.00038403
2024-11-23T00:00:00Z,LINKUSDT,0.00022553
2024-11-23T08:00:00Z,LINKUSDT,0.00051596
2024-11-23T16:00:00Z,LINKUSDT,0.00052064
2024-11-24T00:00:00Z,LINKUSDT,0.00028797
2024-11-24T08:00:00Z,LINKUSDT,0.00039841
2024-11-24T16:00:00Z,LINKUSDT,0.00014309
2024-11-25T00:00:00Z,LINKUSDT,0.00026836
2024-11-25T08:00:00Z,LINKUSDT,0.00031301
2024-11-25T16:00:00Z,LINKUSDT,0.00026513
2024-11-26T00:00:00Z,LINKUSDT,0.00020014
2024-11-26T08:00:00Z,LINKUSDT,0.00022862
2024-11-26T16:00:00Z,LINKUSDT,0.0001
2024-11-27T00:00:00Z,LINKUSDT,0.0001
2024-11-27T08:00:00Z,LINKUSDT,0.00024888
2024-11-27T16:00:00Z,LINKUSDT,0.00018275
2024-11-28T00:00:00Z,LINKUSDT,0.00035113
2024-11-28T08:00:00Z,LINKUSDT,0.00021699
2024-11-28T16:00:00Z,LINKUSDT,0.00012249
2024-11-29T00:00:00Z,LINKUSDT,0.00028469
2024-11-29T08:00:00Z,LINKUSDT,0.00021035
2024-11-29T16:00:00Z,LINKUSDT,0.00038012
2024-11-30T00:00:00Z,LINKUSDT,0.00049333
2024-11-30T08:00:00Z,LINKUSDT,0.00062673
2024-11-30T16:00:00Z,LINKUSDT,0.00042561
2024-12-01T00:00:00Z,LINKUSDT,0.00050121
2024-12-01T08:00:00Z,LINKUSDT,0.0003793
2024-12-01T16:00:00Z,LINKUSDT,0.00040004
2024-12-02T00:00:00Z,LINKUSDT,0.00052021
2024-12-02T08:00:00Z,LINKUSDT,0.00048053
2024-12-02T16:00:00Z,LINKUSDT,0.0003042
2024-12-03T00:00:00Z,LINKUSDT,0.00074065
2024-12-03T08:00:00Z,LINKUSDT,0.00075826
2024-12-03T16:00:00Z,LINKUSDT,0.00039414
2024-12-04T00:00:00Z,LINKUSDT,0.0003954
2024-12-04T08:00:00Z,LINKUSDT,0.00068088
2024-12-04T16:00:00Z,LINKUSDT,0.00053818
2024-12-05T00:00:00Z,LINKUSDT,0.00044568
2024-12-05T08:00:00Z,LINKUSDT,0.00081801
2024-12-05T16:00:00Z,LINKUSDT,0.00073657
2024-12-06T00:00:00Z,LINKUSDT,0.0005351
2024-12-06T08:00:00Z,LINKUSDT,0.0006247
2024-12-06T16:00:00Z,LINKUSDT,0.00035064
2024-12-07T00:00:00Z,LINKUSDT,0.00065142
2024-12-07T08:00:00Z,LINKUSDT,0.00055223
2024-12-07T16:00:00Z,LINKUSDT,0.00047774
2024-12-08T00:00:00Z,LINKUSDT,0.00014839
2024-12-08T08:00:00Z,LINKUSDT,0.00028373
2024-12-08T16:00:00Z,LINKUSDT,0.00037618
2024-12-09T00:00:00Z,LINKUSDT,0.00038683
2024-12-09T08:00:00Z,LINKUSDT,0.00036223
2024-12-09T16:00:00Z,LINKUSDT,0.00013717
2024-12-10T00:00:00Z,LINKUSDT,0.0001
2024-12-10T08:00:00Z,LINKUSDT,0.0001
2024-12-10T16:00:00Z,LINKUSDT,0.0001
2024-12-11T00:00:00Z,LINKUSDT,0.0001
2024-12-11T08:00:00Z,LINKUSDT,0.0001
2024-12-11T16:00:00Z,LINKUSDT,0.0001
2024-12-12T00:00:00Z,LINKUSDT,0.0001
2024-12-12T08:00:00Z,LINKUSDT,0.00013454
2024-12-12T16:00:00Z,LINKUSDT,0.0001
2024-12-13T00:00:00Z,LINKUSDT,0.0001
2024-12-13T08:00:00Z,LINKUSDT,0.0001
2024-12-13T16:00:00Z,LINKUSDT,0.0001
2024-12-14T00:00:00Z,LINKUSDT,0.0001
2024-12-14T08:00:00Z,LINKUSDT,0.0001
2024-12-14T16:00:00Z,LINKUSDT,0.0001
2024-12-15T00:00:00Z,LINKUSDT,0.0001
2024-12-15T08:00:00Z,LINKUSDT,0.0001
2024-12-15T16:00:00Z,LINKUSDT,0.0001
2024-12-16T00:00:00Z,LINKUSDT,0.0001
2024-12-16T08:00:00Z,LINKUSDT,0.0001
2024-12-16T16:00:00Z,LINKUSDT,0.0001
2024-12-17T00:00:00Z,LINKUSDT,0.0001
2024-12-17T08:00:00Z,LINKUSDT,0.0001
2024-12-17T16:00:00Z,LINKUSDT,0.0001
2024-12-18T00:00:00Z,LINKUSDT,0.0001
2024-12-18T08:00:00Z,LINKUSDT,0.0001
2024-12-18T16:00:00Z,LINKUSDT,0.0001
2024-12-19T00:00:00Z,LINKUSDT,0.0001
2024-12-19T08:00:00Z,LINKUSDT,0.0001
2024-12-19T16:00:00Z,LINKUSDT,0.0001
2024-12-20T00:00:00Z,LINKUSDT,0.00009228
2024-12-20T08:00:00Z,LINKUSDT,0.0001
2024-12-20T16:00:00Z,LINKUSDT,-0.00003538
2024-12-21T00:00:00Z,LINKUSDT,0.0001
2024-12-21T08:00:00Z,LINKUSDT,0.00005699
2024-12-21T16:00:00Z,LINKUSDT,0.0001
2024-12-22T00:00:00Z,LINKUSDT,0.0001
2024-12-22T08:00:00Z,LINKUSDT,0.0001
2024-12-22T16:00:00Z,LINKUSDT,0.00004898
2024-12-23T00:00:00Z,LINKUSDT,0.0001
2024-12-23T08:00:00Z,LINKUSDT,0.00008847
2024-12-23T16:00:00Z,LINKUSDT,0.00005658
2024-12-24T00:00:00Z,LINKUSDT,0.0001
2024-12-24T08:00:00Z,LINKUSDT,0.0001
2024-12-24T16:00:00Z,LINKUSDT,0.0001
2024-12-25T00:00:00Z,LINKUSDT,0.0001
2024-12-25T08:00:00Z,LINKUSDT,0.0001
2024-12-25T16:00:00Z,LINKUSDT,0.0001
2024-12-26T00:00:00Z,LINKUSDT,0.0001
2024-12-26T08:00:00Z,LINKUSDT,0.0001
2024-12-26T16:00:00Z,LINKUSDT,0.0001
2024-12-27T00:00:00Z,LINKUSDT,0.0001
2024-12-27T08:00:00Z,LINKUSDT,0.00007808
2024-12-27T16:00:00Z,LINKUSDT,0.00005372
2024-12-28T00:00:00Z,LINKUSDT,-0.00018981
2024-12-28T08:00:00Z,LINKUSDT,-0.00000722
2024-12-28T16:00:00Z,LINKUSDT,-0.00004692
2024-12-29T00:00:00Z,LINKUSDT,0.00003389
2024-12-29T08:00:00Z,LINKUSDT,0.00001443
2024-12-29T16:00:00Z,LINKUSDT,0.0000738
2024-12-30T00:00:00Z,LINKUSDT,0.0001
2024-12-30T08:00:00Z,LINKUSDT,0.00007953
2024-12-30T16:00:00Z,LINKUSDT,0.00007501
2024-12-31T00:00:00Z,LINKUSDT,0.00002201
2024-12-31T08:00:00Z,LINKUSDT,0.00009658
2024-12-31T16:00:00Z,LINKUSDT,0.00008201
2025-01-01T00:00:00Z,LINKUSDT,0.0001
2025-01-01T08:00:00Z,LINKUSDT,0.00000115
2025-01-01T16:00:00Z,LINKUSDT,0.00009511
2025-01-02T00:00:00Z,LINKUSDT,0.0001
2025-01-02T08:00:00Z,LINKUSDT,0.0001
2025-01-02T16:00:00Z,LINKUSDT,0.00006094
2025-01-03T00:00:00Z,LINKUSDT,0.0001
2025-01-03T08:00:00Z,LINKUSDT,0.0001
2025-01-03T16:00:00Z,LINKUSDT,0.0001
2025-01-04T00:00:00Z,LINKUSDT,0.0001
2025-01-04T08:00:00Z,LINKUSDT,0.0001
2025-01-04T16:00:00Z,LINKUSDT,0.0001
2025-01-05T00:00:00Z,LINKUSDT,0.0001
2025-01-05T08:00:00Z,LINKUSDT,0.0001
2025-01-05T16:00:00Z,LINKUSDT,0.0001
2025-01-06T00:00:00Z,LINKUSDT,0.0001
2025-01-06T08:00:00Z,LINKUSDT,0.0001
2025-01-06T16:00:00Z,LINKUSDT,0.0001
2025-01-07T00:00:00Z,LINKUSDT,0.0001
2025-01-07T08:00:00Z,LINKUSDT,0.0001
2025-01-07T16:00:00Z,LINKUSDT,0.0001
2025-01-08T00:00:00Z,LINKUSDT,0.0001
2025-01-08T08:00:00Z,LINKUSDT,0.00009294
2025-01-08T16:00:00Z,LINKUSDT,0.00007485
2025-01-09T00:00:00Z,LINKUSDT,0.00001395
2025-01-09T08:00:00Z,LINKUSDT,0.00006274
2025-01-09T16:00:00Z,LINKUSDT,0.00006034
2025-01-10T00:00:00Z,LINKUSDT,0.00005721
2025-01-10T08:00:00Z,LINKUSDT,-0.00000296
2025-01-10T16:00:00Z,LINKUSDT,0.0001
2025-01-11T00:00:00Z,LINKUSDT,0.0001
2025-01-11T08:00:00Z,LINKUSDT,0.0001
2025-01-11T16:00:00Z,LINKUSDT,0.0001
2025-01-12T00:00:00Z,LINKUSDT,0.0001
2025-01-12T08:00:00Z,LINKUSDT,0.0001
2025-01-12T16:00:00Z,LINKUSDT,0.0001
2025-01-13T00:00:00Z,LINKUSDT,0.00004614
2025-01-13T08:00:00Z,LINKUSDT,0.0001
2025-01-13T16:00:00Z,LINKUSDT,0.0001
2025-01-14T00:00:00Z,LINKUSDT,0.00003778
2025-01-14T08:00:00Z,LINKUSDT,0.0001
2025-01-14T16:00:00Z,LINKUSDT,0.0001
2025-01-15T00:00:00Z,LINKUSDT,0.0001
2025-01-15T08:00:00Z,LINKUSDT,0.0001
2025-01-15T16:00:00Z,LINKUSDT,0.0001
2025-01-16T00:00:00Z,LINKUSDT,0.0001
2025-01-16T08:00:00Z,LINKUSDT,0.0001
2025-01-16T16:00:00Z,LINKUSDT,0.0001
2025-01-17T00:00:00Z,LINKUSDT,0.0001
2025-01-17T08:00:00Z,LINKUSDT,0.0001
2025-01-17T16:00:00Z,LINKUSDT,0.0001
2025-01-18T00:00:00Z,LINKUSDT,0.0001
2025-01-18T08:00:00Z,LINKUSDT,0.0001
2025-01-18T16:00:00Z,LINKUSDT,0.0001
2025-01-19T00:00:00Z,LINKUSDT,0.0001
2025-01-19T08:00:00Z,LINKUSDT,0.0001
2025-01-19T16:00:00Z,LINKUSDT,0.0001
2025-01-20T00:00:00Z,LINKUSDT,0.0001
2025-01-20T08:00:00Z,LINKUSDT,0.0001
2025-01-20T16:00:00Z,LINKUSDT,0.0001
2025-01-21T00:00:00Z,LINKUSDT,0.0001
2025-01-21T08:00:00Z,LINKUSDT,0.0001
2025-01-21T16:00:00Z,LINKUSDT,0.0001
2025-01-22T00:00:00Z,LINKUSDT,0.0001
2025-01-22T08:00:00Z,LINKUSDT,0.0001
2025-01-22T16:00:00Z,LINKUSDT,0.0001
2025-01-23T00:00:00Z,LINKUSDT,0.0001
2025-01-23T08:00:00Z,LINKUSDT,0.0001
2025-01-23T16:00:00Z,LINKUSDT,0.0001
2025-01-24T00:00:00Z,LINKUSDT,0.0001
2025-01-24T08:00:00Z,LINKUSDT,0.0001
2025-01-24T16:00:00Z,LINKUSDT,0.0001
2025-01-25T00:00:00Z,LINKUSDT,0.0001
2025-01-25T08:00:00Z,LINKUSDT,0.0001
2025-01-25T16:00:00Z,LINKUSDT,0.0001
2025-01-26T00:00:00Z,LINKUSDT,0.0001
2025-01-26T08:00:00Z,LINKUSDT,0.0001
2025-01-26T16:00:00Z,LINKUSDT,0.0001
2025-01-27T00:00:00Z,LINKUSDT,0.0001
2025-01-27T08:00:00Z,LINKUSDT,0.0001
2025-01-27T16:00:00Z,LINKUSDT,0.00001302
2025-01-28T00:00:00Z,LINKUSDT,0.00004282
2025-01-28T08:00:00Z,LINKUSDT,0.0000214
2025-01-28T16:00:00Z,LINKUSDT,0.00009113
2025-01-29T00:00:00Z,LINKUSDT,0.0001
2025-01-29T08:00:00Z,LINKUSDT,0.0001
2025-01-29T16:00:00Z,LINKUSDT,0.0001
2025-01-30T00:00:00Z,LINKUSDT,0.00008202
2025-01-30T08:00:00Z,LINKUSDT,0.0001
2025-01-30T16:00:00Z,LINKUSDT,0.0001
2025-01-31T00:00:00Z,LINKUSDT,0.0001
2025-01-31T08:00:00Z,LINKUSDT,0.0001
2025-01-31T16:00:00Z,LINKUSDT,0.0001
2025-02-01T00:00:00Z,LINKUSDT,0.0001
2025-02-01T08:00:00Z,LINKUSDT,0.0001
2025-02-01T16:00:00Z,LINKUSDT,0.0001
2025-02-02T00:00:00Z,LINKUSDT,0.00006168
2025-02-02T08:00:00Z,LINKUSDT,-0.00010446
2025-02-02T16:00:00Z,LINKUSDT,0.0001
2025-02-03T00:00:00Z,LINKUSDT,-0.00002423
2025-02-03T08:00:00Z,LINKUSDT,-0.00025022
2025-02-03T16:00:00Z,LINKUSDT,-0.00009906
2025-02-04T00:00:00Z,LINKUSDT,0.00008067
2025-02-04T08:00:00Z,LINKUSDT,0.0001
2025-02-04T16:00:00Z,LINKUSDT,0.00004654
2025-02-05T00:00:00Z,LINKUSDT,0.00003988
2025-02-05T08:00:00Z,LINKUSDT,0.0001
2025-02-05T16:00:00Z,LINKUSDT,0.00004322
2025-02-06T00:00:00Z,LINKUSDT,0.00005336
2025-02-06T08:00:00Z,LINKUSDT,0.00007076
2025-02-06T16:00:00Z,LINKUSDT,0.00002603
2025-02-07T00:00:00Z,LINKUSDT,-0.00006672
2025-02-07T08:00:00Z,LINKUSDT,-0.00005036
2025-02-07T16:00:00Z,LINKUSDT,-0.00000908
2025-02-08T00:00:00Z,LINKUSDT,0.000019
2025-02-08T08:00:00Z,LINKUSDT,0.00004547
2025-02-08T16:00:00Z,LINKUSDT,-0.00006651
2025-02-09T00:00:00Z,LINKUSDT,-0.0000189
2025-02-09T08:00:00Z,LINKUSDT,0.00002603
2025-02-09T16:00:00Z,LINKUSDT,0.0001
2025-02-10T00:00:00Z,LINKUSDT,0.00005324
2025-02-10T08:00:00Z,LINKUSDT,0.00009505
2025-02-10T16:00:00Z,LINKUSDT,0.00001638
2025-02-11T00:00:00Z,LINKUSDT,-0.00000329
2025-02-11T08:00:00Z,LINKUSDT,0.0001
2025-02-11T16:00:00Z,LINKUSDT,0.0001
2025-02-12T00:00:00Z,LINKUSDT,-0.00004389
2025-02-12T08:00:00Z,LINKUSDT,-0.00006757
2025-02-12T16:00:00Z,LINKUSDT,0.00006594
2025-02-13T00:00:00Z,LINKUSDT,0.00005984
2025-02-13T08:00:00Z,LINKUSDT,-0.0000022
2025-02-13T16:00:00Z,LINKUSDT,0.00000048
2025-02-14T00:00:00Z,LINKUSDT,-0.00002762
2025-02-14T08:00:00Z,LINKUSDT,0.000027
2025-02-14T16:00:00Z,LINKUSDT,0.0001
2025-02-15T00:00:00Z,LINKUSDT,0.0001
2025-02-15T08:00:00Z,LINKUSDT,0.0001
2025-02-15T16:00:00Z,LINKUSDT,0.00004592
2025-02-16T00:00:00Z,LINKUSDT,0.00001087
2025-02-16T08:00:00Z,LINKUSDT,0.00009558
2025-02-16T16:00:00Z,LINKUSDT,0.0001
2025-02-17T00:00:00Z,LINKUSDT,0.00009619
2025-02-17T08:00:00Z,LINKUSDT,0.00001381
2025-02-17T16:00:00Z,LINKUSDT,0.0001
2025-02-18T00:00:00Z,LINKUSDT,0.00002384
2025-02-18T08:00:00Z,LINKUSDT,-0.00006199
2025-02-18T16:00:00Z,LINKUSDT,-0.00017877
2025-02-19T00:00:00Z,LINKUSDT,-0.00001268
2025-02-19T08:00:00Z,LINKUSDT,0.00002287
2025-02-19T16:00:00Z,LINKUSDT,0.00000986
2025-02-20T00:00:00Z,LINKUSDT,0.00002434
2025-02-20T08:00:00Z,LINKUSDT,0.00005586
2025-02-20T16:00:00Z,LINKUSDT,0.0001
2025-02-21T00:00:00Z,LINKUSDT,0.0001
2025-02-21T08:00:00Z,LINKUSDT,0.0001
2025-02-21T16:00:00Z,LINKUSDT,0.0000882
2025-02-22T00:00:00Z,LINKUSDT,0.0001
2025-02-22T08:00:00Z,LINKUSDT,0.0001
2025-02-22T16:00:00Z,LINKUSDT,0.0001
2025-02-23T00:00:00Z,LINKUSDT,0.0001
2025-02-23T08:00:00Z,LINKUSDT,0.0001
2025-02-23T16:00:00Z,LINKUSDT,0.0001
2025-02-24T00:00:00Z,LINKUSDT,0.0001
2025-02-24T08:00:00Z,LINKUSDT,0.0001
2025-02-24T16:00:00Z,LINKUSDT,0.0001
2025-02-25T00:00:00Z,LINKUSDT,0.0001
2025-02-25T08:00:00Z,LINKUSDT,0.00008877
2025-02-25T16:00:00Z,LINKUSDT,0.00001298
2025-02-26T00:00:00Z,LINKUSDT,0.0001
2025-02-26T08:00:00Z,LINKUSDT,0.0001
2025-02-26T16:00:00Z,LINKUSDT,0.0001
2025-02-27T00:00:00Z,LINKUSDT,0.0001
2025-02-27T08:00:00Z,LINKUSDT,0.00006852
2025-02-27T16:00:00Z,LINKUSDT,0.0001
2025-02-28T00:00:00Z,LINKUSDT,0.0001
2025-02-28T08:00:00Z,LINKUSDT,0.0001
2025-02-28T16:00:00Z,LINKUSDT,0.00001066
2025-03-01T00:00:00Z,LINKUSDT,0.0001
2025-03-01T08:00:00Z,LINKUSDT,0.0001
2025-03-01T16:00:00Z,LINKUSDT,-0.00000245
2025-03-02T00:00:00Z,LINKUSDT,0.0001
2025-03-02T08:00:00Z,LINKUSDT,0.0001
2025-03-02T16:00:00Z,LINKUSDT,0.0001
2025-03-03T00:00:00Z,LINKUSDT,0.0001
2025-03-03T08:00:00Z,LINKUSDT,0.0001
2025-03-03T16:00:00Z,LINKUSDT,0.0001
2025-03-04T00:00:00Z,LINKUSDT,0.0001
2025-03-04T08:00:00Z,LINKUSDT,-0.00008976
2025-03-04T16:00:00Z,LINKUSDT,-0.00005238
2025-03-05T00:00:00Z,LINKUSDT,-0.00011754
2025-03-05T08:00:00Z,LINKUSDT,-0.00002741
2025-03-05T16:00:00Z,LINKUSDT,0.0001
2025-03-06T00:00:00Z,LINKUSDT,0.0001
2025-03-06T08:00:00Z,LINKUSDT,0.0000017
2025-03-06T16:00:00Z,LINKUSDT,0.00008358
2025-03-07T00:00:00Z,LINKUSDT,-0.00002731
2025-03-07T08:00:00Z,LINKUSDT,0.00000829
2025-03-07T16:00:00Z,LINKUSDT,0.00005534
2025-03-08T00:00:00Z,LINKUSDT,0.00005357
2025-03-08T08:00:00Z,LINKUSDT,-0.00019757
2025-03-08T16:00:00Z,LINKUSDT,-0.00008972
2025-03-09T00:00:00Z,LINKUSDT,-0.00001916
2025-03-09T08:00:00Z,LINKUSDT,-0.00005358
2025-03-09T16:00:00Z,LINKUSDT,0.0001
2025-03-10T00:00:00Z,LINKUSDT,-0.00008728
2025-03-10T08:00:00Z,LINKUSDT,-0.0002195
2025-03-10T16:00:00Z,LINKUSDT,-0.00011911
2025-03-11T00:00:00Z,LINKUSDT,-0.00022596
2025-03-11T08:00:00Z,LINKUSDT,-0.00019179
2025-03-11T16:00:00Z,LINKUSDT,-0.00002749
2025-03-12T00:00:00Z,LINKUSDT,0.00000821
2025-03-12T08:00:00Z,LINKUSDT,0.00002061
2025-03-12T16:00:00Z,LINKUSDT,0.00004352
2025-03-13T00:00:00Z,LINKUSDT,0.0001
2025-03-13T08:00:00Z,LINKUSDT,-0.00001656
2025-03-13T16:00:00Z,LINKUSDT,0.0001
2025-03-14T00:00:00Z,LINKUSDT,0.00006334
2025-03-14T08:00:00Z,LINKUSDT,0.0001
2025-03-14T16:00:00Z,LINKUSDT,0.00001592
2025-03-15T00:00:00Z,LINKUSDT,0.0001
2025-03-15T08:00:00Z,LINKUSDT,0.00000652
2025-03-15T16:00:00Z,LINKUSDT,-0.00009713
2025-03-16T00:00:00Z,LINKUSDT,0.00002692
2025-03-16T08:00:00Z,LINKUSDT,0.0001
2025-03-16T16:00:00Z,LINKUSDT,0.00008596
2025-03-17T00:00:00Z,LINKUSDT,0.00000385
2025-03-17T08:00:00Z,LINKUSDT,0.00008987
2025-03-17T16:00:00Z,LINKUSDT,0.00007233
2025-03-18T00:00:00Z,LINKUSDT,0.0001
2025-03-18T08:00:00Z,LINKUSDT,0.00006258
2025-03-18T16:00:00Z,LINKUSDT,0.00000612
2025-03-19T00:00:00Z,LINKUSDT,0.0001
2025-03-19T08:00:00Z,LINKUSDT,0.0001
2025-03-19T16:00:00Z,LINKUSDT,0.0001
2025-03-20T00:00:00Z,LINKUSDT,0.0001
2025-03-20T08:00:00Z,LINKUSDT,0.0001
2025-03-20T16:00:00Z,LINKUSDT,0.00000606
2025-03-21T00:00:00Z,LINKUSDT,0.00004078
2025-03-21T08:00:00Z,LINKUSDT,0.00001097
2025-03-21T16:00:00Z,LINKUSDT,-0.00007913
2025-03-22T00:00:00Z,LINKUSDT,-0.00015202
2025-03-22T08:00:00Z,LINKUSDT,-0.00005336
2025-03-22T16:00:00Z,LINKUSDT,0.0001
2025-03-23T00:00:00Z,LINKUSDT,0.0001
2025-03-23T08:00:00Z,LINKUSDT,0.0001
2025-03-23T16:00:00Z,LINKUSDT,0.0001
2025-03-24T00:00:00Z,LINKUSDT,0.0001
2025-03-24T08:00:00Z,LINKUSDT,0.00009042
2025-03-24T16:00:00Z,LINKUSDT,0.0001
2025-03-25T00:00:00Z,LINKUSDT,0.0001
2025-03-25T08:00:00Z,LINKUSDT,0.0001
2025-03-25T16:00:00Z,LINKUSDT,0.00006116
2025-03-26T00:00:00Z,LINKUSDT,0.0001
2025-03-26T08:00:00Z,LINKUSDT,0.00004315
2025-03-26T16:00:00Z,LINKUSDT,0.0001
2025-03-27T00:00:00Z,LINKUSDT,0.0001
2025-03-27T08:00:00Z,LINKUSDT,-0.00004715
2025-03-27T16:00:00Z,LINKUSDT,0.00004093
2025-03-28T00:00:00Z,LINKUSDT,-0.00006199
2025-03-28T08:00:00Z,LINKUSDT,-0.00009438
2025-03-28T16:00:00Z,LINKUSDT,0.0000286
2025-03-29T00:00:00Z,LINKUSDT,0.00001308
2025-03-29T08:00:00Z,LINKUSDT,0.00003335
2025-03-29T16:00:00Z,LINKUSDT,-0.00001938
2025-03-30T00:00:00Z,LINKUSDT,0.00004129
2025-03-30T08:00:00Z,LINKUSDT,-0.00015579
2025-03-30T16:00:00Z,LINKUSDT,0.00000431
2025-03-31T00:00:00Z,LINKUSDT,-0.0000357
2025-03-31T08:00:00Z,LINKUSDT,0.00000667
2025-03-31T16:00:00Z,LINKUSDT,-0.00002752
2025-04-01T00:00:00Z,LINKUSDT,0.00000419
2025-04-01T08:00:00Z,LINKUSDT,0.0001
2025-04-01T16:00:00Z,LINKUSDT,0.0001
2025-04-02T00:00:00Z,LINKUSDT,0.00009504
2025-04-02T08:00:00Z,LINKUSDT,0.0001
2025-04-02T16:00:00Z,LINKUSDT,0.00008431
2025-04-03T00:00:00Z,LINKUSDT,0.00001528
2025-04-03T08:00:00Z,LINKUSDT,0.0001
2025-04-03T16:00:00Z,LINKUSDT,-0.00002058
2025-04-04T00:00:00Z,LINKUSDT,-0.00001694
2025-04-04T08:00:00Z,LINKUSDT,0.00006766
2025-04-04T16:00:00Z,LINKUSDT,-0.00004665
2025-04-05T00:00:00Z,LINKUSDT,0.00007645
2025-04-05T08:00:00Z,LINKUSDT,0.0001
2025-04-05T16:00:00Z,LINKUSDT,0.0001
2025-04-06T00:00:00Z,LINKUSDT,0.00006432
2025-04-06T08:00:00Z,LINKUSDT,0.00004984
2025-04-06T16:00:00Z,LINKUSDT,-0.00003114
2025-04-07T00:00:00Z,LINKUSDT,-0.00003466
2025-04-07T08:00:00Z,LINKUSDT,0.00002457
2025-04-07T16:00:00Z,LINKUSDT,-0.00005203
2025-04-08T00:00:00Z,LINKUSDT,-0.00008582
2025-04-08T08:00:00Z,LINKUSDT,0.0001
2025-04-08T16:00:00Z,LINKUSDT,0.00002509
2025-04-09T00:00:00Z,LINKUSDT,0.00007071
2025-04-09T08:00:00Z,LINKUSDT,0.00001863
2025-04-09T16:00:00Z,LINKUSDT,0.0001
2025-04-10T00:00:00Z,LINKUSDT,0.00000567
2025-04-10T08:00:00Z,LINKUSDT,0.00006813
2025-04-10T16:00:00Z,LINKUSDT,0.00005695
2025-04-11T00:00:00Z,LINKUSDT,0.0000868
2025-04-11T08:00:00Z,LINKUSDT,0.00000536
2025-04-11T16:00:00Z,LINKUSDT,0.00001718
2025-04-12T00:00:00Z,LINKUSDT,0.00004743
2025-04-12T08:00:00Z,LINKUSDT,-0.00001738
2025-04-12T16:00:00Z,LINKUSDT,-0.00005617
2025-04-13T00:00:00Z,LINKUSDT,-0.00000397
2025-04-13T08:00:00Z,LINKUSDT,-0.00005037
2025-04-13T16:00:00Z,LINKUSDT,0.0001
2025-04-14T00:00:00Z,LINKUSDT,-0.00001712
2025-04-14T08:00:00Z,LINKUSDT,0.00002211
2025-04-14T16:00:00Z,LINKUSDT,0.00004528
2025-04-15T00:00:00Z,LINKUSDT,0.00003709
2025-04-15T08:00:00Z,LINKUSDT,-0.00002363
2025-04-15T16:00:00Z,LINKUSDT,-0.00005432
2025-04-16T00:00:00Z,LINKUSDT,0.00002379
2025-04-16T08:00:00Z,LINKUSDT,0.00004917
2025-04-16T16:00:00Z,LINKUSDT,0.00007018
2025-04-17T00:00:00Z,LINKUSDT,0.00006448
2025-04-17T08:00:00Z,LINKUSDT,0.0001
2025-04-17T16:00:00Z,LINKUSDT,0.00005083
2025-04-18T00:00:00Z,LINKUSDT,0.0001
2025-04-18T08:00:00Z,LINKUSDT,0.0001
2025-04-18T16:00:00Z,LINKUSDT,0.00004598
2025-04-19T00:00:00Z,LINKUSDT,0.0001
2025-04-19T08:00:00Z,LINKUSDT,0.00002862
2025-04-19T16:00:00Z,LINKUSDT,-0.00001794
2025-04-20T00:00:00Z,LINKUSDT,0.0001
2025-04-20T08:00:00Z,LINKUSDT,0.00008291
2025-04-20T16:00:00Z,LINKUSDT,0.0001
2025-04-21T00:00:00Z,LINKUSDT,0.00005644
2025-04-21T08:00:00Z,LINKUSDT,0.00003628
2025-04-21T16:00:00Z,LINKUSDT,0.00003605
2025-04-22T00:00:00Z,LINKUSDT,0.00004506
2025-04-22T08:00:00Z,LINKUSDT,0.00001069
2025-04-22T16:00:00Z,LINKUSDT,0.0001
2025-04-23T00:00:00Z,LINKUSDT,0.0001
2025-04-23T08:00:00Z,LINKUSDT,0.0001
2025-04-23T16:00:00Z,LINKUSDT,0.0001
2025-04-24T00:00:00Z,LINKUSDT,0.0001
2025-04-24T08:00:00Z,LINKUSDT,0.00007766
2025-04-24T16:00:00Z,LINKUSDT,0.0001
2025-04-25T00:00:00Z,LINKUSDT,0.0001
2025-04-25T08:00:00Z,LINKUSDT,0.0001
2025-04-25T16:00:00Z,LINKUSDT,0.0001
2025-04-26T00:00:00Z,LINKUSDT,0.00007316
2025-04-26T08:00:00Z,LINKUSDT,0.0000481
2025-04-26T16:00:00Z,LINKUSDT,0.00000236
2025-04-27T00:00:00Z,LINKUSDT,0.00009201
2025-04-27T08:00:00Z,LINKUSDT,0.0000719
2025-04-27T16:00:00Z,LINKUSDT,0.0001
2025-04-28T00:00:00Z,LINKUSDT,0.00009241
2025-04-28T08:00:00Z,LINKUSDT,0.0001
2025-04-28T16:00:00Z,LINKUSDT,0.00001986
2025-04-29T00:00:00Z,LINKUSDT,0.0001
2025-04-29T08:00:00Z,LINKUSDT,0.0001
2025-04-29T16:00:00Z,LINKUSDT,-0.00000296
2025-04-30T00:00:00Z,LINKUSDT,-0.00008158
2025-04-30T08:00:00Z,LINKUSDT,-0.00009672
2025-04-30T16:00:00Z,LINKUSDT,-0.00004109
2025-05-01T00:00:00Z,LINKUSDT,0.00005763
2025-05-01T08:00:00Z,LINKUSDT,0.0001
2025-05-01T16:00:00Z,LINKUSDT,0.0001
2025-05-02T00:00:00Z,LINKUSDT,0.0001
2025-05-02T08:00:00Z,LINKUSDT,0.0001
2025-05-02T16:00:00Z,LINKUSDT,0.0001
2025-05-03T00:00:00Z,LINKUSDT,0.0001
2025-05-03T08:00:00Z,LINKUSDT,0.00007988
2025-05-03T16:00:00Z,LINKUSDT,0.00005611
2025-05-04T00:00:00Z,LINKUSDT,0.00008668
2025-05-04T08:00:00Z,LINKUSDT,0.00008266
2025-05-04T16:00:00Z,LINKUSDT,-0.00000501
2025-05-05T00:00:00Z,LINKUSDT,0.0001
2025-05-05T08:00:00Z,LINKUSDT,0.0001
2025-05-05T16:00:00Z,LINKUSDT,0.00003146
2025-05-06T00:00:00Z,LINKUSDT,-0.00007989
2025-05-06T08:00:00Z,LINKUSDT,-0.00005311
2025-05-06T16:00:00Z,LINKUSDT,0.00005133
2025-05-07T00:00:00Z,LINKUSDT,0.0000578
2025-05-07T08:00:00Z,LINKUSDT,-0.00002256
2025-05-07T16:00:00Z,LINKUSDT,-0.00010791
2025-05-08T00:00:00Z,LINKUSDT,0.00007649
2025-05-08T08:00:00Z,LINKUSDT,0.00008647
2025-05-08T16:00:00Z,LINKUSDT,0.00008744
2025-05-09T00:00:00Z,LINKUSDT,0.00008116
2025-05-09T08:00:00Z,LINKUSDT,0.00005371
2025-05-09T16:00:00Z,LINKUSDT,0.0001
2025-05-10T00:00:00Z,LINKUSDT,0.0001
2025-05-10T08:00:00Z,LINKUSDT,0.0001
2025-05-10T16:00:00Z,LINKUSDT,0.0001
2025-05-11T00:00:00Z,LINKUSDT,0.0001
2025-05-11T08:00:00Z,LINKUSDT,0.00008109
2025-05-11T16:00:00Z,LINKUSDT,-0.00011978
2025-05-12T00:00:00Z,LINKUSDT,0.0000554
2025-05-12T08:00:00Z,LINKUSDT,0.0001
2025-05-12T16:00:00Z,LINKUSDT,0.00006113
2025-05-13T00:00:00Z,LINKUSDT,0.00008947
2025-05-13T08:00:00Z,LINKUSDT,0.0001
2025-05-13T16:00:00Z,LINKUSDT,0.00009707
2025-05-14T00:00:00Z,LINKUSDT,0.0001
2025-05-14T08:00:00Z,LINKUSDT,0.0001
2025-05-14T16:00:00Z,LINKUSDT,0.0001
2025-05-15T00:00:00Z,LINKUSDT,0.0001
2025-05-15T08:00:00Z,LINKUSDT,0.0001
2025-05-15T16:00:00Z,LINKUSDT,-0.00009992
2025-05-16T00:00:00Z,LINKUSDT,-0.00008491
2025-05-16T08:00:00Z,LINKUSDT,0.0001
2025-05-16T16:00:00Z,LINKUSDT,0.0001
2025-05-17T00:00:00Z,LINKUSDT,0.00003427
2025-05-17T08:00:00Z,LINKUSDT,0.0001
2025-05-17T16:00:00Z,LINKUSDT,0.00005487
2025-05-18T00:00:00Z,LINKUSDT,0.00007284
2025-05-18T08:00:00Z,LINKUSDT,0.0001
2025-05-18T16:00:00Z,LINKUSDT,0.0001
2025-05-19T00:00:00Z,LINKUSDT,-0.00007352
2025-05-19T08:00:00Z,LINKUSDT,0.00000386
2025-05-19T16:00:00Z,LINKUSDT,0.0001
2025-05-20T00:00:00Z,LINKUSDT,0.0001
2025-05-20T08:00:00Z,LINKUSDT,0.0001
2025-05-20T16:00:00Z,LINKUSDT,0.00004297
2025-05-21T00:00:00Z,LINKUSDT,0.00000028
2025-05-21T08:00:00Z,LINKUSDT,-0.00001232
2025-05-21T16:00:00Z,LINKUSDT,0.0001
2025-05-22T00:00:00Z,LINKUSDT,0.00007452
2025-05-22T08:00:00Z,LINKUSDT,0.0001
2025-05-22T16:00:00Z,LINKUSDT,0.0001
2025-05-23T00:00:00Z,LINKUSDT,0.0001
2025-05-23T08:00:00Z,LINKUSDT,0.0001
2025-05-23T16:00:00Z,LINKUSDT,0.0001
2025-05-24T00:00:00Z,LINKUSDT,0.0001
2025-05-24T08:00:00Z,LINKUSDT,0.0001
2025-05-24T16:00:00Z,LINKUSDT,0.0001
2025-05-25T00:00:00Z,LINKUSDT,0.00002559
2025-05-25T08:00:00Z,LINKUSDT,0.0001
2025-05-25T16:00:00Z,LINKUSDT,0.0001
2025-05-26T00:00:00Z,LINKUSDT,0.00002533
2025-05-26T08:00:00Z,LINKUSDT,0.00004571
2025-05-26T16:00:00Z,LINKUSDT,-0.00000265
2025-05-27T00:00:00Z,LINKUSDT,0.0000562
2025-05-27T08:00:00Z,LINKUSDT,0.00008588
2025-05-27T16:00:00Z,LINKUSDT,0.0001
2025-05-28T00:00:00Z,LINKUSDT,0.0001
2025-05-28T08:00:00Z,LINKUSDT,0.0001
2025-05-28T16:00:00Z,LINKUSDT,0.0001
2025-05-29T00:00:00Z,LINKUSDT,0.0001
2025-05-29T08:00:00Z,LINKUSDT,0.0001
2025-05-29T16:00:00Z,LINKUSDT,-0.00008729
2025-05-30T00:00:00Z,LINKUSDT,-0.0001676
2025-05-30T08:00:00Z,LINKUSDT,0.00002592
2025-05-30T16:00:00Z,LINKUSDT,0.00008076
2025-05-31T00:00:00Z,LINKUSDT,-0.00001038
2025-05-31T08:00:00Z,LINKUSDT,-0.0001331
2025-05-31T16:00:00Z,LINKUSDT,-0.00000735
2025-06-01T00:00:00Z,LINKUSDT,-0.00005209
2025-06-01T08:00:00Z,LINKUSDT,-0.00026771
2025-06-01T16:00:00Z,LINKUSDT,0.00001288
2025-06-02T00:00:00Z,LINKUSDT,0.00006608
2025-06-02T08:00:00Z,LINKUSDT,0.00005635
2025-06-02T16:00:00Z,LINKUSDT,0.00009182
2025-06-03T00:00:00Z,LINKUSDT,0.0001
2025-06-03T08:00:00Z,LINKUSDT,0.0001
2025-06-03T16:00:00Z,LINKUSDT,0.00009489
2025-06-04T00:00:00Z,LINKUSDT,-0.00001334
2025-06-04T08:00:00Z,LINKUSDT,0.0001
2025-06-04T16:00:00Z,LINKUSDT,-0.0000856
2025-06-05T00:00:00Z,LINKUSDT,0.00003612
2025-06-05T08:00:00Z,LINKUSDT,0.00006342
2025-06-05T16:00:00Z,LINKUSDT,-0.0000181
2025-06-06T00:00:00Z,LINKUSDT,-0.00009614
2025-06-06T08:00:00Z,LINKUSDT,-0.00003613
2025-06-06T16:00:00Z,LINKUSDT,0.0001
2025-06-07T00:00:00Z,LINKUSDT,0.00005503
2025-06-07T08:00:00Z,LINKUSDT,0.0001
2025-06-07T16:00:00Z,LINKUSDT,-0.00005813
2025-06-08T00:00:00Z,LINKUSDT,-0.00015389
2025-06-08T08:00:00Z,LINKUSDT,0.00006217
2025-06-08T16:00:00Z,LINKUSDT,0.0001
2025-06-09T00:00:00Z,LINKUSDT,0.00009964
2025-06-09T08:00:00Z,LINKUSDT,0.00000329
2025-06-09T16:00:00Z,LINKUSDT,0.00009902
2025-06-10T00:00:00Z,LINKUSDT,0.0001
2025-06-10T08:00:00Z,LINKUSDT,0.00004098
2025-06-10T16:00:00Z,LINKUSDT,0.0001
2025-06-11T00:00:00Z,LINKUSDT,0.0001
2025-06-11T08:00:00Z,LINKUSDT,0.0001
2025-06-11T16:00:00Z,LINKUSDT,0.0001
2025-06-12T00:00:00Z,LINKUSDT,0.00006885
2025-06-12T08:00:00Z,LINKUSDT,-0.00003445
2025-06-12T16:00:00Z,LINKUSDT,0.00001427
2025-06-13T00:00:00Z,LINKUSDT,0.0001
2025-06-13T08:00:00Z,LINKUSDT,-0.00022004
2025-06-13T16:00:00Z,LINKUSDT,-0.00002433
2025-06-14T00:00:00Z,LINKUSDT,0.00003088
2025-06-14T08:00:00Z,LINKUSDT,-0.00001154
2025-06-14T16:00:00Z,LINKUSDT,-0.00013548
2025-06-15T00:00:00Z,LINKUSDT,-0.00007713
2025-06-15T08:00:00Z,LINKUSDT,-0.00000326
2025-06-15T16:00:00Z,LINKUSDT,-0.00002139
2025-06-16T00:00:00Z,LINKUSDT,-0.00002657
2025-06-16T08:00:00Z,LINKUSDT,0.0001
2025-06-16T16:00:00Z,LINKUSDT,0.00004752
2025-06-17T00:00:00Z,LINKUSDT,0.00004742
2025-06-17T08:00:00Z,LINKUSDT,0.00007933
2025-06-17T16:00:00Z,LINKUSDT,0.00003914
2025-06-18T00:00:00Z,LINKUSDT,-0.00003245
2025-06-18T08:00:00Z,LINKUSDT,-0.00003899
2025-06-18T16:00:00Z,LINKUSDT,-0.00008976
2025-06-19T00:00:00Z,LINKUSDT,0.00002716
2025-06-19T08:00:00Z,LINKUSDT,0.000027
2025-06-19T16:00:00Z,LINKUSDT,-0.00000788
2025-06-20T00:00:00Z,LINKUSDT,0.00003106
2025-06-20T08:00:00Z,LINKUSDT,0.00006971
2025-06-20T16:00:00Z,LINKUSDT,0.00000134
2025-06-21T00:00:00Z,LINKUSDT,-0.00003704
2025-06-21T08:00:00Z,LINKUSDT,0.00004653
2025-06-21T16:00:00Z,LINKUSDT,-0.00007396
2025-06-22T00:00:00Z,LINKUSDT,0.00009232
2025-06-22T08:00:00Z,LINKUSDT,0.00001161
2025-06-22T16:00:00Z,LINKUSDT,-0.00004921
2025-06-23T00:00:00Z,LINKUSDT,-0.00003971
2025-06-23T08:00:00Z,LINKUSDT,0.00001139
2025-06-23T16:00:00Z,LINKUSDT,-0.00001859
2025-06-24T00:00:00Z,LINKUSDT,0.0000627
2025-06-24T08:00:00Z,LINKUSDT,0.00004552
2025-06-24T16:00:00Z,LINKUSDT,0.00005758
2025-06-25T00:00:00Z,LINKUSDT,-0.00002043
2025-06-25T08:00:00Z,LINKUSDT,0.0001
2025-06-25T16:00:00Z,LINKUSDT,0.0000137
2025-06-26T00:00:00Z,LINKUSDT,0.00004382
2025-06-26T08:00:00Z,LINKUSDT,0.00001795
2025-06-26T16:00:00Z,LINKUSDT,-0.00004052
2025-06-27T00:00:00Z,LINKUSDT,0.0000159
2025-06-27T08:00:00Z,LINKUSDT,0.00004687
2025-06-27T16:00:00Z,LINKUSDT,0.00002855
2025-06-28T00:00:00Z,LINKUSDT,0.00008094
2025-06-28T08:00:00Z,LINKUSDT,0.0001
2025-06-28T16:00:00Z,LINKUSDT,0.0001
2025-06-29T00:00:00Z,LINKUSDT,0.00009762
2025-06-29T08:00:00Z,LINKUSDT,0.00004562
2025-06-29T16:00:00Z,LINKUSDT,-0.00002024
2025-06-30T00:00:00Z,LINKUSDT,0.00008022
2025-06-30T08:00:00Z,LINKUSDT,-0.00009193
2025-06-30T16:00:00Z,LINKUSDT,0.00009412
2025-07-01T00:00:00Z,LINKUSDT,0.0001
2025-07-01T08:00:00Z,LINKUSDT,-0.00004954
2025-07-01T16:00:00Z,LINKUSDT,-0.00001979
2025-07-02T00:00:00Z,LINKUSDT,-0.00000238
2025-07-02T08:00:00Z,LINKUSDT,0.00007098
2025-07-02T16:00:00Z,LINKUSDT,0.00009513
2025-07-03T00:00:00Z,LINKUSDT,0.0001
2025-07-03T08:00:00Z,LINKUSDT,0.0001
2025-07-03T16:00:00Z,LINKUSDT,0.00006761
2025-07-04T00:00:00Z,LINKUSDT,0.00002212
2025-07-04T08:00:00Z,LINKUSDT,0.00001079
2025-07-04T16:00:00Z,LINKUSDT,-0.00003436
2025-07-05T00:00:00Z,LINKUSDT,-0.00004234
2025-07-05T08:00:00Z,LINKUSDT,0.00003871
2025-07-05T16:00:00Z,LINKUSDT,0.00003519
2025-07-06T00:00:00Z,LINKUSDT,0.0001
2025-07-06T08:00:00Z,LINKUSDT,0.00004841
2025-07-06T16:00:00Z,LINKUSDT,0.0001
2025-07-07T00:00:00Z,LINKUSDT,0.0001
2025-07-07T08:00:00Z,LINKUSDT,0.00009457
2025-07-07T16:00:00Z,LINKUSDT,0.00004657
2025-07-08T00:00:00Z,LINKUSDT,0.00003603
2025-07-08T08:00:00Z,LINKUSDT,-0.00004026
2025-07-08T16:00:00Z,LINKUSDT,0.00001566
2025-07-09T00:00:00Z,LINKUSDT,0.00009244
2025-07-09T08:00:00Z,LINKUSDT,0.00005564
2025-07-09T16:00:00Z,LINKUSDT,0.00004132
2025-07-10T00:00:00Z,LINKUSDT,-0.00000715
2025-07-10T08:00:00Z,LINKUSDT,0.0001
2025-07-10T16:00:00Z,LINKUSDT,0.0001
2025-07-11T00:00:00Z,LINKUSDT,0.0001
2025-07-11T08:00:00Z,LINKUSDT,0.0001
2025-07-11T16:00:00Z,LINKUSDT,0.0001
2025-07-12T00:00:00Z,LINKUSDT,0.0001
2025-07-12T08:00:00Z,LINKUSDT,0.0001
2025-07-12T16:00:00Z,LINKUSDT,0.0001
2025-07-13T00:00:00Z,LINKUSDT,0.0001
2025-07-13T08:00:00Z,LINKUSDT,0.0001
2025-07-13T16:00:00Z,LINKUSDT,0.0001
2025-07-14T00:00:00Z,LINKUSDT,0.0001
2025-07-14T08:00:00Z,LINKUSDT,0.0001
2025-07-14T16:00:00Z,LINKUSDT,0.0001
2025-07-15T00:00:00Z,LINKUSDT,0.00009463
2025-07-15T08:00:00Z,LINKUSDT,0.0001
2025-07-15T16:00:00Z,LINKUSDT,0.0001
2025-07-16T00:00:00Z,LINKUSDT,0.0001
2025-07-16T08:00:00Z,LINKUSDT,0.0001
2025-07-16T16:00:00Z,LINKUSDT,0.0001
2025-07-17T00:00:00Z,LINKUSDT,0.0001
2025-07-17T08:00:00Z,LINKUSDT,0.0001
2025-07-17T16:00:00Z,LINKUSDT,0.0001
2025-07-18T00:00:00Z,LINKUSDT,0.0001
2025-07-18T08:00:00Z,LINKUSDT,0.00022667
2025-07-18T16:00:00Z,LINKUSDT,0.0001
2025-07-19T00:00:00Z,LINKUSDT,0.0001
2025-07-19T08:00:00Z,LINKUSDT,0.0001
2025-07-19T16:00:00Z,LINKUSDT,0.0001
2025-07-20T00:00:00Z,LINKUSDT,0.0001
2025-07-20T08:00:00Z,LINKUSDT,0.0001
2025-07-20T16:00:00Z,LINKUSDT,0.0001
2025-07-21T00:00:00Z,LINKUSDT,0.0001
2025-07-21T08:00:00Z,LINKUSDT,0.0001
2025-07-21T16:00:00Z,LINKUSDT,0.0001
2025-07-22T00:00:00Z,LINKUSDT,0.0001
2025-07-22T08:00:00Z,LINKUSDT,0.0001
2025-07-22T16:00:00Z,LINKUSDT,0.0001
2025-07-23T00:00:00Z,LINKUSDT,0.0001
2025-07-23T08:00:00Z,LINKUSDT,0.00015647
2025-07-23T16:00:00Z,LINKUSDT,0.0001
2025-07-24T00:00:00Z,LINKUSDT,0.0001
2025-07-24T08:00:00Z,LINKUSDT,0.0001
2025-07-24T16:00:00Z,LINKUSDT,0.0001
2025-07-25T00:00:00Z,LINKUSDT,0.0001
2025-07-25T08:00:00Z,LINKUSDT,0.0001
2025-07-25T16:00:00Z,LINKUSDT,0.0001
2025-07-26T00:00:00Z,LINKUSDT,0.0001
2025-07-26T08:00:00Z,LINKUSDT,0.0001
2025-07-26T16:00:00Z,LINKUSDT,0.0001
2025-07-27T00:00:00Z,LINKUSDT,0.0001
2025-07-27T08:00:00Z,LINKUSDT,0.0001
2025-07-27T16:00:00Z,LINKUSDT,0.0001
2025-07-28T00:00:00Z,LINKUSDT,0.0001
2025-07-28T08:00:00Z,LINKUSDT,0.0001
2025-07-28T16:00:00Z,LINKUSDT,0.0001
2025-07-29T00:00:00Z,LINKUSDT,0.0001
2025-07-29T08:00:00Z,LINKUSDT,0.0001
2025-07-29T16:00:00Z,LINKUSDT,0.0001
2025-07-30T00:00:00Z,LINKUSDT,0.0001
2025-07-30T08:00:00Z,LINKUSDT,0.0001
2025-07-30T16:00:00Z,LINKUSDT,0.00004202
2025-07-31T00:00:00Z,LINKUSDT,0.00002351
2025-07-31T08:00:00Z,LINKUSDT,0.0001
2025-07-31T16:00:00Z,LINKUSDT,0.0001
2025-08-01T00:00:00Z,LINKUSDT,0.0001
2025-08-01T08:00:00Z,LINKUSDT,0.0001
2025-08-01T16:00:00Z,LINKUSDT,0.00005654
2025-08-02T00:00:00Z,LINKUSDT,0.00001438
2025-08-02T08:00:00Z,LINKUSDT,0.00005307
2025-08-02T16:00:00Z,LINKUSDT,0.00009837
2025-08-03T00:00:00Z,LINKUSDT,0.00001801
2025-08-03T08:00:00Z,LINKUSDT,-0.00004758
2025-08-03T16:00:00Z,LINKUSDT,0.0000031
2025-08-04T00:00:00Z,LINKUSDT,0.00005445
2025-08-04T08:00:00Z,LINKUSDT,0.0001
2025-08-04T16:00:00Z,LINKUSDT,-0.00002114
2025-08-05T00:00:00Z,LINKUSDT,0.0001
2025-08-05T08:00:00Z,LINKUSDT,0.0001
2025-08-05T16:00:00Z,LINKUSDT,0.0001
2025-08-06T00:00:00Z,LINKUSDT,0.00009782
2025-08-06T08:00:00Z,LINKUSDT,0.00009293
2025-08-06T16:00:00Z,LINKUSDT,0.00003328
2025-08-07T00:00:00Z,LINKUSDT,0.0001
2025-08-07T08:00:00Z,LINKUSDT,0.0001
2025-08-07T16:00:00Z,LINKUSDT,0.00007934
2025-08-08T00:00:00Z,LINKUSDT,0.00009051
2025-08-08T08:00:00Z,LINKUSDT,0.0001
2025-08-08T16:00:00Z,LINKUSDT,0.0001
2025-08-09T00:00:00Z,LINKUSDT,0.0001
2025-08-09T08:00:00Z,LINKUSDT,0.0001
2025-08-09T16:00:00Z,LINKUSDT,0.0001
2025-08-10T00:00:00Z,LINKUSDT,0.0001
2025-08-10T08:00:00Z,LINKUSDT,0.0001
2025-08-10T16:00:00Z,LINKUSDT,0.0001
2025-08-11T00:00:00Z,LINKUSDT,0.0001
2025-08-11T08:00:00Z,LINKUSDT,0.0001
2025-08-11T16:00:00Z,LINKUSDT,0.0001
2025-08-12T00:00:00Z,LINKUSDT,0.0001
2025-08-12T08:00:00Z,LINKUSDT,0.0001
2025-08-12T16:00:00Z,LINKUSDT,0.0001
2025-08-13T00:00:00Z,LINKUSDT,0.0001
2025-08-13T08:00:00Z,LINKUSDT,0.0001
2025-08-13T16:00:00Z,LINKUSDT,0.0001
2025-08-14T00:00:00Z,LINKUSDT,0.0001
2025-08-14T08:00:00Z,LINKUSDT,0.0001
2025-08-14T16:00:00Z,LINKUSDT,0.0001
2025-08-15T00:00:00Z,LINKUSDT,0.0001
2025-08-15T08:00:00Z,LINKUSDT,0.0001
2025-08-15T16:00:00Z,LINKUSDT,0.0001
2025-08-16T00:00:00Z,LINKUSDT,0.0001
2025-08-16T08:00:00Z,LINKUSDT,0.0001
2025-08-16T16:00:00Z,LINKUSDT,0.0001
2025-08-17T00:00:00Z,LINKUSDT,0.00004816
2025-08-17T08:00:00Z,LINKUSDT,0.0001
2025-08-17T16:00:00Z,LINKUSDT,0.0001
2025-08-18T00:00:00Z,LINKUSDT,0.0001
2025-08-18T08:00:00Z,LINKUSDT,0.00007612
2025-08-18T16:00:00Z,LINKUSDT,-0.00000084
2025-08-19T00:00:00Z,LINKUSDT,0.0001
2025-08-19T08:00:00Z,LINKUSDT,0.00003388
2025-08-19T16:00:00Z,LINKUSDT,0.0001
2025-08-20T00:00:00Z,LINKUSDT,0.0001
2025-08-20T08:00:00Z,LINKUSDT,0.0001
2025-08-20T16:00:00Z,LINKUSDT,0.0001
2025-08-21T00:00:00Z,LINKUSDT,0.0001
2025-08-21T08:00:00Z,LINKUSDT,0.0001
2025-08-21T16:00:00Z,LINKUSDT,-0.00004886
2025-08-22T00:00:00Z,LINKUSDT,0.00008918
2025-08-22T08:00:00Z,LINKUSDT,0.00002262
2025-08-22T16:00:00Z,LINKUSDT,0.0001
2025-08-23T00:00:00Z,LINKUSDT,0.0001
2025-08-23T08:00:00Z,LINKUSDT,0.0001
2025-08-23T16:00:00Z,LINKUSDT,0.0001
2025-08-24T00:00:00Z,LINKUSDT,0.0001
2025-08-24T08:00:00Z,LINKUSDT,0.0001
2025-08-24T16:00:00Z,LINKUSDT,0.0001
2025-08-25T00:00:00Z,LINKUSDT,0.0001
2025-08-25T08:00:00Z,LINKUSDT,0.0001
2025-08-25T16:00:00Z,LINKUSDT,0.0001
2025-08-26T00:00:00Z,LINKUSDT,0.00002348
2025-08-26T08:00:00Z,LINKUSDT,0.00003662
2025-08-26T16:00:00Z,LINKUSDT,0.00003535
2025-08-27T00:00:00Z,LINKUSDT,0.0001
2025-08-27T08:00:00Z,LINKUSDT,0.0001
2025-08-27T16:00:00Z,LINKUSDT,0.0001
2025-08-28T00:00:00Z,LINKUSDT,0.0001
2025-08-28T08:00:00Z,LINKUSDT,0.0001
2025-08-28T16:00:00Z,LINKUSDT,0.0001
2025-08-29T00:00:00Z,LINKUSDT,0.00009507
2025-08-29T08:00:00Z,LINKUSDT,-0.00000361
2025-08-29T16:00:00Z,LINKUSDT,0.00004577
2025-08-30T00:00:00Z,LINKUSDT,0.00005944
2025-08-30T08:00:00Z,LINKUSDT,0.0001
2025-08-30T16:00:00Z,LINKUSDT,0.0000313
2025-08-31T00:00:00Z,LINKUSDT,0.00003942
2025-08-31T08:00:00Z,LINKUSDT,0.00007666
2025-08-31T16:00:00Z,LINKUSDT,0.0001
2025-09-01T00:00:00Z,LINKUSDT,0.0001
2025-09-01T08:00:00Z,LINKUSDT,0.00009936
2025-09-01T16:00:00Z,LINKUSDT,0.0001
2025-09-02T00:00:00Z,LINKUSDT,0.0001
2025-09-02T08:00:00Z,LINKUSDT,0.0001
2025-09-02T16:00:00Z,LINKUSDT,0.0001
2025-09-03T00:00:00Z,LINKUSDT,0.0001
2025-09-03T08:00:00Z,LINKUSDT,0.0001
2025-09-03T16:00:00Z,LINKUSDT,0.00009059
2025-09-04T00:00:00Z,LINKUSDT,0.0001
2025-09-04T08:00:00Z,LINKUSDT,0.00008959
2025-09-04T16:00:00Z,LINKUSDT,0.00003637
2025-09-05T00:00:00Z,LINKUSDT,0.0001
2025-09-05T08:00:00Z,LINKUSDT,0.0001
2025-09-05T16:00:00Z,LINKUSDT,0.00008098
2025-09-06T00:00:00Z,LINKUSDT,0.0001
2025-09-06T08:00:00Z,LINKUSDT,0.0001
2025-09-06T16:00:00Z,LINKUSDT,0.0001
2025-09-07T00:00:00Z,LINKUSDT,0.0001
2025-09-07T08:00:00Z,LINKUSDT,0.0001
2025-09-07T16:00:00Z,LINKUSDT,0.0001
2025-09-08T00:00:00Z,LINKUSDT,0.0001
2025-09-08T08:00:00Z,LINKUSDT,0.0001
2025-09-08T16:00:00Z,LINKUSDT,0.0001
2025-09-09T00:00:00Z,LINKUSDT,0.0001
2025-09-09T08:00:00Z,LINKUSDT,0.0001
2025-09-09T16:00:00Z,LINKUSDT,0.0001
2025-09-10T00:00:00Z,LINKUSDT,0.0001
2025-09-10T08:00:00Z,LINKUSDT,0.0001
2025-09-10T16:00:00Z,LINKUSDT,0.0001
2025-09-11T00:00:00Z,LINKUSDT,0.0001
2025-09-11T08:00:00Z,LINKUSDT,0.0001
2025-09-11T16:00:00Z,LINKUSDT,0.0001
2025-09-12T00:00:00Z,LINKUSDT,0.0001
2025-09-12T08:00:00Z,LINKUSDT,0.00005545
2025-09-12T16:00:00Z,LINKUSDT,0.00008277
2025-09-13T00:00:00Z,LINKUSDT,0.0001
2025-09-13T08:00:00Z,LINKUSDT,0.0001
2025-09-13T16:00:00Z,LINKUSDT,0.0001
2025-09-14T00:00:00Z,LINKUSDT,0.0001
2025-09-14T08:00:00Z,LINKUSDT,0.0001
2025-09-14T16:00:00Z,LINKUSDT,0.0001
2025-09-15T00:00:00Z,LINKUSDT,0.0001
2025-09-15T08:00:00Z,LINKUSDT,0.0001
2025-09-15T16:00:00Z,LINKUSDT,0.00007999
2025-09-16T00:00:00Z,LINKUSDT,0.00004243
2025-09-16T08:00:00Z,LINKUSDT,0.00006112
2025-09-16T16:00:00Z,LINKUSDT,0.00002335
2025-09-17T00:00:00Z,LINKUSDT,0.00004474
2025-09-17T08:00:00Z,LINKUSDT,0.00007789
2025-09-17T16:00:00Z,LINKUSDT,0.0001
2025-09-18T00:00:00Z,LINKUSDT,0.0001
2025-09-18T08:00:00Z,LINKUSDT,0.0001
2025-09-18T16:00:00Z,LINKUSDT,0.0001
2025-09-19T00:00:00Z,LINKUSDT,0.0001
2025-09-19T08:00:00Z,LINKUSDT,0.0001
2025-09-19T16:00:00Z,LINKUSDT,0.00007588
2025-09-20T00:00:00Z,LINKUSDT,0.0001
2025-09-20T08:00:00Z,LINKUSDT,0.00003265
2025-09-20T16:00:00Z,LINKUSDT,0.00006753
2025-09-21T00:00:00Z,LINKUSDT,0.0001
2025-09-21T08:00:00Z,LINKUSDT,0.0001
2025-09-21T16:00:00Z,LINKUSDT,0.0001
2025-09-22T00:00:00Z,LINKUSDT,0.0001
2025-09-22T08:00:00Z,LINKUSDT,-0.00004047
2025-09-22T16:00:00Z,LINKUSDT,-0.00001082
2025-09-23T00:00:00Z,LINKUSDT,0.00000981
2025-09-23T08:00:00Z,LINKUSDT,0.00005971
2025-09-23T16:00:00Z,LINKUSDT,0.00005926
2025-09-24T00:00:00Z,LINKUSDT,0.0001
2025-09-24T08:00:00Z,LINKUSDT,0.0001
2025-09-24T16:00:00Z,LINKUSDT,0.0001
2025-09-25T00:00:00Z,LINKUSDT,0.0001
2025-09-25T08:00:00Z,LINKUSDT,0.00009306
2025-09-25T16:00:00Z,LINKUSDT,0.00008886
2025-09-26T00:00:00Z,LINKUSDT,0.0001
2025-09-26T08:00:00Z,LINKUSDT,0.0001
2025-09-26T16:00:00Z,LINKUSDT,0.00006218
2025-09-27T00:00:00Z,LINKUSDT,-0.00005
2025-09-27T08:00:00Z,LINKUSDT,0.0000869
2025-09-27T16:00:00Z,LINKUSDT,0.00008996
2025-09-28T00:00:00Z,LINKUSDT,0.0001
2025-09-28T08:00:00Z,LINKUSDT,0.00005671
2025-09-28T16:00:00Z,LINKUSDT,0.00008969
2025-09-29T00:00:00Z,LINKUSDT,0.00003578
2025-09-29T08:00:00Z,LINKUSDT,-0.00005679
2025-09-29T16:00:00Z,LINKUSDT,-0.00005203
2025-09-30T00:00:00Z,LINKUSDT,0.00008722
2025-09-30T08:00:00Z,LINKUSDT,-0.00005944
2025-09-30T16:00:00Z,LINKUSDT,-0.00005179
2025-10-01T00:00:00Z,LINKUSDT,0.0001
2025-10-01T08:00:00Z,LINKUSDT,0.00008247
2025-10-01T16:00:00Z,LINKUSDT,-0.0000198
2025-10-02T00:00:00Z,LINKUSDT,0.00000557
2025-10-02T08:00:00Z,LINKUSDT,0.0001
2025-10-02T16:00:00Z,LINKUSDT,0.00003254
2025-10-03T00:00:00Z,LINKUSDT,0.00002908
2025-10-03T08:00:00Z,LINKUSDT,0.0001
2025-10-03T16:00:00Z,LINKUSDT,0.0001
2025-10-04T00:00:00Z,LINKUSDT,0.0001
2025-10-04T08:00:00Z,LINKUSDT,0.0001
2025-10-04T16:00:00Z,LINKUSDT,0.0001
2025-10-05T00:00:00Z,LINKUSDT,0.0001
2025-10-05T08:00:00Z,LINKUSDT,0.0001
2025-10-05T16:00:00Z,LINKUSDT,0.0001
2025-10-06T00:00:00Z,LINKUSDT,0.0001
2025-10-06T08:00:00Z,LINKUSDT,0.0001
2025-10-06T16:00:00Z,LINKUSDT,0.0001
2025-10-07T00:00:00Z,LINKUSDT,0.0001
2025-10-07T08:00:00Z,LINKUSDT,0.0001
2025-10-07T16:00:00Z,LINKUSDT,0.0001
2025-10-08T00:00:00Z,LINKUSDT,0.00000015
2025-10-08T08:00:00Z,LINKUSDT,-0.00002111
2025-10-08T16:00:00Z,LINKUSDT,0.0001
2025-10-09T00:00:00Z,LINKUSDT,0.0001
2025-10-09T08:00:00Z,LINKUSDT,0.0001
2025-10-09T16:00:00Z,LINKUSDT,0.00008477
2025-10-10T00:00:00Z,LINKUSDT,0.0001
2025-10-10T08:00:00Z,LINKUSDT,0.0001
2025-10-10T16:00:00Z,LINKUSDT,0.0001
2025-10-11T00:00:00Z,LINKUSDT,-0.00808203
2025-10-11T08:00:00Z,LINKUSDT,-0.00002241
2025-10-11T16:00:00Z,LINKUSDT,-0.0000802
2025-10-12T00:00:00Z,LINKUSDT,-0.0000201
2025-10-12T08:00:00Z,LINKUSDT,-0.00006438
2025-10-12T16:00:00Z,LINKUSDT,-0.00001735
2025-10-13T00:00:00Z,LINKUSDT,0.00009758
2025-10-13T08:00:00Z,LINKUSDT,0.0001
2025-10-13T16:00:00Z,LINKUSDT,0.0001
2025-10-14T00:00:00Z,LINKUSDT,0.0001
2025-10-14T08:00:00Z,LINKUSDT,0.00008079
2025-10-14T16:00:00Z,LINKUSDT,0.00002523
2025-10-15T00:00:00Z,LINKUSDT,0.0001
2025-10-15T08:00:00Z,LINKUSDT,-0.00000389
2025-10-15T16:00:00Z,LINKUSDT,-0.00001195
2025-10-16T00:00:00Z,LINKUSDT,0.00000813
2025-10-16T08:00:00Z,LINKUSDT,-0.00005028
2025-10-16T16:00:00Z,LINKUSDT,0.0000541
2025-10-17T00:00:00Z,LINKUSDT,0.0001
2025-10-17T08:00:00Z,LINKUSDT,-0.00001426
2025-10-17T16:00:00Z,LINKUSDT,0.0001
2025-10-18T00:00:00Z,LINKUSDT,0.0001
2025-10-18T08:00:00Z,LINKUSDT,-0.00001344
2025-10-18T16:00:00Z,LINKUSDT,0.00003028
2025-10-19T00:00:00Z,LINKUSDT,0.000041
2025-10-19T08:00:00Z,LINKUSDT,-0.00002739
2025-10-19T16:00:00Z,LINKUSDT,-0.00001302
2025-10-20T00:00:00Z,LINKUSDT,-0.00000576
2025-10-20T08:00:00Z,LINKUSDT,0.00004443
2025-10-20T16:00:00Z,LINKUSDT,0.00000503
2025-10-21T00:00:00Z,LINKUSDT,-0.00000444
2025-10-21T08:00:00Z,LINKUSDT,0.00004566
2025-10-21T16:00:00Z,LINKUSDT,-0.00014147
2025-10-22T00:00:00Z,LINKUSDT,-0.00003163
2025-10-22T08:00:00Z,LINKUSDT,0.00005829
2025-10-22T16:00:00Z,LINKUSDT,-0.00005137
2025-10-23T00:00:00Z,LINKUSDT,0.00008453
2025-10-23T08:00:00Z,LINKUSDT,0.00003239
2025-10-23T16:00:00Z,LINKUSDT,0.0001
2025-10-24T00:00:00Z,LINKUSDT,0.00009602
2025-10-24T08:00:00Z,LINKUSDT,0.00003474
2025-10-24T16:00:00Z,LINKUSDT,0.00000672
2025-10-25T00:00:00Z,LINKUSDT,0.0001
2025-10-25T08:00:00Z,LINKUSDT,-0.00000971
2025-10-25T16:00:00Z,LINKUSDT,0.0001
2025-10-26T00:00:00Z,LINKUSDT,0.0001
2025-10-26T08:00:00Z,LINKUSDT,0.00003757
2025-10-26T16:00:00Z,LINKUSDT,0.00001815
2025-10-27T00:00:00Z,LINKUSDT,0.0001
2025-10-27T08:00:00Z,LINKUSDT,0.0001
2025-10-27T16:00:00Z,LINKUSDT,0.00005956
2025-10-28T00:00:00Z,LINKUSDT,0.0001
2025-10-28T08:00:00Z,LINKUSDT,0.00008144
2025-10-28T16:00:00Z,LINKUSDT,0.00008914
2025-10-29T00:00:00Z,LINKUSDT,-0.0000143
2025-10-29T08:00:00Z,LINKUSDT,-0.00001338
2025-10-29T16:00:00Z,LINKUSDT,0.00005029
2025-10-30T00:00:00Z,LINKUSDT,0.0000331
2025-10-30T08:00:00Z,LINKUSDT,0.00002397
2025-10-30T16:00:00Z,LINKUSDT,-0.0001326
2025-10-31T00:00:00Z,LINKUSDT,-0.00022123
2025-10-31T08:00:00Z,LINKUSDT,0.00002028
2025-10-31T16:00:00Z,LINKUSDT,0.00006928
2025-11-01T00:00:00Z,LINKUSDT,0.0001
2025-11-01T08:00:00Z,LINKUSDT,0.0001
2025-11-01T16:00:00Z,LINKUSDT,0.0001
2025-11-02T00:00:00Z,LINKUSDT,0.0001
2025-11-02T08:00:00Z,LINKUSDT,0.0000596
2025-11-02T16:00:00Z,LINKUSDT,0.00003987
2025-11-03T00:00:00Z,LINKUSDT,0.00009552
2025-11-03T08:00:00Z,LINKUSDT,-0.00021521
2025-11-03T16:00:00Z,LINKUSDT,-0.00004544
2025-11-04T00:00:00Z,LINKUSDT,-0.00001408
2025-11-04T08:00:00Z,LINKUSDT,0.0001
2025-11-04T16:00:00Z,LINKUSDT,0.0001
2025-11-05T00:00:00Z,LINKUSDT,0.00004372
2025-11-05T08:00:00Z,LINKUSDT,0.0001
2025-11-05T16:00:00Z,LINKUSDT,-0.00004886
2025-11-06T00:00:00Z,LINKUSDT,0.0001
2025-11-06T08:00:00Z,LINKUSDT,0.00004969
2025-11-06T16:00:00Z,LINKUSDT,0.0000475
2025-11-07T00:00:00Z,LINKUSDT,0.0001
2025-11-07T08:00:00Z,LINKUSDT,0.0001
2025-11-07T16:00:00Z,LINKUSDT,0.00004847
2025-11-08T00:00:00Z,LINKUSDT,0.0001
2025-11-08T08:00:00Z,LINKUSDT,0.0001
2025-11-08T16:00:00Z,LINKUSDT,0.00001744
2025-11-09T00:00:00Z,LINKUSDT,0.00005001
2025-11-09T08:00:00Z,LINKUSDT,0.00004699
2025-11-09T16:00:00Z,LINKUSDT,0.0000236
2025-11-10T00:00:00Z,LINKUSDT,0.00008113
2025-11-10T08:00:00Z,LINKUSDT,0.00004383
2025-11-10T16:00:00Z,LINKUSDT,0.0001
2025-11-11T00:00:00Z,LINKUSDT,0.00009379
2025-11-11T08:00:00Z,LINKUSDT,-0.00008156
2025-11-11T16:00:00Z,LINKUSDT,-0.00000715
2025-11-12T00:00:00Z,LINKUSDT,-0.00000796
2025-11-12T08:00:00Z,LINKUSDT,-0.00004355
2025-11-12T16:00:00Z,LINKUSDT,0.0001
2025-11-13T00:00:00Z,LINKUSDT,-0.00019827
2025-11-13T08:00:00Z,LINKUSDT,0.00009801
2025-11-13T16:00:00Z,LINKUSDT,0.0001
2025-11-14T00:00:00Z,LINKUSDT,-0.00016795
2025-11-14T08:00:00Z,LINKUSDT,0.00008143
2025-11-14T16:00:00Z,LINKUSDT,0.00009978
2025-11-15T00:00:00Z,LINKUSDT,0.00007964
2025-11-15T08:00:00Z,LINKUSDT,0.0001
2025-11-15T16:00:00Z,LINKUSDT,0.0001
2025-11-16T00:00:00Z,LINKUSDT,0.0001
2025-11-16T08:00:00Z,LINKUSDT,0.0001
2025-11-16T16:00:00Z,LINKUSDT,-0.00007408
2025-11-17T00:00:00Z,LINKUSDT,0.0000911
2025-11-17T08:00:00Z,LINKUSDT,0.00002434
2025-11-17T16:00:00Z,LINKUSDT,0.00009475
2025-11-18T00:00:00Z,LINKUSDT,-0.00006029
2025-11-18T08:00:00Z,LINKUSDT,0.0001
2025-11-18T16:00:00Z,LINKUSDT,0.0001
2025-11-19T00:00:00Z,LINKUSDT,0.0001
2025-11-19T08:00:00Z,LINKUSDT,0.0001
2025-11-19T16:00:00Z,LINKUSDT,-0.0000229
2025-11-20T00:00:00Z,LINKUSDT,0.00004793
2025-11-20T08:00:00Z,LINKUSDT,0.0001
2025-11-20T16:00:00Z,LINKUSDT,0.0001
2025-11-21T00:00:00Z,LINKUSDT,0.00001351
2025-11-21T08:00:00Z,LINKUSDT,0.00007672
2025-11-21T16:00:00Z,LINKUSDT,-0.00010241
2025-11-22T00:00:00Z,LINKUSDT,-0.0000993
2025-11-22T08:00:00Z,LINKUSDT,-0.00002016
2025-11-22T16:00:00Z,LINKUSDT,0.00002432
2025-11-23T00:00:00Z,LINKUSDT,-0.00002463
2025-11-23T08:00:00Z,LINKUSDT,-0.00001126
2025-11-23T16:00:00Z,LINKUSDT,-0.00007214
2025-11-24T00:00:00Z,LINKUSDT,-0.00007247
2025-11-24T08:00:00Z,LINKUSDT,-0.00010536
2025-11-24T16:00:00Z,LINKUSDT,0.00009446
2025-11-25T00:00:00Z,LINKUSDT,0.0001
2025-11-25T08:00:00Z,LINKUSDT,-0.0001278
2025-11-25T16:00:00Z,LINKUSDT,0.00001314
2025-11-26T00:00:00Z,LINKUSDT,0.00007825
2025-11-26T08:00:00Z,LINKUSDT,0.00009644
2025-11-26T16:00:00Z,LINKUSDT,0.0001
2025-11-27T00:00:00Z,LINKUSDT,0.0001
2025-11-27T08:00:00Z,LINKUSDT,0.0001
2025-11-27T16:00:00Z,LINKUSDT,0.0001
2025-11-28T00:00:00Z,LINKUSDT,0.0001
2025-11-28T08:00:00Z,LINKUSDT,0.00008864
2025-11-28T16:00:00Z,LINKUSDT,0.00002942
2025-11-29T00:00:00Z,LINKUSDT,0.00005323
2025-11-29T08:00:00Z,LINKUSDT,0.0001
2025-11-29T16:00:00Z,LINKUSDT,0.0001
2025-11-30T00:00:00Z,LINKUSDT,-0.00006736
2025-11-30T08:00:00Z,LINKUSDT,0.00004013
2025-11-30T16:00:00Z,LINKUSDT,0.0001
2025-12-01T00:00:00Z,LINKUSDT,-0.00004182
2025-12-01T08:00:00Z,LINKUSDT,-0.00015708
2025-12-01T16:00:00Z,LINKUSDT,-0.00004619
2025-12-02T00:00:00Z,LINKUSDT,0.00001118
2025-12-02T08:00:00Z,LINKUSDT,0.00007174
2025-12-02T16:00:00Z,LINKUSDT,0.0001
2025-12-03T00:00:00Z,LINKUSDT,0.0001
2025-12-03T08:00:00Z,LINKUSDT,-0.0000527
2025-12-03T16:00:00Z,LINKUSDT,0.00007754
2025-12-04T00:00:00Z,LINKUSDT,0.0001
2025-12-04T08:00:00Z,LINKUSDT,-0.00002708
2025-12-04T16:00:00Z,LINKUSDT,-0.00002017
2025-12-05T00:00:00Z,LINKUSDT,0.0001
2025-12-05T08:00:00Z,LINKUSDT,-0.00008263
2025-12-05T16:00:00Z,LINKUSDT,-0.00002895
2025-12-06T00:00:00Z,LINKUSDT,0.00006203
2025-12-06T08:00:00Z,LINKUSDT,-0.00011008
2025-12-06T16:00:00Z,LINKUSDT,0.00007095
2025-12-07T00:00:00Z,LINKUSDT,0.00004296
2025-12-07T08:00:00Z,LINKUSDT,0.0001
2025-12-07T16:00:00Z,LINKUSDT,0.00001276
2025-12-08T00:00:00Z,LINKUSDT,0.00004402
2025-12-08T08:00:00Z,LINKUSDT,0.00003943
2025-12-08T16:00:00Z,LINKUSDT,0.00004627
2025-12-09T00:00:00Z,LINKUSDT,-0.00001412
2025-12-09T08:00:00Z,LINKUSDT,0.00007897
2025-12-09T16:00:00Z,LINKUSDT,0.00009735
2025-12-10T00:00:00Z,LINKUSDT,0.0001
2025-12-10T08:00:00Z,LINKUSDT,-0.00015196
2025-12-10T16:00:00Z,LINKUSDT,-0.00006758
2025-12-11T00:00:00Z,LINKUSDT,0.0001
2025-12-11T08:00:00Z,LINKUSDT,0.00000594
2025-12-11T16:00:00Z,LINKUSDT,0.0000309
2025-12-12T00:00:00Z,LINKUSDT,0.0001
2025-12-12T08:00:00Z,LINKUSDT,0.00001356
2025-12-12T16:00:00Z,LINKUSDT,0.00003402
2025-12-13T00:00:00Z,LINKUSDT,-0.00006645
2025-12-13T08:00:00Z,LINKUSDT,0.0000859
2025-12-13T16:00:00Z,LINKUSDT,0.0001
2025-12-14T00:00:00Z,LINKUSDT,0.00003245
2025-12-14T08:00:00Z,LINKUSDT,0.00001774
2025-12-14T16:00:00Z,LINKUSDT,0.00001649
2025-12-15T00:00:00Z,LINKUSDT,-0.00002266
2025-12-15T08:00:00Z,LINKUSDT,0.0001
2025-12-15T16:00:00Z,LINKUSDT,0.0001
2025-12-16T00:00:00Z,LINKUSDT,-0.00003104
2025-12-16T08:00:00Z,LINKUSDT,-0.00008736
2025-12-16T16:00:00Z,LINKUSDT,0.00007307
2025-12-17T00:00:00Z,LINKUSDT,0.00004959
2025-12-17T08:00:00Z,LINKUSDT,0.0001
2025-12-17T16:00:00Z,LINKUSDT,0.00001167
2025-12-18T00:00:00Z,LINKUSDT,-0.00005172
2025-12-18T08:00:00Z,LINKUSDT,0.00002084
2025-12-18T16:00:00Z,LINKUSDT,0.00002319
2025-12-19T00:00:00Z,LINKUSDT,-0.00004924
2025-12-19T08:00:00Z,LINKUSDT,-0.00006422
2025-12-19T16:00:00Z,LINKUSDT,0.0001
2025-12-20T00:00:00Z,LINKUSDT,0.0001
2025-12-20T08:00:00Z,LINKUSDT,-0.00000543
2025-12-20T16:00:00Z,LINKUSDT,0.00001862
2025-12-21T00:00:00Z,LINKUSDT,0.00000491
2025-12-21T08:00:00Z,LINKUSDT,0.00001919
2025-12-21T16:00:00Z,LINKUSDT,-0.00012543
2025-12-22T00:00:00Z,LINKUSDT,-0.00004758
2025-12-22T08:00:00Z,LINKUSDT,-0.00003775
2025-12-22T16:00:00Z,LINKUSDT,-0.00005539
2025-12-23T00:00:00Z,LINKUSDT,-0.00001402
2025-12-23T08:00:00Z,LINKUSDT,-0.00005012
2025-12-23T16:00:00Z,LINKUSDT,0.00007395
2025-12-24T00:00:00Z,LINKUSDT,-0.00000066
2025-12-24T08:00:00Z,LINKUSDT,-0.00004646
2025-12-24T16:00:00Z,LINKUSDT,0.00005793
2025-12-25T00:00:00Z,LINKUSDT,0.0001
2025-12-25T08:00:00Z,LINKUSDT,0.0001
2025-12-25T16:00:00Z,LINKUSDT,0.00001558
2025-12-26T00:00:00Z,LINKUSDT,-0.0000471
2025-12-26T08:00:00Z,LINKUSDT,0.0001
2025-12-26T16:00:00Z,LINKUSDT,0.0001
2025-12-27T00:00:00Z,LINKUSDT,0.0001
2025-12-27T08:00:00Z,LINKUSDT,0.0001
2025-12-27T16:00:00Z,LINKUSDT,0.0001
2025-12-28T00:00:00Z,LINKUSDT,0.0001
2025-12-28T08:00:00Z,LINKUSDT,0.0001
2025-12-28T16:00:00Z,LINKUSDT,0.0001
2025-12-29T00:00:00Z,LINKUSDT,0.0001
2025-12-29T08:00:00Z,LINKUSDT,0.0001
2025-12-29T16:00:00Z,LINKUSDT,0.00003132
2025-12-30T00:00:00Z,LINKUSDT,-0.00004362
2025-12-30T08:00:00Z,LINKUSDT,0.00004893
2025-12-30T16:00:00Z,LINKUSDT,0.00008539
2025-12-31T00:00:00Z,LINKUSDT,0.00008691
2025-12-31T08:00:00Z,LINKUSDT,-0.0000517
2025-12-31T16:00:00Z,LINKUSDT,0.0001
2026-01-01T00:00:00Z,LINKUSDT,0.0001
2026-01-01T08:00:00Z,LINKUSDT,0.00008089
2026-01-01T16:00:00Z,LINKUSDT,0.0001
2026-01-02T00:00:00Z,LINKUSDT,0.0001
2026-01-02T08:00:00Z,LINKUSDT,0.0001
2026-01-02T16:00:00Z,LINKUSDT,0.00004061
2026-01-03T00:00:00Z,LINKUSDT,0.0001
2026-01-03T08:00:00Z,LINKUSDT,0.0001
2026-01-03T16:00:00Z,LINKUSDT,-0.00007484
2026-01-04T00:00:00Z,LINKUSDT,0.0001
2026-01-04T08:00:00Z,LINKUSDT,0.00006915
2026-01-04T16:00:00Z,LINKUSDT,-0.00001521
2026-01-05T00:00:00Z,LINKUSDT,0.0000114
2026-01-05T08:00:00Z,LINKUSDT,-0.00001831
2026-01-05T16:00:00Z,LINKUSDT,0.0000786
2026-01-06T00:00:00Z,LINKUSDT,0.0001
2026-01-06T08:00:00Z,LINKUSDT,0.0000758
2026-01-06T16:00:00Z,LINKUSDT,0.0001
2026-01-07T00:00:00Z,LINKUSDT,0.0001
2026-01-07T08:00:00Z,LINKUSDT,-0.00000806
2026-01-07T16:00:00Z,LINKUSDT,-0.00005644
2026-01-08T00:00:00Z,LINKUSDT,0.00005496
2026-01-08T08:00:00Z,LINKUSDT,0.00002356
2026-01-08T16:00:00Z,LINKUSDT,0.00006212
2026-01-09T00:00:00Z,LINKUSDT,0.0001
2026-01-09T08:00:00Z,LINKUSDT,0.0001
2026-01-09T16:00:00Z,LINKUSDT,-0.00003274
2026-01-10T00:00:00Z,LINKUSDT,0.00007711
2026-01-10T08:00:00Z,LINKUSDT,-0.00000638
2026-01-10T16:00:00Z,LINKUSDT,0.0001
2026-01-11T00:00:00Z,LINKUSDT,0.0001
2026-01-11T08:00:00Z,LINKUSDT,0.00009683
2026-01-11T16:00:00Z,LINKUSDT,0.00004228
2026-01-12T00:00:00Z,LINKUSDT,-0.00003508
2026-01-12T08:00:00Z,LINKUSDT,0.0001
2026-01-12T16:00:00Z,LINKUSDT,-0.00005808
2026-01-13T00:00:00Z,LINKUSDT,-0.0000769
2026-01-13T08:00:00Z,LINKUSDT,0.00000614
2026-01-13T16:00:00Z,LINKUSDT,0.0001
2026-01-14T00:00:00Z,LINKUSDT,0.0001
2026-01-14T08:00:00Z,LINKUSDT,0.0001
2026-01-14T16:00:00Z,LINKUSDT,0.0001
2026-01-15T00:00:00Z,LINKUSDT,0.0001
2026-01-15T08:00:00Z,LINKUSDT,-0.00002208
2026-01-15T16:00:00Z,LINKUSDT,0.00005226
2026-01-16T00:00:00Z,LINKUSDT,-0.00009561
2026-01-16T08:00:00Z,LINKUSDT,-0.00001399
2026-01-16T16:00:00Z,LINKUSDT,-0.00009599
2026-01-17T00:00:00Z,LINKUSDT,0.0001
2026-01-17T08:00:00Z,LINKUSDT,0.00009048
2026-01-17T16:00:00Z,LINKUSDT,0.0001
2026-01-18T00:00:00Z,LINKUSDT,0.00009648
2026-01-18T08:00:00Z,LINKUSDT,-0.00008989
2026-01-18T16:00:00Z,LINKUSDT,-0.00000621
2026-01-19T00:00:00Z,LINKUSDT,0.00006194
2026-01-19T08:00:00Z,LINKUSDT,-0.00003913
2026-01-19T16:00:00Z,LINKUSDT,0.00002141
2026-01-20T00:00:00Z,LINKUSDT,0.00000762
2026-01-20T08:00:00Z,LINKUSDT,0.00009939
2026-01-20T16:00:00Z,LINKUSDT,0.0001
2026-01-21T00:00:00Z,LINKUSDT,-0.00000417
2026-01-21T08:00:00Z,LINKUSDT,-0.00004688
2026-01-21T16:00:00Z,LINKUSDT,0.0000938
2026-01-22T00:00:00Z,LINKUSDT,0.0001
2026-01-22T08:00:00Z,LINKUSDT,0.0001
2026-01-22T16:00:00Z,LINKUSDT,0.00004466
2026-01-23T00:00:00Z,LINKUSDT,0.00009804
2026-01-23T08:00:00Z,LINKUSDT,0.0001
2026-01-23T16:00:00Z,LINKUSDT,-0.00007727
2026-01-24T00:00:00Z,LINKUSDT,0.00002229
2026-01-24T08:00:00Z,LINKUSDT,0.00004908
2026-01-24T16:00:00Z,LINKUSDT,-0.00002256
2026-01-25T00:00:00Z,LINKUSDT,0.00004595
2026-01-25T08:00:00Z,LINKUSDT,0.0001
2026-01-25T16:00:00Z,LINKUSDT,0.0000735
2026-01-26T00:00:00Z,LINKUSDT,0.00005264
2026-01-26T08:00:00Z,LINKUSDT,0.0001
2026-01-26T16:00:00Z,LINKUSDT,0.00006846
2026-01-27T00:00:00Z,LINKUSDT,0.00000074
2026-01-27T08:00:00Z,LINKUSDT,0.00004535
2026-01-27T16:00:00Z,LINKUSDT,-0.00008414
2026-01-28T00:00:00Z,LINKUSDT,0.0001
2026-01-28T08:00:00Z,LINKUSDT,0.00007873
2026-01-28T16:00:00Z,LINKUSDT,-0.00013955
2026-01-29T00:00:00Z,LINKUSDT,0.00006631
2026-01-29T08:00:00Z,LINKUSDT,-0.00005528
2026-01-29T16:00:00Z,LINKUSDT,-0.00013322
2026-01-30T00:00:00Z,LINKUSDT,-0.00005135
2026-01-30T08:00:00Z,LINKUSDT,0.00003674
2026-01-30T16:00:00Z,LINKUSDT,0.00006729
2026-01-31T00:00:00Z,LINKUSDT,0.0001
2026-01-31T08:00:00Z,LINKUSDT,-0.00006726
2026-01-31T16:00:00Z,LINKUSDT,-0.00003335
2026-02-01T00:00:00Z,LINKUSDT,-0.000001
2026-02-01T08:00:00Z,LINKUSDT,0.00008065
2026-02-01T16:00:00Z,LINKUSDT,0.0001
2026-02-02T00:00:00Z,LINKUSDT,0.0001
2026-02-02T08:00:00Z,LINKUSDT,0.0001
2026-02-02T16:00:00Z,LINKUSDT,-0.00010586
2026-02-03T00:00:00Z,LINKUSDT,0.00005008
2026-02-03T08:00:00Z,LINKUSDT,0.00006564
2026-02-03T16:00:00Z,LINKUSDT,-0.00001475
2026-02-04T00:00:00Z,LINKUSDT,0.0001
2026-02-04T08:00:00Z,LINKUSDT,0.0001
2026-02-04T16:00:00Z,LINKUSDT,0.0001
2026-02-05T00:00:00Z,LINKUSDT,0.00007717
2026-02-05T08:00:00Z,LINKUSDT,0.0001
2026-02-05T16:00:00Z,LINKUSDT,-0.00004976
2026-02-06T00:00:00Z,LINKUSDT,-0.00002326
2026-02-06T08:00:00Z,LINKUSDT,-0.00008882
2026-02-06T16:00:00Z,LINKUSDT,0.00008519
2026-02-07T00:00:00Z,LINKUSDT,-0.00007385
2026-02-07T08:00:00Z,LINKUSDT,0.00000028
2026-02-07T16:00:00Z,LINKUSDT,-0.00007559
2026-02-08T00:00:00Z,LINKUSDT,-0.00000876
2026-02-08T08:00:00Z,LINKUSDT,-0.00005326
2026-02-08T16:00:00Z,LINKUSDT,-0.00006843
2026-02-09T00:00:00Z,LINKUSDT,0.00000433
2026-02-09T08:00:00Z,LINKUSDT,0.00006191
2026-02-09T16:00:00Z,LINKUSDT,0.0001
2026-02-10T00:00:00Z,LINKUSDT,0.00008288
2026-02-10T08:00:00Z,LINKUSDT,0.0001
2026-02-10T16:00:00Z,LINKUSDT,0.0001
2026-02-11T00:00:00Z,LINKUSDT,0.00001619
2026-02-11T08:00:00Z,LINKUSDT,0.0001
2026-02-11T16:00:00Z,LINKUSDT,-0.00001674
2026-02-12T00:00:00Z,LINKUSDT,0.0001
2026-02-12T08:00:00Z,LINKUSDT,0.00008783
2026-02-12T16:00:00Z,LINKUSDT,-0.00000386
2026-02-13T00:00:00Z,LINKUSDT,0.0001
2026-02-13T08:00:00Z,LINKUSDT,-0.00000218
2026-02-13T16:00:00Z,LINKUSDT,0.00001917
2026-02-14T00:00:00Z,LINKUSDT,0.00003969
2026-02-14T08:00:00Z,LINKUSDT,-0.00002226
2026-02-14T16:00:00Z,LINKUSDT,0.00004676
2026-02-15T00:00:00Z,LINKUSDT,0.00006969
2026-02-15T08:00:00Z,LINKUSDT,-0.00003125
2026-02-15T16:00:00Z,LINKUSDT,0.00004113
2026-02-16T00:00:00Z,LINKUSDT,-0.00002625
2026-02-16T08:00:00Z,LINKUSDT,-0.00005551
2026-02-16T16:00:00Z,LINKUSDT,0.0000757
2026-02-17T00:00:00Z,LINKUSDT,0.0001
2026-02-17T08:00:00Z,LINKUSDT,0.0001
2026-02-17T16:00:00Z,LINKUSDT,0.00004288
2026-02-18T00:00:00Z,LINKUSDT,0.00007257
2026-02-18T08:00:00Z,LINKUSDT,-0.00002268
2026-02-18T16:00:00Z,LINKUSDT,0.0000086
2026-02-19T00:00:00Z,LINKUSDT,-0.00004732
2026-02-19T08:00:00Z,LINKUSDT,-0.00012566
2026-02-19T16:00:00Z,LINKUSDT,-0.00003287
2026-02-20T00:00:00Z,LINKUSDT,0.00002823
2026-02-20T08:00:00Z,LINKUSDT,0.0001
2026-02-20T16:00:00Z,LINKUSDT,0.0001
2026-02-21T00:00:00Z,LINKUSDT,0.0001
2026-02-21T08:00:00Z,LINKUSDT,0.0001
2026-02-21T16:00:00Z,LINKUSDT,0.00006831
2026-02-22T00:00:00Z,LINKUSDT,-0.000011
2026-02-22T08:00:00Z,LINKUSDT,-0.00014922
2026-02-22T16:00:00Z,LINKUSDT,-0.00002749
2026-02-23T00:00:00Z,LINKUSDT,-0.00002137
2026-02-23T08:00:00Z,LINKUSDT,-0.00007929
2026-02-23T16:00:00Z,LINKUSDT,0.0001
2026-02-24T00:00:00Z,LINKUSDT,-0.00004937
2026-02-24T08:00:00Z,LINKUSDT,-0.00000255
2026-02-24T16:00:00Z,LINKUSDT,-0.00003045
2026-02-25T00:00:00Z,LINKUSDT,-0.00002656
2026-02-25T08:00:00Z,LINKUSDT,0.0001
2026-02-25T16:00:00Z,LINKUSDT,0.0001
2026-02-26T00:00:00Z,LINKUSDT,0.0001
2026-02-26T08:00:00Z,LINKUSDT,0.0000879
2026-02-26T16:00:00Z,LINKUSDT,-0.00001886
2026-02-27T00:00:00Z,LINKUSDT,0.00007298
2026-02-27T08:00:00Z,LINKUSDT,0.0001
2026-02-27T16:00:00Z,LINKUSDT,-0.00009772
2026-02-28T00:00:00Z,LINKUSDT,0.00002032
2026-02-28T08:00:00Z,LINKUSDT,-0.00009328
2026-02-28T16:00:00Z,LINKUSDT,-0.00013218
2026-03-01T00:00:00Z,LINKUSDT,0.0000376
2026-03-01T08:00:00Z,LINKUSDT,0.0001
2026-03-01T16:00:00Z,LINKUSDT,0.00005158
2026-03-02T00:00:00Z,LINKUSDT,0.0001
2026-03-02T08:00:00Z,LINKUSDT,0.0001
2026-03-02T16:00:00Z,LINKUSDT,0.0000624
2026-03-03T00:00:00Z,LINKUSDT,0.00006028
2026-03-03T08:00:00Z,LINKUSDT,0.0000059
2026-03-03T16:00:00Z,LINKUSDT,-0.00002348
2026-03-04T00:00:00Z,LINKUSDT,0.00007118
2026-03-04T08:00:00Z,LINKUSDT,0.00006108
2026-03-04T16:00:00Z,LINKUSDT,0.00003785
2026-03-05T00:00:00Z,LINKUSDT,0.0001
2026-03-05T08:00:00Z,LINKUSDT,0.00001668
2026-03-05T16:00:00Z,LINKUSDT,-0.00016234
2026-03-06T00:00:00Z,LINKUSDT,0.00004372
2026-03-06T08:00:00Z,LINKUSDT,0.00003348
2026-03-06T16:00:00Z,LINKUSDT,-0.00013941
2026-03-07T00:00:00Z,LINKUSDT,-0.00004271
2026-03-07T08:00:00Z,LINKUSDT,-0.00003565
2026-03-07T16:00:00Z,LINKUSDT,-0.00001483
2026-03-08T00:00:00Z,LINKUSDT,-0.00007123
2026-03-08T08:00:00Z,LINKUSDT,-0.00003818
2026-03-08T16:00:00Z,LINKUSDT,-0.00003499
2026-03-09T00:00:00Z,LINKUSDT,-0.00003475
2026-03-09T08:00:00Z,LINKUSDT,-0.00003652
2026-03-09T16:00:00Z,LINKUSDT,-0.00005426
2026-03-10T00:00:00Z,LINKUSDT,-0.00003425
2026-03-10T08:00:00Z,LINKUSDT,0.00004115
2026-03-10T16:00:00Z,LINKUSDT,0.0001
2026-03-11T00:00:00Z,LINKUSDT,-0.00000729
2026-03-11T08:00:00Z,LINKUSDT,0.00007061
2026-03-11T16:00:00Z,LINKUSDT,0.00001334
2026-03-12T00:00:00Z,LINKUSDT,0.0001
2026-03-12T08:00:00Z,LINKUSDT,-0.00006818
2026-03-12T16:00:00Z,LINKUSDT,-0.00008229
2026-03-13T00:00:00Z,LINKUSDT,0.0001
2026-03-13T08:00:00Z,LINKUSDT,0.0001
2026-03-13T16:00:00Z,LINKUSDT,0.00007179
2026-03-14T00:00:00Z,LINKUSDT,-0.00012742
2026-03-14T08:00:00Z,LINKUSDT,0.0000666
2026-03-14T16:00:00Z,LINKUSDT,-0.00005743
2026-03-15T00:00:00Z,LINKUSDT,0.00000493
2026-03-15T08:00:00Z,LINKUSDT,0.0001
2026-03-15T16:00:00Z,LINKUSDT,0.0001
2026-03-16T00:00:00Z,LINKUSDT,0.00000562
2026-03-16T08:00:00Z,LINKUSDT,0.0001
2026-03-16T16:00:00Z,LINKUSDT,-0.00002745
2026-03-17T00:00:00Z,LINKUSDT,-0.00001139
2026-03-17T08:00:00Z,LINKUSDT,0.0000776
2026-03-17T16:00:00Z,LINKUSDT,-0.00004284
2026-03-18T00:00:00Z,LINKUSDT,0.0001
2026-03-18T08:00:00Z,LINKUSDT,0.00008624
2026-03-18T16:00:00Z,LINKUSDT,-0.00001949
2026-03-19T00:00:00Z,LINKUSDT,-0.00005921
2026-03-19T08:00:00Z,LINKUSDT,0.00002753
2026-03-19T16:00:00Z,LINKUSDT,0.00000528
2026-03-20T00:00:00Z,LINKUSDT,0.00008064
2026-03-20T08:00:00Z,LINKUSDT,0.00000433
2026-03-20T16:00:00Z,LINKUSDT,-0.00002267
2026-03-21T00:00:00Z,LINKUSDT,-0.00007917
2026-03-21T08:00:00Z,LINKUSDT,0.00002029
2026-03-21T16:00:00Z,LINKUSDT,0.00001422
2026-03-22T00:00:00Z,LINKUSDT,0.00003726
2026-03-22T08:00:00Z,LINKUSDT,-0.00002943
2026-03-22T16:00:00Z,LINKUSDT,0.00003037
2026-03-23T00:00:00Z,LINKUSDT,0.00004553
2026-03-23T08:00:00Z,LINKUSDT,0.00006995
2026-03-23T16:00:00Z,LINKUSDT,-0.00012339
2026-03-24T00:00:00Z,LINKUSDT,0.0001
2026-03-24T08:00:00Z,LINKUSDT,0.00004792
2026-03-24T16:00:00Z,LINKUSDT,-0.00007367
2026-03-25T00:00:00Z,LINKUSDT,0.0001
2026-03-25T08:00:00Z,LINKUSDT,0.0001
2026-03-25T16:00:00Z,LINKUSDT,-0.00001082
2026-03-26T00:00:00Z,LINKUSDT,0.0001
2026-03-26T08:00:00Z,LINKUSDT,0.00006452
2026-03-26T16:00:00Z,LINKUSDT,-0.00002051
2026-03-27T00:00:00Z,LINKUSDT,-0.00000909
2026-03-27T08:00:00Z,LINKUSDT,0.0001
2026-03-27T16:00:00Z,LINKUSDT,-0.00007747
2026-03-28T00:00:00Z,LINKUSDT,-0.00000128
2026-03-28T08:00:00Z,LINKUSDT,-0.00002839
2026-03-28T16:00:00Z,LINKUSDT,0.00003038
2026-03-29T00:00:00Z,LINKUSDT,-0.00004923
2026-03-29T08:00:00Z,LINKUSDT,-0.00005743
2026-03-29T16:00:00Z,LINKUSDT,0.00001134
2026-03-30T00:00:00Z,LINKUSDT,0.00009809
2026-03-30T08:00:00Z,LINKUSDT,0.0001
2026-03-30T16:00:00Z,LINKUSDT,0.0001
2026-03-31T00:00:00Z,LINKUSDT,0.00006622
2026-03-31T08:00:00Z,LINKUSDT,-0.00001995
2026-03-31T16:00:00Z,LINKUSDT,-0.00004852
2026-04-01T00:00:00Z,LINKUSDT,0.00005672
2026-04-01T08:00:00Z,LINKUSDT,0.0001
2026-04-01T16:00:00Z,LINKUSDT,0.00009093
2026-04-02T00:00:00Z,LINKUSDT,0.00009023
2026-04-02T08:00:00Z,LINKUSDT,-0.00008705
2026-04-02T16:00:00Z,LINKUSDT,-0.00010218
2026-04-03T00:00:00Z,LINKUSDT,-0.00000738
2026-04-03T08:00:00Z,LINKUSDT,0.00001727
2026-04-03T16:00:00Z,LINKUSDT,0.0001
2026-04-04T00:00:00Z,LINKUSDT,0.000079
2026-04-04T08:00:00Z,LINKUSDT,-0.00002634
2026-04-04T16:00:00Z,LINKUSDT,-0.00003757
2026-04-05T00:00:00Z,LINKUSDT,0.0000682
2026-04-05T08:00:00Z,LINKUSDT,-0.00000323
2026-04-05T16:00:00Z,LINKUSDT,-0.00003695
2026-04-06T00:00:00Z,LINKUSDT,-0.00000472
2026-04-06T08:00:00Z,LINKUSDT,0.0001
2026-04-06T16:00:00Z,LINKUSDT,0.0001
2026-04-07T00:00:00Z,LINKUSDT,0.0000941
2026-04-07T08:00:00Z,LINKUSDT,0.0001
2026-04-07T16:00:00Z,LINKUSDT,0.00009702
2026-04-08T00:00:00Z,LINKUSDT,0.00007153
2026-04-08T08:00:00Z,LINKUSDT,0.00004919
2026-04-08T16:00:00Z,LINKUSDT,-0.00003692
2026-04-09T00:00:00Z,LINKUSDT,-0.00000877
2026-04-09T08:00:00Z,LINKUSDT,-0.00013331
2026-04-09T16:00:00Z,LINKUSDT,0.0000168
2026-04-10T00:00:00Z,LINKUSDT,0.0001
2026-04-10T08:00:00Z,LINKUSDT,0.00003125
2026-04-10T16:00:00Z,LINKUSDT,0.00003985
2026-04-11T00:00:00Z,LINKUSDT,0.0001
2026-04-11T08:00:00Z,LINKUSDT,0.0000531
2026-04-11T16:00:00Z,LINKUSDT,-0.00007678
2026-04-12T00:00:00Z,LINKUSDT,0.00006696
2026-04-12T08:00:00Z,LINKUSDT,-0.00005671
2026-04-12T16:00:00Z,LINKUSDT,0.00002195
2026-04-13T00:00:00Z,LINKUSDT,0.00004004
2026-04-13T08:00:00Z,LINKUSDT,0.0001
2026-04-13T16:00:00Z,LINKUSDT,0.00001549
2026-04-14T00:00:00Z,LINKUSDT,0.0001
2026-04-14T08:00:00Z,LINKUSDT,0.00008176
2026-04-14T16:00:00Z,LINKUSDT,0.00005803
2026-04-15T00:00:00Z,LINKUSDT,-0.00016252
2026-04-15T08:00:00Z,LINKUSDT,0.00006221
2026-04-15T16:00:00Z,LINKUSDT,0.00004106
2026-04-16T00:00:00Z,LINKUSDT,0.0001
2026-04-16T08:00:00Z,LINKUSDT,0.0001
2026-04-16T16:00:00Z,LINKUSDT,0.0001
2026-04-17T00:00:00Z,LINKUSDT,0.00005919
2026-04-17T08:00:00Z,LINKUSDT,-0.00000194
2026-04-17T16:00:00Z,LINKUSDT,-0.00000014
2026-04-18T00:00:00Z,LINKUSDT,0.00003225
2026-04-18T08:00:00Z,LINKUSDT,0.00004974
2026-04-18T16:00:00Z,LINKUSDT,-0.00001377
2026-04-19T00:00:00Z,LINKUSDT,-0.00004273
2026-04-19T08:00:00Z,LINKUSDT,0.00002234
2026-04-19T16:00:00Z,LINKUSDT,-0.00008661
2026-04-20T00:00:00Z,LINKUSDT,0.0000214
2026-04-20T08:00:00Z,LINKUSDT,0.00001551
2026-04-20T16:00:00Z,LINKUSDT,-0.0000417
2026-04-21T00:00:00Z,LINKUSDT,-0.00003237
2026-04-21T08:00:00Z,LINKUSDT,0.00003336
2026-04-21T16:00:00Z,LINKUSDT,-0.00005837
2026-04-22T00:00:00Z,LINKUSDT,0.0001
2026-04-22T08:00:00Z,LINKUSDT,0.00007025
2026-04-22T16:00:00Z,LINKUSDT,0.0001
2026-04-23T00:00:00Z,LINKUSDT,-0.00000992
2026-04-23T08:00:00Z,LINKUSDT,-0.000084
2026-04-23T16:00:00Z,LINKUSDT,0.0001
2026-04-24T00:00:00Z,LINKUSDT,-0.00007527
2026-04-24T08:00:00Z,LINKUSDT,0.00009485
2026-04-24T16:00:00Z,LINKUSDT,-0.00010825
2026-04-25T00:00:00Z,LINKUSDT,0.00006609
2026-04-25T08:00:00Z,LINKUSDT,0.00000032
2026-04-25T16:00:00Z,LINKUSDT,-0.00009897
2026-04-26T00:00:00Z,LINKUSDT,0.0000193
2026-04-26T08:00:00Z,LINKUSDT,-0.00001425
2026-04-26T16:00:00Z,LINKUSDT,0.00003704
2026-04-27T00:00:00Z,LINKUSDT,-0.00008003
2026-04-27T08:00:00Z,LINKUSDT,-0.00000532
2026-04-27T16:00:00Z,LINKUSDT,0.00001661
2026-04-28T00:00:00Z,LINKUSDT,0.00003879
2026-04-28T08:00:00Z,LINKUSDT,0.00009735
2026-04-28T16:00:00Z,LINKUSDT,0.0001
2026-04-29T00:00:00Z,LINKUSDT,0.0001
2026-04-29T08:00:00Z,LINKUSDT,0.00006629
2026-04-29T16:00:00Z,LINKUSDT,-0.00009308
2026-04-30T00:00:00Z,LINKUSDT,0.00006021
2026-04-30T08:00:00Z,LINKUSDT,0.00004789
2026-04-30T16:00:00Z,LINKUSDT,-0.0000843
2026-05-01T00:00:00Z,LINKUSDT,0.0001
2026-05-01T08:00:00Z,LINKUSDT,0.00006806
2026-05-01T16:00:00Z,LINKUSDT,0.00005692
2026-05-02T00:00:00Z,LINKUSDT,0.0001
2026-05-02T08:00:00Z,LINKUSDT,-0.00003392
2026-05-02T16:00:00Z,LINKUSDT,0.00001928
2026-05-03T00:00:00Z,LINKUSDT,0.0001
2026-05-03T08:00:00Z,LINKUSDT,-0.00006952
2026-05-03T16:00:00Z,LINKUSDT,0.00006883
2026-05-04T00:00:00Z,LINKUSDT,-0.00007226
2026-05-04T08:00:00Z,LINKUSDT,0.00008527
2026-05-04T16:00:00Z,LINKUSDT,-0.00002076
2026-05-05T00:00:00Z,LINKUSDT,-0.00001445
2026-05-05T08:00:00Z,LINKUSDT,0.00005473
2026-05-05T16:00:00Z,LINKUSDT,0.0001
2026-05-06T00:00:00Z,LINKUSDT,0.00008248
2026-05-06T08:00:00Z,LINKUSDT,0.0001
2026-05-06T16:00:00Z,LINKUSDT,-0.0000417
2026-05-07T00:00:00Z,LINKUSDT,0.00003029
2026-05-07T08:00:00Z,LINKUSDT,0.0001
2026-05-07T16:00:00Z,LINKUSDT,0.0001
2026-05-08T00:00:00Z,LINKUSDT,0.00007136
2026-05-08T08:00:00Z,LINKUSDT,0.00004094
2026-05-08T16:00:00Z,LINKUSDT,0.0001
2026-05-09T00:00:00Z,LINKUSDT,0.0001
2026-05-09T08:00:00Z,LINKUSDT,0.0001
2026-05-09T16:00:00Z,LINKUSDT,-0.00008497
2026-05-10T00:00:00Z,LINKUSDT,-0.00009185
2026-05-10T08:00:00Z,LINKUSDT,0.00003723
2026-05-10T16:00:00Z,LINKUSDT,-0.00000615
2026-05-11T00:00:00Z,LINKUSDT,0.0001
2026-05-11T08:00:00Z,LINKUSDT,0.0001
2026-05-11T16:00:00Z,LINKUSDT,0.00008824
2026-05-12T00:00:00Z,LINKUSDT,-0.00002269
2026-05-12T08:00:00Z,LINKUSDT,-0.00002961
2026-05-12T16:00:00Z,LINKUSDT,0.0000604
2026-05-13T00:00:00Z,LINKUSDT,0.0001
2026-05-13T08:00:00Z,LINKUSDT,0.0001
2026-05-13T16:00:00Z,LINKUSDT,-0.00006485
2026-05-14T00:00:00Z,LINKUSDT,-0.00000216
2026-05-14T08:00:00Z,LINKUSDT,0.0001
2026-05-14T16:00:00Z,LINKUSDT,0.0001
2026-05-15T00:00:00Z,LINKUSDT,0.00006629
2026-05-15T08:00:00Z,LINKUSDT,-0.00000023
2026-05-15T16:00:00Z,LINKUSDT,-0.00009641
2026-05-16T00:00:00Z,LINKUSDT,0.00003969
2026-05-16T08:00:00Z,LINKUSDT,-0.00017157
2026-05-16T16:00:00Z,LINKUSDT,0.0001
2026-05-17T00:00:00Z,LINKUSDT,0.00009409
2026-05-17T08:00:00Z,LINKUSDT,0.00005769
2026-05-17T16:00:00Z,LINKUSDT,0.00001502
2026-05-18T00:00:00Z,LINKUSDT,0.00003747
2026-05-18T08:00:00Z,LINKUSDT,0.00007671
2026-05-18T16:00:00Z,LINKUSDT,0.0000624
2026-05-19T00:00:00Z,LINKUSDT,0.0001
2026-05-19T08:00:00Z,LINKUSDT,-0.00005983
2026-05-19T16:00:00Z,LINKUSDT,-0.00007796
2026-05-20T00:00:00Z,LINKUSDT,0.0001
2026-05-20T08:00:00Z,LINKUSDT,-0.00001629
2026-05-20T16:00:00Z,LINKUSDT,0.0001
2026-05-21T00:00:00Z,LINKUSDT,0.0001
2026-05-21T08:00:00Z,LINKUSDT,0.0001
2026-05-21T16:00:00Z,LINKUSDT,0.0001
2026-05-22T00:00:00Z,LINKUSDT,0.0001
2026-05-22T08:00:00Z,LINKUSDT,0.00006004
2026-05-22T16:00:00Z,LINKUSDT,0.0001
2026-05-23T00:00:00Z,LINKUSDT,-0.00001617
2026-05-23T08:00:00Z,LINKUSDT,-0.00005145
2026-05-23T16:00:00Z,LINKUSDT,-0.00013591
2026-05-24T00:00:00Z,LINKUSDT,0.00008088
2026-05-24T08:00:00Z,LINKUSDT,0.00001591
2026-05-24T16:00:00Z,LINKUSDT,0.0001
2026-05-25T00:00:00Z,LINKUSDT,-0.00002165
2026-05-25T08:00:00Z,LINKUSDT,0.0001
2026-05-25T16:00:00Z,LINKUSDT,0.0001
2026-05-26T00:00:00Z,LINKUSDT,0.0001
2026-05-26T08:00:00Z,LINKUSDT,0.0001
2026-05-26T16:00:00Z,LINKUSDT,0.0001
2026-05-27T00:00:00Z,LINKUSDT,-0.00006335
2026-05-27T08:00:00Z,LINKUSDT,-0.00003269
2026-05-27T16:00:00Z,LINKUSDT,0.0001
2026-05-28T00:00:00Z,LINKUSDT,0.0001
2026-05-28T08:00:00Z,LINKUSDT,-0.00020924
2026-05-28T16:00:00Z,LINKUSDT,-0.00005094
2026-05-29T00:00:00Z,LINKUSDT,0.0001
2026-05-29T08:00:00Z,LINKUSDT,0.0001
2026-05-29T16:00:00Z,LINKUSDT,0.0000547
2026-05-30T00:00:00Z,LINKUSDT,0.0001
2026-05-30T08:00:00Z,LINKUSDT,0.00007266
2026-05-30T16:00:00Z,LINKUSDT,0.00003999
2026-05-31T00:00:00Z,LINKUSDT,0.0001
2026-05-31T08:00:00Z,LINKUSDT,0.00009866
2026-05-31T16:00:00Z,LINKUSDT,0.00009859
2026-06-01T00:00:00Z,LINKUSDT,-0.00007486
2026-06-01T08:00:00Z,LINKUSDT,0.00002769
2026-06-01T16:00:00Z,LINKUSDT,0.00009787
2026-06-02T00:00:00Z,LINKUSDT,0.00004874
2026-06-02T08:00:00Z,LINKUSDT,0.0001
2026-06-02T16:00:00Z,LINKUSDT,-0.00005956
2026-06-03T00:00:00Z,LINKUSDT,-0.00002568
2026-06-03T08:00:00Z,LINKUSDT,0.00008896
2026-06-03T16:00:00Z,LINKUSDT,0.0001
2026-06-04T00:00:00Z,LINKUSDT,-0.00010091
2026-06-04T08:00:00Z,LINKUSDT,-0.00007186
2026-06-04T16:00:00Z,LINKUSDT,0.00006999
2026-06-05T00:00:00Z,LINKUSDT,-0.00006415
2026-06-05T08:00:00Z,LINKUSDT,-0.0000524
2026-06-05T16:00:00Z,LINKUSDT,0.00004497
2026-06-06T00:00:00Z,LINKUSDT,0.0001
2026-06-06T08:00:00Z,LINKUSDT,-0.00002943
2026-06-06T16:00:00Z,LINKUSDT,-0.00010048
2026-06-07T00:00:00Z,LINKUSDT,0.00002565
2026-06-07T08:00:00Z,LINKUSDT,0.0001
2026-06-07T16:00:00Z,LINKUSDT,0.00008302
2026-06-08T00:00:00Z,LINKUSDT,0.00008839
2026-06-08T08:00:00Z,LINKUSDT,0.00004398
2026-06-08T16:00:00Z,LINKUSDT,-0.00004831
2026-06-09T00:00:00Z,LINKUSDT,-0.00005464
2026-06-09T08:00:00Z,LINKUSDT,-0.00000252
2026-06-09T16:00:00Z,LINKUSDT,-0.00004537
2026-06-10T00:00:00Z,LINKUSDT,0.00009128
2026-06-10T08:00:00Z,LINKUSDT,-0.00000452
2026-06-10T16:00:00Z,LINKUSDT,-0.00004109
2026-06-11T00:00:00Z,LINKUSDT,-0.00017771
2026-06-11T08:00:00Z,LINKUSDT,0.0001
2026-06-11T16:00:00Z,LINKUSDT,0.00004346
2026-06-12T00:00:00Z,LINKUSDT,0.00007184
2026-06-12T08:00:00Z,LINKUSDT,0.0001
2026-06-12T16:00:00Z,LINKUSDT,-0.00001964
2026-06-13T00:00:00Z,LINKUSDT,0.00002798
2026-06-13T08:00:00Z,LINKUSDT,0.00002917
2026-06-13T16:00:00Z,LINKUSDT,-0.00000651
2026-06-14T00:00:00Z,LINKUSDT,-0.0000835
2026-06-14T08:00:00Z,LINKUSDT,-0.00003906
2026-06-14T16:00:00Z,LINKUSDT,0.00003582
2026-06-15T00:00:00Z,LINKUSDT,-0.00003227
2026-06-15T08:00:00Z,LINKUSDT,0.00003777
2026-06-15T16:00:00Z,LINKUSDT,0.0001
2026-06-16T00:00:00Z,LINKUSDT,0.00009561
2026-06-16T08:00:00Z,LINKUSDT,0.00003947
2026-06-16T16:00:00Z,LINKUSDT,-0.00000528
2026-06-17T00:00:00Z,LINKUSDT,0.0001
2026-06-17T08:00:00Z,LINKUSDT,0.00006295
2026-06-17T16:00:00Z,LINKUSDT,0.00009032
2026-06-18T00:00:00Z,LINKUSDT,0.0000832
2026-06-18T08:00:00Z,LINKUSDT,-0.00004895
2026-06-18T16:00:00Z,LINKUSDT,-0.00008947
2026-06-19T00:00:00Z,LINKUSDT,0.00006398
2026-06-19T08:00:00Z,LINKUSDT,-0.0000764
2026-06-19T16:00:00Z,LINKUSDT,-0.00000244
2026-06-20T00:00:00Z,LINKUSDT,-0.00000511
2026-06-20T08:00:00Z,LINKUSDT,-0.00001209
2026-06-20T16:00:00Z,LINKUSDT,-0.00004829
2026-06-21T00:00:00Z,LINKUSDT,0.00003058
2026-06-21T08:00:00Z,LINKUSDT,0.00005126
2026-06-21T16:00:00Z,LINKUSDT,0.00009117
2026-06-22T00:00:00Z,LINKUSDT,0.00008382
2026-06-22T08:00:00Z,LINKUSDT,-0.00002556
2026-06-22T16:00:00Z,LINKUSDT,0.00002495
2026-06-23T00:00:00Z,LINKUSDT,0.00002528
2026-06-23T08:00:00Z,LINKUSDT,-0.00002012
2026-06-23T16:00:00Z,LINKUSDT,-0.00010749
2026-06-24T00:00:00Z,LINKUSDT,-0.00009727
2026-06-24T08:00:00Z,LINKUSDT,-0.00004309
2026-06-24T16:00:00Z,LINKUSDT,0.00008193
2026-06-25T00:00:00Z,LINKUSDT,0.00004567
2026-06-25T08:00:00Z,LINKUSDT,-0.00003255
2026-06-25T16:00:00Z,LINKUSDT,-0.00002786
2026-06-26T00:00:00Z,LINKUSDT,0.0001
2026-06-26T08:00:00Z,LINKUSDT,0.00006178
2026-06-26T16:00:00Z,LINKUSDT,0.00005876
2026-06-27T00:00:00Z,LINKUSDT,0.00004288
2026-06-27T08:00:00Z,LINKUSDT,-0.00004584
2026-06-27T16:00:00Z,LINKUSDT,-0.00000919
2026-06-28T00:00:00Z,LINKUSDT,0.00004512
2026-06-28T08:00:00Z,LINKUSDT,-0.0000094
2026-06-28T16:00:00Z,LINKUSDT,0.00002872
2026-06-29T00:00:00Z,LINKUSDT,0.00003771
2026-06-29T08:00:00Z,LINKUSDT,0.0001
2026-06-29T16:00:00Z,LINKUSDT,0.00006874
2026-06-30T00:00:00Z,LINKUSDT,0.0001
2026-06-30T08:00:00Z,LINKUSDT,0.0001
2026-06-30T16:00:00Z,LINKUSDT,-0.00000556
2026-07-01T00:00:00Z,LINKUSDT,0.00001764
2026-07-01T08:00:00Z,LINKUSDT,0.00005138
2026-07-01T16:00:00Z,LINKUSDT,0.00000475
2026-07-02T00:00:00Z,LINKUSDT,0.00005827
2026-07-02T08:00:00Z,LINKUSDT,0.00005937
2026-07-02T16:00:00Z,LINKUSDT,0.00007713
2026-07-03T00:00:00Z,LINKUSDT,0.00001918
2026-07-03T08:00:00Z,LINKUSDT,0.00001378
2026-07-03T16:00:00Z,LINKUSDT,0.00009882
2026-07-04T00:00:00Z,LINKUSDT,0.0001
2026-07-04T08:00:00Z,LINKUSDT,-0.00002141
2026-07-04T16:00:00Z,LINKUSDT,0.00003662
2026-07-05T00:00:00Z,LINKUSDT,-0.00002995
2026-07-05T08:00:00Z,LINKUSDT,0.00000761
2026-07-05T16:00:00Z,LINKUSDT,0.00008604
2026-07-06T00:00:00Z,LINKUSDT,-0.00003515
2026-07-06T08:00:00Z,LINKUSDT,0.00001804
2026-07-06T16:00:00Z,LINKUSDT,0.00002489
2026-07-07T00:00:00Z,LINKUSDT,0.0001
2026-07-07T08:00:00Z,LINKUSDT,0.00007536
2026-07-07T16:00:00Z,LINKUSDT,-0.0000144
2026-07-08T00:00:00Z,LINKUSDT,0.00007608
2026-07-08T08:00:00Z,LINKUSDT,-0.00008078
2026-07-08T16:00:00Z,LINKUSDT,-0.00006241
2026-07-09T00:00:00Z,LINKUSDT,0.0001
2026-07-09T08:00:00Z,LINKUSDT,0.0001
2026-07-09T16:00:00Z,LINKUSDT,0.00004253
2026-07-10T00:00:00Z,LINKUSDT,0.00001549
2026-07-10T08:00:00Z,LINKUSDT,0.0001
2026-07-10T16:00:00Z,LINKUSDT,0.00000264
2026-07-11T00:00:00Z,LINKUSDT,0.00006194
2026-07-11T08:00:00Z,LINKUSDT,0.0001
2026-07-11T16:00:00Z,LINKUSDT,0.00005502
2026-07-12T00:00:00Z,LINKUSDT,-0.00004046
2026-07-12T08:00:00Z,LINKUSDT,-0.00002145
2026-07-12T16:00:00Z,LINKUSDT,0.0001
2026-07-13T00:00:00Z,LINKUSDT,0.0001
2026-07-13T08:00:00Z,LINKUSDT,0.00005649
2026-07-13T16:00:00Z,LINKUSDT,0.00001181
2026-07-14T00:00:00Z,LINKUSDT,0.00000171
2026-07-14T08:00:00Z,LINKUSDT,0.00000693
2026-07-14T16:00:00Z,LINKUSDT,0.0001
2026-07-15T00:00:00Z,LINKUSDT,0.00004913
2026-07-15T08:00:00Z,LINKUSDT,0.0001
2026-07-15T16:00:00Z,LINKUSDT,0.0000573
2026-07-16T00:00:00Z,LINKUSDT,0.00003436
2026-07-16T08:00:00Z,LINKUSDT,-0.00002303
2026-07-16T16:00:00Z,LINKUSDT,0.0001
2026-07-17T00:00:00Z,LINKUSDT,0.00008274
2026-07-17T08:00:00Z,LINKUSDT,0.00005114
2026-07-17T16:00:00Z,LINKUSDT,0.0000068
2026-07-18T00:00:00Z,LINKUSDT,-0.00001527
2026-07-18T08:00:00Z,LINKUSDT,-0.00005465
2026-07-18T16:00:00Z,LINKUSDT,-0.00008935
2026-07-19T00:00:00Z,LINKUSDT,0.00000089
2026-07-19T08:00:00Z,LINKUSDT,-0.00003928
2026-07-19T16:00:00Z,LINKUSDT,0.00005229
2026-07-20T00:00:00Z,LINKUSDT,0.0000432
2026-07-20T08:00:00Z,LINKUSDT,0.00003748
2026-07-20T16:00:00Z,LINKUSDT,0.00001244
2026-07-21T00:00:00Z,LINKUSDT,-0.00011575
2026-07-21T08:00:00Z,LINKUSDT,0.0001
2026-07-21T16:00:00Z,LINKUSDT,0.00001421
2026-07-22T00:00:00Z,LINKUSDT,0.0001
2026-07-22T08:00:00Z,LINKUSDT,0.00002934
2026-07-22T16:00:00Z,LINKUSDT,0.00009894
2026-07-23T00:00:00Z,LINKUSDT,-0.00013967
2026-07-23T08:00:00Z,LINKUSDT,0.00006539
2026-07-23T16:00:00Z,LINKUSDT,0.00004211
2026-07-24T00:00:00Z,LINKUSDT,0.00006902
2026-07-24T08:00:00Z,LINKUSDT,-0.00006167
2026-07-24T16:00:00Z,LINKUSDT,0.00003622
2026-07-25T00:00:00Z,LINKUSDT,0.00007384
2026-07-25T08:00:00Z,LINKUSDT,0.00001522
2026-07-25T16:00:00Z,LINKUSDT,-0.00002142
2026-07-26T00:00:00Z,LINKUSDT,-0.00007155
2026-07-26T08:00:00Z,LINKUSDT,-0.00002795
2026-07-26T16:00:00Z,LINKUSDT,0.00000192
2026-07-27T00:00:00Z,LINKUSDT,0.00002907
2026-07-27T08:00:00Z,LINKUSDT,0.00007517
2026-07-27T16:00:00Z,LINKUSDT,0.00001273
2026-07-28T00:00:00Z,LINKUSDT,-0.00001535
2026-07-28T08:00:00Z,LINKUSDT,0.00002994
2026-07-28T16:00:00Z,LINKUSDT,0.00002684
2026-07-29T00:00:00Z,LINKUSDT,0.0001
2026-07-29T08:00:00Z,LINKUSDT,0.00002696
2026-07-29T16:00:00Z,LINKUSDT,-0.00004892
2026-07-30T00:00:00Z,LINKUSDT,0.00006536
2026-07-30T08:00:00Z,LINKUSDT,0.00001982
2026-07-30T16:00:00Z,LINKUSDT,-0.00003289
2026-07-31T00:00:00Z,LINKUSDT,-0.00004206
2026-07-31T08:00:00Z,LINKUSDT,-0.00004606
2026-07-31T16:00:00Z,LINKUSDT,0.00003555
2026-08-01T00:00:00Z,LINKUSDT,0.00009314
2026-08-01T08:00:00Z,LINKUSDT,0.00001942
2026-08-01T16:00:00Z,LINKUSDT,0.00003096
2026-08-02T00:00:00Z,LINKUSDT,0.0001
2026-08-02T08:00:00Z,LINKUSDT,0.0001
2026-08-02T16:00:00Z,LINKUSDT,0.0001
2026-08-03T00:00:00Z,LINKUSDT,0.0001
2026-08-03T08:00:00Z,LINKUSDT,0.0000633
2026-08-03T16:00:00Z,LINKUSDT,0.00004368
2026-08-04T00:00:00Z,LINKUSDT,0.00007456
2026-08-04T08:00:00Z,LINKUSDT,0.00000216
2026-08-04T16:00:00Z,LINKUSDT,0.00001515
2026-08-05T00:00:00Z,LINKUSDT,0.00006854
2026-08-05T08:00:00Z,LINKUSDT,-0.00000774
2026-08-05T16:00:00Z,LINKUSDT,0.00005316
2026-08-06T00:00:00Z,LINKUSDT,-0.00003957
2026-08-06T08:00:00Z,LINKUSDT,-0.00008355
2026-08-06T16:00:00Z,LINKUSDT,0.0000292
2026-08-07T00:00:00Z,LINKUSDT,0.00002484
2026-08-07T08:00:00Z,LINKUSDT,-0.00013066
2026-08-07T16:00:00Z,LINKUSDT,0.00005157
2026-08-08T00:00:00Z,LINKUSDT,-0.00001687
2026-08-08T08:00:00Z,LINKUSDT,0.00006051
2026-08-08T16:00:00Z,LINKUSDT,0.0001
2026-08-09T00:00:00Z,LINKUSDT,0.0001
2026-08-09T08:00:00Z,LINKUSDT,-0.00000037
2026-08-09T16:00:00Z,LINKUSDT,0.00001543
2026-08-10T00:00:00Z,LINKUSDT,0.00004461
2026-08-10T08:00:00Z,LINKUSDT,0.00003979
2026-08-10T16:00:00Z,LINKUSDT,0.0001
2026-08-11T00:00:00Z,LINKUSDT,0.0001
2026-08-11T08:00:00Z,LINKUSDT,-0.00002485
2026-08-11T16:00:00Z,LINKUSDT,0.0001
2026-08-12T00:00:00Z,LINKUSDT,0.0001
2026-08-12T08:00:00Z,LINKUSDT,0.0001
2026-08-12T16:00:00Z,LINKUSDT,0.00005914
2026-08-13T00:00:00Z,LINKUSDT,-0.00000826
2026-08-13T08:00:00Z,LINKUSDT,0.00006459
2026-08-13T16:00:00Z,LINKUSDT,0.00003411
2026-08-14T00:00:00Z,LINKUSDT,0.00006617
2026-08-14T08:00:00Z,LINKUSDT,0.00000007
2026-08-14T16:00:00Z,LINKUSDT,0.00000971
2026-08-15T00:00:00Z,LINKUSDT,-0.00002181
2026-08-15T08:00:00Z,LINKUSDT,0.0001
2026-08-15T16:00:00Z,LINKUSDT,-0.00004828
2026-08-16T00:00:00Z,LINKUSDT,0.00002139
2026-08-16T08:00:00Z,LINKUSDT,0.00007503
2026-08-16T16:00:00Z,LINKUSDT,0.00005832
2026-08-17T00:00:00Z,LINKUSDT,0.00004012
2026-08-17T08:00:00Z,LINKUSDT,0.00008652
2026-08-17T16:00:00Z,LINKUSDT,-0.00001556
2026-08-18T00:00:00Z,LINKUSDT,-0.00005206
2026-08-18T08:00:00Z,LINKUSDT,-0.00010481
2026-08-18T16:00:00Z,LINKUSDT,-0.00002253
2026-08-19T00:00:00Z,LINKUSDT,0.00002113
2026-08-19T08:00:00Z,LINKUSDT,0.00000642
2026-08-19T16:00:00Z,LINKUSDT,-0.00004883
2026-08-20T00:00:00Z,LINKUSDT,0.0001
2026-08-20T08:00:00Z,LINKUSDT,0.00004312
2026-08-20T16:00:00Z,LINKUSDT,0.00005176
2026-08-21T00:00:00Z,LINKUSDT,0.00007268
2026-08-21T08:00:00Z,LINKUSDT,0.0001
2026-08-21T16:00:00Z,LINKUSDT,0.0001
2026-08-22T00:00:00Z,LINKUSDT,0.0001
2026-08-22T08:00:00Z,LINKUSDT,0.0001
2026-08-22T16:00:00Z,LINKUSDT,0.0001
2026-08-23T00:00:00Z,LINKUSDT,0.0001
2026-08-23T08:00:00Z,LINKUSDT,0.0001
2026-08-23T16:00:00Z,LINKUSDT,0.0001
2026-08-24T00:00:00Z,LINKUSDT,0.0001
2026-08-24T08:00:00Z,LINKUSDT,0.0001
2026-08-24T16:00:00Z,LINKUSDT,0.0001
2026-08-25T00:00:00Z,LINKUSDT,0.0001
2026-08-25T08:00:00Z,LINKUSDT,0.0001
2026-08-25T16:00:00Z,LINKUSDT,0.00004864
2026-08-26T00:00:00Z,LINKUSDT,0.0001
2026-08-26T08:00:00Z,LINKUSDT,0.0001
2026-08-26T16:00:00Z,LINKUSDT,-0.00006792
2026-08-27T00:00:00Z,LINKUSDT,0.00004707
2026-08-27T08:00:00Z,LINKUSDT,0.00005663
2026-08-27T16:00:00Z,LINKUSDT,0.0001
2026-08-28T00:00:00Z,LINKUSDT,0.00006704
2026-08-28T08:00:00Z,LINKUSDT,0.00006215
2026-08-28T16:00:00Z,LINKUSDT,-0.00003862
2026-08-29T00:00:00Z,LINKUSDT,-0.00005916
2026-08-29T08:00:00Z,LINKUSDT,0.00005967
2026-08-29T16:00:00Z,LINKUSDT,0.0000555
2026-08-30T00:00:00Z,LINKUSDT,0.00006406
2026-08-30T08:00:00Z,LINKUSDT,-0.00000407
2026-08-30T16:00:00Z,LINKUSDT,0.00000171
2026-08-31T00:00:00Z,LINKUSDT,-0.00000934
2026-08-31T08:00:00Z,LINKUSDT,0.00004069
2026-08-31T16:00:00Z,LINKUSDT,0.00002123
2026-09-01T00:00:00Z,LINKUSDT,0.00003302
2026-09-01T08:00:00Z,LINKUSDT,0.0001
2026-09-01T16:00:00Z,LINKUSDT,0.0001
2026-09-02T00:00:00Z,LINKUSDT,0.0001
2026-09-02T08:00:00Z,LINKUSDT,0.0001
2026-09-02T16:00:00Z,LINKUSDT,0.00002556
2026-09-03T00:00:00Z,LINKUSDT,0.0001
2026-09-03T08:00:00Z,LINKUSDT,0.0001
2026-09-03T16:00:00Z,LINKUSDT,0.00006359
2026-09-04T00:00:00Z,LINKUSDT,0.0001
2026-09-04T08:00:00Z,LINKUSDT,0.00005392
2026-09-04T16:00:00Z,LINKUSDT,0.00002211
2026-09-05T00:00:00Z,LINKUSDT,0.00005811
2026-09-05T08:00:00Z,LINKUSDT,0.0000486
2026-09-05T16:00:00Z,LINKUSDT,0.0001
2026-09-06T00:00:00Z,LINKUSDT,0.0000354
2026-09-06T08:00:00Z,LINKUSDT,0.00001661
2026-09-06T16:00:00Z,LINKUSDT,0.0001
2026-09-07T00:00:00Z,LINKUSDT,0.0001
2026-09-07T08:00:00Z,LINKUSDT,0.00006965
2026-09-07T16:00:00Z,LINKUSDT,0.00001636
2026-09-08T00:00:00Z,LINKUSDT,-0.00002863
2026-09-08T08:00:00Z,LINKUSDT,0.00003533
2026-09-08T16:00:00Z,LINKUSDT,-0.0000375
2026-09-09T00:00:00Z,LINKUSDT,0.00005096
2026-09-09T08:00:00Z,LINKUSDT,0.00002459
2026-09-09T16:00:00Z,LINKUSDT,0.0000403
2026-09-10T00:00:00Z,LINKUSDT,0.00000011
2026-09-10T08:00:00Z,LINKUSDT,0.00005472
2026-09-10T16:00:00Z,LINKUSDT,0.00001424
2026-09-11T00:00:00Z,LINKUSDT,-0.00002135
2026-09-11T08:00:00Z,LINKUSDT,0.00002372
2026-09-11T16:00:00Z,LINKUSDT,-0.00001748
2026-09-12T00:00:00Z,LINKUSDT,0.00000577
2026-09-12T08:00:00Z,LINKUSDT,0.00002718
2026-09-12T16:00:00Z,LINKUSDT,0.00000728
2026-09-13T00:00:00Z,LINKUSDT,0.00002803
2026-09-13T08:00:00Z,LINKUSDT,0.00004894
2026-09-13T16:00:00Z,LINKUSDT,-0.0000167
2026-09-14T00:00:00Z,LINKUSDT,0.00007838
2026-09-14T08:00:00Z,LINKUSDT,0.00002599
2026-09-14T16:00:00Z,LINKUSDT,0.00008752
2026-09-15T00:00:00Z,LINKUSDT,-0.00001564
2026-09-15T08:00:00Z,LINKUSDT,-0.00006304
2026-09-15T16:00:00Z,LINKUSDT,0.0000712
2026-09-16T00:00:00Z,LINKUSDT,-0.00002374
2026-09-16T08:00:00Z,LINKUSDT,-0.00005512
2026-09-16T16:00:00Z,LINKUSDT,0.00003287
2026-09-17T00:00:00Z,LINKUSDT,0.00005292
2026-09-17T08:00:00Z,LINKUSDT,0.00002289
2026-09-17T16:00:00Z,LINKUSDT,0.0000083
2026-09-18T00:00:00Z,LINKUSDT,0.0001
2026-09-18T08:00:00Z,LINKUSDT,0.0001
2026-09-18T16:00:00Z,LINKUSDT,0.0001
2026-09-19T00:00:00Z,LINKUSDT,0.0001
2026-09-19T08:00:00Z,LINKUSDT,0.0001
2026-09-19T16:00:00Z,LINKUSDT,0.0001
2026-09-20T00:00:00Z,LINKUSDT,0.0001
2026-09-20T08:00:00Z,LINKUSDT,0.0001
2026-09-20T16:00:00Z,LINKUSDT,0.00001368
2026-09-21T00:00:00Z,LINKUSDT,0.0001
2026-09-21T08:00:00Z,LINKUSDT,0.0001
2026-09-21T16:00:00Z,LINKUSDT,-0.0000255
2026-09-22T00:00:00Z,LINKUSDT,0.0001
2026-09-22T08:00:00Z,LINKUSDT,0.0001
2026-09-22T16:00:00Z,LINKUSDT,0.0001
2026-09-23T00:00:00Z,LINKUSDT,0.0001
2026-09-23T08:00:00Z,LINKUSDT,0.000089
2026-09-23T16:00:00Z,LINKUSDT,-0.00009038
2026-09-24T00:00:00Z,LINKUSDT,-0.00004299
2026-09-24T08:00:00Z,LINKUSDT,0.00005803
2026-09-24T16:00:00Z,LINKUSDT,0.0001
2026-09-25T00:00:00Z,LINKUSDT,0.0001
2026-09-25T08:00:00Z,LINKUSDT,0.0001
2026-09-25T16:00:00Z,LINKUSDT,0.0001
2026-09-26T00:00:00Z,LINKUSDT,0.0001
2026-09-26T08:00:00Z,LINKUSDT,0.0001
2026-09-26T16:00:00Z,LINKUSDT,0.00007816
2026-09-27T00:00:00Z,LINKUSDT,-0.00003682
2026-09-27T08:00:00Z,LINKUSDT,0.00008788
2026-09-27T16:00:00Z,LINKUSDT,0.0001
2026-09-28T00:00:00Z,LINKUSDT,0.0001
2026-09-28T08:00:00Z,LINKUSDT,0.0001
2026-09-28T16:00:00Z,LINKUSDT,0.0001
2026-09-29T00:00:00Z,LINKUSDT,0.0001
2026-09-29T08:00:00Z,LINKUSDT,0.00003486
2026-09-29T16:00:00Z,LINKUSDT,0.0001
2026-09-30T00:00:00Z,LINKUSDT,-0.0000107
2026-09-30T08:00:00Z,LINKUSDT,-0.00005502
2026-09-30T16:00:00Z,LINKUSDT,-0.00002247
2026-10-01T00:00:00Z,LINKUSDT,0.00008559
2026-10-01T08:00:00Z,LINKUSDT,-0.00002339
2026-10-01T16:00:00Z,LINKUSDT,0.00000402
2026-10-02T00:00:00Z,LINKUSDT,0.00004357
2026-10-02T08:00:00Z,LINKUSDT,0.0001
2026-10-02T16:00:00Z,LINKUSDT,0.0001
2026-10-03T00:00:00Z,LINKUSDT,-0.00004445
2026-10-03T08:00:00Z,LINKUSDT,0.00004391
2026-10-03T16:00:00Z,LINKUSDT,-0.00000802
2026-10-04T00:00:00Z,LINKUSDT,0.00009536
2026-10-04T08:00:00Z,LINKUSDT,-0.00001466
2026-10-04T16:00:00Z,LINKUSDT,0.00007735
2026-10-05T00:00:00Z,LINKUSDT,0.00007997
2026-10-05T08:00:00Z,LINKUSDT,0.00004234
2026-10-05T16:00:00Z,LINKUSDT,0.00001541
2026-10-06T00:00:00Z,LINKUSDT,0.0001
2026-10-06T08:00:00Z,LINKUSDT,0.00006486
2026-10-06T16:00:00Z,LINKUSDT,0.00003801
2026-10-07T00:00:00Z,LINKUSDT,0.00007744
2026-10-07T08:00:00Z,LINKUSDT,0.0001
2026-10-07T16:00:00Z,LINKUSDT,0.00006701
2026-10-08T00:00:00Z,LINKUSDT,0.0001
2026-10-08T08:00:00Z,LINKUSDT,0.00003279
2026-10-08T16:00:00Z,LINKUSDT,-0.00001213
2026-10-09T00:00:00Z,LINKUSDT,-0.0001438
