timestamp,symbol,funding_rate
2023-10-09T00:00:00Z,LTCUSDT,-0.00010016
2023-10-09T08:00:00Z,LTCUSDT,0.00003317
2023-10-09T16:00:00Z,LTCUSDT,0.0001
2023-10-10T00:00:00Z,LTCUSDT,0.00003013
2023-10-10T08:00:00Z,LTCUSDT,0.00002471
2023-10-10T16:00:00Z,LTCUSDT,0.00007548
2023-10-11T00:00:00Z,LTCUSDT,0.00001396
2023-10-11T08:00:00Z,LTCUSDT,0.00007715
2023-10-11T16:00:00Z,LTCUSDT,0.0001
2023-10-12T00:00:00Z,LTCUSDT,0.0001
2023-10-12T08:00:00Z,LTCUSDT,0.00006749
2023-10-12T16:00:00Z,LTCUSDT,0.00006947
2023-10-13T00:00:00Z,LTCUSDT,0.00008364
2023-10-13T08:00:00Z,LTCUSDT,0.00007527
2023-10-13T16:00:00Z,LTCUSDT,0.00001536
2023-10-14T00:00:00Z,LTCUSDT,0.00000374
2023-10-14T08:00:00Z,LTCUSDT,0.00007171
2023-10-14T16:00:00Z,LTCUSDT,-0.00000672
2023-10-15T00:00:00Z,LTCUSDT,-0.00004
2023-10-15T08:00:00Z,LTCUSDT,0.00006812
2023-10-15T16:00:00Z,LTCUSDT,0.00004054
2023-10-16T00:00:00Z,LTCUSDT,0.00001806
2023-10-16T08:00:00Z,LTCUSDT,0.00001142
2023-10-16T16:00:00Z,LTCUSDT,0.00003601
2023-10-17T00:00:00Z,LTCUSDT,0.00006858
2023-10-17T08:00:00Z,LTCUSDT,0.0001
2023-10-17T16:00:00Z,LTCUSDT,0.00008545
2023-10-18T00:00:00Z,LTCUSDT,0.00005727
2023-10-18T08:00:00Z,LTCUSDT,0.0000103
2023-10-18T16:00:00Z,LTCUSDT,-0.0000133
2023-10-19T00:00:00Z,LTCUSDT,0.0001
2023-10-19T08:00:00Z,LTCUSDT,0.0001
2023-10-19T16:00:00Z,LTCUSDT,-0.00003667
2023-10-20T00:00:00Z,LTCUSDT,0.00003494
2023-10-20T08:00:00Z,LTCUSDT,-0.00007497
2023-10-20T16:00:00Z,LTCUSDT,0.00000433
2023-10-21T00:00:00Z,LTCUSDT,-0.0000087
2023-10-21T08:00:00Z,LTCUSDT,-0.00000101
2023-10-21T16:00:00Z,LTCUSDT,0.00001688
2023-10-22T00:00:00Z,LTCUSDT,0.0001
2023-10-22T08:00:00Z,LTCUSDT,0.0001
2023-10-22T16:00:00Z,LTCUSDT,0.00000658
2023-10-23T00:00:00Z,LTCUSDT,0.0001
2023-10-23T08:00:00Z,LTCUSDT,0.00009063
2023-10-23T16:00:00Z,LTCUSDT,0.0001
2023-10-24T00:00:00Z,LTCUSDT,0.0001
2023-10-24T08:00:00Z,LTCUSDT,0.0001
2023-10-24T16:00:00Z,LTCUSDT,0.0001
2023-10-25T00:00:00Z,LTCUSDT,0.0001
2023-10-25T08:00:00Z,LTCUSDT,0.0001
2023-10-25T16:00:00Z,LTCUSDT,0.0001
2023-10-26T00:00:00Z,LTCUSDT,0.0001
2023-10-26T08:00:00Z,LTCUSDT,0.0001
2023-10-26T16:00:00Z,LTCUSDT,0.0001
2023-10-27T00:00:00Z,LTCUSDT,0.0001
2023-10-27T08:00:00Z,LTCUSDT,0.0001
2023-10-27T16:00:00Z,LTCUSDT,0.0001
2023-10-28T00:00:00Z,LTCUSDT,0.0001
2023-10-28T08:00:00Z,LTCUSDT,0.0001
2023-10-28T16:00:00Z,LTCUSDT,0.0001
2023-10-29T00:00:00Z,LTCUSDT,0.0001
2023-10-29T08:00:00Z,LTCUSDT,0.0001
2023-10-29T16:00:00Z,LTCUSDT,0.0001
2023-10-30T00:00:00Z,LTCUSDT,0.0001
2023-10-30T08:00:00Z,LTCUSDT,0.0001
2023-10-30T16:00:00Z,LTCUSDT,0.0001
2023-10-31T00:00:00Z,LTCUSDT,0.0001
2023-10-31T08:00:00Z,LTCUSDT,0.0001
2023-10-31T16:00:00Z,LTCUSDT,0.0001
2023-11-01T00:00:00Z,LTCUSDT,0.00010333
2023-11-01T08:00:00Z,LTCUSDT,0.0001
2023-11-01T16:00:00Z,LTCUSDT,0.0001
2023-11-02T00:00:00Z,LTCUSDT,0.00011718
2023-11-02T08:00:00Z,LTCUSDT,0.0003071
2023-11-02T16:00:00Z,LTCUSDT,0.00017727
2023-11-03T00:00:00Z,LTCUSDT,0.0001
2023-11-03T08:00:00Z,LTCUSDT,0.0001
2023-11-03T16:00:00Z,LTCUSDT,0.0001
2023-11-04T00:00:00Z,LTCUSDT,0.0001
2023-11-04T08:00:00Z,LTCUSDT,0.0001
2023-11-04T16:00:00Z,LTCUSDT,0.0001
2023-11-05T00:00:00Z,LTCUSDT,0.0001
2023-11-05T08:00:00Z,LTCUSDT,0.0001
2023-11-05T16:00:00Z,LTCUSDT,0.00017141
2023-11-06T00:00:00Z,LTCUSDT,0.00011103
2023-11-06T08:00:00Z,LTCUSDT,0.00025801
2023-11-06T16:00:00Z,LTCUSDT,0.00037145
2023-11-07T00:00:00Z,LTCUSDT,0.00039076
2023-11-07T08:00:00Z,LTCUSDT,0.00026873
2023-11-07T16:00:00Z,LTCUSDT,0.00010214
2023-11-08T00:00:00Z,LTCUSDT,0.0001
2023-11-08T08:00:00Z,LTCUSDT,0.00018801
2023-11-08T16:00:00Z,LTCUSDT,0.00023687
2023-11-09T00:00:00Z,LTCUSDT,0.00022633
2023-11-09T08:00:00Z,LTCUSDT,0.00030716
2023-11-09T16:00:00Z,LTCUSDT,0.00042288
2023-11-10T00:00:00Z,LTCUSDT,0.0001
2023-11-10T08:00:00Z,LTCUSDT,0.00034853
2023-11-10T16:00:00Z,LTCUSDT,0.00015278
2023-11-11T00:00:00Z,LTCUSDT,0.00024294
2023-11-11T08:00:00Z,LTCUSDT,0.00017594
2023-11-11T16:00:00Z,LTCUSDT,0.00032446
2023-11-12T00:00:00Z,LTCUSDT,0.0002487
2023-11-12T08:00:00Z,LTCUSDT,0.00025322
2023-11-12T16:00:00Z,LTCUSDT,0.00038211
2023-11-13T00:00:00Z,LTCUSDT,0.0004291
2023-11-13T08:00:00Z,LTCUSDT,0.0003244
2023-11-13T16:00:00Z,LTCUSDT,0.00034473
2023-11-14T00:00:00Z,LTCUSDT,0.00014073
2023-11-14T08:00:00Z,LTCUSDT,0.00014848
2023-11-14T16:00:00Z,LTCUSDT,0.00016989
2023-11-15T00:00:00Z,LTCUSDT,0.0001
2023-11-15T08:00:00Z,LTCUSDT,0.0001
2023-11-15T16:00:00Z,LTCUSDT,0.0001
2023-11-16T00:00:00Z,LTCUSDT,0.0001
2023-11-16T08:00:00Z,LTCUSDT,0.00022713
2023-11-16T16:00:00Z,LTCUSDT,0.000109
2023-11-17T00:00:00Z,LTCUSDT,0.0001
2023-11-17T08:00:00Z,LTCUSDT,0.00023436
2023-11-17T16:00:00Z,LTCUSDT,0.0001
2023-11-18T00:00:00Z,LTCUSDT,0.0001
2023-11-18T08:00:00Z,LTCUSDT,0.0001
2023-11-18T16:00:00Z,LTCUSDT,0.0001
2023-11-19T00:00:00Z,LTCUSDT,0.0001
2023-11-19T08:00:00Z,LTCUSDT,0.0001
2023-11-19T16:00:00Z,LTCUSDT,0.0001
2023-11-20T00:00:00Z,LTCUSDT,0.0001
2023-11-20T08:00:00Z,LTCUSDT,0.00014283
2023-11-20T16:00:00Z,LTCUSDT,0.0001
2023-11-21T00:00:00Z,LTCUSDT,0.0001
2023-11-21T08:00:00Z,LTCUSDT,0.0001
2023-11-21T16:00:00Z,LTCUSDT,0.00011714
2023-11-22T00:00:00Z,LTCUSDT,0.0001
2023-11-22T08:00:00Z,LTCUSDT,0.0001
2023-11-22T16:00:00Z,LTCUSDT,0.0001
2023-11-23T00:00:00Z,LTCUSDT,0.0001
2023-11-23T08:00:00Z,LTCUSDT,0.0001
2023-11-23T16:00:00Z,LTCUSDT,0.0001
2023-11-24T00:00:00Z,LTCUSDT,0.0001
2023-11-24T08:00:00Z,LTCUSDT,0.0001
2023-11-24T16:00:00Z,LTCUSDT,0.0001
2023-11-25T00:00:00Z,LTCUSDT,0.0001
2023-11-25T08:00:00Z,LTCUSDT,0.0001
2023-11-25T16:00:00Z,LTCUSDT,0.0001
2023-11-26T00:00:00Z,LTCUSDT,0.0001
2023-11-26T08:00:00Z,LTCUSDT,0.0001
2023-11-26T16:00:00Z,LTCUSDT,0.0001
2023-11-27T00:00:00Z,LTCUSDT,0.0001
2023-11-27T08:00:00Z,LTCUSDT,0.0001
2023-11-27T16:00:00Z,LTCUSDT,0.0001
2023-11-28T00:00:00Z,LTCUSDT,0.0001
2023-11-28T08:00:00Z,LTCUSDT,0.0001
2023-11-28T16:00:00Z,LTCUSDT,0.0001
2023-11-29T00:00:00Z,LTCUSDT,0.0001
2023-11-29T08:00:00Z,LTCUSDT,0.0001
2023-11-29T16:00:00Z,LTCUSDT,0.0001
2023-11-30T00:00:00Z,LTCUSDT,0.0001
2023-11-30T08:00:00Z,LTCUSDT,0.0001
2023-11-30T16:00:00Z,LTCUSDT,0.0001
2023-12-01T00:00:00Z,LTCUSDT,0.0001
2023-12-01T08:00:00Z,LTCUSDT,0.0001
2023-12-01T16:00:00Z,LTCUSDT,0.0001
2023-12-02T00:00:00Z,LTCUSDT,0.0001
2023-12-02T08:00:00Z,LTCUSDT,0.0001
2023-12-02T16:00:00Z,LTCUSDT,0.0001
2023-12-03T00:00:00Z,LTCUSDT,0.0001
2023-12-03T08:00:00Z,LTCUSDT,0.00028532
2023-12-03T16:00:00Z,LTCUSDT,0.00018606
2023-12-04T00:00:00Z,LTCUSDT,0.00027584
2023-12-04T08:00:00Z,LTCUSDT,0.00042317
2023-12-04T16:00:00Z,LTCUSDT,0.00018703
2023-12-05T00:00:00Z,LTCUSDT,0.00020681
2023-12-05T08:00:00Z,LTCUSDT,0.00017186
2023-12-05T16:00:00Z,LTCUSDT,0.00010143
2023-12-06T00:00:00Z,LTCUSDT,0.00027306
2023-12-06T08:00:00Z,LTCUSDT,0.00034194
2023-12-06T16:00:00Z,LTCUSDT,0.0002539
2023-12-07T00:00:00Z,LTCUSDT,0.00028536
2023-12-07T08:00:00Z,LTCUSDT,0.00020164
2023-12-07T16:00:00Z,LTCUSDT,0.00030095
2023-12-08T00:00:00Z,LTCUSDT,0.00033388
2023-12-08T08:00:00Z,LTCUSDT,0.00037681
2023-12-08T16:00:00Z,LTCUSDT,0.00027049
2023-12-09T00:00:00Z,LTCUSDT,0.00039144
2023-12-09T08:00:00Z,LTCUSDT,0.00058622
2023-12-09T16:00:00Z,LTCUSDT,0.00060204
2023-12-10T00:00:00Z,LTCUSDT,0.0004363
2023-12-10T08:00:00Z,LTCUSDT,0.00043409
2023-12-10T16:00:00Z,LTCUSDT,0.00035608
2023-12-11T00:00:00Z,LTCUSDT,0.00036568
2023-12-11T08:00:00Z,LTCUSDT,0.0001
2023-12-11T16:00:00Z,LTCUSDT,0.0001
2023-12-12T00:00:00Z,LTCUSDT,0.0001
2023-12-12T08:00:00Z,LTCUSDT,0.0001
2023-12-12T16:00:00Z,LTCUSDT,0.00020616
2023-12-13T00:00:00Z,LTCUSDT,0.00017109
2023-12-13T08:00:00Z,LTCUSDT,0.00010989
2023-12-13T16:00:00Z,LTCUSDT,0.00013378
2023-12-14T00:00:00Z,LTCUSDT,0.00010909
2023-12-14T08:00:00Z,LTCUSDT,0.00022962
2023-12-14T16:00:00Z,LTCUSDT,0.00030256
2023-12-15T00:00:00Z,LTCUSDT,0.00032424
2023-12-15T08:00:00Z,LTCUSDT,0.0004565
2023-12-15T16:00:00Z,LTCUSDT,0.00022968
2023-12-16T00:00:00Z,LTCUSDT,0.00017816
2023-12-16T08:00:00Z,LTCUSDT,0.00017135
2023-12-16T16:00:00Z,LTCUSDT,0.00024252
2023-12-17T00:00:00Z,LTCUSDT,0.00015362
2023-12-17T08:00:00Z,LTCUSDT,0.00018303
2023-12-17T16:00:00Z,LTCUSDT,0.00021402
2023-12-18T00:00:00Z,LTCUSDT,0.00015554
2023-12-18T08:00:00Z,LTCUSDT,0.00016648
2023-12-18T16:00:00Z,LTCUSDT,0.0001416
2023-12-19T00:00:00Z,LTCUSDT,0.00015317
2023-12-19T08:00:00Z,LTCUSDT,0.0001
2023-12-19T16:00:00Z,LTCUSDT,0.0001
2023-12-20T00:00:00Z,LTCUSDT,0.00010619
2023-12-20T08:00:00Z,LTCUSDT,0.0001
2023-12-20T16:00:00Z,LTCUSDT,0.00021352
2023-12-21T00:00:00Z,LTCUSDT,0.00042999
2023-12-21T08:00:00Z,LTCUSDT,0.00024857
2023-12-21T16:00:00Z,LTCUSDT,0.00040205
2023-12-22T00:00:00Z,LTCUSDT,0.00051649
2023-12-22T08:00:00Z,LTCUSDT,0.00047181
2023-12-22T16:00:00Z,LTCUSDT,0.00058337
2023-12-23T00:00:00Z,LTCUSDT,0.00029774
2023-12-23T08:00:00Z,LTCUSDT,0.00024564
2023-12-23T16:00:00Z,LTCUSDT,0.00042563
2023-12-24T00:00:00Z,LTCUSDT,0.00031859
2023-12-24T08:00:00Z,LTCUSDT,0.00035443
2023-12-24T16:00:00Z,LTCUSDT,0.00038351
2023-12-25T00:00:00Z,LTCUSDT,0.00038722
2023-12-25T08:00:00Z,LTCUSDT,0.00039058
2023-12-25T16:00:00Z,LTCUSDT,0.00047871
2023-12-26T00:00:00Z,LTCUSDT,0.0006227
2023-12-26T08:00:00Z,LTCUSDT,0.00049778
2023-12-26T16:00:00Z,LTCUSDT,0.00056497
2023-12-27T00:00:00Z,LTCUSDT,0.00027909
2023-12-27T08:00:00Z,LTCUSDT,0.00039544
2023-12-27T16:00:00Z,LTCUSDT,0.00052764
2023-12-28T00:00:00Z,LTCUSDT,0.00043467
2023-12-28T08:00:00Z,LTCUSDT,0.00055206
2023-12-28T16:00:00Z,LTCUSDT,0.00065917
2023-12-29T00:00:00Z,LTCUSDT,0.00050588
2023-12-29T08:00:00Z,LTCUSDT,0.00053564
2023-12-29T16:00:00Z,LTCUSDT,0.00042995
2023-12-30T00:00:00Z,LTCUSDT,0.00032905
2023-12-30T08:00:00Z,LTCUSDT,0.00031969
2023-12-30T16:00:00Z,LTCUSDT,0.00033393
2023-12-31T00:00:00Z,LTCUSDT,0.00033487
2023-12-31T08:00:00Z,LTCUSDT,0.00046382
2023-12-31T16:00:00Z,LTCUSDT,0.00048885
2024-01-01T00:00:00Z,LTCUSDT,0.00025319
2024-01-01T08:00:00Z,LTCUSDT,0.00026423
2024-01-01T16:00:00Z,LTCUSDT,0.00033423
2024-01-02T00:00:00Z,LTCUSDT,0.00049503
2024-01-02T08:00:00Z,LTCUSDT,0.00065466
2024-01-02T16:00:00Z,LTCUSDT,0.0007118
2024-01-03T00:00:00Z,LTCUSDT,0.00058274
2024-01-03T08:00:00Z,LTCUSDT,0.0004458
2024-01-03T16:00:00Z,LTCUSDT,0.0001
2024-01-04T00:00:00Z,LTCUSDT,0.0001
2024-01-04T08:00:00Z,LTCUSDT,0.0001
2024-01-04T16:00:00Z,LTCUSDT,0.0001
2024-01-05T00:00:00Z,LTCUSDT,0.0001
2024-01-05T08:00:00Z,LTCUSDT,0.0001
2024-01-05T16:00:00Z,LTCUSDT,0.0001
2024-01-06T00:00:00Z,LTCUSDT,0.0001
2024-01-06T08:00:00Z,LTCUSDT,0.0001
2024-01-06T16:00:00Z,LTCUSDT,0.0001
2024-01-07T00:00:00Z,LTCUSDT,0.0001
2024-01-07T08:00:00Z,LTCUSDT,0.0001
2024-01-07T16:00:00Z,LTCUSDT,0.0001
2024-01-08T00:00:00Z,LTCUSDT,0.0001
2024-01-08T08:00:00Z,LTCUSDT,0.0001
2024-01-08T16:00:00Z,LTCUSDT,0.0001
2024-01-09T00:00:00Z,LTCUSDT,0.0001
2024-01-09T08:00:00Z,LTCUSDT,0.0001
2024-01-09T16:00:00Z,LTCUSDT,0.0001
2024-01-10T00:00:00Z,LTCUSDT,0.0001
2024-01-10T08:00:00Z,LTCUSDT,0.0001
2024-01-10T16:00:00Z,LTCUSDT,0.0001
2024-01-11T00:00:00Z,LTCUSDT,0.0001
2024-01-11T08:00:00Z,LTCUSDT,0.0001
2024-01-11T16:00:00Z,LTCUSDT,0.0001
2024-01-12T00:00:00Z,LTCUSDT,0.0001
2024-01-12T08:00:00Z,LTCUSDT,0.0001
2024-01-12T16:00:00Z,LTCUSDT,0.0001
2024-01-13T00:00:00Z,LTCUSDT,0.0001
2024-01-13T08:00:00Z,LTCUSDT,0.0001
2024-01-13T16:00:00Z,LTCUSDT,0.0001
2024-01-14T00:00:00Z,LTCUSDT,0.0001
2024-01-14T08:00:00Z,LTCUSDT,0.0001
2024-01-14T16:00:00Z,LTCUSDT,0.0001
2024-01-15T00:00:00Z,LTCUSDT,0.0001
2024-01-15T08:00:00Z,LTCUSDT,0.0001
2024-01-15T16:00:00Z,LTCUSDT,0.0001
2024-01-16T00:00:00Z,LTCUSDT,0.0001
2024-01-16T08:00:00Z,LTCUSDT,0.0001
2024-01-16T16:00:00Z,LTCUSDT,0.0001
2024-01-17T00:00:00Z,LTCUSDT,0.0001
2024-01-17T08:00:00Z,LTCUSDT,0.0001
2024-01-17T16:00:00Z,LTCUSDT,0.0001
2024-01-18T00:00:00Z,LTCUSDT,0.0001
2024-01-18T08:00:00Z,LTCUSDT,0.0001
2024-01-18T16:00:00Z,LTCUSDT,0.0001
2024-01-19T00:00:00Z,LTCUSDT,0.0001
2024-01-19T08:00:00Z,LTCUSDT,0.0001
2024-01-19T16:00:00Z,LTCUSDT,0.0001
2024-01-20T00:00:00Z,LTCUSDT,0.0001
2024-01-20T08:00:00Z,LTCUSDT,0.0001
2024-01-20T16:00:00Z,LTCUSDT,0.0001
2024-01-21T00:00:00Z,LTCUSDT,0.0001
2024-01-21T08:00:00Z,LTCUSDT,0.0001
2024-01-21T16:00:00Z,LTCUSDT,0.0001
2024-01-22T00:00:00Z,LTCUSDT,0.0001
2024-01-22T08:00:00Z,LTCUSDT,0.0001
2024-01-22T16:00:00Z,LTCUSDT,0.0001
2024-01-23T00:00:00Z,LTCUSDT,0.0001
2024-01-23T08:00:00Z,LTCUSDT,0.0001
2024-01-23T16:00:00Z,LTCUSDT,0.0001
2024-01-24T00:00:00Z,LTCUSDT,0.0001
2024-01-24T08:00:00Z,LTCUSDT,0.0001
2024-01-24T16:00:00Z,LTCUSDT,0.0001
2024-01-25T00:00:00Z,LTCUSDT,0.0001
2024-01-25T08:00:00Z,LTCUSDT,0.0001
2024-01-25T16:00:00Z,LTCUSDT,0.0001
2024-01-26T00:00:00Z,LTCUSDT,0.0001
2024-01-26T08:00:00Z,LTCUSDT,0.0001
2024-01-26T16:00:00Z,LTCUSDT,0.0001
2024-01-27T00:00:00Z,LTCUSDT,0.0001
2024-01-27T08:00:00Z,LTCUSDT,0.0001
2024-01-27T16:00:00Z,LTCUSDT,0.0001
2024-01-28T00:00:00Z,LTCUSDT,0.0001
2024-01-28T08:00:00Z,LTCUSDT,0.0001
2024-01-28T16:00:00Z,LTCUSDT,0.0001
2024-01-29T00:00:00Z,LTCUSDT,0.0001
2024-01-29T08:00:00Z,LTCUSDT,0.0001
2024-01-29T16:00:00Z,LTCUSDT,0.0001
2024-01-30T00:00:00Z,LTCUSDT,0.0001
2024-01-30T08:00:00Z,LTCUSDT,0.0001
2024-01-30T16:00:00Z,LTCUSDT,0.0001
2024-01-31T00:00:00Z,LTCUSDT,0.0001
2024-01-31T08:00:00Z,LTCUSDT,0.0001
2024-01-31T16:00:00Z,LTCUSDT,0.0001
2024-02-01T00:00:00Z,LTCUSDT,0.0001
2024-02-01T08:00:00Z,LTCUSDT,0.0001
2024-02-01T16:00:00Z,LTCUSDT,0.0001
2024-02-02T00:00:00Z,LTCUSDT,0.0001
2024-02-02T08:00:00Z,LTCUSDT,0.0001
2024-02-02T16:00:00Z,LTCUSDT,0.0001
2024-02-03T00:00:00Z,LTCUSDT,0.0001
2024-02-03T08:00:00Z,LTCUSDT,0.0001
2024-02-03T16:00:00Z,LTCUSDT,0.0001
2024-02-04T00:00:00Z,LTCUSDT,0.0001
2024-02-04T08:00:00Z,LTCUSDT,0.0001
2024-02-04T16:00:00Z,LTCUSDT,0.0001
2024-02-05T00:00:00Z,LTCUSDT,0.0001
2024-02-05T08:00:00Z,LTCUSDT,0.0001
2024-02-05T16:00:00Z,LTCUSDT,0.0001
2024-02-06T00:00:00Z,LTCUSDT,0.0001
2024-02-06T08:00:00Z,LTCUSDT,0.0001
2024-02-06T16:00:00Z,LTCUSDT,0.0001
2024-02-07T00:00:00Z,LTCUSDT,0.0001
2024-02-07T08:00:00Z,LTCUSDT,0.0001
2024-02-07T16:00:00Z,LTCUSDT,0.0001
2024-02-08T00:00:00Z,LTCUSDT,0.0001
2024-02-08T08:00:00Z,LTCUSDT,0.0001
2024-02-08T16:00:00Z,LTCUSDT,0.0001
2024-02-09T00:00:00Z,LTCUSDT,0.0001
2024-02-09T08:00:00Z,LTCUSDT,0.0001
2024-02-09T16:00:00Z,LTCUSDT,0.0001
2024-02-10T00:00:00Z,LTCUSDT,0.0001
2024-02-10T08:00:00Z,LTCUSDT,0.0001
2024-02-10T16:00:00Z,LTCUSDT,0.0001
2024-02-11T00:00:00Z,LTCUSDT,0.0001
2024-02-11T08:00:00Z,LTCUSDT,0.0001
2024-02-11T16:00:00Z,LTCUSDT,0.0001
2024-02-12T00:00:00Z,LTCUSDT,0.0001
2024-02-12T08:00:00Z,LTCUSDT,0.0001
2024-02-12T16:00:00Z,LTCUSDT,0.0001
2024-02-13T00:00:00Z,LTCUSDT,0.0001
2024-02-13T08:00:00Z,LTCUSDT,0.00013626
2024-02-13T16:00:00Z,LTCUSDT,0.0001
2024-02-14T00:00:00Z,LTCUSDT,0.0001
2024-02-14T08:00:00Z,LTCUSDT,0.0001
2024-02-14T16:00:00Z,LTCUSDT,0.0001
2024-02-15T00:00:00Z,LTCUSDT,0.00018968
2024-02-15T08:00:00Z,LTCUSDT,0.00014435
2024-02-15T16:00:00Z,LTCUSDT,0.00015685
2024-02-16T00:00:00Z,LTCUSDT,0.00016333
2024-02-16T08:00:00Z,LTCUSDT,0.00020435
2024-02-16T16:00:00Z,LTCUSDT,0.00018034
2024-02-17T00:00:00Z,LTCUSDT,0.00010734
2024-02-17T08:00:00Z,LTCUSDT,0.00024789
2024-02-17T16:00:00Z,LTCUSDT,0.00010193
2024-02-18T00:00:00Z,LTCUSDT,0.0001
2024-02-18T08:00:00Z,LTCUSDT,0.0001
2024-02-18T16:00:00Z,LTCUSDT,0.00018975
2024-02-19T00:00:00Z,LTCUSDT,0.00026503
2024-02-19T08:00:00Z,LTCUSDT,0.00027309
2024-02-19T16:00:00Z,LTCUSDT,0.00029913
2024-02-20T00:00:00Z,LTCUSDT,0.00035676
2024-02-20T08:00:00Z,LTCUSDT,0.00030976
2024-02-20T16:00:00Z,LTCUSDT,0.00021693
2024-02-21T00:00:00Z,LTCUSDT,0.0001
2024-02-21T08:00:00Z,LTCUSDT,0.0001
2024-02-21T16:00:00Z,LTCUSDT,0.0001
2024-02-22T00:00:00Z,LTCUSDT,0.0001
2024-02-22T08:00:00Z,LTCUSDT,0.0001
2024-02-22T16:00:00Z,LTCUSDT,0.0001254
2024-02-23T00:00:00Z,LTCUSDT,0.00012803
2024-02-23T08:00:00Z,LTCUSDT,0.0001
2024-02-23T16:00:00Z,LTCUSDT,0.0001
2024-02-24T00:00:00Z,LTCUSDT,0.0001
2024-02-24T08:00:00Z,LTCUSDT,0.00014469
2024-02-24T16:00:00Z,LTCUSDT,0.0001502
2024-02-25T00:00:00Z,LTCUSDT,0.0001705
2024-02-25T08:00:00Z,LTCUSDT,0.00016449
2024-02-25T16:00:00Z,LTCUSDT,0.000247
2024-02-26T00:00:00Z,LTCUSDT,0.0003598
2024-02-26T08:00:00Z,LTCUSDT,0.0002626
2024-02-26T16:00:00Z,LTCUSDT,0.00028074
2024-02-27T00:00:00Z,LTCUSDT,0.00032784
2024-02-27T08:00:00Z,LTCUSDT,0.00054069
2024-02-27T16:00:00Z,LTCUSDT,0.00037131
2024-02-28T00:00:00Z,LTCUSDT,0.00030574
2024-02-28T08:00:00Z,LTCUSDT,0.0004285
2024-02-28T16:00:00Z,LTCUSDT,0.00054057
2024-02-29T00:00:00Z,LTCUSDT,0.0004044
2024-02-29T08:00:00Z,LTCUSDT,0.00064362
2024-02-29T16:00:00Z,LTCUSDT,0.00074037
2024-03-01T00:00:00Z,LTCUSDT,0.00059539
2024-03-01T08:00:00Z,LTCUSDT,0.00045357
2024-03-01T16:00:00Z,LTCUSDT,0.00058917
2024-03-02T00:00:00Z,LTCUSDT,0.00055854
2024-03-02T08:00:00Z,LTCUSDT,0.00079355
2024-03-02T16:00:00Z,LTCUSDT,0.00066403
2024-03-03T00:00:00Z,LTCUSDT,0.0005922
2024-03-03T08:00:00Z,LTCUSDT,0.00056145
2024-03-03T16:00:00Z,LTCUSDT,0.00042909
2024-03-04T00:00:00Z,LTCUSDT,0.0005652
2024-03-04T08:00:00Z,LTCUSDT,0.00063208
2024-03-04T16:00:00Z,LTCUSDT,0.00070346
2024-03-05T00:00:00Z,LTCUSDT,0.0007702
2024-03-05T08:00:00Z,LTCUSDT,0.00116525
2024-03-05T16:00:00Z,LTCUSDT,0.00099757
2024-03-06T00:00:00Z,LTCUSDT,0.00016001
2024-03-06T08:00:00Z,LTCUSDT,0.0001
2024-03-06T16:00:00Z,LTCUSDT,0.00043011
2024-03-07T00:00:00Z,LTCUSDT,0.00026653
2024-03-07T08:00:00Z,LTCUSDT,0.00029709
2024-03-07T16:00:00Z,LTCUSDT,0.00049101
2024-03-08T00:00:00Z,LTCUSDT,0.0003823
2024-03-08T08:00:00Z,LTCUSDT,0.00048194
2024-03-08T16:00:00Z,LTCUSDT,0.00044979
2024-03-09T00:00:00Z,LTCUSDT,0.00029714
2024-03-09T08:00:00Z,LTCUSDT,0.0003249
2024-03-09T16:00:00Z,LTCUSDT,0.0004026
2024-03-10T00:00:00Z,LTCUSDT,0.00041534
2024-03-10T08:00:00Z,LTCUSDT,0.00061296
2024-03-10T16:00:00Z,LTCUSDT,0.0001603
2024-03-11T00:00:00Z,LTCUSDT,0.00026704
2024-03-11T08:00:00Z,LTCUSDT,0.00035726
2024-03-11T16:00:00Z,LTCUSDT,0.0004541
2024-03-12T00:00:00Z,LTCUSDT,0.0009078
2024-03-12T08:00:00Z,LTCUSDT,0.00052907
2024-03-12T16:00:00Z,LTCUSDT,0.00036111
2024-03-13T00:00:00Z,LTCUSDT,0.00039631
2024-03-13T08:00:00Z,LTCUSDT,0.00055155
2024-03-13T16:00:00Z,LTCUSDT,0.00060934
2024-03-14T00:00:00Z,LTCUSDT,0.00049708
2024-03-14T08:00:00Z,LTCUSDT,0.00072758
2024-03-14T16:00:00Z,LTCUSDT,0.00062762
2024-03-15T00:00:00Z,LTCUSDT,0.00064406
2024-03-15T08:00:00Z,LTCUSDT,0.00034345
2024-03-15T16:00:00Z,LTCUSDT,0.00017454
2024-03-16T00:00:00Z,LTCUSDT,0.0001
2024-03-16T08:00:00Z,LTCUSDT,0.00015846
2024-03-16T16:00:00Z,LTCUSDT,0.0001
2024-03-17T00:00:00Z,LTCUSDT,0.0001
2024-03-17T08:00:00Z,LTCUSDT,0.0001
2024-03-17T16:00:00Z,LTCUSDT,0.00021535
2024-03-18T00:00:00Z,LTCUSDT,0.0001
2024-03-18T08:00:00Z,LTCUSDT,0.0001655
2024-03-18T16:00:00Z,LTCUSDT,0.00010449
2024-03-19T00:00:00Z,LTCUSDT,0.0001
2024-03-19T08:00:00Z,LTCUSDT,0.0001
2024-03-19T16:00:00Z,LTCUSDT,0.0001
2024-03-20T00:00:00Z,LTCUSDT,0.0001
2024-03-20T08:00:00Z,LTCUSDT,0.0001
2024-03-20T16:00:00Z,LTCUSDT,0.0001
2024-03-21T00:00:00Z,LTCUSDT,0.0001
2024-03-21T08:00:00Z,LTCUSDT,0.0001
2024-03-21T16:00:00Z,LTCUSDT,0.0001
2024-03-22T00:00:00Z,LTCUSDT,0.0001
2024-03-22T08:00:00Z,LTCUSDT,0.0001
2024-03-22T16:00:00Z,LTCUSDT,0.0001
2024-03-23T00:00:00Z,LTCUSDT,0.0001
2024-03-23T08:00:00Z,LTCUSDT,0.0001
2024-03-23T16:00:00Z,LTCUSDT,0.0001
2024-03-24T00:00:00Z,LTCUSDT,0.0001
2024-03-24T08:00:00Z,LTCUSDT,0.0001
2024-03-24T16:00:00Z,LTCUSDT,0.0001
2024-03-25T00:00:00Z,LTCUSDT,0.0001
2024-03-25T08:00:00Z,LTCUSDT,0.0001261
2024-03-25T16:00:00Z,LTCUSDT,0.00015939
2024-03-26T00:00:00Z,LTCUSDT,0.00029882
2024-03-26T08:00:00Z,LTCUSDT,0.00025157
2024-03-26T16:00:00Z,LTCUSDT,0.00026059
2024-03-27T00:00:00Z,LTCUSDT,0.0003565
2024-03-27T08:00:00Z,LTCUSDT,0.00044185
2024-03-27T16:00:00Z,LTCUSDT,0.0002792
2024-03-28T00:00:00Z,LTCUSDT,0.00032171
2024-03-28T08:00:00Z,LTCUSDT,0.0003411
2024-03-28T16:00:00Z,LTCUSDT,0.00048715
2024-03-29T00:00:00Z,LTCUSDT,0.000386
2024-03-29T08:00:00Z,LTCUSDT,0.00047628
2024-03-29T16:00:00Z,LTCUSDT,0.00071892
2024-03-30T00:00:00Z,LTCUSDT,0.00050932
2024-03-30T08:00:00Z,LTCUSDT,0.00038403
2024-03-30T16:00:00Z,LTCUSDT,0.00056558
2024-03-31T00:00:00Z,LTCUSDT,0.00030711
2024-03-31T08:00:00Z,LTCUSDT,0.0005236
2024-03-31T16:00:00Z,LTCUSDT,0.00054608
2024-04-01T00:00:00Z,LTCUSDT,0.00074684
2024-04-01T08:00:00Z,LTCUSDT,0.0004727
2024-04-01T16:00:00Z,LTCUSDT,0.00023353
2024-04-02T00:00:00Z,LTCUSDT,0.00016492
2024-04-02T08:00:00Z,LTCUSDT,0.0001
2024-04-02T16:00:00Z,LTCUSDT,0.0001
2024-04-03T00:00:00Z,LTCUSDT,0.0001094
2024-04-03T08:00:00Z,LTCUSDT,0.0001
2024-04-03T16:00:00Z,LTCUSDT,0.0001
2024-04-04T00:00:00Z,LTCUSDT,0.0001
2024-04-04T08:00:00Z,LTCUSDT,0.0001
2024-04-04T16:00:00Z,LTCUSDT,0.0001
2024-04-05T00:00:00Z,LTCUSDT,0.0001
2024-04-05T08:00:00Z,LTCUSDT,0.0001379
2024-04-05T16:00:00Z,LTCUSDT,0.00013988
2024-04-06T00:00:00Z,LTCUSDT,0.00022721
2024-04-06T08:00:00Z,LTCUSDT,0.00016692
2024-04-06T16:00:00Z,LTCUSDT,0.0001
2024-04-07T00:00:00Z,LTCUSDT,0.00015538
2024-04-07T08:00:00Z,LTCUSDT,0.00013339
2024-04-07T16:00:00Z,LTCUSDT,0.00013807
2024-04-08T00:00:00Z,LTCUSDT,0.00025922
2024-04-08T08:00:00Z,LTCUSDT,0.0001142
2024-04-08T16:00:00Z,LTCUSDT,0.00025179
2024-04-09T00:00:00Z,LTCUSDT,0.00022035
2024-04-09T08:00:00Z,LTCUSDT,0.00020648
2024-04-09T16:00:00Z,LTCUSDT,0.00017548
2024-04-10T00:00:00Z,LTCUSDT,0.00015721
2024-04-10T08:00:00Z,LTCUSDT,0.0001
2024-04-10T16:00:00Z,LTCUSDT,0.0001
2024-04-11T00:00:00Z,LTCUSDT,0.0001
2024-04-11T08:00:00Z,LTCUSDT,0.0001
2024-04-11T16:00:00Z,LTCUSDT,0.0001
2024-04-12T00:00:00Z,LTCUSDT,0.0001
2024-04-12T08:00:00Z,LTCUSDT,0.00010515
2024-04-12T16:00:00Z,LTCUSDT,0.0001
2024-04-13T00:00:00Z,LTCUSDT,0.0001
2024-04-13T08:00:00Z,LTCUSDT,0.0001
2024-04-13T16:00:00Z,LTCUSDT,0.0001
2024-04-14T00:00:00Z,LTCUSDT,0.0001
2024-04-14T08:00:00Z,LTCUSDT,0.0001
2024-04-14T16:00:00Z,LTCUSDT,0.0001
2024-04-15T00:00:00Z,LTCUSDT,0.0001
2024-04-15T08:00:00Z,LTCUSDT,0.0001
2024-04-15T16:00:00Z,LTCUSDT,0.00009957
2024-04-16T00:00:00Z,LTCUSDT,0.0001
2024-04-16T08:00:00Z,LTCUSDT,0.00001222
2024-04-16T16:00:00Z,LTCUSDT,0.0001
2024-04-17T00:00:00Z,LTCUSDT,0.00008206
2024-04-17T08:00:00Z,LTCUSDT,0.0001
2024-04-17T16:00:00Z,LTCUSDT,0.00004123
2024-04-18T00:00:00Z,LTCUSDT,0.00005602
2024-04-18T08:00:00Z,LTCUSDT,0.00008156
2024-04-18T16:00:00Z,LTCUSDT,0.00003714
2024-04-19T00:00:00Z,LTCUSDT,0.0001
2024-04-19T08:00:00Z,LTCUSDT,0.0001
2024-04-19T16:00:00Z,LTCUSDT,0.00002444
2024-04-20T00:00:00Z,LTCUSDT,0.00006107
2024-04-20T08:00:00Z,LTCUSDT,0.0001
2024-04-20T16:00:00Z,LTCUSDT,0.00009281
2024-04-21T00:00:00Z,LTCUSDT,0.0001
2024-04-21T08:00:00Z,LTCUSDT,0.0001
2024-04-21T16:00:00Z,LTCUSDT,0.00008643
2024-04-22T00:00:00Z,LTCUSDT,0.00005929
2024-04-22T08:00:00Z,LTCUSDT,0.00004281
2024-04-22T16:00:00Z,LTCUSDT,0.00003571
2024-04-23T00:00:00Z,LTCUSDT,0.00007447
2024-04-23T08:00:00Z,LTCUSDT,0.0001
2024-04-23T16:00:00Z,LTCUSDT,0.00000682
2024-04-24T00:00:00Z,LTCUSDT,0.00007432
2024-04-24T08:00:00Z,LTCUSDT,-0.00003915
2024-04-24T16:00:00Z,LTCUSDT,0.0001
2024-04-25T00:00:00Z,LTCUSDT,0.0001
2024-04-25T08:00:00Z,LTCUSDT,0.00002915
2024-04-25T16:00:00Z,LTCUSDT,0.00009289
2024-04-26T00:00:00Z,LTCUSDT,-0.00004521
2024-04-26T08:00:00Z,LTCUSDT,0.0000312
2024-04-26T16:00:00Z,LTCUSDT,0.00006097
2024-04-27T00:00:00Z,LTCUSDT,0.00003333
2024-04-27T08:00:00Z,LTCUSDT,0.0001
2024-04-27T16:00:00Z,LTCUSDT,0.0001
2024-04-28T00:00:00Z,LTCUSDT,0.00007914
2024-04-28T08:00:00Z,LTCUSDT,0.0001
2024-04-28T16:00:00Z,LTCUSDT,0.0001
2024-04-29T00:00:00Z,LTCUSDT,0.00005009
2024-04-29T08:00:00Z,LTCUSDT,0.00004149
2024-04-29T16:00:00Z,LTCUSDT,0.0001
2024-04-30T00:00:00Z,LTCUSDT,0.0001
2024-04-30T08:00:00Z,LTCUSDT,0.0001
2024-04-30T16:00:00Z,LTCUSDT,0.00001107
2024-05-01T00:00:00Z,LTCUSDT,0.00009044
2024-05-01T08:00:00Z,LTCUSDT,0.00001254
2024-05-01T16:00:00Z,LTCUSDT,0.00005885
2024-05-02T00:00:00Z,LTCUSDT,0.00003976
2024-05-02T08:00:00Z,LTCUSDT,0.0001
2024-05-02T16:00:00Z,LTCUSDT,0.00008738
2024-05-03T00:00:00Z,LTCUSDT,0.0001
2024-05-03T08:00:00Z,LTCUSDT,0.00002198
2024-05-03T16:00:00Z,LTCUSDT,0.00002725
2024-05-04T00:00:00Z,LTCUSDT,0.00001553
2024-05-04T08:00:00Z,LTCUSDT,0.0001
2024-05-04T16:00:00Z,LTCUSDT,0.00006545
2024-05-05T00:00:00Z,LTCUSDT,-0.00000213
2024-05-05T08:00:00Z,LTCUSDT,0.0001
2024-05-05T16:00:00Z,LTCUSDT,0.0001
2024-05-06T00:00:00Z,LTCUSDT,0.0001
2024-05-06T08:00:00Z,LTCUSDT,0.0001
2024-05-06T16:00:00Z,LTCUSDT,0.0001
2024-05-07T00:00:00Z,LTCUSDT,0.00006397
2024-05-07T08:00:00Z,LTCUSDT,0.0001
2024-05-07T16:00:00Z,LTCUSDT,0.00002036
2024-05-08T00:00:00Z,LTCUSDT,0.0001
2024-05-08T08:00:00Z,LTCUSDT,0.00008898
2024-05-08T16:00:00Z,LTCUSDT,0.00005043
2024-05-09T00:00:00Z,LTCUSDT,0.0001
2024-05-09T08:00:00Z,LTCUSDT,0.0001
2024-05-09T16:00:00Z,LTCUSDT,0.00005183
2024-05-10T00:00:00Z,LTCUSDT,0.00005595
2024-05-10T08:00:00Z,LTCUSDT,0.0001
2024-05-10T16:00:00Z,LTCUSDT,0.0001
2024-05-11T00:00:00Z,LTCUSDT,0.00004407
2024-05-11T08:00:00Z,LTCUSDT,0.0001
2024-05-11T16:00:00Z,LTCUSDT,-0.00002504
2024-05-12T00:00:00Z,LTCUSDT,0.00008142
2024-05-12T08:00:00Z,LTCUSDT,0.00003574
2024-05-12T16:00:00Z,LTCUSDT,0.00002775
2024-05-13T00:00:00Z,LTCUSDT,0.00005233
2024-05-13T08:00:00Z,LTCUSDT,0.00009108
2024-05-13T16:00:00Z,LTCUSDT,0.0001
2024-05-14T00:00:00Z,LTCUSDT,0.00009983
2024-05-14T08:00:00Z,LTCUSDT,0.00005734
2024-05-14T16:00:00Z,LTCUSDT,0.00007058
2024-05-15T00:00:00Z,LTCUSDT,-0.00004131
2024-05-15T08:00:00Z,LTCUSDT,0.0001
2024-05-15T16:00:00Z,LTCUSDT,-0.00001019
2024-05-16T00:00:00Z,LTCUSDT,0.00004453
2024-05-16T08:00:00Z,LTCUSDT,0.0001
2024-05-16T16:00:00Z,LTCUSDT,0.00009613
2024-05-17T00:00:00Z,LTCUSDT,0.0001
2024-05-17T08:00:00Z,LTCUSDT,0.0001
2024-05-17T16:00:00Z,LTCUSDT,0.0001
2024-05-18T00:00:00Z,LTCUSDT,0.0001
2024-05-18T08:00:00Z,LTCUSDT,0.0001
2024-05-18T16:00:00Z,LTCUSDT,0.0001
2024-05-19T00:00:00Z,LTCUSDT,0.0001
2024-05-19T08:00:00Z,LTCUSDT,0.0001
2024-05-19T16:00:00Z,LTCUSDT,0.0001
2024-05-20T00:00:00Z,LTCUSDT,0.0001
2024-05-20T08:00:00Z,LTCUSDT,0.0001
2024-05-20T16:00:00Z,LTCUSDT,0.0001
2024-05-21T00:00:00Z,LTCUSDT,0.0001
2024-05-21T08:00:00Z,LTCUSDT,0.0001
2024-05-21T16:00:00Z,LTCUSDT,0.0001
2024-05-22T00:00:00Z,LTCUSDT,0.0001
2024-05-22T08:00:00Z,LTCUSDT,0.0001
2024-05-22T16:00:00Z,LTCUSDT,0.0001
2024-05-23T00:00:00Z,LTCUSDT,0.0001
2024-05-23T08:00:00Z,LTCUSDT,0.0001
2024-05-23T16:00:00Z,LTCUSDT,0.0001
2024-05-24T00:00:00Z,LTCUSDT,0.0001
2024-05-24T08:00:00Z,LTCUSDT,0.0001
2024-05-24T16:00:00Z,LTCUSDT,0.0001
2024-05-25T00:00:00Z,LTCUSDT,0.0001
2024-05-25T08:00:00Z,LTCUSDT,0.0001
2024-05-25T16:00:00Z,LTCUSDT,0.0001
2024-05-26T00:00:00Z,LTCUSDT,0.0001
2024-05-26T08:00:00Z,LTCUSDT,0.0001
2024-05-26T16:00:00Z,LTCUSDT,0.0001
2024-05-27T00:00:00Z,LTCUSDT,0.0001
2024-05-27T08:00:00Z,LTCUSDT,0.0001
2024-05-27T16:00:00Z,LTCUSDT,0.0001
2024-05-28T00:00:00Z,LTCUSDT,0.0001
2024-05-28T08:00:00Z,LTCUSDT,0.0001
2024-05-28T16:00:00Z,LTCUSDT,0.0001
2024-05-29T00:00:00Z,LTCUSDT,0.0001
2024-05-29T08:00:00Z,LTCUSDT,0.0001
2024-05-29T16:00:00Z,LTCUSDT,0.0001
2024-05-30T00:00:00Z,LTCUSDT,0.0001
2024-05-30T08:00:00Z,LTCUSDT,0.0001
2024-05-30T16:00:00Z,LTCUSDT,0.0001
2024-05-31T00:00:00Z,LTCUSDT,0.0001
2024-05-31T08:00:00Z,LTCUSDT,0.0001
2024-05-31T16:00:00Z,LTCUSDT,0.0001
2024-06-01T00:00:00Z,LTCUSDT,0.0001
2024-06-01T08:00:00Z,LTCUSDT,0.0001
2024-06-01T16:00:00Z,LTCUSDT,0.0001
2024-06-02T00:00:00Z,LTCUSDT,0.0001
2024-06-02T08:00:00Z,LTCUSDT,0.00010742
2024-06-02T16:00:00Z,LTCUSDT,0.0001
2024-06-03T00:00:00Z,LTCUSDT,0.0001
2024-06-03T08:00:00Z,LTCUSDT,0.0001
2024-06-03T16:00:00Z,LTCUSDT,0.0001
2024-06-04T00:00:00Z,LTCUSDT,0.0001
2024-06-04T08:00:00Z,LTCUSDT,0.0001
2024-06-04T16:00:00Z,LTCUSDT,0.0001
2024-06-05T00:00:00Z,LTCUSDT,0.0001
2024-06-05T08:00:00Z,LTCUSDT,0.00022154
2024-06-05T16:00:00Z,LTCUSDT,0.0001
2024-06-06T00:00:00Z,LTCUSDT,0.0001
2024-06-06T08:00:00Z,LTCUSDT,0.0001513
2024-06-06T16:00:00Z,LTCUSDT,0.0001
2024-06-07T00:00:00Z,LTCUSDT,0.0001
2024-06-07T08:00:00Z,LTCUSDT,0.00022933
2024-06-07T16:00:00Z,LTCUSDT,0.00012837
2024-06-08T00:00:00Z,LTCUSDT,0.0001
2024-06-08T08:00:00Z,LTCUSDT,0.0001
2024-06-08T16:00:00Z,LTCUSDT,0.0001
2024-06-09T00:00:00Z,LTCUSDT,0.0001
2024-06-09T08:00:00Z,LTCUSDT,0.0001
2024-06-09T16:00:00Z,LTCUSDT,0.0001
2024-06-10T00:00:00Z,LTCUSDT,0.0001
2024-06-10T08:00:00Z,LTCUSDT,0.0001
2024-06-10T16:00:00Z,LTCUSDT,0.0001
2024-06-11T00:00:00Z,LTCUSDT,0.0001
2024-06-11T08:00:00Z,LTCUSDT,0.0001
2024-06-11T16:00:00Z,LTCUSDT,0.0001
2024-06-12T00:00:00Z,LTCUSDT,0.0001
2024-06-12T08:00:00Z,LTCUSDT,0.0001
2024-06-12T16:00:00Z,LTCUSDT,0.0001
2024-06-13T00:00:00Z,LTCUSDT,0.0001
2024-06-13T08:00:00Z,LTCUSDT,0.0001
2024-06-13T16:00:00Z,LTCUSDT,0.0001
2024-06-14T00:00:00Z,LTCUSDT,0.00003981
2024-06-14T08:00:00Z,LTCUSDT,0.0001
2024-06-14T16:00:00Z,LTCUSDT,0.0001
2024-06-15T00:00:00Z,LTCUSDT,0.0001
2024-06-15T08:00:00Z,LTCUSDT,0.00000903
2024-06-15T16:00:00Z,LTCUSDT,0.00009907
2024-06-16T00:00:00Z,LTCUSDT,-0.00001766
2024-06-16T08:00:00Z,LTCUSDT,0.00000395
2024-06-16T16:00:00Z,LTCUSDT,0.00008844
2024-06-17T00:00:00Z,LTCUSDT,0.0000727
2024-06-17T08:00:00Z,LTCUSDT,0.00006466
2024-06-17T16:00:00Z,LTCUSDT,0.0001
2024-06-18T00:00:00Z,LTCUSDT,0.00009512
2024-06-18T08:00:00Z,LTCUSDT,0.00004094
2024-06-18T16:00:00Z,LTCUSDT,0.000003
2024-06-19T00:00:00Z,LTCUSDT,0.00009223
2024-06-19T08:00:00Z,LTCUSDT,0.0001
2024-06-19T16:00:00Z,LTCUSDT,0.0001
2024-06-20T00:00:00Z,LTCUSDT,0.00009435
2024-06-20T08:00:00Z,LTCUSDT,0.0001
2024-06-20T16:00:00Z,LTCUSDT,0.00009131
2024-06-21T00:00:00Z,LTCUSDT,-0.00003535
2024-06-21T08:00:00Z,LTCUSDT,0.00007557
2024-06-21T16:00:00Z,LTCUSDT,0.0001
2024-06-22T00:00:00Z,LTCUSDT,0.00007384
2024-06-22T08:00:00Z,LTCUSDT,0.0001
2024-06-22T16:00:00Z,LTCUSDT,0.0001
2024-06-23T00:00:00Z,LTCUSDT,0.0001
2024-06-23T08:00:00Z,LTCUSDT,0.00009697
2024-06-23T16:00:00Z,LTCUSDT,0.00005161
2024-06-24T00:00:00Z,LTCUSDT,0.00009448
2024-06-24T08:00:00Z,LTCUSDT,0.00008324
2024-06-24T16:00:00Z,LTCUSDT,0.00001182
2024-06-25T00:00:00Z,LTCUSDT,0.00003039
2024-06-25T08:00:00Z,LTCUSDT,-0.00000511
2024-06-25T16:00:00Z,LTCUSDT,0.0001
2024-06-26T00:00:00Z,LTCUSDT,0.00004508
2024-06-26T08:00:00Z,LTCUSDT,0.0001
2024-06-26T16:00:00Z,LTCUSDT,0.00006638
2024-06-27T00:00:00Z,LTCUSDT,-0.0000346
2024-06-27T08:00:00Z,LTCUSDT,0.0001
2024-06-27T16:00:00Z,LTCUSDT,0.0001
2024-06-28T00:00:00Z,LTCUSDT,-0.00002622
2024-06-28T08:00:00Z,LTCUSDT,-0.00004761
2024-06-28T16:00:00Z,LTCUSDT,0.0001
2024-06-29T00:00:00Z,LTCUSDT,0.0000068
2024-06-29T08:00:00Z,LTCUSDT,0.0001
2024-06-29T16:00:00Z,LTCUSDT,0.00004667
2024-06-30T00:00:00Z,LTCUSDT,0.00001055
2024-06-30T08:00:00Z,LTCUSDT,-0.00002724
2024-06-30T16:00:00Z,LTCUSDT,0.00002404
2024-07-01T00:00:00Z,LTCUSDT,-0.00008283
2024-07-01T08:00:00Z,LTCUSDT,0.00008886
2024-07-01T16:00:00Z,LTCUSDT,0.0001
2024-07-02T00:00:00Z,LTCUSDT,0.0001
2024-07-02T08:00:00Z,LTCUSDT,0.0001
2024-07-02T16:00:00Z,LTCUSDT,0.00009461
2024-07-03T00:00:00Z,LTCUSDT,0.00003406
2024-07-03T08:00:00Z,LTCUSDT,0.0001
2024-07-03T16:00:00Z,LTCUSDT,0.0001
2024-07-04T00:00:00Z,LTCUSDT,0.00007172
2024-07-04T08:00:00Z,LTCUSDT,0.00001807
2024-07-04T16:00:00Z,LTCUSDT,0.0001
2024-07-05T00:00:00Z,LTCUSDT,0.00008284
2024-07-05T08:00:00Z,LTCUSDT,-0.00005104
2024-07-05T16:00:00Z,LTCUSDT,0.00008536
2024-07-06T00:00:00Z,LTCUSDT,-0.00003571
2024-07-06T08:00:00Z,LTCUSDT,0.00008524
2024-07-06T16:00:00Z,LTCUSDT,0.00007228
2024-07-07T00:00:00Z,LTCUSDT,-0.00005567
2024-07-07T08:00:00Z,LTCUSDT,0.00003142
2024-07-07T16:00:00Z,LTCUSDT,0.00006945
2024-07-08T00:00:00Z,LTCUSDT,-0.00004054
2024-07-08T08:00:00Z,LTCUSDT,0.00002304
2024-07-08T16:00:00Z,LTCUSDT,0.00009991
2024-07-09T00:00:00Z,LTCUSDT,-0.00002395
2024-07-09T08:00:00Z,LTCUSDT,-0.00006055
2024-07-09T16:00:00Z,LTCUSDT,-0.00000884
2024-07-10T00:00:00Z,LTCUSDT,0.00006327
2024-07-10T08:00:00Z,LTCUSDT,0.00003135
2024-07-10T16:00:00Z,LTCUSDT,0.00006859
2024-07-11T00:00:00Z,LTCUSDT,0.00005325
2024-07-11T08:00:00Z,LTCUSDT,0.00007597
2024-07-11T16:00:00Z,LTCUSDT,0.00008118
2024-07-12T00:00:00Z,LTCUSDT,0.00008819
2024-07-12T08:00:00Z,LTCUSDT,-0.00001544
2024-07-12T16:00:00Z,LTCUSDT,0.00005524
2024-07-13T00:00:00Z,LTCUSDT,0.00000704
2024-07-13T08:00:00Z,LTCUSDT,-0.00005057
2024-07-13T16:00:00Z,LTCUSDT,0.00000904
2024-07-14T00:00:00Z,LTCUSDT,0.00000224
2024-07-14T08:00:00Z,LTCUSDT,0.0000638
2024-07-14T16:00:00Z,LTCUSDT,-0.00001704
2024-07-15T00:00:00Z,LTCUSDT,0.00006052
2024-07-15T08:00:00Z,LTCUSDT,0.00007473
2024-07-15T16:00:00Z,LTCUSDT,0.00007303
2024-07-16T00:00:00Z,LTCUSDT,0.00009919
2024-07-16T08:00:00Z,LTCUSDT,0.00005672
2024-07-16T16:00:00Z,LTCUSDT,0.0001
2024-07-17T00:00:00Z,LTCUSDT,-0.00004156
2024-07-17T08:00:00Z,LTCUSDT,0.0001
2024-07-17T16:00:00Z,LTCUSDT,0.00007409
2024-07-18T00:00:00Z,LTCUSDT,0.0001
2024-07-18T08:00:00Z,LTCUSDT,0.00009244
2024-07-18T16:00:00Z,LTCUSDT,0.00003625
2024-07-19T00:00:00Z,LTCUSDT,0.00006855
2024-07-19T08:00:00Z,LTCUSDT,0.00005576
2024-07-19T16:00:00Z,LTCUSDT,0.00003345
2024-07-20T00:00:00Z,LTCUSDT,0.0000187
2024-07-20T08:00:00Z,LTCUSDT,0.0001
2024-07-20T16:00:00Z,LTCUSDT,0.00001174
2024-07-21T00:00:00Z,LTCUSDT,0.00008778
2024-07-21T08:00:00Z,LTCUSDT,0.0000068
2024-07-21T16:00:00Z,LTCUSDT,0.00006664
2024-07-22T00:00:00Z,LTCUSDT,0.0001
2024-07-22T08:00:00Z,LTCUSDT,0.0001
2024-07-22T16:00:00Z,LTCUSDT,0.0001
2024-07-23T00:00:00Z,LTCUSDT,0.0001
2024-07-23T08:00:00Z,LTCUSDT,0.0001
2024-07-23T16:00:00Z,LTCUSDT,0.0001
2024-07-24T00:00:00Z,LTCUSDT,0.0001
2024-07-24T08:00:00Z,LTCUSDT,0.0001
2024-07-24T16:00:00Z,LTCUSDT,0.0001
2024-07-25T00:00:00Z,LTCUSDT,0.0001
2024-07-25T08:00:00Z,LTCUSDT,0.0001
2024-07-25T16:00:00Z,LTCUSDT,0.00008659
2024-07-26T00:00:00Z,LTCUSDT,0.0001
2024-07-26T08:00:00Z,LTCUSDT,0.0001
2024-07-26T16:00:00Z,LTCUSDT,0.0000989
2024-07-27T00:00:00Z,LTCUSDT,0.0001
2024-07-27T08:00:00Z,LTCUSDT,-0.00005627
2024-07-27T16:00:00Z,LTCUSDT,0.00002909
2024-07-28T00:00:00Z,LTCUSDT,0.00006022
2024-07-28T08:00:00Z,LTCUSDT,0.0001
2024-07-28T16:00:00Z,LTCUSDT,0.0001
2024-07-29T00:00:00Z,LTCUSDT,0.0001
2024-07-29T08:00:00Z,LTCUSDT,-0.00004551
2024-07-29T16:00:00Z,LTCUSDT,0.0001
2024-07-30T00:00:00Z,LTCUSDT,0.0000867
2024-07-30T08:00:00Z,LTCUSDT,0.00004193
2024-07-30T16:00:00Z,LTCUSDT,0.00009139
2024-07-31T00:00:00Z,LTCUSDT,0.0001
2024-07-31T08:00:00Z,LTCUSDT,0.0001
2024-07-31T16:00:00Z,LTCUSDT,0.0001
2024-08-01T00:00:00Z,LTCUSDT,0.0001
2024-08-01T08:00:00Z,LTCUSDT,0.00007682
2024-08-01T16:00:00Z,LTCUSDT,0.00006626
2024-08-02T00:00:00Z,LTCUSDT,-0.00002104
2024-08-02T08:00:00Z,LTCUSDT,-0.00000874
2024-08-02T16:00:00Z,LTCUSDT,0.00003084
2024-08-03T00:00:00Z,LTCUSDT,0.00006567
2024-08-03T08:00:00Z,LTCUSDT,0.0001
2024-08-03T16:00:00Z,LTCUSDT,0.00007116
2024-08-04T00:00:00Z,LTCUSDT,0.00004226
2024-08-04T08:00:00Z,LTCUSDT,-0.00008285
2024-08-04T16:00:00Z,LTCUSDT,0.00006512
2024-08-05T00:00:00Z,LTCUSDT,0.00005829
2024-08-05T08:00:00Z,LTCUSDT,0.00003924
2024-08-05T16:00:00Z,LTCUSDT,0.00007636
2024-08-06T00:00:00Z,LTCUSDT,0.00002732
2024-08-06T08:00:00Z,LTCUSDT,0.0001
2024-08-06T16:00:00Z,LTCUSDT,0.00005377
2024-08-07T00:00:00Z,LTCUSDT,0.0000502
2024-08-07T08:00:00Z,LTCUSDT,0.0001
2024-08-07T16:00:00Z,LTCUSDT,0.00003757
2024-08-08T00:00:00Z,LTCUSDT,0.0001
2024-08-08T08:00:00Z,LTCUSDT,0.00009189
2024-08-08T16:00:00Z,LTCUSDT,-0.0000367
2024-08-09T00:00:00Z,LTCUSDT,0.00003409
2024-08-09T08:00:00Z,LTCUSDT,-0.00004391
2024-08-09T16:00:00Z,LTCUSDT,0.00001426
2024-08-10T00:00:00Z,LTCUSDT,0.0000779
2024-08-10T08:00:00Z,LTCUSDT,0.00001364
2024-08-10T16:00:00Z,LTCUSDT,-0.00004327
2024-08-11T00:00:00Z,LTCUSDT,0.00007956
2024-08-11T08:00:00Z,LTCUSDT,0.00003237
2024-08-11T16:00:00Z,LTCUSDT,0.0001
2024-08-12T00:00:00Z,LTCUSDT,0.00000737
2024-08-12T08:00:00Z,LTCUSDT,-0.00001638
2024-08-12T16:00:00Z,LTCUSDT,-0.00002267
2024-08-13T00:00:00Z,LTCUSDT,0.00002966
2024-08-13T08:00:00Z,LTCUSDT,-0.00000213
2024-08-13T16:00:00Z,LTCUSDT,0.0000913
2024-08-14T00:00:00Z,LTCUSDT,0.00008756
2024-08-14T08:00:00Z,LTCUSDT,0.0001
2024-08-14T16:00:00Z,LTCUSDT,0.00006515
2024-08-15T00:00:00Z,LTCUSDT,0.0000491
2024-08-15T08:00:00Z,LTCUSDT,-0.00002481
2024-08-15T16:00:00Z,LTCUSDT,-0.00005085
2024-08-16T00:00:00Z,LTCUSDT,0.0001
2024-08-16T08:00:00Z,LTCUSDT,0.00005546
2024-08-16T16:00:00Z,LTCUSDT,-0.00001622
2024-08-17T00:00:00Z,LTCUSDT,0.00001961
2024-08-17T08:00:00Z,LTCUSDT,0.00005134
2024-08-17T16:00:00Z,LTCUSDT,-0.00000646
2024-08-18T00:00:00Z,LTCUSDT,-0.00004708
2024-08-18T08:00:00Z,LTCUSDT,0.00000508
2024-08-18T16:00:00Z,LTCUSDT,-0.00003044
2024-08-19T00:00:00Z,LTCUSDT,-0.00002395
2024-08-19T08:00:00Z,LTCUSDT,0.0001
2024-08-19T16:00:00Z,LTCUSDT,0.00005138
2024-08-20T00:00:00Z,LTCUSDT,0.0001
2024-08-20T08:00:00Z,LTCUSDT,0.0001
2024-08-20T16:00:00Z,LTCUSDT,0.00002718
2024-08-21T00:00:00Z,LTCUSDT,0.00006193
2024-08-21T08:00:00Z,LTCUSDT,0.0001
2024-08-21T16:00:00Z,LTCUSDT,0.00006145
2024-08-22T00:00:00Z,LTCUSDT,0.000081
2024-08-22T08:00:00Z,LTCUSDT,0.00002357
2024-08-22T16:00:00Z,LTCUSDT,0.00003888
2024-08-23T00:00:00Z,LTCUSDT,0.00004535
2024-08-23T08:00:00Z,LTCUSDT,0.0000662
2024-08-23T16:00:00Z,LTCUSDT,0.00004354
2024-08-24T00:00:00Z,LTCUSDT,0.00003183
2024-08-24T08:00:00Z,LTCUSDT,-0.00006526
2024-08-24T16:00:00Z,LTCUSDT,0.0001
2024-08-25T00:00:00Z,LTCUSDT,0.0001
2024-08-25T08:00:00Z,LTCUSDT,0.00004191
2024-08-25T16:00:00Z,LTCUSDT,0.00007472
2024-08-26T00:00:00Z,LTCUSDT,-0.00002464
2024-08-26T08:00:00Z,LTCUSDT,0.00000193
2024-08-26T16:00:00Z,LTCUSDT,0.00001348
2024-08-27T00:00:00Z,LTCUSDT,0.00002079
2024-08-27T08:00:00Z,LTCUSDT,0.0001
2024-08-27T16:00:00Z,LTCUSDT,0.00004666
2024-08-28T00:00:00Z,LTCUSDT,-0.00008769
2024-08-28T08:00:00Z,LTCUSDT,-0.00006596
2024-08-28T16:00:00Z,LTCUSDT,0.00004534
2024-08-29T00:00:00Z,LTCUSDT,-0.00001275
2024-08-29T08:00:00Z,LTCUSDT,0.00002144
2024-08-29T16:00:00Z,LTCUSDT,0.00009605
2024-08-30T00:00:00Z,LTCUSDT,-0.00002386
2024-08-30T08:00:00Z,LTCUSDT,0.0000391
2024-08-30T16:00:00Z,LTCUSDT,-0.00001795
2024-08-31T00:00:00Z,LTCUSDT,0.00002885
2024-08-31T08:00:00Z,LTCUSDT,-0.00004346
2024-08-31T16:00:00Z,LTCUSDT,-0.00001403
2024-09-01T00:00:00Z,LTCUSDT,-0.000087
2024-09-01T08:00:00Z,LTCUSDT,0.0001
2024-09-01T16:00:00Z,LTCUSDT,0.00006594
2024-09-02T00:00:00Z,LTCUSDT,-0.0000063
2024-09-02T08:00:00Z,LTCUSDT,-0.00000696
2024-09-02T16:00:00Z,LTCUSDT,-0.00002806
2024-09-03T00:00:00Z,LTCUSDT,0.00007871
2024-09-03T08:00:00Z,LTCUSDT,0.0000151
2024-09-03T16:00:00Z,LTCUSDT,-0.00000155
2024-09-04T00:00:00Z,LTCUSDT,0.0000648
2024-09-04T08:00:00Z,LTCUSDT,-0.00001135
2024-09-04T16:00:00Z,LTCUSDT,0.00008533
2024-09-05T00:00:00Z,LTCUSDT,0.00000773
2024-09-05T08:00:00Z,LTCUSDT,0.00005219
2024-09-05T16:00:00Z,LTCUSDT,0.0000238
2024-09-06T00:00:00Z,LTCUSDT,0.00000858
2024-09-06T08:00:00Z,LTCUSDT,0.00001722
2024-09-06T16:00:00Z,LTCUSDT,-0.00002631
2024-09-07T00:00:00Z,LTCUSDT,-0.00004145
2024-09-07T08:00:00Z,LTCUSDT,-0.00002482
2024-09-07T16:00:00Z,LTCUSDT,0.00001099
2024-09-08T00:00:00Z,LTCUSDT,-0.00002467
2024-09-08T08:00:00Z,LTCUSDT,0.0001
2024-09-08T16:00:00Z,LTCUSDT,0.0001
2024-09-09T00:00:00Z,LTCUSDT,0.0001
2024-09-09T08:00:00Z,LTCUSDT,0.00006167
2024-09-09T16:00:00Z,LTCUSDT,0.00003998
2024-09-10T00:00:00Z,LTCUSDT,0.00004561
2024-09-10T08:00:00Z,LTCUSDT,0.00005826
2024-09-10T16:00:00Z,LTCUSDT,0.00001503
2024-09-11T00:00:00Z,LTCUSDT,0.00005174
2024-09-11T08:00:00Z,LTCUSDT,0.00005465
2024-09-11T16:00:00Z,LTCUSDT,0.00005984
2024-09-12T00:00:00Z,LTCUSDT,0.00002217
2024-09-12T08:00:00Z,LTCUSDT,0.00009505
2024-09-12T16:00:00Z,LTCUSDT,0.0000488
2024-09-13T00:00:00Z,LTCUSDT,0.00002728
2024-09-13T08:00:00Z,LTCUSDT,0.00001079
2024-09-13T16:00:00Z,LTCUSDT,0.00001235
2024-09-14T00:00:00Z,LTCUSDT,0.0001
2024-09-14T08:00:00Z,LTCUSDT,0.00002643
2024-09-14T16:00:00Z,LTCUSDT,0.00000688
2024-09-15T00:00:00Z,LTCUSDT,0.00005849
2024-09-15T08:00:00Z,LTCUSDT,0.00007334
2024-09-15T16:00:00Z,LTCUSDT,0.00004681
2024-09-16T00:00:00Z,LTCUSDT,-0.00000925
2024-09-16T08:00:00Z,LTCUSDT,0.00001345
2024-09-16T16:00:00Z,LTCUSDT,0.00000829
2024-09-17T00:00:00Z,LTCUSDT,0.00000791
2024-09-17T08:00:00Z,LTCUSDT,-0.00002989
2024-09-17T16:00:00Z,LTCUSDT,0.00004624
2024-09-18T00:00:00Z,LTCUSDT,-0.00000336
2024-09-18T08:00:00Z,LTCUSDT,0.00006428
2024-09-18T16:00:00Z,LTCUSDT,0.00001161
2024-09-19T00:00:00Z,LTCUSDT,0.00006777
2024-09-19T08:00:00Z,LTCUSDT,0.0001
2024-09-19T16:00:00Z,LTCUSDT,0.0001
2024-09-20T00:00:00Z,LTCUSDT,0.0001
2024-09-20T08:00:00Z,LTCUSDT,0.00006925
2024-09-20T16:00:00Z,LTCUSDT,0.00006261
2024-09-21T00:00:00Z,LTCUSDT,0.0001
2024-09-21T08:00:00Z,LTCUSDT,0.00006795
2024-09-21T16:00:00Z,LTCUSDT,-0.00002875
2024-09-22T00:00:00Z,LTCUSDT,0.00008908
2024-09-22T08:00:00Z,LTCUSDT,0.00001164
2024-09-22T16:00:00Z,LTCUSDT,0.0000342
2024-09-23T00:00:00Z,LTCUSDT,0.00001441
2024-09-23T08:00:00Z,LTCUSDT,0.00004752
2024-09-23T16:00:00Z,LTCUSDT,0.0001
2024-09-24T00:00:00Z,LTCUSDT,0.00009898
2024-09-24T08:00:00Z,LTCUSDT,0.0001
2024-09-24T16:00:00Z,LTCUSDT,0.0001
2024-09-25T00:00:00Z,LTCUSDT,0.0001
2024-09-25T08:00:00Z,LTCUSDT,0.0001
2024-09-25T16:00:00Z,LTCUSDT,0.00009773
2024-09-26T00:00:00Z,LTCUSDT,0.00009989
2024-09-26T08:00:00Z,LTCUSDT,0.0001
2024-09-26T16:00:00Z,LTCUSDT,0.0001
2024-09-27T00:00:00Z,LTCUSDT,0.00008937
2024-09-27T08:00:00Z,LTCUSDT,0.0001
2024-09-27T16:00:00Z,LTCUSDT,0.0001
2024-09-28T00:00:00Z,LTCUSDT,0.0001
2024-09-28T08:00:00Z,LTCUSDT,0.0001
2024-09-28T16:00:00Z,LTCUSDT,0.0001
2024-09-29T00:00:00Z,LTCUSDT,0.0001
2024-09-29T08:00:00Z,LTCUSDT,0.0001
2024-09-29T16:00:00Z,LTCUSDT,0.0001
2024-09-30T00:00:00Z,LTCUSDT,0.0001
2024-09-30T08:00:00Z,LTCUSDT,0.0001
2024-09-30T16:00:00Z,LTCUSDT,0.0001
2024-10-01T00:00:00Z,LTCUSDT,0.0000649
2024-10-01T08:00:00Z,LTCUSDT,0.0001
2024-10-01T16:00:00Z,LTCUSDT,0.0001
2024-10-02T00:00:00Z,LTCUSDT,0.00004219
2024-10-02T08:00:00Z,LTCUSDT,0.0001
2024-10-02T16:00:00Z,LTCUSDT,0.0000293
2024-10-03T00:00:00Z,LTCUSDT,0.0001
2024-10-03T08:00:00Z,LTCUSDT,0.00009427
2024-10-03T16:00:00Z,LTCUSDT,0.00005214
2024-10-04T00:00:00Z,LTCUSDT,0.00006595
2024-10-04T08:00:00Z,LTCUSDT,0.00008636
2024-10-04T16:00:00Z,LTCUSDT,0.00009634
2024-10-05T00:00:00Z,LTCUSDT,0.00004112
2024-10-05T08:00:00Z,LTCUSDT,0.00009318
2024-10-05T16:00:00Z,LTCUSDT,-0.00002836
2024-10-06T00:00:00Z,LTCUSDT,0.00002023
2024-10-06T08:00:00Z,LTCUSDT,0.00003084
2024-10-06T16:00:00Z,LTCUSDT,-0.00000242
2024-10-07T00:00:00Z,LTCUSDT,0.00005108
2024-10-07T08:00:00Z,LTCUSDT,0.00005895
2024-10-07T16:00:00Z,LTCUSDT,0.0001
2024-10-08T00:00:00Z,LTCUSDT,0.00002609
2024-10-08T08:00:00Z,LTCUSDT,0.00007153
2024-10-08T16:00:00Z,LTCUSDT,0.00006915
2024-10-09T00:00:00Z,LTCUSDT,0.0001
2024-10-09T08:00:00Z,LTCUSDT,0.0001
2024-10-09T16:00:00Z,LTCUSDT,0.00008251
2024-10-10T00:00:00Z,LTCUSDT,0.00007286
2024-10-10T08:00:00Z,LTCUSDT,-0.0000161
2024-10-10T16:00:00Z,LTCUSDT,0.00003664
2024-10-11T00:00:00Z,LTCUSDT,0.00005487
2024-10-11T08:00:00Z,LTCUSDT,-0.00000247
2024-10-11T16:00:00Z,LTCUSDT,0.00005745
2024-10-12T00:00:00Z,LTCUSDT,0.0001
2024-10-12T08:00:00Z,LTCUSDT,0.0001
2024-10-12T16:00:00Z,LTCUSDT,0.00001928
2024-10-13T00:00:00Z,LTCUSDT,-0.00001031
2024-10-13T08:00:00Z,LTCUSDT,0.0000325
2024-10-13T16:00:00Z,LTCUSDT,0.0001
2024-10-14T00:00:00Z,LTCUSDT,0.0001
2024-10-14T08:00:00Z,LTCUSDT,0.0001
2024-10-14T16:00:00Z,LTCUSDT,0.0001
2024-10-15T00:00:00Z,LTCUSDT,0.0001
2024-10-15T08:00:00Z,LTCUSDT,0.0001
2024-10-15T16:00:00Z,LTCUSDT,0.0001
2024-10-16T00:00:00Z,LTCUSDT,0.0001
2024-10-16T08:00:00Z,LTCUSDT,0.0001
2024-10-16T16:00:00Z,LTCUSDT,0.0001
2024-10-17T00:00:00Z,LTCUSDT,0.0001
2024-10-17T08:00:00Z,LTCUSDT,0.0001
2024-10-17T16:00:00Z,LTCUSDT,0.0001
2024-10-18T00:00:00Z,LTCUSDT,0.0001
2024-10-18T08:00:00Z,LTCUSDT,0.0001
2024-10-18T16:00:00Z,LTCUSDT,0.00007059
2024-10-19T00:00:00Z,LTCUSDT,0.0000818
2024-10-19T08:00:00Z,LTCUSDT,0.0001
2024-10-19T16:00:00Z,LTCUSDT,0.0001
2024-10-20T00:00:00Z,LTCUSDT,0.00002159
2024-10-20T08:00:00Z,LTCUSDT,0.00001261
2024-10-20T16:00:00Z,LTCUSDT,0.00003775
2024-10-21T00:00:00Z,LTCUSDT,0.00005046
2024-10-21T08:00:00Z,LTCUSDT,0.0001
2024-10-21T16:00:00Z,LTCUSDT,0.0001
2024-10-22T00:00:00Z,LTCUSDT,0.0001
2024-10-22T08:00:00Z,LTCUSDT,0.0001
2024-10-22T16:00:00Z,LTCUSDT,0.0001
2024-10-23T00:00:00Z,LTCUSDT,0.0001
2024-10-23T08:00:00Z,LTCUSDT,0.0001
2024-10-23T16:00:00Z,LTCUSDT,0.0001
2024-10-24T00:00:00Z,LTCUSDT,0.0001
2024-10-24T08:00:00Z,LTCUSDT,0.0001
2024-10-24T16:00:00Z,LTCUSDT,0.0001
2024-10-25T00:00:00Z,LTCUSDT,0.0001
2024-10-25T08:00:00Z,LTCUSDT,0.0001
2024-10-25T16:00:00Z,LTCUSDT,0.0001
2024-10-26T00:00:00Z,LTCUSDT,0.0001
2024-10-26T08:00:00Z,LTCUSDT,0.0001
2024-10-26T16:00:00Z,LTCUSDT,0.0001
2024-10-27T00:00:00Z,LTCUSDT,0.0001
2024-10-27T08:00:00Z,LTCUSDT,0.0001
2024-10-27T16:00:00Z,LTCUSDT,0.0001
2024-10-28T00:00:00Z,LTCUSDT,0.0001
2024-10-28T08:00:00Z,LTCUSDT,0.0001
2024-10-28T16:00:00Z,LTCUSDT,0.0001
2024-10-29T00:00:00Z,LTCUSDT,0.0001
2024-10-29T08:00:00Z,LTCUSDT,0.0001
2024-10-29T16:00:00Z,LTCUSDT,0.0001
2024-10-30T00:00:00Z,LTCUSDT,0.0001
2024-10-30T08:00:00Z,LTCUSDT,0.0001
2024-10-30T16:00:00Z,LTCUSDT,0.0001
2024-10-31T00:00:00Z,LTCUSDT,0.0001
2024-10-31T08:00:00Z,LTCUSDT,0.0001
2024-10-31T16:00:00Z,LTCUSDT,0.0001
2024-11-01T00:00:00Z,LTCUSDT,0.0001
2024-11-01T08:00:00Z,LTCUSDT,0.0001
2024-11-01T16:00:00Z,LTCUSDT,0.0001
2024-11-02T00:00:00Z,LTCUSDT,0.0001
2024-11-02T08:00:00Z,LTCUSDT,0.0001
2024-11-02T16:00:00Z,LTCUSDT,0.0001
2024-11-03T00:00:00Z,LTCUSDT,0.0001
2024-11-03T08:00:00Z,LTCUSDT,0.0001
2024-11-03T16:00:00Z,LTCUSDT,0.0001
2024-11-04T00:00:00Z,LTCUSDT,0.0001
2024-11-04T08:00:00Z,LTCUSDT,0.0001
2024-11-04T16:00:00Z,LTCUSDT,0.0001
2024-11-05T00:00:00Z,LTCUSDT,0.00006163
2024-11-05T08:00:00Z,LTCUSDT,0.00008897
2024-11-05T16:00:00Z,LTCUSDT,0.0001
2024-11-06T00:00:00Z,LTCUSDT,0.0001
2024-11-06T08:00:00Z,LTCUSDT,0.0001
2024-11-06T16:00:00Z,LTCUSDT,0.0001
2024-11-07T00:00:00Z,LTCUSDT,0.0001
2024-11-07T08:00:00Z,LTCUSDT,0.0001
2024-11-07T16:00:00Z,LTCUSDT,0.0001
2024-11-08T00:00:00Z,LTCUSDT,0.0001
2024-11-08T08:00:00Z,LTCUSDT,0.0001
2024-11-08T16:00:00Z,LTCUSDT,0.0001
2024-11-09T00:00:00Z,LTCUSDT,0.0001
2024-11-09T08:00:00Z,LTCUSDT,0.0001
2024-11-09T16:00:00Z,LTCUSDT,0.0001
2024-11-10T00:00:00Z,LTCUSDT,0.0001
2024-11-10T08:00:00Z,LTCUSDT,0.0001
2024-11-10T16:00:00Z,LTCUSDT,0.0001
2024-11-11T00:00:00Z,LTCUSDT,0.0001
2024-11-11T08:00:00Z,LTCUSDT,0.00016284
2024-11-11T16:00:00Z,LTCUSDT,0.0001
2024-11-12T00:00:00Z,LTCUSDT,0.00025485
2024-11-12T08:00:00Z,LTCUSDT,0.00034713
2024-11-12T16:00:00Z,LTCUSDT,0.00031946
2024-11-13T00:00:00Z,LTCUSDT,0.00018296
2024-11-13T08:00:00Z,LTCUSDT,0.0001
2024-11-13T16:00:00Z,LTCUSDT,0.0001
2024-11-14T00:00:00Z,LTCUSDT,0.0001
2024-11-14T08:00:00Z,LTCUSDT,0.0001
2024-11-14T16:00:00Z,LTCUSDT,0.0001
2024-11-15T00:00:00Z,LTCUSDT,0.0001
2024-11-15T08:00:00Z,LTCUSDT,0.0001
2024-11-15T16:00:00Z,LTCUSDT,0.0001
2024-11-16T00:00:00Z,LTCUSDT,0.0001
2024-11-16T08:00:00Z,LTCUSDT,0.0001
2024-11-16T16:00:00Z,LTCUSDT,0.00024465
2024-11-17T00:00:00Z,LTCUSDT,0.00037881
2024-11-17T08:00:00Z,LTCUSDT,0.0001413
2024-11-17T16:00:00Z,LTCUSDT,0.00021809
2024-11-18T00:00:00Z,LTCUSDT,0.0001
2024-11-18T08:00:00Z,LTCUSDT,0.00024784
2024-11-18T16:00:00Z,LTCUSDT,0.00019215
2024-11-19T00:00:00Z,LTCUSDT,0.00024466
2024-11-19T08:00:00Z,LTCUSDT,0.00025688
2024-11-19T16:00:00Z,LTCUSDT,0.00016822
2024-11-20T00:00:00Z,LTCUSDT,0.00010502
2024-11-20T08:00:00Z,LTCUSDT,0.0001
2024-11-20T16:00:00Z,LTCUSDT,0.0001
2024-11-21T00:00:00Z,LTCUSDT,0.0001
2024-11-21T08:00:00Z,LTCUSDT,0.0001
2024-11-21T16:00:00Z,LTCUSDT,0.0001
2024-11-22T00:00:00Z,LTCUSDT,0.00025992
2024-11-22T08:00:00Z,LTCUSDT,0.00020041
2024-11-22T16:00:00Z,LTCUSDT,0.00014579
2024-11-23T00:00:00Z,LTCUSDT,0.00025958
2024-11-23T08:00:00Z,LTCUSDT,0.00060165
2024-11-23T16:00:00Z,LTCUSDT,0.0005742
2024-11-24T00:00:00Z,LTCUSDT,0.00015175
2024-11-24T08:00:00Z,LTCUSDT,0.00030139
2024-11-24T16:00:00Z,LTCUSDT,0.0001
2024-11-25T00:00:00Z,LTCUSDT,0.00026306
2024-11-25T08:00:00Z,LTCUSDT,0.00025947
2024-11-25T16:00:00Z,LTCUSDT,0.00023071
2024-11-26T00:00:00Z,LTCUSDT,0.0001
2024-11-26T08:00:00Z,LTCUSDT,0.00010561
2024-11-26T16:00:00Z,LTCUSDT,0.0001
2024-11-27T00:00:00Z,LTCUSDT,0.0001
2024-11-27T08:00:00Z,LTCUSDT,0.00023334
2024-11-27T16:00:00Z,LTCUSDT,0.00027937
2024-11-28T00:00:00Z,LTCUSDT,0.00036302
2024-11-28T08:00:00Z,LTCUSDT,0.000225
2024-11-28T16:00:00Z,LTCUSDT,0.00012501
2024-11-29T00:00:00Z,LTCUSDT,0.00011559
2024-11-29T08:00:00Z,LTCUSDT,0.00022981
2024-11-29T16:00:00Z,LTCUSDT,0.00020129
2024-11-30T00:00:00Z,LTCUSDT,0.0003314
2024-11-30T08:00:00Z,LTCUSDT,0.00035157
2024-11-30T16:00:00Z,LTCUSDT,0.00026852
2024-12-01T00:00:00Z,LTCUSDT,0.0003095
2024-12-01T08:00:00Z,LTCUSDT,0.00027025
2024-12-01T16:00:00Z,LTCUSDT,0.00038167
2024-12-02T00:00:00Z,LTCUSDT,0.00062508
2024-12-02T08:00:00Z,LTCUSDT,0.0001
2024-12-02T16:00:00Z,LTCUSDT,0.0001
2024-12-03T00:00:00Z,LTCUSDT,0.00034492
2024-12-03T08:00:00Z,LTCUSDT,0.00060386
2024-12-03T16:00:00Z,LTCUSDT,0.0003543
2024-12-04T00:00:00Z,LTCUSDT,0.00041177
2024-12-04T08:00:00Z,LTCUSDT,0.00044744
2024-12-04T16:00:00Z,LTCUSDT,0.0004504
2024-12-05T00:00:00Z,LTCUSDT,0.00040357
2024-12-05T08:00:00Z,LTCUSDT,0.00082523
2024-12-05T16:00:00Z,LTCUSDT,0.0007733
2024-12-06T00:00:00Z,LTCUSDT,0.00051871
2024-12-06T08:00:00Z,LTCUSDT,0.00052383
2024-12-06T16:00:00Z,LTCUSDT,0.00028431
2024-12-07T00:00:00Z,LTCUSDT,0.00042827
2024-12-07T08:00:00Z,LTCUSDT,0.00042286
2024-12-07T16:00:00Z,LTCUSDT,0.00050165
2024-12-08T00:00:00Z,LTCUSDT,0.00022909
2024-12-08T08:00:00Z,LTCUSDT,0.00016067
2024-12-08T16:00:00Z,LTCUSDT,0.00035578
2024-12-09T00:00:00Z,LTCUSDT,0.00064912
2024-12-09T08:00:00Z,LTCUSDT,0.00030389
2024-12-09T16:00:00Z,LTCUSDT,0.0001
2024-12-10T00:00:00Z,LTCUSDT,-0.00016212
2024-12-10T08:00:00Z,LTCUSDT,0.0001
2024-12-10T16:00:00Z,LTCUSDT,0.0001
2024-12-11T00:00:00Z,LTCUSDT,0.0001
2024-12-11T08:00:00Z,LTCUSDT,0.0001
2024-12-11T16:00:00Z,LTCUSDT,0.0001
2024-12-12T00:00:00Z,LTCUSDT,0.0001
2024-12-12T08:00:00Z,LTCUSDT,0.0001
2024-12-12T16:00:00Z,LTCUSDT,0.0001
2024-12-13T00:00:00Z,LTCUSDT,0.0001
2024-12-13T08:00:00Z,LTCUSDT,0.0001
2024-12-13T16:00:00Z,LTCUSDT,0.0001
2024-12-14T00:00:00Z,LTCUSDT,0.0001
2024-12-14T08:00:00Z,LTCUSDT,0.0001
2024-12-14T16:00:00Z,LTCUSDT,0.0001
2024-12-15T00:00:00Z,LTCUSDT,0.0001
2024-12-15T08:00:00Z,LTCUSDT,0.0001
2024-12-15T16:00:00Z,LTCUSDT,0.0001
2024-12-16T00:00:00Z,LTCUSDT,0.0001
2024-12-16T08:00:00Z,LTCUSDT,0.0001
2024-12-16T16:00:00Z,LTCUSDT,0.0001
2024-12-17T00:00:00Z,LTCUSDT,0.0001
2024-12-17T08:00:00Z,LTCUSDT,0.0001
2024-12-17T16:00:00Z,LTCUSDT,0.0001
2024-12-18T00:00:00Z,LTCUSDT,0.0001
2024-12-18T08:00:00Z,LTCUSDT,0.0001
2024-12-18T16:00:00Z,LTCUSDT,0.0001
2024-12-19T00:00:00Z,LTCUSDT,0.0001
2024-12-19T08:00:00Z,LTCUSDT,0.0001
2024-12-19T16:00:00Z,LTCUSDT,0.0001
2024-12-20T00:00:00Z,LTCUSDT,0.0001
2024-12-20T08:00:00Z,LTCUSDT,0.0001
2024-12-20T16:00:00Z,LTCUSDT,0.00002974
2024-12-21T00:00:00Z,LTCUSDT,-0.00000793
2024-12-21T08:00:00Z,LTCUSDT,0.0001
2024-12-21T16:00:00Z,LTCUSDT,0.00005229
2024-12-22T00:00:00Z,LTCUSDT,-0.00004035
2024-12-22T08:00:00Z,LTCUSDT,0.0001
2024-12-22T16:00:00Z,LTCUSDT,0.00006454
2024-12-23T00:00:00Z,LTCUSDT,0.00005016
2024-12-23T08:00:00Z,LTCUSDT,0.0001
2024-12-23T16:00:00Z,LTCUSDT,0.0001
2024-12-24T00:00:00Z,LTCUSDT,0.0001
2024-12-24T08:00:00Z,LTCUSDT,0.0001
2024-12-24T16:00:00Z,LTCUSDT,0.0001
2024-12-25T00:00:00Z,LTCUSDT,0.0001
2024-12-25T08:00:00Z,LTCUSDT,0.0001
2024-12-25T16:00:00Z,LTCUSDT,0.0000523
2024-12-26T00:00:00Z,LTCUSDT,0.00009858
2024-12-26T08:00:00Z,LTCUSDT,0.0001
2024-12-26T16:00:00Z,LTCUSDT,0.0001
2024-12-27T00:00:00Z,LTCUSDT,0.00005376
2024-12-27T08:00:00Z,LTCUSDT,0.0000971
2024-12-27T16:00:00Z,LTCUSDT,0.0001
2024-12-28T00:00:00Z,LTCUSDT,-0.00005189
2024-12-28T08:00:00Z,LTCUSDT,0.00001857
2024-12-28T16:00:00Z,LTCUSDT,-0.00000702
2024-12-29T00:00:00Z,LTCUSDT,-0.00001429
2024-12-29T08:00:00Z,LTCUSDT,0.00009189
2024-12-29T16:00:00Z,LTCUSDT,0.0001
2024-12-30T00:00:00Z,LTCUSDT,0.0000816
2024-12-30T08:00:00Z,LTCUSDT,-0.00004014
2024-12-30T16:00:00Z,LTCUSDT,0.0001
2024-12-31T00:00:00Z,LTCUSDT,0.0001
2024-12-31T08:00:00Z,LTCUSDT,0.0001
2024-12-31T16:00:00Z,LTCUSDT,0.0001
2025-01-01T00:00:00Z,LTCUSDT,0.0001
2025-01-01T08:00:00Z,LTCUSDT,0.0001
2025-01-01T16:00:00Z,LTCUSDT,0.00006979
2025-01-02T00:00:00Z,LTCUSDT,0.0000635
2025-01-02T08:00:00Z,LTCUSDT,0.0001
2025-01-02T16:00:00Z,LTCUSDT,0.0001
2025-01-03T00:00:00Z,LTCUSDT,0.0001
2025-01-03T08:00:00Z,LTCUSDT,0.0001
2025-01-03T16:00:00Z,LTCUSDT,0.0001
2025-01-04T00:00:00Z,LTCUSDT,0.0001
2025-01-04T08:00:00Z,LTCUSDT,0.0001
2025-01-04T16:00:00Z,LTCUSDT,0.0001
2025-01-05T00:00:00Z,LTCUSDT,0.0001
2025-01-05T08:00:00Z,LTCUSDT,0.0001
2025-01-05T16:00:00Z,LTCUSDT,0.0001
2025-01-06T00:00:00Z,LTCUSDT,0.0001
2025-01-06T08:00:00Z,LTCUSDT,0.0001
2025-01-06T16:00:00Z,LTCUSDT,0.0001
2025-01-07T00:00:00Z,LTCUSDT,0.0001
2025-01-07T08:00:00Z,LTCUSDT,0.0001
2025-01-07T16:00:00Z,LTCUSDT,0.0001
2025-01-08T00:00:00Z,LTCUSDT,0.00005049
2025-01-08T08:00:00Z,LTCUSDT,0.00001197
2025-01-08T16:00:00Z,LTCUSDT,0.0001
2025-01-09T00:00:00Z,LTCUSDT,0.00002045
2025-01-09T08:00:00Z,LTCUSDT,0.0000371
2025-01-09T16:00:00Z,LTCUSDT,0.00000462
2025-01-10T00:00:00Z,LTCUSDT,0.00007344
2025-01-10T08:00:00Z,LTCUSDT,0.00007921
2025-01-10T16:00:00Z,LTCUSDT,0.0001
2025-01-11T00:00:00Z,LTCUSDT,0.0001
2025-01-11T08:00:00Z,LTCUSDT,0.0000946
2025-01-11T16:00:00Z,LTCUSDT,0.0001
2025-01-12T00:00:00Z,LTCUSDT,0.00002764
2025-01-12T08:00:00Z,LTCUSDT,0.0001
2025-01-12T16:00:00Z,LTCUSDT,0.0001
2025-01-13T00:00:00Z,LTCUSDT,0.00002926
2025-01-13T08:00:00Z,LTCUSDT,0.00004711
2025-01-13T16:00:00Z,LTCUSDT,0.0000146
2025-01-14T00:00:00Z,LTCUSDT,0.00007446
2025-01-14T08:00:00Z,LTCUSDT,0.0001
2025-01-14T16:00:00Z,LTCUSDT,0.00000187
2025-01-15T00:00:00Z,LTCUSDT,0.00005085
2025-01-15T08:00:00Z,LTCUSDT,0.0001
2025-01-15T16:00:00Z,LTCUSDT,0.0001
2025-01-16T00:00:00Z,LTCUSDT,0.0001
2025-01-16T08:00:00Z,LTCUSDT,0.0001
2025-01-16T16:00:00Z,LTCUSDT,0.0001
2025-01-17T00:00:00Z,LTCUSDT,0.0001
2025-01-17T08:00:00Z,LTCUSDT,0.0001
2025-01-17T16:00:00Z,LTCUSDT,0.0001
2025-01-18T00:00:00Z,LTCUSDT,0.0001
2025-01-18T08:00:00Z,LTCUSDT,0.0001
2025-01-18T16:00:00Z,LTCUSDT,0.0001
2025-01-19T00:00:00Z,LTCUSDT,0.0001
2025-01-19T08:00:00Z,LTCUSDT,0.0001
2025-01-19T16:00:00Z,LTCUSDT,0.0001
2025-01-20T00:00:00Z,LTCUSDT,0.0001
2025-01-20T08:00:00Z,LTCUSDT,0.0001
2025-01-20T16:00:00Z,LTCUSDT,0.0001
2025-01-21T00:00:00Z,LTCUSDT,0.0001
2025-01-21T08:00:00Z,LTCUSDT,0.0001
2025-01-21T16:00:00Z,LTCUSDT,0.0001
2025-01-22T00:00:00Z,LTCUSDT,0.0001
2025-01-22T08:00:00Z,LTCUSDT,0.0001
2025-01-22T16:00:00Z,LTCUSDT,0.0001
2025-01-23T00:00:00Z,LTCUSDT,0.0001
2025-01-23T08:00:00Z,LTCUSDT,0.0001
2025-01-23T16:00:00Z,LTCUSDT,0.0001
2025-01-24T00:00:00Z,LTCUSDT,0.0001
2025-01-24T08:00:00Z,LTCUSDT,0.0001
2025-01-24T16:00:00Z,LTCUSDT,0.0001
2025-01-25T00:00:00Z,LTCUSDT,0.0001
2025-01-25T08:00:00Z,LTCUSDT,0.0001
2025-01-25T16:00:00Z,LTCUSDT,0.0001
2025-01-26T00:00:00Z,LTCUSDT,0.0001
2025-01-26T08:00:00Z,LTCUSDT,0.0001
2025-01-26T16:00:00Z,LTCUSDT,0.0001
2025-01-27T00:00:00Z,LTCUSDT,0.0001
2025-01-27T08:00:00Z,LTCUSDT,0.0001
2025-01-27T16:00:00Z,LTCUSDT,0.00006113
2025-01-28T00:00:00Z,LTCUSDT,0.0001
2025-01-28T08:00:00Z,LTCUSDT,-0.00000582
2025-01-28T16:00:00Z,LTCUSDT,0.0001
2025-01-29T00:00:00Z,LTCUSDT,0.0001
2025-01-29T08:00:00Z,LTCUSDT,0.00008186
2025-01-29T16:00:00Z,LTCUSDT,0.0001
2025-01-30T00:00:00Z,LTCUSDT,0.0001
2025-01-30T08:00:00Z,LTCUSDT,0.00000788
2025-01-30T16:00:00Z,LTCUSDT,0.0001
2025-01-31T00:00:00Z,LTCUSDT,0.00008367
2025-01-31T08:00:00Z,LTCUSDT,0.0001
2025-01-31T16:00:00Z,LTCUSDT,0.0001
2025-02-01T00:00:00Z,LTCUSDT,0.0001
2025-02-01T08:00:00Z,LTCUSDT,0.0001
2025-02-01T16:00:00Z,LTCUSDT,0.0001
2025-02-02T00:00:00Z,LTCUSDT,0.0001
2025-02-02T08:00:00Z,LTCUSDT,0.0001
2025-02-02T16:00:00Z,LTCUSDT,0.0001
2025-02-03T00:00:00Z,LTCUSDT,0.00003817
2025-02-03T08:00:00Z,LTCUSDT,-0.00013181
2025-02-03T16:00:00Z,LTCUSDT,0.00004497
2025-02-04T00:00:00Z,LTCUSDT,-0.00003381
2025-02-04T08:00:00Z,LTCUSDT,0.0000576
2025-02-04T16:00:00Z,LTCUSDT,0.00006189
2025-02-05T00:00:00Z,LTCUSDT,-0.00005175
2025-02-05T08:00:00Z,LTCUSDT,0.0000114
2025-02-05T16:00:00Z,LTCUSDT,-0.00004775
2025-02-06T00:00:00Z,LTCUSDT,0.0000098
2025-02-06T08:00:00Z,LTCUSDT,0.00001785
2025-02-06T16:00:00Z,LTCUSDT,0.00003914
2025-02-07T00:00:00Z,LTCUSDT,0.00000922
2025-02-07T08:00:00Z,LTCUSDT,-0.00002582
2025-02-07T16:00:00Z,LTCUSDT,0.00009521
2025-02-08T00:00:00Z,LTCUSDT,0.00000153
2025-02-08T08:00:00Z,LTCUSDT,0.00000376
2025-02-08T16:00:00Z,LTCUSDT,0.00001568
2025-02-09T00:00:00Z,LTCUSDT,0.00009408
2025-02-09T08:00:00Z,LTCUSDT,0.0001
2025-02-09T16:00:00Z,LTCUSDT,0.0001
2025-02-10T00:00:00Z,LTCUSDT,0.00002483
2025-02-10T08:00:00Z,LTCUSDT,0.00001465
2025-02-10T16:00:00Z,LTCUSDT,0.0001
2025-02-11T00:00:00Z,LTCUSDT,0.0001
2025-02-11T08:00:00Z,LTCUSDT,0.0001
2025-02-11T16:00:00Z,LTCUSDT,0.00004659
2025-02-12T00:00:00Z,LTCUSDT,-0.00008289
2025-02-12T08:00:00Z,LTCUSDT,-0.00004696
2025-02-12T16:00:00Z,LTCUSDT,0.0000158
2025-02-13T00:00:00Z,LTCUSDT,0.00000245
2025-02-13T08:00:00Z,LTCUSDT,0.00009955
2025-02-13T16:00:00Z,LTCUSDT,0.00005363
2025-02-14T00:00:00Z,LTCUSDT,-0.00005359
2025-02-14T08:00:00Z,LTCUSDT,0.0000228
2025-02-14T16:00:00Z,LTCUSDT,0.0001
2025-02-15T00:00:00Z,LTCUSDT,0.00002066
2025-02-15T08:00:00Z,LTCUSDT,0.0001
2025-02-15T16:00:00Z,LTCUSDT,0.0001
2025-02-16T00:00:00Z,LTCUSDT,0.00005821
2025-02-16T08:00:00Z,LTCUSDT,0.00008077
2025-02-16T16:00:00Z,LTCUSDT,0.00002425
2025-02-17T00:00:00Z,LTCUSDT,-0.00003505
2025-02-17T08:00:00Z,LTCUSDT,-0.00001535
2025-02-17T16:00:00Z,LTCUSDT,0.0001
2025-02-18T00:00:00Z,LTCUSDT,0.00004312
2025-02-18T08:00:00Z,LTCUSDT,0.00000627
2025-02-18T16:00:00Z,LTCUSDT,-0.00003692
2025-02-19T00:00:00Z,LTCUSDT,0.0001
2025-02-19T08:00:00Z,LTCUSDT,0.00006041
2025-02-19T16:00:00Z,LTCUSDT,0.00004406
2025-02-20T00:00:00Z,LTCUSDT,-0.0000219
2025-02-20T08:00:00Z,LTCUSDT,0.00004824
2025-02-20T16:00:00Z,LTCUSDT,-0.00001552
2025-02-21T00:00:00Z,LTCUSDT,-0.00000405
2025-02-21T08:00:00Z,LTCUSDT,0.00004791
2025-02-21T16:00:00Z,LTCUSDT,0.00007447
2025-02-22T00:00:00Z,LTCUSDT,-0.00015994
2025-02-22T08:00:00Z,LTCUSDT,0.0001
2025-02-22T16:00:00Z,LTCUSDT,0.0001
2025-02-23T00:00:00Z,LTCUSDT,0.0001
2025-02-23T08:00:00Z,LTCUSDT,0.0001
2025-02-23T16:00:00Z,LTCUSDT,0.0001
2025-02-24T00:00:00Z,LTCUSDT,0.0001
2025-02-24T08:00:00Z,LTCUSDT,0.0001
2025-02-24T16:00:00Z,LTCUSDT,0.0001
2025-02-25T00:00:00Z,LTCUSDT,0.0001
2025-02-25T08:00:00Z,LTCUSDT,0.0001
2025-02-25T16:00:00Z,LTCUSDT,0.0001
2025-02-26T00:00:00Z,LTCUSDT,0.0001
2025-02-26T08:00:00Z,LTCUSDT,0.0001
2025-02-26T16:00:00Z,LTCUSDT,0.0001
2025-02-27T00:00:00Z,LTCUSDT,0.0001
2025-02-27T08:00:00Z,LTCUSDT,0.0001
2025-02-27T16:00:00Z,LTCUSDT,0.0001
2025-02-28T00:00:00Z,LTCUSDT,0.0001
2025-02-28T08:00:00Z,LTCUSDT,0.00007011
2025-02-28T16:00:00Z,LTCUSDT,0.00007067
2025-03-01T00:00:00Z,LTCUSDT,0.00009988
2025-03-01T08:00:00Z,LTCUSDT,0.0001
2025-03-01T16:00:00Z,LTCUSDT,0.0001
2025-03-02T00:00:00Z,LTCUSDT,0.0001
2025-03-02T08:00:00Z,LTCUSDT,0.0001
2025-03-02T16:00:00Z,LTCUSDT,0.0001
2025-03-03T00:00:00Z,LTCUSDT,0.0001
2025-03-03T08:00:00Z,LTCUSDT,0.0001
2025-03-03T16:00:00Z,LTCUSDT,0.0001
2025-03-04T00:00:00Z,LTCUSDT,0.00000162
2025-03-04T08:00:00Z,LTCUSDT,0.00004242
2025-03-04T16:00:00Z,LTCUSDT,0.00000612
2025-03-05T00:00:00Z,LTCUSDT,-0.00002526
2025-03-05T08:00:00Z,LTCUSDT,-0.00002433
2025-03-05T16:00:00Z,LTCUSDT,-0.00007628
2025-03-06T00:00:00Z,LTCUSDT,-0.00002251
2025-03-06T08:00:00Z,LTCUSDT,-0.00001179
2025-03-06T16:00:00Z,LTCUSDT,0.00004386
2025-03-07T00:00:00Z,LTCUSDT,0.00001326
2025-03-07T08:00:00Z,LTCUSDT,0.00004477
2025-03-07T16:00:00Z,LTCUSDT,0.0001
2025-03-08T00:00:00Z,LTCUSDT,-0.00001605
2025-03-08T08:00:00Z,LTCUSDT,-0.00005889
2025-03-08T16:00:00Z,LTCUSDT,-0.00000914
2025-03-09T00:00:00Z,LTCUSDT,-0.0000308
2025-03-09T08:00:00Z,LTCUSDT,0.00001709
2025-03-09T16:00:00Z,LTCUSDT,0.00001014
2025-03-10T00:00:00Z,LTCUSDT,-0.00002274
2025-03-10T08:00:00Z,LTCUSDT,0.0001
2025-03-10T16:00:00Z,LTCUSDT,0.0000663
2025-03-11T00:00:00Z,LTCUSDT,-0.00004694
2025-03-11T08:00:00Z,LTCUSDT,0.00003731
2025-03-11T16:00:00Z,LTCUSDT,0.00005424
2025-03-12T00:00:00Z,LTCUSDT,-0.00000685
2025-03-12T08:00:00Z,LTCUSDT,-0.00005294
2025-03-12T16:00:00Z,LTCUSDT,0.00003756
2025-03-13T00:00:00Z,LTCUSDT,0.00009656
2025-03-13T08:00:00Z,LTCUSDT,0.0001
2025-03-13T16:00:00Z,LTCUSDT,0.00009201
2025-03-14T00:00:00Z,LTCUSDT,0.00002513
2025-03-14T08:00:00Z,LTCUSDT,0.00005401
2025-03-14T16:00:00Z,LTCUSDT,0.00004447
2025-03-15T00:00:00Z,LTCUSDT,0.0000725
2025-03-15T08:00:00Z,LTCUSDT,0.00009536
2025-03-15T16:00:00Z,LTCUSDT,0.00008738
2025-03-16T00:00:00Z,LTCUSDT,0.00006151
2025-03-16T08:00:00Z,LTCUSDT,0.00006609
2025-03-16T16:00:00Z,LTCUSDT,-0.00009157
2025-03-17T00:00:00Z,LTCUSDT,-0.00001068
2025-03-17T08:00:00Z,LTCUSDT,0.00001073
2025-03-17T16:00:00Z,LTCUSDT,0.00000882
2025-03-18T00:00:00Z,LTCUSDT,-0.00008287
2025-03-18T08:00:00Z,LTCUSDT,-0.00008475
2025-03-18T16:00:00Z,LTCUSDT,-0.00004913
2025-03-19T00:00:00Z,LTCUSDT,0.00002841
2025-03-19T08:00:00Z,LTCUSDT,0.00008471
2025-03-19T16:00:00Z,LTCUSDT,0.00008348
2025-03-20T00:00:00Z,LTCUSDT,0.00007315
2025-03-20T08:00:00Z,LTCUSDT,0.0000651
2025-03-20T16:00:00Z,LTCUSDT,0.00005111
2025-03-21T00:00:00Z,LTCUSDT,0.00009522
2025-03-21T08:00:00Z,LTCUSDT,-0.00007275
2025-03-21T16:00:00Z,LTCUSDT,-0.00003493
2025-03-22T00:00:00Z,LTCUSDT,-0.00016407
2025-03-22T08:00:00Z,LTCUSDT,-0.00005462
2025-03-22T16:00:00Z,LTCUSDT,0.00006496
2025-03-23T00:00:00Z,LTCUSDT,0.00009525
2025-03-23T08:00:00Z,LTCUSDT,0.0001
2025-03-23T16:00:00Z,LTCUSDT,0.0001
2025-03-24T00:00:00Z,LTCUSDT,-0.00007052
2025-03-24T08:00:00Z,LTCUSDT,0.0001
2025-03-24T16:00:00Z,LTCUSDT,0.0001
2025-03-25T00:00:00Z,LTCUSDT,0.0001
2025-03-25T08:00:00Z,LTCUSDT,0.00001076
2025-03-25T16:00:00Z,LTCUSDT,0.00003559
2025-03-26T00:00:00Z,LTCUSDT,0.0001
2025-03-26T08:00:00Z,LTCUSDT,0.00005776
2025-03-26T16:00:00Z,LTCUSDT,0.00006634
2025-03-27T00:00:00Z,LTCUSDT,-0.00002582
2025-03-27T08:00:00Z,LTCUSDT,0.00009746
2025-03-27T16:00:00Z,LTCUSDT,0.00006121
2025-03-28T00:00:00Z,LTCUSDT,-0.00003434
2025-03-28T08:00:00Z,LTCUSDT,-0.00005668
2025-03-28T16:00:00Z,LTCUSDT,-0.00002949
2025-03-29T00:00:00Z,LTCUSDT,-0.00001979
2025-03-29T08:00:00Z,LTCUSDT,-0.00005643
2025-03-29T16:00:00Z,LTCUSDT,-0.00007311
2025-03-30T00:00:00Z,LTCUSDT,-0.00001896
2025-03-30T08:00:00Z,LTCUSDT,-0.00000638
2025-03-30T16:00:00Z,LTCUSDT,0.00003917
2025-03-31T00:00:00Z,LTCUSDT,0.00004558
2025-03-31T08:00:00Z,LTCUSDT,0.00001726
2025-03-31T16:00:00Z,LTCUSDT,-0.00000902
2025-04-01T00:00:00Z,LTCUSDT,0.00000216
2025-04-01T08:00:00Z,LTCUSDT,0.0001
2025-04-01T16:00:00Z,LTCUSDT,0.0001
2025-04-02T00:00:00Z,LTCUSDT,0.00008721
2025-04-02T08:00:00Z,LTCUSDT,0.00003043
2025-04-02T16:00:00Z,LTCUSDT,0.00000712
2025-04-03T00:00:00Z,LTCUSDT,-0.00003189
2025-04-03T08:00:00Z,LTCUSDT,-0.00003782
2025-04-03T16:00:00Z,LTCUSDT,-0.00011954
2025-04-04T00:00:00Z,LTCUSDT,-0.00001058
2025-04-04T08:00:00Z,LTCUSDT,-0.00003036
2025-04-04T16:00:00Z,LTCUSDT,-0.0000246
2025-04-05T00:00:00Z,LTCUSDT,0.0000966
2025-04-05T08:00:00Z,LTCUSDT,0.00008635
2025-04-05T16:00:00Z,LTCUSDT,0.00006572
2025-04-06T00:00:00Z,LTCUSDT,0.00002056
2025-04-06T08:00:00Z,LTCUSDT,-0.00001524
2025-04-06T16:00:00Z,LTCUSDT,-0.00002613
2025-04-07T00:00:00Z,LTCUSDT,-0.00008495
2025-04-07T08:00:00Z,LTCUSDT,-0.00007495
2025-04-07T16:00:00Z,LTCUSDT,-0.00002746
2025-04-08T00:00:00Z,LTCUSDT,-0.00000115
2025-04-08T08:00:00Z,LTCUSDT,0.0000452
2025-04-08T16:00:00Z,LTCUSDT,-0.00000911
2025-04-09T00:00:00Z,LTCUSDT,0.00001516
2025-04-09T08:00:00Z,LTCUSDT,0.0000796
2025-04-09T16:00:00Z,LTCUSDT,0.0001
2025-04-10T00:00:00Z,LTCUSDT,0.00009589
2025-04-10T08:00:00Z,LTCUSDT,-0.00005718
2025-04-10T16:00:00Z,LTCUSDT,0.000014
2025-04-11T00:00:00Z,LTCUSDT,0.0000495
2025-04-11T08:00:00Z,LTCUSDT,-0.00005088
2025-04-11T16:00:00Z,LTCUSDT,-0.00000755
2025-04-12T00:00:00Z,LTCUSDT,0.0000119
2025-04-12T08:00:00Z,LTCUSDT,-0.00007973
2025-04-12T16:00:00Z,LTCUSDT,0.00003426
2025-04-13T00:00:00Z,LTCUSDT,0.0001
2025-04-13T08:00:00Z,LTCUSDT,0.00000828
2025-04-13T16:00:00Z,LTCUSDT,0.00006054
2025-04-14T00:00:00Z,LTCUSDT,0.00000724
2025-04-14T08:00:00Z,LTCUSDT,-0.00006926
2025-04-14T16:00:00Z,LTCUSDT,0.00004379
2025-04-15T00:00:00Z,LTCUSDT,-0.00002859
2025-04-15T08:00:00Z,LTCUSDT,0.0000585
2025-04-15T16:00:00Z,LTCUSDT,0.0001
2025-04-16T00:00:00Z,LTCUSDT,0.00000193
2025-04-16T08:00:00Z,LTCUSDT,0.00005054
2025-04-16T16:00:00Z,LTCUSDT,-0.0000228
2025-04-17T00:00:00Z,LTCUSDT,0.0000133
2025-04-17T08:00:00Z,LTCUSDT,0.00000952
2025-04-17T16:00:00Z,LTCUSDT,0.00006715
2025-04-18T00:00:00Z,LTCUSDT,0.00006122
2025-04-18T08:00:00Z,LTCUSDT,0.0000455
2025-04-18T16:00:00Z,LTCUSDT,0.00009531
2025-04-19T00:00:00Z,LTCUSDT,0.00003686
2025-04-19T08:00:00Z,LTCUSDT,0.0000545
2025-04-19T16:00:00Z,LTCUSDT,-0.00002255
2025-04-20T00:00:00Z,LTCUSDT,0.00006444
2025-04-20T08:00:00Z,LTCUSDT,0.0001
2025-04-20T16:00:00Z,LTCUSDT,0.0001
2025-04-21T00:00:00Z,LTCUSDT,0.00001669
2025-04-21T08:00:00Z,LTCUSDT,-0.00004151
2025-04-21T16:00:00Z,LTCUSDT,0.00006609
2025-04-22T00:00:00Z,LTCUSDT,0.00009629
2025-04-22T08:00:00Z,LTCUSDT,0.00003061
2025-04-22T16:00:00Z,LTCUSDT,0.00007828
2025-04-23T00:00:00Z,LTCUSDT,0.0000097
2025-04-23T08:00:00Z,LTCUSDT,0.00005784
2025-04-23T16:00:00Z,LTCUSDT,0.00006364
2025-04-24T00:00:00Z,LTCUSDT,0.00000771
2025-04-24T08:00:00Z,LTCUSDT,0.00001261
2025-04-24T16:00:00Z,LTCUSDT,0.0000911
2025-04-25T00:00:00Z,LTCUSDT,0.0001
2025-04-25T08:00:00Z,LTCUSDT,0.0001
2025-04-25T16:00:00Z,LTCUSDT,0.0001
2025-04-26T00:00:00Z,LTCUSDT,0.00007378
2025-04-26T08:00:00Z,LTCUSDT,0.00003693
2025-04-26T16:00:00Z,LTCUSDT,0.00002
2025-04-27T00:00:00Z,LTCUSDT,0.00003444
2025-04-27T08:00:00Z,LTCUSDT,-0.00001559
2025-04-27T16:00:00Z,LTCUSDT,-0.00001182
2025-04-28T00:00:00Z,LTCUSDT,-0.00002531
2025-04-28T08:00:00Z,LTCUSDT,0.00005109
2025-04-28T16:00:00Z,LTCUSDT,0.00005125
2025-04-29T00:00:00Z,LTCUSDT,-0.00002097
2025-04-29T08:00:00Z,LTCUSDT,0.00003562
2025-04-29T16:00:00Z,LTCUSDT,0.00005708
2025-04-30T00:00:00Z,LTCUSDT,-0.00005302
2025-04-30T08:00:00Z,LTCUSDT,-0.00006863
2025-04-30T16:00:00Z,LTCUSDT,0.00001541
2025-05-01T00:00:00Z,LTCUSDT,0.00005025
2025-05-01T08:00:00Z,LTCUSDT,0.00003149
2025-05-01T16:00:00Z,LTCUSDT,0.00009212
2025-05-02T00:00:00Z,LTCUSDT,0.00008325
2025-05-02T08:00:00Z,LTCUSDT,0.00004677
2025-05-02T16:00:00Z,LTCUSDT,-0.00000406
2025-05-03T00:00:00Z,LTCUSDT,0.0001
2025-05-03T08:00:00Z,LTCUSDT,0.0001
2025-05-03T16:00:00Z,LTCUSDT,0.00007545
2025-05-04T00:00:00Z,LTCUSDT,0.00005226
2025-05-04T08:00:00Z,LTCUSDT,0.0000639
2025-05-04T16:00:00Z,LTCUSDT,0.00003867
2025-05-05T00:00:00Z,LTCUSDT,0.0000584
2025-05-05T08:00:00Z,LTCUSDT,0.00008482
2025-05-05T16:00:00Z,LTCUSDT,-0.00001422
2025-05-06T00:00:00Z,LTCUSDT,-0.0001076
2025-05-06T08:00:00Z,LTCUSDT,0.0000219
2025-05-06T16:00:00Z,LTCUSDT,-0.00000146
2025-05-07T00:00:00Z,LTCUSDT,-0.00005289
2025-05-07T08:00:00Z,LTCUSDT,0.0001
2025-05-07T16:00:00Z,LTCUSDT,0.0001
2025-05-08T00:00:00Z,LTCUSDT,0.00001032
2025-05-08T08:00:00Z,LTCUSDT,-0.00001117
2025-05-08T16:00:00Z,LTCUSDT,0.00008596
2025-05-09T00:00:00Z,LTCUSDT,0.0001
2025-05-09T08:00:00Z,LTCUSDT,0.0001
2025-05-09T16:00:00Z,LTCUSDT,0.0001
2025-05-10T00:00:00Z,LTCUSDT,0.0001
2025-05-10T08:00:00Z,LTCUSDT,0.0001
2025-05-10T16:00:00Z,LTCUSDT,0.0001
2025-05-11T00:00:00Z,LTCUSDT,0.0001
2025-05-11T08:00:00Z,LTCUSDT,0.00007372
2025-05-11T16:00:00Z,LTCUSDT,0.0000421
2025-05-12T00:00:00Z,LTCUSDT,0.00009492
2025-05-12T08:00:00Z,LTCUSDT,0.0001
2025-05-12T16:00:00Z,LTCUSDT,0.0001
2025-05-13T00:00:00Z,LTCUSDT,0.0001
2025-05-13T08:00:00Z,LTCUSDT,0.0001
2025-05-13T16:00:00Z,LTCUSDT,0.00008254
2025-05-14T00:00:00Z,LTCUSDT,0.00008972
2025-05-14T08:00:00Z,LTCUSDT,0.0001
2025-05-14T16:00:00Z,LTCUSDT,0.00008064
2025-05-15T00:00:00Z,LTCUSDT,0.0001
2025-05-15T08:00:00Z,LTCUSDT,0.0001
2025-05-15T16:00:00Z,LTCUSDT,-0.00004073
2025-05-16T00:00:00Z,LTCUSDT,-0.00007985
2025-05-16T08:00:00Z,LTCUSDT,0.0001
2025-05-16T16:00:00Z,LTCUSDT,0.00008603
2025-05-17T00:00:00Z,LTCUSDT,0.0001
2025-05-17T08:00:00Z,LTCUSDT,0.0000611
2025-05-17T16:00:00Z,LTCUSDT,-0.00003116
2025-05-18T00:00:00Z,LTCUSDT,-0.00001117
2025-05-18T08:00:00Z,LTCUSDT,0.00006806
2025-05-18T16:00:00Z,LTCUSDT,0.0001
2025-05-19T00:00:00Z,LTCUSDT,0.00005564
2025-05-19T08:00:00Z,LTCUSDT,-0.00002242
2025-05-19T16:00:00Z,LTCUSDT,0.00008402
2025-05-20T00:00:00Z,LTCUSDT,0.00001922
2025-05-20T08:00:00Z,LTCUSDT,0.00006745
2025-05-20T16:00:00Z,LTCUSDT,-0.00008006
2025-05-21T00:00:00Z,LTCUSDT,-0.00003902
2025-05-21T08:00:00Z,LTCUSDT,0.00006125
2025-05-21T16:00:00Z,LTCUSDT,0.0001
2025-05-22T00:00:00Z,LTCUSDT,0.0001
2025-05-22T08:00:00Z,LTCUSDT,0.0001
2025-05-22T16:00:00Z,LTCUSDT,0.0001
2025-05-23T00:00:00Z,LTCUSDT,0.0001
2025-05-23T08:00:00Z,LTCUSDT,0.0001
2025-05-23T16:00:00Z,LTCUSDT,0.0001
2025-05-24T00:00:00Z,LTCUSDT,0.0001
2025-05-24T08:00:00Z,LTCUSDT,0.0001
2025-05-24T16:00:00Z,LTCUSDT,0.0001
2025-05-25T00:00:00Z,LTCUSDT,0.0001
2025-05-25T08:00:00Z,LTCUSDT,0.0001
2025-05-25T16:00:00Z,LTCUSDT,0.0001
2025-05-26T00:00:00Z,LTCUSDT,0.0001
2025-05-26T08:00:00Z,LTCUSDT,0.0001
2025-05-26T16:00:00Z,LTCUSDT,0.0001
2025-05-27T00:00:00Z,LTCUSDT,0.0001
2025-05-27T08:00:00Z,LTCUSDT,0.0001
2025-05-27T16:00:00Z,LTCUSDT,0.0001
2025-05-28T00:00:00Z,LTCUSDT,0.0001
2025-05-28T08:00:00Z,LTCUSDT,0.0001
2025-05-28T16:00:00Z,LTCUSDT,0.0001
2025-05-29T00:00:00Z,LTCUSDT,0.00003577
2025-05-29T08:00:00Z,LTCUSDT,0.0001
2025-05-29T16:00:00Z,LTCUSDT,0.00003917
2025-05-30T00:00:00Z,LTCUSDT,0.00001819
2025-05-30T08:00:00Z,LTCUSDT,-0.00000592
2025-05-30T16:00:00Z,LTCUSDT,0.00003787
2025-05-31T00:00:00Z,LTCUSDT,-0.00002448
2025-05-31T08:00:00Z,LTCUSDT,-0.00008367
2025-05-31T16:00:00Z,LTCUSDT,-0.00000811
2025-06-01T00:00:00Z,LTCUSDT,0.00001838
2025-06-01T08:00:00Z,LTCUSDT,-0.00000688
2025-06-01T16:00:00Z,LTCUSDT,-0.0000306
2025-06-02T00:00:00Z,LTCUSDT,0.00006012
2025-06-02T08:00:00Z,LTCUSDT,0.00004153
2025-06-02T16:00:00Z,LTCUSDT,-0.00000623
2025-06-03T00:00:00Z,LTCUSDT,-0.00000376
2025-06-03T08:00:00Z,LTCUSDT,0.00000642
2025-06-03T16:00:00Z,LTCUSDT,0.00002645
2025-06-04T00:00:00Z,LTCUSDT,0.00001013
2025-06-04T08:00:00Z,LTCUSDT,0.00005014
2025-06-04T16:00:00Z,LTCUSDT,-0.0000066
2025-06-05T00:00:00Z,LTCUSDT,-0.00002412
2025-06-05T08:00:00Z,LTCUSDT,-0.00000669
2025-06-05T16:00:00Z,LTCUSDT,0.00001315
2025-06-06T00:00:00Z,LTCUSDT,0.0000328
2025-06-06T08:00:00Z,LTCUSDT,0.00007452
2025-06-06T16:00:00Z,LTCUSDT,0.00000672
2025-06-07T00:00:00Z,LTCUSDT,-0.00001669
2025-06-07T08:00:00Z,LTCUSDT,0.00009798
2025-06-07T16:00:00Z,LTCUSDT,0.00000668
2025-06-08T00:00:00Z,LTCUSDT,-0.00000807
2025-06-08T08:00:00Z,LTCUSDT,0.00000315
2025-06-08T16:00:00Z,LTCUSDT,0.00004408
2025-06-09T00:00:00Z,LTCUSDT,0.00003846
2025-06-09T08:00:00Z,LTCUSDT,0.00006917
2025-06-09T16:00:00Z,LTCUSDT,0.0001
2025-06-10T00:00:00Z,LTCUSDT,0.0000748
2025-06-10T08:00:00Z,LTCUSDT,0.00004969
2025-06-10T16:00:00Z,LTCUSDT,0.00009956
2025-06-11T00:00:00Z,LTCUSDT,0.0001
2025-06-11T08:00:00Z,LTCUSDT,0.0001
2025-06-11T16:00:00Z,LTCUSDT,0.00009157
2025-06-12T00:00:00Z,LTCUSDT,0.00008136
2025-06-12T08:00:00Z,LTCUSDT,0.0000514
2025-06-12T16:00:00Z,LTCUSDT,0.00006235
2025-06-13T00:00:00Z,LTCUSDT,-0.00000261
2025-06-13T08:00:00Z,LTCUSDT,-0.00006353
2025-06-13T16:00:00Z,LTCUSDT,0.0000239
2025-06-14T00:00:00Z,LTCUSDT,-0.0000294
2025-06-14T08:00:00Z,LTCUSDT,0.00001036
2025-06-14T16:00:00Z,LTCUSDT,0.00005643
2025-06-15T00:00:00Z,LTCUSDT,-0.00002392
2025-06-15T08:00:00Z,LTCUSDT,0.00001625
2025-06-15T16:00:00Z,LTCUSDT,0.00003494
2025-06-16T00:00:00Z,LTCUSDT,0.00003265
2025-06-16T08:00:00Z,LTCUSDT,0.00002116
2025-06-16T16:00:00Z,LTCUSDT,-0.0000274
2025-06-17T00:00:00Z,LTCUSDT,0.00002046
2025-06-17T08:00:00Z,LTCUSDT,0.0001
2025-06-17T16:00:00Z,LTCUSDT,0.00008935
2025-06-18T00:00:00Z,LTCUSDT,0.00004379
2025-06-18T08:00:00Z,LTCUSDT,0.00002116
2025-06-18T16:00:00Z,LTCUSDT,-0.00006535
2025-06-19T00:00:00Z,LTCUSDT,-0.00001355
2025-06-19T08:00:00Z,LTCUSDT,0.00005744
2025-06-19T16:00:00Z,LTCUSDT,0.00000921
2025-06-20T00:00:00Z,LTCUSDT,0.00006588
2025-06-20T08:00:00Z,LTCUSDT,0.00009413
2025-06-20T16:00:00Z,LTCUSDT,-0.00001142
2025-06-21T00:00:00Z,LTCUSDT,0.00000317
2025-06-21T08:00:00Z,LTCUSDT,0.00003499
2025-06-21T16:00:00Z,LTCUSDT,0.00004757
2025-06-22T00:00:00Z,LTCUSDT,-0.00000986
2025-06-22T08:00:00Z,LTCUSDT,0.00000814
2025-06-22T16:00:00Z,LTCUSDT,-0.00003509
2025-06-23T00:00:00Z,LTCUSDT,-0.00004357
2025-06-23T08:00:00Z,LTCUSDT,0.0000451
2025-06-23T16:00:00Z,LTCUSDT,0.00005486
2025-06-24T00:00:00Z,LTCUSDT,0.00006467
2025-06-24T08:00:00Z,LTCUSDT,0.00002214
2025-06-24T16:00:00Z,LTCUSDT,-0.0000591
2025-06-25T00:00:00Z,LTCUSDT,-0.00003582
2025-06-25T08:00:00Z,LTCUSDT,-0.00003208
2025-06-25T16:00:00Z,LTCUSDT,0.00006057
2025-06-26T00:00:00Z,LTCUSDT,-0.00000288
2025-06-26T08:00:00Z,LTCUSDT,0.00004485
2025-06-26T16:00:00Z,LTCUSDT,0.00002585
2025-06-27T00:00:00Z,LTCUSDT,-0.00002557
2025-06-27T08:00:00Z,LTCUSDT,0.00002507
2025-06-27T16:00:00Z,LTCUSDT,-0.00003959
2025-06-28T00:00:00Z,LTCUSDT,-0.00000647
2025-06-28T08:00:00Z,LTCUSDT,-0.00002124
2025-06-28T16:00:00Z,LTCUSDT,0.0001
2025-06-29T00:00:00Z,LTCUSDT,0.00005703
2025-06-29T08:00:00Z,LTCUSDT,-0.00004504
2025-06-29T16:00:00Z,LTCUSDT,-0.00008511
2025-06-30T00:00:00Z,LTCUSDT,0.00003937
2025-06-30T08:00:00Z,LTCUSDT,0.00001633
2025-06-30T16:00:00Z,LTCUSDT,0.0001
2025-07-01T00:00:00Z,LTCUSDT,0.0001
2025-07-01T08:00:00Z,LTCUSDT,0.0001
2025-07-01T16:00:00Z,LTCUSDT,0.00002652
2025-07-02T00:00:00Z,LTCUSDT,-0.00008199
2025-07-02T08:00:00Z,LTCUSDT,0.00002068
2025-07-02T16:00:00Z,LTCUSDT,0.00003131
2025-07-03T00:00:00Z,LTCUSDT,0.0001
2025-07-03T08:00:00Z,LTCUSDT,0.00009516
2025-07-03T16:00:00Z,LTCUSDT,0.0001
2025-07-04T00:00:00Z,LTCUSDT,0.0001
2025-07-04T08:00:00Z,LTCUSDT,0.0001
2025-07-04T16:00:00Z,LTCUSDT,0.0001
2025-07-05T00:00:00Z,LTCUSDT,0.0001
2025-07-05T08:00:00Z,LTCUSDT,0.0001
2025-07-05T16:00:00Z,LTCUSDT,0.0001
2025-07-06T00:00:00Z,LTCUSDT,-0.0000001
2025-07-06T08:00:00Z,LTCUSDT,-0.00001281
2025-07-06T16:00:00Z,LTCUSDT,-0.00001203
2025-07-07T00:00:00Z,LTCUSDT,0.00006821
2025-07-07T08:00:00Z,LTCUSDT,-0.00002493
2025-07-07T16:00:00Z,LTCUSDT,-0.00004348
2025-07-08T00:00:00Z,LTCUSDT,0.00004076
2025-07-08T08:00:00Z,LTCUSDT,0.0001
2025-07-08T16:00:00Z,LTCUSDT,0.00007285
2025-07-09T00:00:00Z,LTCUSDT,0.00000368
2025-07-09T08:00:00Z,LTCUSDT,0.00004866
2025-07-09T16:00:00Z,LTCUSDT,0.0001
2025-07-10T00:00:00Z,LTCUSDT,0.0001
2025-07-10T08:00:00Z,LTCUSDT,0.0001
2025-07-10T16:00:00Z,LTCUSDT,0.0001
2025-07-11T00:00:00Z,LTCUSDT,0.0001
2025-07-11T08:00:00Z,LTCUSDT,0.0001
2025-07-11T16:00:00Z,LTCUSDT,0.0001
2025-07-12T00:00:00Z,LTCUSDT,0.0001
2025-07-12T08:00:00Z,LTCUSDT,0.0001
2025-07-12T16:00:00Z,LTCUSDT,0.0001
2025-07-13T00:00:00Z,LTCUSDT,0.0001
2025-07-13T08:00:00Z,LTCUSDT,0.0000701
2025-07-13T16:00:00Z,LTCUSDT,0.0001
2025-07-14T00:00:00Z,LTCUSDT,0.0001
2025-07-14T08:00:00Z,LTCUSDT,0.0001
2025-07-14T16:00:00Z,LTCUSDT,0.0001
2025-07-15T00:00:00Z,LTCUSDT,0.0001
2025-07-15T08:00:00Z,LTCUSDT,0.0001
2025-07-15T16:00:00Z,LTCUSDT,0.0001
2025-07-16T00:00:00Z,LTCUSDT,0.0001
2025-07-16T08:00:00Z,LTCUSDT,0.0001
2025-07-16T16:00:00Z,LTCUSDT,0.0001
2025-07-17T00:00:00Z,LTCUSDT,0.0001
2025-07-17T08:00:00Z,LTCUSDT,0.0001
2025-07-17T16:00:00Z,LTCUSDT,0.0001
2025-07-18T00:00:00Z,LTCUSDT,0.0001
2025-07-18T08:00:00Z,LTCUSDT,0.00012758
2025-07-18T16:00:00Z,LTCUSDT,0.0001
2025-07-19T00:00:00Z,LTCUSDT,0.0001
2025-07-19T08:00:00Z,LTCUSDT,0.0001
2025-07-19T16:00:00Z,LTCUSDT,0.0001
2025-07-20T00:00:00Z,LTCUSDT,0.0001
2025-07-20T08:00:00Z,LTCUSDT,0.0001
2025-07-20T16:00:00Z,LTCUSDT,0.0001
2025-07-21T00:00:00Z,LTCUSDT,0.0001
2025-07-21T08:00:00Z,LTCUSDT,0.0001
2025-07-21T16:00:00Z,LTCUSDT,0.0001
2025-07-22T00:00:00Z,LTCUSDT,0.0001
2025-07-22T08:00:00Z,LTCUSDT,0.0001
2025-07-22T16:00:00Z,LTCUSDT,0.0001
2025-07-23T00:00:00Z,LTCUSDT,0.0001
2025-07-23T08:00:00Z,LTCUSDT,0.0001
2025-07-23T16:00:00Z,LTCUSDT,0.0001
2025-07-24T00:00:00Z,LTCUSDT,0.0001
2025-07-24T08:00:00Z,LTCUSDT,0.0001
2025-07-24T16:00:00Z,LTCUSDT,0.0001
2025-07-25T00:00:00Z,LTCUSDT,0.0001
2025-07-25T08:00:00Z,LTCUSDT,0.0001
2025-07-25T16:00:00Z,LTCUSDT,0.0001
2025-07-26T00:00:00Z,LTCUSDT,0.0001
2025-07-26T08:00:00Z,LTCUSDT,0.0001
2025-07-26T16:00:00Z,LTCUSDT,0.0001
2025-07-27T00:00:00Z,LTCUSDT,0.0001
2025-07-27T08:00:00Z,LTCUSDT,0.0001
2025-07-27T16:00:00Z,LTCUSDT,0.0001
2025-07-28T00:00:00Z,LTCUSDT,0.0001
2025-07-28T08:00:00Z,LTCUSDT,0.0001
2025-07-28T16:00:00Z,LTCUSDT,0.0001
2025-07-29T00:00:00Z,LTCUSDT,0.0001
2025-07-29T08:00:00Z,LTCUSDT,0.0001
2025-07-29T16:00:00Z,LTCUSDT,0.0001
2025-07-30T00:00:00Z,LTCUSDT,0.0001
2025-07-30T08:00:00Z,LTCUSDT,0.0001
2025-07-30T16:00:00Z,LTCUSDT,0.00007168
2025-07-31T00:00:00Z,LTCUSDT,0.00007287
2025-07-31T08:00:00Z,LTCUSDT,0.0001
2025-07-31T16:00:00Z,LTCUSDT,-0.0000148
2025-08-01T00:00:00Z,LTCUSDT,-0.00003679
2025-08-01T08:00:00Z,LTCUSDT,0.00006875
2025-08-01T16:00:00Z,LTCUSDT,0.0001
2025-08-02T00:00:00Z,LTCUSDT,-0.00001264
2025-08-02T08:00:00Z,LTCUSDT,0.0001
2025-08-02T16:00:00Z,LTCUSDT,-0.00004523
2025-08-03T00:00:00Z,LTCUSDT,0.00002403
2025-08-03T08:00:00Z,LTCUSDT,-0.00002437
2025-08-03T16:00:00Z,LTCUSDT,0.0001
2025-08-04T00:00:00Z,LTCUSDT,0.00001706
2025-08-04T08:00:00Z,LTCUSDT,-0.00003104
2025-08-04T16:00:00Z,LTCUSDT,0.00001698
2025-08-05T00:00:00Z,LTCUSDT,0.0001
2025-08-05T08:00:00Z,LTCUSDT,0.0001
2025-08-05T16:00:00Z,LTCUSDT,0.0001
2025-08-06T00:00:00Z,LTCUSDT,-0.00001115
2025-08-06T08:00:00Z,LTCUSDT,0.00009533
2025-08-06T16:00:00Z,LTCUSDT,0.00004021
2025-08-07T00:00:00Z,LTCUSDT,0.00007536
2025-08-07T08:00:00Z,LTCUSDT,0.00003214
2025-08-07T16:00:00Z,LTCUSDT,0.0001
2025-08-08T00:00:00Z,LTCUSDT,0.0001
2025-08-08T08:00:00Z,LTCUSDT,0.0001
2025-08-08T16:00:00Z,LTCUSDT,0.0001
2025-08-09T00:00:00Z,LTCUSDT,0.0001
2025-08-09T08:00:00Z,LTCUSDT,0.0001
2025-08-09T16:00:00Z,LTCUSDT,0.0001
2025-08-10T00:00:00Z,LTCUSDT,0.0001
2025-08-10T08:00:00Z,LTCUSDT,0.0001
2025-08-10T16:00:00Z,LTCUSDT,0.0001
2025-08-11T00:00:00Z,LTCUSDT,0.0001
2025-08-11T08:00:00Z,LTCUSDT,0.0001
2025-08-11T16:00:00Z,LTCUSDT,0.0001
2025-08-12T00:00:00Z,LTCUSDT,-0.00002418
2025-08-12T08:00:00Z,LTCUSDT,0.00000096
2025-08-12T16:00:00Z,LTCUSDT,0.00009107
2025-08-13T00:00:00Z,LTCUSDT,0.0001
2025-08-13T08:00:00Z,LTCUSDT,0.0001
2025-08-13T16:00:00Z,LTCUSDT,0.0001
2025-08-14T00:00:00Z,LTCUSDT,0.0001
2025-08-14T08:00:00Z,LTCUSDT,0.0001
2025-08-14T16:00:00Z,LTCUSDT,0.0001
2025-08-15T00:00:00Z,LTCUSDT,0.0001
2025-08-15T08:00:00Z,LTCUSDT,0.0001
2025-08-15T16:00:00Z,LTCUSDT,0.000058
2025-08-16T00:00:00Z,LTCUSDT,0.0001
2025-08-16T08:00:00Z,LTCUSDT,0.00007495
2025-08-16T16:00:00Z,LTCUSDT,-0.00001909
2025-08-17T00:00:00Z,LTCUSDT,0.00003757
2025-08-17T08:00:00Z,LTCUSDT,0.00009972
2025-08-17T16:00:00Z,LTCUSDT,0.0001
2025-08-18T00:00:00Z,LTCUSDT,0.0001
2025-08-18T08:00:00Z,LTCUSDT,0.00001048
2025-08-18T16:00:00Z,LTCUSDT,0.00001652
2025-08-19T00:00:00Z,LTCUSDT,0.00002899
2025-08-19T08:00:00Z,LTCUSDT,0.00006583
2025-08-19T16:00:00Z,LTCUSDT,0.0000215
2025-08-20T00:00:00Z,LTCUSDT,0.0001
2025-08-20T08:00:00Z,LTCUSDT,0.0001
2025-08-20T16:00:00Z,LTCUSDT,0.0001
2025-08-21T00:00:00Z,LTCUSDT,0.00001865
2025-08-21T08:00:00Z,LTCUSDT,0.00000272
2025-08-21T16:00:00Z,LTCUSDT,-0.00004302
2025-08-22T00:00:00Z,LTCUSDT,0.00007236
2025-08-22T08:00:00Z,LTCUSDT,0.00008961
2025-08-22T16:00:00Z,LTCUSDT,0.0001
2025-08-23T00:00:00Z,LTCUSDT,0.0001
2025-08-23T08:00:00Z,LTCUSDT,0.0001
2025-08-23T16:00:00Z,LTCUSDT,0.0001
2025-08-24T00:00:00Z,LTCUSDT,0.0001
2025-08-24T08:00:00Z,LTCUSDT,0.0001
2025-08-24T16:00:00Z,LTCUSDT,0.0001
2025-08-25T00:00:00Z,LTCUSDT,0.0001
2025-08-25T08:00:00Z,LTCUSDT,0.0001
2025-08-25T16:00:00Z,LTCUSDT,0.0001
2025-08-26T00:00:00Z,LTCUSDT,0.0000247
2025-08-26T08:00:00Z,LTCUSDT,0.00000574
2025-08-26T16:00:00Z,LTCUSDT,0.00006302
2025-08-27T00:00:00Z,LTCUSDT,0.00007408
2025-08-27T08:00:00Z,LTCUSDT,0.00008477
2025-08-27T16:00:00Z,LTCUSDT,-0.00005
2025-08-28T00:00:00Z,LTCUSDT,-0.00001618
2025-08-28T08:00:00Z,LTCUSDT,0.0000171
2025-08-28T16:00:00Z,LTCUSDT,0.00008501
2025-08-29T00:00:00Z,LTCUSDT,0.00008897
2025-08-29T08:00:00Z,LTCUSDT,0.00007178
2025-08-29T16:00:00Z,LTCUSDT,-0.00004123
2025-08-30T00:00:00Z,LTCUSDT,0.00009388
2025-08-30T08:00:00Z,LTCUSDT,0.0001
2025-08-30T16:00:00Z,LTCUSDT,0.0001
2025-08-31T00:00:00Z,LTCUSDT,0.00006593
2025-08-31T08:00:00Z,LTCUSDT,0.0001
2025-08-31T16:00:00Z,LTCUSDT,0.0001
2025-09-01T00:00:00Z,LTCUSDT,0.0001
2025-09-01T08:00:00Z,LTCUSDT,0.00009064
2025-09-01T16:00:00Z,LTCUSDT,0.00008561
2025-09-02T00:00:00Z,LTCUSDT,0.0001
2025-09-02T08:00:00Z,LTCUSDT,0.00009776
2025-09-02T16:00:00Z,LTCUSDT,0.00008629
2025-09-03T00:00:00Z,LTCUSDT,0.00002378
2025-09-03T08:00:00Z,LTCUSDT,0.0001
2025-09-03T16:00:00Z,LTCUSDT,0.0001
2025-09-04T00:00:00Z,LTCUSDT,0.0001
2025-09-04T08:00:00Z,LTCUSDT,0.00003735
2025-09-04T16:00:00Z,LTCUSDT,0.00001343
2025-09-05T00:00:00Z,LTCUSDT,-0.0000155
2025-09-05T08:00:00Z,LTCUSDT,0.0001
2025-09-05T16:00:00Z,LTCUSDT,0.00005023
2025-09-06T00:00:00Z,LTCUSDT,0.00000708
2025-09-06T08:00:00Z,LTCUSDT,-0.00001514
2025-09-06T16:00:00Z,LTCUSDT,-0.00001835
2025-09-07T00:00:00Z,LTCUSDT,0.00008192
2025-09-07T08:00:00Z,LTCUSDT,0.0001
2025-09-07T16:00:00Z,LTCUSDT,0.00004362
2025-09-08T00:00:00Z,LTCUSDT,0.0001
2025-09-08T08:00:00Z,LTCUSDT,0.00009449
2025-09-08T16:00:00Z,LTCUSDT,0.00009603
2025-09-09T00:00:00Z,LTCUSDT,0.00009216
2025-09-09T08:00:00Z,LTCUSDT,0.0001
2025-09-09T16:00:00Z,LTCUSDT,0.0001
2025-09-10T00:00:00Z,LTCUSDT,0.00008426
2025-09-10T08:00:00Z,LTCUSDT,0.0001
2025-09-10T16:00:00Z,LTCUSDT,0.0001
2025-09-11T00:00:00Z,LTCUSDT,0.0001
2025-09-11T08:00:00Z,LTCUSDT,0.0001
2025-09-11T16:00:00Z,LTCUSDT,0.0001
2025-09-12T00:00:00Z,LTCUSDT,0.0001
2025-09-12T08:00:00Z,LTCUSDT,0.0001
2025-09-12T16:00:00Z,LTCUSDT,0.0001
2025-09-13T00:00:00Z,LTCUSDT,0.0001
2025-09-13T08:00:00Z,LTCUSDT,0.0001
2025-09-13T16:00:00Z,LTCUSDT,0.0001
2025-09-14T00:00:00Z,LTCUSDT,0.0001
2025-09-14T08:00:00Z,LTCUSDT,0.0001
2025-09-14T16:00:00Z,LTCUSDT,0.0001
2025-09-15T00:00:00Z,LTCUSDT,0.0001
2025-09-15T08:00:00Z,LTCUSDT,0.0001
2025-09-15T16:00:00Z,LTCUSDT,0.0001
2025-09-16T00:00:00Z,LTCUSDT,0.0001
2025-09-16T08:00:00Z,LTCUSDT,0.0001
2025-09-16T16:00:00Z,LTCUSDT,0.0001
2025-09-17T00:00:00Z,LTCUSDT,0.0001
2025-09-17T08:00:00Z,LTCUSDT,0.00005128
2025-09-17T16:00:00Z,LTCUSDT,0.00006989
2025-09-18T00:00:00Z,LTCUSDT,0.0001
2025-09-18T08:00:00Z,LTCUSDT,0.0001
2025-09-18T16:00:00Z,LTCUSDT,0.0001
2025-09-19T00:00:00Z,LTCUSDT,0.0001
2025-09-19T08:00:00Z,LTCUSDT,0.0001
2025-09-19T16:00:00Z,LTCUSDT,0.0001
2025-09-20T00:00:00Z,LTCUSDT,0.0001
2025-09-20T08:00:00Z,LTCUSDT,0.0001
2025-09-20T16:00:00Z,LTCUSDT,0.00004221
2025-09-21T00:00:00Z,LTCUSDT,0.00003574
2025-09-21T08:00:00Z,LTCUSDT,0.0001
2025-09-21T16:00:00Z,LTCUSDT,0.00001565
2025-09-22T00:00:00Z,LTCUSDT,0.00004083
2025-09-22T08:00:00Z,LTCUSDT,0.0000238
2025-09-22T16:00:00Z,LTCUSDT,0.00007621
2025-09-23T00:00:00Z,LTCUSDT,0.00003366
2025-09-23T08:00:00Z,LTCUSDT,0.0001
2025-09-23T16:00:00Z,LTCUSDT,0.0001
2025-09-24T00:00:00Z,LTCUSDT,0.0001
2025-09-24T08:00:00Z,LTCUSDT,0.0001
2025-09-24T16:00:00Z,LTCUSDT,0.0001
2025-09-25T00:00:00Z,LTCUSDT,0.00007995
2025-09-25T08:00:00Z,LTCUSDT,-0.00002753
2025-09-25T16:00:00Z,LTCUSDT,0.00005237
2025-09-26T00:00:00Z,LTCUSDT,-0.0000002
2025-09-26T08:00:00Z,LTCUSDT,0.00002152
2025-09-26T16:00:00Z,LTCUSDT,0.00006926
2025-09-27T00:00:00Z,LTCUSDT,-0.00002683
2025-09-27T08:00:00Z,LTCUSDT,0.00009094
2025-09-27T16:00:00Z,LTCUSDT,0.00005208
2025-09-28T00:00:00Z,LTCUSDT,0.0001
2025-09-28T08:00:00Z,LTCUSDT,0.00002261
2025-09-28T16:00:00Z,LTCUSDT,0.00004832
2025-09-29T00:00:00Z,LTCUSDT,0.00005883
2025-09-29T08:00:00Z,LTCUSDT,-0.00001344
2025-09-29T16:00:00Z,LTCUSDT,0.00003898
2025-09-30T00:00:00Z,LTCUSDT,0.00003989
2025-09-30T08:00:00Z,LTCUSDT,0.00002332
2025-09-30T16:00:00Z,LTCUSDT,0.00000079
2025-10-01T00:00:00Z,LTCUSDT,0.0001
2025-10-01T08:00:00Z,LTCUSDT,0.0000484
2025-10-01T16:00:00Z,LTCUSDT,-0.00004055
2025-10-02T00:00:00Z,LTCUSDT,0.00009992
2025-10-02T08:00:00Z,LTCUSDT,0.0001
2025-10-02T16:00:00Z,LTCUSDT,0.0001
2025-10-03T00:00:00Z,LTCUSDT,0.0001
2025-10-03T08:00:00Z,LTCUSDT,0.0001
2025-10-03T16:00:00Z,LTCUSDT,0.0001
2025-10-04T00:00:00Z,LTCUSDT,0.00002282
2025-10-04T08:00:00Z,LTCUSDT,0.00006964
2025-10-04T16:00:00Z,LTCUSDT,0.00005125
2025-10-05T00:00:00Z,LTCUSDT,-0.00002179
2025-10-05T08:00:00Z,LTCUSDT,0.0001
2025-10-05T16:00:00Z,LTCUSDT,0.0001
2025-10-06T00:00:00Z,LTCUSDT,0.0001
2025-10-06T08:00:00Z,LTCUSDT,0.00007708
2025-10-06T16:00:00Z,LTCUSDT,0.0001
2025-10-07T00:00:00Z,LTCUSDT,0.00004759
2025-10-07T08:00:00Z,LTCUSDT,0.00006891
2025-10-07T16:00:00Z,LTCUSDT,0.0001
2025-10-08T00:00:00Z,LTCUSDT,0.0001
2025-10-08T08:00:00Z,LTCUSDT,0.00008989
2025-10-08T16:00:00Z,LTCUSDT,0.0001
2025-10-09T00:00:00Z,LTCUSDT,0.0001
2025-10-09T08:00:00Z,LTCUSDT,0.0001
2025-10-09T16:00:00Z,LTCUSDT,0.0001
2025-10-10T00:00:00Z,LTCUSDT,0.0001
2025-10-10T08:00:00Z,LTCUSDT,0.0001
2025-10-10T16:00:00Z,LTCUSDT,0.0001
2025-10-11T00:00:00Z,LTCUSDT,-0.00233731
2025-10-11T08:00:00Z,LTCUSDT,0.0001
2025-10-11T16:00:00Z,LTCUSDT,0.0001
2025-10-12T00:00:00Z,LTCUSDT,0.0001
2025-10-12T08:00:00Z,LTCUSDT,0.00007147
2025-10-12T16:00:00Z,LTCUSDT,0.00006953
2025-10-13T00:00:00Z,LTCUSDT,0.0000992
2025-10-13T08:00:00Z,LTCUSDT,0.00006656
2025-10-13T16:00:00Z,LTCUSDT,0.0001
2025-10-14T00:00:00Z,LTCUSDT,0.00006147
2025-10-14T08:00:00Z,LTCUSDT,-0.00007568
2025-10-14T16:00:00Z,LTCUSDT,-0.00004752
2025-10-15T00:00:00Z,LTCUSDT,-0.00007251
2025-10-15T08:00:00Z,LTCUSDT,-0.00002524
2025-10-15T16:00:00Z,LTCUSDT,-0.00000146
2025-10-16T00:00:00Z,LTCUSDT,-0.00001503
2025-10-16T08:00:00Z,LTCUSDT,0.00001001
2025-10-16T16:00:00Z,LTCUSDT,-0.0000188
2025-10-17T00:00:00Z,LTCUSDT,0.00007556
2025-10-17T08:00:00Z,LTCUSDT,0.00002642
2025-10-17T16:00:00Z,LTCUSDT,0.0001
2025-10-18T00:00:00Z,LTCUSDT,-0.00003662
2025-10-18T08:00:00Z,LTCUSDT,0.00007032
2025-10-18T16:00:00Z,LTCUSDT,0.00007907
2025-10-19T00:00:00Z,LTCUSDT,-0.00005603
2025-10-19T08:00:00Z,LTCUSDT,-0.00005261
2025-10-19T16:00:00Z,LTCUSDT,0.00002848
2025-10-20T00:00:00Z,LTCUSDT,-0.00002481
2025-10-20T08:00:00Z,LTCUSDT,0.00002685
2025-10-20T16:00:00Z,LTCUSDT,0.00000448
2025-10-21T00:00:00Z,LTCUSDT,0.0001
2025-10-21T08:00:00Z,LTCUSDT,-0.00003419
2025-10-21T16:00:00Z,LTCUSDT,0.00002869
2025-10-22T00:00:00Z,LTCUSDT,0.00002602
2025-10-22T08:00:00Z,LTCUSDT,-0.00000701
2025-10-22T16:00:00Z,LTCUSDT,0.0001
2025-10-23T00:00:00Z,LTCUSDT,0.0001
2025-10-23T08:00:00Z,LTCUSDT,0.00008849
2025-10-23T16:00:00Z,LTCUSDT,0.00003211
2025-10-24T00:00:00Z,LTCUSDT,0.0000092
2025-10-24T08:00:00Z,LTCUSDT,-0.00001272
2025-10-24T16:00:00Z,LTCUSDT,-0.0000292
2025-10-25T00:00:00Z,LTCUSDT,0.00005694
2025-10-25T08:00:00Z,LTCUSDT,-0.00005498
2025-10-25T16:00:00Z,LTCUSDT,-0.00001774
2025-10-26T00:00:00Z,LTCUSDT,0.00003205
2025-10-26T08:00:00Z,LTCUSDT,0.00000995
2025-10-26T16:00:00Z,LTCUSDT,0.0001
2025-10-27T00:00:00Z,LTCUSDT,-0.00000478
2025-10-27T08:00:00Z,LTCUSDT,0.00005001
2025-10-27T16:00:00Z,LTCUSDT,0.00006323
2025-10-28T00:00:00Z,LTCUSDT,0.0001
2025-10-28T08:00:00Z,LTCUSDT,-0.00000563
2025-10-28T16:00:00Z,LTCUSDT,-0.00011503
2025-10-29T00:00:00Z,LTCUSDT,-0.0000233
2025-10-29T08:00:00Z,LTCUSDT,0.00004611
2025-10-29T16:00:00Z,LTCUSDT,0.00007941
2025-10-30T00:00:00Z,LTCUSDT,0.0001
2025-10-30T08:00:00Z,LTCUSDT,0.0001
2025-10-30T16:00:00Z,LTCUSDT,0.0001
2025-10-31T00:00:00Z,LTCUSDT,0.00000941
2025-10-31T08:00:00Z,LTCUSDT,0.00001228
2025-10-31T16:00:00Z,LTCUSDT,0.0001
2025-11-01T00:00:00Z,LTCUSDT,0.00005715
2025-11-01T08:00:00Z,LTCUSDT,-0.00004411
2025-11-01T16:00:00Z,LTCUSDT,0.00002848
2025-11-02T00:00:00Z,LTCUSDT,-0.0000969
2025-11-02T08:00:00Z,LTCUSDT,-0.00004561
2025-11-02T16:00:00Z,LTCUSDT,-0.00005325
2025-11-03T00:00:00Z,LTCUSDT,-0.00006718
2025-11-03T08:00:00Z,LTCUSDT,-0.00004679
2025-11-03T16:00:00Z,LTCUSDT,-0.00006409
2025-11-04T00:00:00Z,LTCUSDT,-0.00007484
2025-11-04T08:00:00Z,LTCUSDT,0.0001
2025-11-04T16:00:00Z,LTCUSDT,0.0001
2025-11-05T00:00:00Z,LTCUSDT,0.00004248
2025-11-05T08:00:00Z,LTCUSDT,0.00009465
2025-11-05T16:00:00Z,LTCUSDT,-0.00002229
2025-11-06T00:00:00Z,LTCUSDT,-0.00001204
2025-11-06T08:00:00Z,LTCUSDT,0.00005641
2025-11-06T16:00:00Z,LTCUSDT,0.00003394
2025-11-07T00:00:00Z,LTCUSDT,0.00005681
2025-11-07T08:00:00Z,LTCUSDT,0.00002595
2025-11-07T16:00:00Z,LTCUSDT,0.00005625
2025-11-08T00:00:00Z,LTCUSDT,0.0001
2025-11-08T08:00:00Z,LTCUSDT,0.0001
2025-11-08T16:00:00Z,LTCUSDT,0.0001
2025-11-09T00:00:00Z,LTCUSDT,0.0001
2025-11-09T08:00:00Z,LTCUSDT,-0.00004286
2025-11-09T16:00:00Z,LTCUSDT,0.0001
2025-11-10T00:00:00Z,LTCUSDT,0.0001
2025-11-10T08:00:00Z,LTCUSDT,0.00005549
2025-11-10T16:00:00Z,LTCUSDT,0.00004426
2025-11-11T00:00:00Z,LTCUSDT,0.00002839
2025-11-11T08:00:00Z,LTCUSDT,0.00002003
2025-11-11T16:00:00Z,LTCUSDT,0.00008331
2025-11-12T00:00:00Z,LTCUSDT,-0.00000782
2025-11-12T08:00:00Z,LTCUSDT,0.00000688
2025-11-12T16:00:00Z,LTCUSDT,-0.00004354
2025-11-13T00:00:00Z,LTCUSDT,0.00007309
2025-11-13T08:00:00Z,LTCUSDT,0.0001
2025-11-13T16:00:00Z,LTCUSDT,-0.00002731
2025-11-14T00:00:00Z,LTCUSDT,0.00000783
2025-11-14T08:00:00Z,LTCUSDT,0.0001
2025-11-14T16:00:00Z,LTCUSDT,0.0001
2025-11-15T00:00:00Z,LTCUSDT,0.00005765
2025-11-15T08:00:00Z,LTCUSDT,0.0001
2025-11-15T16:00:00Z,LTCUSDT,0.0001
2025-11-16T00:00:00Z,LTCUSDT,-0.00001427
2025-11-16T08:00:00Z,LTCUSDT,0.00006932
2025-11-16T16:00:00Z,LTCUSDT,-0.00005626
2025-11-17T00:00:00Z,LTCUSDT,-0.00007472
2025-11-17T08:00:00Z,LTCUSDT,-0.00007464
2025-11-17T16:00:00Z,LTCUSDT,-0.00000349
2025-11-18T00:00:00Z,LTCUSDT,-0.00001861
2025-11-18T08:00:00Z,LTCUSDT,0.00009068
2025-11-18T16:00:00Z,LTCUSDT,0.0001
2025-11-19T00:00:00Z,LTCUSDT,0.00009547
2025-11-19T08:00:00Z,LTCUSDT,-0.00002873
2025-11-19T16:00:00Z,LTCUSDT,0.0001
2025-11-20T00:00:00Z,LTCUSDT,0.0000074
2025-11-20T08:00:00Z,LTCUSDT,0.0001
2025-11-20T16:00:00Z,LTCUSDT,0.0001
2025-11-21T00:00:00Z,LTCUSDT,-0.00002255
2025-11-21T08:00:00Z,LTCUSDT,0.0001
2025-11-21T16:00:00Z,LTCUSDT,-0.00003704
2025-11-22T00:00:00Z,LTCUSDT,-0.00003831
2025-11-22T08:00:00Z,LTCUSDT,0.00001334
2025-11-22T16:00:00Z,LTCUSDT,-0.00006278
2025-11-23T00:00:00Z,LTCUSDT,-0.00002528
2025-11-23T08:00:00Z,LTCUSDT,-0.00006471
2025-11-23T16:00:00Z,LTCUSDT,0.00000314
2025-11-24T00:00:00Z,LTCUSDT,-0.00001534
2025-11-24T08:00:00Z,LTCUSDT,0.00002135
2025-11-24T16:00:00Z,LTCUSDT,0.0000929
2025-11-25T00:00:00Z,LTCUSDT,-0.000018
2025-11-25T08:00:00Z,LTCUSDT,-0.00002379
2025-11-25T16:00:00Z,LTCUSDT,0.00002698
2025-11-26T00:00:00Z,LTCUSDT,0.0001
2025-11-26T08:00:00Z,LTCUSDT,0.00001276
2025-11-26T16:00:00Z,LTCUSDT,-0.00002259
2025-11-27T00:00:00Z,LTCUSDT,0.0001
2025-11-27T08:00:00Z,LTCUSDT,0.00002594
2025-11-27T16:00:00Z,LTCUSDT,-0.00005616
2025-11-28T00:00:00Z,LTCUSDT,-0.00005202
2025-11-28T08:00:00Z,LTCUSDT,-0.0000567
2025-11-28T16:00:00Z,LTCUSDT,0.0000191
2025-11-29T00:00:00Z,LTCUSDT,-0.00000456
2025-11-29T08:00:00Z,LTCUSDT,0.00003189
2025-11-29T16:00:00Z,LTCUSDT,0.00001147
2025-11-30T00:00:00Z,LTCUSDT,-0.00006426
2025-11-30T08:00:00Z,LTCUSDT,-0.00003423
2025-11-30T16:00:00Z,LTCUSDT,-0.000043
2025-12-01T00:00:00Z,LTCUSDT,0.00002523
2025-12-01T08:00:00Z,LTCUSDT,-0.00005168
2025-12-01T16:00:00Z,LTCUSDT,0.00003311
2025-12-02T00:00:00Z,LTCUSDT,-0.00009702
2025-12-02T08:00:00Z,LTCUSDT,0.00009837
2025-12-02T16:00:00Z,LTCUSDT,-0.00000869
2025-12-03T00:00:00Z,LTCUSDT,-0.00005606
2025-12-03T08:00:00Z,LTCUSDT,0.00002299
2025-12-03T16:00:00Z,LTCUSDT,0.0000219
2025-12-04T00:00:00Z,LTCUSDT,0.00000261
2025-12-04T08:00:00Z,LTCUSDT,-0.00005144
2025-12-04T16:00:00Z,LTCUSDT,0.00007805
2025-12-05T00:00:00Z,LTCUSDT,-0.00007618
2025-12-05T08:00:00Z,LTCUSDT,-0.00006919
2025-12-05T16:00:00Z,LTCUSDT,0.00002838
2025-12-06T00:00:00Z,LTCUSDT,0.00001835
2025-12-06T08:00:00Z,LTCUSDT,-0.00001597
2025-12-06T16:00:00Z,LTCUSDT,-0.00001986
2025-12-07T00:00:00Z,LTCUSDT,-0.00002887
2025-12-07T08:00:00Z,LTCUSDT,0.00005347
2025-12-07T16:00:00Z,LTCUSDT,-0.00001332
2025-12-08T00:00:00Z,LTCUSDT,-0.00000807
2025-12-08T08:00:00Z,LTCUSDT,0.00006768
2025-12-08T16:00:00Z,LTCUSDT,0.00007758
2025-12-09T00:00:00Z,LTCUSDT,0.00000987
2025-12-09T08:00:00Z,LTCUSDT,0.00001124
2025-12-09T16:00:00Z,LTCUSDT,-0.00003106
2025-12-10T00:00:00Z,LTCUSDT,0.0000444
2025-12-10T08:00:00Z,LTCUSDT,0.00007045
2025-12-10T16:00:00Z,LTCUSDT,-0.00002601
2025-12-11T00:00:00Z,LTCUSDT,0.00008287
2025-12-11T08:00:00Z,LTCUSDT,-0.00005582
2025-12-11T16:00:00Z,LTCUSDT,-0.0000418
2025-12-12T00:00:00Z,LTCUSDT,0.00008962
2025-12-12T08:00:00Z,LTCUSDT,0.00006698
2025-12-12T16:00:00Z,LTCUSDT,0.00000301
2025-12-13T00:00:00Z,LTCUSDT,-0.00002291
2025-12-13T08:00:00Z,LTCUSDT,0.0000205
2025-12-13T16:00:00Z,LTCUSDT,-0.00002174
2025-12-14T00:00:00Z,LTCUSDT,0.00004661
2025-12-14T08:00:00Z,LTCUSDT,-0.00003283
2025-12-14T16:00:00Z,LTCUSDT,-0.00003642
2025-12-15T00:00:00Z,LTCUSDT,0.00002383
2025-12-15T08:00:00Z,LTCUSDT,0.00008982
2025-12-15T16:00:00Z,LTCUSDT,0.00003764
2025-12-16T00:00:00Z,LTCUSDT,-0.00002401
2025-12-16T08:00:00Z,LTCUSDT,-0.00004781
2025-12-16T16:00:00Z,LTCUSDT,0.00000337
2025-12-17T00:00:00Z,LTCUSDT,0.0000484
2025-12-17T08:00:00Z,LTCUSDT,0.00000745
2025-12-17T16:00:00Z,LTCUSDT,-0.00001552
2025-12-18T00:00:00Z,LTCUSDT,-0.00004513
2025-12-18T08:00:00Z,LTCUSDT,0.00000164
2025-12-18T16:00:00Z,LTCUSDT,-0.00004001
2025-12-19T00:00:00Z,LTCUSDT,0.00001279
2025-12-19T08:00:00Z,LTCUSDT,0.00002565
2025-12-19T16:00:00Z,LTCUSDT,0.00003262
2025-12-20T00:00:00Z,LTCUSDT,0.00003768
2025-12-20T08:00:00Z,LTCUSDT,-0.00008048
2025-12-20T16:00:00Z,LTCUSDT,0.00003972
2025-12-21T00:00:00Z,LTCUSDT,0.0000217
2025-12-21T08:00:00Z,LTCUSDT,-0.00005585
2025-12-21T16:00:00Z,LTCUSDT,-0.00006159
2025-12-22T00:00:00Z,LTCUSDT,-0.00000166
2025-12-22T08:00:00Z,LTCUSDT,0.00004708
2025-12-22T16:00:00Z,LTCUSDT,0.00008899
2025-12-23T00:00:00Z,LTCUSDT,0.00008646
2025-12-23T08:00:00Z,LTCUSDT,0.00003892
2025-12-23T16:00:00Z,LTCUSDT,-0.00001465
2025-12-24T00:00:00Z,LTCUSDT,0.00002855
2025-12-24T08:00:00Z,LTCUSDT,-0.00001407
2025-12-24T16:00:00Z,LTCUSDT,0.00003136
2025-12-25T00:00:00Z,LTCUSDT,0.00006751
2025-12-25T08:00:00Z,LTCUSDT,0.00008669
2025-12-25T16:00:00Z,LTCUSDT,0.00008042
2025-12-26T00:00:00Z,LTCUSDT,-0.00000831
2025-12-26T08:00:00Z,LTCUSDT,0.00009523
2025-12-26T16:00:00Z,LTCUSDT,0.00006504
2025-12-27T00:00:00Z,LTCUSDT,0.00005482
2025-12-27T08:00:00Z,LTCUSDT,0.00008553
2025-12-27T16:00:00Z,LTCUSDT,0.00008358
2025-12-28T00:00:00Z,LTCUSDT,0.0000516
2025-12-28T08:00:00Z,LTCUSDT,-0.00006299
2025-12-28T16:00:00Z,LTCUSDT,-0.00011607
2025-12-29T00:00:00Z,LTCUSDT,-0.00004477
2025-12-29T08:00:00Z,LTCUSDT,-0.00005264
2025-12-29T16:00:00Z,LTCUSDT,0.00001981
2025-12-30T00:00:00Z,LTCUSDT,0.00002392
2025-12-30T08:00:00Z,LTCUSDT,-0.00002854
2025-12-30T16:00:00Z,LTCUSDT,0.00002839
2025-12-31T00:00:00Z,LTCUSDT,0.00004934
2025-12-31T08:00:00Z,LTCUSDT,0.00005116
2025-12-31T16:00:00Z,LTCUSDT,0.00005154
2026-01-01T00:00:00Z,LTCUSDT,0.0001
2026-01-01T08:00:00Z,LTCUSDT,0.0001
2026-01-01T16:00:00Z,LTCUSDT,0.0001
2026-01-02T00:00:00Z,LTCUSDT,0.0001
2026-01-02T08:00:00Z,LTCUSDT,0.00004957
2026-01-02T16:00:00Z,LTCUSDT,0.000062
2026-01-03T00:00:00Z,LTCUSDT,0.0001
2026-01-03T08:00:00Z,LTCUSDT,0.00002191
2026-01-03T16:00:00Z,LTCUSDT,-0.0000271
2026-01-04T00:00:00Z,LTCUSDT,0.0001
2026-01-04T08:00:00Z,LTCUSDT,0.0001
2026-01-04T16:00:00Z,LTCUSDT,0.00000012
2026-01-05T00:00:00Z,LTCUSDT,0.00005016
2026-01-05T08:00:00Z,LTCUSDT,-0.0000373
2026-01-05T16:00:00Z,LTCUSDT,0.00007716
2026-01-06T00:00:00Z,LTCUSDT,0.0001
2026-01-06T08:00:00Z,LTCUSDT,-0.00002738
2026-01-06T16:00:00Z,LTCUSDT,0.00006136
2026-01-07T00:00:00Z,LTCUSDT,0.0001
2026-01-07T08:00:00Z,LTCUSDT,-0.00007521
2026-01-07T16:00:00Z,LTCUSDT,-0.00000186
2026-01-08T00:00:00Z,LTCUSDT,0.00003661
2026-01-08T08:00:00Z,LTCUSDT,0.00009551
2026-01-08T16:00:00Z,LTCUSDT,0.00008291
2026-01-09T00:00:00Z,LTCUSDT,-0.00004741
2026-01-09T08:00:00Z,LTCUSDT,0.0001
2026-01-09T16:00:00Z,LTCUSDT,-0.00001416
2026-01-10T00:00:00Z,LTCUSDT,-0.00000347
2026-01-10T08:00:00Z,LTCUSDT,-0.00002463
2026-01-10T16:00:00Z,LTCUSDT,0.0001
2026-01-11T00:00:00Z,LTCUSDT,0.00003859
2026-01-11T08:00:00Z,LTCUSDT,0.0001
2026-01-11T16:00:00Z,LTCUSDT,0.0001
2026-01-12T00:00:00Z,LTCUSDT,0.0001
2026-01-12T08:00:00Z,LTCUSDT,0.0001
2026-01-12T16:00:00Z,LTCUSDT,0.00001472
2026-01-13T00:00:00Z,LTCUSDT,0.0001
2026-01-13T08:00:00Z,LTCUSDT,0.0001
2026-01-13T16:00:00Z,LTCUSDT,0.0001
2026-01-14T00:00:00Z,LTCUSDT,0.0001
2026-01-14T08:00:00Z,LTCUSDT,0.0001
2026-01-14T16:00:00Z,LTCUSDT,0.0001
2026-01-15T00:00:00Z,LTCUSDT,0.0001
2026-01-15T08:00:00Z,LTCUSDT,-0.00003751
2026-01-15T16:00:00Z,LTCUSDT,-0.00003506
2026-01-16T00:00:00Z,LTCUSDT,-0.00004184
2026-01-16T08:00:00Z,LTCUSDT,-0.00000808
2026-01-16T16:00:00Z,LTCUSDT,-0.00003005
2026-01-17T00:00:00Z,LTCUSDT,0.0001
2026-01-17T08:00:00Z,LTCUSDT,0.0001
2026-01-17T16:00:00Z,LTCUSDT,0.00004945
2026-01-18T00:00:00Z,LTCUSDT,0.0000634
2026-01-18T08:00:00Z,LTCUSDT,0.00000031
2026-01-18T16:00:00Z,LTCUSDT,0.00006473
2026-01-19T00:00:00Z,LTCUSDT,0.00004143
2026-01-19T08:00:00Z,LTCUSDT,-0.00015129
2026-01-19T16:00:00Z,LTCUSDT,-0.00002743
2026-01-20T00:00:00Z,LTCUSDT,0.00009805
2026-01-20T08:00:00Z,LTCUSDT,0.00007704
2026-01-20T16:00:00Z,LTCUSDT,0.00005385
2026-01-21T00:00:00Z,LTCUSDT,0.00006883
2026-01-21T08:00:00Z,LTCUSDT,0.00002198
2026-01-21T16:00:00Z,LTCUSDT,0.0000355
2026-01-22T00:00:00Z,LTCUSDT,0.00002308
2026-01-22T08:00:00Z,LTCUSDT,0.00000122
2026-01-22T16:00:00Z,LTCUSDT,-0.00002591
2026-01-23T00:00:00Z,LTCUSDT,0.00004136
2026-01-23T08:00:00Z,LTCUSDT,0.00005174
2026-01-23T16:00:00Z,LTCUSDT,-0.00009267
2026-01-24T00:00:00Z,LTCUSDT,-0.00010497
2026-01-24T08:00:00Z,LTCUSDT,0.00001917
2026-01-24T16:00:00Z,LTCUSDT,-0.00005306
2026-01-25T00:00:00Z,LTCUSDT,-0.00001603
2026-01-25T08:00:00Z,LTCUSDT,-0.00002476
2026-01-25T16:00:00Z,LTCUSDT,-0.00004735
2026-01-26T00:00:00Z,LTCUSDT,0.00004581
2026-01-26T08:00:00Z,LTCUSDT,0.00008542
2026-01-26T16:00:00Z,LTCUSDT,0.00005928
2026-01-27T00:00:00Z,LTCUSDT,0.00001735
2026-01-27T08:00:00Z,LTCUSDT,0.00008838
2026-01-27T16:00:00Z,LTCUSDT,0.00003224
2026-01-28T00:00:00Z,LTCUSDT,-0.00005383
2026-01-28T08:00:00Z,LTCUSDT,0.00001403
2026-01-28T16:00:00Z,LTCUSDT,0.00001592
2026-01-29T00:00:00Z,LTCUSDT,0.0001
2026-01-29T08:00:00Z,LTCUSDT,0.00001297
2026-01-29T16:00:00Z,LTCUSDT,-0.0000134
2026-01-30T00:00:00Z,LTCUSDT,-0.00006004
2026-01-30T08:00:00Z,LTCUSDT,0.00005807
2026-01-30T16:00:00Z,LTCUSDT,-0.0000247
2026-01-31T00:00:00Z,LTCUSDT,-0.00000855
2026-01-31T08:00:00Z,LTCUSDT,0.00002983
2026-01-31T16:00:00Z,LTCUSDT,-0.00002197
2026-02-01T00:00:00Z,LTCUSDT,-0.00010022
2026-02-01T08:00:00Z,LTCUSDT,0.00006441
2026-02-01T16:00:00Z,LTCUSDT,0.00005184
2026-02-02T00:00:00Z,LTCUSDT,0.00007511
2026-02-02T08:00:00Z,LTCUSDT,0.00007508
2026-02-02T16:00:00Z,LTCUSDT,0.00003975
2026-02-03T00:00:00Z,LTCUSDT,0.00004463
2026-02-03T08:00:00Z,LTCUSDT,0.00001827
2026-02-03T16:00:00Z,LTCUSDT,-0.00003238
2026-02-04T00:00:00Z,LTCUSDT,0.00006793
2026-02-04T08:00:00Z,LTCUSDT,-0.00001324
2026-02-04T16:00:00Z,LTCUSDT,-0.00006926
2026-02-05T00:00:00Z,LTCUSDT,0.00000003
2026-02-05T08:00:00Z,LTCUSDT,0.0001
2026-02-05T16:00:00Z,LTCUSDT,0.00006355
2026-02-06T00:00:00Z,LTCUSDT,0.00005936
2026-02-06T08:00:00Z,LTCUSDT,-0.0000569
2026-02-06T16:00:00Z,LTCUSDT,0.00004375
2026-02-07T00:00:00Z,LTCUSDT,0.00005959
2026-02-07T08:00:00Z,LTCUSDT,-0.00003946
2026-02-07T16:00:00Z,LTCUSDT,-0.00001698
2026-02-08T00:00:00Z,LTCUSDT,0.00008195
2026-02-08T08:00:00Z,LTCUSDT,-0.0000843
2026-02-08T16:00:00Z,LTCUSDT,-0.00016376
2026-02-09T00:00:00Z,LTCUSDT,-0.00000447
2026-02-09T08:00:00Z,LTCUSDT,0.00001807
2026-02-09T16:00:00Z,LTCUSDT,-0.00005567
2026-02-10T00:00:00Z,LTCUSDT,0.00002871
2026-02-10T08:00:00Z,LTCUSDT,0.0001
2026-02-10T16:00:00Z,LTCUSDT,-0.00001434
2026-02-11T00:00:00Z,LTCUSDT,-0.00007296
2026-02-11T08:00:00Z,LTCUSDT,-0.00006564
2026-02-11T16:00:00Z,LTCUSDT,-0.00005306
2026-02-12T00:00:00Z,LTCUSDT,0.0001
2026-02-12T08:00:00Z,LTCUSDT,0.0001
2026-02-12T16:00:00Z,LTCUSDT,0.00001413
2026-02-13T00:00:00Z,LTCUSDT,0.0001
2026-02-13T08:00:00Z,LTCUSDT,0.00009329
2026-02-13T16:00:00Z,LTCUSDT,-0.00000723
2026-02-14T00:00:00Z,LTCUSDT,0.00002089
2026-02-14T08:00:00Z,LTCUSDT,-0.00005013
2026-02-14T16:00:00Z,LTCUSDT,0.00001884
2026-02-15T00:00:00Z,LTCUSDT,0.00003973
2026-02-15T08:00:00Z,LTCUSDT,-0.00000435
2026-02-15T16:00:00Z,LTCUSDT,0.00006456
2026-02-16T00:00:00Z,LTCUSDT,0.00005758
2026-02-16T08:00:00Z,LTCUSDT,0.00002618
2026-02-16T16:00:00Z,LTCUSDT,0.00002131
2026-02-17T00:00:00Z,LTCUSDT,0.0001
2026-02-17T08:00:00Z,LTCUSDT,0.00000885
2026-02-17T16:00:00Z,LTCUSDT,0.00005882
2026-02-18T00:00:00Z,LTCUSDT,0.00003318
2026-02-18T08:00:00Z,LTCUSDT,-0.00002372
2026-02-18T16:00:00Z,LTCUSDT,0.00007507
2026-02-19T00:00:00Z,LTCUSDT,-0.00005533
2026-02-19T08:00:00Z,LTCUSDT,-0.00001793
2026-02-19T16:00:00Z,LTCUSDT,-0.00009831
2026-02-20T00:00:00Z,LTCUSDT,-0.00008097
2026-02-20T08:00:00Z,LTCUSDT,0.00004477
2026-02-20T16:00:00Z,LTCUSDT,0.0001
2026-02-21T00:00:00Z,LTCUSDT,0.0001
2026-02-21T08:00:00Z,LTCUSDT,0.00002927
2026-02-21T16:00:00Z,LTCUSDT,-0.00006977
2026-02-22T00:00:00Z,LTCUSDT,-0.00010534
2026-02-22T08:00:00Z,LTCUSDT,-0.00008249
2026-02-22T16:00:00Z,LTCUSDT,0.00004386
2026-02-23T00:00:00Z,LTCUSDT,-0.00000143
2026-02-23T08:00:00Z,LTCUSDT,-0.00003471
2026-02-23T16:00:00Z,LTCUSDT,-0.00008116
2026-02-24T00:00:00Z,LTCUSDT,-0.00002097
2026-02-24T08:00:00Z,LTCUSDT,-0.00005038
2026-02-24T16:00:00Z,LTCUSDT,0.00003416
2026-02-25T00:00:00Z,LTCUSDT,0.0001
2026-02-25T08:00:00Z,LTCUSDT,0.0000369
2026-02-25T16:00:00Z,LTCUSDT,0.0001
2026-02-26T00:00:00Z,LTCUSDT,0.0001
2026-02-26T08:00:00Z,LTCUSDT,0.00000612
2026-02-26T16:00:00Z,LTCUSDT,-0.00000483
2026-02-27T00:00:00Z,LTCUSDT,0.00007879
2026-02-27T08:00:00Z,LTCUSDT,0.0000624
2026-02-27T16:00:00Z,LTCUSDT,-0.00010519
2026-02-28T00:00:00Z,LTCUSDT,0.00003384
2026-02-28T08:00:00Z,LTCUSDT,-0.00002566
2026-02-28T16:00:00Z,LTCUSDT,-0.00010461
2026-03-01T00:00:00Z,LTCUSDT,-0.00006043
2026-03-01T08:00:00Z,LTCUSDT,0.00004174
2026-03-01T16:00:00Z,LTCUSDT,0.00000357
2026-03-02T00:00:00Z,LTCUSDT,0.00007433
2026-03-02T08:00:00Z,LTCUSDT,0.00001734
2026-03-02T16:00:00Z,LTCUSDT,0.00004284
2026-03-03T00:00:00Z,LTCUSDT,0.0001
2026-03-03T08:00:00Z,LTCUSDT,-0.00003058
2026-03-03T16:00:00Z,LTCUSDT,0.00001449
2026-03-04T00:00:00Z,LTCUSDT,-0.0000124
2026-03-04T08:00:00Z,LTCUSDT,0.0000691
2026-03-04T16:00:00Z,LTCUSDT,0.00005146
2026-03-05T00:00:00Z,LTCUSDT,0.00003553
2026-03-05T08:00:00Z,LTCUSDT,0.00009331
2026-03-05T16:00:00Z,LTCUSDT,-0.00008479
2026-03-06T00:00:00Z,LTCUSDT,0.00007399
2026-03-06T08:00:00Z,LTCUSDT,-0.00006926
2026-03-06T16:00:00Z,LTCUSDT,-0.00005352
2026-03-07T00:00:00Z,LTCUSDT,-0.00008262
2026-03-07T08:00:00Z,LTCUSDT,-0.00008278
2026-03-07T16:00:00Z,LTCUSDT,-0.000046
2026-03-08T00:00:00Z,LTCUSDT,-0.00005409
2026-03-08T08:00:00Z,LTCUSDT,0.00000814
2026-03-08T16:00:00Z,LTCUSDT,-0.00003855
2026-03-09T00:00:00Z,LTCUSDT,0.00001844
2026-03-09T08:00:00Z,LTCUSDT,0.00008348
2026-03-09T16:00:00Z,LTCUSDT,0.00000502
2026-03-10T00:00:00Z,LTCUSDT,-0.00005722
2026-03-10T08:00:00Z,LTCUSDT,0.00004174
2026-03-10T16:00:00Z,LTCUSDT,0.00007324
2026-03-11T00:00:00Z,LTCUSDT,-0.00004725
2026-03-11T08:00:00Z,LTCUSDT,-0.00002299
2026-03-11T16:00:00Z,LTCUSDT,0.0001
2026-03-12T00:00:00Z,LTCUSDT,0.00006272
2026-03-12T08:00:00Z,LTCUSDT,0.00004335
2026-03-12T16:00:00Z,LTCUSDT,-0.00006464
2026-03-13T00:00:00Z,LTCUSDT,0.0001
2026-03-13T08:00:00Z,LTCUSDT,0.00004531
2026-03-13T16:00:00Z,LTCUSDT,0.00003239
2026-03-14T00:00:00Z,LTCUSDT,0.00003043
2026-03-14T08:00:00Z,LTCUSDT,-0.00001948
2026-03-14T16:00:00Z,LTCUSDT,-0.00010135
2026-03-15T00:00:00Z,LTCUSDT,0.00001541
2026-03-15T08:00:00Z,LTCUSDT,0.0001
2026-03-15T16:00:00Z,LTCUSDT,0.00000322
2026-03-16T00:00:00Z,LTCUSDT,-0.00003606
2026-03-16T08:00:00Z,LTCUSDT,0.00006913
2026-03-16T16:00:00Z,LTCUSDT,0.00009519
2026-03-17T00:00:00Z,LTCUSDT,0.00004299
2026-03-17T08:00:00Z,LTCUSDT,-0.00002291
2026-03-17T16:00:00Z,LTCUSDT,-0.00003434
2026-03-18T00:00:00Z,LTCUSDT,-0.00000751
2026-03-18T08:00:00Z,LTCUSDT,0.00001382
2026-03-18T16:00:00Z,LTCUSDT,0.00007191
2026-03-19T00:00:00Z,LTCUSDT,0.00008455
2026-03-19T08:00:00Z,LTCUSDT,0.00003796
2026-03-19T16:00:00Z,LTCUSDT,0.00008294
2026-03-20T00:00:00Z,LTCUSDT,0.00003704
2026-03-20T08:00:00Z,LTCUSDT,0.00003231
2026-03-20T16:00:00Z,LTCUSDT,0.000006
2026-03-21T00:00:00Z,LTCUSDT,-0.00000042
2026-03-21T08:00:00Z,LTCUSDT,0.00000448
2026-03-21T16:00:00Z,LTCUSDT,-0.00003137
2026-03-22T00:00:00Z,LTCUSDT,0.00001263
2026-03-22T08:00:00Z,LTCUSDT,0.0000373
2026-03-22T16:00:00Z,LTCUSDT,0.00004892
2026-03-23T00:00:00Z,LTCUSDT,0.00002066
2026-03-23T08:00:00Z,LTCUSDT,-0.0000048
2026-03-23T16:00:00Z,LTCUSDT,0.00002093
2026-03-24T00:00:00Z,LTCUSDT,0.0001
2026-03-24T08:00:00Z,LTCUSDT,0.00008162
2026-03-24T16:00:00Z,LTCUSDT,0.00003582
2026-03-25T00:00:00Z,LTCUSDT,-0.00003326
2026-03-25T08:00:00Z,LTCUSDT,-0.00000432
2026-03-25T16:00:00Z,LTCUSDT,0.0001
2026-03-26T00:00:00Z,LTCUSDT,0.00000923
2026-03-26T08:00:00Z,LTCUSDT,0.00000192
2026-03-26T16:00:00Z,LTCUSDT,-0.00001793
2026-03-27T00:00:00Z,LTCUSDT,0.00009499
2026-03-27T08:00:00Z,LTCUSDT,0.0001
2026-03-27T16:00:00Z,LTCUSDT,0.00002235
2026-03-28T00:00:00Z,LTCUSDT,-0.00002287
2026-03-28T08:00:00Z,LTCUSDT,-0.00004874
2026-03-28T16:00:00Z,LTCUSDT,0.00002341
2026-03-29T00:00:00Z,LTCUSDT,0.0001
2026-03-29T08:00:00Z,LTCUSDT,0.00004099
2026-03-29T16:00:00Z,LTCUSDT,-0.00002783
2026-03-30T00:00:00Z,LTCUSDT,0.00000716
2026-03-30T08:00:00Z,LTCUSDT,0.00005967
2026-03-30T16:00:00Z,LTCUSDT,0.00009478
2026-03-31T00:00:00Z,LTCUSDT,0.0001
2026-03-31T08:00:00Z,LTCUSDT,0.0001
2026-03-31T16:00:00Z,LTCUSDT,0.00007807
2026-04-01T00:00:00Z,LTCUSDT,0.0001
2026-04-01T08:00:00Z,LTCUSDT,0.00002571
2026-04-01T16:00:00Z,LTCUSDT,0.00002308
2026-04-02T00:00:00Z,LTCUSDT,0.00004303
2026-04-02T08:00:00Z,LTCUSDT,-0.00006992
2026-04-02T16:00:00Z,LTCUSDT,-0.00003789
2026-04-03T00:00:00Z,LTCUSDT,0.0000259
2026-04-03T08:00:00Z,LTCUSDT,0.00009839
2026-04-03T16:00:00Z,LTCUSDT,0.00007335
2026-04-04T00:00:00Z,LTCUSDT,0.0000207
2026-04-04T08:00:00Z,LTCUSDT,0.00003372
2026-04-04T16:00:00Z,LTCUSDT,0.0000408
2026-04-05T00:00:00Z,LTCUSDT,-0.000165
2026-04-05T08:00:00Z,LTCUSDT,-0.00006699
2026-04-05T16:00:00Z,LTCUSDT,0.00004405
2026-04-06T00:00:00Z,LTCUSDT,-0.00001382
2026-04-06T08:00:00Z,LTCUSDT,0.0001
2026-04-06T16:00:00Z,LTCUSDT,0.0001
2026-04-07T00:00:00Z,LTCUSDT,-0.00003843
2026-04-07T08:00:00Z,LTCUSDT,-0.00003055
2026-04-07T16:00:00Z,LTCUSDT,0.00001288
2026-04-08T00:00:00Z,LTCUSDT,0.0001
2026-04-08T08:00:00Z,LTCUSDT,0.0001
2026-04-08T16:00:00Z,LTCUSDT,-0.0000752
2026-04-09T00:00:00Z,LTCUSDT,0.00003799
2026-04-09T08:00:00Z,LTCUSDT,-0.00002438
2026-04-09T16:00:00Z,LTCUSDT,-0.00000305
2026-04-10T00:00:00Z,LTCUSDT,0.00006523
2026-04-10T08:00:00Z,LTCUSDT,-0.00001811
2026-04-10T16:00:00Z,LTCUSDT,0.00005412
2026-04-11T00:00:00Z,LTCUSDT,0.00008909
2026-04-11T08:00:00Z,LTCUSDT,-0.00009773
2026-04-11T16:00:00Z,LTCUSDT,-0.00004064
2026-04-12T00:00:00Z,LTCUSDT,0.0001
2026-04-12T08:00:00Z,LTCUSDT,0.00000805
2026-04-12T16:00:00Z,LTCUSDT,-0.0000312
2026-04-13T00:00:00Z,LTCUSDT,0.00002148
2026-04-13T08:00:00Z,LTCUSDT,0.00002729
2026-04-13T16:00:00Z,LTCUSDT,-0.0000628
2026-04-14T00:00:00Z,LTCUSDT,-0.00002519
2026-04-14T08:00:00Z,LTCUSDT,0.0001
2026-04-14T16:00:00Z,LTCUSDT,0.0001
2026-04-15T00:00:00Z,LTCUSDT,0.0001
2026-04-15T08:00:00Z,LTCUSDT,-0.00006658
2026-04-15T16:00:00Z,LTCUSDT,0.0001
2026-04-16T00:00:00Z,LTCUSDT,0.0001
2026-04-16T08:00:00Z,LTCUSDT,-0.00005213
2026-04-16T16:00:00Z,LTCUSDT,0.00006357
2026-04-17T00:00:00Z,LTCUSDT,0.00004879
2026-04-17T08:00:00Z,LTCUSDT,-0.00000965
2026-04-17T16:00:00Z,LTCUSDT,0.00005888
2026-04-18T00:00:00Z,LTCUSDT,-0.0000365
2026-04-18T08:00:00Z,LTCUSDT,-0.00006888
2026-04-18T16:00:00Z,LTCUSDT,-0.00001201
2026-04-19T00:00:00Z,LTCUSDT,0.00002466
2026-04-19T08:00:00Z,LTCUSDT,0.00001687
2026-04-19T16:00:00Z,LTCUSDT,0.00000574
2026-04-20T00:00:00Z,LTCUSDT,0.00007505
2026-04-20T08:00:00Z,LTCUSDT,0.0000855
2026-04-20T16:00:00Z,LTCUSDT,0.00007504
2026-04-21T00:00:00Z,LTCUSDT,0.00004437
2026-04-21T08:00:00Z,LTCUSDT,0.00001434
2026-04-21T16:00:00Z,LTCUSDT,-0.00002721
2026-04-22T00:00:00Z,LTCUSDT,0.00002939
2026-04-22T08:00:00Z,LTCUSDT,0.00006183
2026-04-22T16:00:00Z,LTCUSDT,0.00009403
2026-04-23T00:00:00Z,LTCUSDT,-0.00003148
2026-04-23T08:00:00Z,LTCUSDT,-0.00007863
2026-04-23T16:00:00Z,LTCUSDT,0.00001925
2026-04-24T00:00:00Z,LTCUSDT,0.00009082
2026-04-24T08:00:00Z,LTCUSDT,0.0001
2026-04-24T16:00:00Z,LTCUSDT,0.00001808
2026-04-25T00:00:00Z,LTCUSDT,0.00001649
2026-04-25T08:00:00Z,LTCUSDT,0.00003376
2026-04-25T16:00:00Z,LTCUSDT,-0.00005783
2026-04-26T00:00:00Z,LTCUSDT,0.00007791
2026-04-26T08:00:00Z,LTCUSDT,-0.0001135
2026-04-26T16:00:00Z,LTCUSDT,-0.00000071
2026-04-27T00:00:00Z,LTCUSDT,0.00007413
2026-04-27T08:00:00Z,LTCUSDT,-0.00005427
2026-04-27T16:00:00Z,LTCUSDT,-0.00006519
2026-04-28T00:00:00Z,LTCUSDT,-0.000066
2026-04-28T08:00:00Z,LTCUSDT,0.00007661
2026-04-28T16:00:00Z,LTCUSDT,0.00009004
2026-04-29T00:00:00Z,LTCUSDT,-0.00003742
2026-04-29T08:00:00Z,LTCUSDT,0.0001
2026-04-29T16:00:00Z,LTCUSDT,0.00002924
2026-04-30T00:00:00Z,LTCUSDT,-0.00004073
2026-04-30T08:00:00Z,LTCUSDT,0.00001594
2026-04-30T16:00:00Z,LTCUSDT,-0.00000661
2026-05-01T00:00:00Z,LTCUSDT,0.0001
2026-05-01T08:00:00Z,LTCUSDT,0.00004052
2026-05-01T16:00:00Z,LTCUSDT,0.00004657
2026-05-02T00:00:00Z,LTCUSDT,0.00009317
2026-05-02T08:00:00Z,LTCUSDT,0.00002905
2026-05-02T16:00:00Z,LTCUSDT,0.00002949
2026-05-03T00:00:00Z,LTCUSDT,0.00005677
2026-05-03T08:00:00Z,LTCUSDT,-0.00003845
2026-05-03T16:00:00Z,LTCUSDT,0.00007252
2026-05-04T00:00:00Z,LTCUSDT,0.00001645
2026-05-04T08:00:00Z,LTCUSDT,0.00006201
2026-05-04T16:00:00Z,LTCUSDT,-0.00009681
2026-05-05T00:00:00Z,LTCUSDT,-0.00000097
2026-05-05T08:00:00Z,LTCUSDT,-0.00001184
2026-05-05T16:00:00Z,LTCUSDT,0.0001
2026-05-06T00:00:00Z,LTCUSDT,0.0001
2026-05-06T08:00:00Z,LTCUSDT,0.00006423
2026-05-06T16:00:00Z,LTCUSDT,0.0000814
2026-05-07T00:00:00Z,LTCUSDT,0.00003032
2026-05-07T08:00:00Z,LTCUSDT,0.00000302
2026-05-07T16:00:00Z,LTCUSDT,0.00003631
2026-05-08T00:00:00Z,LTCUSDT,-0.00001954
2026-05-08T08:00:00Z,LTCUSDT,0.00004208
2026-05-08T16:00:00Z,LTCUSDT,0.0001
2026-05-09T00:00:00Z,LTCUSDT,0.0001
2026-05-09T08:00:00Z,LTCUSDT,0.0001
2026-05-09T16:00:00Z,LTCUSDT,0.0000034
2026-05-10T00:00:00Z,LTCUSDT,-0.00008712
2026-05-10T08:00:00Z,LTCUSDT,0.0001
2026-05-10T16:00:00Z,LTCUSDT,-0.00000302
2026-05-11T00:00:00Z,LTCUSDT,-0.00001802
2026-05-11T08:00:00Z,LTCUSDT,-0.0000011
2026-05-11T16:00:00Z,LTCUSDT,0.00005299
2026-05-12T00:00:00Z,LTCUSDT,0.00009974
2026-05-12T08:00:00Z,LTCUSDT,-0.0000887
2026-05-12T16:00:00Z,LTCUSDT,0.00009605
2026-05-13T00:00:00Z,LTCUSDT,0.0001
2026-05-13T08:00:00Z,LTCUSDT,0.0001
2026-05-13T16:00:00Z,LTCUSDT,0.00004896
2026-05-14T00:00:00Z,LTCUSDT,0.00004898
2026-05-14T08:00:00Z,LTCUSDT,0.00005573
2026-05-14T16:00:00Z,LTCUSDT,0.0001
2026-05-15T00:00:00Z,LTCUSDT,0.0001
2026-05-15T08:00:00Z,LTCUSDT,0.0000159
2026-05-15T16:00:00Z,LTCUSDT,-0.00011396
2026-05-16T00:00:00Z,LTCUSDT,0.00006478
2026-05-16T08:00:00Z,LTCUSDT,-0.00005409
2026-05-16T16:00:00Z,LTCUSDT,-0.00000637
2026-05-17T00:00:00Z,LTCUSDT,0.00008316
2026-05-17T08:00:00Z,LTCUSDT,0.00002418
2026-05-17T16:00:00Z,LTCUSDT,0.00005369
2026-05-18T00:00:00Z,LTCUSDT,-0.00001733
2026-05-18T08:00:00Z,LTCUSDT,0.0001
2026-05-18T16:00:00Z,LTCUSDT,-0.00000024
2026-05-19T00:00:00Z,LTCUSDT,0.00009589
2026-05-19T08:00:00Z,LTCUSDT,-0.00008611
2026-05-19T16:00:00Z,LTCUSDT,0.00004312
2026-05-20T00:00:00Z,LTCUSDT,0.0001
2026-05-20T08:00:00Z,LTCUSDT,0.00000161
2026-05-20T16:00:00Z,LTCUSDT,0.0001
2026-05-21T00:00:00Z,LTCUSDT,0.0001
2026-05-21T08:00:00Z,LTCUSDT,0.0001
2026-05-21T16:00:00Z,LTCUSDT,0.00001729
2026-05-22T00:00:00Z,LTCUSDT,0.0001
2026-05-22T08:00:00Z,LTCUSDT,0.0001
2026-05-22T16:00:00Z,LTCUSDT,0.00008395
2026-05-23T00:00:00Z,LTCUSDT,0.00003144
2026-05-23T08:00:00Z,LTCUSDT,0.00001442
2026-05-23T16:00:00Z,LTCUSDT,-0.0000035
2026-05-24T00:00:00Z,LTCUSDT,0.0001
2026-05-24T08:00:00Z,LTCUSDT,-0.0000543
2026-05-24T16:00:00Z,LTCUSDT,0.00003041
2026-05-25T00:00:00Z,LTCUSDT,0.00001113
2026-05-25T08:00:00Z,LTCUSDT,0.0001
2026-05-25T16:00:00Z,LTCUSDT,0.00007861
2026-05-26T00:00:00Z,LTCUSDT,-0.00004462
2026-05-26T08:00:00Z,LTCUSDT,0.00001482
2026-05-26T16:00:00Z,LTCUSDT,0.0001
2026-05-27T00:00:00Z,LTCUSDT,-0.00004943
2026-05-27T08:00:00Z,LTCUSDT,-0.00000483
2026-05-27T16:00:00Z,LTCUSDT,0.00008983
2026-05-28T00:00:00Z,LTCUSDT,0.00003531
2026-05-28T08:00:00Z,LTCUSDT,-0.00012818
2026-05-28T16:00:00Z,LTCUSDT,0.00004867
2026-05-29T00:00:00Z,LTCUSDT,0.0001
2026-05-29T08:00:00Z,LTCUSDT,0.0001
2026-05-29T16:00:00Z,LTCUSDT,0.0001
2026-05-30T00:00:00Z,LTCUSDT,0.0001
2026-05-30T08:00:00Z,LTCUSDT,0.00006165
2026-05-30T16:00:00Z,LTCUSDT,0.00009832
2026-05-31T00:00:00Z,LTCUSDT,-0.00008648
2026-05-31T08:00:00Z,LTCUSDT,-0.00007446
2026-05-31T16:00:00Z,LTCUSDT,-0.00002486
2026-06-01T00:00:00Z,LTCUSDT,0.0000865
2026-06-01T08:00:00Z,LTCUSDT,0.0001
2026-06-01T16:00:00Z,LTCUSDT,0.0001
2026-06-02T00:00:00Z,LTCUSDT,0.0001
2026-06-02T08:00:00Z,LTCUSDT,0.00003022
2026-06-02T16:00:00Z,LTCUSDT,-0.00003734
2026-06-03T00:00:00Z,LTCUSDT,0.0001
2026-06-03T08:00:00Z,LTCUSDT,0.0001
2026-06-03T16:00:00Z,LTCUSDT,-0.00006295
2026-06-04T00:00:00Z,LTCUSDT,0.00005418
2026-06-04T08:00:00Z,LTCUSDT,-0.00009514
2026-06-04T16:00:00Z,LTCUSDT,-0.00009986
2026-06-05T00:00:00Z,LTCUSDT,0.00002396
2026-06-05T08:00:00Z,LTCUSDT,-0.00001689
2026-06-05T16:00:00Z,LTCUSDT,0.00003754
2026-06-06T00:00:00Z,LTCUSDT,-0.00007862
2026-06-06T08:00:00Z,LTCUSDT,0.00000793
2026-06-06T16:00:00Z,LTCUSDT,0.00002875
2026-06-07T00:00:00Z,LTCUSDT,-0.00000381
2026-06-07T08:00:00Z,LTCUSDT,0.00000429
2026-06-07T16:00:00Z,LTCUSDT,-0.00017039
2026-06-08T00:00:00Z,LTCUSDT,-0.0000322
2026-06-08T08:00:00Z,LTCUSDT,-0.00000721
2026-06-08T16:00:00Z,LTCUSDT,0.00000393
2026-06-09T00:00:00Z,LTCUSDT,0.00004657
2026-06-09T08:00:00Z,LTCUSDT,-0.00008374
2026-06-09T16:00:00Z,LTCUSDT,-0.00004079
2026-06-10T00:00:00Z,LTCUSDT,0.0001
2026-06-10T08:00:00Z,LTCUSDT,0.00003404
2026-06-10T16:00:00Z,LTCUSDT,-0.00000751
2026-06-11T00:00:00Z,LTCUSDT,-0.00004901
2026-06-11T08:00:00Z,LTCUSDT,0.00003711
2026-06-11T16:00:00Z,LTCUSDT,0.0000692
2026-06-12T00:00:00Z,LTCUSDT,-0.00000585
2026-06-12T08:00:00Z,LTCUSDT,-0.0000866
2026-06-12T16:00:00Z,LTCUSDT,0.00006329
2026-06-13T00:00:00Z,LTCUSDT,0.00008327
2026-06-13T08:00:00Z,LTCUSDT,0.0001
2026-06-13T16:00:00Z,LTCUSDT,-0.00007626
2026-06-14T00:00:00Z,LTCUSDT,0.00002924
2026-06-14T08:00:00Z,LTCUSDT,-0.00005788
2026-06-14T16:00:00Z,LTCUSDT,-0.00009518
2026-06-15T00:00:00Z,LTCUSDT,0.0000093
2026-06-15T08:00:00Z,LTCUSDT,-0.00002614
2026-06-15T16:00:00Z,LTCUSDT,-0.00002246
2026-06-16T00:00:00Z,LTCUSDT,0.0001
2026-06-16T08:00:00Z,LTCUSDT,-0.0000016
2026-06-16T16:00:00Z,LTCUSDT,0.00002328
2026-06-17T00:00:00Z,LTCUSDT,0.00006831
2026-06-17T08:00:00Z,LTCUSDT,-0.00000645
2026-06-17T16:00:00Z,LTCUSDT,-0.00000194
2026-06-18T00:00:00Z,LTCUSDT,0.00004584
2026-06-18T08:00:00Z,LTCUSDT,-0.00003865
2026-06-18T16:00:00Z,LTCUSDT,0.00008107
2026-06-19T00:00:00Z,LTCUSDT,0.00008779
2026-06-19T08:00:00Z,LTCUSDT,-0.00005149
2026-06-19T16:00:00Z,LTCUSDT,0.00000329
2026-06-20T00:00:00Z,LTCUSDT,0.00006692
2026-06-20T08:00:00Z,LTCUSDT,0.00004362
2026-06-20T16:00:00Z,LTCUSDT,0.00001141
2026-06-21T00:00:00Z,LTCUSDT,0.00008353
2026-06-21T08:00:00Z,LTCUSDT,-0.00005413
2026-06-21T16:00:00Z,LTCUSDT,0.00007128
2026-06-22T00:00:00Z,LTCUSDT,0.0000896
2026-06-22T08:00:00Z,LTCUSDT,0.00003441
2026-06-22T16:00:00Z,LTCUSDT,0.00001636
2026-06-23T00:00:00Z,LTCUSDT,-0.0000936
2026-06-23T08:00:00Z,LTCUSDT,0.0000082
2026-06-23T16:00:00Z,LTCUSDT,-0.00000694
2026-06-24T00:00:00Z,LTCUSDT,-0.00005676
2026-06-24T08:00:00Z,LTCUSDT,-0.00003374
2026-06-24T16:00:00Z,LTCUSDT,0.00002485
2026-06-25T00:00:00Z,LTCUSDT,-0.00013104
2026-06-25T08:00:00Z,LTCUSDT,-0.00003122
2026-06-25T16:00:00Z,LTCUSDT,0.00001404
2026-06-26T00:00:00Z,LTCUSDT,0.00006367
2026-06-26T08:00:00Z,LTCUSDT,-0.00001023
2026-06-26T16:00:00Z,LTCUSDT,0.0001
2026-06-27T00:00:00Z,LTCUSDT,-0.00001714
2026-06-27T08:00:00Z,LTCUSDT,-0.00022285
2026-06-27T16:00:00Z,LTCUSDT,-0.00000141
2026-06-28T00:00:00Z,LTCUSDT,0.0001
2026-06-28T08:00:00Z,LTCUSDT,0.00004092
2026-06-28T16:00:00Z,LTCUSDT,-0.0000012
2026-06-29T00:00:00Z,LTCUSDT,-0.00001491
2026-06-29T08:00:00Z,LTCUSDT,0.00009856
2026-06-29T16:00:00Z,LTCUSDT,0.00006998
2026-06-30T00:00:00Z,LTCUSDT,0.0001
2026-06-30T08:00:00Z,LTCUSDT,-0.0000967
2026-06-30T16:00:00Z,LTCUSDT,0.0001
2026-07-01T00:00:00Z,LTCUSDT,0.00006106
2026-07-01T08:00:00Z,LTCUSDT,0.00004612
2026-07-01T16:00:00Z,LTCUSDT,0.0001
2026-07-02T00:00:00Z,LTCUSDT,0.0001
2026-07-02T08:00:00Z,LTCUSDT,0.00006061
2026-07-02T16:00:00Z,LTCUSDT,0.0001
2026-07-03T00:00:00Z,LTCUSDT,0.00009748
2026-07-03T08:00:00Z,LTCUSDT,0.00005279
2026-07-03T16:00:00Z,LTCUSDT,0.0001
2026-07-04T00:00:00Z,LTCUSDT,0.00006902
2026-07-04T08:00:00Z,LTCUSDT,0.00005139
2026-07-04T16:00:00Z,LTCUSDT,0.00008189
2026-07-05T00:00:00Z,LTCUSDT,0.00002444
2026-07-05T08:00:00Z,LTCUSDT,-0.00000531
2026-07-05T16:00:00Z,LTCUSDT,0.00003134
2026-07-06T00:00:00Z,LTCUSDT,0.00005516
2026-07-06T08:00:00Z,LTCUSDT,-0.00002305
2026-07-06T16:00:00Z,LTCUSDT,-0.00004102
2026-07-07T00:00:00Z,LTCUSDT,0.0001
2026-07-07T08:00:00Z,LTCUSDT,-0.00013169
2026-07-07T16:00:00Z,LTCUSDT,0.00003228
2026-07-08T00:00:00Z,LTCUSDT,-0.00006616
2026-07-08T08:00:00Z,LTCUSDT,0.00003862
2026-07-08T16:00:00Z,LTCUSDT,0.00007031
2026-07-09T00:00:00Z,LTCUSDT,0.0001
2026-07-09T08:00:00Z,LTCUSDT,0.0001
2026-07-09T16:00:00Z,LTCUSDT,0.0001
2026-07-10T00:00:00Z,LTCUSDT,0.0000399
2026-07-10T08:00:00Z,LTCUSDT,0.0001
2026-07-10T16:00:00Z,LTCUSDT,0.0001
2026-07-11T00:00:00Z,LTCUSDT,0.00009063
2026-07-11T08:00:00Z,LTCUSDT,0.0000684
2026-07-11T16:00:00Z,LTCUSDT,0.00007716
2026-07-12T00:00:00Z,LTCUSDT,0.00006973
2026-07-12T08:00:00Z,LTCUSDT,-0.00006837
2026-07-12T16:00:00Z,LTCUSDT,0.00004343
2026-07-13T00:00:00Z,LTCUSDT,-0.00008661
2026-07-13T08:00:00Z,LTCUSDT,0.00004763
2026-07-13T16:00:00Z,LTCUSDT,0.0001
2026-07-14T00:00:00Z,LTCUSDT,0.00000902
2026-07-14T08:00:00Z,LTCUSDT,0.00007254
2026-07-14T16:00:00Z,LTCUSDT,-0.00003637
2026-07-15T00:00:00Z,LTCUSDT,-0.00004738
2026-07-15T08:00:00Z,LTCUSDT,-0.00001332
2026-07-15T16:00:00Z,LTCUSDT,-0.00000828
2026-07-16T00:00:00Z,LTCUSDT,0.0000559
2026-07-16T08:00:00Z,LTCUSDT,-0.00006623
2026-07-16T16:00:00Z,LTCUSDT,0.00007778
2026-07-17T00:00:00Z,LTCUSDT,0.00007715
2026-07-17T08:00:00Z,LTCUSDT,-0.00007171
2026-07-17T16:00:00Z,LTCUSDT,0.00008432
2026-07-18T00:00:00Z,LTCUSDT,-0.0000095
2026-07-18T08:00:00Z,LTCUSDT,0.00001505
2026-07-18T16:00:00Z,LTCUSDT,0.00002391
2026-07-19T00:00:00Z,LTCUSDT,-0.0001107
2026-07-19T08:00:00Z,LTCUSDT,0.00002909
2026-07-19T16:00:00Z,LTCUSDT,0.00009674
2026-07-20T00:00:00Z,LTCUSDT,-0.00003574
2026-07-20T08:00:00Z,LTCUSDT,0.0000668
2026-07-20T16:00:00Z,LTCUSDT,0.0001
2026-07-21T00:00:00Z,LTCUSDT,0.00005746
2026-07-21T08:00:00Z,LTCUSDT,-0.0000517
2026-07-21T16:00:00Z,LTCUSDT,-0.00000843
2026-07-22T00:00:00Z,LTCUSDT,-0.00013688
2026-07-22T08:00:00Z,LTCUSDT,0.00001843
2026-07-22T16:00:00Z,LTCUSDT,0.00007123
2026-07-23T00:00:00Z,LTCUSDT,0.00004845
2026-07-23T08:00:00Z,LTCUSDT,-0.00003396
2026-07-23T16:00:00Z,LTCUSDT,-0.00005517
2026-07-24T00:00:00Z,LTCUSDT,0.00004499
2026-07-24T08:00:00Z,LTCUSDT,0.00001538
2026-07-24T16:00:00Z,LTCUSDT,0.0001
2026-07-25T00:00:00Z,LTCUSDT,0.00008762
2026-07-25T08:00:00Z,LTCUSDT,0.00005701
2026-07-25T16:00:00Z,LTCUSDT,0.00005875
2026-07-26T00:00:00Z,LTCUSDT,0.00005068
2026-07-26T08:00:00Z,LTCUSDT,0.00002545
2026-07-26T16:00:00Z,LTCUSDT,0.00000727
2026-07-27T00:00:00Z,LTCUSDT,0.00000541
2026-07-27T08:00:00Z,LTCUSDT,0.00006362
2026-07-27T16:00:00Z,LTCUSDT,-0.00002161
2026-07-28T00:00:00Z,LTCUSDT,-0.00011306
2026-07-28T08:00:00Z,LTCUSDT,0.00005905
2026-07-28T16:00:00Z,LTCUSDT,0.00001868
2026-07-29T00:00:00Z,LTCUSDT,0.0001
2026-07-29T08:00:00Z,LTCUSDT,0.0001
2026-07-29T16:00:00Z,LTCUSDT,0.00005373
2026-07-30T00:00:00Z,LTCUSDT,0.0001
2026-07-30T08:00:00Z,LTCUSDT,0.00003809
2026-07-30T16:00:00Z,LTCUSDT,-0.00006302
2026-07-31T00:00:00Z,LTCUSDT,0.00002826
2026-07-31T08:00:00Z,LTCUSDT,0.00005786
2026-07-31T16:00:00Z,LTCUSDT,-0.00012581
2026-08-01T00:00:00Z,LTCUSDT,0.00001859
2026-08-01T08:00:00Z,LTCUSDT,-0.0000124
2026-08-01T16:00:00Z,LTCUSDT,0.00004617
2026-08-02T00:00:00Z,LTCUSDT,0.00007392
2026-08-02T08:00:00Z,LTCUSDT,0.00008619
2026-08-02T16:00:00Z,LTCUSDT,0.00006955
2026-08-03T00:00:00Z,LTCUSDT,0.00003913
2026-08-03T08:00:00Z,LTCUSDT,-0.00004345
2026-08-03T16:00:00Z,LTCUSDT,0.0001
2026-08-04T00:00:00Z,LTCUSDT,0.00000762
2026-08-04T08:00:00Z,LTCUSDT,-0.00000786
2026-08-04T16:00:00Z,LTCUSDT,-0.00003704
2026-08-05T00:00:00Z,LTCUSDT,-0.00009219
2026-08-05T08:00:00Z,LTCUSDT,0.00001309
2026-08-05T16:00:00Z,LTCUSDT,0.0001
2026-08-06T00:00:00Z,LTCUSDT,0.00002517
2026-08-06T08:00:00Z,LTCUSDT,0.00005206
2026-08-06T16:00:00Z,LTCUSDT,0.00007074
2026-08-07T00:00:00Z,LTCUSDT,0.00002137
2026-08-07T08:00:00Z,LTCUSDT,0.00007796
2026-08-07T16:00:00Z,LTCUSDT,0.00001615
2026-08-08T00:00:00Z,LTCUSDT,-0.00004896
2026-08-08T08:00:00Z,LTCUSDT,-0.00018028
2026-08-08T16:00:00Z,LTCUSDT,-0.00002872
2026-08-09T00:00:00Z,LTCUSDT,0.00002423
2026-08-09T08:00:00Z,LTCUSDT,0.00006061
2026-08-09T16:00:00Z,LTCUSDT,-0.00009265
2026-08-10T00:00:00Z,LTCUSDT,0.00002276
2026-08-10T08:00:00Z,LTCUSDT,0.00005929
2026-08-10T16:00:00Z,LTCUSDT,0.00008609
2026-08-11T00:00:00Z,LTCUSDT,0.00007664
2026-08-11T08:00:00Z,LTCUSDT,-0.00004015
2026-08-11T16:00:00Z,LTCUSDT,-0.00002948
2026-08-12T00:00:00Z,LTCUSDT,0.00007219
2026-08-12T08:00:00Z,LTCUSDT,0.0001
2026-08-12T16:00:00Z,LTCUSDT,0.0000072
2026-08-13T00:00:00Z,LTCUSDT,0.00001027
2026-08-13T08:00:00Z,LTCUSDT,-0.0001213
2026-08-13T16:00:00Z,LTCUSDT,0.00002358
2026-08-14T00:00:00Z,LTCUSDT,0.0001
2026-08-14T08:00:00Z,LTCUSDT,0.00003082
2026-08-14T16:00:00Z,LTCUSDT,-0.00014722
2026-08-15T00:00:00Z,LTCUSDT,-0.00016418
2026-08-15T08:00:00Z,LTCUSDT,-0.00007186
2026-08-15T16:00:00Z,LTCUSDT,0.00004116
2026-08-16T00:00:00Z,LTCUSDT,-0.00002828
2026-08-16T08:00:00Z,LTCUSDT,-0.00005977
2026-08-16T16:00:00Z,LTCUSDT,0.00001532
2026-08-17T00:00:00Z,LTCUSDT,0.00005498
2026-08-17T08:00:00Z,LTCUSDT,0.00004383
2026-08-17T16:00:00Z,LTCUSDT,0.0001
2026-08-18T00:00:00Z,LTCUSDT,0.00004061
2026-08-18T08:00:00Z,LTCUSDT,0.0001
2026-08-18T16:00:00Z,LTCUSDT,0.00002898
2026-08-19T00:00:00Z,LTCUSDT,0.0001
2026-08-19T08:00:00Z,LTCUSDT,0.00000108
2026-08-19T16:00:00Z,LTCUSDT,0.0001
2026-08-20T00:00:00Z,LTCUSDT,0.0001
2026-08-20T08:00:00Z,LTCUSDT,0.00001223
2026-08-20T16:00:00Z,LTCUSDT,0.0001
2026-08-21T00:00:00Z,LTCUSDT,0.0001
2026-08-21T08:00:00Z,LTCUSDT,0.00002843
2026-08-21T16:00:00Z,LTCUSDT,0.0001
2026-08-22T00:00:00Z,LTCUSDT,0.0001
2026-08-22T08:00:00Z,LTCUSDT,0.0001
2026-08-22T16:00:00Z,LTCUSDT,0.0001
2026-08-23T00:00:00Z,LTCUSDT,0.0001
2026-08-23T08:00:00Z,LTCUSDT,0.0001
2026-08-23T16:00:00Z,LTCUSDT,0.0001
2026-08-24T00:00:00Z,LTCUSDT,0.0001
2026-08-24T08:00:00Z,LTCUSDT,0.0001
2026-08-24T16:00:00Z,LTCUSDT,0.0001
2026-08-25T00:00:00Z,LTCUSDT,-0.00000663
2026-08-25T08:00:00Z,LTCUSDT,-0.00001988
2026-08-25T16:00:00Z,LTCUSDT,0.00005134
2026-08-26T00:00:00Z,LTCUSDT,0.00006132
2026-08-26T08:00:00Z,LTCUSDT,0.00000401
2026-08-26T16:00:00Z,LTCUSDT,0.00006449
2026-08-27T00:00:00Z,LTCUSDT,0.0001
2026-08-27T08:00:00Z,LTCUSDT,0.00008942
2026-08-27T16:00:00Z,LTCUSDT,-0.00000486
2026-08-28T00:00:00Z,LTCUSDT,0.00002523
2026-08-28T08:00:00Z,LTCUSDT,0.00006398
2026-08-28T16:00:00Z,LTCUSDT,0.0001
2026-08-29T00:00:00Z,LTCUSDT,0.0001
2026-08-29T08:00:00Z,LTCUSDT,0.00009859
2026-08-29T16:00:00Z,LTCUSDT,0.00002382
2026-08-30T00:00:00Z,LTCUSDT,0.00003964
2026-08-30T08:00:00Z,LTCUSDT,0.00007864
2026-08-30T16:00:00Z,LTCUSDT,0.00007013
2026-08-31T00:00:00Z,LTCUSDT,0.00003649
2026-08-31T08:00:00Z,LTCUSDT,0.00008827
2026-08-31T16:00:00Z,LTCUSDT,0.00005248
2026-09-01T00:00:00Z,LTCUSDT,0.0000841
2026-09-01T08:00:00Z,LTCUSDT,0.00002863
2026-09-01T16:00:00Z,LTCUSDT,-0.00002422
2026-09-02T00:00:00Z,LTCUSDT,0.00005885
2026-09-02T08:00:00Z,LTCUSDT,0.00005324
2026-09-02T16:00:00Z,LTCUSDT,0.00000607
2026-09-03T00:00:00Z,LTCUSDT,0.00007773
2026-09-03T08:00:00Z,LTCUSDT,-0.0000336
2026-09-03T16:00:00Z,LTCUSDT,0.0000329
2026-09-04T00:00:00Z,LTCUSDT,0.0001
2026-09-04T08:00:00Z,LTCUSDT,-0.00002842
2026-09-04T16:00:00Z,LTCUSDT,-0.00000013
2026-09-05T00:00:00Z,LTCUSDT,0.00000638
2026-09-05T08:00:00Z,LTCUSDT,0.00009329
2026-09-05T16:00:00Z,LTCUSDT,0.0001
2026-09-06T00:00:00Z,LTCUSDT,-0.00000087
2026-09-06T08:00:00Z,LTCUSDT,0.000058
2026-09-06T16:00:00Z,LTCUSDT,0.0001
2026-09-07T00:00:00Z,LTCUSDT,-0.00002986
2026-09-07T08:00:00Z,LTCUSDT,0.0000131
2026-09-07T16:00:00Z,LTCUSDT,0.0001
2026-09-08T00:00:00Z,LTCUSDT,-0.00000393
2026-09-08T08:00:00Z,LTCUSDT,0.00003439
2026-09-08T16:00:00Z,LTCUSDT,0.00006534
2026-09-09T00:00:00Z,LTCUSDT,0.00006829
2026-09-09T08:00:00Z,LTCUSDT,0.00005607
2026-09-09T16:00:00Z,LTCUSDT,0.00008052
2026-09-10T00:00:00Z,LTCUSDT,0.00005762
2026-09-10T08:00:00Z,LTCUSDT,0.00009148
2026-09-10T16:00:00Z,LTCUSDT,0.0001
2026-09-11T00:00:00Z,LTCUSDT,0.00006089
2026-09-11T08:00:00Z,LTCUSDT,-0.00001898
2026-09-11T16:00:00Z,LTCUSDT,0.00006902
2026-09-12T00:00:00Z,LTCUSDT,0.0000676
2026-09-12T08:00:00Z,LTCUSDT,0.00001524
2026-09-12T16:00:00Z,LTCUSDT,-0.00009457
2026-09-13T00:00:00Z,LTCUSDT,-0.0000538
2026-09-13T08:00:00Z,LTCUSDT,-0.00004138
2026-09-13T16:00:00Z,LTCUSDT,0.00004734
2026-09-14T00:00:00Z,LTCUSDT,0.00004563
2026-09-14T08:00:00Z,LTCUSDT,0.00005391
2026-09-14T16:00:00Z,LTCUSDT,0.00000813
2026-09-15T00:00:00Z,LTCUSDT,0.0001
2026-09-15T08:00:00Z,LTCUSDT,0.0001
2026-09-15T16:00:00Z,LTCUSDT,0.0001
2026-09-16T00:00:00Z,LTCUSDT,0.0001
2026-09-16T08:00:00Z,LTCUSDT,-0.00006021
2026-09-16T16:00:00Z,LTCUSDT,0.0001
2026-09-17T00:00:00Z,LTCUSDT,0.0001
2026-09-17T08:00:00Z,LTCUSDT,-0.00003371
2026-09-17T16:00:00Z,LTCUSDT,-0.00008309
2026-09-18T00:00:00Z,LTCUSDT,0.0001
2026-09-18T08:00:00Z,LTCUSDT,-0.00004001
2026-09-18T16:00:00Z,LTCUSDT,0.0001
2026-09-19T00:00:00Z,LTCUSDT,0.0001
2026-09-19T08:00:00Z,LTCUSDT,0.0001
2026-09-19T16:00:00Z,LTCUSDT,0.0001
2026-09-20T00:00:00Z,LTCUSDT,0.0001
2026-09-20T08:00:00Z,LTCUSDT,0.0001
2026-09-20T16:00:00Z,LTCUSDT,0.0001
2026-09-21T00:00:00Z,LTCUSDT,0.00005591
2026-09-21T08:00:00Z,LTCUSDT,0.00001519
2026-09-21T16:00:00Z,LTCUSDT,0.0000162
2026-09-22T00:00:00Z,LTCUSDT,0.0001
2026-09-22T08:00:00Z,LTCUSDT,0.0001
2026-09-22T16:00:00Z,LTCUSDT,0.0001
2026-09-23T00:00:00Z,LTCUSDT,0.0001
2026-09-23T08:00:00Z,LTCUSDT,0.0001
2026-09-23T16:00:00Z,LTCUSDT,-0.00005191
2026-09-24T00:00:00Z,LTCUSDT,-0.00013137
2026-09-24T08:00:00Z,LTCUSDT,0.0001
2026-09-24T16:00:00Z,LTCUSDT,-0.00009839
2026-09-25T00:00:00Z,LTCUSDT,0.0001
2026-09-25T08:00:00Z,LTCUSDT,-0.00000304
2026-09-25T16:00:00Z,LTCUSDT,0.00007376
2026-09-26T00:00:00Z,LTCUSDT,0.0001
2026-09-26T08:00:00Z,LTCUSDT,0.0000834
2026-09-26T16:00:00Z,LTCUSDT,0.0000613
2026-09-27T00:00:00Z,LTCUSDT,0.0001
2026-09-27T08:00:00Z,LTCUSDT,0.00005625
2026-09-27T16:00:00Z,LTCUSDT,0.0000969
2026-09-28T00:00:00Z,LTCUSDT,0.0001
2026-09-28T08:00:00Z,LTCUSDT,-0.0001305
2026-09-28T16:00:00Z,LTCUSDT,0.0001
2026-09-29T00:00:00Z,LTCUSDT,0.0001
2026-09-29T08:00:00Z,LTCUSDT,0.00008214
2026-09-29T16:00:00Z,LTCUSDT,0.0001
2026-09-30T00:00:00Z,LTCUSDT,0.0001
2026-09-30T08:00:00Z,LTCUSDT,0.00004922
2026-09-30T16:00:00Z,LTCUSDT,0.00006195
2026-10-01T00:00:00Z,LTCUSDT,0.0001
2026-10-01T08:00:00Z,LTCUSDT,0.0001
2026-10-01T16:00:00Z,LTCUSDT,0.00000133
2026-10-02T00:00:00Z,LTCUSDT,-0.00003721
2026-10-02T08:00:00Z,LTCUSDT,0.0001
2026-10-02T16:00:00Z,LTCUSDT,0.0001
2026-10-03T00:00:00Z,LTCUSDT,0.00003808
2026-10-03T08:00:00Z,LTCUSDT,0.00002077
2026-10-03T16:00:00Z,LTCUSDT,0.0001
2026-10-04T00:00:00Z,LTCUSDT,0.0001
2026-10-04T08:00:00Z,LTCUSDT,0.0001
2026-10-04T16:00:00Z,LTCUSDT,0.00007585
2026-10-05T00:00:00Z,LTCUSDT,0.00000777
2026-10-05T08:00:00Z,LTCUSDT,0.00002937
2026-10-05T16:00:00Z,LTCUSDT,0.00006476
2026-10-06T00:00:00Z,LTCUSDT,0.00006477
2026-10-06T08:00:00Z,LTCUSDT,-0.00001961
2026-10-06T16:00:00Z,LTCUSDT,0.00004575
2026-10-07T00:00:00Z,LTCUSDT,0.00005787
2026-10-07T08:00:00Z,LTCUSDT,-0.00001327
2026-10-07T16:00:00Z,LTCUSDT,0.00005609
2026-10-08T00:00:00Z,LTCUSDT,0.00005358
2026-10-08T08:00:00Z,LTCUSDT,0.00005341
2026-10-08T16:00:00Z,LTCUSDT,0.0001
2026-10-09T00:00:00Z,LTCUSDT,-0.00002452
