timestamp,symbol,funding_rate
2023-10-09T00:00:00Z,NEARUSDT,0.00008089
2023-10-09T08:00:00Z,NEARUSDT,0.0001
2023-10-09T16:00:00Z,NEARUSDT,0.00000601
2023-10-10T00:00:00Z,NEARUSDT,-0.00017612
2023-10-10T08:00:00Z,NEARUSDT,-0.00032815
2023-10-10T16:00:00Z,NEARUSDT,-0.00003707
2023-10-11T00:00:00Z,NEARUSDT,0.0001
2023-10-11T08:00:00Z,NEARUSDT,0.0001
2023-10-11T16:00:00Z,NEARUSDT,0.0001
2023-10-12T00:00:00Z,NEARUSDT,0.0001
2023-10-12T08:00:00Z,NEARUSDT,0.0001
2023-10-12T16:00:00Z,NEARUSDT,0.0001
2023-10-13T00:00:00Z,NEARUSDT,0.0001
2023-10-13T08:00:00Z,NEARUSDT,0.0001
2023-10-13T16:00:00Z,NEARUSDT,0.0001
2023-10-14T00:00:00Z,NEARUSDT,0.0001
2023-10-14T08:00:00Z,NEARUSDT,0.0001
2023-10-14T16:00:00Z,NEARUSDT,0.0001
2023-10-15T00:00:00Z,NEARUSDT,0.0001
2023-10-15T08:00:00Z,NEARUSDT,0.0001
2023-10-15T16:00:00Z,NEARUSDT,0.0001
2023-10-16T00:00:00Z,NEARUSDT,0.0001
2023-10-16T08:00:00Z,NEARUSDT,0.0001
2023-10-16T16:00:00Z,NEARUSDT,0.0001
2023-10-17T00:00:00Z,NEARUSDT,0.0001
2023-10-17T08:00:00Z,NEARUSDT,0.0001
2023-10-17T16:00:00Z,NEARUSDT,0.0001
2023-10-18T00:00:00Z,NEARUSDT,0.0001
2023-10-18T08:00:00Z,NEARUSDT,0.0001
2023-10-18T16:00:00Z,NEARUSDT,0.0001
2023-10-19T00:00:00Z,NEARUSDT,0.0001
2023-10-19T08:00:00Z,NEARUSDT,0.0001
2023-10-19T16:00:00Z,NEARUSDT,0.0001
2023-10-20T00:00:00Z,NEARUSDT,0.0001
2023-10-20T08:00:00Z,NEARUSDT,0.0001
2023-10-20T16:00:00Z,NEARUSDT,0.0001
2023-10-21T00:00:00Z,NEARUSDT,0.0001
2023-10-21T08:00:00Z,NEARUSDT,0.0001
2023-10-21T16:00:00Z,NEARUSDT,0.0001
2023-10-22T00:00:00Z,NEARUSDT,0.0001
2023-10-22T08:00:00Z,NEARUSDT,0.0001
2023-10-22T16:00:00Z,NEARUSDT,0.0001
2023-10-23T00:00:00Z,NEARUSDT,0.0001
2023-10-23T08:00:00Z,NEARUSDT,0.00009434
2023-10-23T16:00:00Z,NEARUSDT,0.0001
2023-10-24T00:00:00Z,NEARUSDT,0.0001
2023-10-24T08:00:00Z,NEARUSDT,0.0001
2023-10-24T16:00:00Z,NEARUSDT,0.0001
2023-10-25T00:00:00Z,NEARUSDT,0.0001
2023-10-25T08:00:00Z,NEARUSDT,0.0001
2023-10-25T16:00:00Z,NEARUSDT,0.0001
2023-10-26T00:00:00Z,NEARUSDT,0.0001
2023-10-26T08:00:00Z,NEARUSDT,0.0001
2023-10-26T16:00:00Z,NEARUSDT,0.0001
2023-10-27T00:00:00Z,NEARUSDT,0.0001
2023-10-27T08:00:00Z,NEARUSDT,0.0001
2023-10-27T16:00:00Z,NEARUSDT,0.0001
2023-10-28T00:00:00Z,NEARUSDT,0.0001
2023-10-28T08:00:00Z,NEARUSDT,0.0001
2023-10-28T16:00:00Z,NEARUSDT,0.0001
2023-10-29T00:00:00Z,NEARUSDT,0.0001
2023-10-29T08:00:00Z,NEARUSDT,0.0001
2023-10-29T16:00:00Z,NEARUSDT,0.0001
2023-10-30T00:00:00Z,NEARUSDT,0.0001
2023-10-30T08:00:00Z,NEARUSDT,0.0001
2023-10-30T16:00:00Z,NEARUSDT,0.00016998
2023-10-31T00:00:00Z,NEARUSDT,0.0001
2023-10-31T08:00:00Z,NEARUSDT,0.00025168
2023-10-31T16:00:00Z,NEARUSDT,0.0001
2023-11-01T00:00:00Z,NEARUSDT,0.0001
2023-11-01T08:00:00Z,NEARUSDT,0.0001
2023-11-01T16:00:00Z,NEARUSDT,0.0001
2023-11-02T00:00:00Z,NEARUSDT,0.0001
2023-11-02T08:00:00Z,NEARUSDT,0.00030439
2023-11-02T16:00:00Z,NEARUSDT,0.0001
2023-11-03T00:00:00Z,NEARUSDT,0.0001
2023-11-03T08:00:00Z,NEARUSDT,0.0001
2023-11-03T16:00:00Z,NEARUSDT,0.0001
2023-11-04T00:00:00Z,NEARUSDT,0.0001
2023-11-04T08:00:00Z,NEARUSDT,0.0001
2023-11-04T16:00:00Z,NEARUSDT,0.0001
2023-11-05T00:00:00Z,NEARUSDT,0.0001
2023-11-05T08:00:00Z,NEARUSDT,0.0001
2023-11-05T16:00:00Z,NEARUSDT,0.0001
2023-11-06T00:00:00Z,NEARUSDT,0.0001
2023-11-06T08:00:00Z,NEARUSDT,0.0001
2023-11-06T16:00:00Z,NEARUSDT,0.0001
2023-11-07T00:00:00Z,NEARUSDT,0.00032471
2023-11-07T08:00:00Z,NEARUSDT,0.00044866
2023-11-07T16:00:00Z,NEARUSDT,0.000236
2023-11-08T00:00:00Z,NEARUSDT,0.0001
2023-11-08T08:00:00Z,NEARUSDT,0.0001
2023-11-08T16:00:00Z,NEARUSDT,0.0001
2023-11-09T00:00:00Z,NEARUSDT,0.0001
2023-11-09T08:00:00Z,NEARUSDT,0.0001
2023-11-09T16:00:00Z,NEARUSDT,0.00041798
2023-11-10T00:00:00Z,NEARUSDT,0.0001
2023-11-10T08:00:00Z,NEARUSDT,0.0001
2023-11-10T16:00:00Z,NEARUSDT,0.0001
2023-11-11T00:00:00Z,NEARUSDT,0.00017717
2023-11-11T08:00:00Z,NEARUSDT,0.00016038
2023-11-11T16:00:00Z,NEARUSDT,0.00077508
2023-11-12T00:00:00Z,NEARUSDT,0.00050084
2023-11-12T08:00:00Z,NEARUSDT,0.00036697
2023-11-12T16:00:00Z,NEARUSDT,0.00040762
2023-11-13T00:00:00Z,NEARUSDT,0.00023649
2023-11-13T08:00:00Z,NEARUSDT,0.00024166
2023-11-13T16:00:00Z,NEARUSDT,0.00023221
2023-11-14T00:00:00Z,NEARUSDT,0.0001
2023-11-14T08:00:00Z,NEARUSDT,0.0001
2023-11-14T16:00:00Z,NEARUSDT,0.0001
2023-11-15T00:00:00Z,NEARUSDT,0.0001
2023-11-15T08:00:00Z,NEARUSDT,0.0001
2023-11-15T16:00:00Z,NEARUSDT,0.00019202
2023-11-16T00:00:00Z,NEARUSDT,0.00014337
2023-11-16T08:00:00Z,NEARUSDT,0.00026834
2023-11-16T16:00:00Z,NEARUSDT,0.00038631
2023-11-17T00:00:00Z,NEARUSDT,0.0001
2023-11-17T08:00:00Z,NEARUSDT,0.0001
2023-11-17T16:00:00Z,NEARUSDT,0.0001
2023-11-18T00:00:00Z,NEARUSDT,0.0001
2023-11-18T08:00:00Z,NEARUSDT,0.0001
2023-11-18T16:00:00Z,NEARUSDT,0.0001
2023-11-19T00:00:00Z,NEARUSDT,0.0001
2023-11-19T08:00:00Z,NEARUSDT,0.0001
2023-11-19T16:00:00Z,NEARUSDT,0.0001
2023-11-20T00:00:00Z,NEARUSDT,0.0001
2023-11-20T08:00:00Z,NEARUSDT,0.0001
2023-11-20T16:00:00Z,NEARUSDT,0.0001
2023-11-21T00:00:00Z,NEARUSDT,0.0001
2023-11-21T08:00:00Z,NEARUSDT,0.0001
2023-11-21T16:00:00Z,NEARUSDT,0.0001
2023-11-22T00:00:00Z,NEARUSDT,0.0001
2023-11-22T08:00:00Z,NEARUSDT,0.0001
2023-11-22T16:00:00Z,NEARUSDT,0.0001
2023-11-23T00:00:00Z,NEARUSDT,0.0001
2023-11-23T08:00:00Z,NEARUSDT,0.0001
2023-11-23T16:00:00Z,NEARUSDT,0.0001
2023-11-24T00:00:00Z,NEARUSDT,0.0001
2023-11-24T08:00:00Z,NEARUSDT,0.0001
2023-11-24T16:00:00Z,NEARUSDT,0.0001
2023-11-25T00:00:00Z,NEARUSDT,0.0001
2023-11-25T08:00:00Z,NEARUSDT,0.0001
2023-11-25T16:00:00Z,NEARUSDT,0.0001
2023-11-26T00:00:00Z,NEARUSDT,0.0001
2023-11-26T08:00:00Z,NEARUSDT,0.0001
2023-11-26T16:00:00Z,NEARUSDT,0.0001
2023-11-27T00:00:00Z,NEARUSDT,0.0001
2023-11-27T08:00:00Z,NEARUSDT,0.0001
2023-11-27T16:00:00Z,NEARUSDT,0.0001
2023-11-28T00:00:00Z,NEARUSDT,0.0001
2023-11-28T08:00:00Z,NEARUSDT,0.0001
2023-11-28T16:00:00Z,NEARUSDT,0.0001
2023-11-29T00:00:00Z,NEARUSDT,0.0001
2023-11-29T08:00:00Z,NEARUSDT,0.0001
2023-11-29T16:00:00Z,NEARUSDT,0.0001
2023-11-30T00:00:00Z,NEARUSDT,0.0001
2023-11-30T08:00:00Z,NEARUSDT,0.0001
2023-11-30T16:00:00Z,NEARUSDT,0.0001
2023-12-01T00:00:00Z,NEARUSDT,0.0001
2023-12-01T08:00:00Z,NEARUSDT,0.0001
2023-12-01T16:00:00Z,NEARUSDT,0.0001
2023-12-02T00:00:00Z,NEARUSDT,0.0001
2023-12-02T08:00:00Z,NEARUSDT,0.0001
2023-12-02T16:00:00Z,NEARUSDT,0.0001
2023-12-03T00:00:00Z,NEARUSDT,0.0001
2023-12-03T08:00:00Z,NEARUSDT,0.0001
2023-12-03T16:00:00Z,NEARUSDT,0.0001
2023-12-04T00:00:00Z,NEARUSDT,0.0001
2023-12-04T08:00:00Z,NEARUSDT,0.0001
2023-12-04T16:00:00Z,NEARUSDT,0.0001
2023-12-05T00:00:00Z,NEARUSDT,0.0001
2023-12-05T08:00:00Z,NEARUSDT,0.00011699
2023-12-05T16:00:00Z,NEARUSDT,0.0001
2023-12-06T00:00:00Z,NEARUSDT,0.0001
2023-12-06T08:00:00Z,NEARUSDT,0.0001
2023-12-06T16:00:00Z,NEARUSDT,0.0001
2023-12-07T00:00:00Z,NEARUSDT,0.0001
2023-12-07T08:00:00Z,NEARUSDT,0.0001
2023-12-07T16:00:00Z,NEARUSDT,0.0001
2023-12-08T00:00:00Z,NEARUSDT,0.00016964
2023-12-08T08:00:00Z,NEARUSDT,0.00038091
2023-12-08T16:00:00Z,NEARUSDT,0.00026233
2023-12-09T00:00:00Z,NEARUSDT,0.00025891
2023-12-09T08:00:00Z,NEARUSDT,0.00041867
2023-12-09T16:00:00Z,NEARUSDT,0.0006086
2023-12-10T00:00:00Z,NEARUSDT,0.00030507
2023-12-10T08:00:00Z,NEARUSDT,0.0001
2023-12-10T16:00:00Z,NEARUSDT,0.00011287
2023-12-11T00:00:00Z,NEARUSDT,0.00027718
2023-12-11T08:00:00Z,NEARUSDT,0.0001
2023-12-11T16:00:00Z,NEARUSDT,0.0001
2023-12-12T00:00:00Z,NEARUSDT,0.0001
2023-12-12T08:00:00Z,NEARUSDT,0.0001
2023-12-12T16:00:00Z,NEARUSDT,0.0001252
2023-12-13T00:00:00Z,NEARUSDT,0.0001
2023-12-13T08:00:00Z,NEARUSDT,0.0001
2023-12-13T16:00:00Z,NEARUSDT,0.0001
2023-12-14T00:00:00Z,NEARUSDT,0.0001
2023-12-14T08:00:00Z,NEARUSDT,0.00016569
2023-12-14T16:00:00Z,NEARUSDT,0.00022028
2023-12-15T00:00:00Z,NEARUSDT,0.00016768
2023-12-15T08:00:00Z,NEARUSDT,0.00027604
2023-12-15T16:00:00Z,NEARUSDT,0.00041648
2023-12-16T00:00:00Z,NEARUSDT,0.00022254
2023-12-16T08:00:00Z,NEARUSDT,0.00016969
2023-12-16T16:00:00Z,NEARUSDT,0.00023376
2023-12-17T00:00:00Z,NEARUSDT,0.0003392
2023-12-17T08:00:00Z,NEARUSDT,0.0002737
2023-12-17T16:00:00Z,NEARUSDT,0.00019095
2023-12-18T00:00:00Z,NEARUSDT,0.00014928
2023-12-18T08:00:00Z,NEARUSDT,0.00011464
2023-12-18T16:00:00Z,NEARUSDT,0.0001
2023-12-19T00:00:00Z,NEARUSDT,0.0001
2023-12-19T08:00:00Z,NEARUSDT,0.0001
2023-12-19T16:00:00Z,NEARUSDT,0.0001
2023-12-20T00:00:00Z,NEARUSDT,0.0001
2023-12-20T08:00:00Z,NEARUSDT,0.0001
2023-12-20T16:00:00Z,NEARUSDT,0.00015125
2023-12-21T00:00:00Z,NEARUSDT,0.0001
2023-12-21T08:00:00Z,NEARUSDT,0.0001
2023-12-21T16:00:00Z,NEARUSDT,0.00019413
2023-12-22T00:00:00Z,NEARUSDT,0.00025453
2023-12-22T08:00:00Z,NEARUSDT,0.00020195
2023-12-22T16:00:00Z,NEARUSDT,0.0003124
2023-12-23T00:00:00Z,NEARUSDT,0.00061127
2023-12-23T08:00:00Z,NEARUSDT,0.00013584
2023-12-23T16:00:00Z,NEARUSDT,0.00039149
2023-12-24T00:00:00Z,NEARUSDT,0.00028409
2023-12-24T08:00:00Z,NEARUSDT,0.0001
2023-12-24T16:00:00Z,NEARUSDT,0.00025161
2023-12-25T00:00:00Z,NEARUSDT,0.0001
2023-12-25T08:00:00Z,NEARUSDT,0.00022183
2023-12-25T16:00:00Z,NEARUSDT,0.00037539
2023-12-26T00:00:00Z,NEARUSDT,0.00035748
2023-12-26T08:00:00Z,NEARUSDT,0.0002369
2023-12-26T16:00:00Z,NEARUSDT,0.00045498
2023-12-27T00:00:00Z,NEARUSDT,0.0001
2023-12-27T08:00:00Z,NEARUSDT,0.0001
2023-12-27T16:00:00Z,NEARUSDT,0.00064796
2023-12-28T00:00:00Z,NEARUSDT,0.00065761
2023-12-28T08:00:00Z,NEARUSDT,0.00043404
2023-12-28T16:00:00Z,NEARUSDT,0.00065688
2023-12-29T00:00:00Z,NEARUSDT,0.00069616
2023-12-29T08:00:00Z,NEARUSDT,0.00039998
2023-12-29T16:00:00Z,NEARUSDT,0.00045154
2023-12-30T00:00:00Z,NEARUSDT,0.00077802
2023-12-30T08:00:00Z,NEARUSDT,0.00015439
2023-12-30T16:00:00Z,NEARUSDT,0.00038284
2023-12-31T00:00:00Z,NEARUSDT,0.00059585
2023-12-31T08:00:00Z,NEARUSDT,0.00044211
2023-12-31T16:00:00Z,NEARUSDT,0.00087126
2024-01-01T00:00:00Z,NEARUSDT,0.0004103
2024-01-01T08:00:00Z,NEARUSDT,0.00021041
2024-01-01T16:00:00Z,NEARUSDT,0.00057834
2024-01-02T00:00:00Z,NEARUSDT,0.00087213
2024-01-02T08:00:00Z,NEARUSDT,0.00064708
2024-01-02T16:00:00Z,NEARUSDT,0.00091537
2024-01-03T00:00:00Z,NEARUSDT,0.00032187
2024-01-03T08:00:00Z,NEARUSDT,0.00041856
2024-01-03T16:00:00Z,NEARUSDT,0.0001
2024-01-04T00:00:00Z,NEARUSDT,0.0001
2024-01-04T08:00:00Z,NEARUSDT,0.0001
2024-01-04T16:00:00Z,NEARUSDT,0.0001
2024-01-05T00:00:00Z,NEARUSDT,0.0001
2024-01-05T08:00:00Z,NEARUSDT,0.0001
2024-01-05T16:00:00Z,NEARUSDT,0.0001
2024-01-06T00:00:00Z,NEARUSDT,0.0001
2024-01-06T08:00:00Z,NEARUSDT,0.0001
2024-01-06T16:00:00Z,NEARUSDT,0.0001
2024-01-07T00:00:00Z,NEARUSDT,0.0001
2024-01-07T08:00:00Z,NEARUSDT,0.0001
2024-01-07T16:00:00Z,NEARUSDT,0.0001
2024-01-08T00:00:00Z,NEARUSDT,0.0001
2024-01-08T08:00:00Z,NEARUSDT,0.0001
2024-01-08T16:00:00Z,NEARUSDT,0.0001
2024-01-09T00:00:00Z,NEARUSDT,0.0001
2024-01-09T08:00:00Z,NEARUSDT,0.0001
2024-01-09T16:00:00Z,NEARUSDT,0.0001
2024-01-10T00:00:00Z,NEARUSDT,0.0001
2024-01-10T08:00:00Z,NEARUSDT,0.0001
2024-01-10T16:00:00Z,NEARUSDT,0.0001
2024-01-11T00:00:00Z,NEARUSDT,0.0001
2024-01-11T08:00:00Z,NEARUSDT,0.0001
2024-01-11T16:00:00Z,NEARUSDT,0.0001
2024-01-12T00:00:00Z,NEARUSDT,0.0001
2024-01-12T08:00:00Z,NEARUSDT,0.0001
2024-01-12T16:00:00Z,NEARUSDT,0.0001
2024-01-13T00:00:00Z,NEARUSDT,0.0001
2024-01-13T08:00:00Z,NEARUSDT,0.0001
2024-01-13T16:00:00Z,NEARUSDT,0.0001
2024-01-14T00:00:00Z,NEARUSDT,0.0001
2024-01-14T08:00:00Z,NEARUSDT,0.0001
2024-01-14T16:00:00Z,NEARUSDT,0.0001
2024-01-15T00:00:00Z,NEARUSDT,0.0001
2024-01-15T08:00:00Z,NEARUSDT,0.0001
2024-01-15T16:00:00Z,NEARUSDT,0.0001
2024-01-16T00:00:00Z,NEARUSDT,0.0001
2024-01-16T08:00:00Z,NEARUSDT,0.0001
2024-01-16T16:00:00Z,NEARUSDT,0.0001
2024-01-17T00:00:00Z,NEARUSDT,0.0001
2024-01-17T08:00:00Z,NEARUSDT,0.0001
2024-01-17T16:00:00Z,NEARUSDT,0.0001
2024-01-18T00:00:00Z,NEARUSDT,0.0001
2024-01-18T08:00:00Z,NEARUSDT,0.0001
2024-01-18T16:00:00Z,NEARUSDT,0.0001
2024-01-19T00:00:00Z,NEARUSDT,0.0001
2024-01-19T08:00:00Z,NEARUSDT,0.0001
2024-01-19T16:00:00Z,NEARUSDT,0.0001
2024-01-20T00:00:00Z,NEARUSDT,0.0001
2024-01-20T08:00:00Z,NEARUSDT,0.0001
2024-01-20T16:00:00Z,NEARUSDT,0.0001
2024-01-21T00:00:00Z,NEARUSDT,0.0001
2024-01-21T08:00:00Z,NEARUSDT,0.0001
2024-01-21T16:00:00Z,NEARUSDT,0.0001
2024-01-22T00:00:00Z,NEARUSDT,0.0001
2024-01-22T08:00:00Z,NEARUSDT,0.0001
2024-01-22T16:00:00Z,NEARUSDT,0.0001
2024-01-23T00:00:00Z,NEARUSDT,0.0001
2024-01-23T08:00:00Z,NEARUSDT,0.0001
2024-01-23T16:00:00Z,NEARUSDT,0.0001
2024-01-24T00:00:00Z,NEARUSDT,0.0001
2024-01-24T08:00:00Z,NEARUSDT,0.0001
2024-01-24T16:00:00Z,NEARUSDT,0.0001
2024-01-25T00:00:00Z,NEARUSDT,0.0001
2024-01-25T08:00:00Z,NEARUSDT,0.0001
2024-01-25T16:00:00Z,NEARUSDT,0.0001
2024-01-26T00:00:00Z,NEARUSDT,0.0001
2024-01-26T08:00:00Z,NEARUSDT,0.0001
2024-01-26T16:00:00Z,NEARUSDT,0.0001
2024-01-27T00:00:00Z,NEARUSDT,0.0001
2024-01-27T08:00:00Z,NEARUSDT,0.0001
2024-01-27T16:00:00Z,NEARUSDT,0.0001
2024-01-28T00:00:00Z,NEARUSDT,0.0001
2024-01-28T08:00:00Z,NEARUSDT,0.0001
2024-01-28T16:00:00Z,NEARUSDT,0.0001
2024-01-29T00:00:00Z,NEARUSDT,0.0001
2024-01-29T08:00:00Z,NEARUSDT,0.0001
2024-01-29T16:00:00Z,NEARUSDT,0.0001
2024-01-30T00:00:00Z,NEARUSDT,0.0001
2024-01-30T08:00:00Z,NEARUSDT,0.0001
2024-01-30T16:00:00Z,NEARUSDT,0.0001
2024-01-31T00:00:00Z,NEARUSDT,0.0001
2024-01-31T08:00:00Z,NEARUSDT,0.0001
2024-01-31T16:00:00Z,NEARUSDT,0.0001
2024-02-01T00:00:00Z,NEARUSDT,0.0001
2024-02-01T08:00:00Z,NEARUSDT,0.0001
2024-02-01T16:00:00Z,NEARUSDT,0.0001
2024-02-02T00:00:00Z,NEARUSDT,0.0001
2024-02-02T08:00:00Z,NEARUSDT,0.0001
2024-02-02T16:00:00Z,NEARUSDT,0.0001
2024-02-03T00:00:00Z,NEARUSDT,0.0001
2024-02-03T08:00:00Z,NEARUSDT,0.0001
2024-02-03T16:00:00Z,NEARUSDT,0.0001
2024-02-04T00:00:00Z,NEARUSDT,0.0001
2024-02-04T08:00:00Z,NEARUSDT,0.0001
2024-02-04T16:00:00Z,NEARUSDT,0.0001
2024-02-05T00:00:00Z,NEARUSDT,0.0001
2024-02-05T08:00:00Z,NEARUSDT,0.0001
2024-02-05T16:00:00Z,NEARUSDT,0.0001
2024-02-06T00:00:00Z,NEARUSDT,0.0001
2024-02-06T08:00:00Z,NEARUSDT,0.0001
2024-02-06T16:00:00Z,NEARUSDT,0.0001
2024-02-07T00:00:00Z,NEARUSDT,0.0001
2024-02-07T08:00:00Z,NEARUSDT,0.0001
2024-02-07T16:00:00Z,NEARUSDT,0.0001
2024-02-08T00:00:00Z,NEARUSDT,0.0001
2024-02-08T08:00:00Z,NEARUSDT,0.0001
2024-02-08T16:00:00Z,NEARUSDT,0.0001
2024-02-09T00:00:00Z,NEARUSDT,0.0001
2024-02-09T08:00:00Z,NEARUSDT,0.0001
2024-02-09T16:00:00Z,NEARUSDT,0.0001
2024-02-10T00:00:00Z,NEARUSDT,0.0001
2024-02-10T08:00:00Z,NEARUSDT,0.0001
2024-02-10T16:00:00Z,NEARUSDT,0.0001
2024-02-11T00:00:00Z,NEARUSDT,0.0001
2024-02-11T08:00:00Z,NEARUSDT,0.0001
2024-02-11T16:00:00Z,NEARUSDT,0.0001
2024-02-12T00:00:00Z,NEARUSDT,0.0001
2024-02-12T08:00:00Z,NEARUSDT,0.0001
2024-02-12T16:00:00Z,NEARUSDT,0.0001
2024-02-13T00:00:00Z,NEARUSDT,0.0001
2024-02-13T08:00:00Z,NEARUSDT,0.0001
2024-02-13T16:00:00Z,NEARUSDT,0.0001
2024-02-14T00:00:00Z,NEARUSDT,0.0001
2024-02-14T08:00:00Z,NEARUSDT,0.0001
2024-02-14T16:00:00Z,NEARUSDT,0.0001
2024-02-15T00:00:00Z,NEARUSDT,0.0001
2024-02-15T08:00:00Z,NEARUSDT,0.00012298
2024-02-15T16:00:00Z,NEARUSDT,0.00022762
2024-02-16T00:00:00Z,NEARUSDT,0.0001
2024-02-16T08:00:00Z,NEARUSDT,0.00018944
2024-02-16T16:00:00Z,NEARUSDT,0.0001
2024-02-17T00:00:00Z,NEARUSDT,0.0001
2024-02-17T08:00:00Z,NEARUSDT,0.0001
2024-02-17T16:00:00Z,NEARUSDT,0.00018474
2024-02-18T00:00:00Z,NEARUSDT,0.0001
2024-02-18T08:00:00Z,NEARUSDT,0.0001
2024-02-18T16:00:00Z,NEARUSDT,0.00017416
2024-02-19T00:00:00Z,NEARUSDT,0.0002314
2024-02-19T08:00:00Z,NEARUSDT,0.0001
2024-02-19T16:00:00Z,NEARUSDT,0.0002493
2024-02-20T00:00:00Z,NEARUSDT,0.00034971
2024-02-20T08:00:00Z,NEARUSDT,0.00041085
2024-02-20T16:00:00Z,NEARUSDT,0.00016378
2024-02-21T00:00:00Z,NEARUSDT,0.0001
2024-02-21T08:00:00Z,NEARUSDT,0.0001
2024-02-21T16:00:00Z,NEARUSDT,0.0001
2024-02-22T00:00:00Z,NEARUSDT,0.0001
2024-02-22T08:00:00Z,NEARUSDT,0.0001
2024-02-22T16:00:00Z,NEARUSDT,0.00010895
2024-02-23T00:00:00Z,NEARUSDT,0.00019345
2024-02-23T08:00:00Z,NEARUSDT,0.00021562
2024-02-23T16:00:00Z,NEARUSDT,0.00018558
2024-02-24T00:00:00Z,NEARUSDT,0.0001
2024-02-24T08:00:00Z,NEARUSDT,0.0001
2024-02-24T16:00:00Z,NEARUSDT,0.0001
2024-02-25T00:00:00Z,NEARUSDT,0.00011883
2024-02-25T08:00:00Z,NEARUSDT,0.00016339
2024-02-25T16:00:00Z,NEARUSDT,0.00031003
2024-02-26T00:00:00Z,NEARUSDT,0.0003562
2024-02-26T08:00:00Z,NEARUSDT,0.00039447
2024-02-26T16:00:00Z,NEARUSDT,0.00029569
2024-02-27T00:00:00Z,NEARUSDT,0.00031486
2024-02-27T08:00:00Z,NEARUSDT,0.00072853
2024-02-27T16:00:00Z,NEARUSDT,0.00039058
2024-02-28T00:00:00Z,NEARUSDT,0.00043708
2024-02-28T08:00:00Z,NEARUSDT,0.00028148
2024-02-28T16:00:00Z,NEARUSDT,0.00039407
2024-02-29T00:00:00Z,NEARUSDT,0.00015164
2024-02-29T08:00:00Z,NEARUSDT,0.00055121
2024-02-29T16:00:00Z,NEARUSDT,0.00078228
2024-03-01T00:00:00Z,NEARUSDT,0.00052676
2024-03-01T08:00:00Z,NEARUSDT,0.00057101
2024-03-01T16:00:00Z,NEARUSDT,0.00062383
2024-03-02T00:00:00Z,NEARUSDT,0.00065615
2024-03-02T08:00:00Z,NEARUSDT,0.00085324
2024-03-02T16:00:00Z,NEARUSDT,0.00093162
2024-03-03T00:00:00Z,NEARUSDT,0.00097398
2024-03-03T08:00:00Z,NEARUSDT,0.00105829
2024-03-03T16:00:00Z,NEARUSDT,0.00047383
2024-03-04T00:00:00Z,NEARUSDT,0.00051035
2024-03-04T08:00:00Z,NEARUSDT,0.00091651
2024-03-04T16:00:00Z,NEARUSDT,0.00081251
2024-03-05T00:00:00Z,NEARUSDT,0.00062743
2024-03-05T08:00:00Z,NEARUSDT,0.00118537
2024-03-05T16:00:00Z,NEARUSDT,0.00130969
2024-03-06T00:00:00Z,NEARUSDT,0.0001
2024-03-06T08:00:00Z,NEARUSDT,0.0001
2024-03-06T16:00:00Z,NEARUSDT,0.0002992
2024-03-07T00:00:00Z,NEARUSDT,0.00022111
2024-03-07T08:00:00Z,NEARUSDT,0.00038202
2024-03-07T16:00:00Z,NEARUSDT,0.00062847
2024-03-08T00:00:00Z,NEARUSDT,0.00088659
2024-03-08T08:00:00Z,NEARUSDT,0.00116219
2024-03-08T16:00:00Z,NEARUSDT,0.00094016
2024-03-09T00:00:00Z,NEARUSDT,0.00059935
2024-03-09T08:00:00Z,NEARUSDT,0.00093618
2024-03-09T16:00:00Z,NEARUSDT,0.00141589
2024-03-10T00:00:00Z,NEARUSDT,0.00123801
2024-03-10T08:00:00Z,NEARUSDT,0.0009808
2024-03-10T16:00:00Z,NEARUSDT,0.00066874
2024-03-11T00:00:00Z,NEARUSDT,0.00063786
2024-03-11T08:00:00Z,NEARUSDT,0.00095273
2024-03-11T16:00:00Z,NEARUSDT,0.00107431
2024-03-12T00:00:00Z,NEARUSDT,0.00092116
2024-03-12T08:00:00Z,NEARUSDT,0.00080935
2024-03-12T16:00:00Z,NEARUSDT,0.00089165
2024-03-13T00:00:00Z,NEARUSDT,0.0008731
2024-03-13T08:00:00Z,NEARUSDT,0.00122863
2024-03-13T16:00:00Z,NEARUSDT,0.00101692
2024-03-14T00:00:00Z,NEARUSDT,0.00080233
2024-03-14T08:00:00Z,NEARUSDT,0.00107069
2024-03-14T16:00:00Z,NEARUSDT,0.00123745
2024-03-15T00:00:00Z,NEARUSDT,0.00117547
2024-03-15T08:00:00Z,NEARUSDT,0.00070853
2024-03-15T16:00:00Z,NEARUSDT,0.00020733
2024-03-16T00:00:00Z,NEARUSDT,0.00013186
2024-03-16T08:00:00Z,NEARUSDT,0.00022479
2024-03-16T16:00:00Z,NEARUSDT,0.00034432
2024-03-17T00:00:00Z,NEARUSDT,0.0001
2024-03-17T08:00:00Z,NEARUSDT,0.00030037
2024-03-17T16:00:00Z,NEARUSDT,0.00033164
2024-03-18T00:00:00Z,NEARUSDT,0.00029427
2024-03-18T08:00:00Z,NEARUSDT,0.00036628
2024-03-18T16:00:00Z,NEARUSDT,0.00022077
2024-03-19T00:00:00Z,NEARUSDT,0.0001
2024-03-19T08:00:00Z,NEARUSDT,0.0001
2024-03-19T16:00:00Z,NEARUSDT,0.0001
2024-03-20T00:00:00Z,NEARUSDT,0.0001
2024-03-20T08:00:00Z,NEARUSDT,0.0001
2024-03-20T16:00:00Z,NEARUSDT,0.0001
2024-03-21T00:00:00Z,NEARUSDT,0.00010924
2024-03-21T08:00:00Z,NEARUSDT,0.0001
2024-03-21T16:00:00Z,NEARUSDT,0.0001
2024-03-22T00:00:00Z,NEARUSDT,0.0001
2024-03-22T08:00:00Z,NEARUSDT,0.000129
2024-03-22T16:00:00Z,NEARUSDT,0.00013536
2024-03-23T00:00:00Z,NEARUSDT,0.0001
2024-03-23T08:00:00Z,NEARUSDT,0.00010482
2024-03-23T16:00:00Z,NEARUSDT,0.0001
2024-03-24T00:00:00Z,NEARUSDT,0.0001
2024-03-24T08:00:00Z,NEARUSDT,0.0001
2024-03-24T16:00:00Z,NEARUSDT,0.0001
2024-03-25T00:00:00Z,NEARUSDT,0.00049332
2024-03-25T08:00:00Z,NEARUSDT,0.00042414
2024-03-25T16:00:00Z,NEARUSDT,0.00058729
2024-03-26T00:00:00Z,NEARUSDT,0.00047773
2024-03-26T08:00:00Z,NEARUSDT,0.00063062
2024-03-26T16:00:00Z,NEARUSDT,0.00068264
2024-03-27T00:00:00Z,NEARUSDT,0.00051696
2024-03-27T08:00:00Z,NEARUSDT,0.00064639
2024-03-27T16:00:00Z,NEARUSDT,0.00056058
2024-03-28T00:00:00Z,NEARUSDT,0.00026152
2024-03-28T08:00:00Z,NEARUSDT,0.00054154
2024-03-28T16:00:00Z,NEARUSDT,0.00060303
2024-03-29T00:00:00Z,NEARUSDT,0.00068185
2024-03-29T08:00:00Z,NEARUSDT,0.00057747
2024-03-29T16:00:00Z,NEARUSDT,0.00065085
2024-03-30T00:00:00Z,NEARUSDT,0.00062867
2024-03-30T08:00:00Z,NEARUSDT,0.00052057
2024-03-30T16:00:00Z,NEARUSDT,0.00082817
2024-03-31T00:00:00Z,NEARUSDT,0.0004239
2024-03-31T08:00:00Z,NEARUSDT,0.00061264
2024-03-31T16:00:00Z,NEARUSDT,0.00077841
2024-04-01T00:00:00Z,NEARUSDT,0.00094822
2024-04-01T08:00:00Z,NEARUSDT,0.00057617
2024-04-01T16:00:00Z,NEARUSDT,0.00020213
2024-04-02T00:00:00Z,NEARUSDT,0.00030305
2024-04-02T08:00:00Z,NEARUSDT,0.0001
2024-04-02T16:00:00Z,NEARUSDT,0.0001
2024-04-03T00:00:00Z,NEARUSDT,0.0001
2024-04-03T08:00:00Z,NEARUSDT,0.00035357
2024-04-03T16:00:00Z,NEARUSDT,0.00032207
2024-04-04T00:00:00Z,NEARUSDT,0.00017755
2024-04-04T08:00:00Z,NEARUSDT,0.00020335
2024-04-04T16:00:00Z,NEARUSDT,0.00017437
2024-04-05T00:00:00Z,NEARUSDT,0.0001
2024-04-05T08:00:00Z,NEARUSDT,0.0001
2024-04-05T16:00:00Z,NEARUSDT,0.0001
2024-04-06T00:00:00Z,NEARUSDT,0.0001
2024-04-06T08:00:00Z,NEARUSDT,0.0001
2024-04-06T16:00:00Z,NEARUSDT,0.0001
2024-04-07T00:00:00Z,NEARUSDT,0.0001
2024-04-07T08:00:00Z,NEARUSDT,0.0001
2024-04-07T16:00:00Z,NEARUSDT,0.0001
2024-04-08T00:00:00Z,NEARUSDT,0.0001
2024-04-08T08:00:00Z,NEARUSDT,0.00014106
2024-04-08T16:00:00Z,NEARUSDT,0.00037348
2024-04-09T00:00:00Z,NEARUSDT,0.0005201
2024-04-09T08:00:00Z,NEARUSDT,0.00027706
2024-04-09T16:00:00Z,NEARUSDT,0.00027428
2024-04-10T00:00:00Z,NEARUSDT,0.00016262
2024-04-10T08:00:00Z,NEARUSDT,0.0001676
2024-04-10T16:00:00Z,NEARUSDT,0.00015596
2024-04-11T00:00:00Z,NEARUSDT,0.0001
2024-04-11T08:00:00Z,NEARUSDT,0.00011909
2024-04-11T16:00:00Z,NEARUSDT,0.0001
2024-04-12T00:00:00Z,NEARUSDT,0.0001
2024-04-12T08:00:00Z,NEARUSDT,0.0001
2024-04-12T16:00:00Z,NEARUSDT,0.00014571
2024-04-13T00:00:00Z,NEARUSDT,0.0001
2024-04-13T08:00:00Z,NEARUSDT,0.0001
2024-04-13T16:00:00Z,NEARUSDT,0.0001
2024-04-14T00:00:00Z,NEARUSDT,0.00004502
2024-04-14T08:00:00Z,NEARUSDT,0.0001
2024-04-14T16:00:00Z,NEARUSDT,0.0001
2024-04-15T00:00:00Z,NEARUSDT,0.00000458
2024-04-15T08:00:00Z,NEARUSDT,-0.00007023
2024-04-15T16:00:00Z,NEARUSDT,-0.00005445
2024-04-16T00:00:00Z,NEARUSDT,-0.0000009
2024-04-16T08:00:00Z,NEARUSDT,0.0001
2024-04-16T16:00:00Z,NEARUSDT,0.0001
2024-04-17T00:00:00Z,NEARUSDT,0.00009285
2024-04-17T08:00:00Z,NEARUSDT,0.0001
2024-04-17T16:00:00Z,NEARUSDT,0.0001
2024-04-18T00:00:00Z,NEARUSDT,0.0001
2024-04-18T08:00:00Z,NEARUSDT,0.0001
2024-04-18T16:00:00Z,NEARUSDT,0.0001
2024-04-19T00:00:00Z,NEARUSDT,0.00005822
2024-04-19T08:00:00Z,NEARUSDT,0.0001
2024-04-19T16:00:00Z,NEARUSDT,0.00005663
2024-04-20T00:00:00Z,NEARUSDT,0.00003962
2024-04-20T08:00:00Z,NEARUSDT,0.0001
2024-04-20T16:00:00Z,NEARUSDT,0.00007697
2024-04-21T00:00:00Z,NEARUSDT,0.0001
2024-04-21T08:00:00Z,NEARUSDT,0.0001
2024-04-21T16:00:00Z,NEARUSDT,0.0001
2024-04-22T00:00:00Z,NEARUSDT,0.0001
2024-04-22T08:00:00Z,NEARUSDT,0.0001
2024-04-22T16:00:00Z,NEARUSDT,0.00005287
2024-04-23T00:00:00Z,NEARUSDT,0.0001
2024-04-23T08:00:00Z,NEARUSDT,0.0001
2024-04-23T16:00:00Z,NEARUSDT,0.00006398
2024-04-24T00:00:00Z,NEARUSDT,0.0001
2024-04-24T08:00:00Z,NEARUSDT,0.00003696
2024-04-24T16:00:00Z,NEARUSDT,0.0001
2024-04-25T00:00:00Z,NEARUSDT,0.0001
2024-04-25T08:00:00Z,NEARUSDT,0.0001
2024-04-25T16:00:00Z,NEARUSDT,0.0001
2024-04-26T00:00:00Z,NEARUSDT,0.0001
2024-04-26T08:00:00Z,NEARUSDT,0.0001
2024-04-26T16:00:00Z,NEARUSDT,0.00007812
2024-04-27T00:00:00Z,NEARUSDT,0.00000598
2024-04-27T08:00:00Z,NEARUSDT,0.00000501
2024-04-27T16:00:00Z,NEARUSDT,0.0001
2024-04-28T00:00:00Z,NEARUSDT,0.0001
2024-04-28T08:00:00Z,NEARUSDT,0.00002749
2024-04-28T16:00:00Z,NEARUSDT,0.00007381
2024-04-29T00:00:00Z,NEARUSDT,-0.00007341
2024-04-29T08:00:00Z,NEARUSDT,0.00009949
2024-04-29T16:00:00Z,NEARUSDT,0.00001167
2024-04-30T00:00:00Z,NEARUSDT,0.00001834
2024-04-30T08:00:00Z,NEARUSDT,-0.00004737
2024-04-30T16:00:00Z,NEARUSDT,0.0001
2024-05-01T00:00:00Z,NEARUSDT,-0.00001422
2024-05-01T08:00:00Z,NEARUSDT,0.0001
2024-05-01T16:00:00Z,NEARUSDT,0.00005549
2024-05-02T00:00:00Z,NEARUSDT,0.00003691
2024-05-02T08:00:00Z,NEARUSDT,-0.00005461
2024-05-02T16:00:00Z,NEARUSDT,-0.00003227
2024-05-03T00:00:00Z,NEARUSDT,0.0001
2024-05-03T08:00:00Z,NEARUSDT,0.00008226
2024-05-03T16:00:00Z,NEARUSDT,0.0000089
2024-05-04T00:00:00Z,NEARUSDT,-0.00006851
2024-05-04T08:00:00Z,NEARUSDT,0.00001888
2024-05-04T16:00:00Z,NEARUSDT,-0.00003184
2024-05-05T00:00:00Z,NEARUSDT,0.0001
2024-05-05T08:00:00Z,NEARUSDT,0.0001
2024-05-05T16:00:00Z,NEARUSDT,0.0001
2024-05-06T00:00:00Z,NEARUSDT,0.0001
2024-05-06T08:00:00Z,NEARUSDT,0.0001
2024-05-06T16:00:00Z,NEARUSDT,0.0001
2024-05-07T00:00:00Z,NEARUSDT,0.0001
2024-05-07T08:00:00Z,NEARUSDT,0.0001
2024-05-07T16:00:00Z,NEARUSDT,0.0001
2024-05-08T00:00:00Z,NEARUSDT,0.0001
2024-05-08T08:00:00Z,NEARUSDT,0.0001
2024-05-08T16:00:00Z,NEARUSDT,0.0001
2024-05-09T00:00:00Z,NEARUSDT,0.0001
2024-05-09T08:00:00Z,NEARUSDT,0.0001
2024-05-09T16:00:00Z,NEARUSDT,0.0001
2024-05-10T00:00:00Z,NEARUSDT,0.0001
2024-05-10T08:00:00Z,NEARUSDT,0.0001
2024-05-10T16:00:00Z,NEARUSDT,0.0001
2024-05-11T00:00:00Z,NEARUSDT,0.00009185
2024-05-11T08:00:00Z,NEARUSDT,0.0001
2024-05-11T16:00:00Z,NEARUSDT,-0.00000452
2024-05-12T00:00:00Z,NEARUSDT,-0.00000762
2024-05-12T08:00:00Z,NEARUSDT,0.00002478
2024-05-12T16:00:00Z,NEARUSDT,-0.00001117
2024-05-13T00:00:00Z,NEARUSDT,0.0001
2024-05-13T08:00:00Z,NEARUSDT,0.00005208
2024-05-13T16:00:00Z,NEARUSDT,0.0001
2024-05-14T00:00:00Z,NEARUSDT,0.0001
2024-05-14T08:00:00Z,NEARUSDT,0.0001
2024-05-14T16:00:00Z,NEARUSDT,0.0001
2024-05-15T00:00:00Z,NEARUSDT,0.0001
2024-05-15T08:00:00Z,NEARUSDT,-0.00001012
2024-05-15T16:00:00Z,NEARUSDT,0.0001
2024-05-16T00:00:00Z,NEARUSDT,0.0001
2024-05-16T08:00:00Z,NEARUSDT,0.0001
2024-05-16T16:00:00Z,NEARUSDT,0.0001
2024-05-17T00:00:00Z,NEARUSDT,0.0001
2024-05-17T08:00:00Z,NEARUSDT,0.0001
2024-05-17T16:00:00Z,NEARUSDT,0.0001
2024-05-18T00:00:00Z,NEARUSDT,0.0001
2024-05-18T08:00:00Z,NEARUSDT,0.0001
2024-05-18T16:00:00Z,NEARUSDT,0.0001
2024-05-19T00:00:00Z,NEARUSDT,0.0001
2024-05-19T08:00:00Z,NEARUSDT,0.0001
2024-05-19T16:00:00Z,NEARUSDT,0.0001
2024-05-20T00:00:00Z,NEARUSDT,0.0001
2024-05-20T08:00:00Z,NEARUSDT,0.0001
2024-05-20T16:00:00Z,NEARUSDT,0.0001
2024-05-21T00:00:00Z,NEARUSDT,0.0001
2024-05-21T08:00:00Z,NEARUSDT,0.0001
2024-05-21T16:00:00Z,NEARUSDT,0.0001
2024-05-22T00:00:00Z,NEARUSDT,0.0001
2024-05-22T08:00:00Z,NEARUSDT,0.0001
2024-05-22T16:00:00Z,NEARUSDT,0.00014251
2024-05-23T00:00:00Z,NEARUSDT,0.00011163
2024-05-23T08:00:00Z,NEARUSDT,0.0003089
2024-05-23T16:00:00Z,NEARUSDT,0.0001
2024-05-24T00:00:00Z,NEARUSDT,0.0001
2024-05-24T08:00:00Z,NEARUSDT,0.0001
2024-05-24T16:00:00Z,NEARUSDT,0.0001
2024-05-25T00:00:00Z,NEARUSDT,0.0001
2024-05-25T08:00:00Z,NEARUSDT,0.000125
2024-05-25T16:00:00Z,NEARUSDT,0.00021604
2024-05-26T00:00:00Z,NEARUSDT,0.00024248
2024-05-26T08:00:00Z,NEARUSDT,0.0001
2024-05-26T16:00:00Z,NEARUSDT,0.0001
2024-05-27T00:00:00Z,NEARUSDT,0.0001
2024-05-27T08:00:00Z,NEARUSDT,0.0001
2024-05-27T16:00:00Z,NEARUSDT,0.00016446
2024-05-28T00:00:00Z,NEARUSDT,0.0001
2024-05-28T08:00:00Z,NEARUSDT,0.0001
2024-05-28T16:00:00Z,NEARUSDT,0.0001
2024-05-29T00:00:00Z,NEARUSDT,0.0001
2024-05-29T08:00:00Z,NEARUSDT,0.00021692
2024-05-29T16:00:00Z,NEARUSDT,0.0001
2024-05-30T00:00:00Z,NEARUSDT,0.00011675
2024-05-30T08:00:00Z,NEARUSDT,0.0001
2024-05-30T16:00:00Z,NEARUSDT,0.0001
2024-05-31T00:00:00Z,NEARUSDT,0.0001
2024-05-31T08:00:00Z,NEARUSDT,0.0001
2024-05-31T16:00:00Z,NEARUSDT,0.0001
2024-06-01T00:00:00Z,NEARUSDT,0.0001
2024-06-01T08:00:00Z,NEARUSDT,0.0001
2024-06-01T16:00:00Z,NEARUSDT,0.0001116
2024-06-02T00:00:00Z,NEARUSDT,0.0001
2024-06-02T08:00:00Z,NEARUSDT,0.00016702
2024-06-02T16:00:00Z,NEARUSDT,0.0001
2024-06-03T00:00:00Z,NEARUSDT,0.0001
2024-06-03T08:00:00Z,NEARUSDT,0.0001
2024-06-03T16:00:00Z,NEARUSDT,0.00011025
2024-06-04T00:00:00Z,NEARUSDT,0.0001
2024-06-04T08:00:00Z,NEARUSDT,0.0001
2024-06-04T16:00:00Z,NEARUSDT,0.00012884
2024-06-05T00:00:00Z,NEARUSDT,0.0001
2024-06-05T08:00:00Z,NEARUSDT,0.0001
2024-06-05T16:00:00Z,NEARUSDT,0.0001
2024-06-06T00:00:00Z,NEARUSDT,0.00024251
2024-06-06T08:00:00Z,NEARUSDT,0.00028866
2024-06-06T16:00:00Z,NEARUSDT,0.00034927
2024-06-07T00:00:00Z,NEARUSDT,0.00018853
2024-06-07T08:00:00Z,NEARUSDT,0.00028743
2024-06-07T16:00:00Z,NEARUSDT,0.00024003
2024-06-08T00:00:00Z,NEARUSDT,0.0001
2024-06-08T08:00:00Z,NEARUSDT,0.0001
2024-06-08T16:00:00Z,NEARUSDT,0.0001
2024-06-09T00:00:00Z,NEARUSDT,0.0001
2024-06-09T08:00:00Z,NEARUSDT,0.0001
2024-06-09T16:00:00Z,NEARUSDT,0.0001
2024-06-10T00:00:00Z,NEARUSDT,0.0001
2024-06-10T08:00:00Z,NEARUSDT,0.0001
2024-06-10T16:00:00Z,NEARUSDT,0.0001
2024-06-11T00:00:00Z,NEARUSDT,0.0001
2024-06-11T08:00:00Z,NEARUSDT,0.0001
2024-06-11T16:00:00Z,NEARUSDT,0.0001
2024-06-12T00:00:00Z,NEARUSDT,0.0001
2024-06-12T08:00:00Z,NEARUSDT,0.0001
2024-06-12T16:00:00Z,NEARUSDT,0.0001
2024-06-13T00:00:00Z,NEARUSDT,0.0001
2024-06-13T08:00:00Z,NEARUSDT,0.0001
2024-06-13T16:00:00Z,NEARUSDT,0.0001
2024-06-14T00:00:00Z,NEARUSDT,0.00008877
2024-06-14T08:00:00Z,NEARUSDT,0.0001
2024-06-14T16:00:00Z,NEARUSDT,0.0000361
2024-06-15T00:00:00Z,NEARUSDT,-0.00008171
2024-06-15T08:00:00Z,NEARUSDT,0.00003556
2024-06-15T16:00:00Z,NEARUSDT,-0.00003936
2024-06-16T00:00:00Z,NEARUSDT,0.00009785
2024-06-16T08:00:00Z,NEARUSDT,0.00009804
2024-06-16T16:00:00Z,NEARUSDT,0.0001
2024-06-17T00:00:00Z,NEARUSDT,0.0001
2024-06-17T08:00:00Z,NEARUSDT,0.0001
2024-06-17T16:00:00Z,NEARUSDT,0.0001
2024-06-18T00:00:00Z,NEARUSDT,0.00005526
2024-06-18T08:00:00Z,NEARUSDT,0.00002564
2024-06-18T16:00:00Z,NEARUSDT,0.0001
2024-06-19T00:00:00Z,NEARUSDT,0.00006046
2024-06-19T08:00:00Z,NEARUSDT,-0.00001445
2024-06-19T16:00:00Z,NEARUSDT,0.00005394
2024-06-20T00:00:00Z,NEARUSDT,-0.00001107
2024-06-20T08:00:00Z,NEARUSDT,0.00002784
2024-06-20T16:00:00Z,NEARUSDT,0.0001
2024-06-21T00:00:00Z,NEARUSDT,0.0001
2024-06-21T08:00:00Z,NEARUSDT,0.00003575
2024-06-21T16:00:00Z,NEARUSDT,0.0001
2024-06-22T00:00:00Z,NEARUSDT,0.0001
2024-06-22T08:00:00Z,NEARUSDT,0.0001
2024-06-22T16:00:00Z,NEARUSDT,0.0001
2024-06-23T00:00:00Z,NEARUSDT,0.0001
2024-06-23T08:00:00Z,NEARUSDT,0.00008027
2024-06-23T16:00:00Z,NEARUSDT,0.00008878
2024-06-24T00:00:00Z,NEARUSDT,0.000038
2024-06-24T08:00:00Z,NEARUSDT,-0.00001244
2024-06-24T16:00:00Z,NEARUSDT,0.00005905
2024-06-25T00:00:00Z,NEARUSDT,0.0001
2024-06-25T08:00:00Z,NEARUSDT,0.0001
2024-06-25T16:00:00Z,NEARUSDT,0.0001
2024-06-26T00:00:00Z,NEARUSDT,0.00009629
2024-06-26T08:00:00Z,NEARUSDT,0.00003039
2024-06-26T16:00:00Z,NEARUSDT,0.00006696
2024-06-27T00:00:00Z,NEARUSDT,-0.00010109
2024-06-27T08:00:00Z,NEARUSDT,-0.00003622
2024-06-27T16:00:00Z,NEARUSDT,0.00008389
2024-06-28T00:00:00Z,NEARUSDT,0.0001
2024-06-28T08:00:00Z,NEARUSDT,0.00008432
2024-06-28T16:00:00Z,NEARUSDT,0.0001
2024-06-29T00:00:00Z,NEARUSDT,-0.00004613
2024-06-29T08:00:00Z,NEARUSDT,0.00007011
2024-06-29T16:00:00Z,NEARUSDT,0.000034
2024-06-30T00:00:00Z,NEARUSDT,0.00009416
2024-06-30T08:00:00Z,NEARUSDT,0.0001
2024-06-30T16:00:00Z,NEARUSDT,0.0001
2024-07-01T00:00:00Z,NEARUSDT,0.0001
2024-07-01T08:00:00Z,NEARUSDT,0.0001
2024-07-01T16:00:00Z,NEARUSDT,0.0001
2024-07-02T00:00:00Z,NEARUSDT,0.0001
2024-07-02T08:00:00Z,NEARUSDT,0.0001
2024-07-02T16:00:00Z,NEARUSDT,0.0001
2024-07-03T00:00:00Z,NEARUSDT,0.0001
2024-07-03T08:00:00Z,NEARUSDT,0.0001
2024-07-03T16:00:00Z,NEARUSDT,0.00006847
2024-07-04T00:00:00Z,NEARUSDT,-0.00007394
2024-07-04T08:00:00Z,NEARUSDT,-0.00004781
2024-07-04T16:00:00Z,NEARUSDT,-0.00000869
2024-07-05T00:00:00Z,NEARUSDT,0.00002153
2024-07-05T08:00:00Z,NEARUSDT,0.00001476
2024-07-05T16:00:00Z,NEARUSDT,-0.00014857
2024-07-06T00:00:00Z,NEARUSDT,0.00003692
2024-07-06T08:00:00Z,NEARUSDT,0.0001
2024-07-06T16:00:00Z,NEARUSDT,-0.00001887
2024-07-07T00:00:00Z,NEARUSDT,0.00002389
2024-07-07T08:00:00Z,NEARUSDT,0.0001
2024-07-07T16:00:00Z,NEARUSDT,0.0001
2024-07-08T00:00:00Z,NEARUSDT,0.0001
2024-07-08T08:00:00Z,NEARUSDT,0.0001
2024-07-08T16:00:00Z,NEARUSDT,0.0001
2024-07-09T00:00:00Z,NEARUSDT,0.0001
2024-07-09T08:00:00Z,NEARUSDT,0.00009262
2024-07-09T16:00:00Z,NEARUSDT,0.0001
2024-07-10T00:00:00Z,NEARUSDT,0.0001
2024-07-10T08:00:00Z,NEARUSDT,0.0001
2024-07-10T16:00:00Z,NEARUSDT,0.0001
2024-07-11T00:00:00Z,NEARUSDT,0.0001
2024-07-11T08:00:00Z,NEARUSDT,0.0001
2024-07-11T16:00:00Z,NEARUSDT,0.00003406
2024-07-12T00:00:00Z,NEARUSDT,-0.00012726
2024-07-12T08:00:00Z,NEARUSDT,-0.00004451
2024-07-12T16:00:00Z,NEARUSDT,0.00008138
2024-07-13T00:00:00Z,NEARUSDT,-0.00005048
2024-07-13T08:00:00Z,NEARUSDT,0.00007649
2024-07-13T16:00:00Z,NEARUSDT,0.0001
2024-07-14T00:00:00Z,NEARUSDT,0.0001
2024-07-14T08:00:00Z,NEARUSDT,0.0001
2024-07-14T16:00:00Z,NEARUSDT,0.0001
2024-07-15T00:00:00Z,NEARUSDT,0.0001
2024-07-15T08:00:00Z,NEARUSDT,0.00009131
2024-07-15T16:00:00Z,NEARUSDT,0.0001
2024-07-16T00:00:00Z,NEARUSDT,0.0001
2024-07-16T08:00:00Z,NEARUSDT,0.0000482
2024-07-16T16:00:00Z,NEARUSDT,0.0001
2024-07-17T00:00:00Z,NEARUSDT,0.00009512
2024-07-17T08:00:00Z,NEARUSDT,0.0000998
2024-07-17T16:00:00Z,NEARUSDT,0.00009635
2024-07-18T00:00:00Z,NEARUSDT,0.0001
2024-07-18T08:00:00Z,NEARUSDT,0.0001
2024-07-18T16:00:00Z,NEARUSDT,0.00008092
2024-07-19T00:00:00Z,NEARUSDT,0.00007331
2024-07-19T08:00:00Z,NEARUSDT,0.00004467
2024-07-19T16:00:00Z,NEARUSDT,0.00006285
2024-07-20T00:00:00Z,NEARUSDT,0.00008535
2024-07-20T08:00:00Z,NEARUSDT,0.0001
2024-07-20T16:00:00Z,NEARUSDT,0.0001
2024-07-21T00:00:00Z,NEARUSDT,0.0001
2024-07-21T08:00:00Z,NEARUSDT,0.0001
2024-07-21T16:00:00Z,NEARUSDT,-0.00001014
2024-07-22T00:00:00Z,NEARUSDT,0.0001
2024-07-22T08:00:00Z,NEARUSDT,0.0001
2024-07-22T16:00:00Z,NEARUSDT,0.00004061
2024-07-23T00:00:00Z,NEARUSDT,0.00000408
2024-07-23T08:00:00Z,NEARUSDT,0.00007872
2024-07-23T16:00:00Z,NEARUSDT,0.0001
2024-07-24T00:00:00Z,NEARUSDT,0.0001
2024-07-24T08:00:00Z,NEARUSDT,0.0001
2024-07-24T16:00:00Z,NEARUSDT,0.0001
2024-07-25T00:00:00Z,NEARUSDT,0.00001001
2024-07-25T08:00:00Z,NEARUSDT,0.00001914
2024-07-25T16:00:00Z,NEARUSDT,-0.00007831
2024-07-26T00:00:00Z,NEARUSDT,0.00000465
2024-07-26T08:00:00Z,NEARUSDT,0.0001
2024-07-26T16:00:00Z,NEARUSDT,0.0001
2024-07-27T00:00:00Z,NEARUSDT,0.0001
2024-07-27T08:00:00Z,NEARUSDT,0.0001
2024-07-27T16:00:00Z,NEARUSDT,0.0001
2024-07-28T00:00:00Z,NEARUSDT,0.0001
2024-07-28T08:00:00Z,NEARUSDT,0.0001
2024-07-28T16:00:00Z,NEARUSDT,0.0001
2024-07-29T00:00:00Z,NEARUSDT,0.0001
2024-07-29T08:00:00Z,NEARUSDT,0.0001
2024-07-29T16:00:00Z,NEARUSDT,0.0001
2024-07-30T00:00:00Z,NEARUSDT,0.0001
2024-07-30T08:00:00Z,NEARUSDT,0.0001
2024-07-30T16:00:00Z,NEARUSDT,0.0001
2024-07-31T00:00:00Z,NEARUSDT,0.00001452
2024-07-31T08:00:00Z,NEARUSDT,0.0001
2024-07-31T16:00:00Z,NEARUSDT,0.0001
2024-08-01T00:00:00Z,NEARUSDT,0.0001
2024-08-01T08:00:00Z,NEARUSDT,0.0001
2024-08-01T16:00:00Z,NEARUSDT,0.0001
2024-08-02T00:00:00Z,NEARUSDT,0.00007525
2024-08-02T08:00:00Z,NEARUSDT,0.00000972
2024-08-02T16:00:00Z,NEARUSDT,0.00008366
2024-08-03T00:00:00Z,NEARUSDT,0.0001
2024-08-03T08:00:00Z,NEARUSDT,0.00006419
2024-08-03T16:00:00Z,NEARUSDT,0.00003032
2024-08-04T00:00:00Z,NEARUSDT,-0.00009649
2024-08-04T08:00:00Z,NEARUSDT,0.00003003
2024-08-04T16:00:00Z,NEARUSDT,-0.00001759
2024-08-05T00:00:00Z,NEARUSDT,0.00001889
2024-08-05T08:00:00Z,NEARUSDT,-0.0000608
2024-08-05T16:00:00Z,NEARUSDT,0.00001896
2024-08-06T00:00:00Z,NEARUSDT,-0.00018073
2024-08-06T08:00:00Z,NEARUSDT,-0.00017356
2024-08-06T16:00:00Z,NEARUSDT,0.00005507
2024-08-07T00:00:00Z,NEARUSDT,-0.0000133
2024-08-07T08:00:00Z,NEARUSDT,0.00002353
2024-08-07T16:00:00Z,NEARUSDT,-0.0000386
2024-08-08T00:00:00Z,NEARUSDT,-0.00009976
2024-08-08T08:00:00Z,NEARUSDT,0.00001902
2024-08-08T16:00:00Z,NEARUSDT,0.00001585
2024-08-09T00:00:00Z,NEARUSDT,-0.00001538
2024-08-09T08:00:00Z,NEARUSDT,-0.00006443
2024-08-09T16:00:00Z,NEARUSDT,0.0001
2024-08-10T00:00:00Z,NEARUSDT,-0.00019898
2024-08-10T08:00:00Z,NEARUSDT,-0.00001276
2024-08-10T16:00:00Z,NEARUSDT,-0.0000817
2024-08-11T00:00:00Z,NEARUSDT,-0.00013202
2024-08-11T08:00:00Z,NEARUSDT,0.00009443
2024-08-11T16:00:00Z,NEARUSDT,0.00008942
2024-08-12T00:00:00Z,NEARUSDT,-0.00015314
2024-08-12T08:00:00Z,NEARUSDT,0.00005593
2024-08-12T16:00:00Z,NEARUSDT,0.0001
2024-08-13T00:00:00Z,NEARUSDT,0.00001816
2024-08-13T08:00:00Z,NEARUSDT,0.0001
2024-08-13T16:00:00Z,NEARUSDT,0.0001
2024-08-14T00:00:00Z,NEARUSDT,0.0000783
2024-08-14T08:00:00Z,NEARUSDT,0.00001528
2024-08-14T16:00:00Z,NEARUSDT,-0.00003402
2024-08-15T00:00:00Z,NEARUSDT,0.0001
2024-08-15T08:00:00Z,NEARUSDT,0.0001
2024-08-15T16:00:00Z,NEARUSDT,0.00007454
2024-08-16T00:00:00Z,NEARUSDT,-0.0001488
2024-08-16T08:00:00Z,NEARUSDT,-0.00006967
2024-08-16T16:00:00Z,NEARUSDT,-0.00009484
2024-08-17T00:00:00Z,NEARUSDT,0.0001
2024-08-17T08:00:00Z,NEARUSDT,0.0001
2024-08-17T16:00:00Z,NEARUSDT,0.00003127
2024-08-18T00:00:00Z,NEARUSDT,0.0001
2024-08-18T08:00:00Z,NEARUSDT,-0.00002811
2024-08-18T16:00:00Z,NEARUSDT,0.0000324
2024-08-19T00:00:00Z,NEARUSDT,0.00009046
2024-08-19T08:00:00Z,NEARUSDT,-0.00015272
2024-08-19T16:00:00Z,NEARUSDT,0.00002293
2024-08-20T00:00:00Z,NEARUSDT,0.0001
2024-08-20T08:00:00Z,NEARUSDT,0.0001
2024-08-20T16:00:00Z,NEARUSDT,0.0001
2024-08-21T00:00:00Z,NEARUSDT,0.0001
2024-08-21T08:00:00Z,NEARUSDT,0.0001
2024-08-21T16:00:00Z,NEARUSDT,0.0001
2024-08-22T00:00:00Z,NEARUSDT,0.00009851
2024-08-22T08:00:00Z,NEARUSDT,0.0001
2024-08-22T16:00:00Z,NEARUSDT,0.0001
2024-08-23T00:00:00Z,NEARUSDT,0.0001
2024-08-23T08:00:00Z,NEARUSDT,0.0001
2024-08-23T16:00:00Z,NEARUSDT,0.0000728
2024-08-24T00:00:00Z,NEARUSDT,0.0001
2024-08-24T08:00:00Z,NEARUSDT,0.0000916
2024-08-24T16:00:00Z,NEARUSDT,0.0000319
2024-08-25T00:00:00Z,NEARUSDT,0.0001
2024-08-25T08:00:00Z,NEARUSDT,0.0001
2024-08-25T16:00:00Z,NEARUSDT,-0.0000055
2024-08-26T00:00:00Z,NEARUSDT,0.0001
2024-08-26T08:00:00Z,NEARUSDT,0.00008897
2024-08-26T16:00:00Z,NEARUSDT,0.0001
2024-08-27T00:00:00Z,NEARUSDT,0.0001
2024-08-27T08:00:00Z,NEARUSDT,0.0001
2024-08-27T16:00:00Z,NEARUSDT,0.0001
2024-08-28T00:00:00Z,NEARUSDT,0.0001
2024-08-28T08:00:00Z,NEARUSDT,-0.00000784
2024-08-28T16:00:00Z,NEARUSDT,-0.00002683
2024-08-29T00:00:00Z,NEARUSDT,-0.00023951
2024-08-29T08:00:00Z,NEARUSDT,-0.00020455
2024-08-29T16:00:00Z,NEARUSDT,-0.00017098
2024-08-30T00:00:00Z,NEARUSDT,0.00002817
2024-08-30T08:00:00Z,NEARUSDT,0.00003296
2024-08-30T16:00:00Z,NEARUSDT,0.0001
2024-08-31T00:00:00Z,NEARUSDT,0.0001
2024-08-31T08:00:00Z,NEARUSDT,0.00004865
2024-08-31T16:00:00Z,NEARUSDT,0.0001
2024-09-01T00:00:00Z,NEARUSDT,0.00008257
2024-09-01T08:00:00Z,NEARUSDT,0.0001
2024-09-01T16:00:00Z,NEARUSDT,0.0001
2024-09-02T00:00:00Z,NEARUSDT,-0.00003564
2024-09-02T08:00:00Z,NEARUSDT,0.00002871
2024-09-02T16:00:00Z,NEARUSDT,0.0000143
2024-09-03T00:00:00Z,NEARUSDT,0.00005569
2024-09-03T08:00:00Z,NEARUSDT,-0.00000835
2024-09-03T16:00:00Z,NEARUSDT,-0.00002647
2024-09-04T00:00:00Z,NEARUSDT,0.00002071
2024-09-04T08:00:00Z,NEARUSDT,0.00003726
2024-09-04T16:00:00Z,NEARUSDT,-0.00012198
2024-09-05T00:00:00Z,NEARUSDT,-0.00025707
2024-09-05T08:00:00Z,NEARUSDT,0.0000851
2024-09-05T16:00:00Z,NEARUSDT,-0.00006133
2024-09-06T00:00:00Z,NEARUSDT,0.0001
2024-09-06T08:00:00Z,NEARUSDT,0.0001
2024-09-06T16:00:00Z,NEARUSDT,0.00003062
2024-09-07T00:00:00Z,NEARUSDT,0.00000917
2024-09-07T08:00:00Z,NEARUSDT,0.0001
2024-09-07T16:00:00Z,NEARUSDT,0.0001
2024-09-08T00:00:00Z,NEARUSDT,0.0001
2024-09-08T08:00:00Z,NEARUSDT,0.0001
2024-09-08T16:00:00Z,NEARUSDT,0.00005895
2024-09-09T00:00:00Z,NEARUSDT,0.0001
2024-09-09T08:00:00Z,NEARUSDT,0.0001
2024-09-09T16:00:00Z,NEARUSDT,-0.00000579
2024-09-10T00:00:00Z,NEARUSDT,0.0001
2024-09-10T08:00:00Z,NEARUSDT,0.00009234
2024-09-10T16:00:00Z,NEARUSDT,0.0001
2024-09-11T00:00:00Z,NEARUSDT,0.0001
2024-09-11T08:00:00Z,NEARUSDT,0.00009259
2024-09-11T16:00:00Z,NEARUSDT,0.00001472
2024-09-12T00:00:00Z,NEARUSDT,0.00007489
2024-09-12T08:00:00Z,NEARUSDT,0.00000054
2024-09-12T16:00:00Z,NEARUSDT,0.00006645
2024-09-13T00:00:00Z,NEARUSDT,0.00004334
2024-09-13T08:00:00Z,NEARUSDT,0.0001
2024-09-13T16:00:00Z,NEARUSDT,-0.00010558
2024-09-14T00:00:00Z,NEARUSDT,-0.00018414
2024-09-14T08:00:00Z,NEARUSDT,-0.00000478
2024-09-14T16:00:00Z,NEARUSDT,-0.00008915
2024-09-15T00:00:00Z,NEARUSDT,0.00002248
2024-09-15T08:00:00Z,NEARUSDT,0.00005995
2024-09-15T16:00:00Z,NEARUSDT,-0.00006982
2024-09-16T00:00:00Z,NEARUSDT,0.00003161
2024-09-16T08:00:00Z,NEARUSDT,0.00000626
2024-09-16T16:00:00Z,NEARUSDT,0.00003304
2024-09-17T00:00:00Z,NEARUSDT,0.00004065
2024-09-17T08:00:00Z,NEARUSDT,0.00009614
2024-09-17T16:00:00Z,NEARUSDT,-0.0000674
2024-09-18T00:00:00Z,NEARUSDT,0.00006262
2024-09-18T08:00:00Z,NEARUSDT,-0.00001324
2024-09-18T16:00:00Z,NEARUSDT,0.0000013
2024-09-19T00:00:00Z,NEARUSDT,0.0001
2024-09-19T08:00:00Z,NEARUSDT,0.0001
2024-09-19T16:00:00Z,NEARUSDT,0.0001
2024-09-20T00:00:00Z,NEARUSDT,0.0001
2024-09-20T08:00:00Z,NEARUSDT,0.0001
2024-09-20T16:00:00Z,NEARUSDT,0.0001
2024-09-21T00:00:00Z,NEARUSDT,0.0001
2024-09-21T08:00:00Z,NEARUSDT,0.0001
2024-09-21T16:00:00Z,NEARUSDT,0.0001
2024-09-22T00:00:00Z,NEARUSDT,0.0001
2024-09-22T08:00:00Z,NEARUSDT,0.00008574
2024-09-22T16:00:00Z,NEARUSDT,0.00005745
2024-09-23T00:00:00Z,NEARUSDT,0.00007289
2024-09-23T08:00:00Z,NEARUSDT,0.0001
2024-09-23T16:00:00Z,NEARUSDT,0.0001
2024-09-24T00:00:00Z,NEARUSDT,0.0001
2024-09-24T08:00:00Z,NEARUSDT,0.0001
2024-09-24T16:00:00Z,NEARUSDT,0.0001
2024-09-25T00:00:00Z,NEARUSDT,0.0001
2024-09-25T08:00:00Z,NEARUSDT,0.0001
2024-09-25T16:00:00Z,NEARUSDT,0.0001
2024-09-26T00:00:00Z,NEARUSDT,0.0001
2024-09-26T08:00:00Z,NEARUSDT,0.0001
2024-09-26T16:00:00Z,NEARUSDT,0.0001
2024-09-27T00:00:00Z,NEARUSDT,-0.00000454
2024-09-27T08:00:00Z,NEARUSDT,0.0001
2024-09-27T16:00:00Z,NEARUSDT,0.0001
2024-09-28T00:00:00Z,NEARUSDT,0.00003492
2024-09-28T08:00:00Z,NEARUSDT,0.0001
2024-09-28T16:00:00Z,NEARUSDT,0.0001
2024-09-29T00:00:00Z,NEARUSDT,0.0001
2024-09-29T08:00:00Z,NEARUSDT,0.0001
2024-09-29T16:00:00Z,NEARUSDT,0.0001
2024-09-30T00:00:00Z,NEARUSDT,0.0001
2024-09-30T08:00:00Z,NEARUSDT,0.0001
2024-09-30T16:00:00Z,NEARUSDT,0.0001
2024-10-01T00:00:00Z,NEARUSDT,0.0001
2024-10-01T08:00:00Z,NEARUSDT,0.0001
2024-10-01T16:00:00Z,NEARUSDT,0.0001
2024-10-02T00:00:00Z,NEARUSDT,0.00004257
2024-10-02T08:00:00Z,NEARUSDT,0.00009294
2024-10-02T16:00:00Z,NEARUSDT,0.0001
2024-10-03T00:00:00Z,NEARUSDT,0.00009693
2024-10-03T08:00:00Z,NEARUSDT,0.00007834
2024-10-03T16:00:00Z,NEARUSDT,0.00004868
2024-10-04T00:00:00Z,NEARUSDT,0.00004072
2024-10-04T08:00:00Z,NEARUSDT,0.00002328
2024-10-04T16:00:00Z,NEARUSDT,-0.00000911
2024-10-05T00:00:00Z,NEARUSDT,-0.00001807
2024-10-05T08:00:00Z,NEARUSDT,0.0001
2024-10-05T16:00:00Z,NEARUSDT,0.0001
2024-10-06T00:00:00Z,NEARUSDT,0.0000956
2024-10-06T08:00:00Z,NEARUSDT,0.0001
2024-10-06T16:00:00Z,NEARUSDT,0.0001
2024-10-07T00:00:00Z,NEARUSDT,0.0001
2024-10-07T08:00:00Z,NEARUSDT,0.00006994
2024-10-07T16:00:00Z,NEARUSDT,0.0000226
2024-10-08T00:00:00Z,NEARUSDT,0.0001
2024-10-08T08:00:00Z,NEARUSDT,0.00007078
2024-10-08T16:00:00Z,NEARUSDT,0.0001
2024-10-09T00:00:00Z,NEARUSDT,0.00000403
2024-10-09T08:00:00Z,NEARUSDT,-0.00003218
2024-10-09T16:00:00Z,NEARUSDT,0.0001
2024-10-10T00:00:00Z,NEARUSDT,0.00006403
2024-10-10T08:00:00Z,NEARUSDT,0.00001331
2024-10-10T16:00:00Z,NEARUSDT,0.00007841
2024-10-11T00:00:00Z,NEARUSDT,-0.0000665
2024-10-11T08:00:00Z,NEARUSDT,-0.0000248
2024-10-11T16:00:00Z,NEARUSDT,0.00007463
2024-10-12T00:00:00Z,NEARUSDT,0.0001
2024-10-12T08:00:00Z,NEARUSDT,0.0001
2024-10-12T16:00:00Z,NEARUSDT,0.0001
2024-10-13T00:00:00Z,NEARUSDT,0.0001
2024-10-13T08:00:00Z,NEARUSDT,0.0001
2024-10-13T16:00:00Z,NEARUSDT,0.0001
2024-10-14T00:00:00Z,NEARUSDT,0.0001
2024-10-14T08:00:00Z,NEARUSDT,0.0001
2024-10-14T16:00:00Z,NEARUSDT,0.0001
2024-10-15T00:00:00Z,NEARUSDT,0.0001
2024-10-15T08:00:00Z,NEARUSDT,0.0001
2024-10-15T16:00:00Z,NEARUSDT,0.0001
2024-10-16T00:00:00Z,NEARUSDT,0.0001
2024-10-16T08:00:00Z,NEARUSDT,0.0001
2024-10-16T16:00:00Z,NEARUSDT,0.0001
2024-10-17T00:00:00Z,NEARUSDT,0.0001
2024-10-17T08:00:00Z,NEARUSDT,0.0001
2024-10-17T16:00:00Z,NEARUSDT,0.0001
2024-10-18T00:00:00Z,NEARUSDT,0.0001
2024-10-18T08:00:00Z,NEARUSDT,0.0001
2024-10-18T16:00:00Z,NEARUSDT,0.00008518
2024-10-19T00:00:00Z,NEARUSDT,0.0001
2024-10-19T08:00:00Z,NEARUSDT,0.0001
2024-10-19T16:00:00Z,NEARUSDT,0.0001
2024-10-20T00:00:00Z,NEARUSDT,0.0001
2024-10-20T08:00:00Z,NEARUSDT,0.0001
2024-10-20T16:00:00Z,NEARUSDT,0.0001
2024-10-21T00:00:00Z,NEARUSDT,0.0001
2024-10-21T08:00:00Z,NEARUSDT,0.0001
2024-10-21T16:00:00Z,NEARUSDT,0.0001
2024-10-22T00:00:00Z,NEARUSDT,0.0001
2024-10-22T08:00:00Z,NEARUSDT,0.0001
2024-10-22T16:00:00Z,NEARUSDT,0.0001
2024-10-23T00:00:00Z,NEARUSDT,0.0001
2024-10-23T08:00:00Z,NEARUSDT,0.0001
2024-10-23T16:00:00Z,NEARUSDT,0.0001
2024-10-24T00:00:00Z,NEARUSDT,0.0001
2024-10-24T08:00:00Z,NEARUSDT,0.0001
2024-10-24T16:00:00Z,NEARUSDT,0.0001
2024-10-25T00:00:00Z,NEARUSDT,0.0001
2024-10-25T08:00:00Z,NEARUSDT,0.0001
2024-10-25T16:00:00Z,NEARUSDT,0.0001
2024-10-26T00:00:00Z,NEARUSDT,0.0001
2024-10-26T08:00:00Z,NEARUSDT,0.00001553
2024-10-26T16:00:00Z,NEARUSDT,0.0001
2024-10-27T00:00:00Z,NEARUSDT,0.00005249
2024-10-27T08:00:00Z,NEARUSDT,0.0001
2024-10-27T16:00:00Z,NEARUSDT,0.0001
2024-10-28T00:00:00Z,NEARUSDT,0.00004759
2024-10-28T08:00:00Z,NEARUSDT,0.0001
2024-10-28T16:00:00Z,NEARUSDT,0.0001
2024-10-29T00:00:00Z,NEARUSDT,0.0001
2024-10-29T08:00:00Z,NEARUSDT,0.0001
2024-10-29T16:00:00Z,NEARUSDT,0.0001
2024-10-30T00:00:00Z,NEARUSDT,0.0001
2024-10-30T08:00:00Z,NEARUSDT,0.0001
2024-10-30T16:00:00Z,NEARUSDT,0.0001
2024-10-31T00:00:00Z,NEARUSDT,0.0001
2024-10-31T08:00:00Z,NEARUSDT,0.0001
2024-10-31T16:00:00Z,NEARUSDT,0.0001
2024-11-01T00:00:00Z,NEARUSDT,0.0001
2024-11-01T08:00:00Z,NEARUSDT,0.0001
2024-11-01T16:00:00Z,NEARUSDT,0.0001
2024-11-02T00:00:00Z,NEARUSDT,0.0001
2024-11-02T08:00:00Z,NEARUSDT,0.0001
2024-11-02T16:00:00Z,NEARUSDT,0.0001
2024-11-03T00:00:00Z,NEARUSDT,0.0001
2024-11-03T08:00:00Z,NEARUSDT,0.0001
2024-11-03T16:00:00Z,NEARUSDT,0.0001
2024-11-04T00:00:00Z,NEARUSDT,0.0001
2024-11-04T08:00:00Z,NEARUSDT,0.0001
2024-11-04T16:00:00Z,NEARUSDT,0.0001
2024-11-05T00:00:00Z,NEARUSDT,0.0001
2024-11-05T08:00:00Z,NEARUSDT,0.00008672
2024-11-05T16:00:00Z,NEARUSDT,0.00009631
2024-11-06T00:00:00Z,NEARUSDT,0.00008642
2024-11-06T08:00:00Z,NEARUSDT,0.0001
2024-11-06T16:00:00Z,NEARUSDT,0.0001
2024-11-07T00:00:00Z,NEARUSDT,0.0001
2024-11-07T08:00:00Z,NEARUSDT,0.0001
2024-11-07T16:00:00Z,NEARUSDT,0.0001
2024-11-08T00:00:00Z,NEARUSDT,0.0001
2024-11-08T08:00:00Z,NEARUSDT,0.0001
2024-11-08T16:00:00Z,NEARUSDT,0.0001
2024-11-09T00:00:00Z,NEARUSDT,0.0001
2024-11-09T08:00:00Z,NEARUSDT,0.0001
2024-11-09T16:00:00Z,NEARUSDT,0.0001
2024-11-10T00:00:00Z,NEARUSDT,0.00032091
2024-11-10T08:00:00Z,NEARUSDT,0.00048046
2024-11-10T16:00:00Z,NEARUSDT,0.00045336
2024-11-11T00:00:00Z,NEARUSDT,0.0001
2024-11-11T08:00:00Z,NEARUSDT,0.00055479
2024-11-11T16:00:00Z,NEARUSDT,0.0001
2024-11-12T00:00:00Z,NEARUSDT,0.00021287
2024-11-12T08:00:00Z,NEARUSDT,0.00041752
2024-11-12T16:00:00Z,NEARUSDT,0.00068025
2024-11-13T00:00:00Z,NEARUSDT,0.00040713
2024-11-13T08:00:00Z,NEARUSDT,0.00010836
2024-11-13T16:00:00Z,NEARUSDT,0.0001147
2024-11-14T00:00:00Z,NEARUSDT,0.0001
2024-11-14T08:00:00Z,NEARUSDT,0.000275
2024-11-14T16:00:00Z,NEARUSDT,0.0001
2024-11-15T00:00:00Z,NEARUSDT,0.00018556
2024-11-15T08:00:00Z,NEARUSDT,0.0001
2024-11-15T16:00:00Z,NEARUSDT,0.0001
2024-11-16T00:00:00Z,NEARUSDT,0.0001
2024-11-16T08:00:00Z,NEARUSDT,0.00010769
2024-11-16T16:00:00Z,NEARUSDT,0.00012653
2024-11-17T00:00:00Z,NEARUSDT,0.00019006
2024-11-17T08:00:00Z,NEARUSDT,0.00021846
2024-11-17T16:00:00Z,NEARUSDT,0.00026545
2024-11-18T00:00:00Z,NEARUSDT,0.00023293
2024-11-18T08:00:00Z,NEARUSDT,0.00014492
2024-11-18T16:00:00Z,NEARUSDT,0.00033826
2024-11-19T00:00:00Z,NEARUSDT,0.00037152
2024-11-19T08:00:00Z,NEARUSDT,0.00041223
2024-11-19T16:00:00Z,NEARUSDT,0.0002594
2024-11-20T00:00:00Z,NEARUSDT,0.0001
2024-11-20T08:00:00Z,NEARUSDT,0.0001
2024-11-20T16:00:00Z,NEARUSDT,0.0001
2024-11-21T00:00:00Z,NEARUSDT,0.0001
2024-11-21T08:00:00Z,NEARUSDT,0.0001
2024-11-21T16:00:00Z,NEARUSDT,0.0001
2024-11-22T00:00:00Z,NEARUSDT,0.0004593
2024-11-22T08:00:00Z,NEARUSDT,0.0002872
2024-11-22T16:00:00Z,NEARUSDT,0.0002922
2024-11-23T00:00:00Z,NEARUSDT,0.00035847
2024-11-23T08:00:00Z,NEARUSDT,0.00054529
2024-11-23T16:00:00Z,NEARUSDT,0.00058342
2024-11-24T00:00:00Z,NEARUSDT,0.00034592
2024-11-24T08:00:00Z,NEARUSDT,0.00038991
2024-11-24T16:00:00Z,NEARUSDT,0.00016547
2024-11-25T00:00:00Z,NEARUSDT,0.00036436
2024-11-25T08:00:00Z,NEARUSDT,0.00042031
2024-11-25T16:00:00Z,NEARUSDT,0.0003523
2024-11-26T00:00:00Z,NEARUSDT,0.00024189
2024-11-26T08:00:00Z,NEARUSDT,0.00024561
2024-11-26T16:00:00Z,NEARUSDT,0.0001
2024-11-27T00:00:00Z,NEARUSDT,0.0001
2024-11-27T08:00:00Z,NEARUSDT,0.00039176
2024-11-27T16:00:00Z,NEARUSDT,0.00025102
2024-11-28T00:00:00Z,NEARUSDT,0.00024421
2024-11-28T08:00:00Z,NEARUSDT,0.00016689
2024-11-28T16:00:00Z,NEARUSDT,0.00023101
2024-11-29T00:00:00Z,NEARUSDT,0.00052918
2024-11-29T08:00:00Z,NEARUSDT,0.00037063
2024-11-29T16:00:00Z,NEARUSDT,0.00029405
2024-11-30T00:00:00Z,NEARUSDT,0.00023273
2024-11-30T08:00:00Z,NEARUSDT,0.00037653
2024-11-30T16:00:00Z,NEARUSDT,0.00049656
2024-12-01T00:00:00Z,NEARUSDT,0.00038574
2024-12-01T08:00:00Z,NEARUSDT,0.00024805
2024-12-01T16:00:00Z,NEARUSDT,0.00033888
2024-12-02T00:00:00Z,NEARUSDT,0.00041111
2024-12-02T08:00:00Z,NEARUSDT,0.00030753
2024-12-02T16:00:00Z,NEARUSDT,0.00013488
2024-12-03T00:00:00Z,NEARUSDT,0.00059182
2024-12-03T08:00:00Z,NEARUSDT,0.00073471
2024-12-03T16:00:00Z,NEARUSDT,0.00037891
2024-12-04T00:00:00Z,NEARUSDT,0.0005059
2024-12-04T08:00:00Z,NEARUSDT,0.00083287
2024-12-04T16:00:00Z,NEARUSDT,0.00063116
2024-12-05T00:00:00Z,NEARUSDT,0.00054022
2024-12-05T08:00:00Z,NEARUSDT,0.00072087
2024-12-05T16:00:00Z,NEARUSDT,0.00095659
2024-12-06T00:00:00Z,NEARUSDT,0.00062707
2024-12-06T08:00:00Z,NEARUSDT,0.00071214
2024-12-06T16:00:00Z,NEARUSDT,0.00028175
2024-12-07T00:00:00Z,NEARUSDT,0.00061819
2024-12-07T08:00:00Z,NEARUSDT,0.00033632
2024-12-07T16:00:00Z,NEARUSDT,0.00041043
2024-12-08T00:00:00Z,NEARUSDT,0.00035793
2024-12-08T08:00:00Z,NEARUSDT,0.00020247
2024-12-08T16:00:00Z,NEARUSDT,0.00016802
2024-12-09T00:00:00Z,NEARUSDT,0.00036464
2024-12-09T08:00:00Z,NEARUSDT,0.00029005
2024-12-09T16:00:00Z,NEARUSDT,0.0001
2024-12-10T00:00:00Z,NEARUSDT,0.0001
2024-12-10T08:00:00Z,NEARUSDT,0.0001
2024-12-10T16:00:00Z,NEARUSDT,0.0001
2024-12-11T00:00:00Z,NEARUSDT,0.0001
2024-12-11T08:00:00Z,NEARUSDT,0.0001
2024-12-11T16:00:00Z,NEARUSDT,0.0001
2024-12-12T00:00:00Z,NEARUSDT,0.0001
2024-12-12T08:00:00Z,NEARUSDT,0.0001
2024-12-12T16:00:00Z,NEARUSDT,0.0001
2024-12-13T00:00:00Z,NEARUSDT,0.0001
2024-12-13T08:00:00Z,NEARUSDT,0.0001
2024-12-13T16:00:00Z,NEARUSDT,0.0001
2024-12-14T00:00:00Z,NEARUSDT,0.0001
2024-12-14T08:00:00Z,NEARUSDT,0.0001
2024-12-14T16:00:00Z,NEARUSDT,0.0001
2024-12-15T00:00:00Z,NEARUSDT,0.0001
2024-12-15T08:00:00Z,NEARUSDT,0.0001
2024-12-15T16:00:00Z,NEARUSDT,0.0001
2024-12-16T00:00:00Z,NEARUSDT,0.0001
2024-12-16T08:00:00Z,NEARUSDT,0.0001
2024-12-16T16:00:00Z,NEARUSDT,0.0001
2024-12-17T00:00:00Z,NEARUSDT,0.0001
2024-12-17T08:00:00Z,NEARUSDT,0.0001
2024-12-17T16:00:00Z,NEARUSDT,0.0001
2024-12-18T00:00:00Z,NEARUSDT,0.0001
2024-12-18T08:00:00Z,NEARUSDT,0.0001
2024-12-18T16:00:00Z,NEARUSDT,0.0001
2024-12-19T00:00:00Z,NEARUSDT,0.0001
2024-12-19T08:00:00Z,NEARUSDT,0.00006999
2024-12-19T16:00:00Z,NEARUSDT,0.0001
2024-12-20T00:00:00Z,NEARUSDT,-0.00008457
2024-12-20T08:00:00Z,NEARUSDT,0.00009434
2024-12-20T16:00:00Z,NEARUSDT,-0.00021154
2024-12-21T00:00:00Z,NEARUSDT,0.00002736
2024-12-21T08:00:00Z,NEARUSDT,0.0001
2024-12-21T16:00:00Z,NEARUSDT,0.0001
2024-12-22T00:00:00Z,NEARUSDT,-0.0000693
2024-12-22T08:00:00Z,NEARUSDT,0.0001
2024-12-22T16:00:00Z,NEARUSDT,-0.00001515
2024-12-23T00:00:00Z,NEARUSDT,0.00003651
2024-12-23T08:00:00Z,NEARUSDT,0.00005654
2024-12-23T16:00:00Z,NEARUSDT,0.0001
2024-12-24T00:00:00Z,NEARUSDT,0.0001
2024-12-24T08:00:00Z,NEARUSDT,-0.00013784
2024-12-24T16:00:00Z,NEARUSDT,0.00000169
2024-12-25T00:00:00Z,NEARUSDT,0.0001
2024-12-25T08:00:00Z,NEARUSDT,0.0001
2024-12-25T16:00:00Z,NEARUSDT,0.0001
2024-12-26T00:00:00Z,NEARUSDT,0.0001
2024-12-26T08:00:00Z,NEARUSDT,0.0001
2024-12-26T16:00:00Z,NEARUSDT,0.0001
2024-12-27T00:00:00Z,NEARUSDT,0.00009491
2024-12-27T08:00:00Z,NEARUSDT,0.0001
2024-12-27T16:00:00Z,NEARUSDT,0.00003173
2024-12-28T00:00:00Z,NEARUSDT,0.00008097
2024-12-28T08:00:00Z,NEARUSDT,-0.0001501
2024-12-28T16:00:00Z,NEARUSDT,-0.00004648
2024-12-29T00:00:00Z,NEARUSDT,0.0001
2024-12-29T08:00:00Z,NEARUSDT,0.0001
2024-12-29T16:00:00Z,NEARUSDT,0.0001
2024-12-30T00:00:00Z,NEARUSDT,0.0001
2024-12-30T08:00:00Z,NEARUSDT,0.0001
2024-12-30T16:00:00Z,NEARUSDT,0.0001
2024-12-31T00:00:00Z,NEARUSDT,0.0001
2024-12-31T08:00:00Z,NEARUSDT,0.00002432
2024-12-31T16:00:00Z,NEARUSDT,0.0001
2025-01-01T00:00:00Z,NEARUSDT,0.0001
2025-01-01T08:00:00Z,NEARUSDT,0.0001
2025-01-01T16:00:00Z,NEARUSDT,0.0001
2025-01-02T00:00:00Z,NEARUSDT,0.0001
2025-01-02T08:00:00Z,NEARUSDT,0.0001
2025-01-02T16:00:00Z,NEARUSDT,0.0001
2025-01-03T00:00:00Z,NEARUSDT,0.0001
2025-01-03T08:00:00Z,NEARUSDT,0.0001
2025-01-03T16:00:00Z,NEARUSDT,0.0001
2025-01-04T00:00:00Z,NEARUSDT,0.0001
2025-01-04T08:00:00Z,NEARUSDT,0.0001
2025-01-04T16:00:00Z,NEARUSDT,0.0001
2025-01-05T00:00:00Z,NEARUSDT,0.0001
2025-01-05T08:00:00Z,NEARUSDT,0.0001
2025-01-05T16:00:00Z,NEARUSDT,0.0001
2025-01-06T00:00:00Z,NEARUSDT,0.0001
2025-01-06T08:00:00Z,NEARUSDT,0.0001
2025-01-06T16:00:00Z,NEARUSDT,0.0001
2025-01-07T00:00:00Z,NEARUSDT,0.0001
2025-01-07T08:00:00Z,NEARUSDT,0.0001
2025-01-07T16:00:00Z,NEARUSDT,0.0001
2025-01-08T00:00:00Z,NEARUSDT,-0.00001587
2025-01-08T08:00:00Z,NEARUSDT,0.00008448
2025-01-08T16:00:00Z,NEARUSDT,-0.00000231
2025-01-09T00:00:00Z,NEARUSDT,-0.00011922
2025-01-09T08:00:00Z,NEARUSDT,0.0001
2025-01-09T16:00:00Z,NEARUSDT,-0.00002974
2025-01-10T00:00:00Z,NEARUSDT,0.00006037
2025-01-10T08:00:00Z,NEARUSDT,0.00005012
2025-01-10T16:00:00Z,NEARUSDT,0.0001
2025-01-11T00:00:00Z,NEARUSDT,0.0001
2025-01-11T08:00:00Z,NEARUSDT,0.0001
2025-01-11T16:00:00Z,NEARUSDT,0.00008178
2025-01-12T00:00:00Z,NEARUSDT,0.0001
2025-01-12T08:00:00Z,NEARUSDT,0.0001
2025-01-12T16:00:00Z,NEARUSDT,0.0001
2025-01-13T00:00:00Z,NEARUSDT,0.0001
2025-01-13T08:00:00Z,NEARUSDT,-0.00004672
2025-01-13T16:00:00Z,NEARUSDT,-0.00019614
2025-01-14T00:00:00Z,NEARUSDT,-0.00009897
2025-01-14T08:00:00Z,NEARUSDT,0.00002102
2025-01-14T16:00:00Z,NEARUSDT,0.00006425
2025-01-15T00:00:00Z,NEARUSDT,-0.0000246
2025-01-15T08:00:00Z,NEARUSDT,0.0001
2025-01-15T16:00:00Z,NEARUSDT,0.0001
2025-01-16T00:00:00Z,NEARUSDT,0.0001
2025-01-16T08:00:00Z,NEARUSDT,0.0001
2025-01-16T16:00:00Z,NEARUSDT,0.0001
2025-01-17T00:00:00Z,NEARUSDT,0.0001
2025-01-17T08:00:00Z,NEARUSDT,0.0001
2025-01-17T16:00:00Z,NEARUSDT,0.0001
2025-01-18T00:00:00Z,NEARUSDT,0.0001
2025-01-18T08:00:00Z,NEARUSDT,0.0001
2025-01-18T16:00:00Z,NEARUSDT,0.0001
2025-01-19T00:00:00Z,NEARUSDT,0.0001
2025-01-19T08:00:00Z,NEARUSDT,0.0001
2025-01-19T16:00:00Z,NEARUSDT,0.0001
2025-01-20T00:00:00Z,NEARUSDT,0.0001
2025-01-20T08:00:00Z,NEARUSDT,0.0001
2025-01-20T16:00:00Z,NEARUSDT,0.0001
2025-01-21T00:00:00Z,NEARUSDT,0.0001
2025-01-21T08:00:00Z,NEARUSDT,-0.00001632
2025-01-21T16:00:00Z,NEARUSDT,0.0001
2025-01-22T00:00:00Z,NEARUSDT,0.0001
2025-01-22T08:00:00Z,NEARUSDT,0.0001
2025-01-22T16:00:00Z,NEARUSDT,0.0001
2025-01-23T00:00:00Z,NEARUSDT,0.0001
2025-01-23T08:00:00Z,NEARUSDT,0.0001
2025-01-23T16:00:00Z,NEARUSDT,0.0001
2025-01-24T00:00:00Z,NEARUSDT,0.0001
2025-01-24T08:00:00Z,NEARUSDT,0.0001
2025-01-24T16:00:00Z,NEARUSDT,0.0001
2025-01-25T00:00:00Z,NEARUSDT,0.0001
2025-01-25T08:00:00Z,NEARUSDT,0.0001
2025-01-25T16:00:00Z,NEARUSDT,0.0001
2025-01-26T00:00:00Z,NEARUSDT,0.0001
2025-01-26T08:00:00Z,NEARUSDT,0.0001
2025-01-26T16:00:00Z,NEARUSDT,0.0001
2025-01-27T00:00:00Z,NEARUSDT,0.0001
2025-01-27T08:00:00Z,NEARUSDT,-0.00014361
2025-01-27T16:00:00Z,NEARUSDT,-0.00004524
2025-01-28T00:00:00Z,NEARUSDT,0.00006037
2025-01-28T08:00:00Z,NEARUSDT,0.00000423
2025-01-28T16:00:00Z,NEARUSDT,0.0000648
2025-01-29T00:00:00Z,NEARUSDT,0.00005427
2025-01-29T08:00:00Z,NEARUSDT,0.0000622
2025-01-29T16:00:00Z,NEARUSDT,0.00003221
2025-01-30T00:00:00Z,NEARUSDT,0.0001
2025-01-30T08:00:00Z,NEARUSDT,0.0001
2025-01-30T16:00:00Z,NEARUSDT,0.0001
2025-01-31T00:00:00Z,NEARUSDT,0.0001
2025-01-31T08:00:00Z,NEARUSDT,0.0001
2025-01-31T16:00:00Z,NEARUSDT,0.0001
2025-02-01T00:00:00Z,NEARUSDT,0.0001
2025-02-01T08:00:00Z,NEARUSDT,0.0001
2025-02-01T16:00:00Z,NEARUSDT,0.0001
2025-02-02T00:00:00Z,NEARUSDT,-0.00000532
2025-02-02T08:00:00Z,NEARUSDT,0.00007062
2025-02-02T16:00:00Z,NEARUSDT,0.0000366
2025-02-03T00:00:00Z,NEARUSDT,-0.00018977
2025-02-03T08:00:00Z,NEARUSDT,-0.00017121
2025-02-03T16:00:00Z,NEARUSDT,-0.00009036
2025-02-04T00:00:00Z,NEARUSDT,-0.00005658
2025-02-04T08:00:00Z,NEARUSDT,0.00007598
2025-02-04T16:00:00Z,NEARUSDT,-0.00005614
2025-02-05T00:00:00Z,NEARUSDT,0.00004459
2025-02-05T08:00:00Z,NEARUSDT,0.00001091
2025-02-05T16:00:00Z,NEARUSDT,0.00006288
2025-02-06T00:00:00Z,NEARUSDT,0.00005379
2025-02-06T08:00:00Z,NEARUSDT,0.0001
2025-02-06T16:00:00Z,NEARUSDT,0.00000357
2025-02-07T00:00:00Z,NEARUSDT,0.00004501
2025-02-07T08:00:00Z,NEARUSDT,-0.00010828
2025-02-07T16:00:00Z,NEARUSDT,-0.00000547
2025-02-08T00:00:00Z,NEARUSDT,-0.00004925
2025-02-08T08:00:00Z,NEARUSDT,0.00005702
2025-02-08T16:00:00Z,NEARUSDT,0.0001
2025-02-09T00:00:00Z,NEARUSDT,-0.00008006
2025-02-09T08:00:00Z,NEARUSDT,0.00000436
2025-02-09T16:00:00Z,NEARUSDT,0.0001
2025-02-10T00:00:00Z,NEARUSDT,0.00005507
2025-02-10T08:00:00Z,NEARUSDT,0.000082
2025-02-10T16:00:00Z,NEARUSDT,0.0001
2025-02-11T00:00:00Z,NEARUSDT,0.0001
2025-02-11T08:00:00Z,NEARUSDT,0.0001
2025-02-11T16:00:00Z,NEARUSDT,0.00009194
2025-02-12T00:00:00Z,NEARUSDT,0.00000624
2025-02-12T08:00:00Z,NEARUSDT,-0.00009083
2025-02-12T16:00:00Z,NEARUSDT,0.00008324
2025-02-13T00:00:00Z,NEARUSDT,0.0001
2025-02-13T08:00:00Z,NEARUSDT,0.0001
2025-02-13T16:00:00Z,NEARUSDT,0.00005425
2025-02-14T00:00:00Z,NEARUSDT,0.0000588
2025-02-14T08:00:00Z,NEARUSDT,-0.00008293
2025-02-14T16:00:00Z,NEARUSDT,0.00002944
2025-02-15T00:00:00Z,NEARUSDT,0.00004841
2025-02-15T08:00:00Z,NEARUSDT,0.0001
2025-02-15T16:00:00Z,NEARUSDT,0.0001
2025-02-16T00:00:00Z,NEARUSDT,0.00007107
2025-02-16T08:00:00Z,NEARUSDT,-0.00013526
2025-02-16T16:00:00Z,NEARUSDT,-0.00004594
2025-02-17T00:00:00Z,NEARUSDT,-0.00004762
2025-02-17T08:00:00Z,NEARUSDT,-0.00003763
2025-02-17T16:00:00Z,NEARUSDT,0.0001
2025-02-18T00:00:00Z,NEARUSDT,0.00004413
2025-02-18T08:00:00Z,NEARUSDT,-0.00001063
2025-02-18T16:00:00Z,NEARUSDT,0.00007262
2025-02-19T00:00:00Z,NEARUSDT,0.0001
2025-02-19T08:00:00Z,NEARUSDT,-0.00004969
2025-02-19T16:00:00Z,NEARUSDT,-0.00000141
2025-02-20T00:00:00Z,NEARUSDT,-0.00002103
2025-02-20T08:00:00Z,NEARUSDT,-0.00003514
2025-02-20T16:00:00Z,NEARUSDT,0.00000268
2025-02-21T00:00:00Z,NEARUSDT,0.0001
2025-02-21T08:00:00Z,NEARUSDT,0.0001
2025-02-21T16:00:00Z,NEARUSDT,0.00009675
2025-02-22T00:00:00Z,NEARUSDT,0.00011682
2025-02-22T08:00:00Z,NEARUSDT,0.0001
2025-02-22T16:00:00Z,NEARUSDT,0.0001
2025-02-23T00:00:00Z,NEARUSDT,0.0001
2025-02-23T08:00:00Z,NEARUSDT,0.0001
2025-02-23T16:00:00Z,NEARUSDT,0.0001
2025-02-24T00:00:00Z,NEARUSDT,0.0001
2025-02-24T08:00:00Z,NEARUSDT,0.0001
2025-02-24T16:00:00Z,NEARUSDT,0.0001
2025-02-25T00:00:00Z,NEARUSDT,0.0001
2025-02-25T08:00:00Z,NEARUSDT,0.0001
2025-02-25T16:00:00Z,NEARUSDT,0.0001
2025-02-26T00:00:00Z,NEARUSDT,0.0001
2025-02-26T08:00:00Z,NEARUSDT,0.0001
2025-02-26T16:00:00Z,NEARUSDT,0.0001
2025-02-27T00:00:00Z,NEARUSDT,0.0001
2025-02-27T08:00:00Z,NEARUSDT,0.0001
2025-02-27T16:00:00Z,NEARUSDT,0.0001
2025-02-28T00:00:00Z,NEARUSDT,0.0001
2025-02-28T08:00:00Z,NEARUSDT,0.0001
2025-02-28T16:00:00Z,NEARUSDT,-0.00001279
2025-03-01T00:00:00Z,NEARUSDT,0.0001
2025-03-01T08:00:00Z,NEARUSDT,0.0001
2025-03-01T16:00:00Z,NEARUSDT,0.0001
2025-03-02T00:00:00Z,NEARUSDT,0.0001
2025-03-02T08:00:00Z,NEARUSDT,0.00008321
2025-03-02T16:00:00Z,NEARUSDT,0.0001
2025-03-03T00:00:00Z,NEARUSDT,0.0001
2025-03-03T08:00:00Z,NEARUSDT,0.0001
2025-03-03T16:00:00Z,NEARUSDT,0.0001
2025-03-04T00:00:00Z,NEARUSDT,0.00009407
2025-03-04T08:00:00Z,NEARUSDT,0.0001
2025-03-04T16:00:00Z,NEARUSDT,-0.00000376
2025-03-05T00:00:00Z,NEARUSDT,-0.00003532
2025-03-05T08:00:00Z,NEARUSDT,0.0001
2025-03-05T16:00:00Z,NEARUSDT,0.0001
2025-03-06T00:00:00Z,NEARUSDT,-0.00000015
2025-03-06T08:00:00Z,NEARUSDT,0.0001
2025-03-06T16:00:00Z,NEARUSDT,0.00003882
2025-03-07T00:00:00Z,NEARUSDT,-0.00000405
2025-03-07T08:00:00Z,NEARUSDT,0.0001
2025-03-07T16:00:00Z,NEARUSDT,0.00009241
2025-03-08T00:00:00Z,NEARUSDT,0.00007273
2025-03-08T08:00:00Z,NEARUSDT,0.0001
2025-03-08T16:00:00Z,NEARUSDT,-0.00007706
2025-03-09T00:00:00Z,NEARUSDT,-0.00006367
2025-03-09T08:00:00Z,NEARUSDT,-0.00006278
2025-03-09T16:00:00Z,NEARUSDT,0.00007032
2025-03-10T00:00:00Z,NEARUSDT,-0.00016586
2025-03-10T08:00:00Z,NEARUSDT,-0.0001025
2025-03-10T16:00:00Z,NEARUSDT,0.00000464
2025-03-11T00:00:00Z,NEARUSDT,-0.00004655
2025-03-11T08:00:00Z,NEARUSDT,-0.00025434
2025-03-11T16:00:00Z,NEARUSDT,-0.00005175
2025-03-12T00:00:00Z,NEARUSDT,0.00008572
2025-03-12T08:00:00Z,NEARUSDT,0.0001
2025-03-12T16:00:00Z,NEARUSDT,0.00009191
2025-03-13T00:00:00Z,NEARUSDT,0.0001
2025-03-13T08:00:00Z,NEARUSDT,0.00004987
2025-03-13T16:00:00Z,NEARUSDT,0.0001
2025-03-14T00:00:00Z,NEARUSDT,0.0001
2025-03-14T08:00:00Z,NEARUSDT,0.00004861
2025-03-14T16:00:00Z,NEARUSDT,0.0000441
2025-03-15T00:00:00Z,NEARUSDT,-0.00015068
2025-03-15T08:00:00Z,NEARUSDT,0.0001
2025-03-15T16:00:00Z,NEARUSDT,0.0001
2025-03-16T00:00:00Z,NEARUSDT,0.00002781
2025-03-16T08:00:00Z,NEARUSDT,0.00004385
2025-03-16T16:00:00Z,NEARUSDT,-0.00001329
2025-03-17T00:00:00Z,NEARUSDT,-0.00017517
2025-03-17T08:00:00Z,NEARUSDT,0.00005901
2025-03-17T16:00:00Z,NEARUSDT,0.00000387
2025-03-18T00:00:00Z,NEARUSDT,0.0001
2025-03-18T08:00:00Z,NEARUSDT,0.00009269
2025-03-18T16:00:00Z,NEARUSDT,-0.00000583
2025-03-19T00:00:00Z,NEARUSDT,0.00002568
2025-03-19T08:00:00Z,NEARUSDT,-0.00004324
2025-03-19T16:00:00Z,NEARUSDT,0.00006409
2025-03-20T00:00:00Z,NEARUSDT,0.00009788
2025-03-20T08:00:00Z,NEARUSDT,0.0001
2025-03-20T16:00:00Z,NEARUSDT,0.0001
2025-03-21T00:00:00Z,NEARUSDT,0.0001
2025-03-21T08:00:00Z,NEARUSDT,0.0001
2025-03-21T16:00:00Z,NEARUSDT,0.0001
2025-03-22T00:00:00Z,NEARUSDT,0.0001
2025-03-22T08:00:00Z,NEARUSDT,0.0001
2025-03-22T16:00:00Z,NEARUSDT,-0.00005841
2025-03-23T00:00:00Z,NEARUSDT,0.0001
2025-03-23T08:00:00Z,NEARUSDT,0.0001
2025-03-23T16:00:00Z,NEARUSDT,0.0001
2025-03-24T00:00:00Z,NEARUSDT,0.0000486
2025-03-24T08:00:00Z,NEARUSDT,-0.00001286
2025-03-24T16:00:00Z,NEARUSDT,-0.00012435
2025-03-25T00:00:00Z,NEARUSDT,0.00007059
2025-03-25T08:00:00Z,NEARUSDT,0.00007414
2025-03-25T16:00:00Z,NEARUSDT,-0.00022428
2025-03-26T00:00:00Z,NEARUSDT,-0.00022029
2025-03-26T08:00:00Z,NEARUSDT,-0.00016028
2025-03-26T16:00:00Z,NEARUSDT,0.00004805
2025-03-27T00:00:00Z,NEARUSDT,0.0001
2025-03-27T08:00:00Z,NEARUSDT,-0.00008522
2025-03-27T16:00:00Z,NEARUSDT,-0.00001693
2025-03-28T00:00:00Z,NEARUSDT,-0.00002632
2025-03-28T08:00:00Z,NEARUSDT,-0.00001091
2025-03-28T16:00:00Z,NEARUSDT,0.00001899
2025-03-29T00:00:00Z,NEARUSDT,0.00005999
2025-03-29T08:00:00Z,NEARUSDT,0.0001
2025-03-29T16:00:00Z,NEARUSDT,-0.00004737
2025-03-30T00:00:00Z,NEARUSDT,-0.00005847
2025-03-30T08:00:00Z,NEARUSDT,-0.00005918
2025-03-30T16:00:00Z,NEARUSDT,-0.00000636
2025-03-31T00:00:00Z,NEARUSDT,0.00005523
2025-03-31T08:00:00Z,NEARUSDT,0.00001968
2025-03-31T16:00:00Z,NEARUSDT,-0.000076
2025-04-01T00:00:00Z,NEARUSDT,0.0001
2025-04-01T08:00:00Z,NEARUSDT,0.00005891
2025-04-01T16:00:00Z,NEARUSDT,0.0001
2025-04-02T00:00:00Z,NEARUSDT,0.0001
2025-04-02T08:00:00Z,NEARUSDT,0.0001
2025-04-02T16:00:00Z,NEARUSDT,0.00004222
2025-04-03T00:00:00Z,NEARUSDT,0.00002158
2025-04-03T08:00:00Z,NEARUSDT,0.0001
2025-04-03T16:00:00Z,NEARUSDT,0.00004539
2025-04-04T00:00:00Z,NEARUSDT,0.00005766
2025-04-04T08:00:00Z,NEARUSDT,0.00001107
2025-04-04T16:00:00Z,NEARUSDT,0.00005207
2025-04-05T00:00:00Z,NEARUSDT,0.0001
2025-04-05T08:00:00Z,NEARUSDT,0.0001
2025-04-05T16:00:00Z,NEARUSDT,0.00004193
2025-04-06T00:00:00Z,NEARUSDT,0.0001
2025-04-06T08:00:00Z,NEARUSDT,0.00008831
2025-04-06T16:00:00Z,NEARUSDT,0.000028
2025-04-07T00:00:00Z,NEARUSDT,0.00008337
2025-04-07T08:00:00Z,NEARUSDT,0.00005987
2025-04-07T16:00:00Z,NEARUSDT,-0.00010953
2025-04-08T00:00:00Z,NEARUSDT,-0.00007419
2025-04-08T08:00:00Z,NEARUSDT,-0.00012875
2025-04-08T16:00:00Z,NEARUSDT,-0.00033476
2025-04-09T00:00:00Z,NEARUSDT,-0.00011603
2025-04-09T08:00:00Z,NEARUSDT,0.00002508
2025-04-09T16:00:00Z,NEARUSDT,-0.00003067
2025-04-10T00:00:00Z,NEARUSDT,0.0001
2025-04-10T08:00:00Z,NEARUSDT,-0.00001966
2025-04-10T16:00:00Z,NEARUSDT,0.00006392
2025-04-11T00:00:00Z,NEARUSDT,0.00006487
2025-04-11T08:00:00Z,NEARUSDT,0.00002417
2025-04-11T16:00:00Z,NEARUSDT,-0.00001552
2025-04-12T00:00:00Z,NEARUSDT,0.0001
2025-04-12T08:00:00Z,NEARUSDT,0.0001
2025-04-12T16:00:00Z,NEARUSDT,0.00002196
2025-04-13T00:00:00Z,NEARUSDT,0.0001
2025-04-13T08:00:00Z,NEARUSDT,0.0001
2025-04-13T16:00:00Z,NEARUSDT,0.0001
2025-04-14T00:00:00Z,NEARUSDT,0.00005945
2025-04-14T08:00:00Z,NEARUSDT,0.00000123
2025-04-14T16:00:00Z,NEARUSDT,0.0001
2025-04-15T00:00:00Z,NEARUSDT,0.0001
2025-04-15T08:00:00Z,NEARUSDT,0.00002176
2025-04-15T16:00:00Z,NEARUSDT,-0.00000341
2025-04-16T00:00:00Z,NEARUSDT,-0.00012538
2025-04-16T08:00:00Z,NEARUSDT,-0.00005598
2025-04-16T16:00:00Z,NEARUSDT,-0.00002955
2025-04-17T00:00:00Z,NEARUSDT,0.00002287
2025-04-17T08:00:00Z,NEARUSDT,0.00009866
2025-04-17T16:00:00Z,NEARUSDT,-0.00012145
2025-04-18T00:00:00Z,NEARUSDT,0.00004783
2025-04-18T08:00:00Z,NEARUSDT,0.00003329
2025-04-18T16:00:00Z,NEARUSDT,0.0001
2025-04-19T00:00:00Z,NEARUSDT,0.0001
2025-04-19T08:00:00Z,NEARUSDT,0.0001
2025-04-19T16:00:00Z,NEARUSDT,0.0001
2025-04-20T00:00:00Z,NEARUSDT,0.0001
2025-04-20T08:00:00Z,NEARUSDT,0.0001
2025-04-20T16:00:00Z,NEARUSDT,0.0001
2025-04-21T00:00:00Z,NEARUSDT,0.00005148
2025-04-21T08:00:00Z,NEARUSDT,-0.00007437
2025-04-21T16:00:00Z,NEARUSDT,0.00005372
2025-04-22T00:00:00Z,NEARUSDT,0.0001
2025-04-22T08:00:00Z,NEARUSDT,-0.00007078
2025-04-22T16:00:00Z,NEARUSDT,-0.00003065
2025-04-23T00:00:00Z,NEARUSDT,-0.0000048
2025-04-23T08:00:00Z,NEARUSDT,0.0001
2025-04-23T16:00:00Z,NEARUSDT,0.0001
2025-04-24T00:00:00Z,NEARUSDT,0.0001
2025-04-24T08:00:00Z,NEARUSDT,0.0001
2025-04-24T16:00:00Z,NEARUSDT,0.0001
2025-04-25T00:00:00Z,NEARUSDT,0.0000828
2025-04-25T08:00:00Z,NEARUSDT,0.0001
2025-04-25T16:00:00Z,NEARUSDT,0.0000216
2025-04-26T00:00:00Z,NEARUSDT,0.0001
2025-04-26T08:00:00Z,NEARUSDT,0.0001
2025-04-26T16:00:00Z,NEARUSDT,0.0001
2025-04-27T00:00:00Z,NEARUSDT,0.0001
2025-04-27T08:00:00Z,NEARUSDT,0.0001
2025-04-27T16:00:00Z,NEARUSDT,0.0001
2025-04-28T00:00:00Z,NEARUSDT,0.0001
2025-04-28T08:00:00Z,NEARUSDT,0.0001
2025-04-28T16:00:00Z,NEARUSDT,0.0001
2025-04-29T00:00:00Z,NEARUSDT,0.00006509
2025-04-29T08:00:00Z,NEARUSDT,0.0001
2025-04-29T16:00:00Z,NEARUSDT,0.00007815
2025-04-30T00:00:00Z,NEARUSDT,-0.00001425
2025-04-30T08:00:00Z,NEARUSDT,-0.00007524
2025-04-30T16:00:00Z,NEARUSDT,0.00005747
2025-05-01T00:00:00Z,NEARUSDT,0.0001
2025-05-01T08:00:00Z,NEARUSDT,0.0001
2025-05-01T16:00:00Z,NEARUSDT,0.0001
2025-05-02T00:00:00Z,NEARUSDT,0.0001
2025-05-02T08:00:00Z,NEARUSDT,0.0001
2025-05-02T16:00:00Z,NEARUSDT,0.00000307
2025-05-03T00:00:00Z,NEARUSDT,0.0001
2025-05-03T08:00:00Z,NEARUSDT,0.0001
2025-05-03T16:00:00Z,NEARUSDT,-0.00002108
2025-05-04T00:00:00Z,NEARUSDT,0.00004531
2025-05-04T08:00:00Z,NEARUSDT,0.00001069
2025-05-04T16:00:00Z,NEARUSDT,0.00008351
2025-05-05T00:00:00Z,NEARUSDT,0.00007612
2025-05-05T08:00:00Z,NEARUSDT,0.0001
2025-05-05T16:00:00Z,NEARUSDT,0.00005328
2025-05-06T00:00:00Z,NEARUSDT,-0.00002698
2025-05-06T08:00:00Z,NEARUSDT,0.00004407
2025-05-06T16:00:00Z,NEARUSDT,-0.00004209
2025-05-07T00:00:00Z,NEARUSDT,-0.00003628
2025-05-07T08:00:00Z,NEARUSDT,-0.00010414
2025-05-07T16:00:00Z,NEARUSDT,-0.00001978
2025-05-08T00:00:00Z,NEARUSDT,0.0001
2025-05-08T08:00:00Z,NEARUSDT,0.0001
2025-05-08T16:00:00Z,NEARUSDT,0.0001
2025-05-09T00:00:00Z,NEARUSDT,0.0001
2025-05-09T08:00:00Z,NEARUSDT,0.0001
2025-05-09T16:00:00Z,NEARUSDT,0.0001
2025-05-10T00:00:00Z,NEARUSDT,0.0001
2025-05-10T08:00:00Z,NEARUSDT,0.0001
2025-05-10T16:00:00Z,NEARUSDT,0.0001
2025-05-11T00:00:00Z,NEARUSDT,0.0001
2025-05-11T08:00:00Z,NEARUSDT,0.0001
2025-05-11T16:00:00Z,NEARUSDT,0.00003144
2025-05-12T00:00:00Z,NEARUSDT,0.0001
2025-05-12T08:00:00Z,NEARUSDT,0.0001
2025-05-12T16:00:00Z,NEARUSDT,-0.00003276
2025-05-13T00:00:00Z,NEARUSDT,0.0001
2025-05-13T08:00:00Z,NEARUSDT,0.0001
2025-05-13T16:00:00Z,NEARUSDT,0.00008834
2025-05-14T00:00:00Z,NEARUSDT,0.0001
2025-05-14T08:00:00Z,NEARUSDT,0.00003327
2025-05-14T16:00:00Z,NEARUSDT,0.00008144
2025-05-15T00:00:00Z,NEARUSDT,0.00003625
2025-05-15T08:00:00Z,NEARUSDT,-0.0000018
2025-05-15T16:00:00Z,NEARUSDT,0.00004446
2025-05-16T00:00:00Z,NEARUSDT,0.00006362
2025-05-16T08:00:00Z,NEARUSDT,0.00009523
2025-05-16T16:00:00Z,NEARUSDT,0.0001
2025-05-17T00:00:00Z,NEARUSDT,0.0001
2025-05-17T08:00:00Z,NEARUSDT,0.0000314
2025-05-17T16:00:00Z,NEARUSDT,0.00009667
2025-05-18T00:00:00Z,NEARUSDT,0.00008553
2025-05-18T08:00:00Z,NEARUSDT,0.00004169
2025-05-18T16:00:00Z,NEARUSDT,0.00004148
2025-05-19T00:00:00Z,NEARUSDT,0.00003364
2025-05-19T08:00:00Z,NEARUSDT,-0.00014667
2025-05-19T16:00:00Z,NEARUSDT,-0.0000251
2025-05-20T00:00:00Z,NEARUSDT,-0.0000319
2025-05-20T08:00:00Z,NEARUSDT,0.00009198
2025-05-20T16:00:00Z,NEARUSDT,0.00006395
2025-05-21T00:00:00Z,NEARUSDT,0.0000494
2025-05-21T08:00:00Z,NEARUSDT,0.0001
2025-05-21T16:00:00Z,NEARUSDT,0.0001
2025-05-22T00:00:00Z,NEARUSDT,0.0001
2025-05-22T08:00:00Z,NEARUSDT,0.0001
2025-05-22T16:00:00Z,NEARUSDT,0.0001
2025-05-23T00:00:00Z,NEARUSDT,0.0001
2025-05-23T08:00:00Z,NEARUSDT,0.0001
2025-05-23T16:00:00Z,NEARUSDT,0.0001
2025-05-24T00:00:00Z,NEARUSDT,0.0001
2025-05-24T08:00:00Z,NEARUSDT,0.0001
2025-05-24T16:00:00Z,NEARUSDT,0.00000018
2025-05-25T00:00:00Z,NEARUSDT,0.0001
2025-05-25T08:00:00Z,NEARUSDT,0.0001
2025-05-25T16:00:00Z,NEARUSDT,0.00001851
2025-05-26T00:00:00Z,NEARUSDT,0.00005643
2025-05-26T08:00:00Z,NEARUSDT,0.0001
2025-05-26T16:00:00Z,NEARUSDT,0.0001
2025-05-27T00:00:00Z,NEARUSDT,0.0001
2025-05-27T08:00:00Z,NEARUSDT,0.00005386
2025-05-27T16:00:00Z,NEARUSDT,0.0001
2025-05-28T00:00:00Z,NEARUSDT,0.0001
2025-05-28T08:00:00Z,NEARUSDT,0.0001
2025-05-28T16:00:00Z,NEARUSDT,0.0001
2025-05-29T00:00:00Z,NEARUSDT,0.00007133
2025-05-29T08:00:00Z,NEARUSDT,0.00005598
2025-05-29T16:00:00Z,NEARUSDT,0.00003915
2025-05-30T00:00:00Z,NEARUSDT,-0.00006475
2025-05-30T08:00:00Z,NEARUSDT,-0.00008811
2025-05-30T16:00:00Z,NEARUSDT,0.00001166
2025-05-31T00:00:00Z,NEARUSDT,-0.00002361
2025-05-31T08:00:00Z,NEARUSDT,-0.00025555
2025-05-31T16:00:00Z,NEARUSDT,-0.0000375
2025-06-01T00:00:00Z,NEARUSDT,0.00003543
2025-06-01T08:00:00Z,NEARUSDT,-0.00003428
2025-06-01T16:00:00Z,NEARUSDT,0.00004134
2025-06-02T00:00:00Z,NEARUSDT,0.00004225
2025-06-02T08:00:00Z,NEARUSDT,0.00006563
2025-06-02T16:00:00Z,NEARUSDT,0.0001
2025-06-03T00:00:00Z,NEARUSDT,0.0001
2025-06-03T08:00:00Z,NEARUSDT,0.0001
2025-06-03T16:00:00Z,NEARUSDT,0.0001
2025-06-04T00:00:00Z,NEARUSDT,0.0001
2025-06-04T08:00:00Z,NEARUSDT,0.0001
2025-06-04T16:00:00Z,NEARUSDT,0.00004362
2025-06-05T00:00:00Z,NEARUSDT,0.0001
2025-06-05T08:00:00Z,NEARUSDT,0.00007507
2025-06-05T16:00:00Z,NEARUSDT,0.00004003
2025-06-06T00:00:00Z,NEARUSDT,-0.00011666
2025-06-06T08:00:00Z,NEARUSDT,0.00000813
2025-06-06T16:00:00Z,NEARUSDT,-0.00000823
2025-06-07T00:00:00Z,NEARUSDT,0.00007197
2025-06-07T08:00:00Z,NEARUSDT,0.00007561
2025-06-07T16:00:00Z,NEARUSDT,0.00000587
2025-06-08T00:00:00Z,NEARUSDT,0.00005587
2025-06-08T08:00:00Z,NEARUSDT,0.0000322
2025-06-08T16:00:00Z,NEARUSDT,0.00009517
2025-06-09T00:00:00Z,NEARUSDT,-0.00000549
2025-06-09T08:00:00Z,NEARUSDT,-0.00000709
2025-06-09T16:00:00Z,NEARUSDT,0.0001
2025-06-10T00:00:00Z,NEARUSDT,0.0001
2025-06-10T08:00:00Z,NEARUSDT,0.0001
2025-06-10T16:00:00Z,NEARUSDT,0.0001
2025-06-11T00:00:00Z,NEARUSDT,0.0001
2025-06-11T08:00:00Z,NEARUSDT,0.0001
2025-06-11T16:00:00Z,NEARUSDT,0.0001
2025-06-12T00:00:00Z,NEARUSDT,-0.00002875
2025-06-12T08:00:00Z,NEARUSDT,0.00006418
2025-06-12T16:00:00Z,NEARUSDT,0.0001
2025-06-13T00:00:00Z,NEARUSDT,-0.00001109
2025-06-13T08:00:00Z,NEARUSDT,-0.00025815
2025-06-13T16:00:00Z,NEARUSDT,-0.00017641
2025-06-14T00:00:00Z,NEARUSDT,0.00003969
2025-06-14T08:00:00Z,NEARUSDT,0.00000113
2025-06-14T16:00:00Z,NEARUSDT,-0.00006588
2025-06-15T00:00:00Z,NEARUSDT,0.00003858
2025-06-15T08:00:00Z,NEARUSDT,-0.00005254
2025-06-15T16:00:00Z,NEARUSDT,0.0001
2025-06-16T00:00:00Z,NEARUSDT,0.00003944
2025-06-16T08:00:00Z,NEARUSDT,0.0001
2025-06-16T16:00:00Z,NEARUSDT,0.0001
2025-06-17T00:00:00Z,NEARUSDT,0.0000615
2025-06-17T08:00:00Z,NEARUSDT,0.0001
2025-06-17T16:00:00Z,NEARUSDT,0.0001
2025-06-18T00:00:00Z,NEARUSDT,-0.00002682
2025-06-18T08:00:00Z,NEARUSDT,0.0001
2025-06-18T16:00:00Z,NEARUSDT,-0.00001866
2025-06-19T00:00:00Z,NEARUSDT,0.00000549
2025-06-19T08:00:00Z,NEARUSDT,-0.00001987
2025-06-19T16:00:00Z,NEARUSDT,-0.00000188
2025-06-20T00:00:00Z,NEARUSDT,-0.00011671
2025-06-20T08:00:00Z,NEARUSDT,0.0001
2025-06-20T16:00:00Z,NEARUSDT,0.0001
2025-06-21T00:00:00Z,NEARUSDT,-0.00006155
2025-06-21T08:00:00Z,NEARUSDT,0.0001
2025-06-21T16:00:00Z,NEARUSDT,0.0000564
2025-06-22T00:00:00Z,NEARUSDT,0.00006397
2025-06-22T08:00:00Z,NEARUSDT,0.00008486
2025-06-22T16:00:00Z,NEARUSDT,-0.00009579
2025-06-23T00:00:00Z,NEARUSDT,-0.00010643
2025-06-23T08:00:00Z,NEARUSDT,0.00004271
2025-06-23T16:00:00Z,NEARUSDT,-0.0001631
2025-06-24T00:00:00Z,NEARUSDT,-0.00015002
2025-06-24T08:00:00Z,NEARUSDT,0.0001
2025-06-24T16:00:00Z,NEARUSDT,0.0001
2025-06-25T00:00:00Z,NEARUSDT,0.0001
2025-06-25T08:00:00Z,NEARUSDT,0.0001
2025-06-25T16:00:00Z,NEARUSDT,0.0001
2025-06-26T00:00:00Z,NEARUSDT,-0.00003056
2025-06-26T08:00:00Z,NEARUSDT,0.00002995
2025-06-26T16:00:00Z,NEARUSDT,0.0001
2025-06-27T00:00:00Z,NEARUSDT,0.0000565
2025-06-27T08:00:00Z,NEARUSDT,0.00006931
2025-06-27T16:00:00Z,NEARUSDT,0.0001
2025-06-28T00:00:00Z,NEARUSDT,0.00003152
2025-06-28T08:00:00Z,NEARUSDT,0.0001
2025-06-28T16:00:00Z,NEARUSDT,0.0001
2025-06-29T00:00:00Z,NEARUSDT,0.0001
2025-06-29T08:00:00Z,NEARUSDT,0.0001
2025-06-29T16:00:00Z,NEARUSDT,0.0001
2025-06-30T00:00:00Z,NEARUSDT,0.0001
2025-06-30T08:00:00Z,NEARUSDT,-0.00005797
2025-06-30T16:00:00Z,NEARUSDT,-0.00009793
2025-07-01T00:00:00Z,NEARUSDT,-0.00010891
2025-07-01T08:00:00Z,NEARUSDT,-0.00007209
2025-07-01T16:00:00Z,NEARUSDT,-0.00016095
2025-07-02T00:00:00Z,NEARUSDT,-0.00007392
2025-07-02T08:00:00Z,NEARUSDT,-0.00000804
2025-07-02T16:00:00Z,NEARUSDT,0.0001
2025-07-03T00:00:00Z,NEARUSDT,0.0001
2025-07-03T08:00:00Z,NEARUSDT,0.0001
2025-07-03T16:00:00Z,NEARUSDT,0.0001
2025-07-04T00:00:00Z,NEARUSDT,-0.00004435
2025-07-04T08:00:00Z,NEARUSDT,0.0001
2025-07-04T16:00:00Z,NEARUSDT,0.00003588
2025-07-05T00:00:00Z,NEARUSDT,0.00001892
2025-07-05T08:00:00Z,NEARUSDT,0.00000155
2025-07-05T16:00:00Z,NEARUSDT,-0.00011855
2025-07-06T00:00:00Z,NEARUSDT,0.00002356
2025-07-06T08:00:00Z,NEARUSDT,0.00004731
2025-07-06T16:00:00Z,NEARUSDT,0.0001
2025-07-07T00:00:00Z,NEARUSDT,0.0001
2025-07-07T08:00:00Z,NEARUSDT,0.0001
2025-07-07T16:00:00Z,NEARUSDT,0.0001
2025-07-08T00:00:00Z,NEARUSDT,0.0001
2025-07-08T08:00:00Z,NEARUSDT,-0.00006571
2025-07-08T16:00:00Z,NEARUSDT,0.0001
2025-07-09T00:00:00Z,NEARUSDT,0.0001
2025-07-09T08:00:00Z,NEARUSDT,0.0001
2025-07-09T16:00:00Z,NEARUSDT,0.00005933
2025-07-10T00:00:00Z,NEARUSDT,0.0001
2025-07-10T08:00:00Z,NEARUSDT,0.00005831
2025-07-10T16:00:00Z,NEARUSDT,0.0001
2025-07-11T00:00:00Z,NEARUSDT,0.0001
2025-07-11T08:00:00Z,NEARUSDT,0.0001
2025-07-11T16:00:00Z,NEARUSDT,0.0001
2025-07-12T00:00:00Z,NEARUSDT,0.0001
2025-07-12T08:00:00Z,NEARUSDT,0.0001
2025-07-12T16:00:00Z,NEARUSDT,0.0001
2025-07-13T00:00:00Z,NEARUSDT,0.0001
2025-07-13T08:00:00Z,NEARUSDT,0.0001
2025-07-13T16:00:00Z,NEARUSDT,0.0001
2025-07-14T00:00:00Z,NEARUSDT,0.0001
2025-07-14T08:00:00Z,NEARUSDT,0.0001
2025-07-14T16:00:00Z,NEARUSDT,0.0001
2025-07-15T00:00:00Z,NEARUSDT,-0.00005681
2025-07-15T08:00:00Z,NEARUSDT,0.0000554
2025-07-15T16:00:00Z,NEARUSDT,0.00006054
2025-07-16T00:00:00Z,NEARUSDT,0.0001
2025-07-16T08:00:00Z,NEARUSDT,0.0001
2025-07-16T16:00:00Z,NEARUSDT,0.0001
2025-07-17T00:00:00Z,NEARUSDT,0.0001
2025-07-17T08:00:00Z,NEARUSDT,0.0001
2025-07-17T16:00:00Z,NEARUSDT,0.0001
2025-07-18T00:00:00Z,NEARUSDT,0.0001
2025-07-18T08:00:00Z,NEARUSDT,0.0001
2025-07-18T16:00:00Z,NEARUSDT,0.0001
2025-07-19T00:00:00Z,NEARUSDT,0.0001
2025-07-19T08:00:00Z,NEARUSDT,0.0001
2025-07-19T16:00:00Z,NEARUSDT,0.0001
2025-07-20T00:00:00Z,NEARUSDT,0.0001
2025-07-20T08:00:00Z,NEARUSDT,0.0001
2025-07-20T16:00:00Z,NEARUSDT,0.0001
2025-07-21T00:00:00Z,NEARUSDT,0.0001
2025-07-21T08:00:00Z,NEARUSDT,0.0001
2025-07-21T16:00:00Z,NEARUSDT,0.0001
2025-07-22T00:00:00Z,NEARUSDT,0.0001
2025-07-22T08:00:00Z,NEARUSDT,0.0001
2025-07-22T16:00:00Z,NEARUSDT,0.0001
2025-07-23T00:00:00Z,NEARUSDT,0.0001
2025-07-23T08:00:00Z,NEARUSDT,0.0001267
2025-07-23T16:00:00Z,NEARUSDT,0.0001
2025-07-24T00:00:00Z,NEARUSDT,0.0001
2025-07-24T08:00:00Z,NEARUSDT,0.00006434
2025-07-24T16:00:00Z,NEARUSDT,0.0001
2025-07-25T00:00:00Z,NEARUSDT,0.00001809
2025-07-25T08:00:00Z,NEARUSDT,0.0001
2025-07-25T16:00:00Z,NEARUSDT,0.0001
2025-07-26T00:00:00Z,NEARUSDT,0.0001
2025-07-26T08:00:00Z,NEARUSDT,0.0001
2025-07-26T16:00:00Z,NEARUSDT,0.0001
2025-07-27T00:00:00Z,NEARUSDT,0.0001
2025-07-27T08:00:00Z,NEARUSDT,0.0001
2025-07-27T16:00:00Z,NEARUSDT,0.0001
2025-07-28T00:00:00Z,NEARUSDT,0.0001
2025-07-28T08:00:00Z,NEARUSDT,0.0001
2025-07-28T16:00:00Z,NEARUSDT,0.0001
2025-07-29T00:00:00Z,NEARUSDT,0.0001
2025-07-29T08:00:00Z,NEARUSDT,0.00003891
2025-07-29T16:00:00Z,NEARUSDT,0.00000685
2025-07-30T00:00:00Z,NEARUSDT,0.00003384
2025-07-30T08:00:00Z,NEARUSDT,-0.00000848
2025-07-30T16:00:00Z,NEARUSDT,-0.00000586
2025-07-31T00:00:00Z,NEARUSDT,-0.00008707
2025-07-31T08:00:00Z,NEARUSDT,0.0001
2025-07-31T16:00:00Z,NEARUSDT,0.0001
2025-08-01T00:00:00Z,NEARUSDT,0.00000211
2025-08-01T08:00:00Z,NEARUSDT,0.0001
2025-08-01T16:00:00Z,NEARUSDT,0.0001
2025-08-02T00:00:00Z,NEARUSDT,0.00007935
2025-08-02T08:00:00Z,NEARUSDT,0.0001
2025-08-02T16:00:00Z,NEARUSDT,0.0001
2025-08-03T00:00:00Z,NEARUSDT,0.0001
2025-08-03T08:00:00Z,NEARUSDT,0.00004026
2025-08-03T16:00:00Z,NEARUSDT,0.0001
2025-08-04T00:00:00Z,NEARUSDT,0.00005827
2025-08-04T08:00:00Z,NEARUSDT,0.0001
2025-08-04T16:00:00Z,NEARUSDT,0.0001
2025-08-05T00:00:00Z,NEARUSDT,0.0001
2025-08-05T08:00:00Z,NEARUSDT,0.0000825
2025-08-05T16:00:00Z,NEARUSDT,-0.00008092
2025-08-06T00:00:00Z,NEARUSDT,-0.00003397
2025-08-06T08:00:00Z,NEARUSDT,-0.00004282
2025-08-06T16:00:00Z,NEARUSDT,0.00005334
2025-08-07T00:00:00Z,NEARUSDT,0.0001
2025-08-07T08:00:00Z,NEARUSDT,0.0001
2025-08-07T16:00:00Z,NEARUSDT,0.0001
2025-08-08T00:00:00Z,NEARUSDT,0.0001
2025-08-08T08:00:00Z,NEARUSDT,0.0001
2025-08-08T16:00:00Z,NEARUSDT,0.0001
2025-08-09T00:00:00Z,NEARUSDT,0.0001
2025-08-09T08:00:00Z,NEARUSDT,0.0001
2025-08-09T16:00:00Z,NEARUSDT,0.0001
2025-08-10T00:00:00Z,NEARUSDT,0.0001
2025-08-10T08:00:00Z,NEARUSDT,0.0001
2025-08-10T16:00:00Z,NEARUSDT,0.0001
2025-08-11T00:00:00Z,NEARUSDT,0.0001
2025-08-11T08:00:00Z,NEARUSDT,0.0001
2025-08-11T16:00:00Z,NEARUSDT,0.0001
2025-08-12T00:00:00Z,NEARUSDT,0.0001
2025-08-12T08:00:00Z,NEARUSDT,0.0001
2025-08-12T16:00:00Z,NEARUSDT,0.0001
2025-08-13T00:00:00Z,NEARUSDT,0.0001
2025-08-13T08:00:00Z,NEARUSDT,0.0001
2025-08-13T16:00:00Z,NEARUSDT,0.0001
2025-08-14T00:00:00Z,NEARUSDT,0.0001
2025-08-14T08:00:00Z,NEARUSDT,0.0001
2025-08-14T16:00:00Z,NEARUSDT,0.0001
2025-08-15T00:00:00Z,NEARUSDT,0.00005542
2025-08-15T08:00:00Z,NEARUSDT,0.00009573
2025-08-15T16:00:00Z,NEARUSDT,-0.00005617
2025-08-16T00:00:00Z,NEARUSDT,0.00001252
2025-08-16T08:00:00Z,NEARUSDT,-0.00004359
2025-08-16T16:00:00Z,NEARUSDT,-0.00001489
2025-08-17T00:00:00Z,NEARUSDT,0.0001
2025-08-17T08:00:00Z,NEARUSDT,0.0001
2025-08-17T16:00:00Z,NEARUSDT,0.0001
2025-08-18T00:00:00Z,NEARUSDT,0.00002216
2025-08-18T08:00:00Z,NEARUSDT,-0.00011201
2025-08-18T16:00:00Z,NEARUSDT,-0.00016018
2025-08-19T00:00:00Z,NEARUSDT,0.00008715
2025-08-19T08:00:00Z,NEARUSDT,0.00006985
2025-08-19T16:00:00Z,NEARUSDT,0.0001
2025-08-20T00:00:00Z,NEARUSDT,0.0001
2025-08-20T08:00:00Z,NEARUSDT,-0.00011
2025-08-20T16:00:00Z,NEARUSDT,0.0001
2025-08-21T00:00:00Z,NEARUSDT,0.0001
2025-08-21T08:00:00Z,NEARUSDT,0.0001
2025-08-21T16:00:00Z,NEARUSDT,0.0001
2025-08-22T00:00:00Z,NEARUSDT,0.0001
2025-08-22T08:00:00Z,NEARUSDT,0.0001
2025-08-22T16:00:00Z,NEARUSDT,0.0001
2025-08-23T00:00:00Z,NEARUSDT,0.0001
2025-08-23T08:00:00Z,NEARUSDT,0.0001
2025-08-23T16:00:00Z,NEARUSDT,0.0001
2025-08-24T00:00:00Z,NEARUSDT,0.0001
2025-08-24T08:00:00Z,NEARUSDT,0.0001
2025-08-24T16:00:00Z,NEARUSDT,0.0001
2025-08-25T00:00:00Z,NEARUSDT,0.0001
2025-08-25T08:00:00Z,NEARUSDT,0.0001
2025-08-25T16:00:00Z,NEARUSDT,0.00005403
2025-08-26T00:00:00Z,NEARUSDT,-0.0002278
2025-08-26T08:00:00Z,NEARUSDT,0.00002033
2025-08-26T16:00:00Z,NEARUSDT,0.00007125
2025-08-27T00:00:00Z,NEARUSDT,0.0001
2025-08-27T08:00:00Z,NEARUSDT,0.0001
2025-08-27T16:00:00Z,NEARUSDT,-0.00004204
2025-08-28T00:00:00Z,NEARUSDT,0.0001
2025-08-28T08:00:00Z,NEARUSDT,0.0001
2025-08-28T16:00:00Z,NEARUSDT,0.0001
2025-08-29T00:00:00Z,NEARUSDT,0.0001
2025-08-29T08:00:00Z,NEARUSDT,0.0001
2025-08-29T16:00:00Z,NEARUSDT,-0.00005925
2025-08-30T00:00:00Z,NEARUSDT,0.00000182
2025-08-30T08:00:00Z,NEARUSDT,0.0001
2025-08-30T16:00:00Z,NEARUSDT,0.0001
2025-08-31T00:00:00Z,NEARUSDT,0.0001
2025-08-31T08:00:00Z,NEARUSDT,0.0001
2025-08-31T16:00:00Z,NEARUSDT,0.00007972
2025-09-01T00:00:00Z,NEARUSDT,0.00008763
2025-09-01T08:00:00Z,NEARUSDT,-0.00006187
2025-09-01T16:00:00Z,NEARUSDT,0.0001
2025-09-02T00:00:00Z,NEARUSDT,0.00005484
2025-09-02T08:00:00Z,NEARUSDT,0.00004888
2025-09-02T16:00:00Z,NEARUSDT,0.0001
2025-09-03T00:00:00Z,NEARUSDT,0.0001
2025-09-03T08:00:00Z,NEARUSDT,0.0001
2025-09-03T16:00:00Z,NEARUSDT,0.0001
2025-09-04T00:00:00Z,NEARUSDT,0.0001
2025-09-04T08:00:00Z,NEARUSDT,0.0001
2025-09-04T16:00:00Z,NEARUSDT,0.00007845
2025-09-05T00:00:00Z,NEARUSDT,0.0001
2025-09-05T08:00:00Z,NEARUSDT,0.0001
2025-09-05T16:00:00Z,NEARUSDT,0.00009298
2025-09-06T00:00:00Z,NEARUSDT,0.0001
2025-09-06T08:00:00Z,NEARUSDT,0.00000682
2025-09-06T16:00:00Z,NEARUSDT,0.0001
2025-09-07T00:00:00Z,NEARUSDT,0.0001
2025-09-07T08:00:00Z,NEARUSDT,0.0001
2025-09-07T16:00:00Z,NEARUSDT,0.0001
2025-09-08T00:00:00Z,NEARUSDT,0.0001
2025-09-08T08:00:00Z,NEARUSDT,0.0001
2025-09-08T16:00:00Z,NEARUSDT,0.0001
2025-09-09T00:00:00Z,NEARUSDT,0.0001
2025-09-09T08:00:00Z,NEARUSDT,0.0001
2025-09-09T16:00:00Z,NEARUSDT,0.0001
2025-09-10T00:00:00Z,NEARUSDT,0.0001
2025-09-10T08:00:00Z,NEARUSDT,0.0001
2025-09-10T16:00:00Z,NEARUSDT,0.0001
2025-09-11T00:00:00Z,NEARUSDT,0.0001
2025-09-11T08:00:00Z,NEARUSDT,0.0001
2025-09-11T16:00:00Z,NEARUSDT,0.0001
2025-09-12T00:00:00Z,NEARUSDT,0.0001
2025-09-12T08:00:00Z,NEARUSDT,0.0001
2025-09-12T16:00:00Z,NEARUSDT,0.0001
2025-09-13T00:00:00Z,NEARUSDT,0.0001
2025-09-13T08:00:00Z,NEARUSDT,0.0001
2025-09-13T16:00:00Z,NEARUSDT,0.0001
2025-09-14T00:00:00Z,NEARUSDT,0.0001
2025-09-14T08:00:00Z,NEARUSDT,0.0001
2025-09-14T16:00:00Z,NEARUSDT,0.0001
2025-09-15T00:00:00Z,NEARUSDT,0.0001
2025-09-15T08:00:00Z,NEARUSDT,0.0001
2025-09-15T16:00:00Z,NEARUSDT,0.00009779
2025-09-16T00:00:00Z,NEARUSDT,0.0001
2025-09-16T08:00:00Z,NEARUSDT,0.0001
2025-09-16T16:00:00Z,NEARUSDT,0.0001
2025-09-17T00:00:00Z,NEARUSDT,0.0001
2025-09-17T08:00:00Z,NEARUSDT,0.0001
2025-09-17T16:00:00Z,NEARUSDT,0.0001
2025-09-18T00:00:00Z,NEARUSDT,0.0001
2025-09-18T08:00:00Z,NEARUSDT,0.0001
2025-09-18T16:00:00Z,NEARUSDT,0.0001
2025-09-19T00:00:00Z,NEARUSDT,0.0001
2025-09-19T08:00:00Z,NEARUSDT,0.0001
2025-09-19T16:00:00Z,NEARUSDT,0.0001
2025-09-20T00:00:00Z,NEARUSDT,0.0000675
2025-09-20T08:00:00Z,NEARUSDT,0.0000695
2025-09-20T16:00:00Z,NEARUSDT,0.0001
2025-09-21T00:00:00Z,NEARUSDT,0.00001437
2025-09-21T08:00:00Z,NEARUSDT,0.0001
2025-09-21T16:00:00Z,NEARUSDT,0.0001
2025-09-22T00:00:00Z,NEARUSDT,0.0001
2025-09-22T08:00:00Z,NEARUSDT,0.0001
2025-09-22T16:00:00Z,NEARUSDT,0.0001
2025-09-23T00:00:00Z,NEARUSDT,0.0001
2025-09-23T08:00:00Z,NEARUSDT,0.00005808
2025-09-23T16:00:00Z,NEARUSDT,0.00009925
2025-09-24T00:00:00Z,NEARUSDT,0.0001
2025-09-24T08:00:00Z,NEARUSDT,0.00008894
2025-09-24T16:00:00Z,NEARUSDT,0.00000256
2025-09-25T00:00:00Z,NEARUSDT,0.00000889
2025-09-25T08:00:00Z,NEARUSDT,0.00005291
2025-09-25T16:00:00Z,NEARUSDT,0.00002242
2025-09-26T00:00:00Z,NEARUSDT,0.00008864
2025-09-26T08:00:00Z,NEARUSDT,0.0000346
2025-09-26T16:00:00Z,NEARUSDT,-0.00000348
2025-09-27T00:00:00Z,NEARUSDT,-0.00005197
2025-09-27T08:00:00Z,NEARUSDT,0.00000449
2025-09-27T16:00:00Z,NEARUSDT,-0.0000527
2025-09-28T00:00:00Z,NEARUSDT,0.0001
2025-09-28T08:00:00Z,NEARUSDT,0.00002935
2025-09-28T16:00:00Z,NEARUSDT,0.0001
2025-09-29T00:00:00Z,NEARUSDT,0.0001
2025-09-29T08:00:00Z,NEARUSDT,0.0001
2025-09-29T16:00:00Z,NEARUSDT,0.0001
2025-09-30T00:00:00Z,NEARUSDT,0.0001
2025-09-30T08:00:00Z,NEARUSDT,-0.00005132
2025-09-30T16:00:00Z,NEARUSDT,-0.00011876
2025-10-01T00:00:00Z,NEARUSDT,-0.00003893
2025-10-01T08:00:00Z,NEARUSDT,0.0001
2025-10-01T16:00:00Z,NEARUSDT,0.0001
2025-10-02T00:00:00Z,NEARUSDT,0.0001
2025-10-02T08:00:00Z,NEARUSDT,-0.00001422
2025-10-02T16:00:00Z,NEARUSDT,0.0001
2025-10-03T00:00:00Z,NEARUSDT,0.0001
2025-10-03T08:00:00Z,NEARUSDT,0.0001
2025-10-03T16:00:00Z,NEARUSDT,0.0001
2025-10-04T00:00:00Z,NEARUSDT,0.00007277
2025-10-04T08:00:00Z,NEARUSDT,0.00004385
2025-10-04T16:00:00Z,NEARUSDT,0.0001
2025-10-05T00:00:00Z,NEARUSDT,0.0001
2025-10-05T08:00:00Z,NEARUSDT,0.0001
2025-10-05T16:00:00Z,NEARUSDT,0.0001
2025-10-06T00:00:00Z,NEARUSDT,0.0001
2025-10-06T08:00:00Z,NEARUSDT,0.00004409
2025-10-06T16:00:00Z,NEARUSDT,0.0001
2025-10-07T00:00:00Z,NEARUSDT,0.0001
2025-10-07T08:00:00Z,NEARUSDT,0.0001
2025-10-07T16:00:00Z,NEARUSDT,0.0001
2025-10-08T00:00:00Z,NEARUSDT,0.0001
2025-10-08T08:00:00Z,NEARUSDT,0.00005317
2025-10-08T16:00:00Z,NEARUSDT,0.0001
2025-10-09T00:00:00Z,NEARUSDT,0.0001
2025-10-09T08:00:00Z,NEARUSDT,0.0001
2025-10-09T16:00:00Z,NEARUSDT,0.00004839
2025-10-10T00:00:00Z,NEARUSDT,0.0001
2025-10-10T08:00:00Z,NEARUSDT,0.0001
2025-10-10T16:00:00Z,NEARUSDT,0.0001
2025-10-11T00:00:00Z,NEARUSDT,-0.00283494
2025-10-11T08:00:00Z,NEARUSDT,0.0001
2025-10-11T16:00:00Z,NEARUSDT,0.0001
2025-10-12T00:00:00Z,NEARUSDT,-0.00001164
2025-10-12T08:00:00Z,NEARUSDT,0.0001
2025-10-12T16:00:00Z,NEARUSDT,-0.00006
2025-10-13T00:00:00Z,NEARUSDT,0.00008455
2025-10-13T08:00:00Z,NEARUSDT,-0.00005231
2025-10-13T16:00:00Z,NEARUSDT,-0.00011117
2025-10-14T00:00:00Z,NEARUSDT,0.0001
2025-10-14T08:00:00Z,NEARUSDT,0.0001
2025-10-14T16:00:00Z,NEARUSDT,-0.00024869
2025-10-15T00:00:00Z,NEARUSDT,0.0001
2025-10-15T08:00:00Z,NEARUSDT,0.0000436
2025-10-15T16:00:00Z,NEARUSDT,-0.00028526
2025-10-16T00:00:00Z,NEARUSDT,-0.00040472
2025-10-16T08:00:00Z,NEARUSDT,-0.00007975
2025-10-16T16:00:00Z,NEARUSDT,-0.00018296
2025-10-17T00:00:00Z,NEARUSDT,0.0001
2025-10-17T08:00:00Z,NEARUSDT,-0.0003006
2025-10-17T16:00:00Z,NEARUSDT,-0.00000195
2025-10-18T00:00:00Z,NEARUSDT,0.00007175
2025-10-18T08:00:00Z,NEARUSDT,0.00007512
2025-10-18T16:00:00Z,NEARUSDT,0.00008841
2025-10-19T00:00:00Z,NEARUSDT,-0.00016609
2025-10-19T08:00:00Z,NEARUSDT,0.00001019
2025-10-19T16:00:00Z,NEARUSDT,-0.00015675
2025-10-20T00:00:00Z,NEARUSDT,-0.00017765
2025-10-20T08:00:00Z,NEARUSDT,0.00003729
2025-10-20T16:00:00Z,NEARUSDT,0.0000088
2025-10-21T00:00:00Z,NEARUSDT,0.0001
2025-10-21T08:00:00Z,NEARUSDT,-0.00000853
2025-10-21T16:00:00Z,NEARUSDT,0.00003078
2025-10-22T00:00:00Z,NEARUSDT,0.0001
2025-10-22T08:00:00Z,NEARUSDT,-0.00016212
2025-10-22T16:00:00Z,NEARUSDT,-0.00005114
2025-10-23T00:00:00Z,NEARUSDT,0.00002069
2025-10-23T08:00:00Z,NEARUSDT,-0.00015929
2025-10-23T16:00:00Z,NEARUSDT,0.0001
2025-10-24T00:00:00Z,NEARUSDT,-0.0000021
2025-10-24T08:00:00Z,NEARUSDT,0.0001
2025-10-24T16:00:00Z,NEARUSDT,0.0001
2025-10-25T00:00:00Z,NEARUSDT,0.0001
2025-10-25T08:00:00Z,NEARUSDT,-0.00019399
2025-10-25T16:00:00Z,NEARUSDT,-0.00005355
2025-10-26T00:00:00Z,NEARUSDT,0.00008294
2025-10-26T08:00:00Z,NEARUSDT,0.0001
2025-10-26T16:00:00Z,NEARUSDT,0.0001
2025-10-27T00:00:00Z,NEARUSDT,0.0001
2025-10-27T08:00:00Z,NEARUSDT,-0.00004044
2025-10-27T16:00:00Z,NEARUSDT,0.0001
2025-10-28T00:00:00Z,NEARUSDT,0.0001
2025-10-28T08:00:00Z,NEARUSDT,0.00004717
2025-10-28T16:00:00Z,NEARUSDT,0.00002821
2025-10-29T00:00:00Z,NEARUSDT,-0.00010105
2025-10-29T08:00:00Z,NEARUSDT,-0.00014125
2025-10-29T16:00:00Z,NEARUSDT,0.0001
2025-10-30T00:00:00Z,NEARUSDT,0.0001
2025-10-30T08:00:00Z,NEARUSDT,0.0001
2025-10-30T16:00:00Z,NEARUSDT,-0.00025239
2025-10-31T00:00:00Z,NEARUSDT,-0.00020098
2025-10-31T08:00:00Z,NEARUSDT,0.00003072
2025-10-31T16:00:00Z,NEARUSDT,0.0001
2025-11-01T00:00:00Z,NEARUSDT,0.00007826
2025-11-01T08:00:00Z,NEARUSDT,0.0001
2025-11-01T16:00:00Z,NEARUSDT,0.00008006
2025-11-02T00:00:00Z,NEARUSDT,-0.00003712
2025-11-02T08:00:00Z,NEARUSDT,0.00005012
2025-11-02T16:00:00Z,NEARUSDT,0.0001
2025-11-03T00:00:00Z,NEARUSDT,0.0001
2025-11-03T08:00:00Z,NEARUSDT,-0.00022286
2025-11-03T16:00:00Z,NEARUSDT,-0.00014177
2025-11-04T00:00:00Z,NEARUSDT,-0.00015521
2025-11-04T08:00:00Z,NEARUSDT,0.00003387
2025-11-04T16:00:00Z,NEARUSDT,0.00003639
2025-11-05T00:00:00Z,NEARUSDT,0.0001
2025-11-05T08:00:00Z,NEARUSDT,0.0001
2025-11-05T16:00:00Z,NEARUSDT,-0.00009679
2025-11-06T00:00:00Z,NEARUSDT,0.00000542
2025-11-06T08:00:00Z,NEARUSDT,-0.00011306
2025-11-06T16:00:00Z,NEARUSDT,-0.00004044
2025-11-07T00:00:00Z,NEARUSDT,-0.00002586
2025-11-07T08:00:00Z,NEARUSDT,-0.00039949
2025-11-07T16:00:00Z,NEARUSDT,-0.00026469
2025-11-08T00:00:00Z,NEARUSDT,0.0001
2025-11-08T08:00:00Z,NEARUSDT,0.0001
2025-11-08T16:00:00Z,NEARUSDT,0.0001
2025-11-09T00:00:00Z,NEARUSDT,-0.00004522
2025-11-09T08:00:00Z,NEARUSDT,-0.00000208
2025-11-09T16:00:00Z,NEARUSDT,0.0001
2025-11-10T00:00:00Z,NEARUSDT,0.0001
2025-11-10T08:00:00Z,NEARUSDT,0.0001
2025-11-10T16:00:00Z,NEARUSDT,0.0001
2025-11-11T00:00:00Z,NEARUSDT,0.0001
2025-11-11T08:00:00Z,NEARUSDT,0.0001
2025-11-11T16:00:00Z,NEARUSDT,0.0001
2025-11-12T00:00:00Z,NEARUSDT,0.0001
2025-11-12T08:00:00Z,NEARUSDT,0.0001
2025-11-12T16:00:00Z,NEARUSDT,0.0001
2025-11-13T00:00:00Z,NEARUSDT,0.0001
2025-11-13T08:00:00Z,NEARUSDT,-0.00001016
2025-11-13T16:00:00Z,NEARUSDT,0.0001
2025-11-14T00:00:00Z,NEARUSDT,0.0001
2025-11-14T08:00:00Z,NEARUSDT,0.0001
2025-11-14T16:00:00Z,NEARUSDT,0.0001
2025-11-15T00:00:00Z,NEARUSDT,0.00006439
2025-11-15T08:00:00Z,NEARUSDT,0.0001
2025-11-15T16:00:00Z,NEARUSDT,-0.00000732
2025-11-16T00:00:00Z,NEARUSDT,0.0001
2025-11-16T08:00:00Z,NEARUSDT,0.00009974
2025-11-16T16:00:00Z,NEARUSDT,0.0001
2025-11-17T00:00:00Z,NEARUSDT,-0.00009712
2025-11-17T08:00:00Z,NEARUSDT,-0.00002879
2025-11-17T16:00:00Z,NEARUSDT,0.0001
2025-11-18T00:00:00Z,NEARUSDT,0.00000246
2025-11-18T08:00:00Z,NEARUSDT,0.0001
2025-11-18T16:00:00Z,NEARUSDT,0.00002703
2025-11-19T00:00:00Z,NEARUSDT,0.0001
2025-11-19T08:00:00Z,NEARUSDT,0.0001
2025-11-19T16:00:00Z,NEARUSDT,0.0001
2025-11-20T00:00:00Z,NEARUSDT,0.0001
2025-11-20T08:00:00Z,NEARUSDT,0.0001
2025-11-20T16:00:00Z,NEARUSDT,0.0001
2025-11-21T00:00:00Z,NEARUSDT,-0.00020484
2025-11-21T08:00:00Z,NEARUSDT,0.0001
2025-11-21T16:00:00Z,NEARUSDT,-0.00012024
2025-11-22T00:00:00Z,NEARUSDT,-0.00015759
2025-11-22T08:00:00Z,NEARUSDT,-0.00006621
2025-11-22T16:00:00Z,NEARUSDT,-0.00008151
2025-11-23T00:00:00Z,NEARUSDT,0.0001
2025-11-23T08:00:00Z,NEARUSDT,0.0001
2025-11-23T16:00:00Z,NEARUSDT,0.00000704
2025-11-24T00:00:00Z,NEARUSDT,-0.00006948
2025-11-24T08:00:00Z,NEARUSDT,-0.00004504
2025-11-24T16:00:00Z,NEARUSDT,-0.00004249
2025-11-25T00:00:00Z,NEARUSDT,0.00000186
2025-11-25T08:00:00Z,NEARUSDT,-0.00007181
2025-11-25T16:00:00Z,NEARUSDT,-0.00002156
2025-11-26T00:00:00Z,NEARUSDT,0.0001
2025-11-26T08:00:00Z,NEARUSDT,-0.00001999
2025-11-26T16:00:00Z,NEARUSDT,0.0001
2025-11-27T00:00:00Z,NEARUSDT,0.0001
2025-11-27T08:00:00Z,NEARUSDT,0.0001
2025-11-27T16:00:00Z,NEARUSDT,0.0001
2025-11-28T00:00:00Z,NEARUSDT,0.00000812
2025-11-28T08:00:00Z,NEARUSDT,-0.00001118
2025-11-28T16:00:00Z,NEARUSDT,-0.00001667
2025-11-29T00:00:00Z,NEARUSDT,-0.00009739
2025-11-29T08:00:00Z,NEARUSDT,0.00006453
2025-11-29T16:00:00Z,NEARUSDT,0.00000713
2025-11-30T00:00:00Z,NEARUSDT,0.0001
2025-11-30T08:00:00Z,NEARUSDT,0.00006967
2025-11-30T16:00:00Z,NEARUSDT,-0.00003169
2025-12-01T00:00:00Z,NEARUSDT,-0.0001377
2025-12-01T08:00:00Z,NEARUSDT,0.0001
2025-12-01T16:00:00Z,NEARUSDT,0.0000506
2025-12-02T00:00:00Z,NEARUSDT,-0.00003169
2025-12-02T08:00:00Z,NEARUSDT,-0.00010313
2025-12-02T16:00:00Z,NEARUSDT,-0.00007597
2025-12-03T00:00:00Z,NEARUSDT,0.0001
2025-12-03T08:00:00Z,NEARUSDT,-0.00009483
2025-12-03T16:00:00Z,NEARUSDT,0.00008786
2025-12-04T00:00:00Z,NEARUSDT,0.0001
2025-12-04T08:00:00Z,NEARUSDT,0.0001
2025-12-04T16:00:00Z,NEARUSDT,0.0001
2025-12-05T00:00:00Z,NEARUSDT,0.00009011
2025-12-05T08:00:00Z,NEARUSDT,0.00009808
2025-12-05T16:00:00Z,NEARUSDT,-0.00005148
2025-12-06T00:00:00Z,NEARUSDT,-0.00022547
2025-12-06T08:00:00Z,NEARUSDT,-0.0001543
2025-12-06T16:00:00Z,NEARUSDT,0.00006233
2025-12-07T00:00:00Z,NEARUSDT,-0.00002322
2025-12-07T08:00:00Z,NEARUSDT,-0.0001131
2025-12-07T16:00:00Z,NEARUSDT,-0.00000189
2025-12-08T00:00:00Z,NEARUSDT,-0.00008509
2025-12-08T08:00:00Z,NEARUSDT,0.00003125
2025-12-08T16:00:00Z,NEARUSDT,-0.00001618
2025-12-09T00:00:00Z,NEARUSDT,-0.00008468
2025-12-09T08:00:00Z,NEARUSDT,-0.00001191
2025-12-09T16:00:00Z,NEARUSDT,-0.00003204
2025-12-10T00:00:00Z,NEARUSDT,0.0001
2025-12-10T08:00:00Z,NEARUSDT,-0.00002495
2025-12-10T16:00:00Z,NEARUSDT,0.00009667
2025-12-11T00:00:00Z,NEARUSDT,0.0001
2025-12-11T08:00:00Z,NEARUSDT,-0.00006178
2025-12-11T16:00:00Z,NEARUSDT,-0.00018718
2025-12-12T00:00:00Z,NEARUSDT,0.00006577
2025-12-12T08:00:00Z,NEARUSDT,0.0000254
2025-12-12T16:00:00Z,NEARUSDT,0.0001
2025-12-13T00:00:00Z,NEARUSDT,-0.000068
2025-12-13T08:00:00Z,NEARUSDT,0.0001
2025-12-13T16:00:00Z,NEARUSDT,0.00007099
2025-12-14T00:00:00Z,NEARUSDT,0.0001
2025-12-14T08:00:00Z,NEARUSDT,-0.00010396
2025-12-14T16:00:00Z,NEARUSDT,0.00006664
2025-12-15T00:00:00Z,NEARUSDT,-0.0001427
2025-12-15T08:00:00Z,NEARUSDT,0.0001
2025-12-15T16:00:00Z,NEARUSDT,0.0001
2025-12-16T00:00:00Z,NEARUSDT,-0.00041936
2025-12-16T08:00:00Z,NEARUSDT,0.00000901
2025-12-16T16:00:00Z,NEARUSDT,0.0001
2025-12-17T00:00:00Z,NEARUSDT,-0.0001012
2025-12-17T08:00:00Z,NEARUSDT,0.0001
2025-12-17T16:00:00Z,NEARUSDT,-0.00002619
2025-12-18T00:00:00Z,NEARUSDT,-0.0000514
2025-12-18T08:00:00Z,NEARUSDT,-0.00002527
2025-12-18T16:00:00Z,NEARUSDT,0.0001
2025-12-19T00:00:00Z,NEARUSDT,0.0001
2025-12-19T08:00:00Z,NEARUSDT,0.0001
2025-12-19T16:00:00Z,NEARUSDT,0.0001
2025-12-20T00:00:00Z,NEARUSDT,0.0001
2025-12-20T08:00:00Z,NEARUSDT,-0.00000036
2025-12-20T16:00:00Z,NEARUSDT,0.00004222
2025-12-21T00:00:00Z,NEARUSDT,0.00001025
2025-12-21T08:00:00Z,NEARUSDT,0.00003408
2025-12-21T16:00:00Z,NEARUSDT,-0.00012768
2025-12-22T00:00:00Z,NEARUSDT,0.00001072
2025-12-22T08:00:00Z,NEARUSDT,-0.00013214
2025-12-22T16:00:00Z,NEARUSDT,-0.00006491
2025-12-23T00:00:00Z,NEARUSDT,0.0000729
2025-12-23T08:00:00Z,NEARUSDT,0.0001
2025-12-23T16:00:00Z,NEARUSDT,0.00007261
2025-12-24T00:00:00Z,NEARUSDT,0.0001
2025-12-24T08:00:00Z,NEARUSDT,-0.00006533
2025-12-24T16:00:00Z,NEARUSDT,-0.00011311
2025-12-25T00:00:00Z,NEARUSDT,-0.0003265
2025-12-25T08:00:00Z,NEARUSDT,0.0001
2025-12-25T16:00:00Z,NEARUSDT,-0.00002752
2025-12-26T00:00:00Z,NEARUSDT,0.00009322
2025-12-26T08:00:00Z,NEARUSDT,0.00005447
2025-12-26T16:00:00Z,NEARUSDT,0.00005928
2025-12-27T00:00:00Z,NEARUSDT,0.0001
2025-12-27T08:00:00Z,NEARUSDT,0.00009847
2025-12-27T16:00:00Z,NEARUSDT,0.00002579
2025-12-28T00:00:00Z,NEARUSDT,-0.00000449
2025-12-28T08:00:00Z,NEARUSDT,-0.00017407
2025-12-28T16:00:00Z,NEARUSDT,-0.00026602
2025-12-29T00:00:00Z,NEARUSDT,0.0001
2025-12-29T08:00:00Z,NEARUSDT,0.0001
2025-12-29T16:00:00Z,NEARUSDT,-0.00012626
2025-12-30T00:00:00Z,NEARUSDT,0.0000707
2025-12-30T08:00:00Z,NEARUSDT,0.0000327
2025-12-30T16:00:00Z,NEARUSDT,0.0001
2025-12-31T00:00:00Z,NEARUSDT,0.0001
2025-12-31T08:00:00Z,NEARUSDT,0.0000134
2025-12-31T16:00:00Z,NEARUSDT,0.0001
2026-01-01T00:00:00Z,NEARUSDT,-0.00000964
2026-01-01T08:00:00Z,NEARUSDT,0.0001
2026-01-01T16:00:00Z,NEARUSDT,0.0001
2026-01-02T00:00:00Z,NEARUSDT,0.00000382
2026-01-02T08:00:00Z,NEARUSDT,0.00000362
2026-01-02T16:00:00Z,NEARUSDT,0.00002654
2026-01-03T00:00:00Z,NEARUSDT,-0.00015613
2026-01-03T08:00:00Z,NEARUSDT,0.000078
2026-01-03T16:00:00Z,NEARUSDT,0.0001
2026-01-04T00:00:00Z,NEARUSDT,-0.00007771
2026-01-04T08:00:00Z,NEARUSDT,-0.00011009
2026-01-04T16:00:00Z,NEARUSDT,0.0001
2026-01-05T00:00:00Z,NEARUSDT,0.0001
2026-01-05T08:00:00Z,NEARUSDT,-0.00012425
2026-01-05T16:00:00Z,NEARUSDT,0.00004809
2026-01-06T00:00:00Z,NEARUSDT,0.00002256
2026-01-06T08:00:00Z,NEARUSDT,0.0000161
2026-01-06T16:00:00Z,NEARUSDT,0.00000197
2026-01-07T00:00:00Z,NEARUSDT,0.00007842
2026-01-07T08:00:00Z,NEARUSDT,0.00009185
2026-01-07T16:00:00Z,NEARUSDT,0.00007575
2026-01-08T00:00:00Z,NEARUSDT,0.0001
2026-01-08T08:00:00Z,NEARUSDT,0.0001
2026-01-08T16:00:00Z,NEARUSDT,0.00009635
2026-01-09T00:00:00Z,NEARUSDT,0.0001
2026-01-09T08:00:00Z,NEARUSDT,0.0001
2026-01-09T16:00:00Z,NEARUSDT,0.0001
2026-01-10T00:00:00Z,NEARUSDT,0.00008689
2026-01-10T08:00:00Z,NEARUSDT,-0.00005914
2026-01-10T16:00:00Z,NEARUSDT,0.0001
2026-01-11T00:00:00Z,NEARUSDT,0.00006815
2026-01-11T08:00:00Z,NEARUSDT,0.00008604
2026-01-11T16:00:00Z,NEARUSDT,0.00009943
2026-01-12T00:00:00Z,NEARUSDT,-0.00010981
2026-01-12T08:00:00Z,NEARUSDT,-0.0001247
2026-01-12T16:00:00Z,NEARUSDT,-0.000128
2026-01-13T00:00:00Z,NEARUSDT,-0.00001685
2026-01-13T08:00:00Z,NEARUSDT,0.0001
2026-01-13T16:00:00Z,NEARUSDT,0.0001
2026-01-14T00:00:00Z,NEARUSDT,0.0001
2026-01-14T08:00:00Z,NEARUSDT,0.0001
2026-01-14T16:00:00Z,NEARUSDT,0.0001
2026-01-15T00:00:00Z,NEARUSDT,0.0001
2026-01-15T08:00:00Z,NEARUSDT,0.0001
2026-01-15T16:00:00Z,NEARUSDT,0.00003322
2026-01-16T00:00:00Z,NEARUSDT,-0.00000576
2026-01-16T08:00:00Z,NEARUSDT,-0.00011683
2026-01-16T16:00:00Z,NEARUSDT,0.0001
2026-01-17T00:00:00Z,NEARUSDT,0.0001
2026-01-17T08:00:00Z,NEARUSDT,0.0001
2026-01-17T16:00:00Z,NEARUSDT,0.0001
2026-01-18T00:00:00Z,NEARUSDT,0.0001
2026-01-18T08:00:00Z,NEARUSDT,-0.0000097
2026-01-18T16:00:00Z,NEARUSDT,-0.00004502
2026-01-19T00:00:00Z,NEARUSDT,0.00003857
2026-01-19T08:00:00Z,NEARUSDT,-0.00008745
2026-01-19T16:00:00Z,NEARUSDT,-0.00012049
2026-01-20T00:00:00Z,NEARUSDT,0.0001
2026-01-20T08:00:00Z,NEARUSDT,0.0001
2026-01-20T16:00:00Z,NEARUSDT,-0.00005327
2026-01-21T00:00:00Z,NEARUSDT,-0.00001385
2026-01-21T08:00:00Z,NEARUSDT,-0.00008193
2026-01-21T16:00:00Z,NEARUSDT,0.00008301
2026-01-22T00:00:00Z,NEARUSDT,0.00006292
2026-01-22T08:00:00Z,NEARUSDT,-0.00008572
2026-01-22T16:00:00Z,NEARUSDT,0.0001
2026-01-23T00:00:00Z,NEARUSDT,0.0001
2026-01-23T08:00:00Z,NEARUSDT,0.0001
2026-01-23T16:00:00Z,NEARUSDT,-0.00007389
2026-01-24T00:00:00Z,NEARUSDT,-0.00030896
2026-01-24T08:00:00Z,NEARUSDT,-0.00011391
2026-01-24T16:00:00Z,NEARUSDT,-0.00003713
2026-01-25T00:00:00Z,NEARUSDT,-0.00010345
2026-01-25T08:00:00Z,NEARUSDT,0.0001
2026-01-25T16:00:00Z,NEARUSDT,-0.00002175
2026-01-26T00:00:00Z,NEARUSDT,0.0001
2026-01-26T08:00:00Z,NEARUSDT,0.0001
2026-01-26T16:00:00Z,NEARUSDT,0.00001137
2026-01-27T00:00:00Z,NEARUSDT,-0.00000946
2026-01-27T08:00:00Z,NEARUSDT,-0.00012109
2026-01-27T16:00:00Z,NEARUSDT,-0.00012128
2026-01-28T00:00:00Z,NEARUSDT,0.0001
2026-01-28T08:00:00Z,NEARUSDT,0.00009809
2026-01-28T16:00:00Z,NEARUSDT,0.0001
2026-01-29T00:00:00Z,NEARUSDT,0.0001
2026-01-29T08:00:00Z,NEARUSDT,-0.00012939
2026-01-29T16:00:00Z,NEARUSDT,-0.00004691
2026-01-30T00:00:00Z,NEARUSDT,-0.00014774
2026-01-30T08:00:00Z,NEARUSDT,0.0001
2026-01-30T16:00:00Z,NEARUSDT,0.0001
2026-01-31T00:00:00Z,NEARUSDT,0.0001
2026-01-31T08:00:00Z,NEARUSDT,0.00003899
2026-01-31T16:00:00Z,NEARUSDT,-0.0000637
2026-02-01T00:00:00Z,NEARUSDT,0.0001
2026-02-01T08:00:00Z,NEARUSDT,0.00004335
2026-02-01T16:00:00Z,NEARUSDT,0.0001
2026-02-02T00:00:00Z,NEARUSDT,0.00001181
2026-02-02T08:00:00Z,NEARUSDT,0.00008426
2026-02-02T16:00:00Z,NEARUSDT,-0.00015482
2026-02-03T00:00:00Z,NEARUSDT,-0.00000727
2026-02-03T08:00:00Z,NEARUSDT,0.00006147
2026-02-03T16:00:00Z,NEARUSDT,0.0001
2026-02-04T00:00:00Z,NEARUSDT,0.0001
2026-02-04T08:00:00Z,NEARUSDT,0.00008904
2026-02-04T16:00:00Z,NEARUSDT,-0.0000213
2026-02-05T00:00:00Z,NEARUSDT,0.0001
2026-02-05T08:00:00Z,NEARUSDT,0.0001
2026-02-05T16:00:00Z,NEARUSDT,-0.0000004
2026-02-06T00:00:00Z,NEARUSDT,0.0001
2026-02-06T08:00:00Z,NEARUSDT,-0.00013709
2026-02-06T16:00:00Z,NEARUSDT,-0.00033477
2026-02-07T00:00:00Z,NEARUSDT,0.00001607
2026-02-07T08:00:00Z,NEARUSDT,0.00005451
2026-02-07T16:00:00Z,NEARUSDT,0.00008024
2026-02-08T00:00:00Z,NEARUSDT,0.0000388
2026-02-08T08:00:00Z,NEARUSDT,-0.0001092
2026-02-08T16:00:00Z,NEARUSDT,-0.00007143
2026-02-09T00:00:00Z,NEARUSDT,0.0001
2026-02-09T08:00:00Z,NEARUSDT,0.0001
2026-02-09T16:00:00Z,NEARUSDT,0.00007073
2026-02-10T00:00:00Z,NEARUSDT,0.00008225
2026-02-10T08:00:00Z,NEARUSDT,0.0001
2026-02-10T16:00:00Z,NEARUSDT,0.00003002
2026-02-11T00:00:00Z,NEARUSDT,-0.0000659
2026-02-11T08:00:00Z,NEARUSDT,0.00009998
2026-02-11T16:00:00Z,NEARUSDT,0.0001
2026-02-12T00:00:00Z,NEARUSDT,0.00008107
2026-02-12T08:00:00Z,NEARUSDT,0.0001
2026-02-12T16:00:00Z,NEARUSDT,-0.00007061
2026-02-13T00:00:00Z,NEARUSDT,-0.0001687
2026-02-13T08:00:00Z,NEARUSDT,-0.00030414
2026-02-13T16:00:00Z,NEARUSDT,0.00007654
2026-02-14T00:00:00Z,NEARUSDT,0.00006961
2026-02-14T08:00:00Z,NEARUSDT,-0.00014498
2026-02-14T16:00:00Z,NEARUSDT,0.00005412
2026-02-15T00:00:00Z,NEARUSDT,-0.00004627
2026-02-15T08:00:00Z,NEARUSDT,0.00001674
2026-02-15T16:00:00Z,NEARUSDT,-0.00011727
2026-02-16T00:00:00Z,NEARUSDT,-0.0001518
2026-02-16T08:00:00Z,NEARUSDT,-0.0000534
2026-02-16T16:00:00Z,NEARUSDT,-0.00016803
2026-02-17T00:00:00Z,NEARUSDT,0.00006889
2026-02-17T08:00:00Z,NEARUSDT,0.0001
2026-02-17T16:00:00Z,NEARUSDT,-0.0001801
2026-02-18T00:00:00Z,NEARUSDT,-0.00000003
2026-02-18T08:00:00Z,NEARUSDT,0.00002799
2026-02-18T16:00:00Z,NEARUSDT,-0.00011682
2026-02-19T00:00:00Z,NEARUSDT,-0.00005848
2026-02-19T08:00:00Z,NEARUSDT,-0.00022715
2026-02-19T16:00:00Z,NEARUSDT,-0.00011669
2026-02-20T00:00:00Z,NEARUSDT,-0.00008284
2026-02-20T08:00:00Z,NEARUSDT,0.00002838
2026-02-20T16:00:00Z,NEARUSDT,0.0001
2026-02-21T00:00:00Z,NEARUSDT,0.0001
2026-02-21T08:00:00Z,NEARUSDT,0.0001
2026-02-21T16:00:00Z,NEARUSDT,0.00007528
2026-02-22T00:00:00Z,NEARUSDT,-0.00014564
2026-02-22T08:00:00Z,NEARUSDT,-0.00017073
2026-02-22T16:00:00Z,NEARUSDT,-0.00005572
2026-02-23T00:00:00Z,NEARUSDT,-0.00002239
2026-02-23T08:00:00Z,NEARUSDT,-0.0002499
2026-02-23T16:00:00Z,NEARUSDT,0.00002397
2026-02-24T00:00:00Z,NEARUSDT,-0.00009758
2026-02-24T08:00:00Z,NEARUSDT,-0.00009904
2026-02-24T16:00:00Z,NEARUSDT,-0.00037516
2026-02-25T00:00:00Z,NEARUSDT,0.00001031
2026-02-25T08:00:00Z,NEARUSDT,0.0001
2026-02-25T16:00:00Z,NEARUSDT,0.0001
2026-02-26T00:00:00Z,NEARUSDT,0.0001
2026-02-26T08:00:00Z,NEARUSDT,0.0001
2026-02-26T16:00:00Z,NEARUSDT,-0.00006307
2026-02-27T00:00:00Z,NEARUSDT,-0.00012933
2026-02-27T08:00:00Z,NEARUSDT,-0.00000651
2026-02-27T16:00:00Z,NEARUSDT,0.0001
2026-02-28T00:00:00Z,NEARUSDT,0.0001
2026-02-28T08:00:00Z,NEARUSDT,0.00008315
2026-02-28T16:00:00Z,NEARUSDT,0.0001
2026-03-01T00:00:00Z,NEARUSDT,0.0001
2026-03-01T08:00:00Z,NEARUSDT,0.0001
2026-03-01T16:00:00Z,NEARUSDT,0.00006324
2026-03-02T00:00:00Z,NEARUSDT,0.0001
2026-03-02T08:00:00Z,NEARUSDT,0.00001496
2026-03-02T16:00:00Z,NEARUSDT,0.00003687
2026-03-03T00:00:00Z,NEARUSDT,0.0001
2026-03-03T08:00:00Z,NEARUSDT,-0.0000762
2026-03-03T16:00:00Z,NEARUSDT,-0.00005715
2026-03-04T00:00:00Z,NEARUSDT,-0.00015316
2026-03-04T08:00:00Z,NEARUSDT,0.0001
2026-03-04T16:00:00Z,NEARUSDT,-0.00007012
2026-03-05T00:00:00Z,NEARUSDT,0.00000343
2026-03-05T08:00:00Z,NEARUSDT,-0.00010434
2026-03-05T16:00:00Z,NEARUSDT,0.00004414
2026-03-06T00:00:00Z,NEARUSDT,0.0001
2026-03-06T08:00:00Z,NEARUSDT,0.00004641
2026-03-06T16:00:00Z,NEARUSDT,0.0001
2026-03-07T00:00:00Z,NEARUSDT,0.0001
2026-03-07T08:00:00Z,NEARUSDT,0.00005195
2026-03-07T16:00:00Z,NEARUSDT,0.00003907
2026-03-08T00:00:00Z,NEARUSDT,0.000015
2026-03-08T08:00:00Z,NEARUSDT,0.0001
2026-03-08T16:00:00Z,NEARUSDT,-0.00029024
2026-03-09T00:00:00Z,NEARUSDT,-0.00025165
2026-03-09T08:00:00Z,NEARUSDT,-0.00039674
2026-03-09T16:00:00Z,NEARUSDT,-0.00018553
2026-03-10T00:00:00Z,NEARUSDT,0.00007336
2026-03-10T08:00:00Z,NEARUSDT,0.00007318
2026-03-10T16:00:00Z,NEARUSDT,0.00000464
2026-03-11T00:00:00Z,NEARUSDT,0.00007374
2026-03-11T08:00:00Z,NEARUSDT,0.00006897
2026-03-11T16:00:00Z,NEARUSDT,-0.00005388
2026-03-12T00:00:00Z,NEARUSDT,0.0001
2026-03-12T08:00:00Z,NEARUSDT,-0.00004365
2026-03-12T16:00:00Z,NEARUSDT,-0.00022996
2026-03-13T00:00:00Z,NEARUSDT,0.00005789
2026-03-13T08:00:00Z,NEARUSDT,0.0000883
2026-03-13T16:00:00Z,NEARUSDT,0.0001
2026-03-14T00:00:00Z,NEARUSDT,0.0001
2026-03-14T08:00:00Z,NEARUSDT,0.00001827
2026-03-14T16:00:00Z,NEARUSDT,0.0001
2026-03-15T00:00:00Z,NEARUSDT,0.0001
2026-03-15T08:00:00Z,NEARUSDT,0.0000777
2026-03-15T16:00:00Z,NEARUSDT,-0.00003383
2026-03-16T00:00:00Z,NEARUSDT,0.0001
2026-03-16T08:00:00Z,NEARUSDT,0.0001
2026-03-16T16:00:00Z,NEARUSDT,0.00006621
2026-03-17T00:00:00Z,NEARUSDT,0.0001
2026-03-17T08:00:00Z,NEARUSDT,0.00003947
2026-03-17T16:00:00Z,NEARUSDT,-0.00010611
2026-03-18T00:00:00Z,NEARUSDT,-0.00023761
2026-03-18T08:00:00Z,NEARUSDT,-0.00003286
2026-03-18T16:00:00Z,NEARUSDT,-0.00012951
2026-03-19T00:00:00Z,NEARUSDT,-0.00009465
2026-03-19T08:00:00Z,NEARUSDT,0.0001
2026-03-19T16:00:00Z,NEARUSDT,0.0000503
2026-03-20T00:00:00Z,NEARUSDT,0.0001
2026-03-20T08:00:00Z,NEARUSDT,-0.00015256
2026-03-20T16:00:00Z,NEARUSDT,-0.00009626
2026-03-21T00:00:00Z,NEARUSDT,0.0001
2026-03-21T08:00:00Z,NEARUSDT,0.0001
2026-03-21T16:00:00Z,NEARUSDT,0.0001
2026-03-22T00:00:00Z,NEARUSDT,0.0001
2026-03-22T08:00:00Z,NEARUSDT,0.0001
2026-03-22T16:00:00Z,NEARUSDT,0.0001
2026-03-23T00:00:00Z,NEARUSDT,0.00009222
2026-03-23T08:00:00Z,NEARUSDT,0.00003071
2026-03-23T16:00:00Z,NEARUSDT,-0.00021951
2026-03-24T00:00:00Z,NEARUSDT,0.00006281
2026-03-24T08:00:00Z,NEARUSDT,0.0001
2026-03-24T16:00:00Z,NEARUSDT,0.00000326
2026-03-25T00:00:00Z,NEARUSDT,0.0001
2026-03-25T08:00:00Z,NEARUSDT,-0.0001146
2026-03-25T16:00:00Z,NEARUSDT,-0.00017004
2026-03-26T00:00:00Z,NEARUSDT,0.00004529
2026-03-26T08:00:00Z,NEARUSDT,0.00000721
2026-03-26T16:00:00Z,NEARUSDT,0.0001
2026-03-27T00:00:00Z,NEARUSDT,-0.00007098
2026-03-27T08:00:00Z,NEARUSDT,0.0001
2026-03-27T16:00:00Z,NEARUSDT,0.0001
2026-03-28T00:00:00Z,NEARUSDT,0.0001
2026-03-28T08:00:00Z,NEARUSDT,0.00000532
2026-03-28T16:00:00Z,NEARUSDT,0.00003231
2026-03-29T00:00:00Z,NEARUSDT,0.0001
2026-03-29T08:00:00Z,NEARUSDT,0.0001
2026-03-29T16:00:00Z,NEARUSDT,0.0001
2026-03-30T00:00:00Z,NEARUSDT,0.0001
2026-03-30T08:00:00Z,NEARUSDT,-0.00000946
2026-03-30T16:00:00Z,NEARUSDT,0.00003738
2026-03-31T00:00:00Z,NEARUSDT,0.00004626
2026-03-31T08:00:00Z,NEARUSDT,0.0001
2026-03-31T16:00:00Z,NEARUSDT,0.00003183
2026-04-01T00:00:00Z,NEARUSDT,0.00002821
2026-04-01T08:00:00Z,NEARUSDT,0.00004431
2026-04-01T16:00:00Z,NEARUSDT,-0.00007684
2026-04-02T00:00:00Z,NEARUSDT,-0.00005485
2026-04-02T08:00:00Z,NEARUSDT,0.0001
2026-04-02T16:00:00Z,NEARUSDT,0.00001288
2026-04-03T00:00:00Z,NEARUSDT,0.0001
2026-04-03T08:00:00Z,NEARUSDT,0.0001
2026-04-03T16:00:00Z,NEARUSDT,0.0001
2026-04-04T00:00:00Z,NEARUSDT,0.0001
2026-04-04T08:00:00Z,NEARUSDT,-0.00001021
2026-04-04T16:00:00Z,NEARUSDT,-0.00001143
2026-04-05T00:00:00Z,NEARUSDT,-0.00008529
2026-04-05T08:00:00Z,NEARUSDT,0.00000695
2026-04-05T16:00:00Z,NEARUSDT,0.00009142
2026-04-06T00:00:00Z,NEARUSDT,-0.00008576
2026-04-06T08:00:00Z,NEARUSDT,-0.00005181
2026-04-06T16:00:00Z,NEARUSDT,0.0001
2026-04-07T00:00:00Z,NEARUSDT,0.00009226
2026-04-07T08:00:00Z,NEARUSDT,0.00006991
2026-04-07T16:00:00Z,NEARUSDT,0.0001
2026-04-08T00:00:00Z,NEARUSDT,0.0001
2026-04-08T08:00:00Z,NEARUSDT,0.00000488
2026-04-08T16:00:00Z,NEARUSDT,0.0001
2026-04-09T00:00:00Z,NEARUSDT,-0.00021421
2026-04-09T08:00:00Z,NEARUSDT,-0.00023077
2026-04-09T16:00:00Z,NEARUSDT,0.0000962
2026-04-10T00:00:00Z,NEARUSDT,0.0001
2026-04-10T08:00:00Z,NEARUSDT,0.0001
2026-04-10T16:00:00Z,NEARUSDT,0.0001
2026-04-11T00:00:00Z,NEARUSDT,-0.00003788
2026-04-11T08:00:00Z,NEARUSDT,0.00002548
2026-04-11T16:00:00Z,NEARUSDT,0.0001
2026-04-12T00:00:00Z,NEARUSDT,0.0001
2026-04-12T08:00:00Z,NEARUSDT,0.00001675
2026-04-12T16:00:00Z,NEARUSDT,-0.00011683
2026-04-13T00:00:00Z,NEARUSDT,0.0001
2026-04-13T08:00:00Z,NEARUSDT,-0.0000754
2026-04-13T16:00:00Z,NEARUSDT,0.0001
2026-04-14T00:00:00Z,NEARUSDT,0.0001
2026-04-14T08:00:00Z,NEARUSDT,0.0001
2026-04-14T16:00:00Z,NEARUSDT,-0.00015341
2026-04-15T00:00:00Z,NEARUSDT,-0.00003983
2026-04-15T08:00:00Z,NEARUSDT,0.00003531
2026-04-15T16:00:00Z,NEARUSDT,0.00009477
2026-04-16T00:00:00Z,NEARUSDT,0.0001
2026-04-16T08:00:00Z,NEARUSDT,0.0001
2026-04-16T16:00:00Z,NEARUSDT,0.00008064
2026-04-17T00:00:00Z,NEARUSDT,0.0001
2026-04-17T08:00:00Z,NEARUSDT,0.00003772
2026-04-17T16:00:00Z,NEARUSDT,0.00005319
2026-04-18T00:00:00Z,NEARUSDT,0.0001
2026-04-18T08:00:00Z,NEARUSDT,0.0001
2026-04-18T16:00:00Z,NEARUSDT,0.00008247
2026-04-19T00:00:00Z,NEARUSDT,-0.00006769
2026-04-19T08:00:00Z,NEARUSDT,0.00002522
2026-04-19T16:00:00Z,NEARUSDT,-0.00010338
2026-04-20T00:00:00Z,NEARUSDT,0.0001
2026-04-20T08:00:00Z,NEARUSDT,0.00001829
2026-04-20T16:00:00Z,NEARUSDT,-0.00002278
2026-04-21T00:00:00Z,NEARUSDT,0.00000061
2026-04-21T08:00:00Z,NEARUSDT,-0.0000578
2026-04-21T16:00:00Z,NEARUSDT,0.0001
2026-04-22T00:00:00Z,NEARUSDT,0.0001
2026-04-22T08:00:00Z,NEARUSDT,0.0001
2026-04-22T16:00:00Z,NEARUSDT,-0.00004518
2026-04-23T00:00:00Z,NEARUSDT,-0.00002813
2026-04-23T08:00:00Z,NEARUSDT,0.00003668
2026-04-23T16:00:00Z,NEARUSDT,0.00003684
2026-04-24T00:00:00Z,NEARUSDT,0.00007209
2026-04-24T08:00:00Z,NEARUSDT,0.0001
2026-04-24T16:00:00Z,NEARUSDT,0.0001
2026-04-25T00:00:00Z,NEARUSDT,-0.00011231
2026-04-25T08:00:00Z,NEARUSDT,-0.00000103
2026-04-25T16:00:00Z,NEARUSDT,-0.00018043
2026-04-26T00:00:00Z,NEARUSDT,0.0001
2026-04-26T08:00:00Z,NEARUSDT,0.0001
2026-04-26T16:00:00Z,NEARUSDT,0.00008827
2026-04-27T00:00:00Z,NEARUSDT,-0.00015653
2026-04-27T08:00:00Z,NEARUSDT,0.0001
2026-04-27T16:00:00Z,NEARUSDT,0.00008893
2026-04-28T00:00:00Z,NEARUSDT,0.0001
2026-04-28T08:00:00Z,NEARUSDT,0.0001
2026-04-28T16:00:00Z,NEARUSDT,-0.00001662
2026-04-29T00:00:00Z,NEARUSDT,0.00001229
2026-04-29T08:00:00Z,NEARUSDT,0.0001
2026-04-29T16:00:00Z,NEARUSDT,-0.00004528
2026-04-30T00:00:00Z,NEARUSDT,0.0000248
2026-04-30T08:00:00Z,NEARUSDT,0.0001
2026-04-30T16:00:00Z,NEARUSDT,0.0001
2026-05-01T00:00:00Z,NEARUSDT,0.0001
2026-05-01T08:00:00Z,NEARUSDT,-0.00002476
2026-05-01T16:00:00Z,NEARUSDT,-0.00006549
2026-05-02T00:00:00Z,NEARUSDT,-0.00008246
2026-05-02T08:00:00Z,NEARUSDT,0.00006766
2026-05-02T16:00:00Z,NEARUSDT,0.0001
2026-05-03T00:00:00Z,NEARUSDT,0.00000457
2026-05-03T08:00:00Z,NEARUSDT,-0.00017946
2026-05-03T16:00:00Z,NEARUSDT,-0.00006058
2026-05-04T00:00:00Z,NEARUSDT,0.00009994
2026-05-04T08:00:00Z,NEARUSDT,-0.00007007
2026-05-04T16:00:00Z,NEARUSDT,-0.00004988
2026-05-05T00:00:00Z,NEARUSDT,0.00002583
2026-05-05T08:00:00Z,NEARUSDT,0.00006441
2026-05-05T16:00:00Z,NEARUSDT,0.0001
2026-05-06T00:00:00Z,NEARUSDT,0.0001
2026-05-06T08:00:00Z,NEARUSDT,0.0001
2026-05-06T16:00:00Z,NEARUSDT,0.0001
2026-05-07T00:00:00Z,NEARUSDT,0.0001
2026-05-07T08:00:00Z,NEARUSDT,0.0001
2026-05-07T16:00:00Z,NEARUSDT,0.0001
2026-05-08T00:00:00Z,NEARUSDT,0.0001
2026-05-08T08:00:00Z,NEARUSDT,0.0001
2026-05-08T16:00:00Z,NEARUSDT,0.0001
2026-05-09T00:00:00Z,NEARUSDT,0.0001
2026-05-09T08:00:00Z,NEARUSDT,0.00006397
2026-05-09T16:00:00Z,NEARUSDT,0.0001
2026-05-10T00:00:00Z,NEARUSDT,0.0001
2026-05-10T08:00:00Z,NEARUSDT,0.0001
2026-05-10T16:00:00Z,NEARUSDT,0.0001
2026-05-11T00:00:00Z,NEARUSDT,-0.00002967
2026-05-11T08:00:00Z,NEARUSDT,0.0001
2026-05-11T16:00:00Z,NEARUSDT,0.0001
2026-05-12T00:00:00Z,NEARUSDT,0.0001
2026-05-12T08:00:00Z,NEARUSDT,0.0000834
2026-05-12T16:00:00Z,NEARUSDT,-0.00003003
2026-05-13T00:00:00Z,NEARUSDT,-0.00021125
2026-05-13T08:00:00Z,NEARUSDT,-0.00001575
2026-05-13T16:00:00Z,NEARUSDT,0.00009598
2026-05-14T00:00:00Z,NEARUSDT,0.0001
2026-05-14T08:00:00Z,NEARUSDT,0.0001
2026-05-14T16:00:00Z,NEARUSDT,0.0001
2026-05-15T00:00:00Z,NEARUSDT,0.00003642
2026-05-15T08:00:00Z,NEARUSDT,0.00002948
2026-05-15T16:00:00Z,NEARUSDT,0.00000203
2026-05-16T00:00:00Z,NEARUSDT,0.0001
2026-05-16T08:00:00Z,NEARUSDT,0.00005291
2026-05-16T16:00:00Z,NEARUSDT,0.0001
2026-05-17T00:00:00Z,NEARUSDT,0.0001
2026-05-17T08:00:00Z,NEARUSDT,0.0001
2026-05-17T16:00:00Z,NEARUSDT,0.0001
2026-05-18T00:00:00Z,NEARUSDT,0.00001862
2026-05-18T08:00:00Z,NEARUSDT,0.00006895
2026-05-18T16:00:00Z,NEARUSDT,-0.000009
2026-05-19T00:00:00Z,NEARUSDT,-0.00003017
2026-05-19T08:00:00Z,NEARUSDT,0.00003953
2026-05-19T16:00:00Z,NEARUSDT,-0.00015664
2026-05-20T00:00:00Z,NEARUSDT,0.0001
2026-05-20T08:00:00Z,NEARUSDT,0.0001
2026-05-20T16:00:00Z,NEARUSDT,0.0001
2026-05-21T00:00:00Z,NEARUSDT,0.0001
2026-05-21T08:00:00Z,NEARUSDT,0.0001
2026-05-21T16:00:00Z,NEARUSDT,0.0001
2026-05-22T00:00:00Z,NEARUSDT,0.0001
2026-05-22T08:00:00Z,NEARUSDT,0.00002531
2026-05-22T16:00:00Z,NEARUSDT,0.00002832
2026-05-23T00:00:00Z,NEARUSDT,-0.00025007
2026-05-23T08:00:00Z,NEARUSDT,-0.00004579
2026-05-23T16:00:00Z,NEARUSDT,0.00003421
2026-05-24T00:00:00Z,NEARUSDT,-0.00027281
2026-05-24T08:00:00Z,NEARUSDT,0.0001
2026-05-24T16:00:00Z,NEARUSDT,-0.00007796
2026-05-25T00:00:00Z,NEARUSDT,-0.00008312
2026-05-25T08:00:00Z,NEARUSDT,0.00001119
2026-05-25T16:00:00Z,NEARUSDT,0.00001374
2026-05-26T00:00:00Z,NEARUSDT,-0.00020507
2026-05-26T08:00:00Z,NEARUSDT,-0.00006691
2026-05-26T16:00:00Z,NEARUSDT,-0.00001146
2026-05-27T00:00:00Z,NEARUSDT,0.0001
2026-05-27T08:00:00Z,NEARUSDT,0.00001037
2026-05-27T16:00:00Z,NEARUSDT,0.0001
2026-05-28T00:00:00Z,NEARUSDT,0.0001
2026-05-28T08:00:00Z,NEARUSDT,0.0001
2026-05-28T16:00:00Z,NEARUSDT,0.0001
2026-05-29T00:00:00Z,NEARUSDT,-0.00003322
2026-05-29T08:00:00Z,NEARUSDT,-0.0000172
2026-05-29T16:00:00Z,NEARUSDT,-0.00009893
2026-05-30T00:00:00Z,NEARUSDT,-0.00002696
2026-05-30T08:00:00Z,NEARUSDT,0.00004227
2026-05-30T16:00:00Z,NEARUSDT,0.0001
2026-05-31T00:00:00Z,NEARUSDT,0.0001
2026-05-31T08:00:00Z,NEARUSDT,0.0001
2026-05-31T16:00:00Z,NEARUSDT,0.0001
2026-06-01T00:00:00Z,NEARUSDT,0.0001
2026-06-01T08:00:00Z,NEARUSDT,-0.00004604
2026-06-01T16:00:00Z,NEARUSDT,0.0001
2026-06-02T00:00:00Z,NEARUSDT,0.00004369
2026-06-02T08:00:00Z,NEARUSDT,0.0001
2026-06-02T16:00:00Z,NEARUSDT,0.0001
2026-06-03T00:00:00Z,NEARUSDT,0.0001
2026-06-03T08:00:00Z,NEARUSDT,0.0001
2026-06-03T16:00:00Z,NEARUSDT,0.00005467
2026-06-04T00:00:00Z,NEARUSDT,0.00005992
2026-06-04T08:00:00Z,NEARUSDT,-0.00008518
2026-06-04T16:00:00Z,NEARUSDT,-0.00026256
2026-06-05T00:00:00Z,NEARUSDT,0.0001
2026-06-05T08:00:00Z,NEARUSDT,0.0001
2026-06-05T16:00:00Z,NEARUSDT,0.00002062
2026-06-06T00:00:00Z,NEARUSDT,0.0001
2026-06-06T08:00:00Z,NEARUSDT,0.0001
2026-06-06T16:00:00Z,NEARUSDT,0.0001
2026-06-07T00:00:00Z,NEARUSDT,0.0001
2026-06-07T08:00:00Z,NEARUSDT,0.0001
2026-06-07T16:00:00Z,NEARUSDT,0.0000421
2026-06-08T00:00:00Z,NEARUSDT,-0.00004729
2026-06-08T08:00:00Z,NEARUSDT,-0.00022532
2026-06-08T16:00:00Z,NEARUSDT,-0.00010613
2026-06-09T00:00:00Z,NEARUSDT,0.00008082
2026-06-09T08:00:00Z,NEARUSDT,0.0001
2026-06-09T16:00:00Z,NEARUSDT,0.00007039
2026-06-10T00:00:00Z,NEARUSDT,0.0001
2026-06-10T08:00:00Z,NEARUSDT,0.0001
2026-06-10T16:00:00Z,NEARUSDT,0.0001
2026-06-11T00:00:00Z,NEARUSDT,0.0001
2026-06-11T08:00:00Z,NEARUSDT,0.0001
2026-06-11T16:00:00Z,NEARUSDT,0.0001
2026-06-12T00:00:00Z,NEARUSDT,0.0001
2026-06-12T08:00:00Z,NEARUSDT,0.00006352
2026-06-12T16:00:00Z,NEARUSDT,-0.0001784
2026-06-13T00:00:00Z,NEARUSDT,-0.00003628
2026-06-13T08:00:00Z,NEARUSDT,-0.00001641
2026-06-13T16:00:00Z,NEARUSDT,0.00005488
2026-06-14T00:00:00Z,NEARUSDT,0.0001
2026-06-14T08:00:00Z,NEARUSDT,0.0001
2026-06-14T16:00:00Z,NEARUSDT,0.00009936
2026-06-15T00:00:00Z,NEARUSDT,0.0001
2026-06-15T08:00:00Z,NEARUSDT,-0.00002614
2026-06-15T16:00:00Z,NEARUSDT,0.0000039
2026-06-16T00:00:00Z,NEARUSDT,0.0001
2026-06-16T08:00:00Z,NEARUSDT,-0.00014405
2026-06-16T16:00:00Z,NEARUSDT,0.00006541
2026-06-17T00:00:00Z,NEARUSDT,0.00000602
2026-06-17T08:00:00Z,NEARUSDT,0.00003642
2026-06-17T16:00:00Z,NEARUSDT,0.0001
2026-06-18T00:00:00Z,NEARUSDT,0.0001
2026-06-18T08:00:00Z,NEARUSDT,-0.00003075
2026-06-18T16:00:00Z,NEARUSDT,-0.00000194
2026-06-19T00:00:00Z,NEARUSDT,0.0001
2026-06-19T08:00:00Z,NEARUSDT,0.0000069
2026-06-19T16:00:00Z,NEARUSDT,0.0001
2026-06-20T00:00:00Z,NEARUSDT,0.00006619
2026-06-20T08:00:00Z,NEARUSDT,-0.00011358
2026-06-20T16:00:00Z,NEARUSDT,-0.00002897
2026-06-21T00:00:00Z,NEARUSDT,-0.00000248
2026-06-21T08:00:00Z,NEARUSDT,-0.00000127
2026-06-21T16:00:00Z,NEARUSDT,-0.00007518
2026-06-22T00:00:00Z,NEARUSDT,-0.00000944
2026-06-22T08:00:00Z,NEARUSDT,0.00000601
2026-06-22T16:00:00Z,NEARUSDT,-0.0000247
2026-06-23T00:00:00Z,NEARUSDT,0.0001
2026-06-23T08:00:00Z,NEARUSDT,0.0001
2026-06-23T16:00:00Z,NEARUSDT,0.00000703
2026-06-24T00:00:00Z,NEARUSDT,0.00001457
2026-06-24T08:00:00Z,NEARUSDT,0.0000501
2026-06-24T16:00:00Z,NEARUSDT,0.0000474
2026-06-25T00:00:00Z,NEARUSDT,0.00003326
2026-06-25T08:00:00Z,NEARUSDT,-0.00019889
2026-06-25T16:00:00Z,NEARUSDT,0.0000777
2026-06-26T00:00:00Z,NEARUSDT,0.0001
2026-06-26T08:00:00Z,NEARUSDT,0.0001
2026-06-26T16:00:00Z,NEARUSDT,0.00001933
2026-06-27T00:00:00Z,NEARUSDT,0.0001
2026-06-27T08:00:00Z,NEARUSDT,0.00003402
2026-06-27T16:00:00Z,NEARUSDT,-0.00008663
2026-06-28T00:00:00Z,NEARUSDT,-0.00005637
2026-06-28T08:00:00Z,NEARUSDT,-0.00005367
2026-06-28T16:00:00Z,NEARUSDT,0.0001
2026-06-29T00:00:00Z,NEARUSDT,0.0001
2026-06-29T08:00:00Z,NEARUSDT,0.00003041
2026-06-29T16:00:00Z,NEARUSDT,0.0001
2026-06-30T00:00:00Z,NEARUSDT,0.0001
2026-06-30T08:00:00Z,NEARUSDT,0.00004519
2026-06-30T16:00:00Z,NEARUSDT,0.0001
2026-07-01T00:00:00Z,NEARUSDT,0.0001
2026-07-01T08:00:00Z,NEARUSDT,0.0001
2026-07-01T16:00:00Z,NEARUSDT,0.0001
2026-07-02T00:00:00Z,NEARUSDT,0.0001
2026-07-02T08:00:00Z,NEARUSDT,0.0000458
2026-07-02T16:00:00Z,NEARUSDT,-0.00003023
2026-07-03T00:00:00Z,NEARUSDT,0.0001
2026-07-03T08:00:00Z,NEARUSDT,0.00004476
2026-07-03T16:00:00Z,NEARUSDT,-0.00002662
2026-07-04T00:00:00Z,NEARUSDT,-0.00004485
2026-07-04T08:00:00Z,NEARUSDT,0.0001
2026-07-04T16:00:00Z,NEARUSDT,0.00004997
2026-07-05T00:00:00Z,NEARUSDT,-0.00001137
2026-07-05T08:00:00Z,NEARUSDT,0.00002489
2026-07-05T16:00:00Z,NEARUSDT,0.0001
2026-07-06T00:00:00Z,NEARUSDT,0.0001
2026-07-06T08:00:00Z,NEARUSDT,-0.00003837
2026-07-06T16:00:00Z,NEARUSDT,0.0001
2026-07-07T00:00:00Z,NEARUSDT,-0.00000835
2026-07-07T08:00:00Z,NEARUSDT,-0.00006628
2026-07-07T16:00:00Z,NEARUSDT,0.0001
2026-07-08T00:00:00Z,NEARUSDT,0.00005075
2026-07-08T08:00:00Z,NEARUSDT,0.00000294
2026-07-08T16:00:00Z,NEARUSDT,-0.00004859
2026-07-09T00:00:00Z,NEARUSDT,-0.00004752
2026-07-09T08:00:00Z,NEARUSDT,0.00002642
2026-07-09T16:00:00Z,NEARUSDT,0.0001
2026-07-10T00:00:00Z,NEARUSDT,0.0001
2026-07-10T08:00:00Z,NEARUSDT,0.0001
2026-07-10T16:00:00Z,NEARUSDT,0.00001759
2026-07-11T00:00:00Z,NEARUSDT,-0.00014136
2026-07-11T08:00:00Z,NEARUSDT,-0.00020471
2026-07-11T16:00:00Z,NEARUSDT,0.00001922
2026-07-12T00:00:00Z,NEARUSDT,0.00001006
2026-07-12T08:00:00Z,NEARUSDT,-0.00013635
2026-07-12T16:00:00Z,NEARUSDT,0.00001018
2026-07-13T00:00:00Z,NEARUSDT,0.00005403
2026-07-13T08:00:00Z,NEARUSDT,0.0000338
2026-07-13T16:00:00Z,NEARUSDT,0.0001
2026-07-14T00:00:00Z,NEARUSDT,0.0001
2026-07-14T08:00:00Z,NEARUSDT,0.0001
2026-07-14T16:00:00Z,NEARUSDT,0.00001488
2026-07-15T00:00:00Z,NEARUSDT,0.0001
2026-07-15T08:00:00Z,NEARUSDT,0.00009397
2026-07-15T16:00:00Z,NEARUSDT,0.00002564
2026-07-16T00:00:00Z,NEARUSDT,0.00008166
2026-07-16T08:00:00Z,NEARUSDT,0.00001979
2026-07-16T16:00:00Z,NEARUSDT,0.0001
2026-07-17T00:00:00Z,NEARUSDT,0.00007031
2026-07-17T08:00:00Z,NEARUSDT,0.0001
2026-07-17T16:00:00Z,NEARUSDT,0.0001
2026-07-18T00:00:00Z,NEARUSDT,0.00006672
2026-07-18T08:00:00Z,NEARUSDT,-0.00007335
2026-07-18T16:00:00Z,NEARUSDT,0.00001603
2026-07-19T00:00:00Z,NEARUSDT,0.00005119
2026-07-19T08:00:00Z,NEARUSDT,0.0001
2026-07-19T16:00:00Z,NEARUSDT,-0.00005865
2026-07-20T00:00:00Z,NEARUSDT,0.0001
2026-07-20T08:00:00Z,NEARUSDT,0.0000206
2026-07-20T16:00:00Z,NEARUSDT,0.00002279
2026-07-21T00:00:00Z,NEARUSDT,-0.00000674
2026-07-21T08:00:00Z,NEARUSDT,0.0000132
2026-07-21T16:00:00Z,NEARUSDT,-0.00048358
2026-07-22T00:00:00Z,NEARUSDT,-0.00020456
2026-07-22T08:00:00Z,NEARUSDT,0.00007537
2026-07-22T16:00:00Z,NEARUSDT,-0.00007108
2026-07-23T00:00:00Z,NEARUSDT,0.0000764
2026-07-23T08:00:00Z,NEARUSDT,0.00000842
2026-07-23T16:00:00Z,NEARUSDT,0.0001
2026-07-24T00:00:00Z,NEARUSDT,0.0001
2026-07-24T08:00:00Z,NEARUSDT,0.0001
2026-07-24T16:00:00Z,NEARUSDT,0.00000165
2026-07-25T00:00:00Z,NEARUSDT,0.00006716
2026-07-25T08:00:00Z,NEARUSDT,0.0001
2026-07-25T16:00:00Z,NEARUSDT,-0.00007403
2026-07-26T00:00:00Z,NEARUSDT,0.00007953
2026-07-26T08:00:00Z,NEARUSDT,0.00004778
2026-07-26T16:00:00Z,NEARUSDT,-0.0000682
2026-07-27T00:00:00Z,NEARUSDT,-0.0000128
2026-07-27T08:00:00Z,NEARUSDT,0.0001
2026-07-27T16:00:00Z,NEARUSDT,0.0001
2026-07-28T00:00:00Z,NEARUSDT,0.0001
2026-07-28T08:00:00Z,NEARUSDT,0.00008761
2026-07-28T16:00:00Z,NEARUSDT,0.0001
2026-07-29T00:00:00Z,NEARUSDT,0.0001
2026-07-29T08:00:00Z,NEARUSDT,0.0001
2026-07-29T16:00:00Z,NEARUSDT,0.0001
2026-07-30T00:00:00Z,NEARUSDT,0.00007608
2026-07-30T08:00:00Z,NEARUSDT,-0.0000541
2026-07-30T16:00:00Z,NEARUSDT,0.00009263
2026-07-31T00:00:00Z,NEARUSDT,0.00008535
2026-07-31T08:00:00Z,NEARUSDT,-0.00007577
2026-07-31T16:00:00Z,NEARUSDT,-0.0001058
2026-08-01T00:00:00Z,NEARUSDT,0.0001
2026-08-01T08:00:00Z,NEARUSDT,0.0001
2026-08-01T16:00:00Z,NEARUSDT,0.0001
2026-08-02T00:00:00Z,NEARUSDT,0.0001
2026-08-02T08:00:00Z,NEARUSDT,0.0001
2026-08-02T16:00:00Z,NEARUSDT,0.0001
2026-08-03T00:00:00Z,NEARUSDT,0.0001
2026-08-03T08:00:00Z,NEARUSDT,0.0001
2026-08-03T16:00:00Z,NEARUSDT,0.00009609
2026-08-04T00:00:00Z,NEARUSDT,0.00004206
2026-08-04T08:00:00Z,NEARUSDT,0.00001768
2026-08-04T16:00:00Z,NEARUSDT,0.0000414
2026-08-05T00:00:00Z,NEARUSDT,0.0001
2026-08-05T08:00:00Z,NEARUSDT,0.00007107
2026-08-05T16:00:00Z,NEARUSDT,0.00005154
2026-08-06T00:00:00Z,NEARUSDT,-0.00003209
2026-08-06T08:00:00Z,NEARUSDT,-0.00012858
2026-08-06T16:00:00Z,NEARUSDT,0.00000077
2026-08-07T00:00:00Z,NEARUSDT,0.0001
2026-08-07T08:00:00Z,NEARUSDT,0.0001
2026-08-07T16:00:00Z,NEARUSDT,0.0000785
2026-08-08T00:00:00Z,NEARUSDT,-0.00010571
2026-08-08T08:00:00Z,NEARUSDT,0.0001
2026-08-08T16:00:00Z,NEARUSDT,0.0001
2026-08-09T00:00:00Z,NEARUSDT,0.0001
2026-08-09T08:00:00Z,NEARUSDT,0.0001
2026-08-09T16:00:00Z,NEARUSDT,0.0001
2026-08-10T00:00:00Z,NEARUSDT,0.0001
2026-08-10T08:00:00Z,NEARUSDT,0.0001
2026-08-10T16:00:00Z,NEARUSDT,0.0001
2026-08-11T00:00:00Z,NEARUSDT,0.0001
2026-08-11T08:00:00Z,NEARUSDT,0.0001
2026-08-11T16:00:00Z,NEARUSDT,0.0001
2026-08-12T00:00:00Z,NEARUSDT,0.0001
2026-08-12T08:00:00Z,NEARUSDT,0.0001
2026-08-12T16:00:00Z,NEARUSDT,0.0001
2026-08-13T00:00:00Z,NEARUSDT,0.00003685
2026-08-13T08:00:00Z,NEARUSDT,0.00005108
2026-08-13T16:00:00Z,NEARUSDT,0.00009321
2026-08-14T00:00:00Z,NEARUSDT,0.0001
2026-08-14T08:00:00Z,NEARUSDT,0.0001
2026-08-14T16:00:00Z,NEARUSDT,0.0001
2026-08-15T00:00:00Z,NEARUSDT,0.0001
2026-08-15T08:00:00Z,NEARUSDT,0.0001
2026-08-15T16:00:00Z,NEARUSDT,0.00005968
2026-08-16T00:00:00Z,NEARUSDT,-0.00001014
2026-08-16T08:00:00Z,NEARUSDT,-0.00003232
2026-08-16T16:00:00Z,NEARUSDT,0.0001
2026-08-17T00:00:00Z,NEARUSDT,0.0001
2026-08-17T08:00:00Z,NEARUSDT,0.0001
2026-08-17T16:00:00Z,NEARUSDT,-0.00008441
2026-08-18T00:00:00Z,NEARUSDT,0.00005476
2026-08-18T08:00:00Z,NEARUSDT,0.00005378
2026-08-18T16:00:00Z,NEARUSDT,0.00009277
2026-08-19T00:00:00Z,NEARUSDT,-0.00024385
2026-08-19T08:00:00Z,NEARUSDT,0.00005673
2026-08-19T16:00:00Z,NEARUSDT,0.0001
2026-08-20T00:00:00Z,NEARUSDT,0.0001
2026-08-20T08:00:00Z,NEARUSDT,0.0001
2026-08-20T16:00:00Z,NEARUSDT,0.00007263
2026-08-21T00:00:00Z,NEARUSDT,0.0001
2026-08-21T08:00:00Z,NEARUSDT,0.0001
2026-08-21T16:00:00Z,NEARUSDT,0.0001
2026-08-22T00:00:00Z,NEARUSDT,0.0001
2026-08-22T08:00:00Z,NEARUSDT,0.0001
2026-08-22T16:00:00Z,NEARUSDT,0.0001
2026-08-23T00:00:00Z,NEARUSDT,0.0001
2026-08-23T08:00:00Z,NEARUSDT,0.0001
2026-08-23T16:00:00Z,NEARUSDT,0.0001
2026-08-24T00:00:00Z,NEARUSDT,0.0001
2026-08-24T08:00:00Z,NEARUSDT,0.0001
2026-08-24T16:00:00Z,NEARUSDT,0.0001
2026-08-25T00:00:00Z,NEARUSDT,0.00007702
2026-08-25T08:00:00Z,NEARUSDT,0.0001
2026-08-25T16:00:00Z,NEARUSDT,0.0001
2026-08-26T00:00:00Z,NEARUSDT,0.0000958
2026-08-26T08:00:00Z,NEARUSDT,0.00002546
2026-08-26T16:00:00Z,NEARUSDT,0.00009995
2026-08-27T00:00:00Z,NEARUSDT,0.0001
2026-08-27T08:00:00Z,NEARUSDT,0.0001
2026-08-27T16:00:00Z,NEARUSDT,0.0001
2026-08-28T00:00:00Z,NEARUSDT,0.0001
2026-08-28T08:00:00Z,NEARUSDT,-0.00013016
2026-08-28T16:00:00Z,NEARUSDT,0.0001
2026-08-29T00:00:00Z,NEARUSDT,0.0001
2026-08-29T08:00:00Z,NEARUSDT,0.0001
2026-08-29T16:00:00Z,NEARUSDT,0.0000339
2026-08-30T00:00:00Z,NEARUSDT,0.00006499
2026-08-30T08:00:00Z,NEARUSDT,0.0001
2026-08-30T16:00:00Z,NEARUSDT,0.00005544
2026-08-31T00:00:00Z,NEARUSDT,0.00005492
2026-08-31T08:00:00Z,NEARUSDT,0.00000757
2026-08-31T16:00:00Z,NEARUSDT,-0.00005654
2026-09-01T00:00:00Z,NEARUSDT,0.0001
2026-09-01T08:00:00Z,NEARUSDT,0.0001
2026-09-01T16:00:00Z,NEARUSDT,0.0001
2026-09-02T00:00:00Z,NEARUSDT,0.0001
2026-09-02T08:00:00Z,NEARUSDT,-0.00002068
2026-09-02T16:00:00Z,NEARUSDT,-0.00021564
2026-09-03T00:00:00Z,NEARUSDT,0.0001
2026-09-03T08:00:00Z,NEARUSDT,0.0001
2026-09-03T16:00:00Z,NEARUSDT,0.0001
2026-09-04T00:00:00Z,NEARUSDT,0.0001
2026-09-04T08:00:00Z,NEARUSDT,-0.00016598
2026-09-04T16:00:00Z,NEARUSDT,0.0001
2026-09-05T00:00:00Z,NEARUSDT,0.0001
2026-09-05T08:00:00Z,NEARUSDT,0.0001
2026-09-05T16:00:00Z,NEARUSDT,0.0001
2026-09-06T00:00:00Z,NEARUSDT,0.0001
2026-09-06T08:00:00Z,NEARUSDT,0.0001
2026-09-06T16:00:00Z,NEARUSDT,0.0001
2026-09-07T00:00:00Z,NEARUSDT,0.00009741
2026-09-07T08:00:00Z,NEARUSDT,0.00006259
2026-09-07T16:00:00Z,NEARUSDT,0.0001
2026-09-08T00:00:00Z,NEARUSDT,0.0001
2026-09-08T08:00:00Z,NEARUSDT,-0.00005677
2026-09-08T16:00:00Z,NEARUSDT,0.0001
2026-09-09T00:00:00Z,NEARUSDT,-0.00000146
2026-09-09T08:00:00Z,NEARUSDT,0.0001
2026-09-09T16:00:00Z,NEARUSDT,0.0001
2026-09-10T00:00:00Z,NEARUSDT,-0.00012599
2026-09-10T08:00:00Z,NEARUSDT,-0.00012971
2026-09-10T16:00:00Z,NEARUSDT,0.0001
2026-09-11T00:00:00Z,NEARUSDT,0.0001
2026-09-11T08:00:00Z,NEARUSDT,0.0001
2026-09-11T16:00:00Z,NEARUSDT,0.0001
2026-09-12T00:00:00Z,NEARUSDT,-0.00011774
2026-09-12T08:00:00Z,NEARUSDT,-0.00002442
2026-09-12T16:00:00Z,NEARUSDT,-0.00006175
2026-09-13T00:00:00Z,NEARUSDT,0.00005478
2026-09-13T08:00:00Z,NEARUSDT,0.0001
2026-09-13T16:00:00Z,NEARUSDT,0.0001
2026-09-14T00:00:00Z,NEARUSDT,0.0001
2026-09-14T08:00:00Z,NEARUSDT,0.0001
2026-09-14T16:00:00Z,NEARUSDT,-0.00000064
2026-09-15T00:00:00Z,NEARUSDT,0.0001
2026-09-15T08:00:00Z,NEARUSDT,-0.00008216
2026-09-15T16:00:00Z,NEARUSDT,0.00002357
2026-09-16T00:00:00Z,NEARUSDT,-0.00000236
2026-09-16T08:00:00Z,NEARUSDT,-0.00006561
2026-09-16T16:00:00Z,NEARUSDT,0.0001
2026-09-17T00:00:00Z,NEARUSDT,0.0001
2026-09-17T08:00:00Z,NEARUSDT,0.0001
2026-09-17T16:00:00Z,NEARUSDT,0.0001
2026-09-18T00:00:00Z,NEARUSDT,0.0001
2026-09-18T08:00:00Z,NEARUSDT,0.0001
2026-09-18T16:00:00Z,NEARUSDT,0.0001
2026-09-19T00:00:00Z,NEARUSDT,0.0001
2026-09-19T08:00:00Z,NEARUSDT,0.0001
2026-09-19T16:00:00Z,NEARUSDT,0.0001
2026-09-20T00:00:00Z,NEARUSDT,0.0001
2026-09-20T08:00:00Z,NEARUSDT,0.0001
2026-09-20T16:00:00Z,NEARUSDT,0.0001
2026-09-21T00:00:00Z,NEARUSDT,0.0001
2026-09-21T08:00:00Z,NEARUSDT,0.000075
2026-09-21T16:00:00Z,NEARUSDT,0.0001
2026-09-22T00:00:00Z,NEARUSDT,0.00003476
2026-09-22T08:00:00Z,NEARUSDT,0.0001
2026-09-22T16:00:00Z,NEARUSDT,0.0001
2026-09-23T00:00:00Z,NEARUSDT,0.0000568
2026-09-23T08:00:00Z,NEARUSDT,0.0001
2026-09-23T16:00:00Z,NEARUSDT,0.0001
2026-09-24T00:00:00Z,NEARUSDT,0.0001
2026-09-24T08:00:00Z,NEARUSDT,-0.00008062
2026-09-24T16:00:00Z,NEARUSDT,0.0001
2026-09-25T00:00:00Z,NEARUSDT,0.0001
2026-09-25T08:00:00Z,NEARUSDT,-0.00002734
2026-09-25T16:00:00Z,NEARUSDT,0.0001
2026-09-26T00:00:00Z,NEARUSDT,0.0001
2026-09-26T08:00:00Z,NEARUSDT,0.00005447
2026-09-26T16:00:00Z,NEARUSDT,0.00003151
2026-09-27T00:00:00Z,NEARUSDT,0.0001
2026-09-27T08:00:00Z,NEARUSDT,0.0001
2026-09-27T16:00:00Z,NEARUSDT,0.0001
2026-09-28T00:00:00Z,NEARUSDT,0.0001
2026-09-28T08:00:00Z,NEARUSDT,0.0001
2026-09-28T16:00:00Z,NEARUSDT,-0.00003845
2026-09-29T00:00:00Z,NEARUSDT,-0.00014719
2026-09-29T08:00:00Z,NEARUSDT,-0.00006015
2026-09-29T16:00:00Z,NEARUSDT,0.0001
2026-09-30T00:00:00Z,NEARUSDT,0.0001
2026-09-30T08:00:00Z,NEARUSDT,0.0001
2026-09-30T16:00:00Z,NEARUSDT,0.0001
2026-10-01T00:00:00Z,NEARUSDT,0.0001
2026-10-01T08:00:00Z,NEARUSDT,-0.00000333
2026-10-01T16:00:00Z,NEARUSDT,-0.00006942
2026-10-02T00:00:00Z,NEARUSDT,-0.0000574
2026-10-02T08:00:00Z,NEARUSDT,-0.00010386
2026-10-02T16:00:00Z,NEARUSDT,0.0001
2026-10-03T00:00:00Z,NEARUSDT,0.0001
2026-10-03T08:00:00Z,NEARUSDT,0.0001
2026-10-03T16:00:00Z,NEARUSDT,0.0001
2026-10-04T00:00:00Z,NEARUSDT,0.0001
2026-10-04T08:00:00Z,NEARUSDT,0.0001
2026-10-04T16:00:00Z,NEARUSDT,0.0001
2026-10-05T00:00:00Z,NEARUSDT,-0.00005922
2026-10-05T08:00:00Z,NEARUSDT,0.0001
2026-10-05T16:00:00Z,NEARUSDT,0.0001
2026-10-06T00:00:00Z,NEARUSDT,0.0001
2026-10-06T08:00:00Z,NEARUSDT,0.0001
2026-10-06T16:00:00Z,NEARUSDT,0.0001
2026-10-07T00:00:00Z,NEARUSDT,0.0001
2026-10-07T08:00:00Z,NEARUSDT,0.0001
2026-10-07T16:00:00Z,NEARUSDT,0.0001
2026-10-08T00:00:00Z,NEARUSDT,0.0001
2026-10-08T08:00:00Z,NEARUSDT,0.0000246
2026-10-08T16:00:00Z,NEARUSDT,-0.00012877
2026-10-09T00:00:00Z,NEARUSDT,-0.0001344
