timestamp,symbol,funding_rate
2023-10-09T00:00:00Z,OPUSDT,-0.00013018
2023-10-09T08:00:00Z,OPUSDT,0.00005377
2023-10-09T16:00:00Z,OPUSDT,-0.00006374
2023-10-10T00:00:00Z,OPUSDT,-0.00014669
2023-10-10T08:00:00Z,OPUSDT,-0.00003149
2023-10-10T16:00:00Z,OPUSDT,-0.00014228
2023-10-11T00:00:00Z,OPUSDT,-0.00020388
2023-10-11T08:00:00Z,OPUSDT,0.00001962
2023-10-11T16:00:00Z,OPUSDT,0.00000705
2023-10-12T00:00:00Z,OPUSDT,0.0001
2023-10-12T08:00:00Z,OPUSDT,-0.00006108
2023-10-12T16:00:00Z,OPUSDT,0.00004239
2023-10-13T00:00:00Z,OPUSDT,-0.0000631
2023-10-13T08:00:00Z,OPUSDT,-0.00017792
2023-10-13T16:00:00Z,OPUSDT,-0.00015632
2023-10-14T00:00:00Z,OPUSDT,0.00008164
2023-10-14T08:00:00Z,OPUSDT,-0.00002962
2023-10-14T16:00:00Z,OPUSDT,0.0001
2023-10-15T00:00:00Z,OPUSDT,0.00001388
2023-10-15T08:00:00Z,OPUSDT,0.0001
2023-10-15T16:00:00Z,OPUSDT,0.0001
2023-10-16T00:00:00Z,OPUSDT,0.0001
2023-10-16T08:00:00Z,OPUSDT,0.0001
2023-10-16T16:00:00Z,OPUSDT,0.00005037
2023-10-17T00:00:00Z,OPUSDT,0.00007288
2023-10-17T08:00:00Z,OPUSDT,0.00001308
2023-10-17T16:00:00Z,OPUSDT,0.00008849
2023-10-18T00:00:00Z,OPUSDT,-0.00006143
2023-10-18T08:00:00Z,OPUSDT,-0.00013897
2023-10-18T16:00:00Z,OPUSDT,-0.00004784
2023-10-19T00:00:00Z,OPUSDT,-0.00005667
2023-10-19T08:00:00Z,OPUSDT,-0.00001284
2023-10-19T16:00:00Z,OPUSDT,-0.00010284
2023-10-20T00:00:00Z,OPUSDT,0.00007189
2023-10-20T08:00:00Z,OPUSDT,0.00005977
2023-10-20T16:00:00Z,OPUSDT,0.0000407
2023-10-21T00:00:00Z,OPUSDT,0.0001
2023-10-21T08:00:00Z,OPUSDT,0.0001
2023-10-21T16:00:00Z,OPUSDT,0.0001
2023-10-22T00:00:00Z,OPUSDT,-0.00001578
2023-10-22T08:00:00Z,OPUSDT,0.0001
2023-10-22T16:00:00Z,OPUSDT,0.00009462
2023-10-23T00:00:00Z,OPUSDT,0.0001
2023-10-23T08:00:00Z,OPUSDT,0.00004625
2023-10-23T16:00:00Z,OPUSDT,0.0001
2023-10-24T00:00:00Z,OPUSDT,0.0001
2023-10-24T08:00:00Z,OPUSDT,0.0001
2023-10-24T16:00:00Z,OPUSDT,0.0001
2023-10-25T00:00:00Z,OPUSDT,0.0001
2023-10-25T08:00:00Z,OPUSDT,0.0001
2023-10-25T16:00:00Z,OPUSDT,0.0001
2023-10-26T00:00:00Z,OPUSDT,0.0001
2023-10-26T08:00:00Z,OPUSDT,0.0001
2023-10-26T16:00:00Z,OPUSDT,0.0001
2023-10-27T00:00:00Z,OPUSDT,0.0001
2023-10-27T08:00:00Z,OPUSDT,0.0001
2023-10-27T16:00:00Z,OPUSDT,0.0001
2023-10-28T00:00:00Z,OPUSDT,0.0001
2023-10-28T08:00:00Z,OPUSDT,0.0001
2023-10-28T16:00:00Z,OPUSDT,0.0001
2023-10-29T00:00:00Z,OPUSDT,0.0001
2023-10-29T08:00:00Z,OPUSDT,0.0001
2023-10-29T16:00:00Z,OPUSDT,0.0001
2023-10-30T00:00:00Z,OPUSDT,0.0001
2023-10-30T08:00:00Z,OPUSDT,0.0001
2023-10-30T16:00:00Z,OPUSDT,0.00021584
2023-10-31T00:00:00Z,OPUSDT,0.0001874
2023-10-31T08:00:00Z,OPUSDT,0.0001
2023-10-31T16:00:00Z,OPUSDT,0.0001
2023-11-01T00:00:00Z,OPUSDT,0.0001
2023-11-01T08:00:00Z,OPUSDT,0.0001
2023-11-01T16:00:00Z,OPUSDT,0.0001
2023-11-02T00:00:00Z,OPUSDT,0.0002314
2023-11-02T08:00:00Z,OPUSDT,0.00029153
2023-11-02T16:00:00Z,OPUSDT,0.00012894
2023-11-03T00:00:00Z,OPUSDT,0.0001
2023-11-03T08:00:00Z,OPUSDT,0.0001
2023-11-03T16:00:00Z,OPUSDT,0.0001
2023-11-04T00:00:00Z,OPUSDT,0.00019637
2023-11-04T08:00:00Z,OPUSDT,0.00032331
2023-11-04T16:00:00Z,OPUSDT,0.00023334
2023-11-05T00:00:00Z,OPUSDT,0.00025351
2023-11-05T08:00:00Z,OPUSDT,0.00013822
2023-11-05T16:00:00Z,OPUSDT,0.00030964
2023-11-06T00:00:00Z,OPUSDT,0.0002857
2023-11-06T08:00:00Z,OPUSDT,0.00044597
2023-11-06T16:00:00Z,OPUSDT,0.00038423
2023-11-07T00:00:00Z,OPUSDT,0.00054717
2023-11-07T08:00:00Z,OPUSDT,0.00025606
2023-11-07T16:00:00Z,OPUSDT,0.00017254
2023-11-08T00:00:00Z,OPUSDT,0.00018576
2023-11-08T08:00:00Z,OPUSDT,0.00031864
2023-11-08T16:00:00Z,OPUSDT,0.00011035
2023-11-09T00:00:00Z,OPUSDT,0.00043416
2023-11-09T08:00:00Z,OPUSDT,0.00028298
2023-11-09T16:00:00Z,OPUSDT,0.00049852
2023-11-10T00:00:00Z,OPUSDT,0.0001
2023-11-10T08:00:00Z,OPUSDT,0.00046544
2023-11-10T16:00:00Z,OPUSDT,0.00028177
2023-11-11T00:00:00Z,OPUSDT,0.0002188
2023-11-11T08:00:00Z,OPUSDT,0.00015833
2023-11-11T16:00:00Z,OPUSDT,0.00040152
2023-11-12T00:00:00Z,OPUSDT,0.00031918
2023-11-12T08:00:00Z,OPUSDT,0.00013255
2023-11-12T16:00:00Z,OPUSDT,0.00032061
2023-11-13T00:00:00Z,OPUSDT,0.00030688
2023-11-13T08:00:00Z,OPUSDT,0.00026661
2023-11-13T16:00:00Z,OPUSDT,0.00058746
2023-11-14T00:00:00Z,OPUSDT,0.00033911
2023-11-14T08:00:00Z,OPUSDT,0.00038203
2023-11-14T16:00:00Z,OPUSDT,0.0001
2023-11-15T00:00:00Z,OPUSDT,0.0001
2023-11-15T08:00:00Z,OPUSDT,0.00013599
2023-11-15T16:00:00Z,OPUSDT,0.00021039
2023-11-16T00:00:00Z,OPUSDT,0.00014741
2023-11-16T08:00:00Z,OPUSDT,0.00031645
2023-11-16T16:00:00Z,OPUSDT,0.00020467
2023-11-17T00:00:00Z,OPUSDT,0.0001
2023-11-17T08:00:00Z,OPUSDT,0.0001
2023-11-17T16:00:00Z,OPUSDT,0.0001
2023-11-18T00:00:00Z,OPUSDT,0.0001
2023-11-18T08:00:00Z,OPUSDT,0.0001
2023-11-18T16:00:00Z,OPUSDT,0.0001
2023-11-19T00:00:00Z,OPUSDT,0.0001
2023-11-19T08:00:00Z,OPUSDT,0.0001
2023-11-19T16:00:00Z,OPUSDT,0.0001
2023-11-20T00:00:00Z,OPUSDT,0.0001
2023-11-20T08:00:00Z,OPUSDT,0.0001
2023-11-20T16:00:00Z,OPUSDT,0.0001
2023-11-21T00:00:00Z,OPUSDT,0.0001
2023-11-21T08:00:00Z,OPUSDT,0.0001
2023-11-21T16:00:00Z,OPUSDT,0.0001
2023-11-22T00:00:00Z,OPUSDT,0.0001
2023-11-22T08:00:00Z,OPUSDT,0.0001
2023-11-22T16:00:00Z,OPUSDT,0.0001
2023-11-23T00:00:00Z,OPUSDT,0.0001
2023-11-23T08:00:00Z,OPUSDT,0.0001
2023-11-23T16:00:00Z,OPUSDT,0.0001
2023-11-24T00:00:00Z,OPUSDT,0.0001
2023-11-24T08:00:00Z,OPUSDT,0.0001
2023-11-24T16:00:00Z,OPUSDT,0.0001
2023-11-25T00:00:00Z,OPUSDT,0.0001
2023-11-25T08:00:00Z,OPUSDT,0.0001
2023-11-25T16:00:00Z,OPUSDT,0.0001
2023-11-26T00:00:00Z,OPUSDT,0.0001
2023-11-26T08:00:00Z,OPUSDT,0.0001
2023-11-26T16:00:00Z,OPUSDT,0.0001
2023-11-27T00:00:00Z,OPUSDT,0.0001
2023-11-27T08:00:00Z,OPUSDT,0.0001
2023-11-27T16:00:00Z,OPUSDT,0.0001
2023-11-28T00:00:00Z,OPUSDT,0.0001
2023-11-28T08:00:00Z,OPUSDT,0.0001
2023-11-28T16:00:00Z,OPUSDT,0.0001
2023-11-29T00:00:00Z,OPUSDT,0.0001
2023-11-29T08:00:00Z,OPUSDT,0.00012176
2023-11-29T16:00:00Z,OPUSDT,0.0001
2023-11-30T00:00:00Z,OPUSDT,0.0001
2023-11-30T08:00:00Z,OPUSDT,0.0001
2023-11-30T16:00:00Z,OPUSDT,0.0001
2023-12-01T00:00:00Z,OPUSDT,0.0001
2023-12-01T08:00:00Z,OPUSDT,0.0001
2023-12-01T16:00:00Z,OPUSDT,0.0001
2023-12-02T00:00:00Z,OPUSDT,0.00018741
2023-12-02T08:00:00Z,OPUSDT,0.0001
2023-12-02T16:00:00Z,OPUSDT,0.00021513
2023-12-03T00:00:00Z,OPUSDT,0.00040731
2023-12-03T08:00:00Z,OPUSDT,0.00054781
2023-12-03T16:00:00Z,OPUSDT,0.00022703
2023-12-04T00:00:00Z,OPUSDT,0.00024849
2023-12-04T08:00:00Z,OPUSDT,0.0004863
2023-12-04T16:00:00Z,OPUSDT,0.0001563
2023-12-05T00:00:00Z,OPUSDT,0.00018636
2023-12-05T08:00:00Z,OPUSDT,0.00021062
2023-12-05T16:00:00Z,OPUSDT,0.0001
2023-12-06T00:00:00Z,OPUSDT,0.00040388
2023-12-06T08:00:00Z,OPUSDT,0.00039346
2023-12-06T16:00:00Z,OPUSDT,0.00033687
2023-12-07T00:00:00Z,OPUSDT,0.00021892
2023-12-07T08:00:00Z,OPUSDT,0.00027874
2023-12-07T16:00:00Z,OPUSDT,0.00036039
2023-12-08T00:00:00Z,OPUSDT,0.00033182
2023-12-08T08:00:00Z,OPUSDT,0.00047757
2023-12-08T16:00:00Z,OPUSDT,0.00068761
2023-12-09T00:00:00Z,OPUSDT,0.00042464
2023-12-09T08:00:00Z,OPUSDT,0.00060005
2023-12-09T16:00:00Z,OPUSDT,0.00033162
2023-12-10T00:00:00Z,OPUSDT,0.00027413
2023-12-10T08:00:00Z,OPUSDT,0.00035483
2023-12-10T16:00:00Z,OPUSDT,0.0003882
2023-12-11T00:00:00Z,OPUSDT,0.00043999
2023-12-11T08:00:00Z,OPUSDT,0.00015821
2023-12-11T16:00:00Z,OPUSDT,0.0001
2023-12-12T00:00:00Z,OPUSDT,0.00021785
2023-12-12T08:00:00Z,OPUSDT,0.00027572
2023-12-12T16:00:00Z,OPUSDT,0.00040133
2023-12-13T00:00:00Z,OPUSDT,0.00036832
2023-12-13T08:00:00Z,OPUSDT,0.00022143
2023-12-13T16:00:00Z,OPUSDT,0.00014466
2023-12-14T00:00:00Z,OPUSDT,0.00021415
2023-12-14T08:00:00Z,OPUSDT,0.00025857
2023-12-14T16:00:00Z,OPUSDT,0.00037111
2023-12-15T00:00:00Z,OPUSDT,0.00042179
2023-12-15T08:00:00Z,OPUSDT,0.00050054
2023-12-15T16:00:00Z,OPUSDT,0.00049042
2023-12-16T00:00:00Z,OPUSDT,0.00032469
2023-12-16T08:00:00Z,OPUSDT,0.00010193
2023-12-16T16:00:00Z,OPUSDT,0.00024596
2023-12-17T00:00:00Z,OPUSDT,0.00016144
2023-12-17T08:00:00Z,OPUSDT,0.00024732
2023-12-17T16:00:00Z,OPUSDT,0.00030865
2023-12-18T00:00:00Z,OPUSDT,0.00022853
2023-12-18T08:00:00Z,OPUSDT,0.00019498
2023-12-18T16:00:00Z,OPUSDT,0.0001
2023-12-19T00:00:00Z,OPUSDT,0.00010409
2023-12-19T08:00:00Z,OPUSDT,0.00011692
2023-12-19T16:00:00Z,OPUSDT,0.0001
2023-12-20T00:00:00Z,OPUSDT,0.0001
2023-12-20T08:00:00Z,OPUSDT,0.00013592
2023-12-20T16:00:00Z,OPUSDT,0.00018717
2023-12-21T00:00:00Z,OPUSDT,0.00029646
2023-12-21T08:00:00Z,OPUSDT,0.00041092
2023-12-21T16:00:00Z,OPUSDT,0.00037375
2023-12-22T00:00:00Z,OPUSDT,0.00046505
2023-12-22T08:00:00Z,OPUSDT,0.00042398
2023-12-22T16:00:00Z,OPUSDT,0.00056696
2023-12-23T00:00:00Z,OPUSDT,0.00030206
2023-12-23T08:00:00Z,OPUSDT,0.00036353
2023-12-23T16:00:00Z,OPUSDT,0.00033393
2023-12-24T00:00:00Z,OPUSDT,0.00051676
2023-12-24T08:00:00Z,OPUSDT,0.00032657
2023-12-24T16:00:00Z,OPUSDT,0.00043755
2023-12-25T00:00:00Z,OPUSDT,0.00039732
2023-12-25T08:00:00Z,OPUSDT,0.00028917
2023-12-25T16:00:00Z,OPUSDT,0.00065874
2023-12-26T00:00:00Z,OPUSDT,0.0005729
2023-12-26T08:00:00Z,OPUSDT,0.00058195
2023-12-26T16:00:00Z,OPUSDT,0.00062545
2023-12-27T00:00:00Z,OPUSDT,0.00045812
2023-12-27T08:00:00Z,OPUSDT,0.00041025
2023-12-27T16:00:00Z,OPUSDT,0.00066289
2023-12-28T00:00:00Z,OPUSDT,0.00095973
2023-12-28T08:00:00Z,OPUSDT,0.00075331
2023-12-28T16:00:00Z,OPUSDT,0.00071165
2023-12-29T00:00:00Z,OPUSDT,0.00064714
2023-12-29T08:00:00Z,OPUSDT,0.00041731
2023-12-29T16:00:00Z,OPUSDT,0.00057823
2023-12-30T00:00:00Z,OPUSDT,0.00066033
2023-12-30T08:00:00Z,OPUSDT,0.00051912
2023-12-30T16:00:00Z,OPUSDT,0.00037369
2023-12-31T00:00:00Z,OPUSDT,0.00043419
2023-12-31T08:00:00Z,OPUSDT,0.00052378
2023-12-31T16:00:00Z,OPUSDT,0.00041253
2024-01-01T00:00:00Z,OPUSDT,0.00045004
2024-01-01T08:00:00Z,OPUSDT,0.00028958
2024-01-01T16:00:00Z,OPUSDT,0.00049641
2024-01-02T00:00:00Z,OPUSDT,0.00067693
2024-01-02T08:00:00Z,OPUSDT,0.00085756
2024-01-02T16:00:00Z,OPUSDT,0.00077268
2024-01-03T00:00:00Z,OPUSDT,0.00071749
2024-01-03T08:00:00Z,OPUSDT,0.00059208
2024-01-03T16:00:00Z,OPUSDT,0.00018555
2024-01-04T00:00:00Z,OPUSDT,0.0001
2024-01-04T08:00:00Z,OPUSDT,0.0001
2024-01-04T16:00:00Z,OPUSDT,0.0001
2024-01-05T00:00:00Z,OPUSDT,0.0001
2024-01-05T08:00:00Z,OPUSDT,0.0001
2024-01-05T16:00:00Z,OPUSDT,0.0001
2024-01-06T00:00:00Z,OPUSDT,0.0001
2024-01-06T08:00:00Z,OPUSDT,0.0001
2024-01-06T16:00:00Z,OPUSDT,0.0001
2024-01-07T00:00:00Z,OPUSDT,0.0001
2024-01-07T08:00:00Z,OPUSDT,0.0001
2024-01-07T16:00:00Z,OPUSDT,0.0001
2024-01-08T00:00:00Z,OPUSDT,0.0001
2024-01-08T08:00:00Z,OPUSDT,0.0001
2024-01-08T16:00:00Z,OPUSDT,0.0001
2024-01-09T00:00:00Z,OPUSDT,0.0001
2024-01-09T08:00:00Z,OPUSDT,0.0001
2024-01-09T16:00:00Z,OPUSDT,0.0001
2024-01-10T00:00:00Z,OPUSDT,0.0001
2024-01-10T08:00:00Z,OPUSDT,0.0001
2024-01-10T16:00:00Z,OPUSDT,0.0001
2024-01-11T00:00:00Z,OPUSDT,0.0001
2024-01-11T08:00:00Z,OPUSDT,0.0001
2024-01-11T16:00:00Z,OPUSDT,0.0001
2024-01-12T00:00:00Z,OPUSDT,0.0001
2024-01-12T08:00:00Z,OPUSDT,0.0001
2024-01-12T16:00:00Z,OPUSDT,0.0001
2024-01-13T00:00:00Z,OPUSDT,0.0001
2024-01-13T08:00:00Z,OPUSDT,0.0001
2024-01-13T16:00:00Z,OPUSDT,0.0001
2024-01-14T00:00:00Z,OPUSDT,0.0001
2024-01-14T08:00:00Z,OPUSDT,0.0001
2024-01-14T16:00:00Z,OPUSDT,0.0001
2024-01-15T00:00:00Z,OPUSDT,0.00045605
2024-01-15T08:00:00Z,OPUSDT,0.00028938
2024-01-15T16:00:00Z,OPUSDT,0.0001
2024-01-16T00:00:00Z,OPUSDT,0.0001
2024-01-16T08:00:00Z,OPUSDT,0.0001
2024-01-16T16:00:00Z,OPUSDT,0.0001
2024-01-17T00:00:00Z,OPUSDT,0.0001
2024-01-17T08:00:00Z,OPUSDT,0.0001
2024-01-17T16:00:00Z,OPUSDT,0.0001
2024-01-18T00:00:00Z,OPUSDT,0.0001
2024-01-18T08:00:00Z,OPUSDT,0.0001
2024-01-18T16:00:00Z,OPUSDT,0.0001
2024-01-19T00:00:00Z,OPUSDT,0.0001
2024-01-19T08:00:00Z,OPUSDT,0.0001
2024-01-19T16:00:00Z,OPUSDT,0.0001
2024-01-20T00:00:00Z,OPUSDT,0.0001
2024-01-20T08:00:00Z,OPUSDT,0.0001
2024-01-20T16:00:00Z,OPUSDT,0.0001
2024-01-21T00:00:00Z,OPUSDT,0.0001
2024-01-21T08:00:00Z,OPUSDT,0.0001
2024-01-21T16:00:00Z,OPUSDT,0.0001
2024-01-22T00:00:00Z,OPUSDT,0.0001
2024-01-22T08:00:00Z,OPUSDT,0.0001
2024-01-22T16:00:00Z,OPUSDT,0.0001
2024-01-23T00:00:00Z,OPUSDT,0.0001
2024-01-23T08:00:00Z,OPUSDT,0.0001
2024-01-23T16:00:00Z,OPUSDT,0.0001
2024-01-24T00:00:00Z,OPUSDT,0.0001
2024-01-24T08:00:00Z,OPUSDT,0.0001
2024-01-24T16:00:00Z,OPUSDT,0.0001
2024-01-25T00:00:00Z,OPUSDT,0.0001
2024-01-25T08:00:00Z,OPUSDT,0.0001
2024-01-25T16:00:00Z,OPUSDT,0.0001
2024-01-26T00:00:00Z,OPUSDT,0.0001
2024-01-26T08:00:00Z,OPUSDT,0.0001
2024-01-26T16:00:00Z,OPUSDT,0.0001
2024-01-27T00:00:00Z,OPUSDT,0.0001
2024-01-27T08:00:00Z,OPUSDT,0.0001
2024-01-27T16:00:00Z,OPUSDT,0.0001
2024-01-28T00:00:00Z,OPUSDT,0.0001
2024-01-28T08:00:00Z,OPUSDT,0.0001
2024-01-28T16:00:00Z,OPUSDT,0.0001
2024-01-29T00:00:00Z,OPUSDT,0.0001
2024-01-29T08:00:00Z,OPUSDT,0.0001
2024-01-29T16:00:00Z,OPUSDT,0.0001
2024-01-30T00:00:00Z,OPUSDT,0.0001
2024-01-30T08:00:00Z,OPUSDT,0.0001
2024-01-30T16:00:00Z,OPUSDT,0.0001
2024-01-31T00:00:00Z,OPUSDT,0.0001
2024-01-31T08:00:00Z,OPUSDT,0.0001
2024-01-31T16:00:00Z,OPUSDT,0.0001
2024-02-01T00:00:00Z,OPUSDT,0.0001
2024-02-01T08:00:00Z,OPUSDT,0.0001
2024-02-01T16:00:00Z,OPUSDT,0.0001
2024-02-02T00:00:00Z,OPUSDT,0.0001
2024-02-02T08:00:00Z,OPUSDT,0.0001
2024-02-02T16:00:00Z,OPUSDT,0.0001
2024-02-03T00:00:00Z,OPUSDT,0.0001
2024-02-03T08:00:00Z,OPUSDT,0.0001
2024-02-03T16:00:00Z,OPUSDT,0.0001
2024-02-04T00:00:00Z,OPUSDT,0.0001
2024-02-04T08:00:00Z,OPUSDT,0.0001
2024-02-04T16:00:00Z,OPUSDT,0.0001
2024-02-05T00:00:00Z,OPUSDT,0.0001
2024-02-05T08:00:00Z,OPUSDT,0.0001
2024-02-05T16:00:00Z,OPUSDT,0.0001
2024-02-06T00:00:00Z,OPUSDT,0.0001
2024-02-06T08:00:00Z,OPUSDT,0.0001
2024-02-06T16:00:00Z,OPUSDT,0.0001
2024-02-07T00:00:00Z,OPUSDT,0.0001
2024-02-07T08:00:00Z,OPUSDT,0.0001
2024-02-07T16:00:00Z,OPUSDT,0.0001
2024-02-08T00:00:00Z,OPUSDT,0.0001
2024-02-08T08:00:00Z,OPUSDT,0.0001
2024-02-08T16:00:00Z,OPUSDT,0.0001
2024-02-09T00:00:00Z,OPUSDT,0.0001
2024-02-09T08:00:00Z,OPUSDT,0.0001
2024-02-09T16:00:00Z,OPUSDT,0.0001
2024-02-10T00:00:00Z,OPUSDT,0.0001
2024-02-10T08:00:00Z,OPUSDT,0.0001
2024-02-10T16:00:00Z,OPUSDT,0.0001
2024-02-11T00:00:00Z,OPUSDT,0.0001
2024-02-11T08:00:00Z,OPUSDT,0.0001
2024-02-11T16:00:00Z,OPUSDT,0.0001
2024-02-12T00:00:00Z,OPUSDT,0.0001
2024-02-12T08:00:00Z,OPUSDT,0.0001
2024-02-12T16:00:00Z,OPUSDT,0.0001
2024-02-13T00:00:00Z,OPUSDT,0.00018824
2024-02-13T08:00:00Z,OPUSDT,0.0001523
2024-02-13T16:00:00Z,OPUSDT,0.00017197
2024-02-14T00:00:00Z,OPUSDT,0.0001
2024-02-14T08:00:00Z,OPUSDT,0.0001
2024-02-14T16:00:00Z,OPUSDT,0.00019276
2024-02-15T00:00:00Z,OPUSDT,0.00017114
2024-02-15T08:00:00Z,OPUSDT,0.00027223
2024-02-15T16:00:00Z,OPUSDT,0.00026899
2024-02-16T00:00:00Z,OPUSDT,0.000196
2024-02-16T08:00:00Z,OPUSDT,0.00021374
2024-02-16T16:00:00Z,OPUSDT,0.00015076
2024-02-17T00:00:00Z,OPUSDT,0.0001215
2024-02-17T08:00:00Z,OPUSDT,0.00026935
2024-02-17T16:00:00Z,OPUSDT,0.00023915
2024-02-18T00:00:00Z,OPUSDT,0.00012937
2024-02-18T08:00:00Z,OPUSDT,0.00012035
2024-02-18T16:00:00Z,OPUSDT,0.00033705
2024-02-19T00:00:00Z,OPUSDT,0.00041734
2024-02-19T08:00:00Z,OPUSDT,0.00031534
2024-02-19T16:00:00Z,OPUSDT,0.0003573
2024-02-20T00:00:00Z,OPUSDT,0.0004597
2024-02-20T08:00:00Z,OPUSDT,0.00028147
2024-02-20T16:00:00Z,OPUSDT,0.00022352
2024-02-21T00:00:00Z,OPUSDT,0.00028521
2024-02-21T08:00:00Z,OPUSDT,0.0001
2024-02-21T16:00:00Z,OPUSDT,0.0001
2024-02-22T00:00:00Z,OPUSDT,0.0001
2024-02-22T08:00:00Z,OPUSDT,0.0001
2024-02-22T16:00:00Z,OPUSDT,0.00015227
2024-02-23T00:00:00Z,OPUSDT,0.0001
2024-02-23T08:00:00Z,OPUSDT,0.0001
2024-02-23T16:00:00Z,OPUSDT,0.00012115
2024-02-24T00:00:00Z,OPUSDT,0.000234
2024-02-24T08:00:00Z,OPUSDT,0.0001
2024-02-24T16:00:00Z,OPUSDT,0.0001
2024-02-25T00:00:00Z,OPUSDT,0.00011174
2024-02-25T08:00:00Z,OPUSDT,0.00026096
2024-02-25T16:00:00Z,OPUSDT,0.00016567
2024-02-26T00:00:00Z,OPUSDT,0.0003364
2024-02-26T08:00:00Z,OPUSDT,0.00042808
2024-02-26T16:00:00Z,OPUSDT,0.00029256
2024-02-27T00:00:00Z,OPUSDT,0.00051208
2024-02-27T08:00:00Z,OPUSDT,0.00067841
2024-02-27T16:00:00Z,OPUSDT,0.00042174
2024-02-28T00:00:00Z,OPUSDT,0.00033774
2024-02-28T08:00:00Z,OPUSDT,0.00041095
2024-02-28T16:00:00Z,OPUSDT,0.0004684
2024-02-29T00:00:00Z,OPUSDT,0.0002943
2024-02-29T08:00:00Z,OPUSDT,0.00073705
2024-02-29T16:00:00Z,OPUSDT,0.00075809
2024-03-01T00:00:00Z,OPUSDT,0.0004562
2024-03-01T08:00:00Z,OPUSDT,0.00057354
2024-03-01T16:00:00Z,OPUSDT,0.00059602
2024-03-02T00:00:00Z,OPUSDT,0.00090919
2024-03-02T08:00:00Z,OPUSDT,0.00086082
2024-03-02T16:00:00Z,OPUSDT,0.00101089
2024-03-03T00:00:00Z,OPUSDT,0.00097129
2024-03-03T08:00:00Z,OPUSDT,0.00097361
2024-03-03T16:00:00Z,OPUSDT,0.0006603
2024-03-04T00:00:00Z,OPUSDT,0.0006461
2024-03-04T08:00:00Z,OPUSDT,0.00090815
2024-03-04T16:00:00Z,OPUSDT,0.00068894
2024-03-05T00:00:00Z,OPUSDT,0.00069299
2024-03-05T08:00:00Z,OPUSDT,0.00152963
2024-03-05T16:00:00Z,OPUSDT,0.0014514
2024-03-06T00:00:00Z,OPUSDT,0.00032969
2024-03-06T08:00:00Z,OPUSDT,0.00031163
2024-03-06T16:00:00Z,OPUSDT,0.00045246
2024-03-07T00:00:00Z,OPUSDT,0.00054947
2024-03-07T08:00:00Z,OPUSDT,0.00061982
2024-03-07T16:00:00Z,OPUSDT,0.00061658
2024-03-08T00:00:00Z,OPUSDT,0.00078601
2024-03-08T08:00:00Z,OPUSDT,0.00051675
2024-03-08T16:00:00Z,OPUSDT,0.00054678
2024-03-09T00:00:00Z,OPUSDT,0.00044443
2024-03-09T08:00:00Z,OPUSDT,0.00046037
2024-03-09T16:00:00Z,OPUSDT,0.00061911
2024-03-10T00:00:00Z,OPUSDT,0.00046459
2024-03-10T08:00:00Z,OPUSDT,0.00054734
2024-03-10T16:00:00Z,OPUSDT,0.00046346
2024-03-11T00:00:00Z,OPUSDT,0.00027501
2024-03-11T08:00:00Z,OPUSDT,0.00070933
2024-03-11T16:00:00Z,OPUSDT,0.00062995
2024-03-12T00:00:00Z,OPUSDT,0.00078731
2024-03-12T08:00:00Z,OPUSDT,0.00062983
2024-03-12T16:00:00Z,OPUSDT,0.00055456
2024-03-13T00:00:00Z,OPUSDT,0.00062441
2024-03-13T08:00:00Z,OPUSDT,0.00064451
2024-03-13T16:00:00Z,OPUSDT,0.00085576
2024-03-14T00:00:00Z,OPUSDT,0.00063858
2024-03-14T08:00:00Z,OPUSDT,0.00102066
2024-03-14T16:00:00Z,OPUSDT,0.00104684
2024-03-15T00:00:00Z,OPUSDT,0.00100591
2024-03-15T08:00:00Z,OPUSDT,0.00046528
2024-03-15T16:00:00Z,OPUSDT,0.00031486
2024-03-16T00:00:00Z,OPUSDT,0.00031407
2024-03-16T08:00:00Z,OPUSDT,0.00025525
2024-03-16T16:00:00Z,OPUSDT,0.00033616
2024-03-17T00:00:00Z,OPUSDT,0.0001
2024-03-17T08:00:00Z,OPUSDT,0.0001
2024-03-17T16:00:00Z,OPUSDT,0.00030635
2024-03-18T00:00:00Z,OPUSDT,0.00043988
2024-03-18T08:00:00Z,OPUSDT,0.00035194
2024-03-18T16:00:00Z,OPUSDT,0.00037358
2024-03-19T00:00:00Z,OPUSDT,0.00014443
2024-03-19T08:00:00Z,OPUSDT,0.0001
2024-03-19T16:00:00Z,OPUSDT,0.0001
2024-03-20T00:00:00Z,OPUSDT,-0.00012307
2024-03-20T08:00:00Z,OPUSDT,0.00015907
2024-03-20T16:00:00Z,OPUSDT,0.0001072
2024-03-21T00:00:00Z,OPUSDT,0.00036921
2024-03-21T08:00:00Z,OPUSDT,0.00036491
2024-03-21T16:00:00Z,OPUSDT,0.00022966
2024-03-22T00:00:00Z,OPUSDT,0.00027586
2024-03-22T08:00:00Z,OPUSDT,0.0002153
2024-03-22T16:00:00Z,OPUSDT,0.000154
2024-03-23T00:00:00Z,OPUSDT,0.00017354
2024-03-23T08:00:00Z,OPUSDT,0.00021166
2024-03-23T16:00:00Z,OPUSDT,0.00012338
2024-03-24T00:00:00Z,OPUSDT,0.00026072
2024-03-24T08:00:00Z,OPUSDT,0.00013091
2024-03-24T16:00:00Z,OPUSDT,0.00020085
2024-03-25T00:00:00Z,OPUSDT,0.00021075
2024-03-25T08:00:00Z,OPUSDT,0.00020896
2024-03-25T16:00:00Z,OPUSDT,0.00023058
2024-03-26T00:00:00Z,OPUSDT,0.00028277
2024-03-26T08:00:00Z,OPUSDT,0.00038598
2024-03-26T16:00:00Z,OPUSDT,0.00047541
2024-03-27T00:00:00Z,OPUSDT,0.00055894
2024-03-27T08:00:00Z,OPUSDT,0.00046373
2024-03-27T16:00:00Z,OPUSDT,0.00044259
2024-03-28T00:00:00Z,OPUSDT,0.00061658
2024-03-28T08:00:00Z,OPUSDT,0.0005628
2024-03-28T16:00:00Z,OPUSDT,0.0006198
2024-03-29T00:00:00Z,OPUSDT,0.0007562
2024-03-29T08:00:00Z,OPUSDT,0.00053758
2024-03-29T16:00:00Z,OPUSDT,0.00049283
2024-03-30T00:00:00Z,OPUSDT,0.00076647
2024-03-30T08:00:00Z,OPUSDT,0.00061886
2024-03-30T16:00:00Z,OPUSDT,0.00070058
2024-03-31T00:00:00Z,OPUSDT,0.00067955
2024-03-31T08:00:00Z,OPUSDT,0.00069547
2024-03-31T16:00:00Z,OPUSDT,0.00067465
2024-04-01T00:00:00Z,OPUSDT,0.00083506
2024-04-01T08:00:00Z,OPUSDT,0.00053415
2024-04-01T16:00:00Z,OPUSDT,0.00037502
2024-04-02T00:00:00Z,OPUSDT,0.00050758
2024-04-02T08:00:00Z,OPUSDT,0.00021059
2024-04-02T16:00:00Z,OPUSDT,0.00013424
2024-04-03T00:00:00Z,OPUSDT,0.0001
2024-04-03T08:00:00Z,OPUSDT,0.0002066
2024-04-03T16:00:00Z,OPUSDT,0.000294
2024-04-04T00:00:00Z,OPUSDT,0.00028538
2024-04-04T08:00:00Z,OPUSDT,0.00025053
2024-04-04T16:00:00Z,OPUSDT,0.00012726
2024-04-05T00:00:00Z,OPUSDT,0.00014648
2024-04-05T08:00:00Z,OPUSDT,0.0001
2024-04-05T16:00:00Z,OPUSDT,0.0001
2024-04-06T00:00:00Z,OPUSDT,0.00017822
2024-04-06T08:00:00Z,OPUSDT,0.00015782
2024-04-06T16:00:00Z,OPUSDT,0.0001
2024-04-07T00:00:00Z,OPUSDT,0.0001
2024-04-07T08:00:00Z,OPUSDT,0.0001
2024-04-07T16:00:00Z,OPUSDT,0.0001
2024-04-08T00:00:00Z,OPUSDT,0.0001
2024-04-08T08:00:00Z,OPUSDT,0.00011661
2024-04-08T16:00:00Z,OPUSDT,0.00021547
2024-04-09T00:00:00Z,OPUSDT,0.00027994
2024-04-09T08:00:00Z,OPUSDT,0.00020283
2024-04-09T16:00:00Z,OPUSDT,0.00020448
2024-04-10T00:00:00Z,OPUSDT,0.00017392
2024-04-10T08:00:00Z,OPUSDT,0.00023613
2024-04-10T16:00:00Z,OPUSDT,0.0001783
2024-04-11T00:00:00Z,OPUSDT,0.00013243
2024-04-11T08:00:00Z,OPUSDT,0.00027559
2024-04-11T16:00:00Z,OPUSDT,0.00026779
2024-04-12T00:00:00Z,OPUSDT,0.00030992
2024-04-12T08:00:00Z,OPUSDT,0.00021559
2024-04-12T16:00:00Z,OPUSDT,0.00016086
2024-04-13T00:00:00Z,OPUSDT,0.0001
2024-04-13T08:00:00Z,OPUSDT,0.0001
2024-04-13T16:00:00Z,OPUSDT,0.0001
2024-04-14T00:00:00Z,OPUSDT,0.00008527
2024-04-14T08:00:00Z,OPUSDT,0.00008319
2024-04-14T16:00:00Z,OPUSDT,0.0000436
2024-04-15T00:00:00Z,OPUSDT,0.00002509
2024-04-15T08:00:00Z,OPUSDT,0.0001
2024-04-15T16:00:00Z,OPUSDT,0.00007418
2024-04-16T00:00:00Z,OPUSDT,0.0001
2024-04-16T08:00:00Z,OPUSDT,0.0001
2024-04-16T16:00:00Z,OPUSDT,0.0000516
2024-04-17T00:00:00Z,OPUSDT,0.0001
2024-04-17T08:00:00Z,OPUSDT,0.0001
2024-04-17T16:00:00Z,OPUSDT,0.00009059
2024-04-18T00:00:00Z,OPUSDT,0.0000798
2024-04-18T08:00:00Z,OPUSDT,0.00008215
2024-04-18T16:00:00Z,OPUSDT,0.00003715
2024-04-19T00:00:00Z,OPUSDT,0.00005248
2024-04-19T08:00:00Z,OPUSDT,0.0000825
2024-04-19T16:00:00Z,OPUSDT,0.0000708
2024-04-20T00:00:00Z,OPUSDT,0.0000373
2024-04-20T08:00:00Z,OPUSDT,0.0001
2024-04-20T16:00:00Z,OPUSDT,0.00002882
2024-04-21T00:00:00Z,OPUSDT,0.0001
2024-04-21T08:00:00Z,OPUSDT,0.0000603
2024-04-21T16:00:00Z,OPUSDT,0.0000718
2024-04-22T00:00:00Z,OPUSDT,0.00005161
2024-04-22T08:00:00Z,OPUSDT,0.00000645
2024-04-22T16:00:00Z,OPUSDT,-0.00002139
2024-04-23T00:00:00Z,OPUSDT,0.0001
2024-04-23T08:00:00Z,OPUSDT,0.0001
2024-04-23T16:00:00Z,OPUSDT,0.0001
2024-04-24T00:00:00Z,OPUSDT,0.0001
2024-04-24T08:00:00Z,OPUSDT,0.00009474
2024-04-24T16:00:00Z,OPUSDT,0.0001
2024-04-25T00:00:00Z,OPUSDT,0.00008404
2024-04-25T08:00:00Z,OPUSDT,0.00007333
2024-04-25T16:00:00Z,OPUSDT,0.00009181
2024-04-26T00:00:00Z,OPUSDT,0.0001
2024-04-26T08:00:00Z,OPUSDT,0.00005132
2024-04-26T16:00:00Z,OPUSDT,0.0001
2024-04-27T00:00:00Z,OPUSDT,0.0001
2024-04-27T08:00:00Z,OPUSDT,0.00009327
2024-04-27T16:00:00Z,OPUSDT,0.0001
2024-04-28T00:00:00Z,OPUSDT,0.00003797
2024-04-28T08:00:00Z,OPUSDT,0.00008436
2024-04-28T16:00:00Z,OPUSDT,0.00007213
2024-04-29T00:00:00Z,OPUSDT,0.00003198
2024-04-29T08:00:00Z,OPUSDT,0.0001
2024-04-29T16:00:00Z,OPUSDT,-0.00000742
2024-04-30T00:00:00Z,OPUSDT,0.00001512
2024-04-30T08:00:00Z,OPUSDT,0.00006923
2024-04-30T16:00:00Z,OPUSDT,0.0000056
2024-05-01T00:00:00Z,OPUSDT,-0.00010268
2024-05-01T08:00:00Z,OPUSDT,0.00009799
2024-05-01T16:00:00Z,OPUSDT,0.0001
2024-05-02T00:00:00Z,OPUSDT,0.00007438
2024-05-02T08:00:00Z,OPUSDT,0.0001
2024-05-02T16:00:00Z,OPUSDT,0.0001
2024-05-03T00:00:00Z,OPUSDT,0.0001
2024-05-03T08:00:00Z,OPUSDT,0.0001
2024-05-03T16:00:00Z,OPUSDT,0.0001
2024-05-04T00:00:00Z,OPUSDT,0.0001
2024-05-04T08:00:00Z,OPUSDT,0.0001
2024-05-04T16:00:00Z,OPUSDT,0.0001
2024-05-05T00:00:00Z,OPUSDT,0.0001
2024-05-05T08:00:00Z,OPUSDT,0.0001
2024-05-05T16:00:00Z,OPUSDT,0.0001
2024-05-06T00:00:00Z,OPUSDT,0.0001
2024-05-06T08:00:00Z,OPUSDT,0.0001
2024-05-06T16:00:00Z,OPUSDT,0.0001
2024-05-07T00:00:00Z,OPUSDT,0.0001
2024-05-07T08:00:00Z,OPUSDT,0.00005791
2024-05-07T16:00:00Z,OPUSDT,0.0001
2024-05-08T00:00:00Z,OPUSDT,0.00005193
2024-05-08T08:00:00Z,OPUSDT,0.00006388
2024-05-08T16:00:00Z,OPUSDT,0.00003782
2024-05-09T00:00:00Z,OPUSDT,0.0001
2024-05-09T08:00:00Z,OPUSDT,0.0000977
2024-05-09T16:00:00Z,OPUSDT,0.00007637
2024-05-10T00:00:00Z,OPUSDT,0.00002961
2024-05-10T08:00:00Z,OPUSDT,0.0001
2024-05-10T16:00:00Z,OPUSDT,0.0001
2024-05-11T00:00:00Z,OPUSDT,-0.00001597
2024-05-11T08:00:00Z,OPUSDT,0.00000509
2024-05-11T16:00:00Z,OPUSDT,0.0001
2024-05-12T00:00:00Z,OPUSDT,0.00006015
2024-05-12T08:00:00Z,OPUSDT,-0.00007075
2024-05-12T16:00:00Z,OPUSDT,0.0001
2024-05-13T00:00:00Z,OPUSDT,0.00009269
2024-05-13T08:00:00Z,OPUSDT,0.00006723
2024-05-13T16:00:00Z,OPUSDT,0.00009839
2024-05-14T00:00:00Z,OPUSDT,0.00001743
2024-05-14T08:00:00Z,OPUSDT,0.00006011
2024-05-14T16:00:00Z,OPUSDT,0.00009217
2024-05-15T00:00:00Z,OPUSDT,0.00007076
2024-05-15T08:00:00Z,OPUSDT,0.0001
2024-05-15T16:00:00Z,OPUSDT,0.0000137
2024-05-16T00:00:00Z,OPUSDT,-0.00006635
2024-05-16T08:00:00Z,OPUSDT,0.00007528
2024-05-16T16:00:00Z,OPUSDT,0.0001
2024-05-17T00:00:00Z,OPUSDT,0.0001
2024-05-17T08:00:00Z,OPUSDT,0.0001
2024-05-17T16:00:00Z,OPUSDT,0.0001
2024-05-18T00:00:00Z,OPUSDT,0.0001
2024-05-18T08:00:00Z,OPUSDT,0.0001
2024-05-18T16:00:00Z,OPUSDT,0.0001
2024-05-19T00:00:00Z,OPUSDT,0.0001
2024-05-19T08:00:00Z,OPUSDT,0.0001
2024-05-19T16:00:00Z,OPUSDT,0.0001
2024-05-20T00:00:00Z,OPUSDT,0.0000833
2024-05-20T08:00:00Z,OPUSDT,0.0000979
2024-05-20T16:00:00Z,OPUSDT,0.0001
2024-05-21T00:00:00Z,OPUSDT,0.0001
2024-05-21T08:00:00Z,OPUSDT,0.0001
2024-05-21T16:00:00Z,OPUSDT,0.0001
2024-05-22T00:00:00Z,OPUSDT,0.0001103
2024-05-22T08:00:00Z,OPUSDT,0.00069816
2024-05-22T16:00:00Z,OPUSDT,0.0001
2024-05-23T00:00:00Z,OPUSDT,0.0001
2024-05-23T08:00:00Z,OPUSDT,0.00017933
2024-05-23T16:00:00Z,OPUSDT,0.0001
2024-05-24T00:00:00Z,OPUSDT,0.0001
2024-05-24T08:00:00Z,OPUSDT,0.0001
2024-05-24T16:00:00Z,OPUSDT,0.0001
2024-05-25T00:00:00Z,OPUSDT,0.0001
2024-05-25T08:00:00Z,OPUSDT,0.0001
2024-05-25T16:00:00Z,OPUSDT,0.0001
2024-05-26T00:00:00Z,OPUSDT,0.0001
2024-05-26T08:00:00Z,OPUSDT,0.0001
2024-05-26T16:00:00Z,OPUSDT,0.0001
2024-05-27T00:00:00Z,OPUSDT,0.0001
2024-05-27T08:00:00Z,OPUSDT,0.0001
2024-05-27T16:00:00Z,OPUSDT,0.0001
2024-05-28T00:00:00Z,OPUSDT,0.0001
2024-05-28T08:00:00Z,OPUSDT,0.0001
2024-05-28T16:00:00Z,OPUSDT,0.0001
2024-05-29T00:00:00Z,OPUSDT,0.00019732
2024-05-29T08:00:00Z,OPUSDT,0.00017731
2024-05-29T16:00:00Z,OPUSDT,0.0001
2024-05-30T00:00:00Z,OPUSDT,0.00012503
2024-05-30T08:00:00Z,OPUSDT,0.0001
2024-05-30T16:00:00Z,OPUSDT,0.0001
2024-05-31T00:00:00Z,OPUSDT,0.0001
2024-05-31T08:00:00Z,OPUSDT,0.0001
2024-05-31T16:00:00Z,OPUSDT,0.0001
2024-06-01T00:00:00Z,OPUSDT,0.0001
2024-06-01T08:00:00Z,OPUSDT,0.0001
2024-06-01T16:00:00Z,OPUSDT,0.0001
2024-06-02T00:00:00Z,OPUSDT,0.0001
2024-06-02T08:00:00Z,OPUSDT,0.0001
2024-06-02T16:00:00Z,OPUSDT,0.0001
2024-06-03T00:00:00Z,OPUSDT,0.0001
2024-06-03T08:00:00Z,OPUSDT,0.0001
2024-06-03T16:00:00Z,OPUSDT,0.0001
2024-06-04T00:00:00Z,OPUSDT,0.0001
2024-06-04T08:00:00Z,OPUSDT,0.00016078
2024-06-04T16:00:00Z,OPUSDT,0.0001
2024-06-05T00:00:00Z,OPUSDT,0.0001
2024-06-05T08:00:00Z,OPUSDT,0.00017812
2024-06-05T16:00:00Z,OPUSDT,0.00023385
2024-06-06T00:00:00Z,OPUSDT,0.00016846
2024-06-06T08:00:00Z,OPUSDT,0.00023295
2024-06-06T16:00:00Z,OPUSDT,0.0001574
2024-06-07T00:00:00Z,OPUSDT,0.0001
2024-06-07T08:00:00Z,OPUSDT,0.0001
2024-06-07T16:00:00Z,OPUSDT,0.00016779
2024-06-08T00:00:00Z,OPUSDT,0.0001
2024-06-08T08:00:00Z,OPUSDT,0.0001
2024-06-08T16:00:00Z,OPUSDT,0.0001
2024-06-09T00:00:00Z,OPUSDT,0.0001
2024-06-09T08:00:00Z,OPUSDT,0.0001
2024-06-09T16:00:00Z,OPUSDT,0.0001
2024-06-10T00:00:00Z,OPUSDT,0.0001
2024-06-10T08:00:00Z,OPUSDT,0.0001
2024-06-10T16:00:00Z,OPUSDT,0.0001
2024-06-11T00:00:00Z,OPUSDT,0.0001
2024-06-11T08:00:00Z,OPUSDT,0.0001
2024-06-11T16:00:00Z,OPUSDT,0.0001
2024-06-12T00:00:00Z,OPUSDT,0.0001
2024-06-12T08:00:00Z,OPUSDT,0.0001
2024-06-12T16:00:00Z,OPUSDT,0.0001
2024-06-13T00:00:00Z,OPUSDT,0.0001
2024-06-13T08:00:00Z,OPUSDT,0.0001
2024-06-13T16:00:00Z,OPUSDT,0.0001
2024-06-14T00:00:00Z,OPUSDT,0.0001
2024-06-14T08:00:00Z,OPUSDT,0.0001
2024-06-14T16:00:00Z,OPUSDT,0.00004091
2024-06-15T00:00:00Z,OPUSDT,0.0000436
2024-06-15T08:00:00Z,OPUSDT,0.0001
2024-06-15T16:00:00Z,OPUSDT,0.0001
2024-06-16T00:00:00Z,OPUSDT,-0.00003982
2024-06-16T08:00:00Z,OPUSDT,0.0001
2024-06-16T16:00:00Z,OPUSDT,0.0001
2024-06-17T00:00:00Z,OPUSDT,0.0001
2024-06-17T08:00:00Z,OPUSDT,0.0001
2024-06-17T16:00:00Z,OPUSDT,0.0001
2024-06-18T00:00:00Z,OPUSDT,0.0001
2024-06-18T08:00:00Z,OPUSDT,-0.00006082
2024-06-18T16:00:00Z,OPUSDT,0.00006229
2024-06-19T00:00:00Z,OPUSDT,0.00004291
2024-06-19T08:00:00Z,OPUSDT,0.00008259
2024-06-19T16:00:00Z,OPUSDT,-0.00006407
2024-06-20T00:00:00Z,OPUSDT,-0.0000698
2024-06-20T08:00:00Z,OPUSDT,0.0000675
2024-06-20T16:00:00Z,OPUSDT,0.0001
2024-06-21T00:00:00Z,OPUSDT,0.0001
2024-06-21T08:00:00Z,OPUSDT,0.00002829
2024-06-21T16:00:00Z,OPUSDT,0.00000426
2024-06-22T00:00:00Z,OPUSDT,0.0001
2024-06-22T08:00:00Z,OPUSDT,0.0001
2024-06-22T16:00:00Z,OPUSDT,-0.00002459
2024-06-23T00:00:00Z,OPUSDT,0.00002427
2024-06-23T08:00:00Z,OPUSDT,-0.00005083
2024-06-23T16:00:00Z,OPUSDT,0.0001
2024-06-24T00:00:00Z,OPUSDT,0.00008967
2024-06-24T08:00:00Z,OPUSDT,0.00003505
2024-06-24T16:00:00Z,OPUSDT,0.00001077
2024-06-25T00:00:00Z,OPUSDT,0.0001
2024-06-25T08:00:00Z,OPUSDT,0.0001
2024-06-25T16:00:00Z,OPUSDT,0.0001
2024-06-26T00:00:00Z,OPUSDT,0.00003244
2024-06-26T08:00:00Z,OPUSDT,0.00005227
2024-06-26T16:00:00Z,OPUSDT,0.0001
2024-06-27T00:00:00Z,OPUSDT,0.00001625
2024-06-27T08:00:00Z,OPUSDT,0.00007232
2024-06-27T16:00:00Z,OPUSDT,0.0001
2024-06-28T00:00:00Z,OPUSDT,0.00009534
2024-06-28T08:00:00Z,OPUSDT,0.00009777
2024-06-28T16:00:00Z,OPUSDT,0.0001
2024-06-29T00:00:00Z,OPUSDT,0.00009192
2024-06-29T08:00:00Z,OPUSDT,0.00006194
2024-06-29T16:00:00Z,OPUSDT,0.00003804
2024-06-30T00:00:00Z,OPUSDT,0.00000347
2024-06-30T08:00:00Z,OPUSDT,-0.00003731
2024-06-30T16:00:00Z,OPUSDT,0.00004565
2024-07-01T00:00:00Z,OPUSDT,0.0001
2024-07-01T08:00:00Z,OPUSDT,0.0001
2024-07-01T16:00:00Z,OPUSDT,0.0001
2024-07-02T00:00:00Z,OPUSDT,0.0001
2024-07-02T08:00:00Z,OPUSDT,0.0001
2024-07-02T16:00:00Z,OPUSDT,0.0001
2024-07-03T00:00:00Z,OPUSDT,0.0001
2024-07-03T08:00:00Z,OPUSDT,0.0001
2024-07-03T16:00:00Z,OPUSDT,-0.00002454
2024-07-04T00:00:00Z,OPUSDT,0.00004001
2024-07-04T08:00:00Z,OPUSDT,-0.00001072
2024-07-04T16:00:00Z,OPUSDT,-0.00003648
2024-07-05T00:00:00Z,OPUSDT,-0.0000062
2024-07-05T08:00:00Z,OPUSDT,0.00005207
2024-07-05T16:00:00Z,OPUSDT,0.00004971
2024-07-06T00:00:00Z,OPUSDT,-0.0000718
2024-07-06T08:00:00Z,OPUSDT,0.00002031
2024-07-06T16:00:00Z,OPUSDT,-0.00000016
2024-07-07T00:00:00Z,OPUSDT,0.0000312
2024-07-07T08:00:00Z,OPUSDT,0.00006019
2024-07-07T16:00:00Z,OPUSDT,0.0001
2024-07-08T00:00:00Z,OPUSDT,0.00001136
2024-07-08T08:00:00Z,OPUSDT,0.00008817
2024-07-08T16:00:00Z,OPUSDT,0.00005984
2024-07-09T00:00:00Z,OPUSDT,-0.00004187
2024-07-09T08:00:00Z,OPUSDT,-0.00002252
2024-07-09T16:00:00Z,OPUSDT,0.0000469
2024-07-10T00:00:00Z,OPUSDT,-0.00007026
2024-07-10T08:00:00Z,OPUSDT,0.0001
2024-07-10T16:00:00Z,OPUSDT,0.00007259
2024-07-11T00:00:00Z,OPUSDT,0.00002757
2024-07-11T08:00:00Z,OPUSDT,0.0001
2024-07-11T16:00:00Z,OPUSDT,0.00007524
2024-07-12T00:00:00Z,OPUSDT,0.0001
2024-07-12T08:00:00Z,OPUSDT,0.00006142
2024-07-12T16:00:00Z,OPUSDT,-0.00001526
2024-07-13T00:00:00Z,OPUSDT,-0.000011
2024-07-13T08:00:00Z,OPUSDT,0.00000423
2024-07-13T16:00:00Z,OPUSDT,-0.00001925
2024-07-14T00:00:00Z,OPUSDT,0.00005818
2024-07-14T08:00:00Z,OPUSDT,0.0001
2024-07-14T16:00:00Z,OPUSDT,0.00009073
2024-07-15T00:00:00Z,OPUSDT,0.00008742
2024-07-15T08:00:00Z,OPUSDT,0.00004038
2024-07-15T16:00:00Z,OPUSDT,-0.0000557
2024-07-16T00:00:00Z,OPUSDT,0.0001
2024-07-16T08:00:00Z,OPUSDT,0.00009824
2024-07-16T16:00:00Z,OPUSDT,0.0001
2024-07-17T00:00:00Z,OPUSDT,0.0001
2024-07-17T08:00:00Z,OPUSDT,0.00004781
2024-07-17T16:00:00Z,OPUSDT,0.0001
2024-07-18T00:00:00Z,OPUSDT,0.0001
2024-07-18T08:00:00Z,OPUSDT,0.00009258
2024-07-18T16:00:00Z,OPUSDT,0.00003136
2024-07-19T00:00:00Z,OPUSDT,0.00008172
2024-07-19T08:00:00Z,OPUSDT,0.00006436
2024-07-19T16:00:00Z,OPUSDT,0.0000887
2024-07-20T00:00:00Z,OPUSDT,0.00008624
2024-07-20T08:00:00Z,OPUSDT,0.00008366
2024-07-20T16:00:00Z,OPUSDT,0.00002849
2024-07-21T00:00:00Z,OPUSDT,0.00009734
2024-07-21T08:00:00Z,OPUSDT,0.0001
2024-07-21T16:00:00Z,OPUSDT,-0.00000233
2024-07-22T00:00:00Z,OPUSDT,0.0001
2024-07-22T08:00:00Z,OPUSDT,0.0001
2024-07-22T16:00:00Z,OPUSDT,0.00004633
2024-07-23T00:00:00Z,OPUSDT,0.00002586
2024-07-23T08:00:00Z,OPUSDT,0.0001
2024-07-23T16:00:00Z,OPUSDT,0.00004535
2024-07-24T00:00:00Z,OPUSDT,0.00005606
2024-07-24T08:00:00Z,OPUSDT,-0.00002405
2024-07-24T16:00:00Z,OPUSDT,0.00003671
2024-07-25T00:00:00Z,OPUSDT,0.00002994
2024-07-25T08:00:00Z,OPUSDT,-0.00012087
2024-07-25T16:00:00Z,OPUSDT,-0.0000774
2024-07-26T00:00:00Z,OPUSDT,0.00002475
2024-07-26T08:00:00Z,OPUSDT,0.0001
2024-07-26T16:00:00Z,OPUSDT,0.0001
2024-07-27T00:00:00Z,OPUSDT,0.00008482
2024-07-27T08:00:00Z,OPUSDT,0.0001
2024-07-27T16:00:00Z,OPUSDT,0.0001
2024-07-28T00:00:00Z,OPUSDT,0.0001
2024-07-28T08:00:00Z,OPUSDT,0.00007031
2024-07-28T16:00:00Z,OPUSDT,0.00003363
2024-07-29T00:00:00Z,OPUSDT,0.00002859
2024-07-29T08:00:00Z,OPUSDT,0.00009475
2024-07-29T16:00:00Z,OPUSDT,0.0001
2024-07-30T00:00:00Z,OPUSDT,0.00007816
2024-07-30T08:00:00Z,OPUSDT,0.00008526
2024-07-30T16:00:00Z,OPUSDT,0.0001
2024-07-31T00:00:00Z,OPUSDT,-0.00002391
2024-07-31T08:00:00Z,OPUSDT,0.0001
2024-07-31T16:00:00Z,OPUSDT,0.00000878
2024-08-01T00:00:00Z,OPUSDT,0.00004972
2024-08-01T08:00:00Z,OPUSDT,-0.00001579
2024-08-01T16:00:00Z,OPUSDT,0.00006424
2024-08-02T00:00:00Z,OPUSDT,0.0000625
2024-08-02T08:00:00Z,OPUSDT,-0.00005816
2024-08-02T16:00:00Z,OPUSDT,0.0001
2024-08-03T00:00:00Z,OPUSDT,0.00006425
2024-08-03T08:00:00Z,OPUSDT,-0.00004011
2024-08-03T16:00:00Z,OPUSDT,0.00000922
2024-08-04T00:00:00Z,OPUSDT,0.00003218
2024-08-04T08:00:00Z,OPUSDT,-0.00002654
2024-08-04T16:00:00Z,OPUSDT,-0.0000347
2024-08-05T00:00:00Z,OPUSDT,-0.00004253
2024-08-05T08:00:00Z,OPUSDT,-0.00006665
2024-08-05T16:00:00Z,OPUSDT,-0.00008606
2024-08-06T00:00:00Z,OPUSDT,-0.00010143
2024-08-06T08:00:00Z,OPUSDT,-0.00025406
2024-08-06T16:00:00Z,OPUSDT,0.00000683
2024-08-07T00:00:00Z,OPUSDT,0.00003023
2024-08-07T08:00:00Z,OPUSDT,0.00003247
2024-08-07T16:00:00Z,OPUSDT,0.0000535
2024-08-08T00:00:00Z,OPUSDT,0.0001
2024-08-08T08:00:00Z,OPUSDT,-0.00000348
2024-08-08T16:00:00Z,OPUSDT,0.00005527
2024-08-09T00:00:00Z,OPUSDT,0.00001822
2024-08-09T08:00:00Z,OPUSDT,0.00001969
2024-08-09T16:00:00Z,OPUSDT,0.0001
2024-08-10T00:00:00Z,OPUSDT,-0.00000141
2024-08-10T08:00:00Z,OPUSDT,0.00002265
2024-08-10T16:00:00Z,OPUSDT,0.00002935
2024-08-11T00:00:00Z,OPUSDT,-0.00003467
2024-08-11T08:00:00Z,OPUSDT,0.00002949
2024-08-11T16:00:00Z,OPUSDT,-0.00001135
2024-08-12T00:00:00Z,OPUSDT,0.00001569
2024-08-12T08:00:00Z,OPUSDT,-0.00005848
2024-08-12T16:00:00Z,OPUSDT,0.00008635
2024-08-13T00:00:00Z,OPUSDT,0.00001369
2024-08-13T08:00:00Z,OPUSDT,0.00001247
2024-08-13T16:00:00Z,OPUSDT,-0.00001923
2024-08-14T00:00:00Z,OPUSDT,0.00002917
2024-08-14T08:00:00Z,OPUSDT,0.0000269
2024-08-14T16:00:00Z,OPUSDT,0.00002653
2024-08-15T00:00:00Z,OPUSDT,0.00002132
2024-08-15T08:00:00Z,OPUSDT,0.00007194
2024-08-15T16:00:00Z,OPUSDT,0.00000415
2024-08-16T00:00:00Z,OPUSDT,-0.00011925
2024-08-16T08:00:00Z,OPUSDT,0.00001081
2024-08-16T16:00:00Z,OPUSDT,0.00007943
2024-08-17T00:00:00Z,OPUSDT,0.00005388
2024-08-17T08:00:00Z,OPUSDT,0.00003542
2024-08-17T16:00:00Z,OPUSDT,0.00000918
2024-08-18T00:00:00Z,OPUSDT,-0.00001282
2024-08-18T08:00:00Z,OPUSDT,0.00009002
2024-08-18T16:00:00Z,OPUSDT,0.00000681
2024-08-19T00:00:00Z,OPUSDT,0.0001
2024-08-19T08:00:00Z,OPUSDT,0.0000132
2024-08-19T16:00:00Z,OPUSDT,-0.00003433
2024-08-20T00:00:00Z,OPUSDT,0.00004201
2024-08-20T08:00:00Z,OPUSDT,0.00005006
2024-08-20T16:00:00Z,OPUSDT,0.00001655
2024-08-21T00:00:00Z,OPUSDT,0.00007992
2024-08-21T08:00:00Z,OPUSDT,0.00006071
2024-08-21T16:00:00Z,OPUSDT,0.00008237
2024-08-22T00:00:00Z,OPUSDT,0.0001
2024-08-22T08:00:00Z,OPUSDT,0.00003191
2024-08-22T16:00:00Z,OPUSDT,0.0001
2024-08-23T00:00:00Z,OPUSDT,0.00005468
2024-08-23T08:00:00Z,OPUSDT,0.0000801
2024-08-23T16:00:00Z,OPUSDT,0.0000648
2024-08-24T00:00:00Z,OPUSDT,0.00006697
2024-08-24T08:00:00Z,OPUSDT,-0.00000537
2024-08-24T16:00:00Z,OPUSDT,0.0001
2024-08-25T00:00:00Z,OPUSDT,0.00005374
2024-08-25T08:00:00Z,OPUSDT,0.0000975
2024-08-25T16:00:00Z,OPUSDT,0.0001
2024-08-26T00:00:00Z,OPUSDT,0.00002816
2024-08-26T08:00:00Z,OPUSDT,0.0001
2024-08-26T16:00:00Z,OPUSDT,0.0001
2024-08-27T00:00:00Z,OPUSDT,0.00005634
2024-08-27T08:00:00Z,OPUSDT,0.0000531
2024-08-27T16:00:00Z,OPUSDT,0.0001
2024-08-28T00:00:00Z,OPUSDT,0.0001
2024-08-28T08:00:00Z,OPUSDT,0.00005593
2024-08-28T16:00:00Z,OPUSDT,0.00001377
2024-08-29T00:00:00Z,OPUSDT,0.00000582
2024-08-29T08:00:00Z,OPUSDT,0.00001413
2024-08-29T16:00:00Z,OPUSDT,0.00000423
2024-08-30T00:00:00Z,OPUSDT,-0.00003068
2024-08-30T08:00:00Z,OPUSDT,0.00000164
2024-08-30T16:00:00Z,OPUSDT,-0.00001283
2024-08-31T00:00:00Z,OPUSDT,0.00005891
2024-08-31T08:00:00Z,OPUSDT,-0.00005857
2024-08-31T16:00:00Z,OPUSDT,0.00002393
2024-09-01T00:00:00Z,OPUSDT,-0.00005001
2024-09-01T08:00:00Z,OPUSDT,0.00000571
2024-09-01T16:00:00Z,OPUSDT,0.00001301
2024-09-02T00:00:00Z,OPUSDT,-0.00000296
2024-09-02T08:00:00Z,OPUSDT,-0.00002189
2024-09-02T16:00:00Z,OPUSDT,0.00002031
2024-09-03T00:00:00Z,OPUSDT,0.00004401
2024-09-03T08:00:00Z,OPUSDT,0.00003412
2024-09-03T16:00:00Z,OPUSDT,0.00004326
2024-09-04T00:00:00Z,OPUSDT,-0.00002294
2024-09-04T08:00:00Z,OPUSDT,0.00002718
2024-09-04T16:00:00Z,OPUSDT,0.0000299
2024-09-05T00:00:00Z,OPUSDT,0.00009072
2024-09-05T08:00:00Z,OPUSDT,-0.00000478
2024-09-05T16:00:00Z,OPUSDT,0.00005629
2024-09-06T00:00:00Z,OPUSDT,0.00008459
2024-09-06T08:00:00Z,OPUSDT,0.00004816
2024-09-06T16:00:00Z,OPUSDT,0.00002443
2024-09-07T00:00:00Z,OPUSDT,0.00001607
2024-09-07T08:00:00Z,OPUSDT,-0.00000656
2024-09-07T16:00:00Z,OPUSDT,0.00002704
2024-09-08T00:00:00Z,OPUSDT,0.00007501
2024-09-08T08:00:00Z,OPUSDT,0.00009495
2024-09-08T16:00:00Z,OPUSDT,0.00003594
2024-09-09T00:00:00Z,OPUSDT,0.00006109
2024-09-09T08:00:00Z,OPUSDT,0.00007127
2024-09-09T16:00:00Z,OPUSDT,0.00004966
2024-09-10T00:00:00Z,OPUSDT,0.00007904
2024-09-10T08:00:00Z,OPUSDT,0.000021
2024-09-10T16:00:00Z,OPUSDT,0.0000081
2024-09-11T00:00:00Z,OPUSDT,-0.0001508
2024-09-11T08:00:00Z,OPUSDT,0.00003106
2024-09-11T16:00:00Z,OPUSDT,-0.00004406
2024-09-12T00:00:00Z,OPUSDT,-0.00001851
2024-09-12T08:00:00Z,OPUSDT,0.00000747
2024-09-12T16:00:00Z,OPUSDT,-0.00007383
2024-09-13T00:00:00Z,OPUSDT,-0.00005988
2024-09-13T08:00:00Z,OPUSDT,-0.00004223
2024-09-13T16:00:00Z,OPUSDT,-0.00000761
2024-09-14T00:00:00Z,OPUSDT,0.0000264
2024-09-14T08:00:00Z,OPUSDT,0.00002805
2024-09-14T16:00:00Z,OPUSDT,0.00009902
2024-09-15T00:00:00Z,OPUSDT,0.0001
2024-09-15T08:00:00Z,OPUSDT,0.0001
2024-09-15T16:00:00Z,OPUSDT,0.00005081
2024-09-16T00:00:00Z,OPUSDT,0.00002478
2024-09-16T08:00:00Z,OPUSDT,-0.00007741
2024-09-16T16:00:00Z,OPUSDT,-0.00001259
2024-09-17T00:00:00Z,OPUSDT,0.00001858
2024-09-17T08:00:00Z,OPUSDT,0.0000647
2024-09-17T16:00:00Z,OPUSDT,-0.00005482
2024-09-18T00:00:00Z,OPUSDT,-0.00000186
2024-09-18T08:00:00Z,OPUSDT,-0.00003393
2024-09-18T16:00:00Z,OPUSDT,-0.00000313
2024-09-19T00:00:00Z,OPUSDT,0.0001
2024-09-19T08:00:00Z,OPUSDT,0.0001
2024-09-19T16:00:00Z,OPUSDT,0.0001
2024-09-20T00:00:00Z,OPUSDT,0.0001
2024-09-20T08:00:00Z,OPUSDT,0.0001
2024-09-20T16:00:00Z,OPUSDT,0.0001
2024-09-21T00:00:00Z,OPUSDT,0.00006681
2024-09-21T08:00:00Z,OPUSDT,0.00008487
2024-09-21T16:00:00Z,OPUSDT,0.00002728
2024-09-22T00:00:00Z,OPUSDT,-0.00002501
2024-09-22T08:00:00Z,OPUSDT,0.00002302
2024-09-22T16:00:00Z,OPUSDT,-0.00002109
2024-09-23T00:00:00Z,OPUSDT,-0.000024
2024-09-23T08:00:00Z,OPUSDT,-0.0000714
2024-09-23T16:00:00Z,OPUSDT,-0.00007348
2024-09-24T00:00:00Z,OPUSDT,-0.00000399
2024-09-24T08:00:00Z,OPUSDT,0.00001688
2024-09-24T16:00:00Z,OPUSDT,0.00000172
2024-09-25T00:00:00Z,OPUSDT,0.0001
2024-09-25T08:00:00Z,OPUSDT,0.0001
2024-09-25T16:00:00Z,OPUSDT,0.0001
2024-09-26T00:00:00Z,OPUSDT,0.0001
2024-09-26T08:00:00Z,OPUSDT,0.0001
2024-09-26T16:00:00Z,OPUSDT,0.0001
2024-09-27T00:00:00Z,OPUSDT,0.0001
2024-09-27T08:00:00Z,OPUSDT,0.0001
2024-09-27T16:00:00Z,OPUSDT,0.0001
2024-09-28T00:00:00Z,OPUSDT,0.00008466
2024-09-28T08:00:00Z,OPUSDT,0.0001
2024-09-28T16:00:00Z,OPUSDT,0.0001
2024-09-29T00:00:00Z,OPUSDT,0.0001
2024-09-29T08:00:00Z,OPUSDT,0.0001
2024-09-29T16:00:00Z,OPUSDT,0.0001
2024-09-30T00:00:00Z,OPUSDT,0.00005923
2024-09-30T08:00:00Z,OPUSDT,0.0000965
2024-09-30T16:00:00Z,OPUSDT,0.00006752
2024-10-01T00:00:00Z,OPUSDT,0.00007009
2024-10-01T08:00:00Z,OPUSDT,0.00005604
2024-10-01T16:00:00Z,OPUSDT,0.00009584
2024-10-02T00:00:00Z,OPUSDT,0.00003654
2024-10-02T08:00:00Z,OPUSDT,-0.00008035
2024-10-02T16:00:00Z,OPUSDT,0.0001
2024-10-03T00:00:00Z,OPUSDT,0.0001
2024-10-03T08:00:00Z,OPUSDT,0.00003013
2024-10-03T16:00:00Z,OPUSDT,0.00003
2024-10-04T00:00:00Z,OPUSDT,-0.00004575
2024-10-04T08:00:00Z,OPUSDT,-0.00002765
2024-10-04T16:00:00Z,OPUSDT,-0.00006108
2024-10-05T00:00:00Z,OPUSDT,-0.00012841
2024-10-05T08:00:00Z,OPUSDT,-0.00000249
2024-10-05T16:00:00Z,OPUSDT,0.00007365
2024-10-06T00:00:00Z,OPUSDT,0.00007794
2024-10-06T08:00:00Z,OPUSDT,0.0001
2024-10-06T16:00:00Z,OPUSDT,0.00008435
2024-10-07T00:00:00Z,OPUSDT,0.00003645
2024-10-07T08:00:00Z,OPUSDT,0.0001
2024-10-07T16:00:00Z,OPUSDT,0.00007956
2024-10-08T00:00:00Z,OPUSDT,0.00004385
2024-10-08T08:00:00Z,OPUSDT,0.00004688
2024-10-08T16:00:00Z,OPUSDT,0.0001
2024-10-09T00:00:00Z,OPUSDT,0.0001
2024-10-09T08:00:00Z,OPUSDT,0.0001
2024-10-09T16:00:00Z,OPUSDT,0.0001
2024-10-10T00:00:00Z,OPUSDT,0.0001
2024-10-10T08:00:00Z,OPUSDT,0.00000899
2024-10-10T16:00:00Z,OPUSDT,0.00008202
2024-10-11T00:00:00Z,OPUSDT,0.00001653
2024-10-11T08:00:00Z,OPUSDT,-0.0000093
2024-10-11T16:00:00Z,OPUSDT,0.00005457
2024-10-12T00:00:00Z,OPUSDT,0.0001
2024-10-12T08:00:00Z,OPUSDT,0.0001
2024-10-12T16:00:00Z,OPUSDT,0.0001
2024-10-13T00:00:00Z,OPUSDT,0.0001
2024-10-13T08:00:00Z,OPUSDT,0.0001
2024-10-13T16:00:00Z,OPUSDT,0.0001
2024-10-14T00:00:00Z,OPUSDT,0.0001
2024-10-14T08:00:00Z,OPUSDT,0.0001
2024-10-14T16:00:00Z,OPUSDT,0.0001
2024-10-15T00:00:00Z,OPUSDT,0.0001
2024-10-15T08:00:00Z,OPUSDT,0.0001
2024-10-15T16:00:00Z,OPUSDT,0.0001
2024-10-16T00:00:00Z,OPUSDT,0.0001
2024-10-16T08:00:00Z,OPUSDT,0.0001
2024-10-16T16:00:00Z,OPUSDT,0.0001
2024-10-17T00:00:00Z,OPUSDT,0.0001
2024-10-17T08:00:00Z,OPUSDT,0.0001
2024-10-17T16:00:00Z,OPUSDT,0.0000326
2024-10-18T00:00:00Z,OPUSDT,0.0001
2024-10-18T08:00:00Z,OPUSDT,0.0001
2024-10-18T16:00:00Z,OPUSDT,0.0001
2024-10-19T00:00:00Z,OPUSDT,0.0001
2024-10-19T08:00:00Z,OPUSDT,0.0001
2024-10-19T16:00:00Z,OPUSDT,0.0001
2024-10-20T00:00:00Z,OPUSDT,0.0001
2024-10-20T08:00:00Z,OPUSDT,0.0001
2024-10-20T16:00:00Z,OPUSDT,0.0001
2024-10-21T00:00:00Z,OPUSDT,0.0001
2024-10-21T08:00:00Z,OPUSDT,0.0001
2024-10-21T16:00:00Z,OPUSDT,0.0001
2024-10-22T00:00:00Z,OPUSDT,0.0001
2024-10-22T08:00:00Z,OPUSDT,0.0001
2024-10-22T16:00:00Z,OPUSDT,0.0001
2024-10-23T00:00:00Z,OPUSDT,0.0001
2024-10-23T08:00:00Z,OPUSDT,0.00009128
2024-10-23T16:00:00Z,OPUSDT,0.00003112
2024-10-24T00:00:00Z,OPUSDT,0.00002475
2024-10-24T08:00:00Z,OPUSDT,0.0001
2024-10-24T16:00:00Z,OPUSDT,0.00008549
2024-10-25T00:00:00Z,OPUSDT,0.00009595
2024-10-25T08:00:00Z,OPUSDT,0.0001
2024-10-25T16:00:00Z,OPUSDT,0.0001
2024-10-26T00:00:00Z,OPUSDT,-0.00003031
2024-10-26T08:00:00Z,OPUSDT,-0.00020992
2024-10-26T16:00:00Z,OPUSDT,-0.0000908
2024-10-27T00:00:00Z,OPUSDT,-0.0000797
2024-10-27T08:00:00Z,OPUSDT,0.00005212
2024-10-27T16:00:00Z,OPUSDT,-0.00002148
2024-10-28T00:00:00Z,OPUSDT,0.00002035
2024-10-28T08:00:00Z,OPUSDT,0.0001
2024-10-28T16:00:00Z,OPUSDT,0.00002885
2024-10-29T00:00:00Z,OPUSDT,0.0001
2024-10-29T08:00:00Z,OPUSDT,0.0001
2024-10-29T16:00:00Z,OPUSDT,0.0001
2024-10-30T00:00:00Z,OPUSDT,0.0001
2024-10-30T08:00:00Z,OPUSDT,0.0001
2024-10-30T16:00:00Z,OPUSDT,0.0001
2024-10-31T00:00:00Z,OPUSDT,0.0001
2024-10-31T08:00:00Z,OPUSDT,0.0001
2024-10-31T16:00:00Z,OPUSDT,0.0001
2024-11-01T00:00:00Z,OPUSDT,0.0001
2024-11-01T08:00:00Z,OPUSDT,0.0001
2024-11-01T16:00:00Z,OPUSDT,0.0001
2024-11-02T00:00:00Z,OPUSDT,0.0001
2024-11-02T08:00:00Z,OPUSDT,0.0001
2024-11-02T16:00:00Z,OPUSDT,0.0001
2024-11-03T00:00:00Z,OPUSDT,0.0001
2024-11-03T08:00:00Z,OPUSDT,0.0001
2024-11-03T16:00:00Z,OPUSDT,0.0001
2024-11-04T00:00:00Z,OPUSDT,0.00005941
2024-11-04T08:00:00Z,OPUSDT,0.0001
2024-11-04T16:00:00Z,OPUSDT,0.0001
2024-11-05T00:00:00Z,OPUSDT,0.00003121
2024-11-05T08:00:00Z,OPUSDT,0.00008487
2024-11-05T16:00:00Z,OPUSDT,0.0000149
2024-11-06T00:00:00Z,OPUSDT,0.00001565
2024-11-06T08:00:00Z,OPUSDT,0.0001
2024-11-06T16:00:00Z,OPUSDT,0.0001
2024-11-07T00:00:00Z,OPUSDT,0.0001
2024-11-07T08:00:00Z,OPUSDT,0.0001
2024-11-07T16:00:00Z,OPUSDT,0.0001
2024-11-08T00:00:00Z,OPUSDT,0.0001
2024-11-08T08:00:00Z,OPUSDT,0.0001
2024-11-08T16:00:00Z,OPUSDT,0.0001
2024-11-09T00:00:00Z,OPUSDT,0.0001
2024-11-09T08:00:00Z,OPUSDT,0.0001
2024-11-09T16:00:00Z,OPUSDT,0.0001
2024-11-10T00:00:00Z,OPUSDT,0.0001
2024-11-10T08:00:00Z,OPUSDT,0.0001
2024-11-10T16:00:00Z,OPUSDT,0.00018187
2024-11-11T00:00:00Z,OPUSDT,0.0001
2024-11-11T08:00:00Z,OPUSDT,0.00019675
2024-11-11T16:00:00Z,OPUSDT,0.0001
2024-11-12T00:00:00Z,OPUSDT,0.00021833
2024-11-12T08:00:00Z,OPUSDT,0.00043765
2024-11-12T16:00:00Z,OPUSDT,0.00031719
2024-11-13T00:00:00Z,OPUSDT,0.0001739
2024-11-13T08:00:00Z,OPUSDT,0.0001
2024-11-13T16:00:00Z,OPUSDT,0.0001
2024-11-14T00:00:00Z,OPUSDT,0.00010501
2024-11-14T08:00:00Z,OPUSDT,0.00013893
2024-11-14T16:00:00Z,OPUSDT,0.0001
2024-11-15T00:00:00Z,OPUSDT,0.0001
2024-11-15T08:00:00Z,OPUSDT,0.0001
2024-11-15T16:00:00Z,OPUSDT,0.0001
2024-11-16T00:00:00Z,OPUSDT,0.00012058
2024-11-16T08:00:00Z,OPUSDT,0.0001
2024-11-16T16:00:00Z,OPUSDT,0.00024018
2024-11-17T00:00:00Z,OPUSDT,0.00031711
2024-11-17T08:00:00Z,OPUSDT,0.00023227
2024-11-17T16:00:00Z,OPUSDT,0.00014552
2024-11-18T00:00:00Z,OPUSDT,0.0001
2024-11-18T08:00:00Z,OPUSDT,0.00024507
2024-11-18T16:00:00Z,OPUSDT,0.00016766
2024-11-19T00:00:00Z,OPUSDT,0.00027358
2024-11-19T08:00:00Z,OPUSDT,0.0001794
2024-11-19T16:00:00Z,OPUSDT,0.0001
2024-11-20T00:00:00Z,OPUSDT,0.0001
2024-11-20T08:00:00Z,OPUSDT,0.0001
2024-11-20T16:00:00Z,OPUSDT,0.0001
2024-11-21T00:00:00Z,OPUSDT,0.0001
2024-11-21T08:00:00Z,OPUSDT,0.0001
2024-11-21T16:00:00Z,OPUSDT,0.0001
2024-11-22T00:00:00Z,OPUSDT,0.00014664
2024-11-22T08:00:00Z,OPUSDT,0.00018169
2024-11-22T16:00:00Z,OPUSDT,0.0001
2024-11-23T00:00:00Z,OPUSDT,0.0001
2024-11-23T08:00:00Z,OPUSDT,0.000345
2024-11-23T16:00:00Z,OPUSDT,0.0004305
2024-11-24T00:00:00Z,OPUSDT,0.0002784
2024-11-24T08:00:00Z,OPUSDT,0.0003331
2024-11-24T16:00:00Z,OPUSDT,0.0001
2024-11-25T00:00:00Z,OPUSDT,0.00015275
2024-11-25T08:00:00Z,OPUSDT,0.00025638
2024-11-25T16:00:00Z,OPUSDT,0.00027062
2024-11-26T00:00:00Z,OPUSDT,0.00010613
2024-11-26T08:00:00Z,OPUSDT,0.0001
2024-11-26T16:00:00Z,OPUSDT,0.0001
2024-11-27T00:00:00Z,OPUSDT,0.0001
2024-11-27T08:00:00Z,OPUSDT,0.0001
2024-11-27T16:00:00Z,OPUSDT,0.0001
2024-11-28T00:00:00Z,OPUSDT,0.00015756
2024-11-28T08:00:00Z,OPUSDT,0.00010717
2024-11-28T16:00:00Z,OPUSDT,0.0001
2024-11-29T00:00:00Z,OPUSDT,0.0001
2024-11-29T08:00:00Z,OPUSDT,0.00015219
2024-11-29T16:00:00Z,OPUSDT,0.00015605
2024-11-30T00:00:00Z,OPUSDT,0.0002946
2024-11-30T08:00:00Z,OPUSDT,0.00029705
2024-11-30T16:00:00Z,OPUSDT,0.00024081
2024-12-01T00:00:00Z,OPUSDT,0.00030297
2024-12-01T08:00:00Z,OPUSDT,0.00022557
2024-12-01T16:00:00Z,OPUSDT,0.00029594
2024-12-02T00:00:00Z,OPUSDT,0.0004265
2024-12-02T08:00:00Z,OPUSDT,0.00024747
2024-12-02T16:00:00Z,OPUSDT,0.0001259
2024-12-03T00:00:00Z,OPUSDT,0.000331
2024-12-03T08:00:00Z,OPUSDT,0.00052046
2024-12-03T16:00:00Z,OPUSDT,0.00030735
2024-12-04T00:00:00Z,OPUSDT,0.00038807
2024-12-04T08:00:00Z,OPUSDT,0.00046628
2024-12-04T16:00:00Z,OPUSDT,0.00047422
2024-12-05T00:00:00Z,OPUSDT,0.00040191
2024-12-05T08:00:00Z,OPUSDT,0.00078655
2024-12-05T16:00:00Z,OPUSDT,0.00069071
2024-12-06T00:00:00Z,OPUSDT,0.00044229
2024-12-06T08:00:00Z,OPUSDT,0.0005284
2024-12-06T16:00:00Z,OPUSDT,0.00028641
2024-12-07T00:00:00Z,OPUSDT,0.00049781
2024-12-07T08:00:00Z,OPUSDT,0.00033101
2024-12-07T16:00:00Z,OPUSDT,0.00040397
2024-12-08T00:00:00Z,OPUSDT,0.00058996
2024-12-08T08:00:00Z,OPUSDT,0.00061159
2024-12-08T16:00:00Z,OPUSDT,0.00050733
2024-12-09T00:00:00Z,OPUSDT,0.00047067
2024-12-09T08:00:00Z,OPUSDT,0.00029313
2024-12-09T16:00:00Z,OPUSDT,0.00014087
2024-12-10T00:00:00Z,OPUSDT,0.0001
2024-12-10T08:00:00Z,OPUSDT,0.0001
2024-12-10T16:00:00Z,OPUSDT,0.0001
2024-12-11T00:00:00Z,OPUSDT,0.0001
2024-12-11T08:00:00Z,OPUSDT,0.0001
2024-12-11T16:00:00Z,OPUSDT,0.0001
2024-12-12T00:00:00Z,OPUSDT,0.0001
2024-12-12T08:00:00Z,OPUSDT,0.0001
2024-12-12T16:00:00Z,OPUSDT,0.0001
2024-12-13T00:00:00Z,OPUSDT,0.0001
2024-12-13T08:00:00Z,OPUSDT,0.0001
2024-12-13T16:00:00Z,OPUSDT,0.0001
2024-12-14T00:00:00Z,OPUSDT,0.0001
2024-12-14T08:00:00Z,OPUSDT,0.0001
2024-12-14T16:00:00Z,OPUSDT,0.0001
2024-12-15T00:00:00Z,OPUSDT,0.0001
2024-12-15T08:00:00Z,OPUSDT,0.0001
2024-12-15T16:00:00Z,OPUSDT,0.0001
2024-12-16T00:00:00Z,OPUSDT,0.0001
2024-12-16T08:00:00Z,OPUSDT,0.0001
2024-12-16T16:00:00Z,OPUSDT,0.0001
2024-12-17T00:00:00Z,OPUSDT,0.0001
2024-12-17T08:00:00Z,OPUSDT,0.0001
2024-12-17T16:00:00Z,OPUSDT,0.0001
2024-12-18T00:00:00Z,OPUSDT,0.0001
2024-12-18T08:00:00Z,OPUSDT,0.0001
2024-12-18T16:00:00Z,OPUSDT,0.0001
2024-12-19T00:00:00Z,OPUSDT,0.0001
2024-12-19T08:00:00Z,OPUSDT,0.0001
2024-12-19T16:00:00Z,OPUSDT,0.0001
2024-12-20T00:00:00Z,OPUSDT,0.0001
2024-12-20T08:00:00Z,OPUSDT,0.0001
2024-12-20T16:00:00Z,OPUSDT,0.0001
2024-12-21T00:00:00Z,OPUSDT,0.0001
2024-12-21T08:00:00Z,OPUSDT,0.0001
2024-12-21T16:00:00Z,OPUSDT,0.0001
2024-12-22T00:00:00Z,OPUSDT,0.0001
2024-12-22T08:00:00Z,OPUSDT,0.0001
2024-12-22T16:00:00Z,OPUSDT,0.00006591
2024-12-23T00:00:00Z,OPUSDT,0.0001
2024-12-23T08:00:00Z,OPUSDT,0.0001
2024-12-23T16:00:00Z,OPUSDT,0.0001
2024-12-24T00:00:00Z,OPUSDT,0.0001
2024-12-24T08:00:00Z,OPUSDT,0.0001
2024-12-24T16:00:00Z,OPUSDT,0.0001
2024-12-25T00:00:00Z,OPUSDT,0.0001
2024-12-25T08:00:00Z,OPUSDT,0.0001
2024-12-25T16:00:00Z,OPUSDT,0.0001
2024-12-26T00:00:00Z,OPUSDT,0.0001
2024-12-26T08:00:00Z,OPUSDT,0.0001
2024-12-26T16:00:00Z,OPUSDT,0.0001
2024-12-27T00:00:00Z,OPUSDT,0.0001
2024-12-27T08:00:00Z,OPUSDT,0.0001
2024-12-27T16:00:00Z,OPUSDT,0.0001
2024-12-28T00:00:00Z,OPUSDT,0.0001
2024-12-28T08:00:00Z,OPUSDT,0.0001
2024-12-28T16:00:00Z,OPUSDT,0.0001
2024-12-29T00:00:00Z,OPUSDT,0.0001
2024-12-29T08:00:00Z,OPUSDT,0.0001
2024-12-29T16:00:00Z,OPUSDT,0.0001
2024-12-30T00:00:00Z,OPUSDT,0.00008237
2024-12-30T08:00:00Z,OPUSDT,0.00003659
2024-12-30T16:00:00Z,OPUSDT,0.0001
2024-12-31T00:00:00Z,OPUSDT,0.0001
2024-12-31T08:00:00Z,OPUSDT,0.00009512
2024-12-31T16:00:00Z,OPUSDT,0.0001
2025-01-01T00:00:00Z,OPUSDT,0.0001
2025-01-01T08:00:00Z,OPUSDT,0.0001
2025-01-01T16:00:00Z,OPUSDT,0.00009805
2025-01-02T00:00:00Z,OPUSDT,0.0001
2025-01-02T08:00:00Z,OPUSDT,0.0001
2025-01-02T16:00:00Z,OPUSDT,0.0001
2025-01-03T00:00:00Z,OPUSDT,0.0001
2025-01-03T08:00:00Z,OPUSDT,0.0001
2025-01-03T16:00:00Z,OPUSDT,0.0001
2025-01-04T00:00:00Z,OPUSDT,0.0001
2025-01-04T08:00:00Z,OPUSDT,0.0001
2025-01-04T16:00:00Z,OPUSDT,0.0001
2025-01-05T00:00:00Z,OPUSDT,0.0001
2025-01-05T08:00:00Z,OPUSDT,0.0001
2025-01-05T16:00:00Z,OPUSDT,0.0001
2025-01-06T00:00:00Z,OPUSDT,0.0001
2025-01-06T08:00:00Z,OPUSDT,0.0001
2025-01-06T16:00:00Z,OPUSDT,0.0001
2025-01-07T00:00:00Z,OPUSDT,0.0001
2025-01-07T08:00:00Z,OPUSDT,0.0001
2025-01-07T16:00:00Z,OPUSDT,0.0001
2025-01-08T00:00:00Z,OPUSDT,0.0001
2025-01-08T08:00:00Z,OPUSDT,0.0001
2025-01-08T16:00:00Z,OPUSDT,0.0001
2025-01-09T00:00:00Z,OPUSDT,0.0001
2025-01-09T08:00:00Z,OPUSDT,0.0001
2025-01-09T16:00:00Z,OPUSDT,0.0001
2025-01-10T00:00:00Z,OPUSDT,0.0001
2025-01-10T08:00:00Z,OPUSDT,0.0001
2025-01-10T16:00:00Z,OPUSDT,0.0001
2025-01-11T00:00:00Z,OPUSDT,0.0001
2025-01-11T08:00:00Z,OPUSDT,0.0001
2025-01-11T16:00:00Z,OPUSDT,0.0001
2025-01-12T00:00:00Z,OPUSDT,0.0001
2025-01-12T08:00:00Z,OPUSDT,0.0001
2025-01-12T16:00:00Z,OPUSDT,0.0001
2025-01-13T00:00:00Z,OPUSDT,0.0001
2025-01-13T08:00:00Z,OPUSDT,0.0001
2025-01-13T16:00:00Z,OPUSDT,0.00005792
2025-01-14T00:00:00Z,OPUSDT,0.0000909
2025-01-14T08:00:00Z,OPUSDT,0.00007801
2025-01-14T16:00:00Z,OPUSDT,0.0001
2025-01-15T00:00:00Z,OPUSDT,0.0001
2025-01-15T08:00:00Z,OPUSDT,0.0001
2025-01-15T16:00:00Z,OPUSDT,0.0001
2025-01-16T00:00:00Z,OPUSDT,0.0001
2025-01-16T08:00:00Z,OPUSDT,0.0001
2025-01-16T16:00:00Z,OPUSDT,0.0001
2025-01-17T00:00:00Z,OPUSDT,0.0001
2025-01-17T08:00:00Z,OPUSDT,0.0001
2025-01-17T16:00:00Z,OPUSDT,0.0001
2025-01-18T00:00:00Z,OPUSDT,0.0001
2025-01-18T08:00:00Z,OPUSDT,0.0001
2025-01-18T16:00:00Z,OPUSDT,0.0001
2025-01-19T00:00:00Z,OPUSDT,0.0001
2025-01-19T08:00:00Z,OPUSDT,0.0001
2025-01-19T16:00:00Z,OPUSDT,0.0001
2025-01-20T00:00:00Z,OPUSDT,0.0001
2025-01-20T08:00:00Z,OPUSDT,0.0001
2025-01-20T16:00:00Z,OPUSDT,0.0001
2025-01-21T00:00:00Z,OPUSDT,0.0001
2025-01-21T08:00:00Z,OPUSDT,0.0001
2025-01-21T16:00:00Z,OPUSDT,0.0001
2025-01-22T00:00:00Z,OPUSDT,0.0001
2025-01-22T08:00:00Z,OPUSDT,0.0001
2025-01-22T16:00:00Z,OPUSDT,0.0001
2025-01-23T00:00:00Z,OPUSDT,0.0001
2025-01-23T08:00:00Z,OPUSDT,0.0001
2025-01-23T16:00:00Z,OPUSDT,0.0001
2025-01-24T00:00:00Z,OPUSDT,0.0001
2025-01-24T08:00:00Z,OPUSDT,0.0001
2025-01-24T16:00:00Z,OPUSDT,0.0001
2025-01-25T00:00:00Z,OPUSDT,0.0001
2025-01-25T08:00:00Z,OPUSDT,0.0001
2025-01-25T16:00:00Z,OPUSDT,0.0001
2025-01-26T00:00:00Z,OPUSDT,0.00001223
2025-01-26T08:00:00Z,OPUSDT,0.0001
2025-01-26T16:00:00Z,OPUSDT,0.0001
2025-01-27T00:00:00Z,OPUSDT,0.0001
2025-01-27T08:00:00Z,OPUSDT,-0.00011496
2025-01-27T16:00:00Z,OPUSDT,-0.00003778
2025-01-28T00:00:00Z,OPUSDT,0.00006595
2025-01-28T08:00:00Z,OPUSDT,-0.00001919
2025-01-28T16:00:00Z,OPUSDT,0.00000153
2025-01-29T00:00:00Z,OPUSDT,0.00003854
2025-01-29T08:00:00Z,OPUSDT,0.00000642
2025-01-29T16:00:00Z,OPUSDT,0.00008733
2025-01-30T00:00:00Z,OPUSDT,0.00002516
2025-01-30T08:00:00Z,OPUSDT,0.00005323
2025-01-30T16:00:00Z,OPUSDT,0.0001
2025-01-31T00:00:00Z,OPUSDT,0.0001
2025-01-31T08:00:00Z,OPUSDT,0.0001
2025-01-31T16:00:00Z,OPUSDT,0.0001
2025-02-01T00:00:00Z,OPUSDT,0.0001
2025-02-01T08:00:00Z,OPUSDT,0.0001
2025-02-01T16:00:00Z,OPUSDT,0.0001
2025-02-02T00:00:00Z,OPUSDT,-0.00000842
2025-02-02T08:00:00Z,OPUSDT,0.00003185
2025-02-02T16:00:00Z,OPUSDT,-0.00002801
2025-02-03T00:00:00Z,OPUSDT,-0.00012395
2025-02-03T08:00:00Z,OPUSDT,-0.00053932
2025-02-03T16:00:00Z,OPUSDT,0.00005029
2025-02-04T00:00:00Z,OPUSDT,0.00007976
2025-02-04T08:00:00Z,OPUSDT,0.0001
2025-02-04T16:00:00Z,OPUSDT,-0.00003738
2025-02-05T00:00:00Z,OPUSDT,-0.00013908
2025-02-05T08:00:00Z,OPUSDT,-0.00003148
2025-02-05T16:00:00Z,OPUSDT,-0.00000867
2025-02-06T00:00:00Z,OPUSDT,-0.00006819
2025-02-06T08:00:00Z,OPUSDT,-0.00003053
2025-02-06T16:00:00Z,OPUSDT,-0.0000488
2025-02-07T00:00:00Z,OPUSDT,0.00001106
2025-02-07T08:00:00Z,OPUSDT,-0.0000665
2025-02-07T16:00:00Z,OPUSDT,0.00008173
2025-02-08T00:00:00Z,OPUSDT,0.00001355
2025-02-08T08:00:00Z,OPUSDT,-0.00001426
2025-02-08T16:00:00Z,OPUSDT,0.0000328
2025-02-09T00:00:00Z,OPUSDT,0.00009638
2025-02-09T08:00:00Z,OPUSDT,0.0000115
2025-02-09T16:00:00Z,OPUSDT,0.0001
2025-02-10T00:00:00Z,OPUSDT,0.00004261
2025-02-10T08:00:00Z,OPUSDT,0.00001472
2025-02-10T16:00:00Z,OPUSDT,0.0001
2025-02-11T00:00:00Z,OPUSDT,0.00001568
2025-02-11T08:00:00Z,OPUSDT,0.0001
2025-02-11T16:00:00Z,OPUSDT,-0.00000069
2025-02-12T00:00:00Z,OPUSDT,0.00004174
2025-02-12T08:00:00Z,OPUSDT,0.00008506
2025-02-12T16:00:00Z,OPUSDT,0.0001
2025-02-13T00:00:00Z,OPUSDT,0.0001
2025-02-13T08:00:00Z,OPUSDT,0.00006687
2025-02-13T16:00:00Z,OPUSDT,0.00005295
2025-02-14T00:00:00Z,OPUSDT,0.0000221
2025-02-14T08:00:00Z,OPUSDT,0.00003776
2025-02-14T16:00:00Z,OPUSDT,0.00000523
2025-02-15T00:00:00Z,OPUSDT,-0.00002488
2025-02-15T08:00:00Z,OPUSDT,0.00004964
2025-02-15T16:00:00Z,OPUSDT,-0.00001415
2025-02-16T00:00:00Z,OPUSDT,0.0000832
2025-02-16T08:00:00Z,OPUSDT,0.0001
2025-02-16T16:00:00Z,OPUSDT,0.00001581
2025-02-17T00:00:00Z,OPUSDT,-0.00004925
2025-02-17T08:00:00Z,OPUSDT,-0.00007484
2025-02-17T16:00:00Z,OPUSDT,-0.00001547
2025-02-18T00:00:00Z,OPUSDT,-0.00002411
2025-02-18T08:00:00Z,OPUSDT,-0.00006764
2025-02-18T16:00:00Z,OPUSDT,-0.0000658
2025-02-19T00:00:00Z,OPUSDT,-0.00002992
2025-02-19T08:00:00Z,OPUSDT,0.00006649
2025-02-19T16:00:00Z,OPUSDT,0.00006252
2025-02-20T00:00:00Z,OPUSDT,0.0001
2025-02-20T08:00:00Z,OPUSDT,0.0001
2025-02-20T16:00:00Z,OPUSDT,0.0001
2025-02-21T00:00:00Z,OPUSDT,0.0000308
2025-02-21T08:00:00Z,OPUSDT,0.0001
2025-02-21T16:00:00Z,OPUSDT,0.0001
2025-02-22T00:00:00Z,OPUSDT,-0.00022495
2025-02-22T08:00:00Z,OPUSDT,-0.00035644
2025-02-22T16:00:00Z,OPUSDT,0.0001
2025-02-23T00:00:00Z,OPUSDT,0.0001
2025-02-23T08:00:00Z,OPUSDT,0.0001
2025-02-23T16:00:00Z,OPUSDT,0.0001
2025-02-24T00:00:00Z,OPUSDT,0.0001
2025-02-24T08:00:00Z,OPUSDT,0.0001
2025-02-24T16:00:00Z,OPUSDT,0.0001
2025-02-25T00:00:00Z,OPUSDT,0.0001
2025-02-25T08:00:00Z,OPUSDT,0.0001
2025-02-25T16:00:00Z,OPUSDT,0.0001
2025-02-26T00:00:00Z,OPUSDT,0.00009058
2025-02-26T08:00:00Z,OPUSDT,0.00009898
2025-02-26T16:00:00Z,OPUSDT,0.0001
2025-02-27T00:00:00Z,OPUSDT,0.0001
2025-02-27T08:00:00Z,OPUSDT,0.0001
2025-02-27T16:00:00Z,OPUSDT,0.0001
2025-02-28T00:00:00Z,OPUSDT,0.0001
2025-02-28T08:00:00Z,OPUSDT,0.0001
2025-02-28T16:00:00Z,OPUSDT,0.0001
2025-03-01T00:00:00Z,OPUSDT,0.0001
2025-03-01T08:00:00Z,OPUSDT,0.0001
2025-03-01T16:00:00Z,OPUSDT,0.0001
2025-03-02T00:00:00Z,OPUSDT,0.0001
2025-03-02T08:00:00Z,OPUSDT,0.0001
2025-03-02T16:00:00Z,OPUSDT,0.0001
2025-03-03T00:00:00Z,OPUSDT,0.0001
2025-03-03T08:00:00Z,OPUSDT,0.0001
2025-03-03T16:00:00Z,OPUSDT,0.0001
2025-03-04T00:00:00Z,OPUSDT,0.0001
2025-03-04T08:00:00Z,OPUSDT,0.0001
2025-03-04T16:00:00Z,OPUSDT,0.00007868
2025-03-05T00:00:00Z,OPUSDT,0.0000735
2025-03-05T08:00:00Z,OPUSDT,0.0001
2025-03-05T16:00:00Z,OPUSDT,0.00002945
2025-03-06T00:00:00Z,OPUSDT,0.00003675
2025-03-06T08:00:00Z,OPUSDT,0.00009593
2025-03-06T16:00:00Z,OPUSDT,0.00004841
2025-03-07T00:00:00Z,OPUSDT,0.00007169
2025-03-07T08:00:00Z,OPUSDT,0.0001
2025-03-07T16:00:00Z,OPUSDT,0.00008191
2025-03-08T00:00:00Z,OPUSDT,0.00004439
2025-03-08T08:00:00Z,OPUSDT,-0.00005266
2025-03-08T16:00:00Z,OPUSDT,-0.00001012
2025-03-09T00:00:00Z,OPUSDT,0.0000561
2025-03-09T08:00:00Z,OPUSDT,0.00005643
2025-03-09T16:00:00Z,OPUSDT,0.00003287
2025-03-10T00:00:00Z,OPUSDT,0.00001138
2025-03-10T08:00:00Z,OPUSDT,0.00008731
2025-03-10T16:00:00Z,OPUSDT,0.00001606
2025-03-11T00:00:00Z,OPUSDT,-0.00003329
2025-03-11T08:00:00Z,OPUSDT,-0.00004148
2025-03-11T16:00:00Z,OPUSDT,-0.00002038
2025-03-12T00:00:00Z,OPUSDT,0.00002994
2025-03-12T08:00:00Z,OPUSDT,0.00009393
2025-03-12T16:00:00Z,OPUSDT,0.0001
2025-03-13T00:00:00Z,OPUSDT,0.00007927
2025-03-13T08:00:00Z,OPUSDT,0.00007152
2025-03-13T16:00:00Z,OPUSDT,0.0001
2025-03-14T00:00:00Z,OPUSDT,0.00009092
2025-03-14T08:00:00Z,OPUSDT,0.0001
2025-03-14T16:00:00Z,OPUSDT,0.0001
2025-03-15T00:00:00Z,OPUSDT,0.0001
2025-03-15T08:00:00Z,OPUSDT,0.0001
2025-03-15T16:00:00Z,OPUSDT,0.00003632
2025-03-16T00:00:00Z,OPUSDT,0.00009085
2025-03-16T08:00:00Z,OPUSDT,0.00005998
2025-03-16T16:00:00Z,OPUSDT,0.00002219
2025-03-17T00:00:00Z,OPUSDT,-0.00000262
2025-03-17T08:00:00Z,OPUSDT,0.0001
2025-03-17T16:00:00Z,OPUSDT,0.0001
2025-03-18T00:00:00Z,OPUSDT,0.00009237
2025-03-18T08:00:00Z,OPUSDT,0.00008988
2025-03-18T16:00:00Z,OPUSDT,0.00003521
2025-03-19T00:00:00Z,OPUSDT,0.00004456
2025-03-19T08:00:00Z,OPUSDT,0.00005148
2025-03-19T16:00:00Z,OPUSDT,-0.00005229
2025-03-20T00:00:00Z,OPUSDT,-0.00004866
2025-03-20T08:00:00Z,OPUSDT,0.00006336
2025-03-20T16:00:00Z,OPUSDT,0.00001746
2025-03-21T00:00:00Z,OPUSDT,0.00005195
2025-03-21T08:00:00Z,OPUSDT,0.00002152
2025-03-21T16:00:00Z,OPUSDT,-0.00002211
2025-03-22T00:00:00Z,OPUSDT,0.00003492
2025-03-22T08:00:00Z,OPUSDT,0.00004046
2025-03-22T16:00:00Z,OPUSDT,0.0001
2025-03-23T00:00:00Z,OPUSDT,0.00009408
2025-03-23T08:00:00Z,OPUSDT,-0.0000021
2025-03-23T16:00:00Z,OPUSDT,0.0001
2025-03-24T00:00:00Z,OPUSDT,0.00008262
2025-03-24T08:00:00Z,OPUSDT,0.0001
2025-03-24T16:00:00Z,OPUSDT,0.0001
2025-03-25T00:00:00Z,OPUSDT,0.0001
2025-03-25T08:00:00Z,OPUSDT,0.0001
2025-03-25T16:00:00Z,OPUSDT,-0.00004602
2025-03-26T00:00:00Z,OPUSDT,0.00004505
2025-03-26T08:00:00Z,OPUSDT,0.0001
2025-03-26T16:00:00Z,OPUSDT,0.0001
2025-03-27T00:00:00Z,OPUSDT,0.0001
2025-03-27T08:00:00Z,OPUSDT,0.0001
2025-03-27T16:00:00Z,OPUSDT,0.0001
2025-03-28T00:00:00Z,OPUSDT,0.0001
2025-03-28T08:00:00Z,OPUSDT,0.00003166
2025-03-28T16:00:00Z,OPUSDT,0.00001754
2025-03-29T00:00:00Z,OPUSDT,-0.0000157
2025-03-29T08:00:00Z,OPUSDT,-0.000004
2025-03-29T16:00:00Z,OPUSDT,-0.00006426
2025-03-30T00:00:00Z,OPUSDT,-0.00004563
2025-03-30T08:00:00Z,OPUSDT,-0.00011691
2025-03-30T16:00:00Z,OPUSDT,-0.0000455
2025-03-31T00:00:00Z,OPUSDT,-0.00000939
2025-03-31T08:00:00Z,OPUSDT,0.00007163
2025-03-31T16:00:00Z,OPUSDT,0.00006287
2025-04-01T00:00:00Z,OPUSDT,0.0001
2025-04-01T08:00:00Z,OPUSDT,0.00005222
2025-04-01T16:00:00Z,OPUSDT,0.00006034
2025-04-02T00:00:00Z,OPUSDT,0.00000115
2025-04-02T08:00:00Z,OPUSDT,0.0001
2025-04-02T16:00:00Z,OPUSDT,0.00009214
2025-04-03T00:00:00Z,OPUSDT,-0.00006341
2025-04-03T08:00:00Z,OPUSDT,0.0001
2025-04-03T16:00:00Z,OPUSDT,0.00002826
2025-04-04T00:00:00Z,OPUSDT,0.0001
2025-04-04T08:00:00Z,OPUSDT,0.00002377
2025-04-04T16:00:00Z,OPUSDT,-0.00001474
2025-04-05T00:00:00Z,OPUSDT,0.0001
2025-04-05T08:00:00Z,OPUSDT,0.0001
2025-04-05T16:00:00Z,OPUSDT,0.0001
2025-04-06T00:00:00Z,OPUSDT,0.00009236
2025-04-06T08:00:00Z,OPUSDT,0.00000821
2025-04-06T16:00:00Z,OPUSDT,0.00008731
2025-04-07T00:00:00Z,OPUSDT,0.00005561
2025-04-07T08:00:00Z,OPUSDT,0.0001
2025-04-07T16:00:00Z,OPUSDT,0.00006961
2025-04-08T00:00:00Z,OPUSDT,0.0001
2025-04-08T08:00:00Z,OPUSDT,0.00009748
2025-04-08T16:00:00Z,OPUSDT,0.00007051
2025-04-09T00:00:00Z,OPUSDT,0.0001
2025-04-09T08:00:00Z,OPUSDT,0.0001
2025-04-09T16:00:00Z,OPUSDT,0.00001071
2025-04-10T00:00:00Z,OPUSDT,0.00005266
2025-04-10T08:00:00Z,OPUSDT,0.00006035
2025-04-10T16:00:00Z,OPUSDT,0.00003565
2025-04-11T00:00:00Z,OPUSDT,-0.00007188
2025-04-11T08:00:00Z,OPUSDT,-0.00001507
2025-04-11T16:00:00Z,OPUSDT,0.00002347
2025-04-12T00:00:00Z,OPUSDT,0.0001
2025-04-12T08:00:00Z,OPUSDT,0.0001
2025-04-12T16:00:00Z,OPUSDT,0.00007836
2025-04-13T00:00:00Z,OPUSDT,0.00007611
2025-04-13T08:00:00Z,OPUSDT,0.00006679
2025-04-13T16:00:00Z,OPUSDT,0.0000148
2025-04-14T00:00:00Z,OPUSDT,-0.00005903
2025-04-14T08:00:00Z,OPUSDT,-0.0000112
2025-04-14T16:00:00Z,OPUSDT,0.0001
2025-04-15T00:00:00Z,OPUSDT,0.0001
2025-04-15T08:00:00Z,OPUSDT,0.0001
2025-04-15T16:00:00Z,OPUSDT,0.0001
2025-04-16T00:00:00Z,OPUSDT,0.0001
2025-04-16T08:00:00Z,OPUSDT,0.00003275
2025-04-16T16:00:00Z,OPUSDT,0.0001
2025-04-17T00:00:00Z,OPUSDT,0.00007998
2025-04-17T08:00:00Z,OPUSDT,0.0001
2025-04-17T16:00:00Z,OPUSDT,0.0001
2025-04-18T00:00:00Z,OPUSDT,0.0001
2025-04-18T08:00:00Z,OPUSDT,0.0001
2025-04-18T16:00:00Z,OPUSDT,0.00009283
2025-04-19T00:00:00Z,OPUSDT,0.0001
2025-04-19T08:00:00Z,OPUSDT,0.0000209
2025-04-19T16:00:00Z,OPUSDT,0.00000797
2025-04-20T00:00:00Z,OPUSDT,0.00003901
2025-04-20T08:00:00Z,OPUSDT,-0.00000693
2025-04-20T16:00:00Z,OPUSDT,0.00003553
2025-04-21T00:00:00Z,OPUSDT,0.00004663
2025-04-21T08:00:00Z,OPUSDT,0.00003851
2025-04-21T16:00:00Z,OPUSDT,0.00009645
2025-04-22T00:00:00Z,OPUSDT,-0.00005
2025-04-22T08:00:00Z,OPUSDT,0.00001034
2025-04-22T16:00:00Z,OPUSDT,0.00009369
2025-04-23T00:00:00Z,OPUSDT,0.0001
2025-04-23T08:00:00Z,OPUSDT,0.0001
2025-04-23T16:00:00Z,OPUSDT,0.0001
2025-04-24T00:00:00Z,OPUSDT,0.0001
2025-04-24T08:00:00Z,OPUSDT,0.0001
2025-04-24T16:00:00Z,OPUSDT,0.0001
2025-04-25T00:00:00Z,OPUSDT,0.00007961
2025-04-25T08:00:00Z,OPUSDT,0.0001
2025-04-25T16:00:00Z,OPUSDT,0.00007656
2025-04-26T00:00:00Z,OPUSDT,0.0000869
2025-04-26T08:00:00Z,OPUSDT,0.00005339
2025-04-26T16:00:00Z,OPUSDT,-0.0000095
2025-04-27T00:00:00Z,OPUSDT,0.00001944
2025-04-27T08:00:00Z,OPUSDT,-0.0000957
2025-04-27T16:00:00Z,OPUSDT,0.00006932
2025-04-28T00:00:00Z,OPUSDT,0.0001
2025-04-28T08:00:00Z,OPUSDT,-0.00006369
2025-04-28T16:00:00Z,OPUSDT,0.00003314
2025-04-29T00:00:00Z,OPUSDT,0.0001
2025-04-29T08:00:00Z,OPUSDT,0.0001
2025-04-29T16:00:00Z,OPUSDT,0.00004358
2025-04-30T00:00:00Z,OPUSDT,0.00007736
2025-04-30T08:00:00Z,OPUSDT,0.00000798
2025-04-30T16:00:00Z,OPUSDT,0.0001
2025-05-01T00:00:00Z,OPUSDT,0.0001
2025-05-01T08:00:00Z,OPUSDT,0.0001
2025-05-01T16:00:00Z,OPUSDT,-0.00000669
2025-05-02T00:00:00Z,OPUSDT,0.0001
2025-05-02T08:00:00Z,OPUSDT,-0.00010642
2025-05-02T16:00:00Z,OPUSDT,-0.00015312
2025-05-03T00:00:00Z,OPUSDT,0.0001
2025-05-03T08:00:00Z,OPUSDT,0.00005575
2025-05-03T16:00:00Z,OPUSDT,-0.00013207
2025-05-04T00:00:00Z,OPUSDT,0.00002148
2025-05-04T08:00:00Z,OPUSDT,-0.00001919
2025-05-04T16:00:00Z,OPUSDT,-0.00003729
2025-05-05T00:00:00Z,OPUSDT,-0.0000105
2025-05-05T08:00:00Z,OPUSDT,-0.0000252
2025-05-05T16:00:00Z,OPUSDT,0.0000598
2025-05-06T00:00:00Z,OPUSDT,0.00003466
2025-05-06T08:00:00Z,OPUSDT,-0.00006496
2025-05-06T16:00:00Z,OPUSDT,0.00003469
2025-05-07T00:00:00Z,OPUSDT,-0.00004183
2025-05-07T08:00:00Z,OPUSDT,0.0001
2025-05-07T16:00:00Z,OPUSDT,-0.00009719
2025-05-08T00:00:00Z,OPUSDT,0.00003025
2025-05-08T08:00:00Z,OPUSDT,-0.00000478
2025-05-08T16:00:00Z,OPUSDT,0.00003343
2025-05-09T00:00:00Z,OPUSDT,0.0001
2025-05-09T08:00:00Z,OPUSDT,0.0001
2025-05-09T16:00:00Z,OPUSDT,0.0001
2025-05-10T00:00:00Z,OPUSDT,0.0001
2025-05-10T08:00:00Z,OPUSDT,0.0001
2025-05-10T16:00:00Z,OPUSDT,0.0001
2025-05-11T00:00:00Z,OPUSDT,0.0001
2025-05-11T08:00:00Z,OPUSDT,0.0001
2025-05-11T16:00:00Z,OPUSDT,0.0001
2025-05-12T00:00:00Z,OPUSDT,0.0001
2025-05-12T08:00:00Z,OPUSDT,0.0001
2025-05-12T16:00:00Z,OPUSDT,0.0001
2025-05-13T00:00:00Z,OPUSDT,0.0001
2025-05-13T08:00:00Z,OPUSDT,0.0001
2025-05-13T16:00:00Z,OPUSDT,0.0001
2025-05-14T00:00:00Z,OPUSDT,0.0001
2025-05-14T08:00:00Z,OPUSDT,0.0001
2025-05-14T16:00:00Z,OPUSDT,0.0001
2025-05-15T00:00:00Z,OPUSDT,0.0001
2025-05-15T08:00:00Z,OPUSDT,0.0001
2025-05-15T16:00:00Z,OPUSDT,0.0001
2025-05-16T00:00:00Z,OPUSDT,0.00006451
2025-05-16T08:00:00Z,OPUSDT,0.0001
2025-05-16T16:00:00Z,OPUSDT,0.0001
2025-05-17T00:00:00Z,OPUSDT,0.0001
2025-05-17T08:00:00Z,OPUSDT,0.00001335
2025-05-17T16:00:00Z,OPUSDT,-0.00004598
2025-05-18T00:00:00Z,OPUSDT,0.0000831
2025-05-18T08:00:00Z,OPUSDT,0.00000391
2025-05-18T16:00:00Z,OPUSDT,0.00005541
2025-05-19T00:00:00Z,OPUSDT,-0.00000047
2025-05-19T08:00:00Z,OPUSDT,-0.00002166
2025-05-19T16:00:00Z,OPUSDT,0.00001502
2025-05-20T00:00:00Z,OPUSDT,0.00002972
2025-05-20T08:00:00Z,OPUSDT,0.0001
2025-05-20T16:00:00Z,OPUSDT,0.0000561
2025-05-21T00:00:00Z,OPUSDT,0.00007057
2025-05-21T08:00:00Z,OPUSDT,0.0001
2025-05-21T16:00:00Z,OPUSDT,0.0001
2025-05-22T00:00:00Z,OPUSDT,0.0001
2025-05-22T08:00:00Z,OPUSDT,0.0001
2025-05-22T16:00:00Z,OPUSDT,0.0001
2025-05-23T00:00:00Z,OPUSDT,0.0001
2025-05-23T08:00:00Z,OPUSDT,0.0001
2025-05-23T16:00:00Z,OPUSDT,0.0001
2025-05-24T00:00:00Z,OPUSDT,0.0001
2025-05-24T08:00:00Z,OPUSDT,0.0001
2025-05-24T16:00:00Z,OPUSDT,0.0001
2025-05-25T00:00:00Z,OPUSDT,0.0001
2025-05-25T08:00:00Z,OPUSDT,0.0001
2025-05-25T16:00:00Z,OPUSDT,0.0001
2025-05-26T00:00:00Z,OPUSDT,0.0001
2025-05-26T08:00:00Z,OPUSDT,0.0001
2025-05-26T16:00:00Z,OPUSDT,0.0001
2025-05-27T00:00:00Z,OPUSDT,0.0001
2025-05-27T08:00:00Z,OPUSDT,0.0001
2025-05-27T16:00:00Z,OPUSDT,0.0001
2025-05-28T00:00:00Z,OPUSDT,0.0001
2025-05-28T08:00:00Z,OPUSDT,0.0001
2025-05-28T16:00:00Z,OPUSDT,0.0001
2025-05-29T00:00:00Z,OPUSDT,0.0001
2025-05-29T08:00:00Z,OPUSDT,0.00009965
2025-05-29T16:00:00Z,OPUSDT,0.00008231
2025-05-30T00:00:00Z,OPUSDT,0.00003788
2025-05-30T08:00:00Z,OPUSDT,-0.00001302
2025-05-30T16:00:00Z,OPUSDT,-0.00007018
2025-05-31T00:00:00Z,OPUSDT,-0.00008865
2025-05-31T08:00:00Z,OPUSDT,-0.00010159
2025-05-31T16:00:00Z,OPUSDT,-0.00007638
2025-06-01T00:00:00Z,OPUSDT,-0.00006313
2025-06-01T08:00:00Z,OPUSDT,-0.00003483
2025-06-01T16:00:00Z,OPUSDT,0.00007158
2025-06-02T00:00:00Z,OPUSDT,0.00007335
2025-06-02T08:00:00Z,OPUSDT,0.00002965
2025-06-02T16:00:00Z,OPUSDT,0.00005195
2025-06-03T00:00:00Z,OPUSDT,0.00006452
2025-06-03T08:00:00Z,OPUSDT,0.0001
2025-06-03T16:00:00Z,OPUSDT,0.0001
2025-06-04T00:00:00Z,OPUSDT,0.0001
2025-06-04T08:00:00Z,OPUSDT,0.0001
2025-06-04T16:00:00Z,OPUSDT,0.0001
2025-06-05T00:00:00Z,OPUSDT,0.0001
2025-06-05T08:00:00Z,OPUSDT,0.0001
2025-06-05T16:00:00Z,OPUSDT,0.0001
2025-06-06T00:00:00Z,OPUSDT,-0.00009611
2025-06-06T08:00:00Z,OPUSDT,0.00000068
2025-06-06T16:00:00Z,OPUSDT,0.0001
2025-06-07T00:00:00Z,OPUSDT,-0.00008335
2025-06-07T08:00:00Z,OPUSDT,0.0001
2025-06-07T16:00:00Z,OPUSDT,0.0001
2025-06-08T00:00:00Z,OPUSDT,0.0001
2025-06-08T08:00:00Z,OPUSDT,0.0001
2025-06-08T16:00:00Z,OPUSDT,0.0001
2025-06-09T00:00:00Z,OPUSDT,0.0001
2025-06-09T08:00:00Z,OPUSDT,0.0001
2025-06-09T16:00:00Z,OPUSDT,0.0001
2025-06-10T00:00:00Z,OPUSDT,0.0001
2025-06-10T08:00:00Z,OPUSDT,0.0001
2025-06-10T16:00:00Z,OPUSDT,0.0001
2025-06-11T00:00:00Z,OPUSDT,0.0001
2025-06-11T08:00:00Z,OPUSDT,0.0001
2025-06-11T16:00:00Z,OPUSDT,0.0001
2025-06-12T00:00:00Z,OPUSDT,0.00005453
2025-06-12T08:00:00Z,OPUSDT,-0.00010402
2025-06-12T16:00:00Z,OPUSDT,-0.00002234
2025-06-13T00:00:00Z,OPUSDT,-0.00011174
2025-06-13T08:00:00Z,OPUSDT,-0.00026302
2025-06-13T16:00:00Z,OPUSDT,-0.00015565
2025-06-14T00:00:00Z,OPUSDT,-0.00025002
2025-06-14T08:00:00Z,OPUSDT,-0.00005054
2025-06-14T16:00:00Z,OPUSDT,-0.00006856
2025-06-15T00:00:00Z,OPUSDT,-0.00005338
2025-06-15T08:00:00Z,OPUSDT,-0.00016148
2025-06-15T16:00:00Z,OPUSDT,-0.00002859
2025-06-16T00:00:00Z,OPUSDT,0.0001
2025-06-16T08:00:00Z,OPUSDT,0.0001
2025-06-16T16:00:00Z,OPUSDT,0.0001
2025-06-17T00:00:00Z,OPUSDT,0.0001
2025-06-17T08:00:00Z,OPUSDT,0.0001
2025-06-17T16:00:00Z,OPUSDT,0.0001
2025-06-18T00:00:00Z,OPUSDT,0.0001
2025-06-18T08:00:00Z,OPUSDT,0.00006399
2025-06-18T16:00:00Z,OPUSDT,-0.00001575
2025-06-19T00:00:00Z,OPUSDT,0.00006509
2025-06-19T08:00:00Z,OPUSDT,0.00007705
2025-06-19T16:00:00Z,OPUSDT,0.00004279
2025-06-20T00:00:00Z,OPUSDT,0.0001
2025-06-20T08:00:00Z,OPUSDT,0.0001
2025-06-20T16:00:00Z,OPUSDT,0.00005128
2025-06-21T00:00:00Z,OPUSDT,0.00001278
2025-06-21T08:00:00Z,OPUSDT,0.00006588
2025-06-21T16:00:00Z,OPUSDT,-0.00005956
2025-06-22T00:00:00Z,OPUSDT,0.00005447
2025-06-22T08:00:00Z,OPUSDT,-0.00009892
2025-06-22T16:00:00Z,OPUSDT,-0.00004156
2025-06-23T00:00:00Z,OPUSDT,0.00000485
2025-06-23T08:00:00Z,OPUSDT,0.00000154
2025-06-23T16:00:00Z,OPUSDT,-0.00000036
2025-06-24T00:00:00Z,OPUSDT,0.0001
2025-06-24T08:00:00Z,OPUSDT,0.0001
2025-06-24T16:00:00Z,OPUSDT,0.0001
2025-06-25T00:00:00Z,OPUSDT,0.0001
2025-06-25T08:00:00Z,OPUSDT,0.0001
2025-06-25T16:00:00Z,OPUSDT,0.00008333
2025-06-26T00:00:00Z,OPUSDT,-0.00004181
2025-06-26T08:00:00Z,OPUSDT,-0.0000411
2025-06-26T16:00:00Z,OPUSDT,-0.00005651
2025-06-27T00:00:00Z,OPUSDT,0.00005443
2025-06-27T08:00:00Z,OPUSDT,0.00007958
2025-06-27T16:00:00Z,OPUSDT,-0.00004238
2025-06-28T00:00:00Z,OPUSDT,0.00008699
2025-06-28T08:00:00Z,OPUSDT,0.00003774
2025-06-28T16:00:00Z,OPUSDT,-0.00000957
2025-06-29T00:00:00Z,OPUSDT,0.00006199
2025-06-29T08:00:00Z,OPUSDT,0.00004091
2025-06-29T16:00:00Z,OPUSDT,0.00005121
2025-06-30T00:00:00Z,OPUSDT,0.0001
2025-06-30T08:00:00Z,OPUSDT,0.00002774
2025-06-30T16:00:00Z,OPUSDT,0.00002653
2025-07-01T00:00:00Z,OPUSDT,0.00000593
2025-07-01T08:00:00Z,OPUSDT,-0.00007653
2025-07-01T16:00:00Z,OPUSDT,-0.00010199
2025-07-02T00:00:00Z,OPUSDT,-0.00005209
2025-07-02T08:00:00Z,OPUSDT,0.00001641
2025-07-02T16:00:00Z,OPUSDT,0.00006198
2025-07-03T00:00:00Z,OPUSDT,0.0001
2025-07-03T08:00:00Z,OPUSDT,0.0001
2025-07-03T16:00:00Z,OPUSDT,0.0001
2025-07-04T00:00:00Z,OPUSDT,0.0001
2025-07-04T08:00:00Z,OPUSDT,0.0001
2025-07-04T16:00:00Z,OPUSDT,-0.00000552
2025-07-05T00:00:00Z,OPUSDT,-0.00004106
2025-07-05T08:00:00Z,OPUSDT,-0.00003719
2025-07-05T16:00:00Z,OPUSDT,-0.00001062
2025-07-06T00:00:00Z,OPUSDT,0.0000446
2025-07-06T08:00:00Z,OPUSDT,-0.00002092
2025-07-06T16:00:00Z,OPUSDT,0.00001774
2025-07-07T00:00:00Z,OPUSDT,0.00004493
2025-07-07T08:00:00Z,OPUSDT,0.0001
2025-07-07T16:00:00Z,OPUSDT,0.0001
2025-07-08T00:00:00Z,OPUSDT,0.0001
2025-07-08T08:00:00Z,OPUSDT,0.00002321
2025-07-08T16:00:00Z,OPUSDT,-0.00004302
2025-07-09T00:00:00Z,OPUSDT,0.0001
2025-07-09T08:00:00Z,OPUSDT,0.00007173
2025-07-09T16:00:00Z,OPUSDT,0.00009345
2025-07-10T00:00:00Z,OPUSDT,0.0001
2025-07-10T08:00:00Z,OPUSDT,0.0001
2025-07-10T16:00:00Z,OPUSDT,0.0001
2025-07-11T00:00:00Z,OPUSDT,0.0001
2025-07-11T08:00:00Z,OPUSDT,0.0001
2025-07-11T16:00:00Z,OPUSDT,0.0001
2025-07-12T00:00:00Z,OPUSDT,0.0001
2025-07-12T08:00:00Z,OPUSDT,0.0001
2025-07-12T16:00:00Z,OPUSDT,0.0001
2025-07-13T00:00:00Z,OPUSDT,0.0001
2025-07-13T08:00:00Z,OPUSDT,0.00006721
2025-07-13T16:00:00Z,OPUSDT,0.0001
2025-07-14T00:00:00Z,OPUSDT,-0.00000533
2025-07-14T08:00:00Z,OPUSDT,0.0001
2025-07-14T16:00:00Z,OPUSDT,0.0001
2025-07-15T00:00:00Z,OPUSDT,0.0001
2025-07-15T08:00:00Z,OPUSDT,0.0001
2025-07-15T16:00:00Z,OPUSDT,0.0001
2025-07-16T00:00:00Z,OPUSDT,0.0001
2025-07-16T08:00:00Z,OPUSDT,0.0001
2025-07-16T16:00:00Z,OPUSDT,0.0001
2025-07-17T00:00:00Z,OPUSDT,0.0001
2025-07-17T08:00:00Z,OPUSDT,0.0001
2025-07-17T16:00:00Z,OPUSDT,0.0001
2025-07-18T00:00:00Z,OPUSDT,0.0001
2025-07-18T08:00:00Z,OPUSDT,0.0001
2025-07-18T16:00:00Z,OPUSDT,0.0001
2025-07-19T00:00:00Z,OPUSDT,0.0001
2025-07-19T08:00:00Z,OPUSDT,0.0001
2025-07-19T16:00:00Z,OPUSDT,0.0001
2025-07-20T00:00:00Z,OPUSDT,0.0001
2025-07-20T08:00:00Z,OPUSDT,0.0001
2025-07-20T16:00:00Z,OPUSDT,0.0001
2025-07-21T00:00:00Z,OPUSDT,0.0001
2025-07-21T08:00:00Z,OPUSDT,0.0001
2025-07-21T16:00:00Z,OPUSDT,0.0001
2025-07-22T00:00:00Z,OPUSDT,0.0001
2025-07-22T08:00:00Z,OPUSDT,0.0001
2025-07-22T16:00:00Z,OPUSDT,0.0001
2025-07-23T00:00:00Z,OPUSDT,0.0001
2025-07-23T08:00:00Z,OPUSDT,0.0001
2025-07-23T16:00:00Z,OPUSDT,0.0001
2025-07-24T00:00:00Z,OPUSDT,0.0001
2025-07-24T08:00:00Z,OPUSDT,0.0001
2025-07-24T16:00:00Z,OPUSDT,0.0001
2025-07-25T00:00:00Z,OPUSDT,0.0001
2025-07-25T08:00:00Z,OPUSDT,0.0001
2025-07-25T16:00:00Z,OPUSDT,0.0001
2025-07-26T00:00:00Z,OPUSDT,0.0001
2025-07-26T08:00:00Z,OPUSDT,0.0001
2025-07-26T16:00:00Z,OPUSDT,0.0001
2025-07-27T00:00:00Z,OPUSDT,0.0001
2025-07-27T08:00:00Z,OPUSDT,0.0001
2025-07-27T16:00:00Z,OPUSDT,0.0001
2025-07-28T00:00:00Z,OPUSDT,0.0001
2025-07-28T08:00:00Z,OPUSDT,-0.00004058
2025-07-28T16:00:00Z,OPUSDT,0.0001
2025-07-29T00:00:00Z,OPUSDT,0.000045
2025-07-29T08:00:00Z,OPUSDT,-0.00001786
2025-07-29T16:00:00Z,OPUSDT,0.0001
2025-07-30T00:00:00Z,OPUSDT,0.0001
2025-07-30T08:00:00Z,OPUSDT,0.00007612
2025-07-30T16:00:00Z,OPUSDT,0.00004756
2025-07-31T00:00:00Z,OPUSDT,-0.00005693
2025-07-31T08:00:00Z,OPUSDT,-0.00018863
2025-07-31T16:00:00Z,OPUSDT,0.00005604
2025-08-01T00:00:00Z,OPUSDT,-0.00000512
2025-08-01T08:00:00Z,OPUSDT,-0.00000647
2025-08-01T16:00:00Z,OPUSDT,-0.00003592
2025-08-02T00:00:00Z,OPUSDT,-0.00005409
2025-08-02T08:00:00Z,OPUSDT,0.00000242
2025-08-02T16:00:00Z,OPUSDT,0.00002704
2025-08-03T00:00:00Z,OPUSDT,0.00009271
2025-08-03T08:00:00Z,OPUSDT,0.00001455
2025-08-03T16:00:00Z,OPUSDT,0.0001
2025-08-04T00:00:00Z,OPUSDT,0.00004158
2025-08-04T08:00:00Z,OPUSDT,0.0001
2025-08-04T16:00:00Z,OPUSDT,-0.00005208
2025-08-05T00:00:00Z,OPUSDT,0.0001
2025-08-05T08:00:00Z,OPUSDT,0.0001
2025-08-05T16:00:00Z,OPUSDT,0.0001
2025-08-06T00:00:00Z,OPUSDT,0.0001
2025-08-06T08:00:00Z,OPUSDT,-0.00004118
2025-08-06T16:00:00Z,OPUSDT,0.00004904
2025-08-07T00:00:00Z,OPUSDT,0.00007089
2025-08-07T08:00:00Z,OPUSDT,0.0001
2025-08-07T16:00:00Z,OPUSDT,0.0001
2025-08-08T00:00:00Z,OPUSDT,0.0001
2025-08-08T08:00:00Z,OPUSDT,0.0001
2025-08-08T16:00:00Z,OPUSDT,0.0001
2025-08-09T00:00:00Z,OPUSDT,0.0001
2025-08-09T08:00:00Z,OPUSDT,0.0001
2025-08-09T16:00:00Z,OPUSDT,0.0001
2025-08-10T00:00:00Z,OPUSDT,0.0001
2025-08-10T08:00:00Z,OPUSDT,0.0001
2025-08-10T16:00:00Z,OPUSDT,0.0001
2025-08-11T00:00:00Z,OPUSDT,0.0001
2025-08-11T08:00:00Z,OPUSDT,0.0001
2025-08-11T16:00:00Z,OPUSDT,0.0001
2025-08-12T00:00:00Z,OPUSDT,0.0001
2025-08-12T08:00:00Z,OPUSDT,0.0001
2025-08-12T16:00:00Z,OPUSDT,-0.00000051
2025-08-13T00:00:00Z,OPUSDT,0.0001
2025-08-13T08:00:00Z,OPUSDT,0.0001
2025-08-13T16:00:00Z,OPUSDT,0.0001
2025-08-14T00:00:00Z,OPUSDT,0.0001
2025-08-14T08:00:00Z,OPUSDT,0.0001
2025-08-14T16:00:00Z,OPUSDT,0.0001
2025-08-15T00:00:00Z,OPUSDT,-0.0000416
2025-08-15T08:00:00Z,OPUSDT,-0.00004847
2025-08-15T16:00:00Z,OPUSDT,0.00005095
2025-08-16T00:00:00Z,OPUSDT,0.0000091
2025-08-16T08:00:00Z,OPUSDT,0.00005603
2025-08-16T16:00:00Z,OPUSDT,0.00005015
2025-08-17T00:00:00Z,OPUSDT,0.0001
2025-08-17T08:00:00Z,OPUSDT,0.0001
2025-08-17T16:00:00Z,OPUSDT,0.0001
2025-08-18T00:00:00Z,OPUSDT,0.0001
2025-08-18T08:00:00Z,OPUSDT,0.00007409
2025-08-18T16:00:00Z,OPUSDT,0.0001
2025-08-19T00:00:00Z,OPUSDT,0.0000282
2025-08-19T08:00:00Z,OPUSDT,-0.00000458
2025-08-19T16:00:00Z,OPUSDT,0.0000931
2025-08-20T00:00:00Z,OPUSDT,-0.00008069
2025-08-20T08:00:00Z,OPUSDT,-0.0000044
2025-08-20T16:00:00Z,OPUSDT,0.0001
2025-08-21T00:00:00Z,OPUSDT,0.0001
2025-08-21T08:00:00Z,OPUSDT,0.0001
2025-08-21T16:00:00Z,OPUSDT,0.0001
2025-08-22T00:00:00Z,OPUSDT,-0.00000783
2025-08-22T08:00:00Z,OPUSDT,0.00004107
2025-08-22T16:00:00Z,OPUSDT,0.00001882
2025-08-23T00:00:00Z,OPUSDT,0.0001
2025-08-23T08:00:00Z,OPUSDT,0.0001
2025-08-23T16:00:00Z,OPUSDT,0.0001
2025-08-24T00:00:00Z,OPUSDT,0.0001
2025-08-24T08:00:00Z,OPUSDT,0.0001
2025-08-24T16:00:00Z,OPUSDT,0.0001
2025-08-25T00:00:00Z,OPUSDT,0.0001
2025-08-25T08:00:00Z,OPUSDT,0.0001
2025-08-25T16:00:00Z,OPUSDT,0.0001
2025-08-26T00:00:00Z,OPUSDT,-0.00006574
2025-08-26T08:00:00Z,OPUSDT,-0.00000526
2025-08-26T16:00:00Z,OPUSDT,0.00003639
2025-08-27T00:00:00Z,OPUSDT,0.00006883
2025-08-27T08:00:00Z,OPUSDT,-0.00000855
2025-08-27T16:00:00Z,OPUSDT,-0.0000451
2025-08-28T00:00:00Z,OPUSDT,0.0001
2025-08-28T08:00:00Z,OPUSDT,0.00002477
2025-08-28T16:00:00Z,OPUSDT,0.0001
2025-08-29T00:00:00Z,OPUSDT,0.0001
2025-08-29T08:00:00Z,OPUSDT,0.0001
2025-08-29T16:00:00Z,OPUSDT,-0.00017022
2025-08-30T00:00:00Z,OPUSDT,-0.00003998
2025-08-30T08:00:00Z,OPUSDT,0.0001
2025-08-30T16:00:00Z,OPUSDT,0.0001
2025-08-31T00:00:00Z,OPUSDT,0.00006598
2025-08-31T08:00:00Z,OPUSDT,0.0001
2025-08-31T16:00:00Z,OPUSDT,0.0001
2025-09-01T00:00:00Z,OPUSDT,0.0001
2025-09-01T08:00:00Z,OPUSDT,-0.00007969
2025-09-01T16:00:00Z,OPUSDT,0.0001
2025-09-02T00:00:00Z,OPUSDT,0.00001427
2025-09-02T08:00:00Z,OPUSDT,0.00005067
2025-09-02T16:00:00Z,OPUSDT,0.0001
2025-09-03T00:00:00Z,OPUSDT,0.0001
2025-09-03T08:00:00Z,OPUSDT,0.0001
2025-09-03T16:00:00Z,OPUSDT,0.0001
2025-09-04T00:00:00Z,OPUSDT,0.0001
2025-09-04T08:00:00Z,OPUSDT,0.0001
2025-09-04T16:00:00Z,OPUSDT,0.0001
2025-09-05T00:00:00Z,OPUSDT,0.00002002
2025-09-05T08:00:00Z,OPUSDT,0.0001
2025-09-05T16:00:00Z,OPUSDT,0.0001
2025-09-06T00:00:00Z,OPUSDT,0.0001
2025-09-06T08:00:00Z,OPUSDT,0.0000896
2025-09-06T16:00:00Z,OPUSDT,0.0001
2025-09-07T00:00:00Z,OPUSDT,0.0001
2025-09-07T08:00:00Z,OPUSDT,0.0001
2025-09-07T16:00:00Z,OPUSDT,0.0001
2025-09-08T00:00:00Z,OPUSDT,0.0001
2025-09-08T08:00:00Z,OPUSDT,0.0001
2025-09-08T16:00:00Z,OPUSDT,0.0001
2025-09-09T00:00:00Z,OPUSDT,0.0001
2025-09-09T08:00:00Z,OPUSDT,0.0001
2025-09-09T16:00:00Z,OPUSDT,0.0001
2025-09-10T00:00:00Z,OPUSDT,0.0001
2025-09-10T08:00:00Z,OPUSDT,0.0001
2025-09-10T16:00:00Z,OPUSDT,0.0001
2025-09-11T00:00:00Z,OPUSDT,0.0001
2025-09-11T08:00:00Z,OPUSDT,0.0001
2025-09-11T16:00:00Z,OPUSDT,0.0001
2025-09-12T00:00:00Z,OPUSDT,0.0001
2025-09-12T08:00:00Z,OPUSDT,0.0001
2025-09-12T16:00:00Z,OPUSDT,0.0001
2025-09-13T00:00:00Z,OPUSDT,0.0001
2025-09-13T08:00:00Z,OPUSDT,0.0001
2025-09-13T16:00:00Z,OPUSDT,0.0001
2025-09-14T00:00:00Z,OPUSDT,0.0001
2025-09-14T08:00:00Z,OPUSDT,0.0001
2025-09-14T16:00:00Z,OPUSDT,0.0001
2025-09-15T00:00:00Z,OPUSDT,0.0001
2025-09-15T08:00:00Z,OPUSDT,0.0001
2025-09-15T16:00:00Z,OPUSDT,0.0000264
2025-09-16T00:00:00Z,OPUSDT,0.00006984
2025-09-16T08:00:00Z,OPUSDT,0.0001
2025-09-16T16:00:00Z,OPUSDT,0.0001
2025-09-17T00:00:00Z,OPUSDT,0.0001
2025-09-17T08:00:00Z,OPUSDT,0.0001
2025-09-17T16:00:00Z,OPUSDT,0.0001
2025-09-18T00:00:00Z,OPUSDT,0.0001
2025-09-18T08:00:00Z,OPUSDT,0.0001
2025-09-18T16:00:00Z,OPUSDT,0.0001
2025-09-19T00:00:00Z,OPUSDT,0.0001
2025-09-19T08:00:00Z,OPUSDT,0.0001
2025-09-19T16:00:00Z,OPUSDT,0.0001
2025-09-20T00:00:00Z,OPUSDT,0.0001
2025-09-20T08:00:00Z,OPUSDT,0.0001
2025-09-20T16:00:00Z,OPUSDT,0.0001
2025-09-21T00:00:00Z,OPUSDT,0.0001
2025-09-21T08:00:00Z,OPUSDT,0.0001
2025-09-21T16:00:00Z,OPUSDT,0.0001
2025-09-22T00:00:00Z,OPUSDT,0.0001
2025-09-22T08:00:00Z,OPUSDT,0.00002069
2025-09-22T16:00:00Z,OPUSDT,-0.00001312
2025-09-23T00:00:00Z,OPUSDT,-0.00002076
2025-09-23T08:00:00Z,OPUSDT,0.00000384
2025-09-23T16:00:00Z,OPUSDT,0.0000362
2025-09-24T00:00:00Z,OPUSDT,0.0001
2025-09-24T08:00:00Z,OPUSDT,0.0001
2025-09-24T16:00:00Z,OPUSDT,0.00008559
2025-09-25T00:00:00Z,OPUSDT,0.00004196
2025-09-25T08:00:00Z,OPUSDT,-0.00004984
2025-09-25T16:00:00Z,OPUSDT,-0.0000233
2025-09-26T00:00:00Z,OPUSDT,0.00007434
2025-09-26T08:00:00Z,OPUSDT,0.0001
2025-09-26T16:00:00Z,OPUSDT,0.00005682
2025-09-27T00:00:00Z,OPUSDT,0.0001
2025-09-27T08:00:00Z,OPUSDT,0.0001
2025-09-27T16:00:00Z,OPUSDT,0.00004366
2025-09-28T00:00:00Z,OPUSDT,0.0001
2025-09-28T08:00:00Z,OPUSDT,0.00005246
2025-09-28T16:00:00Z,OPUSDT,0.0000753
2025-09-29T00:00:00Z,OPUSDT,0.00001292
2025-09-29T08:00:00Z,OPUSDT,0.00007772
2025-09-29T16:00:00Z,OPUSDT,-0.00002661
2025-09-30T00:00:00Z,OPUSDT,0.00008383
2025-09-30T08:00:00Z,OPUSDT,0.00007574
2025-09-30T16:00:00Z,OPUSDT,0.00005271
2025-10-01T00:00:00Z,OPUSDT,0.0001
2025-10-01T08:00:00Z,OPUSDT,0.00003589
2025-10-01T16:00:00Z,OPUSDT,0.0001
2025-10-02T00:00:00Z,OPUSDT,0.0001
2025-10-02T08:00:00Z,OPUSDT,0.0001
2025-10-02T16:00:00Z,OPUSDT,0.0001
2025-10-03T00:00:00Z,OPUSDT,0.0001
2025-10-03T08:00:00Z,OPUSDT,0.0001
2025-10-03T16:00:00Z,OPUSDT,0.0001
2025-10-04T00:00:00Z,OPUSDT,0.0001
2025-10-04T08:00:00Z,OPUSDT,0.0001
2025-10-04T16:00:00Z,OPUSDT,0.0001
2025-10-05T00:00:00Z,OPUSDT,0.0001
2025-10-05T08:00:00Z,OPUSDT,0.0001
2025-10-05T16:00:00Z,OPUSDT,0.0001
2025-10-06T00:00:00Z,OPUSDT,0.0001
2025-10-06T08:00:00Z,OPUSDT,0.0001
2025-10-06T16:00:00Z,OPUSDT,0.0001
2025-10-07T00:00:00Z,OPUSDT,0.0001
2025-10-07T08:00:00Z,OPUSDT,0.0001
2025-10-07T16:00:00Z,OPUSDT,0.0001
2025-10-08T00:00:00Z,OPUSDT,0.0001
2025-10-08T08:00:00Z,OPUSDT,0.00009818
2025-10-08T16:00:00Z,OPUSDT,0.0001
2025-10-09T00:00:00Z,OPUSDT,0.0001
2025-10-09T08:00:00Z,OPUSDT,0.0001
2025-10-09T16:00:00Z,OPUSDT,0.000036
2025-10-10T00:00:00Z,OPUSDT,0.0001
2025-10-10T08:00:00Z,OPUSDT,0.0001
2025-10-10T16:00:00Z,OPUSDT,0.0001
2025-10-11T00:00:00Z,OPUSDT,-0.00138266
2025-10-11T08:00:00Z,OPUSDT,0.0001
2025-10-11T16:00:00Z,OPUSDT,0.0001
2025-10-12T00:00:00Z,OPUSDT,0.0001
2025-10-12T08:00:00Z,OPUSDT,0.0001
2025-10-12T16:00:00Z,OPUSDT,0.00004761
2025-10-13T00:00:00Z,OPUSDT,0.00008075
2025-10-13T08:00:00Z,OPUSDT,-0.00001419
2025-10-13T16:00:00Z,OPUSDT,-0.00003906
2025-10-14T00:00:00Z,OPUSDT,0.00000684
2025-10-14T08:00:00Z,OPUSDT,0.0000547
2025-10-14T16:00:00Z,OPUSDT,-0.00002704
2025-10-15T00:00:00Z,OPUSDT,0.0001
2025-10-15T08:00:00Z,OPUSDT,0.00004417
2025-10-15T16:00:00Z,OPUSDT,0.00000953
2025-10-16T00:00:00Z,OPUSDT,-0.00011414
2025-10-16T08:00:00Z,OPUSDT,0.00004287
2025-10-16T16:00:00Z,OPUSDT,0.00004512
2025-10-17T00:00:00Z,OPUSDT,-0.00004787
2025-10-17T08:00:00Z,OPUSDT,-0.00011061
2025-10-17T16:00:00Z,OPUSDT,-0.00001013
2025-10-18T00:00:00Z,OPUSDT,0.00002462
2025-10-18T08:00:00Z,OPUSDT,0.0001
2025-10-18T16:00:00Z,OPUSDT,-0.00003717
2025-10-19T00:00:00Z,OPUSDT,-0.00002243
2025-10-19T08:00:00Z,OPUSDT,0.0001
2025-10-19T16:00:00Z,OPUSDT,0.00000837
2025-10-20T00:00:00Z,OPUSDT,0.00007775
2025-10-20T08:00:00Z,OPUSDT,0.00002737
2025-10-20T16:00:00Z,OPUSDT,0.00007466
2025-10-21T00:00:00Z,OPUSDT,0.00007268
2025-10-21T08:00:00Z,OPUSDT,-0.00014145
2025-10-21T16:00:00Z,OPUSDT,-0.00003023
2025-10-22T00:00:00Z,OPUSDT,-0.00018008
2025-10-22T08:00:00Z,OPUSDT,-0.00013823
2025-10-22T16:00:00Z,OPUSDT,0.00005328
2025-10-23T00:00:00Z,OPUSDT,-0.00001076
2025-10-23T08:00:00Z,OPUSDT,0.00001868
2025-10-23T16:00:00Z,OPUSDT,0.0001
2025-10-24T00:00:00Z,OPUSDT,0.0001
2025-10-24T08:00:00Z,OPUSDT,0.0001
2025-10-24T16:00:00Z,OPUSDT,0.0001
2025-10-25T00:00:00Z,OPUSDT,0.0001
2025-10-25T08:00:00Z,OPUSDT,-0.00003146
2025-10-25T16:00:00Z,OPUSDT,0.00008171
2025-10-26T00:00:00Z,OPUSDT,0.0001
2025-10-26T08:00:00Z,OPUSDT,0.0001
2025-10-26T16:00:00Z,OPUSDT,0.0001
2025-10-27T00:00:00Z,OPUSDT,0.0001
2025-10-27T08:00:00Z,OPUSDT,0.0001
2025-10-27T16:00:00Z,OPUSDT,0.00003588
2025-10-28T00:00:00Z,OPUSDT,0.0001
2025-10-28T08:00:00Z,OPUSDT,0.00000625
2025-10-28T16:00:00Z,OPUSDT,0.00006603
2025-10-29T00:00:00Z,OPUSDT,-0.00002947
2025-10-29T08:00:00Z,OPUSDT,-0.00006788
2025-10-29T16:00:00Z,OPUSDT,0.0001
2025-10-30T00:00:00Z,OPUSDT,0.0001
2025-10-30T08:00:00Z,OPUSDT,0.00003081
2025-10-30T16:00:00Z,OPUSDT,-0.00021697
2025-10-31T00:00:00Z,OPUSDT,-0.00010948
2025-10-31T08:00:00Z,OPUSDT,-0.00004629
2025-10-31T16:00:00Z,OPUSDT,0.00000405
2025-11-01T00:00:00Z,OPUSDT,0.00009554
2025-11-01T08:00:00Z,OPUSDT,0.0001
2025-11-01T16:00:00Z,OPUSDT,0.00004743
2025-11-02T00:00:00Z,OPUSDT,-0.0000796
2025-11-02T08:00:00Z,OPUSDT,-0.00012525
2025-11-02T16:00:00Z,OPUSDT,-0.00025955
2025-11-03T00:00:00Z,OPUSDT,-0.00000962
2025-11-03T08:00:00Z,OPUSDT,-0.00011092
2025-11-03T16:00:00Z,OPUSDT,-0.00011034
2025-11-04T00:00:00Z,OPUSDT,-0.00016773
2025-11-04T08:00:00Z,OPUSDT,0.00008519
2025-11-04T16:00:00Z,OPUSDT,0.00001301
2025-11-05T00:00:00Z,OPUSDT,0.0001
2025-11-05T08:00:00Z,OPUSDT,0.0001
2025-11-05T16:00:00Z,OPUSDT,-0.00000878
2025-11-06T00:00:00Z,OPUSDT,0.000031
2025-11-06T08:00:00Z,OPUSDT,0.00007094
2025-11-06T16:00:00Z,OPUSDT,-0.00002772
2025-11-07T00:00:00Z,OPUSDT,0.00006581
2025-11-07T08:00:00Z,OPUSDT,0.0001
2025-11-07T16:00:00Z,OPUSDT,-0.00003105
2025-11-08T00:00:00Z,OPUSDT,0.00009488
2025-11-08T08:00:00Z,OPUSDT,-0.00000785
2025-11-08T16:00:00Z,OPUSDT,-0.0000617
2025-11-09T00:00:00Z,OPUSDT,0.00003078
2025-11-09T08:00:00Z,OPUSDT,-0.0000641
2025-11-09T16:00:00Z,OPUSDT,0.0001
2025-11-10T00:00:00Z,OPUSDT,0.0001
2025-11-10T08:00:00Z,OPUSDT,0.0001
2025-11-10T16:00:00Z,OPUSDT,0.0001
2025-11-11T00:00:00Z,OPUSDT,0.0001
2025-11-11T08:00:00Z,OPUSDT,-0.00008494
2025-11-11T16:00:00Z,OPUSDT,0.0001
2025-11-12T00:00:00Z,OPUSDT,0.0001
2025-11-12T08:00:00Z,OPUSDT,0.00006353
2025-11-12T16:00:00Z,OPUSDT,0.0001
2025-11-13T00:00:00Z,OPUSDT,0.00005046
2025-11-13T08:00:00Z,OPUSDT,0.0001
2025-11-13T16:00:00Z,OPUSDT,0.0001
2025-11-14T00:00:00Z,OPUSDT,-0.00009902
2025-11-14T08:00:00Z,OPUSDT,0.00001372
2025-11-14T16:00:00Z,OPUSDT,0.00009742
2025-11-15T00:00:00Z,OPUSDT,-0.00000897
2025-11-15T08:00:00Z,OPUSDT,0.0001
2025-11-15T16:00:00Z,OPUSDT,-0.00003338
2025-11-16T00:00:00Z,OPUSDT,-0.00008248
2025-11-16T08:00:00Z,OPUSDT,-0.00006897
2025-11-16T16:00:00Z,OPUSDT,-0.00008118
2025-11-17T00:00:00Z,OPUSDT,0.0001
2025-11-17T08:00:00Z,OPUSDT,0.0001
2025-11-17T16:00:00Z,OPUSDT,0.00005935
2025-11-18T00:00:00Z,OPUSDT,-0.00005243
2025-11-18T08:00:00Z,OPUSDT,0.0001
2025-11-18T16:00:00Z,OPUSDT,0.00007483
2025-11-19T00:00:00Z,OPUSDT,0.0001
2025-11-19T08:00:00Z,OPUSDT,-0.00001076
2025-11-19T16:00:00Z,OPUSDT,0.00005226
2025-11-20T00:00:00Z,OPUSDT,0.00001372
2025-11-20T08:00:00Z,OPUSDT,0.0001
2025-11-20T16:00:00Z,OPUSDT,0.0001
2025-11-21T00:00:00Z,OPUSDT,-0.00015394
2025-11-21T08:00:00Z,OPUSDT,0.00006174
2025-11-21T16:00:00Z,OPUSDT,-0.0000552
2025-11-22T00:00:00Z,OPUSDT,-0.00011371
2025-11-22T08:00:00Z,OPUSDT,0.00008681
2025-11-22T16:00:00Z,OPUSDT,-0.0000465
2025-11-23T00:00:00Z,OPUSDT,0.00009561
2025-11-23T08:00:00Z,OPUSDT,0.0001
2025-11-23T16:00:00Z,OPUSDT,-0.00004945
2025-11-24T00:00:00Z,OPUSDT,0.00000852
2025-11-24T08:00:00Z,OPUSDT,0.00006885
2025-11-24T16:00:00Z,OPUSDT,0.00006536
2025-11-25T00:00:00Z,OPUSDT,0.0001
2025-11-25T08:00:00Z,OPUSDT,0.0001
2025-11-25T16:00:00Z,OPUSDT,0.0001
2025-11-26T00:00:00Z,OPUSDT,0.0001
2025-11-26T08:00:00Z,OPUSDT,0.0001
2025-11-26T16:00:00Z,OPUSDT,0.00008863
2025-11-27T00:00:00Z,OPUSDT,0.0001
2025-11-27T08:00:00Z,OPUSDT,0.00008828
2025-11-27T16:00:00Z,OPUSDT,0.00001085
2025-11-28T00:00:00Z,OPUSDT,-0.0000823
2025-11-28T08:00:00Z,OPUSDT,-0.00004846
2025-11-28T16:00:00Z,OPUSDT,-0.00000188
2025-11-29T00:00:00Z,OPUSDT,0.00002309
2025-11-29T08:00:00Z,OPUSDT,-0.00008861
2025-11-29T16:00:00Z,OPUSDT,-0.00007167
2025-11-30T00:00:00Z,OPUSDT,0.00008866
2025-11-30T08:00:00Z,OPUSDT,0.00004241
2025-11-30T16:00:00Z,OPUSDT,-0.00010838
2025-12-01T00:00:00Z,OPUSDT,-0.00003059
2025-12-01T08:00:00Z,OPUSDT,0.00001963
2025-12-01T16:00:00Z,OPUSDT,-0.00014342
2025-12-02T00:00:00Z,OPUSDT,0.0000136
2025-12-02T08:00:00Z,OPUSDT,-0.00009409
2025-12-02T16:00:00Z,OPUSDT,0.00005819
2025-12-03T00:00:00Z,OPUSDT,0.0001
2025-12-03T08:00:00Z,OPUSDT,0.0001
2025-12-03T16:00:00Z,OPUSDT,0.0001
2025-12-04T00:00:00Z,OPUSDT,0.0001
2025-12-04T08:00:00Z,OPUSDT,0.0001
2025-12-04T16:00:00Z,OPUSDT,0.0001
2025-12-05T00:00:00Z,OPUSDT,0.0001
2025-12-05T08:00:00Z,OPUSDT,0.0001
2025-12-05T16:00:00Z,OPUSDT,0.00005767
2025-12-06T00:00:00Z,OPUSDT,-0.00005657
2025-12-06T08:00:00Z,OPUSDT,0.00000025
2025-12-06T16:00:00Z,OPUSDT,0.00004927
2025-12-07T00:00:00Z,OPUSDT,0.0001
2025-12-07T08:00:00Z,OPUSDT,0.00008275
2025-12-07T16:00:00Z,OPUSDT,-0.00005078
2025-12-08T00:00:00Z,OPUSDT,-0.00007613
2025-12-08T08:00:00Z,OPUSDT,0.00009181
2025-12-08T16:00:00Z,OPUSDT,0.0001
2025-12-09T00:00:00Z,OPUSDT,0.0001
2025-12-09T08:00:00Z,OPUSDT,0.00009195
2025-12-09T16:00:00Z,OPUSDT,0.0001
2025-12-10T00:00:00Z,OPUSDT,0.0001
2025-12-10T08:00:00Z,OPUSDT,-0.00004352
2025-12-10T16:00:00Z,OPUSDT,0.0001
2025-12-11T00:00:00Z,OPUSDT,0.00004559
2025-12-11T08:00:00Z,OPUSDT,-0.00012495
2025-12-11T16:00:00Z,OPUSDT,0.00006508
2025-12-12T00:00:00Z,OPUSDT,0.00008351
2025-12-12T08:00:00Z,OPUSDT,0.0001
2025-12-12T16:00:00Z,OPUSDT,0.00008413
2025-12-13T00:00:00Z,OPUSDT,-0.0000015
2025-12-13T08:00:00Z,OPUSDT,0.00009215
2025-12-13T16:00:00Z,OPUSDT,0.0000725
2025-12-14T00:00:00Z,OPUSDT,-0.00007274
2025-12-14T08:00:00Z,OPUSDT,0.00002845
2025-12-14T16:00:00Z,OPUSDT,-0.00006844
2025-12-15T00:00:00Z,OPUSDT,0.00007757
2025-12-15T08:00:00Z,OPUSDT,0.0000975
2025-12-15T16:00:00Z,OPUSDT,0.0001
2025-12-16T00:00:00Z,OPUSDT,-0.00012673
2025-12-16T08:00:00Z,OPUSDT,0.00004135
2025-12-16T16:00:00Z,OPUSDT,-0.00005419
2025-12-17T00:00:00Z,OPUSDT,-0.00002861
2025-12-17T08:00:00Z,OPUSDT,0.0001
2025-12-17T16:00:00Z,OPUSDT,-0.00000389
2025-12-18T00:00:00Z,OPUSDT,-0.00008769
2025-12-18T08:00:00Z,OPUSDT,0.0001
2025-12-18T16:00:00Z,OPUSDT,0.00009373
2025-12-19T00:00:00Z,OPUSDT,-0.00001279
2025-12-19T08:00:00Z,OPUSDT,-0.00002182
2025-12-19T16:00:00Z,OPUSDT,-0.00006227
2025-12-20T00:00:00Z,OPUSDT,0.0001
2025-12-20T08:00:00Z,OPUSDT,0.0001
2025-12-20T16:00:00Z,OPUSDT,0.0001
2025-12-21T00:00:00Z,OPUSDT,-0.0000834
2025-12-21T08:00:00Z,OPUSDT,0.00001026
2025-12-21T16:00:00Z,OPUSDT,-0.00012694
2025-12-22T00:00:00Z,OPUSDT,-0.00008221
2025-12-22T08:00:00Z,OPUSDT,0.0001
2025-12-22T16:00:00Z,OPUSDT,0.00003385
2025-12-23T00:00:00Z,OPUSDT,0.0001
2025-12-23T08:00:00Z,OPUSDT,0.0000014
2025-12-23T16:00:00Z,OPUSDT,0.0001
2025-12-24T00:00:00Z,OPUSDT,-0.00009629
2025-12-24T08:00:00Z,OPUSDT,0.00000072
2025-12-24T16:00:00Z,OPUSDT,0.0001
2025-12-25T00:00:00Z,OPUSDT,0.00007799
2025-12-25T08:00:00Z,OPUSDT,0.0001
2025-12-25T16:00:00Z,OPUSDT,0.00003787
2025-12-26T00:00:00Z,OPUSDT,0.00002087
2025-12-26T08:00:00Z,OPUSDT,0.0001
2025-12-26T16:00:00Z,OPUSDT,0.00001791
2025-12-27T00:00:00Z,OPUSDT,0.0000566
2025-12-27T08:00:00Z,OPUSDT,0.00000147
2025-12-27T16:00:00Z,OPUSDT,-0.00002113
2025-12-28T00:00:00Z,OPUSDT,0.0001
2025-12-28T08:00:00Z,OPUSDT,0.0001
2025-12-28T16:00:00Z,OPUSDT,0.00000769
2025-12-29T00:00:00Z,OPUSDT,0.00001061
2025-12-29T08:00:00Z,OPUSDT,0.0000915
2025-12-29T16:00:00Z,OPUSDT,0.00004978
2025-12-30T00:00:00Z,OPUSDT,0.0001
2025-12-30T08:00:00Z,OPUSDT,0.0001
2025-12-30T16:00:00Z,OPUSDT,0.0001
2025-12-31T00:00:00Z,OPUSDT,0.00007197
2025-12-31T08:00:00Z,OPUSDT,0.00005893
2025-12-31T16:00:00Z,OPUSDT,0.0001
2026-01-01T00:00:00Z,OPUSDT,0.0001
2026-01-01T08:00:00Z,OPUSDT,0.0001
2026-01-01T16:00:00Z,OPUSDT,0.00000928
2026-01-02T00:00:00Z,OPUSDT,0.0001
2026-01-02T08:00:00Z,OPUSDT,0.00009697
2026-01-02T16:00:00Z,OPUSDT,0.00002311
2026-01-03T00:00:00Z,OPUSDT,0.0001
2026-01-03T08:00:00Z,OPUSDT,0.00002195
2026-01-03T16:00:00Z,OPUSDT,-0.0000074
2026-01-04T00:00:00Z,OPUSDT,0.00006526
2026-01-04T08:00:00Z,OPUSDT,-0.00001097
2026-01-04T16:00:00Z,OPUSDT,-0.00007698
2026-01-05T00:00:00Z,OPUSDT,0.00009729
2026-01-05T08:00:00Z,OPUSDT,0.0001
2026-01-05T16:00:00Z,OPUSDT,0.0001
2026-01-06T00:00:00Z,OPUSDT,0.0001
2026-01-06T08:00:00Z,OPUSDT,0.0001
2026-01-06T16:00:00Z,OPUSDT,0.0001
2026-01-07T00:00:00Z,OPUSDT,0.0001
2026-01-07T08:00:00Z,OPUSDT,0.00007543
2026-01-07T16:00:00Z,OPUSDT,-0.00001013
2026-01-08T00:00:00Z,OPUSDT,0.00005351
2026-01-08T08:00:00Z,OPUSDT,0.0001
2026-01-08T16:00:00Z,OPUSDT,0.0001
2026-01-09T00:00:00Z,OPUSDT,0.00002432
2026-01-09T08:00:00Z,OPUSDT,-0.00000752
2026-01-09T16:00:00Z,OPUSDT,-0.00012925
2026-01-10T00:00:00Z,OPUSDT,-0.00010426
2026-01-10T08:00:00Z,OPUSDT,0.000077
2026-01-10T16:00:00Z,OPUSDT,-0.00001741
2026-01-11T00:00:00Z,OPUSDT,-0.00007335
2026-01-11T08:00:00Z,OPUSDT,0.0001
2026-01-11T16:00:00Z,OPUSDT,0.0001
2026-01-12T00:00:00Z,OPUSDT,0.00007447
2026-01-12T08:00:00Z,OPUSDT,-0.00000176
2026-01-12T16:00:00Z,OPUSDT,-0.00001501
2026-01-13T00:00:00Z,OPUSDT,0.00002975
2026-01-13T08:00:00Z,OPUSDT,0.0001
2026-01-13T16:00:00Z,OPUSDT,0.0001
2026-01-14T00:00:00Z,OPUSDT,0.0001
2026-01-14T08:00:00Z,OPUSDT,0.00002415
2026-01-14T16:00:00Z,OPUSDT,-0.00012083
2026-01-15T00:00:00Z,OPUSDT,0.0001
2026-01-15T08:00:00Z,OPUSDT,0.00005666
2026-01-15T16:00:00Z,OPUSDT,-0.00013777
2026-01-16T00:00:00Z,OPUSDT,0.0001
2026-01-16T08:00:00Z,OPUSDT,0.0001
2026-01-16T16:00:00Z,OPUSDT,0.0001
2026-01-17T00:00:00Z,OPUSDT,0.0001
2026-01-17T08:00:00Z,OPUSDT,0.00006403
2026-01-17T16:00:00Z,OPUSDT,0.0000966
2026-01-18T00:00:00Z,OPUSDT,0.00008759
2026-01-18T08:00:00Z,OPUSDT,0.0001
2026-01-18T16:00:00Z,OPUSDT,0.000051
2026-01-19T00:00:00Z,OPUSDT,-0.00005998
2026-01-19T08:00:00Z,OPUSDT,-0.0000907
2026-01-19T16:00:00Z,OPUSDT,-0.00006964
2026-01-20T00:00:00Z,OPUSDT,0.0001
2026-01-20T08:00:00Z,OPUSDT,0.00000343
2026-01-20T16:00:00Z,OPUSDT,-0.00002502
2026-01-21T00:00:00Z,OPUSDT,0.00008436
2026-01-21T08:00:00Z,OPUSDT,-0.00005423
2026-01-21T16:00:00Z,OPUSDT,0.0001
2026-01-22T00:00:00Z,OPUSDT,-0.00011921
2026-01-22T08:00:00Z,OPUSDT,0.00007251
2026-01-22T16:00:00Z,OPUSDT,-0.00007029
2026-01-23T00:00:00Z,OPUSDT,0.00008822
2026-01-23T08:00:00Z,OPUSDT,0.0001
2026-01-23T16:00:00Z,OPUSDT,0.00004946
2026-01-24T00:00:00Z,OPUSDT,0.00002856
2026-01-24T08:00:00Z,OPUSDT,0.0001
2026-01-24T16:00:00Z,OPUSDT,0.0001
2026-01-25T00:00:00Z,OPUSDT,0.0001
2026-01-25T08:00:00Z,OPUSDT,0.00005703
2026-01-25T16:00:00Z,OPUSDT,0.00001527
2026-01-26T00:00:00Z,OPUSDT,-0.00013161
2026-01-26T08:00:00Z,OPUSDT,0.0000774
2026-01-26T16:00:00Z,OPUSDT,0.0001
2026-01-27T00:00:00Z,OPUSDT,-0.00006175
2026-01-27T08:00:00Z,OPUSDT,-0.00013158
2026-01-27T16:00:00Z,OPUSDT,0.00003845
2026-01-28T00:00:00Z,OPUSDT,0.0000422
2026-01-28T08:00:00Z,OPUSDT,0.00007907
2026-01-28T16:00:00Z,OPUSDT,0.0001
2026-01-29T00:00:00Z,OPUSDT,0.0001
2026-01-29T08:00:00Z,OPUSDT,0.00002699
2026-01-29T16:00:00Z,OPUSDT,-0.00013646
2026-01-30T00:00:00Z,OPUSDT,0.0000233
2026-01-30T08:00:00Z,OPUSDT,0.0001
2026-01-30T16:00:00Z,OPUSDT,0.0001
2026-01-31T00:00:00Z,OPUSDT,0.00006634
2026-01-31T08:00:00Z,OPUSDT,-0.00004674
2026-01-31T16:00:00Z,OPUSDT,0.0001
2026-02-01T00:00:00Z,OPUSDT,-0.00000817
2026-02-01T08:00:00Z,OPUSDT,0.00007857
2026-02-01T16:00:00Z,OPUSDT,0.0001
2026-02-02T00:00:00Z,OPUSDT,0.00005334
2026-02-02T08:00:00Z,OPUSDT,0.00000183
2026-02-02T16:00:00Z,OPUSDT,0.00006042
2026-02-03T00:00:00Z,OPUSDT,-0.00002359
2026-02-03T08:00:00Z,OPUSDT,0.00004786
2026-02-03T16:00:00Z,OPUSDT,-0.00012611
2026-02-04T00:00:00Z,OPUSDT,0.00000124
2026-02-04T08:00:00Z,OPUSDT,0.0001
2026-02-04T16:00:00Z,OPUSDT,0.0001
2026-02-05T00:00:00Z,OPUSDT,0.00005748
2026-02-05T08:00:00Z,OPUSDT,0.00009489
2026-02-05T16:00:00Z,OPUSDT,0.00006627
2026-02-06T00:00:00Z,OPUSDT,0.00009556
2026-02-06T08:00:00Z,OPUSDT,0.00006121
2026-02-06T16:00:00Z,OPUSDT,-0.00008332
2026-02-07T00:00:00Z,OPUSDT,-0.00003417
2026-02-07T08:00:00Z,OPUSDT,0.00000811
2026-02-07T16:00:00Z,OPUSDT,0.00001962
2026-02-08T00:00:00Z,OPUSDT,0.0001
2026-02-08T08:00:00Z,OPUSDT,0.00009018
2026-02-08T16:00:00Z,OPUSDT,-0.00001994
2026-02-09T00:00:00Z,OPUSDT,0.0000297
2026-02-09T08:00:00Z,OPUSDT,-0.00004275
2026-02-09T16:00:00Z,OPUSDT,-0.00007857
2026-02-10T00:00:00Z,OPUSDT,0.0001
2026-02-10T08:00:00Z,OPUSDT,-0.00018238
2026-02-10T16:00:00Z,OPUSDT,0.00005194
2026-02-11T00:00:00Z,OPUSDT,0.0001
2026-02-11T08:00:00Z,OPUSDT,-0.00000248
2026-02-11T16:00:00Z,OPUSDT,-0.00018657
2026-02-12T00:00:00Z,OPUSDT,0.000065
2026-02-12T08:00:00Z,OPUSDT,0.0001
2026-02-12T16:00:00Z,OPUSDT,-0.0001194
2026-02-13T00:00:00Z,OPUSDT,0.00009883
2026-02-13T08:00:00Z,OPUSDT,0.00009604
2026-02-13T16:00:00Z,OPUSDT,-0.00000457
2026-02-14T00:00:00Z,OPUSDT,0.00008733
2026-02-14T08:00:00Z,OPUSDT,-0.00005344
2026-02-14T16:00:00Z,OPUSDT,0.0001
2026-02-15T00:00:00Z,OPUSDT,-0.0000456
2026-02-15T08:00:00Z,OPUSDT,0.00009728
2026-02-15T16:00:00Z,OPUSDT,-0.00007093
2026-02-16T00:00:00Z,OPUSDT,0.00004105
2026-02-16T08:00:00Z,OPUSDT,-0.00010721
2026-02-16T16:00:00Z,OPUSDT,-0.00014559
2026-02-17T00:00:00Z,OPUSDT,0.00004901
2026-02-17T08:00:00Z,OPUSDT,0.0001
2026-02-17T16:00:00Z,OPUSDT,0.0001
2026-02-18T00:00:00Z,OPUSDT,-0.00003155
2026-02-18T08:00:00Z,OPUSDT,-0.00011699
2026-02-18T16:00:00Z,OPUSDT,-0.00000112
2026-02-19T00:00:00Z,OPUSDT,-0.00004716
2026-02-19T08:00:00Z,OPUSDT,-0.00088406
2026-02-19T16:00:00Z,OPUSDT,-0.00112559
2026-02-20T00:00:00Z,OPUSDT,-0.00254453
2026-02-20T08:00:00Z,OPUSDT,-0.0011553
2026-02-20T16:00:00Z,OPUSDT,-0.00069732
2026-02-21T00:00:00Z,OPUSDT,-0.00030386
2026-02-21T08:00:00Z,OPUSDT,-0.00006849
2026-02-21T16:00:00Z,OPUSDT,-0.00016584
2026-02-22T00:00:00Z,OPUSDT,-0.00024448
2026-02-22T08:00:00Z,OPUSDT,-0.00041984
2026-02-22T16:00:00Z,OPUSDT,-0.00002048
2026-02-23T00:00:00Z,OPUSDT,0.00005974
2026-02-23T08:00:00Z,OPUSDT,0.0001
2026-02-23T16:00:00Z,OPUSDT,-0.00009608
2026-02-24T00:00:00Z,OPUSDT,-0.00002996
2026-02-24T08:00:00Z,OPUSDT,-0.00010885
2026-02-24T16:00:00Z,OPUSDT,-0.00003864
2026-02-25T00:00:00Z,OPUSDT,0.00001314
2026-02-25T08:00:00Z,OPUSDT,-0.00017539
2026-02-25T16:00:00Z,OPUSDT,-0.00006162
2026-02-26T00:00:00Z,OPUSDT,0.0001
2026-02-26T08:00:00Z,OPUSDT,-0.00005124
2026-02-26T16:00:00Z,OPUSDT,-0.00009419
2026-02-27T00:00:00Z,OPUSDT,0.0001
2026-02-27T08:00:00Z,OPUSDT,-0.00004269
2026-02-27T16:00:00Z,OPUSDT,-0.00003085
2026-02-28T00:00:00Z,OPUSDT,0.00004248
2026-02-28T08:00:00Z,OPUSDT,-0.00025518
2026-02-28T16:00:00Z,OPUSDT,-0.00023654
2026-03-01T00:00:00Z,OPUSDT,0.0001
2026-03-01T08:00:00Z,OPUSDT,0.0001
2026-03-01T16:00:00Z,OPUSDT,0.00006478
2026-03-02T00:00:00Z,OPUSDT,0.0001
2026-03-02T08:00:00Z,OPUSDT,0.0001
2026-03-02T16:00:00Z,OPUSDT,0.0001
2026-03-03T00:00:00Z,OPUSDT,0.0001
2026-03-03T08:00:00Z,OPUSDT,0.0001
2026-03-03T16:00:00Z,OPUSDT,0.0001
2026-03-04T00:00:00Z,OPUSDT,0.0001
2026-03-04T08:00:00Z,OPUSDT,0.00003791
2026-03-04T16:00:00Z,OPUSDT,0.00008313
2026-03-05T00:00:00Z,OPUSDT,0.0001
2026-03-05T08:00:00Z,OPUSDT,0.00004436
2026-03-05T16:00:00Z,OPUSDT,-0.00003396
2026-03-06T00:00:00Z,OPUSDT,-0.00000516
2026-03-06T08:00:00Z,OPUSDT,0.0001
2026-03-06T16:00:00Z,OPUSDT,-0.00008505
2026-03-07T00:00:00Z,OPUSDT,-0.00020396
2026-03-07T08:00:00Z,OPUSDT,-0.00013655
2026-03-07T16:00:00Z,OPUSDT,0.00007803
2026-03-08T00:00:00Z,OPUSDT,-0.00005719
2026-03-08T08:00:00Z,OPUSDT,-0.00008186
2026-03-08T16:00:00Z,OPUSDT,-0.00030281
2026-03-09T00:00:00Z,OPUSDT,-0.00023107
2026-03-09T08:00:00Z,OPUSDT,-0.00010191
2026-03-09T16:00:00Z,OPUSDT,-0.00006406
2026-03-10T00:00:00Z,OPUSDT,-0.00027588
2026-03-10T08:00:00Z,OPUSDT,-0.0001292
2026-03-10T16:00:00Z,OPUSDT,0.0001
2026-03-11T00:00:00Z,OPUSDT,-0.00009322
2026-03-11T08:00:00Z,OPUSDT,-0.00006696
2026-03-11T16:00:00Z,OPUSDT,-0.00001932
2026-03-12T00:00:00Z,OPUSDT,0.0001
2026-03-12T08:00:00Z,OPUSDT,-0.00012257
2026-03-12T16:00:00Z,OPUSDT,-0.00020226
2026-03-13T00:00:00Z,OPUSDT,0.0001
2026-03-13T08:00:00Z,OPUSDT,0.0001
2026-03-13T16:00:00Z,OPUSDT,0.0001
2026-03-14T00:00:00Z,OPUSDT,0.0001
2026-03-14T08:00:00Z,OPUSDT,0.0001
2026-03-14T16:00:00Z,OPUSDT,0.0001
2026-03-15T00:00:00Z,OPUSDT,0.0001
2026-03-15T08:00:00Z,OPUSDT,0.0001
2026-03-15T16:00:00Z,OPUSDT,0.00007008
2026-03-16T00:00:00Z,OPUSDT,0.0001
2026-03-16T08:00:00Z,OPUSDT,0.0001
2026-03-16T16:00:00Z,OPUSDT,0.0001
2026-03-17T00:00:00Z,OPUSDT,0.0001
2026-03-17T08:00:00Z,OPUSDT,0.00003361
2026-03-17T16:00:00Z,OPUSDT,0.00001816
2026-03-18T00:00:00Z,OPUSDT,0.0001
2026-03-18T08:00:00Z,OPUSDT,0.00004222
2026-03-18T16:00:00Z,OPUSDT,0.00000183
2026-03-19T00:00:00Z,OPUSDT,-0.00007929
2026-03-19T08:00:00Z,OPUSDT,-0.00013432
2026-03-19T16:00:00Z,OPUSDT,-0.00013234
2026-03-20T00:00:00Z,OPUSDT,-0.00000844
2026-03-20T08:00:00Z,OPUSDT,0.00005176
2026-03-20T16:00:00Z,OPUSDT,-0.00011886
2026-03-21T00:00:00Z,OPUSDT,0.00000636
2026-03-21T08:00:00Z,OPUSDT,0.0000917
2026-03-21T16:00:00Z,OPUSDT,-0.00003589
2026-03-22T00:00:00Z,OPUSDT,0.00002368
2026-03-22T08:00:00Z,OPUSDT,-0.00001346
2026-03-22T16:00:00Z,OPUSDT,-0.00005599
2026-03-23T00:00:00Z,OPUSDT,0.00001688
2026-03-23T08:00:00Z,OPUSDT,-0.00014063
2026-03-23T16:00:00Z,OPUSDT,-0.00020567
2026-03-24T00:00:00Z,OPUSDT,-0.00005013
2026-03-24T08:00:00Z,OPUSDT,-0.00010103
2026-03-24T16:00:00Z,OPUSDT,0.00007767
2026-03-25T00:00:00Z,OPUSDT,-0.00011491
2026-03-25T08:00:00Z,OPUSDT,-0.00006961
2026-03-25T16:00:00Z,OPUSDT,0.0001
2026-03-26T00:00:00Z,OPUSDT,0.0001
2026-03-26T08:00:00Z,OPUSDT,-0.0001079
2026-03-26T16:00:00Z,OPUSDT,-0.00024905
2026-03-27T00:00:00Z,OPUSDT,0.00009902
2026-03-27T08:00:00Z,OPUSDT,0.0001
2026-03-27T16:00:00Z,OPUSDT,0.00002927
2026-03-28T00:00:00Z,OPUSDT,-0.00005908
2026-03-28T08:00:00Z,OPUSDT,0.0000408
2026-03-28T16:00:00Z,OPUSDT,0.0001
2026-03-29T00:00:00Z,OPUSDT,-0.00004067
2026-03-29T08:00:00Z,OPUSDT,-0.00006265
2026-03-29T16:00:00Z,OPUSDT,-0.0002643
2026-03-30T00:00:00Z,OPUSDT,-0.00015658
2026-03-30T08:00:00Z,OPUSDT,-0.00012437
2026-03-30T16:00:00Z,OPUSDT,0.0000696
2026-03-31T00:00:00Z,OPUSDT,-0.00001402
2026-03-31T08:00:00Z,OPUSDT,-0.00031957
2026-03-31T16:00:00Z,OPUSDT,-0.0000585
2026-04-01T00:00:00Z,OPUSDT,-0.00012821
2026-04-01T08:00:00Z,OPUSDT,0.0001
2026-04-01T16:00:00Z,OPUSDT,0.0001
2026-04-02T00:00:00Z,OPUSDT,0.0001
2026-04-02T08:00:00Z,OPUSDT,0.00003576
2026-04-02T16:00:00Z,OPUSDT,0.0001
2026-04-03T00:00:00Z,OPUSDT,0.0001
2026-04-03T08:00:00Z,OPUSDT,0.0001
2026-04-03T16:00:00Z,OPUSDT,0.0001
2026-04-04T00:00:00Z,OPUSDT,0.0001
2026-04-04T08:00:00Z,OPUSDT,0.00000839
2026-04-04T16:00:00Z,OPUSDT,0.00000008
2026-04-05T00:00:00Z,OPUSDT,-0.00004479
2026-04-05T08:00:00Z,OPUSDT,0.00006068
2026-04-05T16:00:00Z,OPUSDT,0.0001
2026-04-06T00:00:00Z,OPUSDT,0.0001
2026-04-06T08:00:00Z,OPUSDT,0.0001
2026-04-06T16:00:00Z,OPUSDT,0.0001
2026-04-07T00:00:00Z,OPUSDT,-0.00001958
2026-04-07T08:00:00Z,OPUSDT,-0.00025395
2026-04-07T16:00:00Z,OPUSDT,0.00009759
2026-04-08T00:00:00Z,OPUSDT,0.0001
2026-04-08T08:00:00Z,OPUSDT,0.0001
2026-04-08T16:00:00Z,OPUSDT,0.00008007
2026-04-09T00:00:00Z,OPUSDT,0.00008506
2026-04-09T08:00:00Z,OPUSDT,0.00002148
2026-04-09T16:00:00Z,OPUSDT,-0.00011806
2026-04-10T00:00:00Z,OPUSDT,0.0001
2026-04-10T08:00:00Z,OPUSDT,0.0001
2026-04-10T16:00:00Z,OPUSDT,0.0001
2026-04-11T00:00:00Z,OPUSDT,0.0001
2026-04-11T08:00:00Z,OPUSDT,-0.00008598
2026-04-11T16:00:00Z,OPUSDT,-0.00019121
2026-04-12T00:00:00Z,OPUSDT,0.0001
2026-04-12T08:00:00Z,OPUSDT,-0.00005222
2026-04-12T16:00:00Z,OPUSDT,0.00005736
2026-04-13T00:00:00Z,OPUSDT,0.00009967
2026-04-13T08:00:00Z,OPUSDT,-0.00019921
2026-04-13T16:00:00Z,OPUSDT,0.00007836
2026-04-14T00:00:00Z,OPUSDT,0.0001
2026-04-14T08:00:00Z,OPUSDT,0.0001
2026-04-14T16:00:00Z,OPUSDT,0.0001
2026-04-15T00:00:00Z,OPUSDT,-0.00011158
2026-04-15T08:00:00Z,OPUSDT,0.0001
2026-04-15T16:00:00Z,OPUSDT,0.0001
2026-04-16T00:00:00Z,OPUSDT,0.0001
2026-04-16T08:00:00Z,OPUSDT,-0.00000061
2026-04-16T16:00:00Z,OPUSDT,0.0001
2026-04-17T00:00:00Z,OPUSDT,0.0001
2026-04-17T08:00:00Z,OPUSDT,0.00006611
2026-04-17T16:00:00Z,OPUSDT,0.00004656
2026-04-18T00:00:00Z,OPUSDT,0.0001
2026-04-18T08:00:00Z,OPUSDT,0.0001
2026-04-18T16:00:00Z,OPUSDT,-0.00006725
2026-04-19T00:00:00Z,OPUSDT,0.00001067
2026-04-19T08:00:00Z,OPUSDT,0.0001
2026-04-19T16:00:00Z,OPUSDT,0.00004
2026-04-20T00:00:00Z,OPUSDT,0.00000536
2026-04-20T08:00:00Z,OPUSDT,-0.00000282
2026-04-20T16:00:00Z,OPUSDT,-0.00007936
2026-04-21T00:00:00Z,OPUSDT,-0.00003464
2026-04-21T08:00:00Z,OPUSDT,0.00005015
2026-04-21T16:00:00Z,OPUSDT,0.00003367
2026-04-22T00:00:00Z,OPUSDT,0.0001
2026-04-22T08:00:00Z,OPUSDT,0.00008704
2026-04-22T16:00:00Z,OPUSDT,-0.00004015
2026-04-23T00:00:00Z,OPUSDT,0.00005801
2026-04-23T08:00:00Z,OPUSDT,-0.00000955
2026-04-23T16:00:00Z,OPUSDT,0.0001
2026-04-24T00:00:00Z,OPUSDT,0.0001
2026-04-24T08:00:00Z,OPUSDT,0.0001
2026-04-24T16:00:00Z,OPUSDT,0.0001
2026-04-25T00:00:00Z,OPUSDT,0.00005904
2026-04-25T08:00:00Z,OPUSDT,0.00003694
2026-04-25T16:00:00Z,OPUSDT,-0.00013252
2026-04-26T00:00:00Z,OPUSDT,0.00007099
2026-04-26T08:00:00Z,OPUSDT,0.00007295
2026-04-26T16:00:00Z,OPUSDT,-0.00009016
2026-04-27T00:00:00Z,OPUSDT,-0.00007321
2026-04-27T08:00:00Z,OPUSDT,0.00001128
2026-04-27T16:00:00Z,OPUSDT,0.00002467
2026-04-28T00:00:00Z,OPUSDT,-0.00002846
2026-04-28T08:00:00Z,OPUSDT,0.00000196
2026-04-28T16:00:00Z,OPUSDT,0.00002678
2026-04-29T00:00:00Z,OPUSDT,-0.00012905
2026-04-29T08:00:00Z,OPUSDT,-0.00002772
2026-04-29T16:00:00Z,OPUSDT,-0.00016009
2026-04-30T00:00:00Z,OPUSDT,-0.00009055
2026-04-30T08:00:00Z,OPUSDT,-0.00007643
2026-04-30T16:00:00Z,OPUSDT,-0.00009316
2026-05-01T00:00:00Z,OPUSDT,-0.00015785
2026-05-01T08:00:00Z,OPUSDT,0.00000119
2026-05-01T16:00:00Z,OPUSDT,0.0001
2026-05-02T00:00:00Z,OPUSDT,-0.00008459
2026-05-02T08:00:00Z,OPUSDT,-0.00002934
2026-05-02T16:00:00Z,OPUSDT,0.0001
2026-05-03T00:00:00Z,OPUSDT,0.0001
2026-05-03T08:00:00Z,OPUSDT,-0.0001287
2026-05-03T16:00:00Z,OPUSDT,-0.00013728
2026-05-04T00:00:00Z,OPUSDT,-0.00005305
2026-05-04T08:00:00Z,OPUSDT,0.0001
2026-05-04T16:00:00Z,OPUSDT,0.0000097
2026-05-05T00:00:00Z,OPUSDT,0.0001
2026-05-05T08:00:00Z,OPUSDT,-0.00004807
2026-05-05T16:00:00Z,OPUSDT,0.0001
2026-05-06T00:00:00Z,OPUSDT,0.0001
2026-05-06T08:00:00Z,OPUSDT,0.0001
2026-05-06T16:00:00Z,OPUSDT,0.00007428
2026-05-07T00:00:00Z,OPUSDT,0.0001
2026-05-07T08:00:00Z,OPUSDT,0.0001
2026-05-07T16:00:00Z,OPUSDT,0.0001
2026-05-08T00:00:00Z,OPUSDT,0.00009474
2026-05-08T08:00:00Z,OPUSDT,0.0001
2026-05-08T16:00:00Z,OPUSDT,-0.00001237
2026-05-09T00:00:00Z,OPUSDT,0.0001
2026-05-09T08:00:00Z,OPUSDT,0.0001
2026-05-09T16:00:00Z,OPUSDT,0.0001
2026-05-10T00:00:00Z,OPUSDT,0.00002997
2026-05-10T08:00:00Z,OPUSDT,0.0001
2026-05-10T16:00:00Z,OPUSDT,-0.00002166
2026-05-11T00:00:00Z,OPUSDT,0.00000927
2026-05-11T08:00:00Z,OPUSDT,0.00000787
2026-05-11T16:00:00Z,OPUSDT,0.0001
2026-05-12T00:00:00Z,OPUSDT,0.0001
2026-05-12T08:00:00Z,OPUSDT,-0.00002147
2026-05-12T16:00:00Z,OPUSDT,-0.00008397
2026-05-13T00:00:00Z,OPUSDT,0.0000358
2026-05-13T08:00:00Z,OPUSDT,-0.00018861
2026-05-13T16:00:00Z,OPUSDT,-0.00000421
2026-05-14T00:00:00Z,OPUSDT,-0.00004
2026-05-14T08:00:00Z,OPUSDT,-0.00017706
2026-05-14T16:00:00Z,OPUSDT,0.0001
2026-05-15T00:00:00Z,OPUSDT,0.0001
2026-05-15T08:00:00Z,OPUSDT,0.00002242
2026-05-15T16:00:00Z,OPUSDT,0.0001
2026-05-16T00:00:00Z,OPUSDT,0.0001
2026-05-16T08:00:00Z,OPUSDT,0.00001203
2026-05-16T16:00:00Z,OPUSDT,0.0001
2026-05-17T00:00:00Z,OPUSDT,-0.00004331
2026-05-17T08:00:00Z,OPUSDT,0.0001
2026-05-17T16:00:00Z,OPUSDT,0.00008341
2026-05-18T00:00:00Z,OPUSDT,-0.00008603
2026-05-18T08:00:00Z,OPUSDT,0.00000213
2026-05-18T16:00:00Z,OPUSDT,-0.00000035
2026-05-19T00:00:00Z,OPUSDT,-0.00014216
2026-05-19T08:00:00Z,OPUSDT,0.0001
2026-05-19T16:00:00Z,OPUSDT,-0.00006201
2026-05-20T00:00:00Z,OPUSDT,0.0001
2026-05-20T08:00:00Z,OPUSDT,0.0001
2026-05-20T16:00:00Z,OPUSDT,-0.0000667
2026-05-21T00:00:00Z,OPUSDT,-0.00021354
2026-05-21T08:00:00Z,OPUSDT,0.00009545
2026-05-21T16:00:00Z,OPUSDT,-0.00003406
2026-05-22T00:00:00Z,OPUSDT,0.0001
2026-05-22T08:00:00Z,OPUSDT,0.0001
2026-05-22T16:00:00Z,OPUSDT,-0.00014049
2026-05-23T00:00:00Z,OPUSDT,0.0001
2026-05-23T08:00:00Z,OPUSDT,-0.0001957
2026-05-23T16:00:00Z,OPUSDT,0.00008534
2026-05-24T00:00:00Z,OPUSDT,0.0001
2026-05-24T08:00:00Z,OPUSDT,-0.00000334
2026-05-24T16:00:00Z,OPUSDT,-0.00009009
2026-05-25T00:00:00Z,OPUSDT,-0.00009459
2026-05-25T08:00:00Z,OPUSDT,0.0001
2026-05-25T16:00:00Z,OPUSDT,0.0001
2026-05-26T00:00:00Z,OPUSDT,0.0001
2026-05-26T08:00:00Z,OPUSDT,0.00004308
2026-05-26T16:00:00Z,OPUSDT,0.0001
2026-05-27T00:00:00Z,OPUSDT,0.0001
2026-05-27T08:00:00Z,OPUSDT,0.0001
2026-05-27T16:00:00Z,OPUSDT,0.0001
2026-05-28T00:00:00Z,OPUSDT,0.0001
2026-05-28T08:00:00Z,OPUSDT,0.0001
2026-05-28T16:00:00Z,OPUSDT,-0.0001406
2026-05-29T00:00:00Z,OPUSDT,-0.00008301
2026-05-29T08:00:00Z,OPUSDT,0.0001
2026-05-29T16:00:00Z,OPUSDT,0.000002
2026-05-30T00:00:00Z,OPUSDT,-0.00018961
2026-05-30T08:00:00Z,OPUSDT,0.00006081
2026-05-30T16:00:00Z,OPUSDT,0.0001
2026-05-31T00:00:00Z,OPUSDT,-0.00007635
2026-05-31T08:00:00Z,OPUSDT,0.0001
2026-05-31T16:00:00Z,OPUSDT,0.0001
2026-06-01T00:00:00Z,OPUSDT,0.0001
2026-06-01T08:00:00Z,OPUSDT,-0.00000163
2026-06-01T16:00:00Z,OPUSDT,-0.00004877
2026-06-02T00:00:00Z,OPUSDT,0.00004358
2026-06-02T08:00:00Z,OPUSDT,-0.00006708
2026-06-02T16:00:00Z,OPUSDT,0.00006108
2026-06-03T00:00:00Z,OPUSDT,-0.00017432
2026-06-03T08:00:00Z,OPUSDT,0.0001
2026-06-03T16:00:00Z,OPUSDT,0.0001
2026-06-04T00:00:00Z,OPUSDT,0.0001
2026-06-04T08:00:00Z,OPUSDT,-0.00035235
2026-06-04T16:00:00Z,OPUSDT,-0.00039454
2026-06-05T00:00:00Z,OPUSDT,0.0001
2026-06-05T08:00:00Z,OPUSDT,-0.00007993
2026-06-05T16:00:00Z,OPUSDT,-0.00018626
2026-06-06T00:00:00Z,OPUSDT,-0.00013043
2026-06-06T08:00:00Z,OPUSDT,-0.0002595
2026-06-06T16:00:00Z,OPUSDT,-0.0000097
2026-06-07T00:00:00Z,OPUSDT,-0.00016893
2026-06-07T08:00:00Z,OPUSDT,-0.00023642
2026-06-07T16:00:00Z,OPUSDT,-0.00025994
2026-06-08T00:00:00Z,OPUSDT,-0.00001969
2026-06-08T08:00:00Z,OPUSDT,0.00004001
2026-06-08T16:00:00Z,OPUSDT,0.00004716
2026-06-09T00:00:00Z,OPUSDT,-0.00006713
2026-06-09T08:00:00Z,OPUSDT,-0.00003128
2026-06-09T16:00:00Z,OPUSDT,-0.00009608
2026-06-10T00:00:00Z,OPUSDT,-0.00010357
2026-06-10T08:00:00Z,OPUSDT,-0.00037526
2026-06-10T16:00:00Z,OPUSDT,-0.00004074
2026-06-11T00:00:00Z,OPUSDT,-0.00027569
2026-06-11T08:00:00Z,OPUSDT,-0.00000862
2026-06-11T16:00:00Z,OPUSDT,-0.00005536
2026-06-12T00:00:00Z,OPUSDT,0.0001
2026-06-12T08:00:00Z,OPUSDT,0.0000573
2026-06-12T16:00:00Z,OPUSDT,0.0001
2026-06-13T00:00:00Z,OPUSDT,-0.00010028
2026-06-13T08:00:00Z,OPUSDT,-0.00002871
2026-06-13T16:00:00Z,OPUSDT,-0.0000852
2026-06-14T00:00:00Z,OPUSDT,-0.00000847
2026-06-14T08:00:00Z,OPUSDT,0.0001
2026-06-14T16:00:00Z,OPUSDT,0.0001
2026-06-15T00:00:00Z,OPUSDT,0.0001
2026-06-15T08:00:00Z,OPUSDT,0.0001
2026-06-15T16:00:00Z,OPUSDT,-0.00008327
2026-06-16T00:00:00Z,OPUSDT,0.00002733
2026-06-16T08:00:00Z,OPUSDT,0.00004316
2026-06-16T16:00:00Z,OPUSDT,-0.0002563
2026-06-17T00:00:00Z,OPUSDT,0.0001
2026-06-17T08:00:00Z,OPUSDT,0.0001
2026-06-17T16:00:00Z,OPUSDT,0.0001
2026-06-18T00:00:00Z,OPUSDT,0.0001
2026-06-18T08:00:00Z,OPUSDT,0.0001
2026-06-18T16:00:00Z,OPUSDT,-0.00009941
2026-06-19T00:00:00Z,OPUSDT,0.0001
2026-06-19T08:00:00Z,OPUSDT,0.00005726
2026-06-19T16:00:00Z,OPUSDT,0.00007019
2026-06-20T00:00:00Z,OPUSDT,0.0001
2026-06-20T08:00:00Z,OPUSDT,0.00007014
2026-06-20T16:00:00Z,OPUSDT,-0.00044866
2026-06-21T00:00:00Z,OPUSDT,0.00007729
2026-06-21T08:00:00Z,OPUSDT,-0.00008191
2026-06-21T16:00:00Z,OPUSDT,0.00005926
2026-06-22T00:00:00Z,OPUSDT,-0.00020411
2026-06-22T08:00:00Z,OPUSDT,0.0001
2026-06-22T16:00:00Z,OPUSDT,0.0001
2026-06-23T00:00:00Z,OPUSDT,0.00005572
2026-06-23T08:00:00Z,OPUSDT,0.0000647
2026-06-23T16:00:00Z,OPUSDT,0.0001
2026-06-24T00:00:00Z,OPUSDT,0.00004405
2026-06-24T08:00:00Z,OPUSDT,-0.000334
2026-06-24T16:00:00Z,OPUSDT,0.00004068
2026-06-25T00:00:00Z,OPUSDT,0.0001
2026-06-25T08:00:00Z,OPUSDT,0.0001
2026-06-25T16:00:00Z,OPUSDT,-0.00001643
2026-06-26T00:00:00Z,OPUSDT,0.0001
2026-06-26T08:00:00Z,OPUSDT,0.0000352
2026-06-26T16:00:00Z,OPUSDT,0.00002921
2026-06-27T00:00:00Z,OPUSDT,0.00005702
2026-06-27T08:00:00Z,OPUSDT,-0.00028412
2026-06-27T16:00:00Z,OPUSDT,-0.00011566
2026-06-28T00:00:00Z,OPUSDT,-0.00009906
2026-06-28T08:00:00Z,OPUSDT,-0.00002541
2026-06-28T16:00:00Z,OPUSDT,0.00008598
2026-06-29T00:00:00Z,OPUSDT,0.00002214
2026-06-29T08:00:00Z,OPUSDT,0.0001
2026-06-29T16:00:00Z,OPUSDT,0.0001
2026-06-30T00:00:00Z,OPUSDT,0.0001
2026-06-30T08:00:00Z,OPUSDT,0.00005161
2026-06-30T16:00:00Z,OPUSDT,-0.00012783
2026-07-01T00:00:00Z,OPUSDT,-0.00000617
2026-07-01T08:00:00Z,OPUSDT,0.00002558
2026-07-01T16:00:00Z,OPUSDT,0.00003905
2026-07-02T00:00:00Z,OPUSDT,-0.00029412
2026-07-02T08:00:00Z,OPUSDT,0.0001
2026-07-02T16:00:00Z,OPUSDT,0.0001
2026-07-03T00:00:00Z,OPUSDT,0.0001
2026-07-03T08:00:00Z,OPUSDT,0.0001
2026-07-03T16:00:00Z,OPUSDT,0.0001
2026-07-04T00:00:00Z,OPUSDT,0.0001
2026-07-04T08:00:00Z,OPUSDT,0.0001
2026-07-04T16:00:00Z,OPUSDT,0.0001
2026-07-05T00:00:00Z,OPUSDT,0.0001
2026-07-05T08:00:00Z,OPUSDT,0.0001
2026-07-05T16:00:00Z,OPUSDT,0.0001
2026-07-06T00:00:00Z,OPUSDT,0.0001
2026-07-06T08:00:00Z,OPUSDT,0.00006551
2026-07-06T16:00:00Z,OPUSDT,0.0001
2026-07-07T00:00:00Z,OPUSDT,-0.00002539
2026-07-07T08:00:00Z,OPUSDT,-0.00006762
2026-07-07T16:00:00Z,OPUSDT,-0.00005315
2026-07-08T00:00:00Z,OPUSDT,-0.00001509
2026-07-08T08:00:00Z,OPUSDT,-0.00004886
2026-07-08T16:00:00Z,OPUSDT,0.00004314
2026-07-09T00:00:00Z,OPUSDT,0.0001
2026-07-09T08:00:00Z,OPUSDT,0.0001
2026-07-09T16:00:00Z,OPUSDT,0.0001
2026-07-10T00:00:00Z,OPUSDT,-0.0003803
2026-07-10T08:00:00Z,OPUSDT,0.0001
2026-07-10T16:00:00Z,OPUSDT,0.0001
2026-07-11T00:00:00Z,OPUSDT,0.0001
2026-07-11T08:00:00Z,OPUSDT,-0.00009438
2026-07-11T16:00:00Z,OPUSDT,0.0001
2026-07-12T00:00:00Z,OPUSDT,0.00003403
2026-07-12T08:00:00Z,OPUSDT,0.00008939
2026-07-12T16:00:00Z,OPUSDT,0.00006067
2026-07-13T00:00:00Z,OPUSDT,-0.00001595
2026-07-13T08:00:00Z,OPUSDT,0.00003994
2026-07-13T16:00:00Z,OPUSDT,0.0001
2026-07-14T00:00:00Z,OPUSDT,-0.00010678
2026-07-14T08:00:00Z,OPUSDT,0.00003199
2026-07-14T16:00:00Z,OPUSDT,-0.00000771
2026-07-15T00:00:00Z,OPUSDT,-0.000124
2026-07-15T08:00:00Z,OPUSDT,0.00003217
2026-07-15T16:00:00Z,OPUSDT,0.0001
2026-07-16T00:00:00Z,OPUSDT,0.0001
2026-07-16T08:00:00Z,OPUSDT,0.0001
2026-07-16T16:00:00Z,OPUSDT,0.00004403
2026-07-17T00:00:00Z,OPUSDT,-0.00011218
2026-07-17T08:00:00Z,OPUSDT,-0.00001142
2026-07-17T16:00:00Z,OPUSDT,-0.00005432
2026-07-18T00:00:00Z,OPUSDT,-0.00003703
2026-07-18T08:00:00Z,OPUSDT,-0.00006262
2026-07-18T16:00:00Z,OPUSDT,0.00000702
2026-07-19T00:00:00Z,OPUSDT,0.00005444
2026-07-19T08:00:00Z,OPUSDT,0.00003763
2026-07-19T16:00:00Z,OPUSDT,0.00003945
2026-07-20T00:00:00Z,OPUSDT,0.0001
2026-07-20T08:00:00Z,OPUSDT,0.00006993
2026-07-20T16:00:00Z,OPUSDT,0.0001
2026-07-21T00:00:00Z,OPUSDT,0.0001
2026-07-21T08:00:00Z,OPUSDT,-0.00007571
2026-07-21T16:00:00Z,OPUSDT,-0.00004755
2026-07-22T00:00:00Z,OPUSDT,0.00002365
2026-07-22T08:00:00Z,OPUSDT,0.00008068
2026-07-22T16:00:00Z,OPUSDT,0.0001
2026-07-23T00:00:00Z,OPUSDT,0.0001
2026-07-23T08:00:00Z,OPUSDT,-0.00014663
2026-07-23T16:00:00Z,OPUSDT,-0.00015682
2026-07-24T00:00:00Z,OPUSDT,0.00009222
2026-07-24T08:00:00Z,OPUSDT,0.00004651
2026-07-24T16:00:00Z,OPUSDT,0.000049
2026-07-25T00:00:00Z,OPUSDT,-0.00003286
2026-07-25T08:00:00Z,OPUSDT,-0.0000708
2026-07-25T16:00:00Z,OPUSDT,0.0001
2026-07-26T00:00:00Z,OPUSDT,0.0001
2026-07-26T08:00:00Z,OPUSDT,0.0001
2026-07-26T16:00:00Z,OPUSDT,0.0001
2026-07-27T00:00:00Z,OPUSDT,0.0001
2026-07-27T08:00:00Z,OPUSDT,0.0001
2026-07-27T16:00:00Z,OPUSDT,0.00007985
2026-07-28T00:00:00Z,OPUSDT,-0.00043194
2026-07-28T08:00:00Z,OPUSDT,-0.00049239
2026-07-28T16:00:00Z,OPUSDT,-0.00004954
2026-07-29T00:00:00Z,OPUSDT,0.0001
2026-07-29T08:00:00Z,OPUSDT,-0.00015363
2026-07-29T16:00:00Z,OPUSDT,-0.00009017
2026-07-30T00:00:00Z,OPUSDT,0.0001
2026-07-30T08:00:00Z,OPUSDT,0.0001
2026-07-30T16:00:00Z,OPUSDT,0.0001
2026-07-31T00:00:00Z,OPUSDT,0.0001
2026-07-31T08:00:00Z,OPUSDT,0.0001
2026-07-31T16:00:00Z,OPUSDT,0.0001
2026-08-01T00:00:00Z,OPUSDT,0.0001
2026-08-01T08:00:00Z,OPUSDT,0.0001
2026-08-01T16:00:00Z,OPUSDT,0.0001
2026-08-02T00:00:00Z,OPUSDT,0.00000835
2026-08-02T08:00:00Z,OPUSDT,0.0001
2026-08-02T16:00:00Z,OPUSDT,0.0001
2026-08-03T00:00:00Z,OPUSDT,0.0001
2026-08-03T08:00:00Z,OPUSDT,0.0001
2026-08-03T16:00:00Z,OPUSDT,0.0001
2026-08-04T00:00:00Z,OPUSDT,0.0001
2026-08-04T08:00:00Z,OPUSDT,0.0001
2026-08-04T16:00:00Z,OPUSDT,0.0001
2026-08-05T00:00:00Z,OPUSDT,0.0001
2026-08-05T08:00:00Z,OPUSDT,0.0001
2026-08-05T16:00:00Z,OPUSDT,-0.00016303
2026-08-06T00:00:00Z,OPUSDT,-0.00005726
2026-08-06T08:00:00Z,OPUSDT,0.0001
2026-08-06T16:00:00Z,OPUSDT,-0.00001306
2026-08-07T00:00:00Z,OPUSDT,0.00004618
2026-08-07T08:00:00Z,OPUSDT,0.0001
2026-08-07T16:00:00Z,OPUSDT,-0.00016503
2026-08-08T00:00:00Z,OPUSDT,-0.00000458
2026-08-08T08:00:00Z,OPUSDT,0.0001
2026-08-08T16:00:00Z,OPUSDT,0.0001
2026-08-09T00:00:00Z,OPUSDT,0.0001
2026-08-09T08:00:00Z,OPUSDT,0.0001
2026-08-09T16:00:00Z,OPUSDT,-0.00002417
2026-08-10T00:00:00Z,OPUSDT,0.0001
2026-08-10T08:00:00Z,OPUSDT,0.0001
2026-08-10T16:00:00Z,OPUSDT,0.0001
2026-08-11T00:00:00Z,OPUSDT,0.00004147
2026-08-11T08:00:00Z,OPUSDT,-0.00014047
2026-08-11T16:00:00Z,OPUSDT,-0.00012038
2026-08-12T00:00:00Z,OPUSDT,0.0001
2026-08-12T08:00:00Z,OPUSDT,0.0001
2026-08-12T16:00:00Z,OPUSDT,-0.0000019
2026-08-13T00:00:00Z,OPUSDT,-0.00018349
2026-08-13T08:00:00Z,OPUSDT,0.0001
2026-08-13T16:00:00Z,OPUSDT,0.0001
2026-08-14T00:00:00Z,OPUSDT,0.0001
2026-08-14T08:00:00Z,OPUSDT,0.0001
2026-08-14T16:00:00Z,OPUSDT,-0.00008605
2026-08-15T00:00:00Z,OPUSDT,0.00005847
2026-08-15T08:00:00Z,OPUSDT,0.00002414
2026-08-15T16:00:00Z,OPUSDT,0.0001
2026-08-16T00:00:00Z,OPUSDT,0.000017
2026-08-16T08:00:00Z,OPUSDT,-0.00002397
2026-08-16T16:00:00Z,OPUSDT,0.0001
2026-08-17T00:00:00Z,OPUSDT,-0.00005048
2026-08-17T08:00:00Z,OPUSDT,0.0001
2026-08-17T16:00:00Z,OPUSDT,-0.00002812
2026-08-18T00:00:00Z,OPUSDT,-0.0000422
2026-08-18T08:00:00Z,OPUSDT,0.00009261
2026-08-18T16:00:00Z,OPUSDT,0.0001
2026-08-19T00:00:00Z,OPUSDT,0.00007647
2026-08-19T08:00:00Z,OPUSDT,-0.00002683
2026-08-19T16:00:00Z,OPUSDT,0.0001
2026-08-20T00:00:00Z,OPUSDT,0.0001
2026-08-20T08:00:00Z,OPUSDT,0.0001
2026-08-20T16:00:00Z,OPUSDT,0.0001
2026-08-21T00:00:00Z,OPUSDT,0.0001
2026-08-21T08:00:00Z,OPUSDT,0.0001
2026-08-21T16:00:00Z,OPUSDT,0.0001
2026-08-22T00:00:00Z,OPUSDT,0.0001
2026-08-22T08:00:00Z,OPUSDT,0.0001
2026-08-22T16:00:00Z,OPUSDT,0.0001
2026-08-23T00:00:00Z,OPUSDT,0.0001
2026-08-23T08:00:00Z,OPUSDT,0.0001
2026-08-23T16:00:00Z,OPUSDT,0.0001
2026-08-24T00:00:00Z,OPUSDT,0.0001
2026-08-24T08:00:00Z,OPUSDT,0.0001
2026-08-24T16:00:00Z,OPUSDT,0.0001
2026-08-25T00:00:00Z,OPUSDT,0.0001
2026-08-25T08:00:00Z,OPUSDT,0.0001
2026-08-25T16:00:00Z,OPUSDT,0.00009601
2026-08-26T00:00:00Z,OPUSDT,0.0001
2026-08-26T08:00:00Z,OPUSDT,0.0001
2026-08-26T16:00:00Z,OPUSDT,0.00003305
2026-08-27T00:00:00Z,OPUSDT,-0.00014458
2026-08-27T08:00:00Z,OPUSDT,-0.00019886
2026-08-27T16:00:00Z,OPUSDT,0.00005456
2026-08-28T00:00:00Z,OPUSDT,0.0001
2026-08-28T08:00:00Z,OPUSDT,-0.00008961
2026-08-28T16:00:00Z,OPUSDT,0.00003418
2026-08-29T00:00:00Z,OPUSDT,0.0001
2026-08-29T08:00:00Z,OPUSDT,0.0001
2026-08-29T16:00:00Z,OPUSDT,-0.00011374
2026-08-30T00:00:00Z,OPUSDT,0.00000572
2026-08-30T08:00:00Z,OPUSDT,-0.00004835
2026-08-30T16:00:00Z,OPUSDT,0.00004774
2026-08-31T00:00:00Z,OPUSDT,0.00002995
2026-08-31T08:00:00Z,OPUSDT,-0.00019461
2026-08-31T16:00:00Z,OPUSDT,-0.00001966
2026-09-01T00:00:00Z,OPUSDT,0.0001
2026-09-01T08:00:00Z,OPUSDT,0.0001
2026-09-01T16:00:00Z,OPUSDT,0.0001
2026-09-02T00:00:00Z,OPUSDT,0.0001
2026-09-02T08:00:00Z,OPUSDT,0.0001
2026-09-02T16:00:00Z,OPUSDT,0.0001
2026-09-03T00:00:00Z,OPUSDT,0.0001
2026-09-03T08:00:00Z,OPUSDT,0.0001
2026-09-03T16:00:00Z,OPUSDT,0.00003038
2026-09-04T00:00:00Z,OPUSDT,0.0001
2026-09-04T08:00:00Z,OPUSDT,0.00005779
2026-09-04T16:00:00Z,OPUSDT,0.0001
2026-09-05T00:00:00Z,OPUSDT,0.0001
2026-09-05T08:00:00Z,OPUSDT,0.0001
2026-09-05T16:00:00Z,OPUSDT,0.0001
2026-09-06T00:00:00Z,OPUSDT,0.0001
2026-09-06T08:00:00Z,OPUSDT,-0.00010653
2026-09-06T16:00:00Z,OPUSDT,0.0001
2026-09-07T00:00:00Z,OPUSDT,0.00008902
2026-09-07T08:00:00Z,OPUSDT,-0.00001759
2026-09-07T16:00:00Z,OPUSDT,0.0001
2026-09-08T00:00:00Z,OPUSDT,0.0001
2026-09-08T08:00:00Z,OPUSDT,0.00006229
2026-09-08T16:00:00Z,OPUSDT,0.00009437
2026-09-09T00:00:00Z,OPUSDT,0.0001
2026-09-09T08:00:00Z,OPUSDT,0.00006951
2026-09-09T16:00:00Z,OPUSDT,0.00007543
2026-09-10T00:00:00Z,OPUSDT,0.0001
2026-09-10T08:00:00Z,OPUSDT,-0.00008433
2026-09-10T16:00:00Z,OPUSDT,0.0001
2026-09-11T00:00:00Z,OPUSDT,0.0001
2026-09-11T08:00:00Z,OPUSDT,-0.00000227
2026-09-11T16:00:00Z,OPUSDT,-0.0002071
2026-09-12T00:00:00Z,OPUSDT,0.00005266
2026-09-12T08:00:00Z,OPUSDT,0.0001
2026-09-12T16:00:00Z,OPUSDT,0.0001
2026-09-13T00:00:00Z,OPUSDT,0.0001
2026-09-13T08:00:00Z,OPUSDT,0.00007277
2026-09-13T16:00:00Z,OPUSDT,0.0001
2026-09-14T00:00:00Z,OPUSDT,-0.00012939
2026-09-14T08:00:00Z,OPUSDT,-0.00002583
2026-09-14T16:00:00Z,OPUSDT,-0.0002772
2026-09-15T00:00:00Z,OPUSDT,0.00008591
2026-09-15T08:00:00Z,OPUSDT,0.0001
2026-09-15T16:00:00Z,OPUSDT,0.0001
2026-09-16T00:00:00Z,OPUSDT,0.000061
2026-09-16T08:00:00Z,OPUSDT,-0.0001925
2026-09-16T16:00:00Z,OPUSDT,0.00004126
2026-09-17T00:00:00Z,OPUSDT,0.0001
2026-09-17T08:00:00Z,OPUSDT,0.00006736
2026-09-17T16:00:00Z,OPUSDT,0.0001
2026-09-18T00:00:00Z,OPUSDT,0.0001
2026-09-18T08:00:00Z,OPUSDT,0.0001
2026-09-18T16:00:00Z,OPUSDT,0.0001
2026-09-19T00:00:00Z,OPUSDT,0.0001
2026-09-19T08:00:00Z,OPUSDT,0.0001
2026-09-19T16:00:00Z,OPUSDT,0.0001
2026-09-20T00:00:00Z,OPUSDT,0.0001
2026-09-20T08:00:00Z,OPUSDT,0.0001
2026-09-20T16:00:00Z,OPUSDT,0.0001
2026-09-21T00:00:00Z,OPUSDT,0.0001
2026-09-21T08:00:00Z,OPUSDT,0.0001
2026-09-21T16:00:00Z,OPUSDT,0.00002385
2026-09-22T00:00:00Z,OPUSDT,0.0001
2026-09-22T08:00:00Z,OPUSDT,0.0001
2026-09-22T16:00:00Z,OPUSDT,0.0001
2026-09-23T00:00:00Z,OPUSDT,0.0001
2026-09-23T08:00:00Z,OPUSDT,0.00009069
2026-09-23T16:00:00Z,OPUSDT,0.0001
2026-09-24T00:00:00Z,OPUSDT,-0.00043723
2026-09-24T08:00:00Z,OPUSDT,-0.00000331
2026-09-24T16:00:00Z,OPUSDT,0.0001
2026-09-25T00:00:00Z,OPUSDT,0.0001
2026-09-25T08:00:00Z,OPUSDT,0.0001
2026-09-25T16:00:00Z,OPUSDT,0.0001
2026-09-26T00:00:00Z,OPUSDT,0.0001
2026-09-26T08:00:00Z,OPUSDT,0.0001
2026-09-26T16:00:00Z,OPUSDT,0.0001
2026-09-27T00:00:00Z,OPUSDT,0.0001
2026-09-27T08:00:00Z,OPUSDT,0.0001
2026-09-27T16:00:00Z,OPUSDT,0.00009598
2026-09-28T00:00:00Z,OPUSDT,0.0001
2026-09-28T08:00:00Z,OPUSDT,-0.00000951
2026-09-28T16:00:00Z,OPUSDT,0.0001
2026-09-29T00:00:00Z,OPUSDT,0.0001
2026-09-29T08:00:00Z,OPUSDT,-0.00000248
2026-09-29T16:00:00Z,OPUSDT,-0.0000648
2026-09-30T00:00:00Z,OPUSDT,0.0001
2026-09-30T08:00:00Z,OPUSDT,0.00007436
2026-09-30T16:00:00Z,OPUSDT,0.0001
2026-10-01T00:00:00Z,OPUSDT,-0.00011331
2026-10-01T08:00:00Z,OPUSDT,0.0000265
2026-10-01T16:00:00Z,OPUSDT,0.0001
2026-10-02T00:00:00Z,OPUSDT,-0.00007865
2026-10-02T08:00:00Z,OPUSDT,0.00007957
2026-10-02T16:00:00Z,OPUSDT,0.0001
2026-10-03T00:00:00Z,OPUSDT,-0.0000181
2026-10-03T08:00:00Z,OPUSDT,0.0001
2026-10-03T16:00:00Z,OPUSDT,0.0001
2026-10-04T00:00:00Z,OPUSDT,0.00005921
2026-10-04T08:00:00Z,OPUSDT,0.00003947
2026-10-04T16:00:00Z,OPUSDT,-0.0000359
2026-10-05T00:00:00Z,OPUSDT,0.0001
2026-10-05T08:00:00Z,OPUSDT,0.0001
2026-10-05T16:00:00Z,OPUSDT,0.0001
2026-10-06T00:00:00Z,OPUSDT,0.0001
2026-10-06T08:00:00Z,OPUSDT,0.00005186
2026-10-06T16:00:00Z,OPUSDT,-0.00001037
2026-10-07T00:00:00Z,OPUSDT,-0.00005013
2026-10-07T08:00:00Z,OPUSDT,-0.00010668
2026-10-07T16:00:00Z,OPUSDT,0.0001
2026-10-08T00:00:00Z,OPUSDT,0.0001
2026-10-08T08:00:00Z,OPUSDT,-0.00015114
2026-10-08T16:00:00Z,OPUSDT,0.0001
2026-10-09T00:00:00Z,OPUSDT,0.0001
