timestamp,symbol,funding_rate
2023-10-09T00:00:00Z,SOLUSDT,-0.00009224
2023-10-09T08:00:00Z,SOLUSDT,-0.00015372
2023-10-09T16:00:00Z,SOLUSDT,0.00002254
2023-10-10T00:00:00Z,SOLUSDT,-0.00020141
2023-10-10T08:00:00Z,SOLUSDT,-0.00011124
2023-10-10T16:00:00Z,SOLUSDT,-0.00007243
2023-10-11T00:00:00Z,SOLUSDT,-0.00004572
2023-10-11T08:00:00Z,SOLUSDT,-0.00010279
2023-10-11T16:00:00Z,SOLUSDT,-0.00009393
2023-10-12T00:00:00Z,SOLUSDT,-0.00003983
2023-10-12T08:00:00Z,SOLUSDT,0.00003174
2023-10-12T16:00:00Z,SOLUSDT,0.0000013
2023-10-13T00:00:00Z,SOLUSDT,0.00003203
2023-10-13T08:00:00Z,SOLUSDT,-0.0000765
2023-10-13T16:00:00Z,SOLUSDT,0.00001397
2023-10-14T00:00:00Z,SOLUSDT,-0.00024628
2023-10-14T08:00:00Z,SOLUSDT,-0.00022008
2023-10-14T16:00:00Z,SOLUSDT,-0.00006747
2023-10-15T00:00:00Z,SOLUSDT,0.00007684
2023-10-15T08:00:00Z,SOLUSDT,0.00007472
2023-10-15T16:00:00Z,SOLUSDT,0.00003075
2023-10-16T00:00:00Z,SOLUSDT,0.00009581
2023-10-16T08:00:00Z,SOLUSDT,0.00002194
2023-10-16T16:00:00Z,SOLUSDT,-0.00016165
2023-10-17T00:00:00Z,SOLUSDT,0.0001
2023-10-17T08:00:00Z,SOLUSDT,-0.00012542
2023-10-17T16:00:00Z,SOLUSDT,-0.00002288
2023-10-18T00:00:00Z,SOLUSDT,0.00006827
2023-10-18T08:00:00Z,SOLUSDT,0.00009335
2023-10-18T16:00:00Z,SOLUSDT,0.00002714
2023-10-19T00:00:00Z,SOLUSDT,0.0001
2023-10-19T08:00:00Z,SOLUSDT,0.00006558
2023-10-19T16:00:00Z,SOLUSDT,-0.00009585
2023-10-20T00:00:00Z,SOLUSDT,0.0001
2023-10-20T08:00:00Z,SOLUSDT,-0.00047863
2023-10-20T16:00:00Z,SOLUSDT,-0.0000971
2023-10-21T00:00:00Z,SOLUSDT,-0.00002285
2023-10-21T08:00:00Z,SOLUSDT,-0.00014248
2023-10-21T16:00:00Z,SOLUSDT,0.00002078
2023-10-22T00:00:00Z,SOLUSDT,-0.00005418
2023-10-22T08:00:00Z,SOLUSDT,0.0000895
2023-10-22T16:00:00Z,SOLUSDT,0.0001
2023-10-23T00:00:00Z,SOLUSDT,0.00000733
2023-10-23T08:00:00Z,SOLUSDT,-0.00000615
2023-10-23T16:00:00Z,SOLUSDT,0.0001
2023-10-24T00:00:00Z,SOLUSDT,0.00001067
2023-10-24T08:00:00Z,SOLUSDT,0.0001
2023-10-24T16:00:00Z,SOLUSDT,0.0001
2023-10-25T00:00:00Z,SOLUSDT,0.0001
2023-10-25T08:00:00Z,SOLUSDT,0.0001
2023-10-25T16:00:00Z,SOLUSDT,0.0001
2023-10-26T00:00:00Z,SOLUSDT,0.0001
2023-10-26T08:00:00Z,SOLUSDT,0.0001
2023-10-26T16:00:00Z,SOLUSDT,0.0001
2023-10-27T00:00:00Z,SOLUSDT,0.0001
2023-10-27T08:00:00Z,SOLUSDT,0.0001
2023-10-27T16:00:00Z,SOLUSDT,0.0001
2023-10-28T00:00:00Z,SOLUSDT,0.0001
2023-10-28T08:00:00Z,SOLUSDT,0.0001
2023-10-28T16:00:00Z,SOLUSDT,0.0001
2023-10-29T00:00:00Z,SOLUSDT,0.0001
2023-10-29T08:00:00Z,SOLUSDT,0.0001
2023-10-29T16:00:00Z,SOLUSDT,0.0001
2023-10-30T00:00:00Z,SOLUSDT,0.0001
2023-10-30T08:00:00Z,SOLUSDT,0.0001
2023-10-30T16:00:00Z,SOLUSDT,0.0001
2023-10-31T00:00:00Z,SOLUSDT,0.00024299
2023-10-31T08:00:00Z,SOLUSDT,0.0001
2023-10-31T16:00:00Z,SOLUSDT,0.0001
2023-11-01T00:00:00Z,SOLUSDT,0.0001
2023-11-01T08:00:00Z,SOLUSDT,0.00003923
2023-11-01T16:00:00Z,SOLUSDT,-0.0002801
2023-11-02T00:00:00Z,SOLUSDT,0.0001
2023-11-02T08:00:00Z,SOLUSDT,0.0001
2023-11-02T16:00:00Z,SOLUSDT,0.0001
2023-11-03T00:00:00Z,SOLUSDT,0.0001
2023-11-03T08:00:00Z,SOLUSDT,0.0001
2023-11-03T16:00:00Z,SOLUSDT,0.0001
2023-11-04T00:00:00Z,SOLUSDT,0.0001
2023-11-04T08:00:00Z,SOLUSDT,0.0001
2023-11-04T16:00:00Z,SOLUSDT,0.0001
2023-11-05T00:00:00Z,SOLUSDT,0.0001
2023-11-05T08:00:00Z,SOLUSDT,0.0001
2023-11-05T16:00:00Z,SOLUSDT,0.0001
2023-11-06T00:00:00Z,SOLUSDT,0.0001
2023-11-06T08:00:00Z,SOLUSDT,0.0001
2023-11-06T16:00:00Z,SOLUSDT,0.0001
2023-11-07T00:00:00Z,SOLUSDT,0.0001
2023-11-07T08:00:00Z,SOLUSDT,0.00010231
2023-11-07T16:00:00Z,SOLUSDT,0.00022263
2023-11-08T00:00:00Z,SOLUSDT,0.00023144
2023-11-08T08:00:00Z,SOLUSDT,0.00013513
2023-11-08T16:00:00Z,SOLUSDT,0.00012199
2023-11-09T00:00:00Z,SOLUSDT,0.0001
2023-11-09T08:00:00Z,SOLUSDT,0.0001
2023-11-09T16:00:00Z,SOLUSDT,0.00037712
2023-11-10T00:00:00Z,SOLUSDT,0.0001
2023-11-10T08:00:00Z,SOLUSDT,0.00032591
2023-11-10T16:00:00Z,SOLUSDT,0.00037462
2023-11-11T00:00:00Z,SOLUSDT,0.00037488
2023-11-11T08:00:00Z,SOLUSDT,0.00010513
2023-11-11T16:00:00Z,SOLUSDT,0.0004134
2023-11-12T00:00:00Z,SOLUSDT,0.00074509
2023-11-12T08:00:00Z,SOLUSDT,0.00031197
2023-11-12T16:00:00Z,SOLUSDT,0.00027403
2023-11-13T00:00:00Z,SOLUSDT,0.00059242
2023-11-13T08:00:00Z,SOLUSDT,0.00027243
2023-11-13T16:00:00Z,SOLUSDT,0.00010546
2023-11-14T00:00:00Z,SOLUSDT,0.00057048
2023-11-14T08:00:00Z,SOLUSDT,0.00012318
2023-11-14T16:00:00Z,SOLUSDT,0.0001
2023-11-15T00:00:00Z,SOLUSDT,0.00013997
2023-11-15T08:00:00Z,SOLUSDT,0.00014957
2023-11-15T16:00:00Z,SOLUSDT,0.0001
2023-11-16T00:00:00Z,SOLUSDT,0.00022081
2023-11-16T08:00:00Z,SOLUSDT,0.00019754
2023-11-16T16:00:00Z,SOLUSDT,0.00027469
2023-11-17T00:00:00Z,SOLUSDT,0.0001419
2023-11-17T08:00:00Z,SOLUSDT,0.0001
2023-11-17T16:00:00Z,SOLUSDT,0.0001
2023-11-18T00:00:00Z,SOLUSDT,0.0001
2023-11-18T08:00:00Z,SOLUSDT,0.0001
2023-11-18T16:00:00Z,SOLUSDT,0.0001
2023-11-19T00:00:00Z,SOLUSDT,0.0001
2023-11-19T08:00:00Z,SOLUSDT,0.0001
2023-11-19T16:00:00Z,SOLUSDT,0.0001
2023-11-20T00:00:00Z,SOLUSDT,0.0001
2023-11-20T08:00:00Z,SOLUSDT,0.0001
2023-11-20T16:00:00Z,SOLUSDT,0.0001
2023-11-21T00:00:00Z,SOLUSDT,0.0001
2023-11-21T08:00:00Z,SOLUSDT,0.0001
2023-11-21T16:00:00Z,SOLUSDT,0.0001
2023-11-22T00:00:00Z,SOLUSDT,0.0001
2023-11-22T08:00:00Z,SOLUSDT,0.0001
2023-11-22T16:00:00Z,SOLUSDT,0.0001
2023-11-23T00:00:00Z,SOLUSDT,0.0001
2023-11-23T08:00:00Z,SOLUSDT,0.0001
2023-11-23T16:00:00Z,SOLUSDT,0.0001
2023-11-24T00:00:00Z,SOLUSDT,0.0001
2023-11-24T08:00:00Z,SOLUSDT,0.0001
2023-11-24T16:00:00Z,SOLUSDT,0.0001
2023-11-25T00:00:00Z,SOLUSDT,0.0001
2023-11-25T08:00:00Z,SOLUSDT,0.0001
2023-11-25T16:00:00Z,SOLUSDT,0.0001
2023-11-26T00:00:00Z,SOLUSDT,0.0001
2023-11-26T08:00:00Z,SOLUSDT,0.0001
2023-11-26T16:00:00Z,SOLUSDT,0.0001
2023-11-27T00:00:00Z,SOLUSDT,0.0001
2023-11-27T08:00:00Z,SOLUSDT,0.0001
2023-11-27T16:00:00Z,SOLUSDT,0.0001
2023-11-28T00:00:00Z,SOLUSDT,0.0001
2023-11-28T08:00:00Z,SOLUSDT,0.0001
2023-11-28T16:00:00Z,SOLUSDT,0.0001
2023-11-29T00:00:00Z,SOLUSDT,0.0001
2023-11-29T08:00:00Z,SOLUSDT,0.0001
2023-11-29T16:00:00Z,SOLUSDT,0.0001
2023-11-30T00:00:00Z,SOLUSDT,0.000142
2023-11-30T08:00:00Z,SOLUSDT,0.0001
2023-11-30T16:00:00Z,SOLUSDT,0.0001
2023-12-01T00:00:00Z,SOLUSDT,0.0001
2023-12-01T08:00:00Z,SOLUSDT,0.00011812
2023-12-01T16:00:00Z,SOLUSDT,0.0001
2023-12-02T00:00:00Z,SOLUSDT,0.00011722
2023-12-02T08:00:00Z,SOLUSDT,0.00043066
2023-12-02T16:00:00Z,SOLUSDT,0.00033249
2023-12-03T00:00:00Z,SOLUSDT,0.0001304
2023-12-03T08:00:00Z,SOLUSDT,0.00025793
2023-12-03T16:00:00Z,SOLUSDT,0.00020133
2023-12-04T00:00:00Z,SOLUSDT,0.00029185
2023-12-04T08:00:00Z,SOLUSDT,0.0004646
2023-12-04T16:00:00Z,SOLUSDT,0.00011673
2023-12-05T00:00:00Z,SOLUSDT,0.00012766
2023-12-05T08:00:00Z,SOLUSDT,0.0001
2023-12-05T16:00:00Z,SOLUSDT,0.0001
2023-12-06T00:00:00Z,SOLUSDT,0.00036326
2023-12-06T08:00:00Z,SOLUSDT,0.00040694
2023-12-06T16:00:00Z,SOLUSDT,0.0001
2023-12-07T00:00:00Z,SOLUSDT,0.00012696
2023-12-07T08:00:00Z,SOLUSDT,0.0001
2023-12-07T16:00:00Z,SOLUSDT,0.00034145
2023-12-08T00:00:00Z,SOLUSDT,0.00043852
2023-12-08T08:00:00Z,SOLUSDT,0.00016909
2023-12-08T16:00:00Z,SOLUSDT,0.00026875
2023-12-09T00:00:00Z,SOLUSDT,0.00036255
2023-12-09T08:00:00Z,SOLUSDT,0.00043715
2023-12-09T16:00:00Z,SOLUSDT,0.00029431
2023-12-10T00:00:00Z,SOLUSDT,0.00044455
2023-12-10T08:00:00Z,SOLUSDT,0.00038156
2023-12-10T16:00:00Z,SOLUSDT,0.00030904
2023-12-11T00:00:00Z,SOLUSDT,0.00032189
2023-12-11T08:00:00Z,SOLUSDT,0.0001
2023-12-11T16:00:00Z,SOLUSDT,0.00012752
2023-12-12T00:00:00Z,SOLUSDT,0.00025417
2023-12-12T08:00:00Z,SOLUSDT,0.0002979
2023-12-12T16:00:00Z,SOLUSDT,0.00022456
2023-12-13T00:00:00Z,SOLUSDT,0.00010778
2023-12-13T08:00:00Z,SOLUSDT,0.0001
2023-12-13T16:00:00Z,SOLUSDT,0.0001
2023-12-14T00:00:00Z,SOLUSDT,0.0001
2023-12-14T08:00:00Z,SOLUSDT,0.00017541
2023-12-14T16:00:00Z,SOLUSDT,0.0001
2023-12-15T00:00:00Z,SOLUSDT,0.00043881
2023-12-15T08:00:00Z,SOLUSDT,0.00044968
2023-12-15T16:00:00Z,SOLUSDT,0.00048141
2023-12-16T00:00:00Z,SOLUSDT,0.00011537
2023-12-16T08:00:00Z,SOLUSDT,0.0001
2023-12-16T16:00:00Z,SOLUSDT,0.00024706
2023-12-17T00:00:00Z,SOLUSDT,0.0001
2023-12-17T08:00:00Z,SOLUSDT,0.00010022
2023-12-17T16:00:00Z,SOLUSDT,0.00016682
2023-12-18T00:00:00Z,SOLUSDT,0.0001
2023-12-18T08:00:00Z,SOLUSDT,0.0001
2023-12-18T16:00:00Z,SOLUSDT,0.0001
2023-12-19T00:00:00Z,SOLUSDT,0.0001
2023-12-19T08:00:00Z,SOLUSDT,0.00010091
2023-12-19T16:00:00Z,SOLUSDT,0.00015381
2023-12-20T00:00:00Z,SOLUSDT,0.0001
2023-12-20T08:00:00Z,SOLUSDT,0.00016457
2023-12-20T16:00:00Z,SOLUSDT,0.00014625
2023-12-21T00:00:00Z,SOLUSDT,0.0001
2023-12-21T08:00:00Z,SOLUSDT,0.0001
2023-12-21T16:00:00Z,SOLUSDT,0.00015474
2023-12-22T00:00:00Z,SOLUSDT,0.00044216
2023-12-22T08:00:00Z,SOLUSDT,0.00032937
2023-12-22T16:00:00Z,SOLUSDT,0.00029451
2023-12-23T00:00:00Z,SOLUSDT,0.0001824
2023-12-23T08:00:00Z,SOLUSDT,0.00013139
2023-12-23T16:00:00Z,SOLUSDT,0.00027232
2023-12-24T00:00:00Z,SOLUSDT,0.00030484
2023-12-24T08:00:00Z,SOLUSDT,0.00025447
2023-12-24T16:00:00Z,SOLUSDT,0.00023001
2023-12-25T00:00:00Z,SOLUSDT,0.00021807
2023-12-25T08:00:00Z,SOLUSDT,0.00018865
2023-12-25T16:00:00Z,SOLUSDT,0.00059458
2023-12-26T00:00:00Z,SOLUSDT,0.0005454
2023-12-26T08:00:00Z,SOLUSDT,0.00032874
2023-12-26T16:00:00Z,SOLUSDT,0.0002142
2023-12-27T00:00:00Z,SOLUSDT,0.0001454
2023-12-27T08:00:00Z,SOLUSDT,0.00038718
2023-12-27T16:00:00Z,SOLUSDT,0.00084416
2023-12-28T00:00:00Z,SOLUSDT,0.00066426
2023-12-28T08:00:00Z,SOLUSDT,0.00069294
2023-12-28T16:00:00Z,SOLUSDT,0.00080864
2023-12-29T00:00:00Z,SOLUSDT,0.00056498
2023-12-29T08:00:00Z,SOLUSDT,0.0003243
2023-12-29T16:00:00Z,SOLUSDT,0.00050643
2023-12-30T00:00:00Z,SOLUSDT,0.00045163
2023-12-30T08:00:00Z,SOLUSDT,0.00017614
2023-12-30T16:00:00Z,SOLUSDT,0.00030365
2023-12-31T00:00:00Z,SOLUSDT,0.00036092
2023-12-31T08:00:00Z,SOLUSDT,0.00044692
2023-12-31T16:00:00Z,SOLUSDT,0.00056751
2024-01-01T00:00:00Z,SOLUSDT,0.0005057
2024-01-01T08:00:00Z,SOLUSDT,0.0003883
2024-01-01T16:00:00Z,SOLUSDT,0.00059489
2024-01-02T00:00:00Z,SOLUSDT,0.00061694
2024-01-02T08:00:00Z,SOLUSDT,0.0007438
2024-01-02T16:00:00Z,SOLUSDT,0.00088883
2024-01-03T00:00:00Z,SOLUSDT,0.00060533
2024-01-03T08:00:00Z,SOLUSDT,0.00053286
2024-01-03T16:00:00Z,SOLUSDT,0.0001
2024-01-04T00:00:00Z,SOLUSDT,0.0001
2024-01-04T08:00:00Z,SOLUSDT,0.0001
2024-01-04T16:00:00Z,SOLUSDT,0.0001
2024-01-05T00:00:00Z,SOLUSDT,0.0001
2024-01-05T08:00:00Z,SOLUSDT,0.0001
2024-01-05T16:00:00Z,SOLUSDT,0.0001
2024-01-06T00:00:00Z,SOLUSDT,0.0001
2024-01-06T08:00:00Z,SOLUSDT,0.0001
2024-01-06T16:00:00Z,SOLUSDT,0.0001
2024-01-07T00:00:00Z,SOLUSDT,0.0001
2024-01-07T08:00:00Z,SOLUSDT,0.0001
2024-01-07T16:00:00Z,SOLUSDT,0.0001
2024-01-08T00:00:00Z,SOLUSDT,0.0001
2024-01-08T08:00:00Z,SOLUSDT,0.0001
2024-01-08T16:00:00Z,SOLUSDT,0.0001
2024-01-09T00:00:00Z,SOLUSDT,0.0001
2024-01-09T08:00:00Z,SOLUSDT,0.0001
2024-01-09T16:00:00Z,SOLUSDT,0.0001
2024-01-10T00:00:00Z,SOLUSDT,0.0001
2024-01-10T08:00:00Z,SOLUSDT,0.0001
2024-01-10T16:00:00Z,SOLUSDT,0.0001
2024-01-11T00:00:00Z,SOLUSDT,0.0001
2024-01-11T08:00:00Z,SOLUSDT,0.0001
2024-01-11T16:00:00Z,SOLUSDT,0.00011001
2024-01-12T00:00:00Z,SOLUSDT,0.0001
2024-01-12T08:00:00Z,SOLUSDT,0.0001
2024-01-12T16:00:00Z,SOLUSDT,0.0001
2024-01-13T00:00:00Z,SOLUSDT,0.0001
2024-01-13T08:00:00Z,SOLUSDT,0.0001
2024-01-13T16:00:00Z,SOLUSDT,0.0001
2024-01-14T00:00:00Z,SOLUSDT,0.0001
2024-01-14T08:00:00Z,SOLUSDT,0.0001
2024-01-14T16:00:00Z,SOLUSDT,0.0001
2024-01-15T00:00:00Z,SOLUSDT,0.0001
2024-01-15T08:00:00Z,SOLUSDT,0.0001
2024-01-15T16:00:00Z,SOLUSDT,0.0001
2024-01-16T00:00:00Z,SOLUSDT,0.0001
2024-01-16T08:00:00Z,SOLUSDT,0.0001
2024-01-16T16:00:00Z,SOLUSDT,0.0001
2024-01-17T00:00:00Z,SOLUSDT,0.0001
2024-01-17T08:00:00Z,SOLUSDT,0.0001
2024-01-17T16:00:00Z,SOLUSDT,0.0001
2024-01-18T00:00:00Z,SOLUSDT,0.0001
2024-01-18T08:00:00Z,SOLUSDT,0.0001
2024-01-18T16:00:00Z,SOLUSDT,0.0001
2024-01-19T00:00:00Z,SOLUSDT,0.0001
2024-01-19T08:00:00Z,SOLUSDT,0.0001
2024-01-19T16:00:00Z,SOLUSDT,0.0001
2024-01-20T00:00:00Z,SOLUSDT,0.0001
2024-01-20T08:00:00Z,SOLUSDT,0.0001
2024-01-20T16:00:00Z,SOLUSDT,0.0001
2024-01-21T00:00:00Z,SOLUSDT,0.0001
2024-01-21T08:00:00Z,SOLUSDT,0.0001
2024-01-21T16:00:00Z,SOLUSDT,0.0001
2024-01-22T00:00:00Z,SOLUSDT,0.0001
2024-01-22T08:00:00Z,SOLUSDT,0.0001
2024-01-22T16:00:00Z,SOLUSDT,0.0001
2024-01-23T00:00:00Z,SOLUSDT,0.0001
2024-01-23T08:00:00Z,SOLUSDT,0.0001
2024-01-23T16:00:00Z,SOLUSDT,0.0001
2024-01-24T00:00:00Z,SOLUSDT,0.0001
2024-01-24T08:00:00Z,SOLUSDT,0.0001
2024-01-24T16:00:00Z,SOLUSDT,0.0001
2024-01-25T00:00:00Z,SOLUSDT,0.0001
2024-01-25T08:00:00Z,SOLUSDT,0.0001
2024-01-25T16:00:00Z,SOLUSDT,0.0001
2024-01-26T00:00:00Z,SOLUSDT,0.0001
2024-01-26T08:00:00Z,SOLUSDT,0.0001
2024-01-26T16:00:00Z,SOLUSDT,0.0001
2024-01-27T00:00:00Z,SOLUSDT,0.0001
2024-01-27T08:00:00Z,SOLUSDT,0.0001
2024-01-27T16:00:00Z,SOLUSDT,0.0001
2024-01-28T00:00:00Z,SOLUSDT,0.0001
2024-01-28T08:00:00Z,SOLUSDT,0.0001
2024-01-28T16:00:00Z,SOLUSDT,0.0001
2024-01-29T00:00:00Z,SOLUSDT,0.0001
2024-01-29T08:00:00Z,SOLUSDT,0.0001
2024-01-29T16:00:00Z,SOLUSDT,0.0001
2024-01-30T00:00:00Z,SOLUSDT,0.0001
2024-01-30T08:00:00Z,SOLUSDT,0.0001
2024-01-30T16:00:00Z,SOLUSDT,0.0001
2024-01-31T00:00:00Z,SOLUSDT,0.0001
2024-01-31T08:00:00Z,SOLUSDT,0.0001
2024-01-31T16:00:00Z,SOLUSDT,0.0001
2024-02-01T00:00:00Z,SOLUSDT,0.0001
2024-02-01T08:00:00Z,SOLUSDT,0.00005823
2024-02-01T16:00:00Z,SOLUSDT,0.0001
2024-02-02T00:00:00Z,SOLUSDT,0.0001
2024-02-02T08:00:00Z,SOLUSDT,0.0001
2024-02-02T16:00:00Z,SOLUSDT,0.0001
2024-02-03T00:00:00Z,SOLUSDT,0.0001
2024-02-03T08:00:00Z,SOLUSDT,0.0001
2024-02-03T16:00:00Z,SOLUSDT,0.0001
2024-02-04T00:00:00Z,SOLUSDT,0.0001
2024-02-04T08:00:00Z,SOLUSDT,0.0001
2024-02-04T16:00:00Z,SOLUSDT,0.0001
2024-02-05T00:00:00Z,SOLUSDT,0.0001
2024-02-05T08:00:00Z,SOLUSDT,0.0001
2024-02-05T16:00:00Z,SOLUSDT,0.0001
2024-02-06T00:00:00Z,SOLUSDT,0.0001
2024-02-06T08:00:00Z,SOLUSDT,0.0001
2024-02-06T16:00:00Z,SOLUSDT,0.0001
2024-02-07T00:00:00Z,SOLUSDT,0.0001
2024-02-07T08:00:00Z,SOLUSDT,0.0001
2024-02-07T16:00:00Z,SOLUSDT,0.0001
2024-02-08T00:00:00Z,SOLUSDT,0.0001
2024-02-08T08:00:00Z,SOLUSDT,0.0001
2024-02-08T16:00:00Z,SOLUSDT,0.0001
2024-02-09T00:00:00Z,SOLUSDT,0.0001
2024-02-09T08:00:00Z,SOLUSDT,0.0001
2024-02-09T16:00:00Z,SOLUSDT,0.0001
2024-02-10T00:00:00Z,SOLUSDT,0.0001
2024-02-10T08:00:00Z,SOLUSDT,0.0001
2024-02-10T16:00:00Z,SOLUSDT,0.0001
2024-02-11T00:00:00Z,SOLUSDT,0.0001
2024-02-11T08:00:00Z,SOLUSDT,0.0001
2024-02-11T16:00:00Z,SOLUSDT,0.0001
2024-02-12T00:00:00Z,SOLUSDT,0.0001
2024-02-12T08:00:00Z,SOLUSDT,0.0001
2024-02-12T16:00:00Z,SOLUSDT,0.0001
2024-02-13T00:00:00Z,SOLUSDT,0.0001
2024-02-13T08:00:00Z,SOLUSDT,0.00025937
2024-02-13T16:00:00Z,SOLUSDT,0.00010131
2024-02-14T00:00:00Z,SOLUSDT,0.0001
2024-02-14T08:00:00Z,SOLUSDT,0.0001
2024-02-14T16:00:00Z,SOLUSDT,0.00022007
2024-02-15T00:00:00Z,SOLUSDT,0.0001
2024-02-15T08:00:00Z,SOLUSDT,0.0001
2024-02-15T16:00:00Z,SOLUSDT,0.00014198
2024-02-16T00:00:00Z,SOLUSDT,0.0001
2024-02-16T08:00:00Z,SOLUSDT,0.00026404
2024-02-16T16:00:00Z,SOLUSDT,0.0001
2024-02-17T00:00:00Z,SOLUSDT,0.00016129
2024-02-17T08:00:00Z,SOLUSDT,0.00020728
2024-02-17T16:00:00Z,SOLUSDT,0.0001
2024-02-18T00:00:00Z,SOLUSDT,0.0001
2024-02-18T08:00:00Z,SOLUSDT,0.0001
2024-02-18T16:00:00Z,SOLUSDT,0.00011442
2024-02-19T00:00:00Z,SOLUSDT,0.00016591
2024-02-19T08:00:00Z,SOLUSDT,0.00019888
2024-02-19T16:00:00Z,SOLUSDT,0.00029329
2024-02-20T00:00:00Z,SOLUSDT,0.00042516
2024-02-20T08:00:00Z,SOLUSDT,0.00030604
2024-02-20T16:00:00Z,SOLUSDT,0.0001992
2024-02-21T00:00:00Z,SOLUSDT,0.0001
2024-02-21T08:00:00Z,SOLUSDT,0.0001
2024-02-21T16:00:00Z,SOLUSDT,0.0001
2024-02-22T00:00:00Z,SOLUSDT,0.0001
2024-02-22T08:00:00Z,SOLUSDT,0.0001
2024-02-22T16:00:00Z,SOLUSDT,0.0001
2024-02-23T00:00:00Z,SOLUSDT,0.0001
2024-02-23T08:00:00Z,SOLUSDT,0.00011732
2024-02-23T16:00:00Z,SOLUSDT,0.00013271
2024-02-24T00:00:00Z,SOLUSDT,0.0001
2024-02-24T08:00:00Z,SOLUSDT,0.00021572
2024-02-24T16:00:00Z,SOLUSDT,0.00035467
2024-02-25T00:00:00Z,SOLUSDT,0.00034049
2024-02-25T08:00:00Z,SOLUSDT,0.00038558
2024-02-25T16:00:00Z,SOLUSDT,0.00045779
2024-02-26T00:00:00Z,SOLUSDT,0.00062858
2024-02-26T08:00:00Z,SOLUSDT,0.00050902
2024-02-26T16:00:00Z,SOLUSDT,0.00022305
2024-02-27T00:00:00Z,SOLUSDT,0.00073161
2024-02-27T08:00:00Z,SOLUSDT,0.00081327
2024-02-27T16:00:00Z,SOLUSDT,0.00060503
2024-02-28T00:00:00Z,SOLUSDT,0.0003806
2024-02-28T08:00:00Z,SOLUSDT,0.00054957
2024-02-28T16:00:00Z,SOLUSDT,0.00066762
2024-02-29T00:00:00Z,SOLUSDT,0.00086307
2024-02-29T08:00:00Z,SOLUSDT,0.00100496
2024-02-29T16:00:00Z,SOLUSDT,0.00084785
2024-03-01T00:00:00Z,SOLUSDT,0.0004891
2024-03-01T08:00:00Z,SOLUSDT,0.00049605
2024-03-01T16:00:00Z,SOLUSDT,0.00051148
2024-03-02T00:00:00Z,SOLUSDT,0.00046136
2024-03-02T08:00:00Z,SOLUSDT,0.00041764
2024-03-02T16:00:00Z,SOLUSDT,0.0005891
2024-03-03T00:00:00Z,SOLUSDT,0.00086223
2024-03-03T08:00:00Z,SOLUSDT,0.00072381
2024-03-03T16:00:00Z,SOLUSDT,0.00060849
2024-03-04T00:00:00Z,SOLUSDT,0.00071348
2024-03-04T08:00:00Z,SOLUSDT,0.00066946
2024-03-04T16:00:00Z,SOLUSDT,0.00081939
2024-03-05T00:00:00Z,SOLUSDT,0.00055222
2024-03-05T08:00:00Z,SOLUSDT,0.00095478
2024-03-05T16:00:00Z,SOLUSDT,0.00138762
2024-03-06T00:00:00Z,SOLUSDT,0.0001
2024-03-06T08:00:00Z,SOLUSDT,0.00020596
2024-03-06T16:00:00Z,SOLUSDT,0.00033512
2024-03-07T00:00:00Z,SOLUSDT,0.00042196
2024-03-07T08:00:00Z,SOLUSDT,0.00027558
2024-03-07T16:00:00Z,SOLUSDT,0.00095988
2024-03-08T00:00:00Z,SOLUSDT,0.00099979
2024-03-08T08:00:00Z,SOLUSDT,0.00071383
2024-03-08T16:00:00Z,SOLUSDT,0.00061268
2024-03-09T00:00:00Z,SOLUSDT,0.00023571
2024-03-09T08:00:00Z,SOLUSDT,0.00047139
2024-03-09T16:00:00Z,SOLUSDT,0.00059037
2024-03-10T00:00:00Z,SOLUSDT,0.00056979
2024-03-10T08:00:00Z,SOLUSDT,0.00088335
2024-03-10T16:00:00Z,SOLUSDT,0.00044047
2024-03-11T00:00:00Z,SOLUSDT,0.00039871
2024-03-11T08:00:00Z,SOLUSDT,0.00044333
2024-03-11T16:00:00Z,SOLUSDT,0.0007588
2024-03-12T00:00:00Z,SOLUSDT,0.00083745
2024-03-12T08:00:00Z,SOLUSDT,0.00059247
2024-03-12T16:00:00Z,SOLUSDT,0.00072737
2024-03-13T00:00:00Z,SOLUSDT,0.00073323
2024-03-13T08:00:00Z,SOLUSDT,0.00093147
2024-03-13T16:00:00Z,SOLUSDT,0.00088756
2024-03-14T00:00:00Z,SOLUSDT,0.00054055
2024-03-14T08:00:00Z,SOLUSDT,0.00069996
2024-03-14T16:00:00Z,SOLUSDT,0.00067145
2024-03-15T00:00:00Z,SOLUSDT,0.00088781
2024-03-15T08:00:00Z,SOLUSDT,0.0003007
2024-03-15T16:00:00Z,SOLUSDT,0.00022134
2024-03-16T00:00:00Z,SOLUSDT,0.00017657
2024-03-16T08:00:00Z,SOLUSDT,0.0001
2024-03-16T16:00:00Z,SOLUSDT,0.0001
2024-03-17T00:00:00Z,SOLUSDT,0.0001
2024-03-17T08:00:00Z,SOLUSDT,0.0001
2024-03-17T16:00:00Z,SOLUSDT,0.0001
2024-03-18T00:00:00Z,SOLUSDT,0.00016141
2024-03-18T08:00:00Z,SOLUSDT,0.00031725
2024-03-18T16:00:00Z,SOLUSDT,0.0002486
2024-03-19T00:00:00Z,SOLUSDT,0.0001
2024-03-19T08:00:00Z,SOLUSDT,0.0001
2024-03-19T16:00:00Z,SOLUSDT,0.0001
2024-03-20T00:00:00Z,SOLUSDT,0.0001
2024-03-20T08:00:00Z,SOLUSDT,0.0001
2024-03-20T16:00:00Z,SOLUSDT,0.0001
2024-03-21T00:00:00Z,SOLUSDT,0.0001
2024-03-21T08:00:00Z,SOLUSDT,0.0001
2024-03-21T16:00:00Z,SOLUSDT,0.0001
2024-03-22T00:00:00Z,SOLUSDT,0.00019794
2024-03-22T08:00:00Z,SOLUSDT,0.0001
2024-03-22T16:00:00Z,SOLUSDT,0.00011371
2024-03-23T00:00:00Z,SOLUSDT,0.0001
2024-03-23T08:00:00Z,SOLUSDT,0.0001
2024-03-23T16:00:00Z,SOLUSDT,0.0001
2024-03-24T00:00:00Z,SOLUSDT,0.0001
2024-03-24T08:00:00Z,SOLUSDT,0.00010394
2024-03-24T16:00:00Z,SOLUSDT,0.0001713
2024-03-25T00:00:00Z,SOLUSDT,0.00019095
2024-03-25T08:00:00Z,SOLUSDT,0.0001975
2024-03-25T16:00:00Z,SOLUSDT,0.00020806
2024-03-26T00:00:00Z,SOLUSDT,0.00023529
2024-03-26T08:00:00Z,SOLUSDT,0.00042242
2024-03-26T16:00:00Z,SOLUSDT,0.00019121
2024-03-27T00:00:00Z,SOLUSDT,0.00035834
2024-03-27T08:00:00Z,SOLUSDT,0.00040396
2024-03-27T16:00:00Z,SOLUSDT,0.00032067
2024-03-28T00:00:00Z,SOLUSDT,0.00028678
2024-03-28T08:00:00Z,SOLUSDT,0.0003681
2024-03-28T16:00:00Z,SOLUSDT,0.00046148
2024-03-29T00:00:00Z,SOLUSDT,0.00082814
2024-03-29T08:00:00Z,SOLUSDT,0.00054783
2024-03-29T16:00:00Z,SOLUSDT,0.00048436
2024-03-30T00:00:00Z,SOLUSDT,0.00072073
2024-03-30T08:00:00Z,SOLUSDT,0.00061344
2024-03-30T16:00:00Z,SOLUSDT,0.00069025
2024-03-31T00:00:00Z,SOLUSDT,0.00047078
2024-03-31T08:00:00Z,SOLUSDT,0.00059822
2024-03-31T16:00:00Z,SOLUSDT,0.00058722
2024-04-01T00:00:00Z,SOLUSDT,0.00084687
2024-04-01T08:00:00Z,SOLUSDT,0.00056757
2024-04-01T16:00:00Z,SOLUSDT,0.00027707
2024-04-02T00:00:00Z,SOLUSDT,0.00016039
2024-04-02T08:00:00Z,SOLUSDT,0.00020963
2024-04-02T16:00:00Z,SOLUSDT,0.00012127
2024-04-03T00:00:00Z,SOLUSDT,0.0001
2024-04-03T08:00:00Z,SOLUSDT,0.0001
2024-04-03T16:00:00Z,SOLUSDT,0.0001
2024-04-04T00:00:00Z,SOLUSDT,0.0001
2024-04-04T08:00:00Z,SOLUSDT,0.00015206
2024-04-04T16:00:00Z,SOLUSDT,0.00023535
2024-04-05T00:00:00Z,SOLUSDT,0.0001
2024-04-05T08:00:00Z,SOLUSDT,0.0001
2024-04-05T16:00:00Z,SOLUSDT,0.00018262
2024-04-06T00:00:00Z,SOLUSDT,0.0001
2024-04-06T08:00:00Z,SOLUSDT,0.0001
2024-04-06T16:00:00Z,SOLUSDT,0.0001
2024-04-07T00:00:00Z,SOLUSDT,0.00010229
2024-04-07T08:00:00Z,SOLUSDT,0.0001
2024-04-07T16:00:00Z,SOLUSDT,0.0001
2024-04-08T00:00:00Z,SOLUSDT,0.00035971
2024-04-08T08:00:00Z,SOLUSDT,0.00011726
2024-04-08T16:00:00Z,SOLUSDT,0.0001744
2024-04-09T00:00:00Z,SOLUSDT,0.00026253
2024-04-09T08:00:00Z,SOLUSDT,0.00027034
2024-04-09T16:00:00Z,SOLUSDT,0.00021236
2024-04-10T00:00:00Z,SOLUSDT,0.00032715
2024-04-10T08:00:00Z,SOLUSDT,0.00029655
2024-04-10T16:00:00Z,SOLUSDT,0.000145
2024-04-11T00:00:00Z,SOLUSDT,0.00023674
2024-04-11T08:00:00Z,SOLUSDT,0.00023551
2024-04-11T16:00:00Z,SOLUSDT,0.0001
2024-04-12T00:00:00Z,SOLUSDT,0.0001
2024-04-12T08:00:00Z,SOLUSDT,0.00025894
2024-04-12T16:00:00Z,SOLUSDT,0.0001
2024-04-13T00:00:00Z,SOLUSDT,0.0001
2024-04-13T08:00:00Z,SOLUSDT,0.0001
2024-04-13T16:00:00Z,SOLUSDT,0.0001
2024-04-14T00:00:00Z,SOLUSDT,-0.00006715
2024-04-14T08:00:00Z,SOLUSDT,0.0001
2024-04-14T16:00:00Z,SOLUSDT,0.00007927
2024-04-15T00:00:00Z,SOLUSDT,-0.00006716
2024-04-15T08:00:00Z,SOLUSDT,0.00009863
2024-04-15T16:00:00Z,SOLUSDT,0.00003691
2024-04-16T00:00:00Z,SOLUSDT,0.00002412
2024-04-16T08:00:00Z,SOLUSDT,0.00001327
2024-04-16T16:00:00Z,SOLUSDT,0.00009856
2024-04-17T00:00:00Z,SOLUSDT,0.0001
2024-04-17T08:00:00Z,SOLUSDT,0.0001
2024-04-17T16:00:00Z,SOLUSDT,-0.00007055
2024-04-18T00:00:00Z,SOLUSDT,0.0001
2024-04-18T08:00:00Z,SOLUSDT,-0.00015532
2024-04-18T16:00:00Z,SOLUSDT,0.00005143
2024-04-19T00:00:00Z,SOLUSDT,0.00000706
2024-04-19T08:00:00Z,SOLUSDT,0.0001
2024-04-19T16:00:00Z,SOLUSDT,0.0001
2024-04-20T00:00:00Z,SOLUSDT,0.00002565
2024-04-20T08:00:00Z,SOLUSDT,0.0000991
2024-04-20T16:00:00Z,SOLUSDT,-0.00005054
2024-04-21T00:00:00Z,SOLUSDT,0.00009711
2024-04-21T08:00:00Z,SOLUSDT,0.0001
2024-04-21T16:00:00Z,SOLUSDT,0.0001
2024-04-22T00:00:00Z,SOLUSDT,0.0001
2024-04-22T08:00:00Z,SOLUSDT,0.00004507
2024-04-22T16:00:00Z,SOLUSDT,-0.00010319
2024-04-23T00:00:00Z,SOLUSDT,0.0001
2024-04-23T08:00:00Z,SOLUSDT,0.00006834
2024-04-23T16:00:00Z,SOLUSDT,0.0001
2024-04-24T00:00:00Z,SOLUSDT,0.0001
2024-04-24T08:00:00Z,SOLUSDT,0.0001
2024-04-24T16:00:00Z,SOLUSDT,0.0001
2024-04-25T00:00:00Z,SOLUSDT,0.0001
2024-04-25T08:00:00Z,SOLUSDT,-0.00005486
2024-04-25T16:00:00Z,SOLUSDT,0.0001
2024-04-26T00:00:00Z,SOLUSDT,0.0001
2024-04-26T08:00:00Z,SOLUSDT,0.0001
2024-04-26T16:00:00Z,SOLUSDT,0.00007358
2024-04-27T00:00:00Z,SOLUSDT,0.0001
2024-04-27T08:00:00Z,SOLUSDT,0.00005479
2024-04-27T16:00:00Z,SOLUSDT,-0.0000456
2024-04-28T00:00:00Z,SOLUSDT,0.0000737
2024-04-28T08:00:00Z,SOLUSDT,0.0001
2024-04-28T16:00:00Z,SOLUSDT,0.0001
2024-04-29T00:00:00Z,SOLUSDT,0.00000704
2024-04-29T08:00:00Z,SOLUSDT,0.00000661
2024-04-29T16:00:00Z,SOLUSDT,0.0001
2024-04-30T00:00:00Z,SOLUSDT,0.0001
2024-04-30T08:00:00Z,SOLUSDT,0.0001
2024-04-30T16:00:00Z,SOLUSDT,0.0001
2024-05-01T00:00:00Z,SOLUSDT,0.00000867
2024-05-01T08:00:00Z,SOLUSDT,0.00003964
2024-05-01T16:00:00Z,SOLUSDT,-0.00000915
2024-05-02T00:00:00Z,SOLUSDT,-0.0000053
2024-05-02T08:00:00Z,SOLUSDT,0.0001
2024-05-02T16:00:00Z,SOLUSDT,0.00008261
2024-05-03T00:00:00Z,SOLUSDT,0.00006418
2024-05-03T08:00:00Z,SOLUSDT,-0.00007253
2024-05-03T16:00:00Z,SOLUSDT,0.00007433
2024-05-04T00:00:00Z,SOLUSDT,-0.00001971
2024-05-04T08:00:00Z,SOLUSDT,0.0001
2024-05-04T16:00:00Z,SOLUSDT,0.00009851
2024-05-05T00:00:00Z,SOLUSDT,0.00000463
2024-05-05T08:00:00Z,SOLUSDT,0.00004934
2024-05-05T16:00:00Z,SOLUSDT,-0.00000538
2024-05-06T00:00:00Z,SOLUSDT,0.00009882
2024-05-06T08:00:00Z,SOLUSDT,0.00008408
2024-05-06T16:00:00Z,SOLUSDT,0.00009537
2024-05-07T00:00:00Z,SOLUSDT,0.0001
2024-05-07T08:00:00Z,SOLUSDT,0.0001
2024-05-07T16:00:00Z,SOLUSDT,0.0001
2024-05-08T00:00:00Z,SOLUSDT,0.0001
2024-05-08T08:00:00Z,SOLUSDT,0.0001
2024-05-08T16:00:00Z,SOLUSDT,0.0001
2024-05-09T00:00:00Z,SOLUSDT,0.0001
2024-05-09T08:00:00Z,SOLUSDT,0.0000889
2024-05-09T16:00:00Z,SOLUSDT,0.0000455
2024-05-10T00:00:00Z,SOLUSDT,0.00009099
2024-05-10T08:00:00Z,SOLUSDT,0.0001
2024-05-10T16:00:00Z,SOLUSDT,0.0001
2024-05-11T00:00:00Z,SOLUSDT,0.0001
2024-05-11T08:00:00Z,SOLUSDT,0.0001
2024-05-11T16:00:00Z,SOLUSDT,0.00004591
2024-05-12T00:00:00Z,SOLUSDT,0.0000342
2024-05-12T08:00:00Z,SOLUSDT,0.00005706
2024-05-12T16:00:00Z,SOLUSDT,-0.00004197
2024-05-13T00:00:00Z,SOLUSDT,0.00004832
2024-05-13T08:00:00Z,SOLUSDT,0.00006881
2024-05-13T16:00:00Z,SOLUSDT,-0.00000989
2024-05-14T00:00:00Z,SOLUSDT,-0.00008479
2024-05-14T08:00:00Z,SOLUSDT,0.00005867
2024-05-14T16:00:00Z,SOLUSDT,0.0001
2024-05-15T00:00:00Z,SOLUSDT,0.0001
2024-05-15T08:00:00Z,SOLUSDT,0.00007132
2024-05-15T16:00:00Z,SOLUSDT,-0.000053
2024-05-16T00:00:00Z,SOLUSDT,0.0001
2024-05-16T08:00:00Z,SOLUSDT,0.0001
2024-05-16T16:00:00Z,SOLUSDT,0.0001
2024-05-17T00:00:00Z,SOLUSDT,0.0001
2024-05-17T08:00:00Z,SOLUSDT,0.0001
2024-05-17T16:00:00Z,SOLUSDT,0.0001
2024-05-18T00:00:00Z,SOLUSDT,0.0001
2024-05-18T08:00:00Z,SOLUSDT,0.0001
2024-05-18T16:00:00Z,SOLUSDT,0.0001
2024-05-19T00:00:00Z,SOLUSDT,0.0001
2024-05-19T08:00:00Z,SOLUSDT,0.0001
2024-05-19T16:00:00Z,SOLUSDT,0.0001
2024-05-20T00:00:00Z,SOLUSDT,0.0001
2024-05-20T08:00:00Z,SOLUSDT,0.0001
2024-05-20T16:00:00Z,SOLUSDT,0.0001
2024-05-21T00:00:00Z,SOLUSDT,0.0001
2024-05-21T08:00:00Z,SOLUSDT,0.0001
2024-05-21T16:00:00Z,SOLUSDT,0.0001
2024-05-22T00:00:00Z,SOLUSDT,0.0001
2024-05-22T08:00:00Z,SOLUSDT,0.0001
2024-05-22T16:00:00Z,SOLUSDT,0.00015025
2024-05-23T00:00:00Z,SOLUSDT,0.00021788
2024-05-23T08:00:00Z,SOLUSDT,0.00037291
2024-05-23T16:00:00Z,SOLUSDT,0.00019188
2024-05-24T00:00:00Z,SOLUSDT,0.0001
2024-05-24T08:00:00Z,SOLUSDT,0.0001
2024-05-24T16:00:00Z,SOLUSDT,0.0001
2024-05-25T00:00:00Z,SOLUSDT,0.0001
2024-05-25T08:00:00Z,SOLUSDT,0.0001
2024-05-25T16:00:00Z,SOLUSDT,0.0001
2024-05-26T00:00:00Z,SOLUSDT,0.0001
2024-05-26T08:00:00Z,SOLUSDT,0.0001
2024-05-26T16:00:00Z,SOLUSDT,0.0001
2024-05-27T00:00:00Z,SOLUSDT,0.0002203
2024-05-27T08:00:00Z,SOLUSDT,0.0001
2024-05-27T16:00:00Z,SOLUSDT,0.0001
2024-05-28T00:00:00Z,SOLUSDT,0.00012334
2024-05-28T08:00:00Z,SOLUSDT,0.0001
2024-05-28T16:00:00Z,SOLUSDT,0.000197
2024-05-29T00:00:00Z,SOLUSDT,0.00019351
2024-05-29T08:00:00Z,SOLUSDT,0.00016916
2024-05-29T16:00:00Z,SOLUSDT,0.0001
2024-05-30T00:00:00Z,SOLUSDT,0.0001
2024-05-30T08:00:00Z,SOLUSDT,0.0001
2024-05-30T16:00:00Z,SOLUSDT,0.0001
2024-05-31T00:00:00Z,SOLUSDT,0.0001
2024-05-31T08:00:00Z,SOLUSDT,0.0001
2024-05-31T16:00:00Z,SOLUSDT,0.0001
2024-06-01T00:00:00Z,SOLUSDT,0.0001
2024-06-01T08:00:00Z,SOLUSDT,0.0001
2024-06-01T16:00:00Z,SOLUSDT,0.0001582
2024-06-02T00:00:00Z,SOLUSDT,0.00016831
2024-06-02T08:00:00Z,SOLUSDT,0.00011969
2024-06-02T16:00:00Z,SOLUSDT,0.0001
2024-06-03T00:00:00Z,SOLUSDT,0.00012493
2024-06-03T08:00:00Z,SOLUSDT,0.00019728
2024-06-03T16:00:00Z,SOLUSDT,0.0001
2024-06-04T00:00:00Z,SOLUSDT,0.00012829
2024-06-04T08:00:00Z,SOLUSDT,0.0002028
2024-06-04T16:00:00Z,SOLUSDT,0.0001693
2024-06-05T00:00:00Z,SOLUSDT,0.00014066
2024-06-05T08:00:00Z,SOLUSDT,0.0001
2024-06-05T16:00:00Z,SOLUSDT,0.0001
2024-06-06T00:00:00Z,SOLUSDT,0.0001
2024-06-06T08:00:00Z,SOLUSDT,0.00015416
2024-06-06T16:00:00Z,SOLUSDT,0.0002063
2024-06-07T00:00:00Z,SOLUSDT,0.0001
2024-06-07T08:00:00Z,SOLUSDT,0.0001
2024-06-07T16:00:00Z,SOLUSDT,0.00016334
2024-06-08T00:00:00Z,SOLUSDT,0.0001
2024-06-08T08:00:00Z,SOLUSDT,0.0001
2024-06-08T16:00:00Z,SOLUSDT,0.0001
2024-06-09T00:00:00Z,SOLUSDT,0.0001
2024-06-09T08:00:00Z,SOLUSDT,0.0001
2024-06-09T16:00:00Z,SOLUSDT,0.0001
2024-06-10T00:00:00Z,SOLUSDT,0.0001
2024-06-10T08:00:00Z,SOLUSDT,0.0001
2024-06-10T16:00:00Z,SOLUSDT,0.0001
2024-06-11T00:00:00Z,SOLUSDT,0.0001
2024-06-11T08:00:00Z,SOLUSDT,0.0001
2024-06-11T16:00:00Z,SOLUSDT,0.0001
2024-06-12T00:00:00Z,SOLUSDT,0.0001
2024-06-12T08:00:00Z,SOLUSDT,0.00006766
2024-06-12T16:00:00Z,SOLUSDT,0.00004797
2024-06-13T00:00:00Z,SOLUSDT,0.0001
2024-06-13T08:00:00Z,SOLUSDT,0.0001
2024-06-13T16:00:00Z,SOLUSDT,-0.00006842
2024-06-14T00:00:00Z,SOLUSDT,0.00004886
2024-06-14T08:00:00Z,SOLUSDT,-0.00001748
2024-06-14T16:00:00Z,SOLUSDT,0.00002433
2024-06-15T00:00:00Z,SOLUSDT,-0.00001164
2024-06-15T08:00:00Z,SOLUSDT,0.00004009
2024-06-15T16:00:00Z,SOLUSDT,-0.00008576
2024-06-16T00:00:00Z,SOLUSDT,-0.00010572
2024-06-16T08:00:00Z,SOLUSDT,-0.0000279
2024-06-16T16:00:00Z,SOLUSDT,0.00006225
2024-06-17T00:00:00Z,SOLUSDT,0.00004655
2024-06-17T08:00:00Z,SOLUSDT,0.0001
2024-06-17T16:00:00Z,SOLUSDT,-0.00004301
2024-06-18T00:00:00Z,SOLUSDT,0.000017
2024-06-18T08:00:00Z,SOLUSDT,-0.0000204
2024-06-18T16:00:00Z,SOLUSDT,0.0001
2024-06-19T00:00:00Z,SOLUSDT,0.0001
2024-06-19T08:00:00Z,SOLUSDT,0.0001
2024-06-19T16:00:00Z,SOLUSDT,0.00006966
2024-06-20T00:00:00Z,SOLUSDT,-0.00002721
2024-06-20T08:00:00Z,SOLUSDT,0.0000746
2024-06-20T16:00:00Z,SOLUSDT,-0.0000524
2024-06-21T00:00:00Z,SOLUSDT,0.00008142
2024-06-21T08:00:00Z,SOLUSDT,-0.00004328
2024-06-21T16:00:00Z,SOLUSDT,0.00004955
2024-06-22T00:00:00Z,SOLUSDT,0.0001
2024-06-22T08:00:00Z,SOLUSDT,0.0001
2024-06-22T16:00:00Z,SOLUSDT,0.0001
2024-06-23T00:00:00Z,SOLUSDT,0.0001
2024-06-23T08:00:00Z,SOLUSDT,0.0001
2024-06-23T16:00:00Z,SOLUSDT,-0.00000244
2024-06-24T00:00:00Z,SOLUSDT,0.0001
2024-06-24T08:00:00Z,SOLUSDT,-0.00014642
2024-06-24T16:00:00Z,SOLUSDT,0.00005292
2024-06-25T00:00:00Z,SOLUSDT,0.00006696
2024-06-25T08:00:00Z,SOLUSDT,0.0000642
2024-06-25T16:00:00Z,SOLUSDT,0.00003359
2024-06-26T00:00:00Z,SOLUSDT,-0.00008565
2024-06-26T08:00:00Z,SOLUSDT,0.00002563
2024-06-26T16:00:00Z,SOLUSDT,0.00001135
2024-06-27T00:00:00Z,SOLUSDT,-0.00006179
2024-06-27T08:00:00Z,SOLUSDT,-0.00000553
2024-06-27T16:00:00Z,SOLUSDT,0.0001
2024-06-28T00:00:00Z,SOLUSDT,0.0001
2024-06-28T08:00:00Z,SOLUSDT,-0.00002543
2024-06-28T16:00:00Z,SOLUSDT,-0.00004269
2024-06-29T00:00:00Z,SOLUSDT,0.0001
2024-06-29T08:00:00Z,SOLUSDT,0.00007723
2024-06-29T16:00:00Z,SOLUSDT,0.0001
2024-06-30T00:00:00Z,SOLUSDT,0.0001
2024-06-30T08:00:00Z,SOLUSDT,0.00006466
2024-06-30T16:00:00Z,SOLUSDT,0.00002088
2024-07-01T00:00:00Z,SOLUSDT,-0.00007302
2024-07-01T08:00:00Z,SOLUSDT,0.0000104
2024-07-01T16:00:00Z,SOLUSDT,0.00006487
2024-07-02T00:00:00Z,SOLUSDT,0.0001
2024-07-02T08:00:00Z,SOLUSDT,0.00006277
2024-07-02T16:00:00Z,SOLUSDT,-0.00000359
2024-07-03T00:00:00Z,SOLUSDT,0.0001
2024-07-03T08:00:00Z,SOLUSDT,0.00008392
2024-07-03T16:00:00Z,SOLUSDT,0.00009513
2024-07-04T00:00:00Z,SOLUSDT,-0.0000651
2024-07-04T08:00:00Z,SOLUSDT,-0.00004828
2024-07-04T16:00:00Z,SOLUSDT,0.00005748
2024-07-05T00:00:00Z,SOLUSDT,-0.0001852
2024-07-05T08:00:00Z,SOLUSDT,0.00005681
2024-07-05T16:00:00Z,SOLUSDT,-0.00014157
2024-07-06T00:00:00Z,SOLUSDT,-0.00002687
2024-07-06T08:00:00Z,SOLUSDT,0.00002487
2024-07-06T16:00:00Z,SOLUSDT,-0.00005036
2024-07-07T00:00:00Z,SOLUSDT,-0.00008852
2024-07-07T08:00:00Z,SOLUSDT,0.0001
2024-07-07T16:00:00Z,SOLUSDT,0.00004559
2024-07-08T00:00:00Z,SOLUSDT,-0.00004987
2024-07-08T08:00:00Z,SOLUSDT,-0.00010705
2024-07-08T16:00:00Z,SOLUSDT,0.0001
2024-07-09T00:00:00Z,SOLUSDT,0.0001
2024-07-09T08:00:00Z,SOLUSDT,0.0001
2024-07-09T16:00:00Z,SOLUSDT,-0.00005496
2024-07-10T00:00:00Z,SOLUSDT,0.00008894
2024-07-10T08:00:00Z,SOLUSDT,0.0001
2024-07-10T16:00:00Z,SOLUSDT,0.00004032
2024-07-11T00:00:00Z,SOLUSDT,-0.00000917
2024-07-11T08:00:00Z,SOLUSDT,0.00000473
2024-07-11T16:00:00Z,SOLUSDT,-0.00011018
2024-07-12T00:00:00Z,SOLUSDT,-0.00009342
2024-07-12T08:00:00Z,SOLUSDT,-0.00014482
2024-07-12T16:00:00Z,SOLUSDT,0.00001849
2024-07-13T00:00:00Z,SOLUSDT,-0.0001211
2024-07-13T08:00:00Z,SOLUSDT,0.00005638
2024-07-13T16:00:00Z,SOLUSDT,0.00008659
2024-07-14T00:00:00Z,SOLUSDT,0.00006049
2024-07-14T08:00:00Z,SOLUSDT,-0.00000034
2024-07-14T16:00:00Z,SOLUSDT,-0.00007839
2024-07-15T00:00:00Z,SOLUSDT,0.0000931
2024-07-15T08:00:00Z,SOLUSDT,-0.00003161
2024-07-15T16:00:00Z,SOLUSDT,0.0001
2024-07-16T00:00:00Z,SOLUSDT,0.0001
2024-07-16T08:00:00Z,SOLUSDT,0.0001
2024-07-16T16:00:00Z,SOLUSDT,0.0001
2024-07-17T00:00:00Z,SOLUSDT,0.00009834
2024-07-17T08:00:00Z,SOLUSDT,0.0001
2024-07-17T16:00:00Z,SOLUSDT,0.0001
2024-07-18T00:00:00Z,SOLUSDT,0.0001
2024-07-18T08:00:00Z,SOLUSDT,0.0001
2024-07-18T16:00:00Z,SOLUSDT,0.00005031
2024-07-19T00:00:00Z,SOLUSDT,0.0001
2024-07-19T08:00:00Z,SOLUSDT,0.0001
2024-07-19T16:00:00Z,SOLUSDT,0.00002398
2024-07-20T00:00:00Z,SOLUSDT,0.0001
2024-07-20T08:00:00Z,SOLUSDT,0.00007826
2024-07-20T16:00:00Z,SOLUSDT,-0.00001771
2024-07-21T00:00:00Z,SOLUSDT,0.0001
2024-07-21T08:00:00Z,SOLUSDT,0.0001
2024-07-21T16:00:00Z,SOLUSDT,0.0001
2024-07-22T00:00:00Z,SOLUSDT,0.0001
2024-07-22T08:00:00Z,SOLUSDT,0.0001
2024-07-22T16:00:00Z,SOLUSDT,0.00007202
2024-07-23T00:00:00Z,SOLUSDT,0.0001
2024-07-23T08:00:00Z,SOLUSDT,0.0001
2024-07-23T16:00:00Z,SOLUSDT,0.0001
2024-07-24T00:00:00Z,SOLUSDT,0.0001
2024-07-24T08:00:00Z,SOLUSDT,0.0001
2024-07-24T16:00:00Z,SOLUSDT,0.0001
2024-07-25T00:00:00Z,SOLUSDT,0.0001
2024-07-25T08:00:00Z,SOLUSDT,0.0001
2024-07-25T16:00:00Z,SOLUSDT,0.0001
2024-07-26T00:00:00Z,SOLUSDT,0.00007344
2024-07-26T08:00:00Z,SOLUSDT,0.0001
2024-07-26T16:00:00Z,SOLUSDT,0.0001
2024-07-27T00:00:00Z,SOLUSDT,0.0001
2024-07-27T08:00:00Z,SOLUSDT,0.0001
2024-07-27T16:00:00Z,SOLUSDT,0.0001
2024-07-28T00:00:00Z,SOLUSDT,0.0001
2024-07-28T08:00:00Z,SOLUSDT,0.0001
2024-07-28T16:00:00Z,SOLUSDT,0.0001
2024-07-29T00:00:00Z,SOLUSDT,0.0001
2024-07-29T08:00:00Z,SOLUSDT,0.0001
2024-07-29T16:00:00Z,SOLUSDT,0.0001
2024-07-30T00:00:00Z,SOLUSDT,0.0001
2024-07-30T08:00:00Z,SOLUSDT,0.00004649
2024-07-30T16:00:00Z,SOLUSDT,0.0001
2024-07-31T00:00:00Z,SOLUSDT,0.00007149
2024-07-31T08:00:00Z,SOLUSDT,0.0001
2024-07-31T16:00:00Z,SOLUSDT,0.0001
2024-08-01T00:00:00Z,SOLUSDT,-0.00001047
2024-08-01T08:00:00Z,SOLUSDT,-0.00009802
2024-08-01T16:00:00Z,SOLUSDT,0.00005477
2024-08-02T00:00:00Z,SOLUSDT,-0.0000989
2024-08-02T08:00:00Z,SOLUSDT,-0.00006481
2024-08-02T16:00:00Z,SOLUSDT,0.00002235
2024-08-03T00:00:00Z,SOLUSDT,0.00005941
2024-08-03T08:00:00Z,SOLUSDT,0.00002033
2024-08-03T16:00:00Z,SOLUSDT,0.0001
2024-08-04T00:00:00Z,SOLUSDT,-0.00006666
2024-08-04T08:00:00Z,SOLUSDT,-0.00005025
2024-08-04T16:00:00Z,SOLUSDT,0.00006809
2024-08-05T00:00:00Z,SOLUSDT,0.00007244
2024-08-05T08:00:00Z,SOLUSDT,-0.00026659
2024-08-05T16:00:00Z,SOLUSDT,-0.00021692
2024-08-06T00:00:00Z,SOLUSDT,-0.00011839
2024-08-06T08:00:00Z,SOLUSDT,-0.0003212
2024-08-06T16:00:00Z,SOLUSDT,-0.00002416
2024-08-07T00:00:00Z,SOLUSDT,-0.00009821
2024-08-07T08:00:00Z,SOLUSDT,0.00001757
2024-08-07T16:00:00Z,SOLUSDT,-0.0000048
2024-08-08T00:00:00Z,SOLUSDT,0.0001
2024-08-08T08:00:00Z,SOLUSDT,0.00007156
2024-08-08T16:00:00Z,SOLUSDT,-0.00006616
2024-08-09T00:00:00Z,SOLUSDT,-0.00000242
2024-08-09T08:00:00Z,SOLUSDT,-0.00009903
2024-08-09T16:00:00Z,SOLUSDT,0.0001
2024-08-10T00:00:00Z,SOLUSDT,-0.00000377
2024-08-10T08:00:00Z,SOLUSDT,0.0001
2024-08-10T16:00:00Z,SOLUSDT,-0.00004052
2024-08-11T00:00:00Z,SOLUSDT,0.00003312
2024-08-11T08:00:00Z,SOLUSDT,0.00000207
2024-08-11T16:00:00Z,SOLUSDT,-0.00008011
2024-08-12T00:00:00Z,SOLUSDT,0.00004429
2024-08-12T08:00:00Z,SOLUSDT,-0.00001518
2024-08-12T16:00:00Z,SOLUSDT,-0.00006146
2024-08-13T00:00:00Z,SOLUSDT,-0.00027205
2024-08-13T08:00:00Z,SOLUSDT,0
2024-08-13T16:00:00Z,SOLUSDT,-0.00001666
2024-08-14T00:00:00Z,SOLUSDT,-0.00011335
2024-08-14T08:00:00Z,SOLUSDT,-0.00008346
2024-08-14T16:00:00Z,SOLUSDT,-0.00000518
2024-08-15T00:00:00Z,SOLUSDT,-0.00007754
2024-08-15T08:00:00Z,SOLUSDT,-0.00009108
2024-08-15T16:00:00Z,SOLUSDT,0.00003527
2024-08-16T00:00:00Z,SOLUSDT,0.00004194
2024-08-16T08:00:00Z,SOLUSDT,0.0001
2024-08-16T16:00:00Z,SOLUSDT,-0.00016606
2024-08-17T00:00:00Z,SOLUSDT,0.000001
2024-08-17T08:00:00Z,SOLUSDT,-0.00024726
2024-08-17T16:00:00Z,SOLUSDT,-0.00003484
2024-08-18T00:00:00Z,SOLUSDT,0.0001
2024-08-18T08:00:00Z,SOLUSDT,-0.00002329
2024-08-18T16:00:00Z,SOLUSDT,-0.00005206
2024-08-19T00:00:00Z,SOLUSDT,-0.00007681
2024-08-19T08:00:00Z,SOLUSDT,-0.00009765
2024-08-19T16:00:00Z,SOLUSDT,0.00000661
2024-08-20T00:00:00Z,SOLUSDT,-0.00007871
2024-08-20T08:00:00Z,SOLUSDT,0.00005265
2024-08-20T16:00:00Z,SOLUSDT,-0.0001008
2024-08-21T00:00:00Z,SOLUSDT,0.00006811
2024-08-21T08:00:00Z,SOLUSDT,0.00009754
2024-08-21T16:00:00Z,SOLUSDT,-0.00019045
2024-08-22T00:00:00Z,SOLUSDT,0.00003872
2024-08-22T08:00:00Z,SOLUSDT,0.00005064
2024-08-22T16:00:00Z,SOLUSDT,0.00000615
2024-08-23T00:00:00Z,SOLUSDT,0.00001503
2024-08-23T08:00:00Z,SOLUSDT,0.00005616
2024-08-23T16:00:00Z,SOLUSDT,-0.00006699
2024-08-24T00:00:00Z,SOLUSDT,0.0001
2024-08-24T08:00:00Z,SOLUSDT,0.0001
2024-08-24T16:00:00Z,SOLUSDT,0.0001
2024-08-25T00:00:00Z,SOLUSDT,0.0001
2024-08-25T08:00:00Z,SOLUSDT,0.0001
2024-08-25T16:00:00Z,SOLUSDT,0.0001
2024-08-26T00:00:00Z,SOLUSDT,0.0001
2024-08-26T08:00:00Z,SOLUSDT,0.0001
2024-08-26T16:00:00Z,SOLUSDT,0.00007958
2024-08-27T00:00:00Z,SOLUSDT,0.00009526
2024-08-27T08:00:00Z,SOLUSDT,0.00002816
2024-08-27T16:00:00Z,SOLUSDT,0.00008904
2024-08-28T00:00:00Z,SOLUSDT,-0.00002758
2024-08-28T08:00:00Z,SOLUSDT,0.00001254
2024-08-28T16:00:00Z,SOLUSDT,-0.00008111
2024-08-29T00:00:00Z,SOLUSDT,-0.00008348
2024-08-29T08:00:00Z,SOLUSDT,-0.00008211
2024-08-29T16:00:00Z,SOLUSDT,0.00000843
2024-08-30T00:00:00Z,SOLUSDT,-0.000104
2024-08-30T08:00:00Z,SOLUSDT,-0.00017178
2024-08-30T16:00:00Z,SOLUSDT,-0.00016989
2024-08-31T00:00:00Z,SOLUSDT,-0.00008592
2024-08-31T08:00:00Z,SOLUSDT,-0.00000059
2024-08-31T16:00:00Z,SOLUSDT,-0.00017295
2024-09-01T00:00:00Z,SOLUSDT,-0.00017995
2024-09-01T08:00:00Z,SOLUSDT,-0.00010891
2024-09-01T16:00:00Z,SOLUSDT,-0.00006254
2024-09-02T00:00:00Z,SOLUSDT,-0.0001849
2024-09-02T08:00:00Z,SOLUSDT,-0.00017759
2024-09-02T16:00:00Z,SOLUSDT,-0.00008759
2024-09-03T00:00:00Z,SOLUSDT,-0.00025718
2024-09-03T08:00:00Z,SOLUSDT,-0.00006342
2024-09-03T16:00:00Z,SOLUSDT,-0.0001946
2024-09-04T00:00:00Z,SOLUSDT,-0.00011592
2024-09-04T08:00:00Z,SOLUSDT,-0.0001621
2024-09-04T16:00:00Z,SOLUSDT,-0.00002677
2024-09-05T00:00:00Z,SOLUSDT,-0.00005911
2024-09-05T08:00:00Z,SOLUSDT,0.00003522
2024-09-05T16:00:00Z,SOLUSDT,0.000081
2024-09-06T00:00:00Z,SOLUSDT,-0.00008059
2024-09-06T08:00:00Z,SOLUSDT,0.00005267
2024-09-06T16:00:00Z,SOLUSDT,-0.00003213
2024-09-07T00:00:00Z,SOLUSDT,-0.00016893
2024-09-07T08:00:00Z,SOLUSDT,-0.00009795
2024-09-07T16:00:00Z,SOLUSDT,0.0000035
2024-09-08T00:00:00Z,SOLUSDT,-0.00001138
2024-09-08T08:00:00Z,SOLUSDT,0.00001227
2024-09-08T16:00:00Z,SOLUSDT,-0.00002252
2024-09-09T00:00:00Z,SOLUSDT,0.00008367
2024-09-09T08:00:00Z,SOLUSDT,0.00008074
2024-09-09T16:00:00Z,SOLUSDT,-0.00004882
2024-09-10T00:00:00Z,SOLUSDT,0.0001
2024-09-10T08:00:00Z,SOLUSDT,0.0001
2024-09-10T16:00:00Z,SOLUSDT,0.00008925
2024-09-11T00:00:00Z,SOLUSDT,0.00000287
2024-09-11T08:00:00Z,SOLUSDT,-0.00021503
2024-09-11T16:00:00Z,SOLUSDT,-0.0001031
2024-09-12T00:00:00Z,SOLUSDT,-0.00009585
2024-09-12T08:00:00Z,SOLUSDT,0.0001
2024-09-12T16:00:00Z,SOLUSDT,0.00001978
2024-09-13T00:00:00Z,SOLUSDT,0.0001
2024-09-13T08:00:00Z,SOLUSDT,-0.00002381
2024-09-13T16:00:00Z,SOLUSDT,0.00000548
2024-09-14T00:00:00Z,SOLUSDT,0.0000271
2024-09-14T08:00:00Z,SOLUSDT,-0.00000591
2024-09-14T16:00:00Z,SOLUSDT,0.0000034
2024-09-15T00:00:00Z,SOLUSDT,0.00004978
2024-09-15T08:00:00Z,SOLUSDT,-0.0000545
2024-09-15T16:00:00Z,SOLUSDT,-0.00000167
2024-09-16T00:00:00Z,SOLUSDT,-0.0000551
2024-09-16T08:00:00Z,SOLUSDT,-0.00013451
2024-09-16T16:00:00Z,SOLUSDT,0.00002941
2024-09-17T00:00:00Z,SOLUSDT,0.00000789
2024-09-17T08:00:00Z,SOLUSDT,0.00009297
2024-09-17T16:00:00Z,SOLUSDT,0.00007015
2024-09-18T00:00:00Z,SOLUSDT,-0.000023
2024-09-18T08:00:00Z,SOLUSDT,-0.00002125
2024-09-18T16:00:00Z,SOLUSDT,-0.00006542
2024-09-19T00:00:00Z,SOLUSDT,0.00003667
2024-09-19T08:00:00Z,SOLUSDT,0.0001
2024-09-19T16:00:00Z,SOLUSDT,0.0001
2024-09-20T00:00:00Z,SOLUSDT,0.0001
2024-09-20T08:00:00Z,SOLUSDT,0.0001
2024-09-20T16:00:00Z,SOLUSDT,0.0001
2024-09-21T00:00:00Z,SOLUSDT,0.0001
2024-09-21T08:00:00Z,SOLUSDT,0.0001
2024-09-21T16:00:00Z,SOLUSDT,0.0000685
2024-09-22T00:00:00Z,SOLUSDT,0.0001
2024-09-22T08:00:00Z,SOLUSDT,0.00003219
2024-09-22T16:00:00Z,SOLUSDT,0.00003305
2024-09-23T00:00:00Z,SOLUSDT,0.0001
2024-09-23T08:00:00Z,SOLUSDT,0.0001
2024-09-23T16:00:00Z,SOLUSDT,0.00001753
2024-09-24T00:00:00Z,SOLUSDT,0.00004334
2024-09-24T08:00:00Z,SOLUSDT,0.00001874
2024-09-24T16:00:00Z,SOLUSDT,0.00009527
2024-09-25T00:00:00Z,SOLUSDT,0.0001
2024-09-25T08:00:00Z,SOLUSDT,0.0001
2024-09-25T16:00:00Z,SOLUSDT,0.00000786
2024-09-26T00:00:00Z,SOLUSDT,0.00003633
2024-09-26T08:00:00Z,SOLUSDT,0.0001
2024-09-26T16:00:00Z,SOLUSDT,0.0001
2024-09-27T00:00:00Z,SOLUSDT,0.00004288
2024-09-27T08:00:00Z,SOLUSDT,0.0001
2024-09-27T16:00:00Z,SOLUSDT,0.0001
2024-09-28T00:00:00Z,SOLUSDT,0.00005044
2024-09-28T08:00:00Z,SOLUSDT,0.0000432
2024-09-28T16:00:00Z,SOLUSDT,0.0001
2024-09-29T00:00:00Z,SOLUSDT,0.00003866
2024-09-29T08:00:00Z,SOLUSDT,0.00009558
2024-09-29T16:00:00Z,SOLUSDT,0.00001295
2024-09-30T00:00:00Z,SOLUSDT,0.0001
2024-09-30T08:00:00Z,SOLUSDT,0.00004426
2024-09-30T16:00:00Z,SOLUSDT,0.0001
2024-10-01T00:00:00Z,SOLUSDT,0.0001
2024-10-01T08:00:00Z,SOLUSDT,0.0001
2024-10-01T16:00:00Z,SOLUSDT,0.0001
2024-10-02T00:00:00Z,SOLUSDT,0.0000666
2024-10-02T08:00:00Z,SOLUSDT,0.0000931
2024-10-02T16:00:00Z,SOLUSDT,0.00001925
2024-10-03T00:00:00Z,SOLUSDT,-0.00001816
2024-10-03T08:00:00Z,SOLUSDT,-0.00003499
2024-10-03T16:00:00Z,SOLUSDT,-0.00002491
2024-10-04T00:00:00Z,SOLUSDT,-0.00001078
2024-10-04T08:00:00Z,SOLUSDT,-0.00002306
2024-10-04T16:00:00Z,SOLUSDT,0.00006032
2024-10-05T00:00:00Z,SOLUSDT,0.00004809
2024-10-05T08:00:00Z,SOLUSDT,0.00002911
2024-10-05T16:00:00Z,SOLUSDT,-0.00010527
2024-10-06T00:00:00Z,SOLUSDT,-0.00004995
2024-10-06T08:00:00Z,SOLUSDT,0.00006914
2024-10-06T16:00:00Z,SOLUSDT,-0.00001346
2024-10-07T00:00:00Z,SOLUSDT,-0.0001172
2024-10-07T08:00:00Z,SOLUSDT,0.00005255
2024-10-07T16:00:00Z,SOLUSDT,0.00007548
2024-10-08T00:00:00Z,SOLUSDT,-0.0000371
2024-10-08T08:00:00Z,SOLUSDT,-0.00004569
2024-10-08T16:00:00Z,SOLUSDT,0.00005986
2024-10-09T00:00:00Z,SOLUSDT,-0.00007948
2024-10-09T08:00:00Z,SOLUSDT,-0.00002975
2024-10-09T16:00:00Z,SOLUSDT,-0.00002694
2024-10-10T00:00:00Z,SOLUSDT,0.00003159
2024-10-10T08:00:00Z,SOLUSDT,0.00004683
2024-10-10T16:00:00Z,SOLUSDT,-0.00002377
2024-10-11T00:00:00Z,SOLUSDT,-0.00004977
2024-10-11T08:00:00Z,SOLUSDT,0.00000499
2024-10-11T16:00:00Z,SOLUSDT,0.0001
2024-10-12T00:00:00Z,SOLUSDT,0.0001
2024-10-12T08:00:00Z,SOLUSDT,0.0001
2024-10-12T16:00:00Z,SOLUSDT,0.0001
2024-10-13T00:00:00Z,SOLUSDT,0.0001
2024-10-13T08:00:00Z,SOLUSDT,0.0001
2024-10-13T16:00:00Z,SOLUSDT,0.0001
2024-10-14T00:00:00Z,SOLUSDT,0.0001
2024-10-14T08:00:00Z,SOLUSDT,0.0001
2024-10-14T16:00:00Z,SOLUSDT,0.0001
2024-10-15T00:00:00Z,SOLUSDT,0.0001
2024-10-15T08:00:00Z,SOLUSDT,0.0001
2024-10-15T16:00:00Z,SOLUSDT,0.0001
2024-10-16T00:00:00Z,SOLUSDT,0.0001
2024-10-16T08:00:00Z,SOLUSDT,0.00003527
2024-10-16T16:00:00Z,SOLUSDT,0.0001
2024-10-17T00:00:00Z,SOLUSDT,0.0001
2024-10-17T08:00:00Z,SOLUSDT,0.0001
2024-10-17T16:00:00Z,SOLUSDT,0.0001
2024-10-18T00:00:00Z,SOLUSDT,0.00004978
2024-10-18T08:00:00Z,SOLUSDT,0.0001
2024-10-18T16:00:00Z,SOLUSDT,0.0001
2024-10-19T00:00:00Z,SOLUSDT,0.0001
2024-10-19T08:00:00Z,SOLUSDT,0.0001
2024-10-19T16:00:00Z,SOLUSDT,0.0001
2024-10-20T00:00:00Z,SOLUSDT,0.0001
2024-10-20T08:00:00Z,SOLUSDT,0.0001
2024-10-20T16:00:00Z,SOLUSDT,0.0001
2024-10-21T00:00:00Z,SOLUSDT,0.0001
2024-10-21T08:00:00Z,SOLUSDT,0.0001
2024-10-21T16:00:00Z,SOLUSDT,0.0001
2024-10-22T00:00:00Z,SOLUSDT,0.0001
2024-10-22T08:00:00Z,SOLUSDT,0.0001
2024-10-22T16:00:00Z,SOLUSDT,0.0001
2024-10-23T00:00:00Z,SOLUSDT,0.0001
2024-10-23T08:00:00Z,SOLUSDT,0.0001
2024-10-23T16:00:00Z,SOLUSDT,0.0001
2024-10-24T00:00:00Z,SOLUSDT,0.0001
2024-10-24T08:00:00Z,SOLUSDT,0.0001
2024-10-24T16:00:00Z,SOLUSDT,0.0001
2024-10-25T00:00:00Z,SOLUSDT,0.0001
2024-10-25T08:00:00Z,SOLUSDT,0.00009782
2024-10-25T16:00:00Z,SOLUSDT,0.0001
2024-10-26T00:00:00Z,SOLUSDT,0.0001
2024-10-26T08:00:00Z,SOLUSDT,0.0001
2024-10-26T16:00:00Z,SOLUSDT,0.0001
2024-10-27T00:00:00Z,SOLUSDT,0.0001
2024-10-27T08:00:00Z,SOLUSDT,0.00004777
2024-10-27T16:00:00Z,SOLUSDT,0.00000266
2024-10-28T00:00:00Z,SOLUSDT,-0.00005144
2024-10-28T08:00:00Z,SOLUSDT,0.00004382
2024-10-28T16:00:00Z,SOLUSDT,-0.00003627
2024-10-29T00:00:00Z,SOLUSDT,0.0001
2024-10-29T08:00:00Z,SOLUSDT,0.0001
2024-10-29T16:00:00Z,SOLUSDT,0.0001
2024-10-30T00:00:00Z,SOLUSDT,0.0001
2024-10-30T08:00:00Z,SOLUSDT,0.0001
2024-10-30T16:00:00Z,SOLUSDT,0.0001
2024-10-31T00:00:00Z,SOLUSDT,0.0001
2024-10-31T08:00:00Z,SOLUSDT,0.0001
2024-10-31T16:00:00Z,SOLUSDT,0.0001
2024-11-01T00:00:00Z,SOLUSDT,0.0001
2024-11-01T08:00:00Z,SOLUSDT,0.0001
2024-11-01T16:00:00Z,SOLUSDT,0.0001
2024-11-02T00:00:00Z,SOLUSDT,0.0001
2024-11-02T08:00:00Z,SOLUSDT,0.0001
2024-11-02T16:00:00Z,SOLUSDT,0.0001
2024-11-03T00:00:00Z,SOLUSDT,0.00004113
2024-11-03T08:00:00Z,SOLUSDT,0.0001
2024-11-03T16:00:00Z,SOLUSDT,0.0001
2024-11-04T00:00:00Z,SOLUSDT,0.0001
2024-11-04T08:00:00Z,SOLUSDT,0.0001
2024-11-04T16:00:00Z,SOLUSDT,0.00002139
2024-11-05T00:00:00Z,SOLUSDT,0.0000298
2024-11-05T08:00:00Z,SOLUSDT,0.0001
2024-11-05T16:00:00Z,SOLUSDT,-0.00001264
2024-11-06T00:00:00Z,SOLUSDT,-0.00005708
2024-11-06T08:00:00Z,SOLUSDT,0.0001
2024-11-06T16:00:00Z,SOLUSDT,0.0001
2024-11-07T00:00:00Z,SOLUSDT,0.0001
2024-11-07T08:00:00Z,SOLUSDT,0.00016831
2024-11-07T16:00:00Z,SOLUSDT,0.0001
2024-11-08T00:00:00Z,SOLUSDT,0.0001
2024-11-08T08:00:00Z,SOLUSDT,0.0001
2024-11-08T16:00:00Z,SOLUSDT,0.0001
2024-11-09T00:00:00Z,SOLUSDT,0.0001
2024-11-09T08:00:00Z,SOLUSDT,0.00015578
2024-11-09T16:00:00Z,SOLUSDT,0.0001
2024-11-10T00:00:00Z,SOLUSDT,0.0001
2024-11-10T08:00:00Z,SOLUSDT,0.00033635
2024-11-10T16:00:00Z,SOLUSDT,0.00035287
2024-11-11T00:00:00Z,SOLUSDT,0.00039465
2024-11-11T08:00:00Z,SOLUSDT,0.0001
2024-11-11T16:00:00Z,SOLUSDT,0.00019047
2024-11-12T00:00:00Z,SOLUSDT,0.0001
2024-11-12T08:00:00Z,SOLUSDT,0.00055079
2024-11-12T16:00:00Z,SOLUSDT,0.00057029
2024-11-13T00:00:00Z,SOLUSDT,0.00043958
2024-11-13T08:00:00Z,SOLUSDT,0.00020718
2024-11-13T16:00:00Z,SOLUSDT,0.00024003
2024-11-14T00:00:00Z,SOLUSDT,0.00013097
2024-11-14T08:00:00Z,SOLUSDT,0.00021953
2024-11-14T16:00:00Z,SOLUSDT,0.0001
2024-11-15T00:00:00Z,SOLUSDT,0.0001
2024-11-15T08:00:00Z,SOLUSDT,0.0001
2024-11-15T16:00:00Z,SOLUSDT,0.0001
2024-11-16T00:00:00Z,SOLUSDT,0.00033752
2024-11-16T08:00:00Z,SOLUSDT,0.00025338
2024-11-16T16:00:00Z,SOLUSDT,0.0001
2024-11-17T00:00:00Z,SOLUSDT,0.00016995
2024-11-17T08:00:00Z,SOLUSDT,0.00036217
2024-11-17T16:00:00Z,SOLUSDT,0.000479
2024-11-18T00:00:00Z,SOLUSDT,0.00023215
2024-11-18T08:00:00Z,SOLUSDT,0.00043922
2024-11-18T16:00:00Z,SOLUSDT,0.00035653
2024-11-19T00:00:00Z,SOLUSDT,0.00025108
2024-11-19T08:00:00Z,SOLUSDT,0.00052206
2024-11-19T16:00:00Z,SOLUSDT,0.0001793
2024-11-20T00:00:00Z,SOLUSDT,0.0001
2024-11-20T08:00:00Z,SOLUSDT,0.0001
2024-11-20T16:00:00Z,SOLUSDT,0.0001
2024-11-21T00:00:00Z,SOLUSDT,0.0001
2024-11-21T08:00:00Z,SOLUSDT,0.0001
2024-11-21T16:00:00Z,SOLUSDT,0.00040386
2024-11-22T00:00:00Z,SOLUSDT,0.0003706
2024-11-22T08:00:00Z,SOLUSDT,0.00057742
2024-11-22T16:00:00Z,SOLUSDT,0.00018091
2024-11-23T00:00:00Z,SOLUSDT,0.00019082
2024-11-23T08:00:00Z,SOLUSDT,0.00033664
2024-11-23T16:00:00Z,SOLUSDT,0.00038443
2024-11-24T00:00:00Z,SOLUSDT,0.00022246
2024-11-24T08:00:00Z,SOLUSDT,0.0002937
2024-11-24T16:00:00Z,SOLUSDT,0.00022584
2024-11-25T00:00:00Z,SOLUSDT,0.0002249
2024-11-25T08:00:00Z,SOLUSDT,0.00025352
2024-11-25T16:00:00Z,SOLUSDT,0.00027611
2024-11-26T00:00:00Z,SOLUSDT,0.0001
2024-11-26T08:00:00Z,SOLUSDT,0.0001
2024-11-26T16:00:00Z,SOLUSDT,0.0001
2024-11-27T00:00:00Z,SOLUSDT,0.0001
2024-11-27T08:00:00Z,SOLUSDT,0.00011439
2024-11-27T16:00:00Z,SOLUSDT,0.00010353
2024-11-28T00:00:00Z,SOLUSDT,0.0002786
2024-11-28T08:00:00Z,SOLUSDT,0.00023641
2024-11-28T16:00:00Z,SOLUSDT,0.0001
2024-11-29T00:00:00Z,SOLUSDT,0.00014601
2024-11-29T08:00:00Z,SOLUSDT,0.00025179
2024-11-29T16:00:00Z,SOLUSDT,0.00034883
2024-11-30T00:00:00Z,SOLUSDT,0.00033037
2024-11-30T08:00:00Z,SOLUSDT,0.00032214
2024-11-30T16:00:00Z,SOLUSDT,0.00028714
2024-12-01T00:00:00Z,SOLUSDT,0.00033176
2024-12-01T08:00:00Z,SOLUSDT,0.00014083
2024-12-01T16:00:00Z,SOLUSDT,0.00033284
2024-12-02T00:00:00Z,SOLUSDT,0.00045393
2024-12-02T08:00:00Z,SOLUSDT,0.0004121
2024-12-02T16:00:00Z,SOLUSDT,0.00040855
2024-12-03T00:00:00Z,SOLUSDT,0.00044601
2024-12-03T08:00:00Z,SOLUSDT,0.00067383
2024-12-03T16:00:00Z,SOLUSDT,0.00051121
2024-12-04T00:00:00Z,SOLUSDT,0.00058476
2024-12-04T08:00:00Z,SOLUSDT,0.00045308
2024-12-04T16:00:00Z,SOLUSDT,0.00061973
2024-12-05T00:00:00Z,SOLUSDT,0.00044221
2024-12-05T08:00:00Z,SOLUSDT,0.00062607
2024-12-05T16:00:00Z,SOLUSDT,0.00063745
2024-12-06T00:00:00Z,SOLUSDT,0.00058546
2024-12-06T08:00:00Z,SOLUSDT,0.00069202
2024-12-06T16:00:00Z,SOLUSDT,0.00016635
2024-12-07T00:00:00Z,SOLUSDT,0.0005978
2024-12-07T08:00:00Z,SOLUSDT,0.00035755
2024-12-07T16:00:00Z,SOLUSDT,0.00053257
2024-12-08T00:00:00Z,SOLUSDT,0.00051876
2024-12-08T08:00:00Z,SOLUSDT,0.00035584
2024-12-08T16:00:00Z,SOLUSDT,0.00028726
2024-12-09T00:00:00Z,SOLUSDT,0.00024823
2024-12-09T08:00:00Z,SOLUSDT,0.00016404
2024-12-09T16:00:00Z,SOLUSDT,0.00012019
2024-12-10T00:00:00Z,SOLUSDT,0.0001
2024-12-10T08:00:00Z,SOLUSDT,0.0001
2024-12-10T16:00:00Z,SOLUSDT,0.0001
2024-12-11T00:00:00Z,SOLUSDT,0.0001
2024-12-11T08:00:00Z,SOLUSDT,0.0001
2024-12-11T16:00:00Z,SOLUSDT,0.0001
2024-12-12T00:00:00Z,SOLUSDT,0.0001
2024-12-12T08:00:00Z,SOLUSDT,0.0001
2024-12-12T16:00:00Z,SOLUSDT,0.0001
2024-12-13T00:00:00Z,SOLUSDT,0.0001
2024-12-13T08:00:00Z,SOLUSDT,0.0001
2024-12-13T16:00:00Z,SOLUSDT,0.0001
2024-12-14T00:00:00Z,SOLUSDT,0.0001
2024-12-14T08:00:00Z,SOLUSDT,0.0001
2024-12-14T16:00:00Z,SOLUSDT,0.0001
2024-12-15T00:00:00Z,SOLUSDT,0.0001
2024-12-15T08:00:00Z,SOLUSDT,0.0001
2024-12-15T16:00:00Z,SOLUSDT,0.0001
2024-12-16T00:00:00Z,SOLUSDT,0.0001
2024-12-16T08:00:00Z,SOLUSDT,0.0001
2024-12-16T16:00:00Z,SOLUSDT,0.0001
2024-12-17T00:00:00Z,SOLUSDT,0.0001
2024-12-17T08:00:00Z,SOLUSDT,0.0001
2024-12-17T16:00:00Z,SOLUSDT,0.0001
2024-12-18T00:00:00Z,SOLUSDT,0.0001
2024-12-18T08:00:00Z,SOLUSDT,0.0001
2024-12-18T16:00:00Z,SOLUSDT,0.0001
2024-12-19T00:00:00Z,SOLUSDT,0.0001
2024-12-19T08:00:00Z,SOLUSDT,0.0001
2024-12-19T16:00:00Z,SOLUSDT,0.0001
2024-12-20T00:00:00Z,SOLUSDT,0.00001239
2024-12-20T08:00:00Z,SOLUSDT,0.0001
2024-12-20T16:00:00Z,SOLUSDT,0.00002646
2024-12-21T00:00:00Z,SOLUSDT,0.00003415
2024-12-21T08:00:00Z,SOLUSDT,0.00009216
2024-12-21T16:00:00Z,SOLUSDT,0.00009438
2024-12-22T00:00:00Z,SOLUSDT,0.00001185
2024-12-22T08:00:00Z,SOLUSDT,0.00004616
2024-12-22T16:00:00Z,SOLUSDT,-0.00003985
2024-12-23T00:00:00Z,SOLUSDT,0.00001534
2024-12-23T08:00:00Z,SOLUSDT,0.00001931
2024-12-23T16:00:00Z,SOLUSDT,0.00009327
2024-12-24T00:00:00Z,SOLUSDT,0.0001
2024-12-24T08:00:00Z,SOLUSDT,0.0001
2024-12-24T16:00:00Z,SOLUSDT,0.0001
2024-12-25T00:00:00Z,SOLUSDT,0.0001
2024-12-25T08:00:00Z,SOLUSDT,0.00005269
2024-12-25T16:00:00Z,SOLUSDT,0.00007298
2024-12-26T00:00:00Z,SOLUSDT,0.00008145
2024-12-26T08:00:00Z,SOLUSDT,0.0001
2024-12-26T16:00:00Z,SOLUSDT,0.00004827
2024-12-27T00:00:00Z,SOLUSDT,0.00009111
2024-12-27T08:00:00Z,SOLUSDT,0.0001
2024-12-27T16:00:00Z,SOLUSDT,-0.00003642
2024-12-28T00:00:00Z,SOLUSDT,0.00006371
2024-12-28T08:00:00Z,SOLUSDT,0.00008809
2024-12-28T16:00:00Z,SOLUSDT,0.00007387
2024-12-29T00:00:00Z,SOLUSDT,0.0001
2024-12-29T08:00:00Z,SOLUSDT,0.0001
2024-12-29T16:00:00Z,SOLUSDT,0.0001
2024-12-30T00:00:00Z,SOLUSDT,0.00002928
2024-12-30T08:00:00Z,SOLUSDT,0.0001
2024-12-30T16:00:00Z,SOLUSDT,0.00007439
2024-12-31T00:00:00Z,SOLUSDT,0.0000297
2024-12-31T08:00:00Z,SOLUSDT,0.0000508
2024-12-31T16:00:00Z,SOLUSDT,0.00004524
2025-01-01T00:00:00Z,SOLUSDT,0.00003888
2025-01-01T08:00:00Z,SOLUSDT,0.00004603
2025-01-01T16:00:00Z,SOLUSDT,0.00007774
2025-01-02T00:00:00Z,SOLUSDT,0.0001
2025-01-02T08:00:00Z,SOLUSDT,0.00009813
2025-01-02T16:00:00Z,SOLUSDT,0.0001
2025-01-03T00:00:00Z,SOLUSDT,0.0001
2025-01-03T08:00:00Z,SOLUSDT,0.00006217
2025-01-03T16:00:00Z,SOLUSDT,-0.00008285
2025-01-04T00:00:00Z,SOLUSDT,0.00005709
2025-01-04T08:00:00Z,SOLUSDT,0.0001
2025-01-04T16:00:00Z,SOLUSDT,0.0001
2025-01-05T00:00:00Z,SOLUSDT,0.00006771
2025-01-05T08:00:00Z,SOLUSDT,0.00000445
2025-01-05T16:00:00Z,SOLUSDT,0.0001
2025-01-06T00:00:00Z,SOLUSDT,0.00009024
2025-01-06T08:00:00Z,SOLUSDT,0.00000098
2025-01-06T16:00:00Z,SOLUSDT,0.0001
2025-01-07T00:00:00Z,SOLUSDT,0.00008791
2025-01-07T08:00:00Z,SOLUSDT,0.0001
2025-01-07T16:00:00Z,SOLUSDT,0.00009281
2025-01-08T00:00:00Z,SOLUSDT,0.00007058
2025-01-08T08:00:00Z,SOLUSDT,0.000025
2025-01-08T16:00:00Z,SOLUSDT,0.00000773
2025-01-09T00:00:00Z,SOLUSDT,0.00001513
2025-01-09T08:00:00Z,SOLUSDT,-0.00002608
2025-01-09T16:00:00Z,SOLUSDT,0.00002138
2025-01-10T00:00:00Z,SOLUSDT,0.00002349
2025-01-10T08:00:00Z,SOLUSDT,0.00000894
2025-01-10T16:00:00Z,SOLUSDT,0.00008043
2025-01-11T00:00:00Z,SOLUSDT,-0.00001622
2025-01-11T08:00:00Z,SOLUSDT,0.00000209
2025-01-11T16:00:00Z,SOLUSDT,0.00008981
2025-01-12T00:00:00Z,SOLUSDT,0.0001
2025-01-12T08:00:00Z,SOLUSDT,0.00003174
2025-01-12T16:00:00Z,SOLUSDT,0.0001
2025-01-13T00:00:00Z,SOLUSDT,0.0001
2025-01-13T08:00:00Z,SOLUSDT,0.00002688
2025-01-13T16:00:00Z,SOLUSDT,0.00005719
2025-01-14T00:00:00Z,SOLUSDT,0.00007014
2025-01-14T08:00:00Z,SOLUSDT,0.00005946
2025-01-14T16:00:00Z,SOLUSDT,0.0001
2025-01-15T00:00:00Z,SOLUSDT,0.00009577
2025-01-15T08:00:00Z,SOLUSDT,0.00002051
2025-01-15T16:00:00Z,SOLUSDT,0.00005289
2025-01-16T00:00:00Z,SOLUSDT,0.0001
2025-01-16T08:00:00Z,SOLUSDT,0.0001
2025-01-16T16:00:00Z,SOLUSDT,0.0001
2025-01-17T00:00:00Z,SOLUSDT,0.0001
2025-01-17T08:00:00Z,SOLUSDT,0.0001
2025-01-17T16:00:00Z,SOLUSDT,0.0001
2025-01-18T00:00:00Z,SOLUSDT,0.0001
2025-01-18T08:00:00Z,SOLUSDT,0.0001
2025-01-18T16:00:00Z,SOLUSDT,0.00008219
2025-01-19T00:00:00Z,SOLUSDT,0.0001
2025-01-19T08:00:00Z,SOLUSDT,0.0001
2025-01-19T16:00:00Z,SOLUSDT,0.0001
2025-01-20T00:00:00Z,SOLUSDT,-0.00085959
2025-01-20T08:00:00Z,SOLUSDT,0.0001
2025-01-20T16:00:00Z,SOLUSDT,0.0001
2025-01-21T00:00:00Z,SOLUSDT,0.0000758
2025-01-21T08:00:00Z,SOLUSDT,0.0001
2025-01-21T16:00:00Z,SOLUSDT,0.0001
2025-01-22T00:00:00Z,SOLUSDT,0.0001
2025-01-22T08:00:00Z,SOLUSDT,0.0001
2025-01-22T16:00:00Z,SOLUSDT,0.0001
2025-01-23T00:00:00Z,SOLUSDT,0.0001
2025-01-23T08:00:00Z,SOLUSDT,0.0000968
2025-01-23T16:00:00Z,SOLUSDT,0.00001031
2025-01-24T00:00:00Z,SOLUSDT,0.00006057
2025-01-24T08:00:00Z,SOLUSDT,0.0001
2025-01-24T16:00:00Z,SOLUSDT,0.0001
2025-01-25T00:00:00Z,SOLUSDT,0.00001242
2025-01-25T08:00:00Z,SOLUSDT,-0.00010407
2025-01-25T16:00:00Z,SOLUSDT,-0.00007147
2025-01-26T00:00:00Z,SOLUSDT,0.00008856
2025-01-26T08:00:00Z,SOLUSDT,0.0001
2025-01-26T16:00:00Z,SOLUSDT,0.0001
2025-01-27T00:00:00Z,SOLUSDT,0.00002849
2025-01-27T08:00:00Z,SOLUSDT,0.00000157
2025-01-27T16:00:00Z,SOLUSDT,-0.00012023
2025-01-28T00:00:00Z,SOLUSDT,0.0001
2025-01-28T08:00:00Z,SOLUSDT,-0.00000516
2025-01-28T16:00:00Z,SOLUSDT,0.00009599
2025-01-29T00:00:00Z,SOLUSDT,0.00004987
2025-01-29T08:00:00Z,SOLUSDT,0.0001
2025-01-29T16:00:00Z,SOLUSDT,0.00000058
2025-01-30T00:00:00Z,SOLUSDT,0.00003645
2025-01-30T08:00:00Z,SOLUSDT,0.0001
2025-01-30T16:00:00Z,SOLUSDT,0.0001
2025-01-31T00:00:00Z,SOLUSDT,-0.00000062
2025-01-31T08:00:00Z,SOLUSDT,0.00009503
2025-01-31T16:00:00Z,SOLUSDT,0.00006718
2025-02-01T00:00:00Z,SOLUSDT,-0.00011175
2025-02-01T08:00:00Z,SOLUSDT,0.00004204
2025-02-01T16:00:00Z,SOLUSDT,0.00002509
2025-02-02T00:00:00Z,SOLUSDT,0.00001328
2025-02-02T08:00:00Z,SOLUSDT,-0.00002139
2025-02-02T16:00:00Z,SOLUSDT,-0.00000958
2025-02-03T00:00:00Z,SOLUSDT,-0.00014198
2025-02-03T08:00:00Z,SOLUSDT,-0.0001297
2025-02-03T16:00:00Z,SOLUSDT,-0.00014289
2025-02-04T00:00:00Z,SOLUSDT,-0.00031731
2025-02-04T08:00:00Z,SOLUSDT,0.00001938
2025-02-04T16:00:00Z,SOLUSDT,0.0001
2025-02-05T00:00:00Z,SOLUSDT,-0.00003442
2025-02-05T08:00:00Z,SOLUSDT,-0.00003977
2025-02-05T16:00:00Z,SOLUSDT,-0.00007729
2025-02-06T00:00:00Z,SOLUSDT,-0.00004701
2025-02-06T08:00:00Z,SOLUSDT,-0.00000754
2025-02-06T16:00:00Z,SOLUSDT,-0.0000324
2025-02-07T00:00:00Z,SOLUSDT,-0.00010245
2025-02-07T08:00:00Z,SOLUSDT,-0.0001286
2025-02-07T16:00:00Z,SOLUSDT,0.00000962
2025-02-08T00:00:00Z,SOLUSDT,-0.00008936
2025-02-08T08:00:00Z,SOLUSDT,-0.00005686
2025-02-08T16:00:00Z,SOLUSDT,0.00003838
2025-02-09T00:00:00Z,SOLUSDT,-0.00001568
2025-02-09T08:00:00Z,SOLUSDT,-0.00007565
2025-02-09T16:00:00Z,SOLUSDT,-0.00013922
2025-02-10T00:00:00Z,SOLUSDT,-0.00015183
2025-02-10T08:00:00Z,SOLUSDT,0.00001366
2025-02-10T16:00:00Z,SOLUSDT,0.00000355
2025-02-11T00:00:00Z,SOLUSDT,-0.00009247
2025-02-11T08:00:00Z,SOLUSDT,0.00004427
2025-02-11T16:00:00Z,SOLUSDT,-0.00016094
2025-02-12T00:00:00Z,SOLUSDT,-0.00015039
2025-02-12T08:00:00Z,SOLUSDT,-0.00004014
2025-02-12T16:00:00Z,SOLUSDT,0.00003374
2025-02-13T00:00:00Z,SOLUSDT,0.00004566
2025-02-13T08:00:00Z,SOLUSDT,-0.0000893
2025-02-13T16:00:00Z,SOLUSDT,-0.00011001
2025-02-14T00:00:00Z,SOLUSDT,0.0000141
2025-02-14T08:00:00Z,SOLUSDT,0.0001
2025-02-14T16:00:00Z,SOLUSDT,0.0001
2025-02-15T00:00:00Z,SOLUSDT,0.0001
2025-02-15T08:00:00Z,SOLUSDT,0.00000289
2025-02-15T16:00:00Z,SOLUSDT,-0.00003632
2025-02-16T00:00:00Z,SOLUSDT,-0.0000006
2025-02-16T08:00:00Z,SOLUSDT,0.00005381
2025-02-16T16:00:00Z,SOLUSDT,-0.00001957
2025-02-17T00:00:00Z,SOLUSDT,-0.00010578
2025-02-17T08:00:00Z,SOLUSDT,-0.00014458
2025-02-17T16:00:00Z,SOLUSDT,0.00009248
2025-02-18T00:00:00Z,SOLUSDT,-0.00000479
2025-02-18T08:00:00Z,SOLUSDT,0.00008735
2025-02-18T16:00:00Z,SOLUSDT,0.0001
2025-02-19T00:00:00Z,SOLUSDT,0.00009815
2025-02-19T08:00:00Z,SOLUSDT,0.00003623
2025-02-19T16:00:00Z,SOLUSDT,0.00006654
2025-02-20T00:00:00Z,SOLUSDT,0.00005426
2025-02-20T08:00:00Z,SOLUSDT,0.00009255
2025-02-20T16:00:00Z,SOLUSDT,-0.00002349
2025-02-21T00:00:00Z,SOLUSDT,0.0000642
2025-02-21T08:00:00Z,SOLUSDT,0.0001
2025-02-21T16:00:00Z,SOLUSDT,-0.00000926
2025-02-22T00:00:00Z,SOLUSDT,0.00138731
2025-02-22T08:00:00Z,SOLUSDT,0.0005474
2025-02-22T16:00:00Z,SOLUSDT,0.0001
2025-02-23T00:00:00Z,SOLUSDT,0.0001
2025-02-23T08:00:00Z,SOLUSDT,0.0001
2025-02-23T16:00:00Z,SOLUSDT,-0.00000148
2025-02-24T00:00:00Z,SOLUSDT,0.0001
2025-02-24T08:00:00Z,SOLUSDT,0.0001
2025-02-24T16:00:00Z,SOLUSDT,0.0001
2025-02-25T00:00:00Z,SOLUSDT,0.0001
2025-02-25T08:00:00Z,SOLUSDT,0.0001
2025-02-25T16:00:00Z,SOLUSDT,0.0001
2025-02-26T00:00:00Z,SOLUSDT,0.0001
2025-02-26T08:00:00Z,SOLUSDT,0.0001
2025-02-26T16:00:00Z,SOLUSDT,0.0001
2025-02-27T00:00:00Z,SOLUSDT,0.0001
2025-02-27T08:00:00Z,SOLUSDT,0.0001
2025-02-27T16:00:00Z,SOLUSDT,0.0001
2025-02-28T00:00:00Z,SOLUSDT,0.0001
2025-02-28T08:00:00Z,SOLUSDT,0.0001
2025-02-28T16:00:00Z,SOLUSDT,0.00006556
2025-03-01T00:00:00Z,SOLUSDT,0.0001
2025-03-01T08:00:00Z,SOLUSDT,0.0001
2025-03-01T16:00:00Z,SOLUSDT,0.0001
2025-03-02T00:00:00Z,SOLUSDT,0.0001
2025-03-02T08:00:00Z,SOLUSDT,0.0001
2025-03-02T16:00:00Z,SOLUSDT,0.0001
2025-03-03T00:00:00Z,SOLUSDT,0.0001
2025-03-03T08:00:00Z,SOLUSDT,0.0001
2025-03-03T16:00:00Z,SOLUSDT,0.0001
2025-03-04T00:00:00Z,SOLUSDT,-0.00018117
2025-03-04T08:00:00Z,SOLUSDT,-0.00004758
2025-03-04T16:00:00Z,SOLUSDT,-0.00001149
2025-03-05T00:00:00Z,SOLUSDT,-0.00009223
2025-03-05T08:00:00Z,SOLUSDT,0.0000285
2025-03-05T16:00:00Z,SOLUSDT,0.00001433
2025-03-06T00:00:00Z,SOLUSDT,-0.00009109
2025-03-06T08:00:00Z,SOLUSDT,-0.00000016
2025-03-06T16:00:00Z,SOLUSDT,-0.00003982
2025-03-07T00:00:00Z,SOLUSDT,-0.00010679
2025-03-07T08:00:00Z,SOLUSDT,-0.00015476
2025-03-07T16:00:00Z,SOLUSDT,0.00002059
2025-03-08T00:00:00Z,SOLUSDT,0.00008641
2025-03-08T08:00:00Z,SOLUSDT,-0.00006801
2025-03-08T16:00:00Z,SOLUSDT,-0.00005362
2025-03-09T00:00:00Z,SOLUSDT,0.00001066
2025-03-09T08:00:00Z,SOLUSDT,0.0001
2025-03-09T16:00:00Z,SOLUSDT,0.0001
2025-03-10T00:00:00Z,SOLUSDT,0.00004159
2025-03-10T08:00:00Z,SOLUSDT,0.00002941
2025-03-10T16:00:00Z,SOLUSDT,-0.00008248
2025-03-11T00:00:00Z,SOLUSDT,0.0001
2025-03-11T08:00:00Z,SOLUSDT,0.0001
2025-03-11T16:00:00Z,SOLUSDT,0.00003875
2025-03-12T00:00:00Z,SOLUSDT,-0.00001344
2025-03-12T08:00:00Z,SOLUSDT,-0.00013718
2025-03-12T16:00:00Z,SOLUSDT,-0.00007912
2025-03-13T00:00:00Z,SOLUSDT,-0.00002225
2025-03-13T08:00:00Z,SOLUSDT,-0.00008943
2025-03-13T16:00:00Z,SOLUSDT,-0.00010418
2025-03-14T00:00:00Z,SOLUSDT,-0.00004876
2025-03-14T08:00:00Z,SOLUSDT,0.0001
2025-03-14T16:00:00Z,SOLUSDT,0.0001
2025-03-15T00:00:00Z,SOLUSDT,0.00005615
2025-03-15T08:00:00Z,SOLUSDT,0.0001
2025-03-15T16:00:00Z,SOLUSDT,0.00006575
2025-03-16T00:00:00Z,SOLUSDT,0.00003727
2025-03-16T08:00:00Z,SOLUSDT,-0.00005496
2025-03-16T16:00:00Z,SOLUSDT,-0.00014027
2025-03-17T00:00:00Z,SOLUSDT,-0.00010351
2025-03-17T08:00:00Z,SOLUSDT,-0.00009402
2025-03-17T16:00:00Z,SOLUSDT,-0.00010945
2025-03-18T00:00:00Z,SOLUSDT,-0.00011022
2025-03-18T08:00:00Z,SOLUSDT,-0.00014692
2025-03-18T16:00:00Z,SOLUSDT,-0.00003472
2025-03-19T00:00:00Z,SOLUSDT,0.00003638
2025-03-19T08:00:00Z,SOLUSDT,0.0001
2025-03-19T16:00:00Z,SOLUSDT,0.00009123
2025-03-20T00:00:00Z,SOLUSDT,0.0001
2025-03-20T08:00:00Z,SOLUSDT,0.00006484
2025-03-20T16:00:00Z,SOLUSDT,-0.00009838
2025-03-21T00:00:00Z,SOLUSDT,-0.00007222
2025-03-21T08:00:00Z,SOLUSDT,0.00001599
2025-03-21T16:00:00Z,SOLUSDT,-0.00006229
2025-03-22T00:00:00Z,SOLUSDT,0.00006936
2025-03-22T08:00:00Z,SOLUSDT,0.00005237
2025-03-22T16:00:00Z,SOLUSDT,0.00005877
2025-03-23T00:00:00Z,SOLUSDT,0.00002968
2025-03-23T08:00:00Z,SOLUSDT,0.0001
2025-03-23T16:00:00Z,SOLUSDT,0.0001
2025-03-24T00:00:00Z,SOLUSDT,-0.00003441
2025-03-24T08:00:00Z,SOLUSDT,0.00007537
2025-03-24T16:00:00Z,SOLUSDT,0.0001
2025-03-25T00:00:00Z,SOLUSDT,0.00009645
2025-03-25T08:00:00Z,SOLUSDT,0.0001
2025-03-25T16:00:00Z,SOLUSDT,-0.00003201
2025-03-26T00:00:00Z,SOLUSDT,0.00002756
2025-03-26T08:00:00Z,SOLUSDT,0.00009665
2025-03-26T16:00:00Z,SOLUSDT,-0.00009245
2025-03-27T00:00:00Z,SOLUSDT,0.00005497
2025-03-27T08:00:00Z,SOLUSDT,0.0001
2025-03-27T16:00:00Z,SOLUSDT,0.00000419
2025-03-28T00:00:00Z,SOLUSDT,0.00004191
2025-03-28T08:00:00Z,SOLUSDT,-0.00005011
2025-03-28T16:00:00Z,SOLUSDT,-0.00008911
2025-03-29T00:00:00Z,SOLUSDT,-0.00008916
2025-03-29T08:00:00Z,SOLUSDT,-0.00001878
2025-03-29T16:00:00Z,SOLUSDT,-0.0000572
2025-03-30T00:00:00Z,SOLUSDT,-0.00012372
2025-03-30T08:00:00Z,SOLUSDT,-0.00021915
2025-03-30T16:00:00Z,SOLUSDT,-0.00009026
2025-03-31T00:00:00Z,SOLUSDT,-0.00011316
2025-03-31T08:00:00Z,SOLUSDT,0.00006768
2025-03-31T16:00:00Z,SOLUSDT,-0.00002321
2025-04-01T00:00:00Z,SOLUSDT,-0.00017641
2025-04-01T08:00:00Z,SOLUSDT,-0.00003997
2025-04-01T16:00:00Z,SOLUSDT,-0.00000289
2025-04-02T00:00:00Z,SOLUSDT,-0.00005355
2025-04-02T08:00:00Z,SOLUSDT,-0.00009757
2025-04-02T16:00:00Z,SOLUSDT,0.0001
2025-04-03T00:00:00Z,SOLUSDT,-0.00012755
2025-04-03T08:00:00Z,SOLUSDT,-0.0000712
2025-04-03T16:00:00Z,SOLUSDT,-0.00014136
2025-04-04T00:00:00Z,SOLUSDT,-0.00031172
2025-04-04T08:00:00Z,SOLUSDT,-0.00000359
2025-04-04T16:00:00Z,SOLUSDT,-0.000021
2025-04-05T00:00:00Z,SOLUSDT,0.0001
2025-04-05T08:00:00Z,SOLUSDT,0.00006626
2025-04-05T16:00:00Z,SOLUSDT,0.00008538
2025-04-06T00:00:00Z,SOLUSDT,0.0001
2025-04-06T08:00:00Z,SOLUSDT,0.0000566
2025-04-06T16:00:00Z,SOLUSDT,0.00003536
2025-04-07T00:00:00Z,SOLUSDT,-0.00000704
2025-04-07T08:00:00Z,SOLUSDT,-0.00003211
2025-04-07T16:00:00Z,SOLUSDT,-0.00004618
2025-04-08T00:00:00Z,SOLUSDT,0.00009359
2025-04-08T08:00:00Z,SOLUSDT,0.00004919
2025-04-08T16:00:00Z,SOLUSDT,-0.00012469
2025-04-09T00:00:00Z,SOLUSDT,-0.00014721
2025-04-09T08:00:00Z,SOLUSDT,0.0000589
2025-04-09T16:00:00Z,SOLUSDT,0.0001
2025-04-10T00:00:00Z,SOLUSDT,0.0001
2025-04-10T08:00:00Z,SOLUSDT,0.00003455
2025-04-10T16:00:00Z,SOLUSDT,-0.00003737
2025-04-11T00:00:00Z,SOLUSDT,-0.00007666
2025-04-11T08:00:00Z,SOLUSDT,0.0001
2025-04-11T16:00:00Z,SOLUSDT,0.0001
2025-04-12T00:00:00Z,SOLUSDT,0.0001
2025-04-12T08:00:00Z,SOLUSDT,0.0001
2025-04-12T16:00:00Z,SOLUSDT,0.00006016
2025-04-13T00:00:00Z,SOLUSDT,0.0001
2025-04-13T08:00:00Z,SOLUSDT,0.00004776
2025-04-13T16:00:00Z,SOLUSDT,0.00008324
2025-04-14T00:00:00Z,SOLUSDT,0.0001
2025-04-14T08:00:00Z,SOLUSDT,0.0000289
2025-04-14T16:00:00Z,SOLUSDT,0.0000603
2025-04-15T00:00:00Z,SOLUSDT,-0.00003074
2025-04-15T08:00:00Z,SOLUSDT,-0.00003575
2025-04-15T16:00:00Z,SOLUSDT,0.00004676
2025-04-16T00:00:00Z,SOLUSDT,-0.00012399
2025-04-16T08:00:00Z,SOLUSDT,-0.00016773
2025-04-16T16:00:00Z,SOLUSDT,-0.00000052
2025-04-17T00:00:00Z,SOLUSDT,0.0001
2025-04-17T08:00:00Z,SOLUSDT,0.00009449
2025-04-17T16:00:00Z,SOLUSDT,-0.00000189
2025-04-18T00:00:00Z,SOLUSDT,-0.00002308
2025-04-18T08:00:00Z,SOLUSDT,-0.00010547
2025-04-18T16:00:00Z,SOLUSDT,-0.00013242
2025-04-19T00:00:00Z,SOLUSDT,-0.00004357
2025-04-19T08:00:00Z,SOLUSDT,-0.00009394
2025-04-19T16:00:00Z,SOLUSDT,-0.0001129
2025-04-20T00:00:00Z,SOLUSDT,-0.00020769
2025-04-20T08:00:00Z,SOLUSDT,-0.00026263
2025-04-20T16:00:00Z,SOLUSDT,-0.00027087
2025-04-21T00:00:00Z,SOLUSDT,-0.00021783
2025-04-21T08:00:00Z,SOLUSDT,-0.00005129
2025-04-21T16:00:00Z,SOLUSDT,-0.0000723
2025-04-22T00:00:00Z,SOLUSDT,-0.00010995
2025-04-22T08:00:00Z,SOLUSDT,0.00004879
2025-04-22T16:00:00Z,SOLUSDT,0.00006134
2025-04-23T00:00:00Z,SOLUSDT,0.0001
2025-04-23T08:00:00Z,SOLUSDT,0.00006125
2025-04-23T16:00:00Z,SOLUSDT,0.00005334
2025-04-24T00:00:00Z,SOLUSDT,0.00009707
2025-04-24T08:00:00Z,SOLUSDT,0.00007843
2025-04-24T16:00:00Z,SOLUSDT,0.00002156
2025-04-25T00:00:00Z,SOLUSDT,0.0001
2025-04-25T08:00:00Z,SOLUSDT,0.0001
2025-04-25T16:00:00Z,SOLUSDT,-0.00000711
2025-04-26T00:00:00Z,SOLUSDT,-0.00014543
2025-04-26T08:00:00Z,SOLUSDT,-0.00015709
2025-04-26T16:00:00Z,SOLUSDT,-0.00014758
2025-04-27T00:00:00Z,SOLUSDT,0.00006963
2025-04-27T08:00:00Z,SOLUSDT,-0.0000208
2025-04-27T16:00:00Z,SOLUSDT,0.0001
2025-04-28T00:00:00Z,SOLUSDT,0.00001902
2025-04-28T08:00:00Z,SOLUSDT,0.0001
2025-04-28T16:00:00Z,SOLUSDT,-0.0000485
2025-04-29T00:00:00Z,SOLUSDT,-0.00013312
2025-04-29T08:00:00Z,SOLUSDT,-0.00002306
2025-04-29T16:00:00Z,SOLUSDT,-0.00000317
2025-04-30T00:00:00Z,SOLUSDT,0.0000132
2025-04-30T08:00:00Z,SOLUSDT,0.00000318
2025-04-30T16:00:00Z,SOLUSDT,-0.00006395
2025-05-01T00:00:00Z,SOLUSDT,0.0001
2025-05-01T08:00:00Z,SOLUSDT,0.0001
2025-05-01T16:00:00Z,SOLUSDT,0.0001
2025-05-02T00:00:00Z,SOLUSDT,0.00000085
2025-05-02T08:00:00Z,SOLUSDT,0.0000223
2025-05-02T16:00:00Z,SOLUSDT,-0.00000173
2025-05-03T00:00:00Z,SOLUSDT,-0.0000375
2025-05-03T08:00:00Z,SOLUSDT,-0.00001988
2025-05-03T16:00:00Z,SOLUSDT,0.00007687
2025-05-04T00:00:00Z,SOLUSDT,0.00004698
2025-05-04T08:00:00Z,SOLUSDT,-0.0000574
2025-05-04T16:00:00Z,SOLUSDT,0.00000966
2025-05-05T00:00:00Z,SOLUSDT,0.00002773
2025-05-05T08:00:00Z,SOLUSDT,0.0001
2025-05-05T16:00:00Z,SOLUSDT,-0.00002153
2025-05-06T00:00:00Z,SOLUSDT,0.00008939
2025-05-06T08:00:00Z,SOLUSDT,-0.00001695
2025-05-06T16:00:00Z,SOLUSDT,0.00000706
2025-05-07T00:00:00Z,SOLUSDT,0.00005522
2025-05-07T08:00:00Z,SOLUSDT,0.00009402
2025-05-07T16:00:00Z,SOLUSDT,0.0001
2025-05-08T00:00:00Z,SOLUSDT,0.0001
2025-05-08T08:00:00Z,SOLUSDT,0.0000445
2025-05-08T16:00:00Z,SOLUSDT,0.0001
2025-05-09T00:00:00Z,SOLUSDT,0.0001
2025-05-09T08:00:00Z,SOLUSDT,0.0001
2025-05-09T16:00:00Z,SOLUSDT,0.0001
2025-05-10T00:00:00Z,SOLUSDT,0.0001
2025-05-10T08:00:00Z,SOLUSDT,0.0001
2025-05-10T16:00:00Z,SOLUSDT,0.0001
2025-05-11T00:00:00Z,SOLUSDT,0.0001
2025-05-11T08:00:00Z,SOLUSDT,0.0001
2025-05-11T16:00:00Z,SOLUSDT,0.0001
2025-05-12T00:00:00Z,SOLUSDT,0.0001
2025-05-12T08:00:00Z,SOLUSDT,0.0001
2025-05-12T16:00:00Z,SOLUSDT,0.0001
2025-05-13T00:00:00Z,SOLUSDT,0.0001
2025-05-13T08:00:00Z,SOLUSDT,0.0001
2025-05-13T16:00:00Z,SOLUSDT,0.0001
2025-05-14T00:00:00Z,SOLUSDT,0.0001
2025-05-14T08:00:00Z,SOLUSDT,0.0001
2025-05-14T16:00:00Z,SOLUSDT,0.0000415
2025-05-15T00:00:00Z,SOLUSDT,0.00004399
2025-05-15T08:00:00Z,SOLUSDT,0.00008407
2025-05-15T16:00:00Z,SOLUSDT,0.0001
2025-05-16T00:00:00Z,SOLUSDT,-0.00000532
2025-05-16T08:00:00Z,SOLUSDT,0.0001
2025-05-16T16:00:00Z,SOLUSDT,0.0001
2025-05-17T00:00:00Z,SOLUSDT,0.00002389
2025-05-17T08:00:00Z,SOLUSDT,0.0001
2025-05-17T16:00:00Z,SOLUSDT,0.00006663
2025-05-18T00:00:00Z,SOLUSDT,0.00006609
2025-05-18T08:00:00Z,SOLUSDT,0.0001
2025-05-18T16:00:00Z,SOLUSDT,0.0001
2025-05-19T00:00:00Z,SOLUSDT,-0.00002546
2025-05-19T08:00:00Z,SOLUSDT,-0.00011335
2025-05-19T16:00:00Z,SOLUSDT,-0.00005726
2025-05-20T00:00:00Z,SOLUSDT,0.0001
2025-05-20T08:00:00Z,SOLUSDT,0.0001
2025-05-20T16:00:00Z,SOLUSDT,0.0001
2025-05-21T00:00:00Z,SOLUSDT,0.00004224
2025-05-21T08:00:00Z,SOLUSDT,0.0001
2025-05-21T16:00:00Z,SOLUSDT,0.0001
2025-05-22T00:00:00Z,SOLUSDT,0.0001
2025-05-22T08:00:00Z,SOLUSDT,0.0001
2025-05-22T16:00:00Z,SOLUSDT,0.0001
2025-05-23T00:00:00Z,SOLUSDT,0.0001
2025-05-23T08:00:00Z,SOLUSDT,0.0001
2025-05-23T16:00:00Z,SOLUSDT,0.0001
2025-05-24T00:00:00Z,SOLUSDT,0.0001
2025-05-24T08:00:00Z,SOLUSDT,0.0001
2025-05-24T16:00:00Z,SOLUSDT,0.0001
2025-05-25T00:00:00Z,SOLUSDT,-0.00001925
2025-05-25T08:00:00Z,SOLUSDT,0.0001
2025-05-25T16:00:00Z,SOLUSDT,0.0001
2025-05-26T00:00:00Z,SOLUSDT,0.0001
2025-05-26T08:00:00Z,SOLUSDT,0.0001
2025-05-26T16:00:00Z,SOLUSDT,0.00003732
2025-05-27T00:00:00Z,SOLUSDT,0.00001433
2025-05-27T08:00:00Z,SOLUSDT,0.00007468
2025-05-27T16:00:00Z,SOLUSDT,0.0001
2025-05-28T00:00:00Z,SOLUSDT,0.00001228
2025-05-28T08:00:00Z,SOLUSDT,-0.00007402
2025-05-28T16:00:00Z,SOLUSDT,-0.00000028
2025-05-29T00:00:00Z,SOLUSDT,-0.00000019
2025-05-29T08:00:00Z,SOLUSDT,0.00004468
2025-05-29T16:00:00Z,SOLUSDT,0.00004026
2025-05-30T00:00:00Z,SOLUSDT,0.0001
2025-05-30T08:00:00Z,SOLUSDT,0.00008322
2025-05-30T16:00:00Z,SOLUSDT,0.00003796
2025-05-31T00:00:00Z,SOLUSDT,0.00009762
2025-05-31T08:00:00Z,SOLUSDT,0.00004073
2025-05-31T16:00:00Z,SOLUSDT,0.00004549
2025-06-01T00:00:00Z,SOLUSDT,-0.0000755
2025-06-01T08:00:00Z,SOLUSDT,-0.00011999
2025-06-01T16:00:00Z,SOLUSDT,-0.00009606
2025-06-02T00:00:00Z,SOLUSDT,0.0001
2025-06-02T08:00:00Z,SOLUSDT,0.00002461
2025-06-02T16:00:00Z,SOLUSDT,-0.00002897
2025-06-03T00:00:00Z,SOLUSDT,0.00003117
2025-06-03T08:00:00Z,SOLUSDT,-0.00002394
2025-06-03T16:00:00Z,SOLUSDT,0.0001
2025-06-04T00:00:00Z,SOLUSDT,-0.00004771
2025-06-04T08:00:00Z,SOLUSDT,-0.00007281
2025-06-04T16:00:00Z,SOLUSDT,0.00004038
2025-06-05T00:00:00Z,SOLUSDT,0.00005487
2025-06-05T08:00:00Z,SOLUSDT,0.00003967
2025-06-05T16:00:00Z,SOLUSDT,0.00000845
2025-06-06T00:00:00Z,SOLUSDT,-0.00000744
2025-06-06T08:00:00Z,SOLUSDT,-0.00000153
2025-06-06T16:00:00Z,SOLUSDT,0.00003766
2025-06-07T00:00:00Z,SOLUSDT,-0.00005551
2025-06-07T08:00:00Z,SOLUSDT,0.00007004
2025-06-07T16:00:00Z,SOLUSDT,-0.00008586
2025-06-08T00:00:00Z,SOLUSDT,-0.00015049
2025-06-08T08:00:00Z,SOLUSDT,-0.00010127
2025-06-08T16:00:00Z,SOLUSDT,-0.0000485
2025-06-09T00:00:00Z,SOLUSDT,0.00007137
2025-06-09T08:00:00Z,SOLUSDT,-0.00000646
2025-06-09T16:00:00Z,SOLUSDT,0.00007094
2025-06-10T00:00:00Z,SOLUSDT,0.00003839
2025-06-10T08:00:00Z,SOLUSDT,0.00005929
2025-06-10T16:00:00Z,SOLUSDT,-0.00000241
2025-06-11T00:00:00Z,SOLUSDT,0.0001
2025-06-11T08:00:00Z,SOLUSDT,0.0001
2025-06-11T16:00:00Z,SOLUSDT,0.0001
2025-06-12T00:00:00Z,SOLUSDT,-0.00002062
2025-06-12T08:00:00Z,SOLUSDT,0.0000114
2025-06-12T16:00:00Z,SOLUSDT,0.0001
2025-06-13T00:00:00Z,SOLUSDT,-0.00001216
2025-06-13T08:00:00Z,SOLUSDT,-0.0000099
2025-06-13T16:00:00Z,SOLUSDT,0.00000928
2025-06-14T00:00:00Z,SOLUSDT,0.0001
2025-06-14T08:00:00Z,SOLUSDT,0.00004957
2025-06-14T16:00:00Z,SOLUSDT,0.00002708
2025-06-15T00:00:00Z,SOLUSDT,-0.00007107
2025-06-15T08:00:00Z,SOLUSDT,0.00001945
2025-06-15T16:00:00Z,SOLUSDT,0.0000647
2025-06-16T00:00:00Z,SOLUSDT,0.00005896
2025-06-16T08:00:00Z,SOLUSDT,0.0001
2025-06-16T16:00:00Z,SOLUSDT,0.00006171
2025-06-17T00:00:00Z,SOLUSDT,-0.00000748
2025-06-17T08:00:00Z,SOLUSDT,0.00000016
2025-06-17T16:00:00Z,SOLUSDT,0.0000085
2025-06-18T00:00:00Z,SOLUSDT,0.00005345
2025-06-18T08:00:00Z,SOLUSDT,-0.00001299
2025-06-18T16:00:00Z,SOLUSDT,-0.00000369
2025-06-19T00:00:00Z,SOLUSDT,-0.0000102
2025-06-19T08:00:00Z,SOLUSDT,-0.00003763
2025-06-19T16:00:00Z,SOLUSDT,-0.00003131
2025-06-20T00:00:00Z,SOLUSDT,0.0001
2025-06-20T08:00:00Z,SOLUSDT,0.00002916
2025-06-20T16:00:00Z,SOLUSDT,-0.00001337
2025-06-21T00:00:00Z,SOLUSDT,-0.00004925
2025-06-21T08:00:00Z,SOLUSDT,-0.0000186
2025-06-21T16:00:00Z,SOLUSDT,0.00000616
2025-06-22T00:00:00Z,SOLUSDT,-0.00000589
2025-06-22T08:00:00Z,SOLUSDT,0.00002154
2025-06-22T16:00:00Z,SOLUSDT,-0.00000319
2025-06-23T00:00:00Z,SOLUSDT,0.00003696
2025-06-23T08:00:00Z,SOLUSDT,-0.00001521
2025-06-23T16:00:00Z,SOLUSDT,-0.00004727
2025-06-24T00:00:00Z,SOLUSDT,0.00000104
2025-06-24T08:00:00Z,SOLUSDT,-0.00001402
2025-06-24T16:00:00Z,SOLUSDT,0.00006097
2025-06-25T00:00:00Z,SOLUSDT,0.00000421
2025-06-25T08:00:00Z,SOLUSDT,0.0001
2025-06-25T16:00:00Z,SOLUSDT,0.00004643
2025-06-26T00:00:00Z,SOLUSDT,-0.00005182
2025-06-26T08:00:00Z,SOLUSDT,-0.0000336
2025-06-26T16:00:00Z,SOLUSDT,-0.00007079
2025-06-27T00:00:00Z,SOLUSDT,-0.00004038
2025-06-27T08:00:00Z,SOLUSDT,0.0001
2025-06-27T16:00:00Z,SOLUSDT,0.00005319
2025-06-28T00:00:00Z,SOLUSDT,0.00009184
2025-06-28T08:00:00Z,SOLUSDT,0.0001
2025-06-28T16:00:00Z,SOLUSDT,0.0001
2025-06-29T00:00:00Z,SOLUSDT,0.00000763
2025-06-29T08:00:00Z,SOLUSDT,0.00006567
2025-06-29T16:00:00Z,SOLUSDT,0.00006333
2025-06-30T00:00:00Z,SOLUSDT,0.00003178
2025-06-30T08:00:00Z,SOLUSDT,-0.00000398
2025-06-30T16:00:00Z,SOLUSDT,0.00002282
2025-07-01T00:00:00Z,SOLUSDT,0.00006317
2025-07-01T08:00:00Z,SOLUSDT,-0.00003005
2025-07-01T16:00:00Z,SOLUSDT,-0.00004088
2025-07-02T00:00:00Z,SOLUSDT,-0.00008674
2025-07-02T08:00:00Z,SOLUSDT,-0.00004012
2025-07-02T16:00:00Z,SOLUSDT,-0.00003065
2025-07-03T00:00:00Z,SOLUSDT,0.00004047
2025-07-03T08:00:00Z,SOLUSDT,0.00008791
2025-07-03T16:00:00Z,SOLUSDT,-0.00001125
2025-07-04T00:00:00Z,SOLUSDT,0.0000116
2025-07-04T08:00:00Z,SOLUSDT,0.00004465
2025-07-04T16:00:00Z,SOLUSDT,-0.00004126
2025-07-05T00:00:00Z,SOLUSDT,-0.00006238
2025-07-05T08:00:00Z,SOLUSDT,-0.00002569
2025-07-05T16:00:00Z,SOLUSDT,-0.00003193
2025-07-06T00:00:00Z,SOLUSDT,-0.00003093
2025-07-06T08:00:00Z,SOLUSDT,0.00000546
2025-07-06T16:00:00Z,SOLUSDT,0.00006698
2025-07-07T00:00:00Z,SOLUSDT,0.00007397
2025-07-07T08:00:00Z,SOLUSDT,0.00009517
2025-07-07T16:00:00Z,SOLUSDT,0.00007851
2025-07-08T00:00:00Z,SOLUSDT,-0.00005043
2025-07-08T08:00:00Z,SOLUSDT,-0.00002006
2025-07-08T16:00:00Z,SOLUSDT,0.00006489
2025-07-09T00:00:00Z,SOLUSDT,0.00008415
2025-07-09T08:00:00Z,SOLUSDT,0.00008636
2025-07-09T16:00:00Z,SOLUSDT,-0.00002398
2025-07-10T00:00:00Z,SOLUSDT,0.0001
2025-07-10T08:00:00Z,SOLUSDT,0.0001
2025-07-10T16:00:00Z,SOLUSDT,0.0001
2025-07-11T00:00:00Z,SOLUSDT,0.0001
2025-07-11T08:00:00Z,SOLUSDT,0.00007747
2025-07-11T16:00:00Z,SOLUSDT,0.0001
2025-07-12T00:00:00Z,SOLUSDT,-0.00000924
2025-07-12T08:00:00Z,SOLUSDT,0.00005715
2025-07-12T16:00:00Z,SOLUSDT,0.0000261
2025-07-13T00:00:00Z,SOLUSDT,0.0001
2025-07-13T08:00:00Z,SOLUSDT,0.0001
2025-07-13T16:00:00Z,SOLUSDT,0.0001
2025-07-14T00:00:00Z,SOLUSDT,-0.00002215
2025-07-14T08:00:00Z,SOLUSDT,0.0001
2025-07-14T16:00:00Z,SOLUSDT,0.0001
2025-07-15T00:00:00Z,SOLUSDT,0.00003954
2025-07-15T08:00:00Z,SOLUSDT,0.00000395
2025-07-15T16:00:00Z,SOLUSDT,0.00009302
2025-07-16T00:00:00Z,SOLUSDT,0.0000756
2025-07-16T08:00:00Z,SOLUSDT,0.0001
2025-07-16T16:00:00Z,SOLUSDT,0.0001
2025-07-17T00:00:00Z,SOLUSDT,0.0001
2025-07-17T08:00:00Z,SOLUSDT,0.0001
2025-07-17T16:00:00Z,SOLUSDT,0.0001
2025-07-18T00:00:00Z,SOLUSDT,0.0001
2025-07-18T08:00:00Z,SOLUSDT,0.00015481
2025-07-18T16:00:00Z,SOLUSDT,0.0001
2025-07-19T00:00:00Z,SOLUSDT,0.0001
2025-07-19T08:00:00Z,SOLUSDT,0.0001
2025-07-19T16:00:00Z,SOLUSDT,0.0001
2025-07-20T00:00:00Z,SOLUSDT,0.0001
2025-07-20T08:00:00Z,SOLUSDT,0.0001
2025-07-20T16:00:00Z,SOLUSDT,0.0001
2025-07-21T00:00:00Z,SOLUSDT,0.0001
2025-07-21T08:00:00Z,SOLUSDT,0.0001
2025-07-21T16:00:00Z,SOLUSDT,0.00028769
2025-07-22T00:00:00Z,SOLUSDT,0.0001
2025-07-22T08:00:00Z,SOLUSDT,0.0001
2025-07-22T16:00:00Z,SOLUSDT,0.0001
2025-07-23T00:00:00Z,SOLUSDT,0.00013426
2025-07-23T08:00:00Z,SOLUSDT,0.00014097
2025-07-23T16:00:00Z,SOLUSDT,0.0001
2025-07-24T00:00:00Z,SOLUSDT,0.0001
2025-07-24T08:00:00Z,SOLUSDT,0.0001
2025-07-24T16:00:00Z,SOLUSDT,0.0001
2025-07-25T00:00:00Z,SOLUSDT,0.0001
2025-07-25T08:00:00Z,SOLUSDT,0.0001
2025-07-25T16:00:00Z,SOLUSDT,0.0001
2025-07-26T00:00:00Z,SOLUSDT,0.0001
2025-07-26T08:00:00Z,SOLUSDT,0.0001
2025-07-26T16:00:00Z,SOLUSDT,0.0001
2025-07-27T00:00:00Z,SOLUSDT,0.0001
2025-07-27T08:00:00Z,SOLUSDT,0.0001
2025-07-27T16:00:00Z,SOLUSDT,0.0001
2025-07-28T00:00:00Z,SOLUSDT,0.0001
2025-07-28T08:00:00Z,SOLUSDT,0.0001
2025-07-28T16:00:00Z,SOLUSDT,0.0001
2025-07-29T00:00:00Z,SOLUSDT,0.0001
2025-07-29T08:00:00Z,SOLUSDT,0.0000152
2025-07-29T16:00:00Z,SOLUSDT,0.00000303
2025-07-30T00:00:00Z,SOLUSDT,0.00003694
2025-07-30T08:00:00Z,SOLUSDT,0.00004114
2025-07-30T16:00:00Z,SOLUSDT,-0.00000955
2025-07-31T00:00:00Z,SOLUSDT,0.00004897
2025-07-31T08:00:00Z,SOLUSDT,0.0001
2025-07-31T16:00:00Z,SOLUSDT,0.0001
2025-08-01T00:00:00Z,SOLUSDT,0.0001
2025-08-01T08:00:00Z,SOLUSDT,0.00007181
2025-08-01T16:00:00Z,SOLUSDT,0.00003631
2025-08-02T00:00:00Z,SOLUSDT,-0.00004823
2025-08-02T08:00:00Z,SOLUSDT,0.00005263
2025-08-02T16:00:00Z,SOLUSDT,0.0001
2025-08-03T00:00:00Z,SOLUSDT,-0.00000197
2025-08-03T08:00:00Z,SOLUSDT,0.00000009
2025-08-03T16:00:00Z,SOLUSDT,-0.00006764
2025-08-04T00:00:00Z,SOLUSDT,-0.0001046
2025-08-04T08:00:00Z,SOLUSDT,-0.00010311
2025-08-04T16:00:00Z,SOLUSDT,-0.00006011
2025-08-05T00:00:00Z,SOLUSDT,0.0000393
2025-08-05T08:00:00Z,SOLUSDT,0.00005844
2025-08-05T16:00:00Z,SOLUSDT,-0.00003298
2025-08-06T00:00:00Z,SOLUSDT,-0.00003847
2025-08-06T08:00:00Z,SOLUSDT,-0.00001199
2025-08-06T16:00:00Z,SOLUSDT,0.0000352
2025-08-07T00:00:00Z,SOLUSDT,0.00001232
2025-08-07T08:00:00Z,SOLUSDT,0.00001966
2025-08-07T16:00:00Z,SOLUSDT,0.00007927
2025-08-08T00:00:00Z,SOLUSDT,0.00002309
2025-08-08T08:00:00Z,SOLUSDT,0.0001
2025-08-08T16:00:00Z,SOLUSDT,-0.00000728
2025-08-09T00:00:00Z,SOLUSDT,0.00007106
2025-08-09T08:00:00Z,SOLUSDT,0.0001
2025-08-09T16:00:00Z,SOLUSDT,0.0001
2025-08-10T00:00:00Z,SOLUSDT,0.0001
2025-08-10T08:00:00Z,SOLUSDT,0.0001
2025-08-10T16:00:00Z,SOLUSDT,0.0001
2025-08-11T00:00:00Z,SOLUSDT,0.0001
2025-08-11T08:00:00Z,SOLUSDT,0.0001
2025-08-11T16:00:00Z,SOLUSDT,0.00009053
2025-08-12T00:00:00Z,SOLUSDT,0.00000917
2025-08-12T08:00:00Z,SOLUSDT,0.00004074
2025-08-12T16:00:00Z,SOLUSDT,0.00003551
2025-08-13T00:00:00Z,SOLUSDT,0.0001
2025-08-13T08:00:00Z,SOLUSDT,0.0001
2025-08-13T16:00:00Z,SOLUSDT,0.0001
2025-08-14T00:00:00Z,SOLUSDT,0.0001
2025-08-14T08:00:00Z,SOLUSDT,0.00014816
2025-08-14T16:00:00Z,SOLUSDT,0.0001
2025-08-15T00:00:00Z,SOLUSDT,0.0001
2025-08-15T08:00:00Z,SOLUSDT,0.0001
2025-08-15T16:00:00Z,SOLUSDT,0.00007659
2025-08-16T00:00:00Z,SOLUSDT,0.00003766
2025-08-16T08:00:00Z,SOLUSDT,0.00009221
2025-08-16T16:00:00Z,SOLUSDT,0.00004457
2025-08-17T00:00:00Z,SOLUSDT,0.0001
2025-08-17T08:00:00Z,SOLUSDT,0.00005668
2025-08-17T16:00:00Z,SOLUSDT,0.00001781
2025-08-18T00:00:00Z,SOLUSDT,0.00007297
2025-08-18T08:00:00Z,SOLUSDT,-0.00008315
2025-08-18T16:00:00Z,SOLUSDT,-0.00002933
2025-08-19T00:00:00Z,SOLUSDT,0.00000325
2025-08-19T08:00:00Z,SOLUSDT,0.00002712
2025-08-19T16:00:00Z,SOLUSDT,0.0001
2025-08-20T00:00:00Z,SOLUSDT,0.0001
2025-08-20T08:00:00Z,SOLUSDT,0.0001
2025-08-20T16:00:00Z,SOLUSDT,0.0001
2025-08-21T00:00:00Z,SOLUSDT,0.0001
2025-08-21T08:00:00Z,SOLUSDT,0.0001
2025-08-21T16:00:00Z,SOLUSDT,-0.00003591
2025-08-22T00:00:00Z,SOLUSDT,0.00002474
2025-08-22T08:00:00Z,SOLUSDT,0.0001
2025-08-22T16:00:00Z,SOLUSDT,0.0001
2025-08-23T00:00:00Z,SOLUSDT,0.0001
2025-08-23T08:00:00Z,SOLUSDT,0.0001
2025-08-23T16:00:00Z,SOLUSDT,0.0001
2025-08-24T00:00:00Z,SOLUSDT,0.0001
2025-08-24T08:00:00Z,SOLUSDT,0.0001
2025-08-24T16:00:00Z,SOLUSDT,0.0001
2025-08-25T00:00:00Z,SOLUSDT,0.0001
2025-08-25T08:00:00Z,SOLUSDT,0.0001
2025-08-25T16:00:00Z,SOLUSDT,-0.0000224
2025-08-26T00:00:00Z,SOLUSDT,-0.00012201
2025-08-26T08:00:00Z,SOLUSDT,-0.00008211
2025-08-26T16:00:00Z,SOLUSDT,-0.00003404
2025-08-27T00:00:00Z,SOLUSDT,0.0001
2025-08-27T08:00:00Z,SOLUSDT,0.0001
2025-08-27T16:00:00Z,SOLUSDT,0.0001
2025-08-28T00:00:00Z,SOLUSDT,0.0001
2025-08-28T08:00:00Z,SOLUSDT,0.0001
2025-08-28T16:00:00Z,SOLUSDT,0.0001
2025-08-29T00:00:00Z,SOLUSDT,0.0000382
2025-08-29T08:00:00Z,SOLUSDT,0.00008334
2025-08-29T16:00:00Z,SOLUSDT,-0.00003071
2025-08-30T00:00:00Z,SOLUSDT,0.00005253
2025-08-30T08:00:00Z,SOLUSDT,0.0001
2025-08-30T16:00:00Z,SOLUSDT,-0.00000856
2025-08-31T00:00:00Z,SOLUSDT,0.0001
2025-08-31T08:00:00Z,SOLUSDT,0.0001
2025-08-31T16:00:00Z,SOLUSDT,0.0000755
2025-09-01T00:00:00Z,SOLUSDT,0.0001
2025-09-01T08:00:00Z,SOLUSDT,0.00009536
2025-09-01T16:00:00Z,SOLUSDT,0.0001
2025-09-02T00:00:00Z,SOLUSDT,-0.00000935
2025-09-02T08:00:00Z,SOLUSDT,0.0001
2025-09-02T16:00:00Z,SOLUSDT,0.0001
2025-09-03T00:00:00Z,SOLUSDT,0.0001
2025-09-03T08:00:00Z,SOLUSDT,0.0001
2025-09-03T16:00:00Z,SOLUSDT,0.0001
2025-09-04T00:00:00Z,SOLUSDT,-0.00006929
2025-09-04T08:00:00Z,SOLUSDT,0.00001979
2025-09-04T16:00:00Z,SOLUSDT,0.0000812
2025-09-05T00:00:00Z,SOLUSDT,-0.00000433
2025-09-05T08:00:00Z,SOLUSDT,0.00001555
2025-09-05T16:00:00Z,SOLUSDT,0.00003122
2025-09-06T00:00:00Z,SOLUSDT,0.0001
2025-09-06T08:00:00Z,SOLUSDT,0.0001
2025-09-06T16:00:00Z,SOLUSDT,0.00002866
2025-09-07T00:00:00Z,SOLUSDT,0.0001
2025-09-07T08:00:00Z,SOLUSDT,0.0001
2025-09-07T16:00:00Z,SOLUSDT,0.0001
2025-09-08T00:00:00Z,SOLUSDT,0.0001
2025-09-08T08:00:00Z,SOLUSDT,0.0001
2025-09-08T16:00:00Z,SOLUSDT,0.0001
2025-09-09T00:00:00Z,SOLUSDT,0.00006151
2025-09-09T08:00:00Z,SOLUSDT,0.0001
2025-09-09T16:00:00Z,SOLUSDT,0.0001
2025-09-10T00:00:00Z,SOLUSDT,0.00006564
2025-09-10T08:00:00Z,SOLUSDT,0.0001
2025-09-10T16:00:00Z,SOLUSDT,0.00001008
2025-09-11T00:00:00Z,SOLUSDT,0.00007054
2025-09-11T08:00:00Z,SOLUSDT,-0.00005058
2025-09-11T16:00:00Z,SOLUSDT,-0.00004347
2025-09-12T00:00:00Z,SOLUSDT,-0.00004776
2025-09-12T08:00:00Z,SOLUSDT,0.0001
2025-09-12T16:00:00Z,SOLUSDT,0.00005476
2025-09-13T00:00:00Z,SOLUSDT,-0.00008284
2025-09-13T08:00:00Z,SOLUSDT,0.0000243
2025-09-13T16:00:00Z,SOLUSDT,0.0001
2025-09-14T00:00:00Z,SOLUSDT,0.0001
2025-09-14T08:00:00Z,SOLUSDT,0.00004272
2025-09-14T16:00:00Z,SOLUSDT,-0.00000006
2025-09-15T00:00:00Z,SOLUSDT,-0.00005485
2025-09-15T08:00:00Z,SOLUSDT,0.00001089
2025-09-15T16:00:00Z,SOLUSDT,0.0001
2025-09-16T00:00:00Z,SOLUSDT,0.0001
2025-09-16T08:00:00Z,SOLUSDT,0.0001
2025-09-16T16:00:00Z,SOLUSDT,0.0001
2025-09-17T00:00:00Z,SOLUSDT,-0.00006571
2025-09-17T08:00:00Z,SOLUSDT,0.00001583
2025-09-17T16:00:00Z,SOLUSDT,0.0001
2025-09-18T00:00:00Z,SOLUSDT,0.0001
2025-09-18T08:00:00Z,SOLUSDT,0.0001
2025-09-18T16:00:00Z,SOLUSDT,-0.00000435
2025-09-19T00:00:00Z,SOLUSDT,0.00003709
2025-09-19T08:00:00Z,SOLUSDT,0.00004876
2025-09-19T16:00:00Z,SOLUSDT,0.00003466
2025-09-20T00:00:00Z,SOLUSDT,0.0001
2025-09-20T08:00:00Z,SOLUSDT,-0.00000052
2025-09-20T16:00:00Z,SOLUSDT,-0.00003312
2025-09-21T00:00:00Z,SOLUSDT,-0.00006625
2025-09-21T08:00:00Z,SOLUSDT,-0.00002376
2025-09-21T16:00:00Z,SOLUSDT,0.00006986
2025-09-22T00:00:00Z,SOLUSDT,0.00009212
2025-09-22T08:00:00Z,SOLUSDT,0.0001
2025-09-22T16:00:00Z,SOLUSDT,0.0001
2025-09-23T00:00:00Z,SOLUSDT,0.00007935
2025-09-23T08:00:00Z,SOLUSDT,0.0001
2025-09-23T16:00:00Z,SOLUSDT,-0.00001409
2025-09-24T00:00:00Z,SOLUSDT,0.0001
2025-09-24T08:00:00Z,SOLUSDT,0.0001
2025-09-24T16:00:00Z,SOLUSDT,0.0001
2025-09-25T00:00:00Z,SOLUSDT,-0.00006742
2025-09-25T08:00:00Z,SOLUSDT,0.0000275
2025-09-25T16:00:00Z,SOLUSDT,0.00001486
2025-09-26T00:00:00Z,SOLUSDT,0.0001
2025-09-26T08:00:00Z,SOLUSDT,0.00008848
2025-09-26T16:00:00Z,SOLUSDT,0.00005481
2025-09-27T00:00:00Z,SOLUSDT,-0.0001506
2025-09-27T08:00:00Z,SOLUSDT,0.0001
2025-09-27T16:00:00Z,SOLUSDT,-0.00006497
2025-09-28T00:00:00Z,SOLUSDT,0.00005945
2025-09-28T08:00:00Z,SOLUSDT,-0.00008305
2025-09-28T16:00:00Z,SOLUSDT,-0.00010293
2025-09-29T00:00:00Z,SOLUSDT,-0.00004679
2025-09-29T08:00:00Z,SOLUSDT,0.00006621
2025-09-29T16:00:00Z,SOLUSDT,-0.0000579
2025-09-30T00:00:00Z,SOLUSDT,-0.00012244
2025-09-30T08:00:00Z,SOLUSDT,-0.00007473
2025-09-30T16:00:00Z,SOLUSDT,-0.00020483
2025-10-01T00:00:00Z,SOLUSDT,0.0001
2025-10-01T08:00:00Z,SOLUSDT,0.00006811
2025-10-01T16:00:00Z,SOLUSDT,0.00007274
2025-10-02T00:00:00Z,SOLUSDT,-0.00004674
2025-10-02T08:00:00Z,SOLUSDT,0.0001
2025-10-02T16:00:00Z,SOLUSDT,-0.00004032
2025-10-03T00:00:00Z,SOLUSDT,-0.00012444
2025-10-03T08:00:00Z,SOLUSDT,-0.00006942
2025-10-03T16:00:00Z,SOLUSDT,0.00006425
2025-10-04T00:00:00Z,SOLUSDT,0.00004386
2025-10-04T08:00:00Z,SOLUSDT,0.00008945
2025-10-04T16:00:00Z,SOLUSDT,-0.00001092
2025-10-05T00:00:00Z,SOLUSDT,0.0001
2025-10-05T08:00:00Z,SOLUSDT,0.0001
2025-10-05T16:00:00Z,SOLUSDT,0.0001
2025-10-06T00:00:00Z,SOLUSDT,0.0001
2025-10-06T08:00:00Z,SOLUSDT,0.00004185
2025-10-06T16:00:00Z,SOLUSDT,0.00009617
2025-10-07T00:00:00Z,SOLUSDT,0.00009836
2025-10-07T08:00:00Z,SOLUSDT,0.0001
2025-10-07T16:00:00Z,SOLUSDT,0.0001
2025-10-08T00:00:00Z,SOLUSDT,0.0001
2025-10-08T08:00:00Z,SOLUSDT,0.00000135
2025-10-08T16:00:00Z,SOLUSDT,-0.00001501
2025-10-09T00:00:00Z,SOLUSDT,0.00003559
2025-10-09T08:00:00Z,SOLUSDT,0.00002954
2025-10-09T16:00:00Z,SOLUSDT,0.00000718
2025-10-10T00:00:00Z,SOLUSDT,0.00008556
2025-10-10T08:00:00Z,SOLUSDT,0.00003914
2025-10-10T16:00:00Z,SOLUSDT,0.00002645
2025-10-11T00:00:00Z,SOLUSDT,-0.005
2025-10-11T08:00:00Z,SOLUSDT,-0.0013404
2025-10-11T16:00:00Z,SOLUSDT,-0.00105851
2025-10-12T00:00:00Z,SOLUSDT,-0.0009887
2025-10-12T08:00:00Z,SOLUSDT,-0.00083268
2025-10-12T16:00:00Z,SOLUSDT,-0.00064656
2025-10-13T00:00:00Z,SOLUSDT,-0.00035161
2025-10-13T08:00:00Z,SOLUSDT,-0.00025959
2025-10-13T16:00:00Z,SOLUSDT,-0.00008112
2025-10-14T00:00:00Z,SOLUSDT,0.00006827
2025-10-14T08:00:00Z,SOLUSDT,-0.00000685
2025-10-14T16:00:00Z,SOLUSDT,-0.00013326
2025-10-15T00:00:00Z,SOLUSDT,-0.0000017
2025-10-15T08:00:00Z,SOLUSDT,0.0001
2025-10-15T16:00:00Z,SOLUSDT,0.00004574
2025-10-16T00:00:00Z,SOLUSDT,-0.00004681
2025-10-16T08:00:00Z,SOLUSDT,-0.00009003
2025-10-16T16:00:00Z,SOLUSDT,-0.00013074
2025-10-17T00:00:00Z,SOLUSDT,-0.00002322
2025-10-17T08:00:00Z,SOLUSDT,0.00000966
2025-10-17T16:00:00Z,SOLUSDT,0.00005126
2025-10-18T00:00:00Z,SOLUSDT,-0.00001689
2025-10-18T08:00:00Z,SOLUSDT,-0.00001703
2025-10-18T16:00:00Z,SOLUSDT,-0.00007805
2025-10-19T00:00:00Z,SOLUSDT,0.0001
2025-10-19T08:00:00Z,SOLUSDT,0.00005227
2025-10-19T16:00:00Z,SOLUSDT,0.00007382
2025-10-20T00:00:00Z,SOLUSDT,-0.00001176
2025-10-20T08:00:00Z,SOLUSDT,-0.00003182
2025-10-20T16:00:00Z,SOLUSDT,0.00003824
2025-10-21T00:00:00Z,SOLUSDT,0.00008238
2025-10-21T08:00:00Z,SOLUSDT,-0.00008084
2025-10-21T16:00:00Z,SOLUSDT,0.00009479
2025-10-22T00:00:00Z,SOLUSDT,0.0001
2025-10-22T08:00:00Z,SOLUSDT,-0.00008685
2025-10-22T16:00:00Z,SOLUSDT,0.00007068
2025-10-23T00:00:00Z,SOLUSDT,-0.00015234
2025-10-23T08:00:00Z,SOLUSDT,0.00008553
2025-10-23T16:00:00Z,SOLUSDT,0.0001
2025-10-24T00:00:00Z,SOLUSDT,0.00007581
2025-10-24T08:00:00Z,SOLUSDT,0.00007286
2025-10-24T16:00:00Z,SOLUSDT,-0.0000496
2025-10-25T00:00:00Z,SOLUSDT,-0.00002462
2025-10-25T08:00:00Z,SOLUSDT,0.00005127
2025-10-25T16:00:00Z,SOLUSDT,-0.00002844
2025-10-26T00:00:00Z,SOLUSDT,0.0001
2025-10-26T08:00:00Z,SOLUSDT,0.00000911
2025-10-26T16:00:00Z,SOLUSDT,0.0001
2025-10-27T00:00:00Z,SOLUSDT,0.0001
2025-10-27T08:00:00Z,SOLUSDT,0.0001
2025-10-27T16:00:00Z,SOLUSDT,0.0001
2025-10-28T00:00:00Z,SOLUSDT,0.0001
2025-10-28T08:00:00Z,SOLUSDT,0.0001
2025-10-28T16:00:00Z,SOLUSDT,0.00000977
2025-10-29T00:00:00Z,SOLUSDT,-0.00007865
2025-10-29T08:00:00Z,SOLUSDT,-0.00013817
2025-10-29T16:00:00Z,SOLUSDT,0.00009876
2025-10-30T00:00:00Z,SOLUSDT,0.0001
2025-10-30T08:00:00Z,SOLUSDT,0.00004868
2025-10-30T16:00:00Z,SOLUSDT,-0.00020137
2025-10-31T00:00:00Z,SOLUSDT,-0.00031579
2025-10-31T08:00:00Z,SOLUSDT,-0.00011473
2025-10-31T16:00:00Z,SOLUSDT,0.00003848
2025-11-01T00:00:00Z,SOLUSDT,-0.00003725
2025-11-01T08:00:00Z,SOLUSDT,-0.00007199
2025-11-01T16:00:00Z,SOLUSDT,-0.00013984
2025-11-02T00:00:00Z,SOLUSDT,0.00002928
2025-11-02T08:00:00Z,SOLUSDT,-0.00004542
2025-11-02T16:00:00Z,SOLUSDT,-0.00023247
2025-11-03T00:00:00Z,SOLUSDT,0.00003085
2025-11-03T08:00:00Z,SOLUSDT,-0.00025425
2025-11-03T16:00:00Z,SOLUSDT,-0.00019325
2025-11-04T00:00:00Z,SOLUSDT,-0.00023304
2025-11-04T08:00:00Z,SOLUSDT,-0.00002901
2025-11-04T16:00:00Z,SOLUSDT,0.0001
2025-11-05T00:00:00Z,SOLUSDT,0.00007083
2025-11-05T08:00:00Z,SOLUSDT,-0.00005255
2025-11-05T16:00:00Z,SOLUSDT,-0.00012985
2025-11-06T00:00:00Z,SOLUSDT,-0.00009513
2025-11-06T08:00:00Z,SOLUSDT,0.00005022
2025-11-06T16:00:00Z,SOLUSDT,0.00000565
2025-11-07T00:00:00Z,SOLUSDT,-0.00004728
2025-11-07T08:00:00Z,SOLUSDT,-0.00002817
2025-11-07T16:00:00Z,SOLUSDT,0.00001957
2025-11-08T00:00:00Z,SOLUSDT,-0.00003561
2025-11-08T08:00:00Z,SOLUSDT,0.00007541
2025-11-08T16:00:00Z,SOLUSDT,0.00005165
2025-11-09T00:00:00Z,SOLUSDT,-0.00014189
2025-11-09T08:00:00Z,SOLUSDT,0.00005741
2025-11-09T16:00:00Z,SOLUSDT,0.00006502
2025-11-10T00:00:00Z,SOLUSDT,0.0001
2025-11-10T08:00:00Z,SOLUSDT,0.00000449
2025-11-10T16:00:00Z,SOLUSDT,0.00000297
2025-11-11T00:00:00Z,SOLUSDT,0.00004142
2025-11-11T08:00:00Z,SOLUSDT,0.00001453
2025-11-11T16:00:00Z,SOLUSDT,0.00001739
2025-11-12T00:00:00Z,SOLUSDT,-0.00000392
2025-11-12T08:00:00Z,SOLUSDT,-0.00024482
2025-11-12T16:00:00Z,SOLUSDT,0.00002608
2025-11-13T00:00:00Z,SOLUSDT,-0.00009866
2025-11-13T08:00:00Z,SOLUSDT,0.00008571
2025-11-13T16:00:00Z,SOLUSDT,0.00003949
2025-11-14T00:00:00Z,SOLUSDT,-0.00024169
2025-11-14T08:00:00Z,SOLUSDT,0.0000264
2025-11-14T16:00:00Z,SOLUSDT,0.0001
2025-11-15T00:00:00Z,SOLUSDT,0.00008891
2025-11-15T08:00:00Z,SOLUSDT,0.0001
2025-11-15T16:00:00Z,SOLUSDT,0.0001
2025-11-16T00:00:00Z,SOLUSDT,-0.00002784
2025-11-16T08:00:00Z,SOLUSDT,0.00008564
2025-11-16T16:00:00Z,SOLUSDT,0.00003378
2025-11-17T00:00:00Z,SOLUSDT,0.00004672
2025-11-17T08:00:00Z,SOLUSDT,0.0001
2025-11-17T16:00:00Z,SOLUSDT,0.0001
2025-11-18T00:00:00Z,SOLUSDT,-0.00006876
2025-11-18T08:00:00Z,SOLUSDT,0.0001
2025-11-18T16:00:00Z,SOLUSDT,0.0001
2025-11-19T00:00:00Z,SOLUSDT,0.0001
2025-11-19T08:00:00Z,SOLUSDT,-0.00000826
2025-11-19T16:00:00Z,SOLUSDT,-0.00005753
2025-11-20T00:00:00Z,SOLUSDT,-0.00009576
2025-11-20T08:00:00Z,SOLUSDT,0.0001
2025-11-20T16:00:00Z,SOLUSDT,0.0001
2025-11-21T00:00:00Z,SOLUSDT,-0.00011016
2025-11-21T08:00:00Z,SOLUSDT,-0.00004222
2025-11-21T16:00:00Z,SOLUSDT,-0.0000626
2025-11-22T00:00:00Z,SOLUSDT,0.00001092
2025-11-22T08:00:00Z,SOLUSDT,-0.00006255
2025-11-22T16:00:00Z,SOLUSDT,-0.0000087
2025-11-23T00:00:00Z,SOLUSDT,0.00000848
2025-11-23T08:00:00Z,SOLUSDT,-0.00008151
2025-11-23T16:00:00Z,SOLUSDT,-0.00002576
2025-11-24T00:00:00Z,SOLUSDT,-0.00003813
2025-11-24T08:00:00Z,SOLUSDT,-0.00007702
2025-11-24T16:00:00Z,SOLUSDT,0.00001344
2025-11-25T00:00:00Z,SOLUSDT,0.00002435
2025-11-25T08:00:00Z,SOLUSDT,0.00001454
2025-11-25T16:00:00Z,SOLUSDT,-0.00013203
2025-11-26T00:00:00Z,SOLUSDT,0.00008959
2025-11-26T08:00:00Z,SOLUSDT,0.0001
2025-11-26T16:00:00Z,SOLUSDT,-0.00008657
2025-11-27T00:00:00Z,SOLUSDT,0.0001
2025-11-27T08:00:00Z,SOLUSDT,-0.00007465
2025-11-27T16:00:00Z,SOLUSDT,-0.00000007
2025-11-28T00:00:00Z,SOLUSDT,0.00003973
2025-11-28T08:00:00Z,SOLUSDT,-0.00005079
2025-11-28T16:00:00Z,SOLUSDT,-0.00002103
2025-11-29T00:00:00Z,SOLUSDT,-0.00012826
2025-11-29T08:00:00Z,SOLUSDT,0.00001159
2025-11-29T16:00:00Z,SOLUSDT,-0.00005103
2025-11-30T00:00:00Z,SOLUSDT,-0.00002346
2025-11-30T08:00:00Z,SOLUSDT,-0.00003214
2025-11-30T16:00:00Z,SOLUSDT,0.00004467
2025-12-01T00:00:00Z,SOLUSDT,0.00004659
2025-12-01T08:00:00Z,SOLUSDT,-0.00015064
2025-12-01T16:00:00Z,SOLUSDT,0.00002398
2025-12-02T00:00:00Z,SOLUSDT,-0.00007235
2025-12-02T08:00:00Z,SOLUSDT,-0.00004384
2025-12-02T16:00:00Z,SOLUSDT,0.00004751
2025-12-03T00:00:00Z,SOLUSDT,0.0001
2025-12-03T08:00:00Z,SOLUSDT,0.0001
2025-12-03T16:00:00Z,SOLUSDT,0.0001
2025-12-04T00:00:00Z,SOLUSDT,0.0001
2025-12-04T08:00:00Z,SOLUSDT,0.0001
2025-12-04T16:00:00Z,SOLUSDT,0.00009219
2025-12-05T00:00:00Z,SOLUSDT,0.00004266
2025-12-05T08:00:00Z,SOLUSDT,-0.00000226
2025-12-05T16:00:00Z,SOLUSDT,-0.0000038
2025-12-06T00:00:00Z,SOLUSDT,-0.00007268
2025-12-06T08:00:00Z,SOLUSDT,0.00003533
2025-12-06T16:00:00Z,SOLUSDT,-0.00007856
2025-12-07T00:00:00Z,SOLUSDT,-0.0001402
2025-12-07T08:00:00Z,SOLUSDT,-0.00005048
2025-12-07T16:00:00Z,SOLUSDT,-0.00007999
2025-12-08T00:00:00Z,SOLUSDT,-0.00004497
2025-12-08T08:00:00Z,SOLUSDT,-0.00000007
2025-12-08T16:00:00Z,SOLUSDT,0.00007622
2025-12-09T00:00:00Z,SOLUSDT,-0.00014921
2025-12-09T08:00:00Z,SOLUSDT,-0.00007015
2025-12-09T16:00:00Z,SOLUSDT,-0.00014138
2025-12-10T00:00:00Z,SOLUSDT,0.0001
2025-12-10T08:00:00Z,SOLUSDT,0.00005
2025-12-10T16:00:00Z,SOLUSDT,0.00003757
2025-12-11T00:00:00Z,SOLUSDT,-0.00002945
2025-12-11T08:00:00Z,SOLUSDT,-0.00012512
2025-12-11T16:00:00Z,SOLUSDT,-0.00014146
2025-12-12T00:00:00Z,SOLUSDT,0.00005401
2025-12-12T08:00:00Z,SOLUSDT,0.0001
2025-12-12T16:00:00Z,SOLUSDT,0.0001
2025-12-13T00:00:00Z,SOLUSDT,-0.00013076
2025-12-13T08:00:00Z,SOLUSDT,-0.00003064
2025-12-13T16:00:00Z,SOLUSDT,-0.00002919
2025-12-14T00:00:00Z,SOLUSDT,0.00006131
2025-12-14T08:00:00Z,SOLUSDT,-0.00002059
2025-12-14T16:00:00Z,SOLUSDT,-0.00005459
2025-12-15T00:00:00Z,SOLUSDT,-0.00000542
2025-12-15T08:00:00Z,SOLUSDT,0.0001
2025-12-15T16:00:00Z,SOLUSDT,0.0001
2025-12-16T00:00:00Z,SOLUSDT,-0.00010668
2025-12-16T08:00:00Z,SOLUSDT,-0.00008418
2025-12-16T16:00:00Z,SOLUSDT,0.00005453
2025-12-17T00:00:00Z,SOLUSDT,0.00001634
2025-12-17T08:00:00Z,SOLUSDT,0.0001
2025-12-17T16:00:00Z,SOLUSDT,0.0001
2025-12-18T00:00:00Z,SOLUSDT,-0.00007083
2025-12-18T08:00:00Z,SOLUSDT,0.0001
2025-12-18T16:00:00Z,SOLUSDT,0.00009609
2025-12-19T00:00:00Z,SOLUSDT,-0.00017425
2025-12-19T08:00:00Z,SOLUSDT,0.0001
2025-12-19T16:00:00Z,SOLUSDT,0.0001
2025-12-20T00:00:00Z,SOLUSDT,0.0001
2025-12-20T08:00:00Z,SOLUSDT,-0.00001075
2025-12-20T16:00:00Z,SOLUSDT,0.00002123
2025-12-21T00:00:00Z,SOLUSDT,0.00002781
2025-12-21T08:00:00Z,SOLUSDT,0.00007371
2025-12-21T16:00:00Z,SOLUSDT,-0.00005777
2025-12-22T00:00:00Z,SOLUSDT,0.00001203
2025-12-22T08:00:00Z,SOLUSDT,0.00003938
2025-12-22T16:00:00Z,SOLUSDT,0.00001417
2025-12-23T00:00:00Z,SOLUSDT,-0.00006305
2025-12-23T08:00:00Z,SOLUSDT,0.00004638
2025-12-23T16:00:00Z,SOLUSDT,-0.00004985
2025-12-24T00:00:00Z,SOLUSDT,0.00007768
2025-12-24T08:00:00Z,SOLUSDT,-0.00009759
2025-12-24T16:00:00Z,SOLUSDT,0.00004039
2025-12-25T00:00:00Z,SOLUSDT,0.0001
2025-12-25T08:00:00Z,SOLUSDT,0.0001
2025-12-25T16:00:00Z,SOLUSDT,-0.00005412
2025-12-26T00:00:00Z,SOLUSDT,0.00000357
2025-12-26T08:00:00Z,SOLUSDT,0.00009506
2025-12-26T16:00:00Z,SOLUSDT,0.0001
2025-12-27T00:00:00Z,SOLUSDT,-0.00005668
2025-12-27T08:00:00Z,SOLUSDT,0.0001
2025-12-27T16:00:00Z,SOLUSDT,0.0001
2025-12-28T00:00:00Z,SOLUSDT,0.0001
2025-12-28T08:00:00Z,SOLUSDT,0.0000403
2025-12-28T16:00:00Z,SOLUSDT,0.00008458
2025-12-29T00:00:00Z,SOLUSDT,0.00006393
2025-12-29T08:00:00Z,SOLUSDT,0.0001
2025-12-29T16:00:00Z,SOLUSDT,0.00004048
2025-12-30T00:00:00Z,SOLUSDT,-0.00014716
2025-12-30T08:00:00Z,SOLUSDT,-0.00003243
2025-12-30T16:00:00Z,SOLUSDT,0.0001
2025-12-31T00:00:00Z,SOLUSDT,0.0001
2025-12-31T08:00:00Z,SOLUSDT,0.00002201
2025-12-31T16:00:00Z,SOLUSDT,0.0001
2026-01-01T00:00:00Z,SOLUSDT,0.0001
2026-01-01T08:00:00Z,SOLUSDT,0.0001
2026-01-01T16:00:00Z,SOLUSDT,0.0001
2026-01-02T00:00:00Z,SOLUSDT,0.0001
2026-01-02T08:00:00Z,SOLUSDT,0.0001
2026-01-02T16:00:00Z,SOLUSDT,0.0001
2026-01-03T00:00:00Z,SOLUSDT,0.0001
2026-01-03T08:00:00Z,SOLUSDT,0.0000948
2026-01-03T16:00:00Z,SOLUSDT,0.00004915
2026-01-04T00:00:00Z,SOLUSDT,0.00002958
2026-01-04T08:00:00Z,SOLUSDT,0.00005793
2026-01-04T16:00:00Z,SOLUSDT,0.00006096
2026-01-05T00:00:00Z,SOLUSDT,-0.00012312
2026-01-05T08:00:00Z,SOLUSDT,-0.00002264
2026-01-05T16:00:00Z,SOLUSDT,0.00000905
2026-01-06T00:00:00Z,SOLUSDT,0.0001
2026-01-06T08:00:00Z,SOLUSDT,-0.00005416
2026-01-06T16:00:00Z,SOLUSDT,0.00003383
2026-01-07T00:00:00Z,SOLUSDT,0.00008991
2026-01-07T08:00:00Z,SOLUSDT,-0.00004128
2026-01-07T16:00:00Z,SOLUSDT,-0.00008266
2026-01-08T00:00:00Z,SOLUSDT,-0.00008333
2026-01-08T08:00:00Z,SOLUSDT,-0.00008932
2026-01-08T16:00:00Z,SOLUSDT,0.00001846
2026-01-09T00:00:00Z,SOLUSDT,0.0001
2026-01-09T08:00:00Z,SOLUSDT,0.00004117
2026-01-09T16:00:00Z,SOLUSDT,-0.00001154
2026-01-10T00:00:00Z,SOLUSDT,-0.00006728
2026-01-10T08:00:00Z,SOLUSDT,0.0001
2026-01-10T16:00:00Z,SOLUSDT,0.0001
2026-01-11T00:00:00Z,SOLUSDT,0.00005345
2026-01-11T08:00:00Z,SOLUSDT,0.00008715
2026-01-11T16:00:00Z,SOLUSDT,0.00009039
2026-01-12T00:00:00Z,SOLUSDT,0.00007264
2026-01-12T08:00:00Z,SOLUSDT,0.00002374
2026-01-12T16:00:00Z,SOLUSDT,-0.00003313
2026-01-13T00:00:00Z,SOLUSDT,-0.00002858
2026-01-13T08:00:00Z,SOLUSDT,0.00006693
2026-01-13T16:00:00Z,SOLUSDT,0.0001
2026-01-14T00:00:00Z,SOLUSDT,0.0001
2026-01-14T08:00:00Z,SOLUSDT,0.0001
2026-01-14T16:00:00Z,SOLUSDT,0.00006261
2026-01-15T00:00:00Z,SOLUSDT,-0.0000446
2026-01-15T08:00:00Z,SOLUSDT,-0.00005203
2026-01-15T16:00:00Z,SOLUSDT,-0.00008762
2026-01-16T00:00:00Z,SOLUSDT,-0.00001596
2026-01-16T08:00:00Z,SOLUSDT,0.00005228
2026-01-16T16:00:00Z,SOLUSDT,-0.00007022
2026-01-17T00:00:00Z,SOLUSDT,0.0001
2026-01-17T08:00:00Z,SOLUSDT,0.0001
2026-01-17T16:00:00Z,SOLUSDT,-0.0000456
2026-01-18T00:00:00Z,SOLUSDT,0.00001518
2026-01-18T08:00:00Z,SOLUSDT,-0.00003973
2026-01-18T16:00:00Z,SOLUSDT,0.00001959
2026-01-19T00:00:00Z,SOLUSDT,-0.00001219
2026-01-19T08:00:00Z,SOLUSDT,-0.0000576
2026-01-19T16:00:00Z,SOLUSDT,0.00007248
2026-01-20T00:00:00Z,SOLUSDT,0.00006149
2026-01-20T08:00:00Z,SOLUSDT,0.0001
2026-01-20T16:00:00Z,SOLUSDT,0.00002253
2026-01-21T00:00:00Z,SOLUSDT,0.00002061
2026-01-21T08:00:00Z,SOLUSDT,-0.00000046
2026-01-21T16:00:00Z,SOLUSDT,0.0001
2026-01-22T00:00:00Z,SOLUSDT,0.0000858
2026-01-22T08:00:00Z,SOLUSDT,-0.00010193
2026-01-22T16:00:00Z,SOLUSDT,-0.00003367
2026-01-23T00:00:00Z,SOLUSDT,-0.00002553
2026-01-23T08:00:00Z,SOLUSDT,0.0000441
2026-01-23T16:00:00Z,SOLUSDT,-0.00002645
2026-01-24T00:00:00Z,SOLUSDT,-0.00001877
2026-01-24T08:00:00Z,SOLUSDT,-0.00002918
2026-01-24T16:00:00Z,SOLUSDT,0.00005257
2026-01-25T00:00:00Z,SOLUSDT,0.00004383
2026-01-25T08:00:00Z,SOLUSDT,-0.00005626
2026-01-25T16:00:00Z,SOLUSDT,0.00004117
2026-01-26T00:00:00Z,SOLUSDT,-0.00022908
2026-01-26T08:00:00Z,SOLUSDT,0.0000133
2026-01-26T16:00:00Z,SOLUSDT,0.00005551
2026-01-27T00:00:00Z,SOLUSDT,-0.0000053
2026-01-27T08:00:00Z,SOLUSDT,0.00000455
2026-01-27T16:00:00Z,SOLUSDT,0.00002247
2026-01-28T00:00:00Z,SOLUSDT,0.00006121
2026-01-28T08:00:00Z,SOLUSDT,-0.00003599
2026-01-28T16:00:00Z,SOLUSDT,-0.00002462
2026-01-29T00:00:00Z,SOLUSDT,0.0000259
2026-01-29T08:00:00Z,SOLUSDT,-0.00003824
2026-01-29T16:00:00Z,SOLUSDT,-0.00005722
2026-01-30T00:00:00Z,SOLUSDT,-0.00012454
2026-01-30T08:00:00Z,SOLUSDT,-0.00008344
2026-01-30T16:00:00Z,SOLUSDT,-0.00012209
2026-01-31T00:00:00Z,SOLUSDT,-0.00005101
2026-01-31T08:00:00Z,SOLUSDT,-0.00014608
2026-01-31T16:00:00Z,SOLUSDT,-0.00013336
2026-02-01T00:00:00Z,SOLUSDT,-0.00046188
2026-02-01T08:00:00Z,SOLUSDT,0.00002496
2026-02-01T16:00:00Z,SOLUSDT,-0.00003551
2026-02-02T00:00:00Z,SOLUSDT,-0.00005291
2026-02-02T08:00:00Z,SOLUSDT,-0.00003292
2026-02-02T16:00:00Z,SOLUSDT,-0.00002325
2026-02-03T00:00:00Z,SOLUSDT,-0.00012348
2026-02-03T08:00:00Z,SOLUSDT,-0.00008848
2026-02-03T16:00:00Z,SOLUSDT,-0.00013424
2026-02-04T00:00:00Z,SOLUSDT,-0.00027092
2026-02-04T08:00:00Z,SOLUSDT,-0.00049647
2026-02-04T16:00:00Z,SOLUSDT,-0.00037982
2026-02-05T00:00:00Z,SOLUSDT,0.00001075
2026-02-05T08:00:00Z,SOLUSDT,0.0001
2026-02-05T16:00:00Z,SOLUSDT,0.0001
2026-02-06T00:00:00Z,SOLUSDT,-0.00002331
2026-02-06T08:00:00Z,SOLUSDT,-0.00013949
2026-02-06T16:00:00Z,SOLUSDT,-0.00031455
2026-02-07T00:00:00Z,SOLUSDT,-0.00005262
2026-02-07T08:00:00Z,SOLUSDT,-0.00010925
2026-02-07T16:00:00Z,SOLUSDT,0.00003563
2026-02-08T00:00:00Z,SOLUSDT,-0.00011904
2026-02-08T08:00:00Z,SOLUSDT,-0.00027899
2026-02-08T16:00:00Z,SOLUSDT,-0.00013196
2026-02-09T00:00:00Z,SOLUSDT,-0.00016886
2026-02-09T08:00:00Z,SOLUSDT,-0.00011756
2026-02-09T16:00:00Z,SOLUSDT,-0.00009183
2026-02-10T00:00:00Z,SOLUSDT,0.00001356
2026-02-10T08:00:00Z,SOLUSDT,-0.00009017
2026-02-10T16:00:00Z,SOLUSDT,0.00003351
2026-02-11T00:00:00Z,SOLUSDT,0.00000259
2026-02-11T08:00:00Z,SOLUSDT,0.00000247
2026-02-11T16:00:00Z,SOLUSDT,-0.00004277
2026-02-12T00:00:00Z,SOLUSDT,-0.00031992
2026-02-12T08:00:00Z,SOLUSDT,0.00007059
2026-02-12T16:00:00Z,SOLUSDT,0.00000494
2026-02-13T00:00:00Z,SOLUSDT,0.00005343
2026-02-13T08:00:00Z,SOLUSDT,-0.0000586
2026-02-13T16:00:00Z,SOLUSDT,0.00008105
2026-02-14T00:00:00Z,SOLUSDT,0.00001348
2026-02-14T08:00:00Z,SOLUSDT,-0.00003604
2026-02-14T16:00:00Z,SOLUSDT,-0.00005656
2026-02-15T00:00:00Z,SOLUSDT,-0.00011484
2026-02-15T08:00:00Z,SOLUSDT,0.0001
2026-02-15T16:00:00Z,SOLUSDT,0.00006496
2026-02-16T00:00:00Z,SOLUSDT,-0.00009438
2026-02-16T08:00:00Z,SOLUSDT,-0.00001835
2026-02-16T16:00:00Z,SOLUSDT,-0.00013646
2026-02-17T00:00:00Z,SOLUSDT,0.0001
2026-02-17T08:00:00Z,SOLUSDT,0.0000308
2026-02-17T16:00:00Z,SOLUSDT,-0.0001522
2026-02-18T00:00:00Z,SOLUSDT,-0.00003018
2026-02-18T08:00:00Z,SOLUSDT,-0.00001395
2026-02-18T16:00:00Z,SOLUSDT,-0.00021067
2026-02-19T00:00:00Z,SOLUSDT,-0.00011214
2026-02-19T08:00:00Z,SOLUSDT,-0.00009186
2026-02-19T16:00:00Z,SOLUSDT,0.00000208
2026-02-20T00:00:00Z,SOLUSDT,0.00002882
2026-02-20T08:00:00Z,SOLUSDT,-0.00002091
2026-02-20T16:00:00Z,SOLUSDT,-0.00001838
2026-02-21T00:00:00Z,SOLUSDT,0.0001
2026-02-21T08:00:00Z,SOLUSDT,0.00007805
2026-02-21T16:00:00Z,SOLUSDT,0.0001
2026-02-22T00:00:00Z,SOLUSDT,-0.00007748
2026-02-22T08:00:00Z,SOLUSDT,-0.0001741
2026-02-22T16:00:00Z,SOLUSDT,-0.00007405
2026-02-23T00:00:00Z,SOLUSDT,-0.00014971
2026-02-23T08:00:00Z,SOLUSDT,-0.00044353
2026-02-23T16:00:00Z,SOLUSDT,-0.00006882
2026-02-24T00:00:00Z,SOLUSDT,-0.00010884
2026-02-24T08:00:00Z,SOLUSDT,-0.00006548
2026-02-24T16:00:00Z,SOLUSDT,-0.0000368
2026-02-25T00:00:00Z,SOLUSDT,-0.00017425
2026-02-25T08:00:00Z,SOLUSDT,0.0001
2026-02-25T16:00:00Z,SOLUSDT,0.0001
2026-02-26T00:00:00Z,SOLUSDT,0.0001
2026-02-26T08:00:00Z,SOLUSDT,0.0001
2026-02-26T16:00:00Z,SOLUSDT,-0.00000339
2026-02-27T00:00:00Z,SOLUSDT,-0.00001885
2026-02-27T08:00:00Z,SOLUSDT,0.00003753
2026-02-27T16:00:00Z,SOLUSDT,-0.0001631
2026-02-28T00:00:00Z,SOLUSDT,-0.00004625
2026-02-28T08:00:00Z,SOLUSDT,-0.00012612
2026-02-28T16:00:00Z,SOLUSDT,-0.00009173
2026-03-01T00:00:00Z,SOLUSDT,-0.00006145
2026-03-01T08:00:00Z,SOLUSDT,0.0001
2026-03-01T16:00:00Z,SOLUSDT,0.0001
2026-03-02T00:00:00Z,SOLUSDT,-0.00000852
2026-03-02T08:00:00Z,SOLUSDT,0.00000991
2026-03-02T16:00:00Z,SOLUSDT,0.00003344
2026-03-03T00:00:00Z,SOLUSDT,0.0001
2026-03-03T08:00:00Z,SOLUSDT,-0.00015594
2026-03-03T16:00:00Z,SOLUSDT,-0.00006566
2026-03-04T00:00:00Z,SOLUSDT,0.0001
2026-03-04T08:00:00Z,SOLUSDT,-0.00007041
2026-03-04T16:00:00Z,SOLUSDT,0.0001
2026-03-05T00:00:00Z,SOLUSDT,-0.00004779
2026-03-05T08:00:00Z,SOLUSDT,-0.00013044
2026-03-05T16:00:00Z,SOLUSDT,-0.00008445
2026-03-06T00:00:00Z,SOLUSDT,0.00002311
2026-03-06T08:00:00Z,SOLUSDT,-0.00009733
2026-03-06T16:00:00Z,SOLUSDT,-0.00018256
2026-03-07T00:00:00Z,SOLUSDT,-0.00010543
2026-03-07T08:00:00Z,SOLUSDT,0.00002493
2026-03-07T16:00:00Z,SOLUSDT,-0.00017446
2026-03-08T00:00:00Z,SOLUSDT,-0.00008877
2026-03-08T08:00:00Z,SOLUSDT,-0.00015264
2026-03-08T16:00:00Z,SOLUSDT,-0.00015054
2026-03-09T00:00:00Z,SOLUSDT,-0.00019135
2026-03-09T08:00:00Z,SOLUSDT,-0.00009511
2026-03-09T16:00:00Z,SOLUSDT,0.00008534
2026-03-10T00:00:00Z,SOLUSDT,-0.00000383
2026-03-10T08:00:00Z,SOLUSDT,-0.00004133
2026-03-10T16:00:00Z,SOLUSDT,0.0001
2026-03-11T00:00:00Z,SOLUSDT,-0.00001795
2026-03-11T08:00:00Z,SOLUSDT,-0.00007498
2026-03-11T16:00:00Z,SOLUSDT,-0.00002235
2026-03-12T00:00:00Z,SOLUSDT,0.0001
2026-03-12T08:00:00Z,SOLUSDT,-0.00016619
2026-03-12T16:00:00Z,SOLUSDT,0.0001
2026-03-13T00:00:00Z,SOLUSDT,0.00005329
2026-03-13T08:00:00Z,SOLUSDT,0.0001
2026-03-13T16:00:00Z,SOLUSDT,0.0001
2026-03-14T00:00:00Z,SOLUSDT,-0.00017928
2026-03-14T08:00:00Z,SOLUSDT,-0.00019361
2026-03-14T16:00:00Z,SOLUSDT,-0.00018327
2026-03-15T00:00:00Z,SOLUSDT,-0.00007519
2026-03-15T08:00:00Z,SOLUSDT,0.00004106
2026-03-15T16:00:00Z,SOLUSDT,0.00006661
2026-03-16T00:00:00Z,SOLUSDT,0.0001
2026-03-16T08:00:00Z,SOLUSDT,0.0001
2026-03-16T16:00:00Z,SOLUSDT,0.00006744
2026-03-17T00:00:00Z,SOLUSDT,0.00006177
2026-03-17T08:00:00Z,SOLUSDT,-0.00012387
2026-03-17T16:00:00Z,SOLUSDT,-0.00003927
2026-03-18T00:00:00Z,SOLUSDT,0.00000139
2026-03-18T08:00:00Z,SOLUSDT,-0.00007034
2026-03-18T16:00:00Z,SOLUSDT,-0.00017881
2026-03-19T00:00:00Z,SOLUSDT,-0.00008398
2026-03-19T08:00:00Z,SOLUSDT,-0.0001115
2026-03-19T16:00:00Z,SOLUSDT,-0.0000888
2026-03-20T00:00:00Z,SOLUSDT,0.00008497
2026-03-20T08:00:00Z,SOLUSDT,-0.00011684
2026-03-20T16:00:00Z,SOLUSDT,-0.00009438
2026-03-21T00:00:00Z,SOLUSDT,0.00007556
2026-03-21T08:00:00Z,SOLUSDT,0.00007556
2026-03-21T16:00:00Z,SOLUSDT,-0.00005913
2026-03-22T00:00:00Z,SOLUSDT,-0.0001338
2026-03-22T08:00:00Z,SOLUSDT,-0.00010067
2026-03-22T16:00:00Z,SOLUSDT,-0.00013435
2026-03-23T00:00:00Z,SOLUSDT,-0.00011103
2026-03-23T08:00:00Z,SOLUSDT,-0.00003691
2026-03-23T16:00:00Z,SOLUSDT,0.0001
2026-03-24T00:00:00Z,SOLUSDT,0.0001
2026-03-24T08:00:00Z,SOLUSDT,0.00002709
2026-03-24T16:00:00Z,SOLUSDT,-0.00000753
2026-03-25T00:00:00Z,SOLUSDT,0.00003307
2026-03-25T08:00:00Z,SOLUSDT,0.0001
2026-03-25T16:00:00Z,SOLUSDT,0.0001
2026-03-26T00:00:00Z,SOLUSDT,0.0000112
2026-03-26T08:00:00Z,SOLUSDT,-0.00023401
2026-03-26T16:00:00Z,SOLUSDT,-0.00018149
2026-03-27T00:00:00Z,SOLUSDT,-0.00006893
2026-03-27T08:00:00Z,SOLUSDT,-0.00007259
2026-03-27T16:00:00Z,SOLUSDT,-0.0003088
2026-03-28T00:00:00Z,SOLUSDT,-0.00013984
2026-03-28T08:00:00Z,SOLUSDT,0.00000052
2026-03-28T16:00:00Z,SOLUSDT,-0.00016558
2026-03-29T00:00:00Z,SOLUSDT,-0.00028626
2026-03-29T08:00:00Z,SOLUSDT,-0.00014553
2026-03-29T16:00:00Z,SOLUSDT,-0.00002809
2026-03-30T00:00:00Z,SOLUSDT,-0.00025756
2026-03-30T08:00:00Z,SOLUSDT,0.00000148
2026-03-30T16:00:00Z,SOLUSDT,0.0001
2026-03-31T00:00:00Z,SOLUSDT,-0.00002955
2026-03-31T08:00:00Z,SOLUSDT,0.0000638
2026-03-31T16:00:00Z,SOLUSDT,-0.00011512
2026-04-01T00:00:00Z,SOLUSDT,0.00001646
2026-04-01T08:00:00Z,SOLUSDT,-0.00001196
2026-04-01T16:00:00Z,SOLUSDT,-0.00002833
2026-04-02T00:00:00Z,SOLUSDT,0.00002832
2026-04-02T08:00:00Z,SOLUSDT,-0.00020309
2026-04-02T16:00:00Z,SOLUSDT,-0.00007034
2026-04-03T00:00:00Z,SOLUSDT,-0.00003795
2026-04-03T08:00:00Z,SOLUSDT,0.00002517
2026-04-03T16:00:00Z,SOLUSDT,0.00002297
2026-04-04T00:00:00Z,SOLUSDT,0.00006169
2026-04-04T08:00:00Z,SOLUSDT,0.00000641
2026-04-04T16:00:00Z,SOLUSDT,-0.00002862
2026-04-05T00:00:00Z,SOLUSDT,0.00008367
2026-04-05T08:00:00Z,SOLUSDT,-0.00000622
2026-04-05T16:00:00Z,SOLUSDT,-0.00002339
2026-04-06T00:00:00Z,SOLUSDT,-0.00005807
2026-04-06T08:00:00Z,SOLUSDT,0.0001
2026-04-06T16:00:00Z,SOLUSDT,0.0001
2026-04-07T00:00:00Z,SOLUSDT,-0.00016133
2026-04-07T08:00:00Z,SOLUSDT,-0.00025769
2026-04-07T16:00:00Z,SOLUSDT,-0.0000276
2026-04-08T00:00:00Z,SOLUSDT,0.0001
2026-04-08T08:00:00Z,SOLUSDT,0.0001
2026-04-08T16:00:00Z,SOLUSDT,0.0001
2026-04-09T00:00:00Z,SOLUSDT,0.0001
2026-04-09T08:00:00Z,SOLUSDT,-0.00007321
2026-04-09T16:00:00Z,SOLUSDT,0.00001077
2026-04-10T00:00:00Z,SOLUSDT,0.0001
2026-04-10T08:00:00Z,SOLUSDT,0.0001
2026-04-10T16:00:00Z,SOLUSDT,0.00008925
2026-04-11T00:00:00Z,SOLUSDT,0.0001
2026-04-11T08:00:00Z,SOLUSDT,-0.00009069
2026-04-11T16:00:00Z,SOLUSDT,-0.00000008
2026-04-12T00:00:00Z,SOLUSDT,0.0001
2026-04-12T08:00:00Z,SOLUSDT,0.00006789
2026-04-12T16:00:00Z,SOLUSDT,-0.00007596
2026-04-13T00:00:00Z,SOLUSDT,0.0001
2026-04-13T08:00:00Z,SOLUSDT,-0.00009735
2026-04-13T16:00:00Z,SOLUSDT,0.00002525
2026-04-14T00:00:00Z,SOLUSDT,0.0001
2026-04-14T08:00:00Z,SOLUSDT,0.0001
2026-04-14T16:00:00Z,SOLUSDT,0.0001
2026-04-15T00:00:00Z,SOLUSDT,-0.00000542
2026-04-15T08:00:00Z,SOLUSDT,-0.00011393
2026-04-15T16:00:00Z,SOLUSDT,0.00002272
2026-04-16T00:00:00Z,SOLUSDT,0.0001
2026-04-16T08:00:00Z,SOLUSDT,0.0000579
2026-04-16T16:00:00Z,SOLUSDT,0.00008617
2026-04-17T00:00:00Z,SOLUSDT,0.00008078
2026-04-17T08:00:00Z,SOLUSDT,-0.00005229
2026-04-17T16:00:00Z,SOLUSDT,0.0001
2026-04-18T00:00:00Z,SOLUSDT,-0.00010426
2026-04-18T08:00:00Z,SOLUSDT,-0.00001445
2026-04-18T16:00:00Z,SOLUSDT,0.00001914
2026-04-19T00:00:00Z,SOLUSDT,-0.00001172
2026-04-19T08:00:00Z,SOLUSDT,0.00001417
2026-04-19T16:00:00Z,SOLUSDT,-0.00009111
2026-04-20T00:00:00Z,SOLUSDT,0.0001
2026-04-20T08:00:00Z,SOLUSDT,-0.00006285
2026-04-20T16:00:00Z,SOLUSDT,0.0001
2026-04-21T00:00:00Z,SOLUSDT,0.0001
2026-04-21T08:00:00Z,SOLUSDT,0.00002322
2026-04-21T16:00:00Z,SOLUSDT,0.00008752
2026-04-22T00:00:00Z,SOLUSDT,0.00003789
2026-04-22T08:00:00Z,SOLUSDT,0.00009131
2026-04-22T16:00:00Z,SOLUSDT,0.00006001
2026-04-23T00:00:00Z,SOLUSDT,-0.00003515
2026-04-23T08:00:00Z,SOLUSDT,0.00000959
2026-04-23T16:00:00Z,SOLUSDT,0.00000166
2026-04-24T00:00:00Z,SOLUSDT,0.0000485
2026-04-24T08:00:00Z,SOLUSDT,0.00001513
2026-04-24T16:00:00Z,SOLUSDT,-0.00009637
2026-04-25T00:00:00Z,SOLUSDT,-0.00006684
2026-04-25T08:00:00Z,SOLUSDT,0.0001
2026-04-25T16:00:00Z,SOLUSDT,0.00003072
2026-04-26T00:00:00Z,SOLUSDT,-0.000145
2026-04-26T08:00:00Z,SOLUSDT,0.00004632
2026-04-26T16:00:00Z,SOLUSDT,0.00003343
2026-04-27T00:00:00Z,SOLUSDT,-0.00008387
2026-04-27T08:00:00Z,SOLUSDT,-0.00004952
2026-04-27T16:00:00Z,SOLUSDT,-0.00008783
2026-04-28T00:00:00Z,SOLUSDT,0.00005244
2026-04-28T08:00:00Z,SOLUSDT,0.00002694
2026-04-28T16:00:00Z,SOLUSDT,0.00004934
2026-04-29T00:00:00Z,SOLUSDT,0.00000992
2026-04-29T08:00:00Z,SOLUSDT,0.0001
2026-04-29T16:00:00Z,SOLUSDT,-0.00012816
2026-04-30T00:00:00Z,SOLUSDT,0.0001
2026-04-30T08:00:00Z,SOLUSDT,0.0001
2026-04-30T16:00:00Z,SOLUSDT,0.0001
2026-05-01T00:00:00Z,SOLUSDT,0.00006875
2026-05-01T08:00:00Z,SOLUSDT,0.0001
2026-05-01T16:00:00Z,SOLUSDT,0.00001139
2026-05-02T00:00:00Z,SOLUSDT,0.0001
2026-05-02T08:00:00Z,SOLUSDT,0.00003084
2026-05-02T16:00:00Z,SOLUSDT,0.00002273
2026-05-03T00:00:00Z,SOLUSDT,0.00005777
2026-05-03T08:00:00Z,SOLUSDT,-0.0000938
2026-05-03T16:00:00Z,SOLUSDT,-0.00014441
2026-05-04T00:00:00Z,SOLUSDT,0.00004697
2026-05-04T08:00:00Z,SOLUSDT,0.0001
2026-05-04T16:00:00Z,SOLUSDT,0.00000941
2026-05-05T00:00:00Z,SOLUSDT,0.0001
2026-05-05T08:00:00Z,SOLUSDT,0.0001
2026-05-05T16:00:00Z,SOLUSDT,0.0001
2026-05-06T00:00:00Z,SOLUSDT,0.0001
2026-05-06T08:00:00Z,SOLUSDT,0.0001
2026-05-06T16:00:00Z,SOLUSDT,0.0001
2026-05-07T00:00:00Z,SOLUSDT,0.00000872
2026-05-07T08:00:00Z,SOLUSDT,0.00008851
2026-05-07T16:00:00Z,SOLUSDT,0.00008202
2026-05-08T00:00:00Z,SOLUSDT,-0.00004013
2026-05-08T08:00:00Z,SOLUSDT,0.00008975
2026-05-08T16:00:00Z,SOLUSDT,0.00002549
2026-05-09T00:00:00Z,SOLUSDT,-0.00009315
2026-05-09T08:00:00Z,SOLUSDT,-0.00006757
2026-05-09T16:00:00Z,SOLUSDT,0.0000812
2026-05-10T00:00:00Z,SOLUSDT,-0.00007283
2026-05-10T08:00:00Z,SOLUSDT,-0.00010795
2026-05-10T16:00:00Z,SOLUSDT,0.0001
2026-05-11T00:00:00Z,SOLUSDT,0.0001
2026-05-11T08:00:00Z,SOLUSDT,0.00007566
2026-05-11T16:00:00Z,SOLUSDT,0.0001
2026-05-12T00:00:00Z,SOLUSDT,0.00000638
2026-05-12T08:00:00Z,SOLUSDT,-0.00005751
2026-05-12T16:00:00Z,SOLUSDT,0.0001
2026-05-13T00:00:00Z,SOLUSDT,0.00000837
2026-05-13T08:00:00Z,SOLUSDT,-0.00007501
2026-05-13T16:00:00Z,SOLUSDT,0.0000954
2026-05-14T00:00:00Z,SOLUSDT,-0.00003392
2026-05-14T08:00:00Z,SOLUSDT,0.00001784
2026-05-14T16:00:00Z,SOLUSDT,-0.00007448
2026-05-15T00:00:00Z,SOLUSDT,0.0000176
2026-05-15T08:00:00Z,SOLUSDT,0.00008069
2026-05-15T16:00:00Z,SOLUSDT,-0.00002299
2026-05-16T00:00:00Z,SOLUSDT,0.0001
2026-05-16T08:00:00Z,SOLUSDT,0.00007244
2026-05-16T16:00:00Z,SOLUSDT,-0.00015079
2026-05-17T00:00:00Z,SOLUSDT,-0.00003724
2026-05-17T08:00:00Z,SOLUSDT,0.00005593
2026-05-17T16:00:00Z,SOLUSDT,-0.00006661
2026-05-18T00:00:00Z,SOLUSDT,-0.00003865
2026-05-18T08:00:00Z,SOLUSDT,-0.00002708
2026-05-18T16:00:00Z,SOLUSDT,-0.00005174
2026-05-19T00:00:00Z,SOLUSDT,0.0001
2026-05-19T08:00:00Z,SOLUSDT,0.00008163
2026-05-19T16:00:00Z,SOLUSDT,-0.00005114
2026-05-20T00:00:00Z,SOLUSDT,0.0001
2026-05-20T08:00:00Z,SOLUSDT,0.0001
2026-05-20T16:00:00Z,SOLUSDT,0.00005294
2026-05-21T00:00:00Z,SOLUSDT,0.00003061
2026-05-21T08:00:00Z,SOLUSDT,0.0001
2026-05-21T16:00:00Z,SOLUSDT,0.0001
2026-05-22T00:00:00Z,SOLUSDT,0.0001
2026-05-22T08:00:00Z,SOLUSDT,0.0001
2026-05-22T16:00:00Z,SOLUSDT,0.0001
2026-05-23T00:00:00Z,SOLUSDT,0.00004218
2026-05-23T08:00:00Z,SOLUSDT,-0.00012929
2026-05-23T16:00:00Z,SOLUSDT,-0.00012445
2026-05-24T00:00:00Z,SOLUSDT,0.00003998
2026-05-24T08:00:00Z,SOLUSDT,0.00006963
2026-05-24T16:00:00Z,SOLUSDT,0.00001552
2026-05-25T00:00:00Z,SOLUSDT,-0.00000628
2026-05-25T08:00:00Z,SOLUSDT,-0.00000257
2026-05-25T16:00:00Z,SOLUSDT,0.0001
2026-05-26T00:00:00Z,SOLUSDT,0.0001
2026-05-26T08:00:00Z,SOLUSDT,-0.00010061
2026-05-26T16:00:00Z,SOLUSDT,0.00009175
2026-05-27T00:00:00Z,SOLUSDT,-0.00006702
2026-05-27T08:00:00Z,SOLUSDT,-0.00005137
2026-05-27T16:00:00Z,SOLUSDT,0.00004831
2026-05-28T00:00:00Z,SOLUSDT,-0.00003045
2026-05-28T08:00:00Z,SOLUSDT,-0.00016131
2026-05-28T16:00:00Z,SOLUSDT,-0.00002007
2026-05-29T00:00:00Z,SOLUSDT,0.00003395
2026-05-29T08:00:00Z,SOLUSDT,0.0000531
2026-05-29T16:00:00Z,SOLUSDT,0.00007496
2026-05-30T00:00:00Z,SOLUSDT,0.0001
2026-05-30T08:00:00Z,SOLUSDT,0.0001
2026-05-30T16:00:00Z,SOLUSDT,0.00007537
2026-05-31T00:00:00Z,SOLUSDT,0.00006344
2026-05-31T08:00:00Z,SOLUSDT,0.00005934
2026-05-31T16:00:00Z,SOLUSDT,0.00008245
2026-06-01T00:00:00Z,SOLUSDT,0.00000783
2026-06-01T08:00:00Z,SOLUSDT,-0.00004463
2026-06-01T16:00:00Z,SOLUSDT,0.00008337
2026-06-02T00:00:00Z,SOLUSDT,0.00008725
2026-06-02T08:00:00Z,SOLUSDT,-0.00005496
2026-06-02T16:00:00Z,SOLUSDT,-0.00005567
2026-06-03T00:00:00Z,SOLUSDT,-0.00013766
2026-06-03T08:00:00Z,SOLUSDT,-0.00002727
2026-06-03T16:00:00Z,SOLUSDT,-0.00002969
2026-06-04T00:00:00Z,SOLUSDT,-0.00014101
2026-06-04T08:00:00Z,SOLUSDT,-0.00013352
2026-06-04T16:00:00Z,SOLUSDT,-0.00010354
2026-06-05T00:00:00Z,SOLUSDT,-0.00013522
2026-06-05T08:00:00Z,SOLUSDT,-0.0002538
2026-06-05T16:00:00Z,SOLUSDT,-0.0000936
2026-06-06T00:00:00Z,SOLUSDT,-0.00009646
2026-06-06T08:00:00Z,SOLUSDT,-0.00018143
2026-06-06T16:00:00Z,SOLUSDT,-0.00022283
2026-06-07T00:00:00Z,SOLUSDT,-0.00008223
2026-06-07T08:00:00Z,SOLUSDT,-0.00020434
2026-06-07T16:00:00Z,SOLUSDT,-0.00032804
2026-06-08T00:00:00Z,SOLUSDT,-0.00030592
2026-06-08T08:00:00Z,SOLUSDT,-0.00021034
2026-06-08T16:00:00Z,SOLUSDT,0.00002953
2026-06-09T00:00:00Z,SOLUSDT,-0.00009835
2026-06-09T08:00:00Z,SOLUSDT,0.00005148
2026-06-09T16:00:00Z,SOLUSDT,-0.00002073
2026-06-10T00:00:00Z,SOLUSDT,0.00000794
2026-06-10T08:00:00Z,SOLUSDT,-0.00003401
2026-06-10T16:00:00Z,SOLUSDT,0.0000021
2026-06-11T00:00:00Z,SOLUSDT,-0.00012531
2026-06-11T08:00:00Z,SOLUSDT,0.0001
2026-06-11T16:00:00Z,SOLUSDT,0.0001
2026-06-12T00:00:00Z,SOLUSDT,0.00009888
2026-06-12T08:00:00Z,SOLUSDT,-0.00000755
2026-06-12T16:00:00Z,SOLUSDT,0.00006352
2026-06-13T00:00:00Z,SOLUSDT,-0.00012027
2026-06-13T08:00:00Z,SOLUSDT,-0.00008244
2026-06-13T16:00:00Z,SOLUSDT,-0.00003952
2026-06-14T00:00:00Z,SOLUSDT,-0.00006892
2026-06-14T08:00:00Z,SOLUSDT,-0.00001719
2026-06-14T16:00:00Z,SOLUSDT,-0.00009909
2026-06-15T00:00:00Z,SOLUSDT,-0.000055
2026-06-15T08:00:00Z,SOLUSDT,0.00007438
2026-06-15T16:00:00Z,SOLUSDT,0.00001934
2026-06-16T00:00:00Z,SOLUSDT,0.00007087
2026-06-16T08:00:00Z,SOLUSDT,-0.00004574
2026-06-16T16:00:00Z,SOLUSDT,0.00003007
2026-06-17T00:00:00Z,SOLUSDT,-0.00000346
2026-06-17T08:00:00Z,SOLUSDT,-0.00001692
2026-06-17T16:00:00Z,SOLUSDT,-0.00009547
2026-06-18T00:00:00Z,SOLUSDT,-0.0000437
2026-06-18T08:00:00Z,SOLUSDT,-0.00008589
2026-06-18T16:00:00Z,SOLUSDT,-0.00000564
2026-06-19T00:00:00Z,SOLUSDT,0.0001
2026-06-19T08:00:00Z,SOLUSDT,0.00004211
2026-06-19T16:00:00Z,SOLUSDT,-0.00005056
2026-06-20T00:00:00Z,SOLUSDT,-0.0000452
2026-06-20T08:00:00Z,SOLUSDT,0.00008828
2026-06-20T16:00:00Z,SOLUSDT,0.0001
2026-06-21T00:00:00Z,SOLUSDT,0.0001
2026-06-21T08:00:00Z,SOLUSDT,0.00002776
2026-06-21T16:00:00Z,SOLUSDT,0.0001
2026-06-22T00:00:00Z,SOLUSDT,0.00007759
2026-06-22T08:00:00Z,SOLUSDT,0.00005808
2026-06-22T16:00:00Z,SOLUSDT,0.00001597
2026-06-23T00:00:00Z,SOLUSDT,-0.00014899
2026-06-23T08:00:00Z,SOLUSDT,-0.00012606
2026-06-23T16:00:00Z,SOLUSDT,-0.00016282
2026-06-24T00:00:00Z,SOLUSDT,-0.00015663
2026-06-24T08:00:00Z,SOLUSDT,-0.00016512
2026-06-24T16:00:00Z,SOLUSDT,0.00001409
2026-06-25T00:00:00Z,SOLUSDT,-0.00004846
2026-06-25T08:00:00Z,SOLUSDT,0.00000241
2026-06-25T16:00:00Z,SOLUSDT,-0.0000542
2026-06-26T00:00:00Z,SOLUSDT,0.00002899
2026-06-26T08:00:00Z,SOLUSDT,0.0001
2026-06-26T16:00:00Z,SOLUSDT,0.0001
2026-06-27T00:00:00Z,SOLUSDT,0.00007431
2026-06-27T08:00:00Z,SOLUSDT,-0.00004361
2026-06-27T16:00:00Z,SOLUSDT,-0.00000983
2026-06-28T00:00:00Z,SOLUSDT,-0.00000882
2026-06-28T08:00:00Z,SOLUSDT,-0.00002114
2026-06-28T16:00:00Z,SOLUSDT,0.00009849
2026-06-29T00:00:00Z,SOLUSDT,-0.00002864
2026-06-29T08:00:00Z,SOLUSDT,0.0001
2026-06-29T16:00:00Z,SOLUSDT,0.00007992
2026-06-30T00:00:00Z,SOLUSDT,0.00009993
2026-06-30T08:00:00Z,SOLUSDT,-0.00007645
2026-06-30T16:00:00Z,SOLUSDT,0.00003013
2026-07-01T00:00:00Z,SOLUSDT,0.0001
2026-07-01T08:00:00Z,SOLUSDT,0.0001
2026-07-01T16:00:00Z,SOLUSDT,0.00008091
2026-07-02T00:00:00Z,SOLUSDT,0.00005005
2026-07-02T08:00:00Z,SOLUSDT,0.00002471
2026-07-02T16:00:00Z,SOLUSDT,0.00000175
2026-07-03T00:00:00Z,SOLUSDT,-0.00002979
2026-07-03T08:00:00Z,SOLUSDT,0.00001452
2026-07-03T16:00:00Z,SOLUSDT,-0.00003042
2026-07-04T00:00:00Z,SOLUSDT,0.0000533
2026-07-04T08:00:00Z,SOLUSDT,0.0001
2026-07-04T16:00:00Z,SOLUSDT,0.00002683
2026-07-05T00:00:00Z,SOLUSDT,0.0000316
2026-07-05T08:00:00Z,SOLUSDT,-0.00008233
2026-07-05T16:00:00Z,SOLUSDT,-0.00013202
2026-07-06T00:00:00Z,SOLUSDT,0.0000679
2026-07-06T08:00:00Z,SOLUSDT,0.00000157
2026-07-06T16:00:00Z,SOLUSDT,0.00003777
2026-07-07T00:00:00Z,SOLUSDT,0.0001
2026-07-07T08:00:00Z,SOLUSDT,0.0000045
2026-07-07T16:00:00Z,SOLUSDT,0.00001986
2026-07-08T00:00:00Z,SOLUSDT,-0.00009879
2026-07-08T08:00:00Z,SOLUSDT,0.00002674
2026-07-08T16:00:00Z,SOLUSDT,-0.00003679
2026-07-09T00:00:00Z,SOLUSDT,0.00002984
2026-07-09T08:00:00Z,SOLUSDT,0.00000926
2026-07-09T16:00:00Z,SOLUSDT,-0.00002616
2026-07-10T00:00:00Z,SOLUSDT,-0.00002353
2026-07-10T08:00:00Z,SOLUSDT,0.00002896
2026-07-10T16:00:00Z,SOLUSDT,0.0001
2026-07-11T00:00:00Z,SOLUSDT,0.00001918
2026-07-11T08:00:00Z,SOLUSDT,-0.0000068
2026-07-11T16:00:00Z,SOLUSDT,0.00000102
2026-07-12T00:00:00Z,SOLUSDT,0.00003463
2026-07-12T08:00:00Z,SOLUSDT,-0.00003198
2026-07-12T16:00:00Z,SOLUSDT,0.00003574
2026-07-13T00:00:00Z,SOLUSDT,0.00003352
2026-07-13T08:00:00Z,SOLUSDT,0.0000149
2026-07-13T16:00:00Z,SOLUSDT,0.00006794
2026-07-14T00:00:00Z,SOLUSDT,-0.00008278
2026-07-14T08:00:00Z,SOLUSDT,-0.00004493
2026-07-14T16:00:00Z,SOLUSDT,0.0001
2026-07-15T00:00:00Z,SOLUSDT,0.0000004
2026-07-15T08:00:00Z,SOLUSDT,-0.00003352
2026-07-15T16:00:00Z,SOLUSDT,0.00001284
2026-07-16T00:00:00Z,SOLUSDT,-0.00001431
2026-07-16T08:00:00Z,SOLUSDT,-0.00000363
2026-07-16T16:00:00Z,SOLUSDT,0.00000448
2026-07-17T00:00:00Z,SOLUSDT,-0.00004804
2026-07-17T08:00:00Z,SOLUSDT,-0.00001272
2026-07-17T16:00:00Z,SOLUSDT,0.00001861
2026-07-18T00:00:00Z,SOLUSDT,-0.00001177
2026-07-18T08:00:00Z,SOLUSDT,-0.00007136
2026-07-18T16:00:00Z,SOLUSDT,0.00003137
2026-07-19T00:00:00Z,SOLUSDT,0.00000213
2026-07-19T08:00:00Z,SOLUSDT,0.00000371
2026-07-19T16:00:00Z,SOLUSDT,0.00008549
2026-07-20T00:00:00Z,SOLUSDT,0.00006116
2026-07-20T08:00:00Z,SOLUSDT,-0.00002232
2026-07-20T16:00:00Z,SOLUSDT,0.00008056
2026-07-21T00:00:00Z,SOLUSDT,0.0001
2026-07-21T08:00:00Z,SOLUSDT,0.0001
2026-07-21T16:00:00Z,SOLUSDT,0.00003238
2026-07-22T00:00:00Z,SOLUSDT,0.00005394
2026-07-22T08:00:00Z,SOLUSDT,-0.00000307
2026-07-22T16:00:00Z,SOLUSDT,0.0001
2026-07-23T00:00:00Z,SOLUSDT,-0.00000541
2026-07-23T08:00:00Z,SOLUSDT,-0.00012066
2026-07-23T16:00:00Z,SOLUSDT,-0.00003065
2026-07-24T00:00:00Z,SOLUSDT,-0.00007712
2026-07-24T08:00:00Z,SOLUSDT,0.00006248
2026-07-24T16:00:00Z,SOLUSDT,-0.00008493
2026-07-25T00:00:00Z,SOLUSDT,-0.00009682
2026-07-25T08:00:00Z,SOLUSDT,-0.0000689
2026-07-25T16:00:00Z,SOLUSDT,-0.00005232
2026-07-26T00:00:00Z,SOLUSDT,-0.00007052
2026-07-26T08:00:00Z,SOLUSDT,0.00002379
2026-07-26T16:00:00Z,SOLUSDT,-0.00001829
2026-07-27T00:00:00Z,SOLUSDT,0.0000272
2026-07-27T08:00:00Z,SOLUSDT,0.00006554
2026-07-27T16:00:00Z,SOLUSDT,-0.00000332
2026-07-28T00:00:00Z,SOLUSDT,-0.00005131
2026-07-28T08:00:00Z,SOLUSDT,-0.0001785
2026-07-28T16:00:00Z,SOLUSDT,-0.00006327
2026-07-29T00:00:00Z,SOLUSDT,0.00002682
2026-07-29T08:00:00Z,SOLUSDT,0.00006357
2026-07-29T16:00:00Z,SOLUSDT,0.00000414
2026-07-30T00:00:00Z,SOLUSDT,0.0000199
2026-07-30T08:00:00Z,SOLUSDT,0.00008438
2026-07-30T16:00:00Z,SOLUSDT,0.00005941
2026-07-31T00:00:00Z,SOLUSDT,0.00004704
2026-07-31T08:00:00Z,SOLUSDT,0.0000652
2026-07-31T16:00:00Z,SOLUSDT,0.00000314
2026-08-01T00:00:00Z,SOLUSDT,0.00002097
2026-08-01T08:00:00Z,SOLUSDT,0.00002325
2026-08-01T16:00:00Z,SOLUSDT,0.00005598
2026-08-02T00:00:00Z,SOLUSDT,-0.00005915
2026-08-02T08:00:00Z,SOLUSDT,0.0001
2026-08-02T16:00:00Z,SOLUSDT,0.0001
2026-08-03T00:00:00Z,SOLUSDT,0.0000515
2026-08-03T08:00:00Z,SOLUSDT,-0.00003419
2026-08-03T16:00:00Z,SOLUSDT,0.00007852
2026-08-04T00:00:00Z,SOLUSDT,0.00005307
2026-08-04T08:00:00Z,SOLUSDT,0.0000508
2026-08-04T16:00:00Z,SOLUSDT,0.00002705
2026-08-05T00:00:00Z,SOLUSDT,0.00005883
2026-08-05T08:00:00Z,SOLUSDT,0.00003596
2026-08-05T16:00:00Z,SOLUSDT,0.00003781
2026-08-06T00:00:00Z,SOLUSDT,-0.00004061
2026-08-06T08:00:00Z,SOLUSDT,-0.00008067
2026-08-06T16:00:00Z,SOLUSDT,-0.00006982
2026-08-07T00:00:00Z,SOLUSDT,-0.00001135
2026-08-07T08:00:00Z,SOLUSDT,0.00003768
2026-08-07T16:00:00Z,SOLUSDT,-0.00002752
2026-08-08T00:00:00Z,SOLUSDT,0.00005781
2026-08-08T08:00:00Z,SOLUSDT,0.00009329
2026-08-08T16:00:00Z,SOLUSDT,0.0001
2026-08-09T00:00:00Z,SOLUSDT,0.000095
2026-08-09T08:00:00Z,SOLUSDT,0.0001
2026-08-09T16:00:00Z,SOLUSDT,0.0000605
2026-08-10T00:00:00Z,SOLUSDT,0.00004667
2026-08-10T08:00:00Z,SOLUSDT,0.0001
2026-08-10T16:00:00Z,SOLUSDT,0.0001
2026-08-11T00:00:00Z,SOLUSDT,0.0001
2026-08-11T08:00:00Z,SOLUSDT,0.0000995
2026-08-11T16:00:00Z,SOLUSDT,0.00000886
2026-08-12T00:00:00Z,SOLUSDT,0.00006419
2026-08-12T08:00:00Z,SOLUSDT,0.0000535
2026-08-12T16:00:00Z,SOLUSDT,-0.00006441
2026-08-13T00:00:00Z,SOLUSDT,-0.00009818
2026-08-13T08:00:00Z,SOLUSDT,0.0001
2026-08-13T16:00:00Z,SOLUSDT,-0.00000945
2026-08-14T00:00:00Z,SOLUSDT,-0.00000466
2026-08-14T08:00:00Z,SOLUSDT,0.00004587
2026-08-14T16:00:00Z,SOLUSDT,-0.00001153
2026-08-15T00:00:00Z,SOLUSDT,-0.00003115
2026-08-15T08:00:00Z,SOLUSDT,0.00000325
2026-08-15T16:00:00Z,SOLUSDT,0.00005197
2026-08-16T00:00:00Z,SOLUSDT,0.00008998
2026-08-16T08:00:00Z,SOLUSDT,0.00003089
2026-08-16T16:00:00Z,SOLUSDT,0.00002711
2026-08-17T00:00:00Z,SOLUSDT,0.00001768
2026-08-17T08:00:00Z,SOLUSDT,-0.00001332
2026-08-17T16:00:00Z,SOLUSDT,0.00006701
2026-08-18T00:00:00Z,SOLUSDT,0.00004084
2026-08-18T08:00:00Z,SOLUSDT,0.00000617
2026-08-18T16:00:00Z,SOLUSDT,0.0001
2026-08-19T00:00:00Z,SOLUSDT,0.00007453
2026-08-19T08:00:00Z,SOLUSDT,0.00006865
2026-08-19T16:00:00Z,SOLUSDT,0.00001021
2026-08-20T00:00:00Z,SOLUSDT,0.0001
2026-08-20T08:00:00Z,SOLUSDT,0.0001
2026-08-20T16:00:00Z,SOLUSDT,0.0001
2026-08-21T00:00:00Z,SOLUSDT,0.0001
2026-08-21T08:00:00Z,SOLUSDT,0.0001
2026-08-21T16:00:00Z,SOLUSDT,0.0001
2026-08-22T00:00:00Z,SOLUSDT,0.0001
2026-08-22T08:00:00Z,SOLUSDT,0.0001
2026-08-22T16:00:00Z,SOLUSDT,0.0001
2026-08-23T00:00:00Z,SOLUSDT,0.0001
2026-08-23T08:00:00Z,SOLUSDT,0.0001
2026-08-23T16:00:00Z,SOLUSDT,0.0001
2026-08-24T00:00:00Z,SOLUSDT,0.0001
2026-08-24T08:00:00Z,SOLUSDT,0.0001
2026-08-24T16:00:00Z,SOLUSDT,0.0001
2026-08-25T00:00:00Z,SOLUSDT,0.0001
2026-08-25T08:00:00Z,SOLUSDT,0.0001
2026-08-25T16:00:00Z,SOLUSDT,0.00008856
2026-08-26T00:00:00Z,SOLUSDT,-0.00005995
2026-08-26T08:00:00Z,SOLUSDT,-0.00000294
2026-08-26T16:00:00Z,SOLUSDT,0.00001247
2026-08-27T00:00:00Z,SOLUSDT,0.0001
2026-08-27T08:00:00Z,SOLUSDT,0.0001
2026-08-27T16:00:00Z,SOLUSDT,0.00008357
2026-08-28T00:00:00Z,SOLUSDT,0.00000565
2026-08-28T08:00:00Z,SOLUSDT,-0.00002706
2026-08-28T16:00:00Z,SOLUSDT,-0.00006223
2026-08-29T00:00:00Z,SOLUSDT,0.0001
2026-08-29T08:00:00Z,SOLUSDT,0.0000406
2026-08-29T16:00:00Z,SOLUSDT,-0.00001765
2026-08-30T00:00:00Z,SOLUSDT,-0.00006568
2026-08-30T08:00:00Z,SOLUSDT,-0.00000671
2026-08-30T16:00:00Z,SOLUSDT,0.00000579
2026-08-31T00:00:00Z,SOLUSDT,-0.00011475
2026-08-31T08:00:00Z,SOLUSDT,-0.0000701
2026-08-31T16:00:00Z,SOLUSDT,-0.00005856
2026-09-01T00:00:00Z,SOLUSDT,-0.00004393
2026-09-01T08:00:00Z,SOLUSDT,-0.00002641
2026-09-01T16:00:00Z,SOLUSDT,-0.00011303
2026-09-02T00:00:00Z,SOLUSDT,-0.00008292
2026-09-02T08:00:00Z,SOLUSDT,0.00000654
2026-09-02T16:00:00Z,SOLUSDT,0.00000161
2026-09-03T00:00:00Z,SOLUSDT,-0.00000855
2026-09-03T08:00:00Z,SOLUSDT,0.00001316
2026-09-03T16:00:00Z,SOLUSDT,0.00005098
2026-09-04T00:00:00Z,SOLUSDT,0.00004158
2026-09-04T08:00:00Z,SOLUSDT,-0.00005795
2026-09-04T16:00:00Z,SOLUSDT,-0.0000781
2026-09-05T00:00:00Z,SOLUSDT,-0.00010388
2026-09-05T08:00:00Z,SOLUSDT,-0.000054
2026-09-05T16:00:00Z,SOLUSDT,0.00002992
2026-09-06T00:00:00Z,SOLUSDT,0.00005875
2026-09-06T08:00:00Z,SOLUSDT,0.0001
2026-09-06T16:00:00Z,SOLUSDT,0.0001
2026-09-07T00:00:00Z,SOLUSDT,0.00004493
2026-09-07T08:00:00Z,SOLUSDT,0.00003163
2026-09-07T16:00:00Z,SOLUSDT,-0.00004035
2026-09-08T00:00:00Z,SOLUSDT,-0.00007521
2026-09-08T08:00:00Z,SOLUSDT,-0.00004571
2026-09-08T16:00:00Z,SOLUSDT,-0.00000013
2026-09-09T00:00:00Z,SOLUSDT,0.00000188
2026-09-09T08:00:00Z,SOLUSDT,-0.00001719
2026-09-09T16:00:00Z,SOLUSDT,-0.00003801
2026-09-10T00:00:00Z,SOLUSDT,-0.00011231
2026-09-10T08:00:00Z,SOLUSDT,-0.00007189
2026-09-10T16:00:00Z,SOLUSDT,-0.00003806
2026-09-11T00:00:00Z,SOLUSDT,-0.00004224
2026-09-11T08:00:00Z,SOLUSDT,0.00000053
2026-09-11T16:00:00Z,SOLUSDT,0.00004253
2026-09-12T00:00:00Z,SOLUSDT,0.0000606
2026-09-12T08:00:00Z,SOLUSDT,0.00005115
2026-09-12T16:00:00Z,SOLUSDT,0.00003168
2026-09-13T00:00:00Z,SOLUSDT,0.00003845
2026-09-13T08:00:00Z,SOLUSDT,0.00003708
2026-09-13T16:00:00Z,SOLUSDT,-0.00001358
2026-09-14T00:00:00Z,SOLUSDT,-0.00003363
2026-09-14T08:00:00Z,SOLUSDT,0.00002768
2026-09-14T16:00:00Z,SOLUSDT,0.00003009
2026-09-15T00:00:00Z,SOLUSDT,0.00005691
2026-09-15T08:00:00Z,SOLUSDT,-0.00000827
2026-09-15T16:00:00Z,SOLUSDT,-0.00005732
2026-09-16T00:00:00Z,SOLUSDT,-0.00009081
2026-09-16T08:00:00Z,SOLUSDT,-0.00005691
2026-09-16T16:00:00Z,SOLUSDT,0.00000036
2026-09-17T00:00:00Z,SOLUSDT,0.00003058
2026-09-17T08:00:00Z,SOLUSDT,-0.00001177
2026-09-17T16:00:00Z,SOLUSDT,-0.00001141
2026-09-18T00:00:00Z,SOLUSDT,0.0001
2026-09-18T08:00:00Z,SOLUSDT,0.0001
2026-09-18T16:00:00Z,SOLUSDT,0.0001
2026-09-19T00:00:00Z,SOLUSDT,0.0001
2026-09-19T08:00:00Z,SOLUSDT,0.0001
2026-09-19T16:00:00Z,SOLUSDT,0.0001
2026-09-20T00:00:00Z,SOLUSDT,0.0001
2026-09-20T08:00:00Z,SOLUSDT,0.0001
2026-09-20T16:00:00Z,SOLUSDT,0.00002275
2026-09-21T00:00:00Z,SOLUSDT,0.0001
2026-09-21T08:00:00Z,SOLUSDT,0.0001
2026-09-21T16:00:00Z,SOLUSDT,0.0001
2026-09-22T00:00:00Z,SOLUSDT,0.0001
2026-09-22T08:00:00Z,SOLUSDT,-0.00009131
2026-09-22T16:00:00Z,SOLUSDT,-0.00007045
2026-09-23T00:00:00Z,SOLUSDT,0.00001861
2026-09-23T08:00:00Z,SOLUSDT,0.00003254
2026-09-23T16:00:00Z,SOLUSDT,-0.0000287
2026-09-24T00:00:00Z,SOLUSDT,-0.00000519
2026-09-24T08:00:00Z,SOLUSDT,-0.00006839
2026-09-24T16:00:00Z,SOLUSDT,0.00005264
2026-09-25T00:00:00Z,SOLUSDT,-0.00010564
2026-09-25T08:00:00Z,SOLUSDT,-0.0000047
2026-09-25T16:00:00Z,SOLUSDT,0.0001
2026-09-26T00:00:00Z,SOLUSDT,0.0001
2026-09-26T08:00:00Z,SOLUSDT,0.0001
2026-09-26T16:00:00Z,SOLUSDT,0.0001
2026-09-27T00:00:00Z,SOLUSDT,0.0001
2026-09-27T08:00:00Z,SOLUSDT,0.0001
2026-09-27T16:00:00Z,SOLUSDT,0.0001
2026-09-28T00:00:00Z,SOLUSDT,0.00006338
2026-09-28T08:00:00Z,SOLUSDT,0.00008247
2026-09-28T16:00:00Z,SOLUSDT,0.00007114
2026-09-29T00:00:00Z,SOLUSDT,0.00003886
2026-09-29T08:00:00Z,SOLUSDT,0.00007688
2026-09-29T16:00:00Z,SOLUSDT,0.0001
2026-09-30T00:00:00Z,SOLUSDT,-0.00000705
2026-09-30T08:00:00Z,SOLUSDT,-0.00008565
2026-09-30T16:00:00Z,SOLUSDT,-0.00004461
2026-10-01T00:00:00Z,SOLUSDT,-0.0000917
2026-10-01T08:00:00Z,SOLUSDT,0.00000831
2026-10-01T16:00:00Z,SOLUSDT,-0.00009094
2026-10-02T00:00:00Z,SOLUSDT,0.00000707
2026-10-02T08:00:00Z,SOLUSDT,0.0001
2026-10-02T16:00:00Z,SOLUSDT,0.00008301
2026-10-03T00:00:00Z,SOLUSDT,-0.00017707
2026-10-03T08:00:00Z,SOLUSDT,0.00003068
2026-10-03T16:00:00Z,SOLUSDT,-0.00004402
2026-10-04T00:00:00Z,SOLUSDT,-0.00002207
2026-10-04T08:00:00Z,SOLUSDT,0.0001
2026-10-04T16:00:00Z,SOLUSDT,0.0001
2026-10-05T00:00:00Z,SOLUSDT,0.0001
2026-10-05T08:00:00Z,SOLUSDT,-0.00000867
2026-10-05T16:00:00Z,SOLUSDT,-0.00005975
2026-10-06T00:00:00Z,SOLUSDT,0.00000302
2026-10-06T08:00:00Z,SOLUSDT,-0.00002002
2026-10-06T16:00:00Z,SOLUSDT,0.00009366
2026-10-07T00:00:00Z,SOLUSDT,0.0001
2026-10-07T08:00:00Z,SOLUSDT,-0.000013
2026-10-07T16:00:00Z,SOLUSDT,0.00001901
2026-10-08T00:00:00Z,SOLUSDT,0.00003557
2026-10-08T08:00:00Z,SOLUSDT,-0.00004143
2026-10-08T16:00:00Z,SOLUSDT,0.00001895
2026-10-09T00:00:00Z,SOLUSDT,-0.00008259
