timestamp,symbol,funding_rate
2023-10-09T00:00:00Z,SUIUSDT,0.00002462
2023-10-09T08:00:00Z,SUIUSDT,0.00004792
2023-10-09T16:00:00Z,SUIUSDT,-0.00010991
2023-10-10T00:00:00Z,SUIUSDT,0.00003143
2023-10-10T08:00:00Z,SUIUSDT,-0.00021842
2023-10-10T16:00:00Z,SUIUSDT,-0.00003522
2023-10-11T00:00:00Z,SUIUSDT,0.0000971
2023-10-11T08:00:00Z,SUIUSDT,0.00003726
2023-10-11T16:00:00Z,SUIUSDT,-0.0000305
2023-10-12T00:00:00Z,SUIUSDT,0.0001
2023-10-12T08:00:00Z,SUIUSDT,0.00000387
2023-10-12T16:00:00Z,SUIUSDT,0.00003204
2023-10-13T00:00:00Z,SUIUSDT,0.00003437
2023-10-13T08:00:00Z,SUIUSDT,0.00005458
2023-10-13T16:00:00Z,SUIUSDT,-0.00003112
2023-10-14T00:00:00Z,SUIUSDT,-0.00006504
2023-10-14T08:00:00Z,SUIUSDT,-0.00006784
2023-10-14T16:00:00Z,SUIUSDT,0.0001
2023-10-15T00:00:00Z,SUIUSDT,0.0001
2023-10-15T08:00:00Z,SUIUSDT,0.0001
2023-10-15T16:00:00Z,SUIUSDT,0.0001
2023-10-16T00:00:00Z,SUIUSDT,0.0001
2023-10-16T08:00:00Z,SUIUSDT,0.0001
2023-10-16T16:00:00Z,SUIUSDT,0.0001
2023-10-17T00:00:00Z,SUIUSDT,0.00001179
2023-10-17T08:00:00Z,SUIUSDT,0.00003298
2023-10-17T16:00:00Z,SUIUSDT,-0.00004752
2023-10-18T00:00:00Z,SUIUSDT,-0.00027001
2023-10-18T08:00:00Z,SUIUSDT,-0.00005617
2023-10-18T16:00:00Z,SUIUSDT,0.00007678
2023-10-19T00:00:00Z,SUIUSDT,0.00003378
2023-10-19T08:00:00Z,SUIUSDT,0.00003469
2023-10-19T16:00:00Z,SUIUSDT,0.0001
2023-10-20T00:00:00Z,SUIUSDT,0.00004271
2023-10-20T08:00:00Z,SUIUSDT,0.00002333
2023-10-20T16:00:00Z,SUIUSDT,0.00003682
2023-10-21T00:00:00Z,SUIUSDT,0.00006269
2023-10-21T08:00:00Z,SUIUSDT,0.0001
2023-10-21T16:00:00Z,SUIUSDT,0.0001
2023-10-22T00:00:00Z,SUIUSDT,0.0001
2023-10-22T08:00:00Z,SUIUSDT,0.0001
2023-10-22T16:00:00Z,SUIUSDT,0.00007366
2023-10-23T00:00:00Z,SUIUSDT,0.0001
2023-10-23T08:00:00Z,SUIUSDT,0.0001
2023-10-23T16:00:00Z,SUIUSDT,0.00009332
2023-10-24T00:00:00Z,SUIUSDT,0.0001
2023-10-24T08:00:00Z,SUIUSDT,0.0001
2023-10-24T16:00:00Z,SUIUSDT,0.0001
2023-10-25T00:00:00Z,SUIUSDT,0.0001
2023-10-25T08:00:00Z,SUIUSDT,0.0001
2023-10-25T16:00:00Z,SUIUSDT,0.0001
2023-10-26T00:00:00Z,SUIUSDT,0.0001
2023-10-26T08:00:00Z,SUIUSDT,0.0001
2023-10-26T16:00:00Z,SUIUSDT,0.0002269
2023-10-27T00:00:00Z,SUIUSDT,0.0001
2023-10-27T08:00:00Z,SUIUSDT,0.0001
2023-10-27T16:00:00Z,SUIUSDT,0.00012763
2023-10-28T00:00:00Z,SUIUSDT,0.0001
2023-10-28T08:00:00Z,SUIUSDT,0.0001
2023-10-28T16:00:00Z,SUIUSDT,0.00013357
2023-10-29T00:00:00Z,SUIUSDT,0.0001
2023-10-29T08:00:00Z,SUIUSDT,0.0001
2023-10-29T16:00:00Z,SUIUSDT,0.00016459
2023-10-30T00:00:00Z,SUIUSDT,0.0001
2023-10-30T08:00:00Z,SUIUSDT,0.0001
2023-10-30T16:00:00Z,SUIUSDT,0.00025296
2023-10-31T00:00:00Z,SUIUSDT,0.0001
2023-10-31T08:00:00Z,SUIUSDT,0.00012095
2023-10-31T16:00:00Z,SUIUSDT,0.00018232
2023-11-01T00:00:00Z,SUIUSDT,0.0001
2023-11-01T08:00:00Z,SUIUSDT,0.0001
2023-11-01T16:00:00Z,SUIUSDT,0.0001
2023-11-02T00:00:00Z,SUIUSDT,0.0001
2023-11-02T08:00:00Z,SUIUSDT,0.00033969
2023-11-02T16:00:00Z,SUIUSDT,0.0001972
2023-11-03T00:00:00Z,SUIUSDT,0.0001
2023-11-03T08:00:00Z,SUIUSDT,0.0001
2023-11-03T16:00:00Z,SUIUSDT,0.0001
2023-11-04T00:00:00Z,SUIUSDT,0.0001
2023-11-04T08:00:00Z,SUIUSDT,0.0001
2023-11-04T16:00:00Z,SUIUSDT,0.0001938
2023-11-05T00:00:00Z,SUIUSDT,0.00010532
2023-11-05T08:00:00Z,SUIUSDT,0.00046812
2023-11-05T16:00:00Z,SUIUSDT,0.00029547
2023-11-06T00:00:00Z,SUIUSDT,0.00010275
2023-11-06T08:00:00Z,SUIUSDT,0.00044699
2023-11-06T16:00:00Z,SUIUSDT,0.00053554
2023-11-07T00:00:00Z,SUIUSDT,0.00021589
2023-11-07T08:00:00Z,SUIUSDT,0.00039938
2023-11-07T16:00:00Z,SUIUSDT,0.00023965
2023-11-08T00:00:00Z,SUIUSDT,0.00026669
2023-11-08T08:00:00Z,SUIUSDT,0.00016674
2023-11-08T16:00:00Z,SUIUSDT,0.00052494
2023-11-09T00:00:00Z,SUIUSDT,0.00070074
2023-11-09T08:00:00Z,SUIUSDT,0.00035554
2023-11-09T16:00:00Z,SUIUSDT,0.00056764
2023-11-10T00:00:00Z,SUIUSDT,0.0001
2023-11-10T08:00:00Z,SUIUSDT,0.00012519
2023-11-10T16:00:00Z,SUIUSDT,0.0001
2023-11-11T00:00:00Z,SUIUSDT,0.00039813
2023-11-11T08:00:00Z,SUIUSDT,0.0005721
2023-11-11T16:00:00Z,SUIUSDT,0.00062012
2023-11-12T00:00:00Z,SUIUSDT,0.0003812
2023-11-12T08:00:00Z,SUIUSDT,0.00053305
2023-11-12T16:00:00Z,SUIUSDT,0.00034315
2023-11-13T00:00:00Z,SUIUSDT,0.0005276
2023-11-13T08:00:00Z,SUIUSDT,0.00016788
2023-11-13T16:00:00Z,SUIUSDT,0.00023103
2023-11-14T00:00:00Z,SUIUSDT,0.00017804
2023-11-14T08:00:00Z,SUIUSDT,0.00011912
2023-11-14T16:00:00Z,SUIUSDT,0.0001
2023-11-15T00:00:00Z,SUIUSDT,0.0001
2023-11-15T08:00:00Z,SUIUSDT,0.0001
2023-11-15T16:00:00Z,SUIUSDT,0.00013585
2023-11-16T00:00:00Z,SUIUSDT,0.00035534
2023-11-16T08:00:00Z,SUIUSDT,0.00045673
2023-11-16T16:00:00Z,SUIUSDT,0.0001
2023-11-17T00:00:00Z,SUIUSDT,0.0001
2023-11-17T08:00:00Z,SUIUSDT,0.0001
2023-11-17T16:00:00Z,SUIUSDT,0.0001
2023-11-18T00:00:00Z,SUIUSDT,0.0001
2023-11-18T08:00:00Z,SUIUSDT,0.0001
2023-11-18T16:00:00Z,SUIUSDT,0.0001
2023-11-19T00:00:00Z,SUIUSDT,0.0001
2023-11-19T08:00:00Z,SUIUSDT,0.0001
2023-11-19T16:00:00Z,SUIUSDT,0.0001
2023-11-20T00:00:00Z,SUIUSDT,0.0001
2023-11-20T08:00:00Z,SUIUSDT,0.0001
2023-11-20T16:00:00Z,SUIUSDT,0.0001
2023-11-21T00:00:00Z,SUIUSDT,0.0001
2023-11-21T08:00:00Z,SUIUSDT,0.0001
2023-11-21T16:00:00Z,SUIUSDT,0.0001
2023-11-22T00:00:00Z,SUIUSDT,0.0001
2023-11-22T08:00:00Z,SUIUSDT,0.0001
2023-11-22T16:00:00Z,SUIUSDT,0.0001
2023-11-23T00:00:00Z,SUIUSDT,0.0001
2023-11-23T08:00:00Z,SUIUSDT,0.0001
2023-11-23T16:00:00Z,SUIUSDT,0.0001
2023-11-24T00:00:00Z,SUIUSDT,0.0001
2023-11-24T08:00:00Z,SUIUSDT,0.0001
2023-11-24T16:00:00Z,SUIUSDT,0.0001
2023-11-25T00:00:00Z,SUIUSDT,0.0001
2023-11-25T08:00:00Z,SUIUSDT,0.0001
2023-11-25T16:00:00Z,SUIUSDT,0.0001
2023-11-26T00:00:00Z,SUIUSDT,0.0001
2023-11-26T08:00:00Z,SUIUSDT,0.0001
2023-11-26T16:00:00Z,SUIUSDT,0.0001503
2023-11-27T00:00:00Z,SUIUSDT,0.00016092
2023-11-27T08:00:00Z,SUIUSDT,0.00023073
2023-11-27T16:00:00Z,SUIUSDT,0.00014894
2023-11-28T00:00:00Z,SUIUSDT,0.0001
2023-11-28T08:00:00Z,SUIUSDT,0.0001
2023-11-28T16:00:00Z,SUIUSDT,0.0001
2023-11-29T00:00:00Z,SUIUSDT,0.0001
2023-11-29T08:00:00Z,SUIUSDT,0.0001
2023-11-29T16:00:00Z,SUIUSDT,0.0001
2023-11-30T00:00:00Z,SUIUSDT,0.0001
2023-11-30T08:00:00Z,SUIUSDT,0.0001
2023-11-30T16:00:00Z,SUIUSDT,0.0001
2023-12-01T00:00:00Z,SUIUSDT,0.0001
2023-12-01T08:00:00Z,SUIUSDT,0.0001
2023-12-01T16:00:00Z,SUIUSDT,0.0001
2023-12-02T00:00:00Z,SUIUSDT,0.0001
2023-12-02T08:00:00Z,SUIUSDT,0.0001
2023-12-02T16:00:00Z,SUIUSDT,0.00046364
2023-12-03T00:00:00Z,SUIUSDT,0.00018585
2023-12-03T08:00:00Z,SUIUSDT,0.00031553
2023-12-03T16:00:00Z,SUIUSDT,0.00048643
2023-12-04T00:00:00Z,SUIUSDT,0.00041729
2023-12-04T08:00:00Z,SUIUSDT,0.00053949
2023-12-04T16:00:00Z,SUIUSDT,0.00031635
2023-12-05T00:00:00Z,SUIUSDT,0.0004979
2023-12-05T08:00:00Z,SUIUSDT,0.00049624
2023-12-05T16:00:00Z,SUIUSDT,0.00018593
2023-12-06T00:00:00Z,SUIUSDT,0.00035326
2023-12-06T08:00:00Z,SUIUSDT,0.0002989
2023-12-06T16:00:00Z,SUIUSDT,0.00032991
2023-12-07T00:00:00Z,SUIUSDT,0.00033487
2023-12-07T08:00:00Z,SUIUSDT,0.00047642
2023-12-07T16:00:00Z,SUIUSDT,0.00031939
2023-12-08T00:00:00Z,SUIUSDT,0.00071665
2023-12-08T08:00:00Z,SUIUSDT,0.00069674
2023-12-08T16:00:00Z,SUIUSDT,0.00053852
2023-12-09T00:00:00Z,SUIUSDT,0.00066778
2023-12-09T08:00:00Z,SUIUSDT,0.00090162
2023-12-09T16:00:00Z,SUIUSDT,0.00073852
2023-12-10T00:00:00Z,SUIUSDT,0.00042495
2023-12-10T08:00:00Z,SUIUSDT,0.00045348
2023-12-10T16:00:00Z,SUIUSDT,0.00039084
2023-12-11T00:00:00Z,SUIUSDT,0.00055023
2023-12-11T08:00:00Z,SUIUSDT,0.00016995
2023-12-11T16:00:00Z,SUIUSDT,0.00013205
2023-12-12T00:00:00Z,SUIUSDT,0.0001
2023-12-12T08:00:00Z,SUIUSDT,0.00031936
2023-12-12T16:00:00Z,SUIUSDT,0.00029257
2023-12-13T00:00:00Z,SUIUSDT,0.00051804
2023-12-13T08:00:00Z,SUIUSDT,0.00013692
2023-12-13T16:00:00Z,SUIUSDT,0.00019732
2023-12-14T00:00:00Z,SUIUSDT,0.00035271
2023-12-14T08:00:00Z,SUIUSDT,0.0002496
2023-12-14T16:00:00Z,SUIUSDT,0.00025659
2023-12-15T00:00:00Z,SUIUSDT,0.00038329
2023-12-15T08:00:00Z,SUIUSDT,0.00024348
2023-12-15T16:00:00Z,SUIUSDT,0.00044636
2023-12-16T00:00:00Z,SUIUSDT,0.00021317
2023-12-16T08:00:00Z,SUIUSDT,0.00012806
2023-12-16T16:00:00Z,SUIUSDT,0.00018825
2023-12-17T00:00:00Z,SUIUSDT,0.00015519
2023-12-17T08:00:00Z,SUIUSDT,0.00015797
2023-12-17T16:00:00Z,SUIUSDT,0.00018094
2023-12-18T00:00:00Z,SUIUSDT,0.00013077
2023-12-18T08:00:00Z,SUIUSDT,0.0001
2023-12-18T16:00:00Z,SUIUSDT,0.0001
2023-12-19T00:00:00Z,SUIUSDT,0.0001
2023-12-19T08:00:00Z,SUIUSDT,0.0001
2023-12-19T16:00:00Z,SUIUSDT,0.00010564
2023-12-20T00:00:00Z,SUIUSDT,0.00019859
2023-12-20T08:00:00Z,SUIUSDT,0.0001
2023-12-20T16:00:00Z,SUIUSDT,0.00016576
2023-12-21T00:00:00Z,SUIUSDT,0.0001
2023-12-21T08:00:00Z,SUIUSDT,0.0001
2023-12-21T16:00:00Z,SUIUSDT,0.00029168
2023-12-22T00:00:00Z,SUIUSDT,0.00048532
2023-12-22T08:00:00Z,SUIUSDT,0.00045692
2023-12-22T16:00:00Z,SUIUSDT,0.00045621
2023-12-23T00:00:00Z,SUIUSDT,0.00046169
2023-12-23T08:00:00Z,SUIUSDT,0.00020721
2023-12-23T16:00:00Z,SUIUSDT,0.00032139
2023-12-24T00:00:00Z,SUIUSDT,0.00031377
2023-12-24T08:00:00Z,SUIUSDT,0.00027239
2023-12-24T16:00:00Z,SUIUSDT,0.00017916
2023-12-25T00:00:00Z,SUIUSDT,0.00016742
2023-12-25T08:00:00Z,SUIUSDT,0.00026165
2023-12-25T16:00:00Z,SUIUSDT,0.00038422
2023-12-26T00:00:00Z,SUIUSDT,0.0004359
2023-12-26T08:00:00Z,SUIUSDT,0.00043601
2023-12-26T16:00:00Z,SUIUSDT,0.00038056
2023-12-27T00:00:00Z,SUIUSDT,0.00032003
2023-12-27T08:00:00Z,SUIUSDT,0.00033109
2023-12-27T16:00:00Z,SUIUSDT,0.00036927
2023-12-28T00:00:00Z,SUIUSDT,0.00060159
2023-12-28T08:00:00Z,SUIUSDT,0.00070617
2023-12-28T16:00:00Z,SUIUSDT,0.00069134
2023-12-29T00:00:00Z,SUIUSDT,0.00043991
2023-12-29T08:00:00Z,SUIUSDT,0.00061168
2023-12-29T16:00:00Z,SUIUSDT,0.00051142
2023-12-30T00:00:00Z,SUIUSDT,0.00062675
2023-12-30T08:00:00Z,SUIUSDT,0.00048935
2023-12-30T16:00:00Z,SUIUSDT,0.00053985
2023-12-31T00:00:00Z,SUIUSDT,0.00044487
2023-12-31T08:00:00Z,SUIUSDT,0.0005235
2023-12-31T16:00:00Z,SUIUSDT,0.00052333
2024-01-01T00:00:00Z,SUIUSDT,0.00052799
2024-01-01T08:00:00Z,SUIUSDT,0.00028229
2024-01-01T16:00:00Z,SUIUSDT,0.00055698
2024-01-02T00:00:00Z,SUIUSDT,0.00074968
2024-01-02T08:00:00Z,SUIUSDT,0.00060412
2024-01-02T16:00:00Z,SUIUSDT,0.00081731
2024-01-03T00:00:00Z,SUIUSDT,0.00011158
2024-01-03T08:00:00Z,SUIUSDT,0.0004686
2024-01-03T16:00:00Z,SUIUSDT,0.0001
2024-01-04T00:00:00Z,SUIUSDT,0.0001
2024-01-04T08:00:00Z,SUIUSDT,0.0001
2024-01-04T16:00:00Z,SUIUSDT,0.0001
2024-01-05T00:00:00Z,SUIUSDT,0.0001
2024-01-05T08:00:00Z,SUIUSDT,0.0001
2024-01-05T16:00:00Z,SUIUSDT,0.0001
2024-01-06T00:00:00Z,SUIUSDT,0.0001
2024-01-06T08:00:00Z,SUIUSDT,0.0001
2024-01-06T16:00:00Z,SUIUSDT,0.0001
2024-01-07T00:00:00Z,SUIUSDT,0.0001
2024-01-07T08:00:00Z,SUIUSDT,0.0001
2024-01-07T16:00:00Z,SUIUSDT,0.0001
2024-01-08T00:00:00Z,SUIUSDT,0.0001
2024-01-08T08:00:00Z,SUIUSDT,0.0001
2024-01-08T16:00:00Z,SUIUSDT,0.0001
2024-01-09T00:00:00Z,SUIUSDT,0.0001
2024-01-09T08:00:00Z,SUIUSDT,0.0001
2024-01-09T16:00:00Z,SUIUSDT,0.0001
2024-01-10T00:00:00Z,SUIUSDT,0.0001
2024-01-10T08:00:00Z,SUIUSDT,0.0001
2024-01-10T16:00:00Z,SUIUSDT,0.0001
2024-01-11T00:00:00Z,SUIUSDT,0.0001
2024-01-11T08:00:00Z,SUIUSDT,0.0001
2024-01-11T16:00:00Z,SUIUSDT,0.0001
2024-01-12T00:00:00Z,SUIUSDT,0.0001
2024-01-12T08:00:00Z,SUIUSDT,0.0001
2024-01-12T16:00:00Z,SUIUSDT,0.0001
2024-01-13T00:00:00Z,SUIUSDT,0.0001
2024-01-13T08:00:00Z,SUIUSDT,0.0001
2024-01-13T16:00:00Z,SUIUSDT,0.0001
2024-01-14T00:00:00Z,SUIUSDT,0.0001
2024-01-14T08:00:00Z,SUIUSDT,0.0001
2024-01-14T16:00:00Z,SUIUSDT,0.0001
2024-01-15T00:00:00Z,SUIUSDT,0.0001
2024-01-15T08:00:00Z,SUIUSDT,0.0001
2024-01-15T16:00:00Z,SUIUSDT,0.0001
2024-01-16T00:00:00Z,SUIUSDT,0.0001
2024-01-16T08:00:00Z,SUIUSDT,0.0001
2024-01-16T16:00:00Z,SUIUSDT,0.0001
2024-01-17T00:00:00Z,SUIUSDT,0.0001
2024-01-17T08:00:00Z,SUIUSDT,0.0001
2024-01-17T16:00:00Z,SUIUSDT,0.0001
2024-01-18T00:00:00Z,SUIUSDT,0.0001
2024-01-18T08:00:00Z,SUIUSDT,0.0001
2024-01-18T16:00:00Z,SUIUSDT,0.0001
2024-01-19T00:00:00Z,SUIUSDT,0.0001
2024-01-19T08:00:00Z,SUIUSDT,0.0001
2024-01-19T16:00:00Z,SUIUSDT,0.0001
2024-01-20T00:00:00Z,SUIUSDT,0.0001
2024-01-20T08:00:00Z,SUIUSDT,0.0001
2024-01-20T16:00:00Z,SUIUSDT,0.0001
2024-01-21T00:00:00Z,SUIUSDT,0.0001
2024-01-21T08:00:00Z,SUIUSDT,0.0001
2024-01-21T16:00:00Z,SUIUSDT,0.0001
2024-01-22T00:00:00Z,SUIUSDT,0.0001
2024-01-22T08:00:00Z,SUIUSDT,0.0001
2024-01-22T16:00:00Z,SUIUSDT,0.0001
2024-01-23T00:00:00Z,SUIUSDT,0.0001
2024-01-23T08:00:00Z,SUIUSDT,0.0001
2024-01-23T16:00:00Z,SUIUSDT,0.0001
2024-01-24T00:00:00Z,SUIUSDT,0.0001
2024-01-24T08:00:00Z,SUIUSDT,0.0001
2024-01-24T16:00:00Z,SUIUSDT,0.0001
2024-01-25T00:00:00Z,SUIUSDT,0.0001
2024-01-25T08:00:00Z,SUIUSDT,0.0001
2024-01-25T16:00:00Z,SUIUSDT,0.0001
2024-01-26T00:00:00Z,SUIUSDT,0.0001
2024-01-26T08:00:00Z,SUIUSDT,0.0001
2024-01-26T16:00:00Z,SUIUSDT,0.0001
2024-01-27T00:00:00Z,SUIUSDT,0.0001
2024-01-27T08:00:00Z,SUIUSDT,0.0001
2024-01-27T16:00:00Z,SUIUSDT,0.0001
2024-01-28T00:00:00Z,SUIUSDT,0.0001
2024-01-28T08:00:00Z,SUIUSDT,0.0001
2024-01-28T16:00:00Z,SUIUSDT,0.0001
2024-01-29T00:00:00Z,SUIUSDT,0.0001
2024-01-29T08:00:00Z,SUIUSDT,0.0001
2024-01-29T16:00:00Z,SUIUSDT,0.0001
2024-01-30T00:00:00Z,SUIUSDT,0.0001
2024-01-30T08:00:00Z,SUIUSDT,0.0001
2024-01-30T16:00:00Z,SUIUSDT,0.0001
2024-01-31T00:00:00Z,SUIUSDT,0.0001
2024-01-31T08:00:00Z,SUIUSDT,0.0001
2024-01-31T16:00:00Z,SUIUSDT,0.0001
2024-02-01T00:00:00Z,SUIUSDT,0.0001
2024-02-01T08:00:00Z,SUIUSDT,0.0001
2024-02-01T16:00:00Z,SUIUSDT,0.0001
2024-02-02T00:00:00Z,SUIUSDT,0.0001
2024-02-02T08:00:00Z,SUIUSDT,0.0001
2024-02-02T16:00:00Z,SUIUSDT,0.0001
2024-02-03T00:00:00Z,SUIUSDT,0.0001
2024-02-03T08:00:00Z,SUIUSDT,0.0001
2024-02-03T16:00:00Z,SUIUSDT,0.0001
2024-02-04T00:00:00Z,SUIUSDT,0.0001
2024-02-04T08:00:00Z,SUIUSDT,0.0001
2024-02-04T16:00:00Z,SUIUSDT,0.0001
2024-02-05T00:00:00Z,SUIUSDT,0.0001
2024-02-05T08:00:00Z,SUIUSDT,0.0001
2024-02-05T16:00:00Z,SUIUSDT,0.0001
2024-02-06T00:00:00Z,SUIUSDT,0.0001
2024-02-06T08:00:00Z,SUIUSDT,0.0001
2024-02-06T16:00:00Z,SUIUSDT,0.0001
2024-02-07T00:00:00Z,SUIUSDT,0.0001
2024-02-07T08:00:00Z,SUIUSDT,0.0001
2024-02-07T16:00:00Z,SUIUSDT,0.0001
2024-02-08T00:00:00Z,SUIUSDT,0.0001
2024-02-08T08:00:00Z,SUIUSDT,0.0001
2024-02-08T16:00:00Z,SUIUSDT,0.0001
2024-02-09T00:00:00Z,SUIUSDT,0.0001
2024-02-09T08:00:00Z,SUIUSDT,0.0001
2024-02-09T16:00:00Z,SUIUSDT,0.0001
2024-02-10T00:00:00Z,SUIUSDT,0.0001
2024-02-10T08:00:00Z,SUIUSDT,0.0001
2024-02-10T16:00:00Z,SUIUSDT,0.0001
2024-02-11T00:00:00Z,SUIUSDT,0.0001
2024-02-11T08:00:00Z,SUIUSDT,0.0001
2024-02-11T16:00:00Z,SUIUSDT,0.0001
2024-02-12T00:00:00Z,SUIUSDT,0.0001
2024-02-12T08:00:00Z,SUIUSDT,0.0001
2024-02-12T16:00:00Z,SUIUSDT,0.0001
2024-02-13T00:00:00Z,SUIUSDT,0.0001
2024-02-13T08:00:00Z,SUIUSDT,0.0001
2024-02-13T16:00:00Z,SUIUSDT,0.0001
2024-02-14T00:00:00Z,SUIUSDT,0.0001
2024-02-14T08:00:00Z,SUIUSDT,0.0001
2024-02-14T16:00:00Z,SUIUSDT,0.0001
2024-02-15T00:00:00Z,SUIUSDT,0.0001
2024-02-15T08:00:00Z,SUIUSDT,0.00019415
2024-02-15T16:00:00Z,SUIUSDT,0.00049908
2024-02-16T00:00:00Z,SUIUSDT,0.00022843
2024-02-16T08:00:00Z,SUIUSDT,0.00035037
2024-02-16T16:00:00Z,SUIUSDT,0.00016355
2024-02-17T00:00:00Z,SUIUSDT,0.0001338
2024-02-17T08:00:00Z,SUIUSDT,0.00018689
2024-02-17T16:00:00Z,SUIUSDT,0.00023246
2024-02-18T00:00:00Z,SUIUSDT,0.00012313
2024-02-18T08:00:00Z,SUIUSDT,0.00014565
2024-02-18T16:00:00Z,SUIUSDT,0.00032749
2024-02-19T00:00:00Z,SUIUSDT,0.00027285
2024-02-19T08:00:00Z,SUIUSDT,0.00020201
2024-02-19T16:00:00Z,SUIUSDT,0.00041232
2024-02-20T00:00:00Z,SUIUSDT,0.00057956
2024-02-20T08:00:00Z,SUIUSDT,0.0004101
2024-02-20T16:00:00Z,SUIUSDT,0.00027387
2024-02-21T00:00:00Z,SUIUSDT,0.00015591
2024-02-21T08:00:00Z,SUIUSDT,0.0001
2024-02-21T16:00:00Z,SUIUSDT,0.0001
2024-02-22T00:00:00Z,SUIUSDT,0.00010408
2024-02-22T08:00:00Z,SUIUSDT,0.00012289
2024-02-22T16:00:00Z,SUIUSDT,0.0001
2024-02-23T00:00:00Z,SUIUSDT,0.0001
2024-02-23T08:00:00Z,SUIUSDT,0.00022728
2024-02-23T16:00:00Z,SUIUSDT,0.0001
2024-02-24T00:00:00Z,SUIUSDT,0.0001
2024-02-24T08:00:00Z,SUIUSDT,0.00022179
2024-02-24T16:00:00Z,SUIUSDT,0.00032027
2024-02-25T00:00:00Z,SUIUSDT,0.00029107
2024-02-25T08:00:00Z,SUIUSDT,0.0003586
2024-02-25T16:00:00Z,SUIUSDT,0.00053327
2024-02-26T00:00:00Z,SUIUSDT,0.00063569
2024-02-26T08:00:00Z,SUIUSDT,0.00059625
2024-02-26T16:00:00Z,SUIUSDT,0.00060532
2024-02-27T00:00:00Z,SUIUSDT,0.00052341
2024-02-27T08:00:00Z,SUIUSDT,0.00073549
2024-02-27T16:00:00Z,SUIUSDT,0.00081412
2024-02-28T00:00:00Z,SUIUSDT,0.00086905
2024-02-28T08:00:00Z,SUIUSDT,0.000693
2024-02-28T16:00:00Z,SUIUSDT,0.00075139
2024-02-29T00:00:00Z,SUIUSDT,0.00026975
2024-02-29T08:00:00Z,SUIUSDT,0.00074104
2024-02-29T16:00:00Z,SUIUSDT,0.00095151
2024-03-01T00:00:00Z,SUIUSDT,0.0007248
2024-03-01T08:00:00Z,SUIUSDT,0.00063327
2024-03-01T16:00:00Z,SUIUSDT,0.00049104
2024-03-02T00:00:00Z,SUIUSDT,0.00064598
2024-03-02T08:00:00Z,SUIUSDT,0.00099204
2024-03-02T16:00:00Z,SUIUSDT,0.00106789
2024-03-03T00:00:00Z,SUIUSDT,0.00135233
2024-03-03T08:00:00Z,SUIUSDT,0.00132409
2024-03-03T16:00:00Z,SUIUSDT,0.0005993
2024-03-04T00:00:00Z,SUIUSDT,0.00062692
2024-03-04T08:00:00Z,SUIUSDT,0.00094251
2024-03-04T16:00:00Z,SUIUSDT,0.000852
2024-03-05T00:00:00Z,SUIUSDT,0.00066988
2024-03-05T08:00:00Z,SUIUSDT,0.00118092
2024-03-05T16:00:00Z,SUIUSDT,0.00120411
2024-03-06T00:00:00Z,SUIUSDT,0.0001
2024-03-06T08:00:00Z,SUIUSDT,0.0001
2024-03-06T16:00:00Z,SUIUSDT,0.00018916
2024-03-07T00:00:00Z,SUIUSDT,0.00022613
2024-03-07T08:00:00Z,SUIUSDT,0.00028436
2024-03-07T16:00:00Z,SUIUSDT,0.00051776
2024-03-08T00:00:00Z,SUIUSDT,0.00064099
2024-03-08T08:00:00Z,SUIUSDT,0.00084618
2024-03-08T16:00:00Z,SUIUSDT,0.00071862
2024-03-09T00:00:00Z,SUIUSDT,0.00067966
2024-03-09T08:00:00Z,SUIUSDT,0.00086777
2024-03-09T16:00:00Z,SUIUSDT,0.00121882
2024-03-10T00:00:00Z,SUIUSDT,0.00128369
2024-03-10T08:00:00Z,SUIUSDT,0.00103463
2024-03-10T16:00:00Z,SUIUSDT,0.00050656
2024-03-11T00:00:00Z,SUIUSDT,0.00059837
2024-03-11T08:00:00Z,SUIUSDT,0.00061855
2024-03-11T16:00:00Z,SUIUSDT,0.00065889
2024-03-12T00:00:00Z,SUIUSDT,0.00084955
2024-03-12T08:00:00Z,SUIUSDT,0.00074644
2024-03-12T16:00:00Z,SUIUSDT,0.00050842
2024-03-13T00:00:00Z,SUIUSDT,0.00073306
2024-03-13T08:00:00Z,SUIUSDT,0.00091165
2024-03-13T16:00:00Z,SUIUSDT,0.00095876
2024-03-14T00:00:00Z,SUIUSDT,0.00072755
2024-03-14T08:00:00Z,SUIUSDT,0.00097252
2024-03-14T16:00:00Z,SUIUSDT,0.00083025
2024-03-15T00:00:00Z,SUIUSDT,0.00077279
2024-03-15T08:00:00Z,SUIUSDT,0.00024754
2024-03-15T16:00:00Z,SUIUSDT,0.0001
2024-03-16T00:00:00Z,SUIUSDT,0.0001
2024-03-16T08:00:00Z,SUIUSDT,0.0002501
2024-03-16T16:00:00Z,SUIUSDT,0.00016528
2024-03-17T00:00:00Z,SUIUSDT,0.0001
2024-03-17T08:00:00Z,SUIUSDT,0.0001
2024-03-17T16:00:00Z,SUIUSDT,0.0001
2024-03-18T00:00:00Z,SUIUSDT,0.0001
2024-03-18T08:00:00Z,SUIUSDT,0.00024132
2024-03-18T16:00:00Z,SUIUSDT,0.00014265
2024-03-19T00:00:00Z,SUIUSDT,0.0001
2024-03-19T08:00:00Z,SUIUSDT,0.0001
2024-03-19T16:00:00Z,SUIUSDT,0.0001
2024-03-20T00:00:00Z,SUIUSDT,0.0001
2024-03-20T08:00:00Z,SUIUSDT,0.0001
2024-03-20T16:00:00Z,SUIUSDT,0.0001
2024-03-21T00:00:00Z,SUIUSDT,0.0001
2024-03-21T08:00:00Z,SUIUSDT,0.00013872
2024-03-21T16:00:00Z,SUIUSDT,0.0001
2024-03-22T00:00:00Z,SUIUSDT,0.0001
2024-03-22T08:00:00Z,SUIUSDT,0.0001
2024-03-22T16:00:00Z,SUIUSDT,0.0001
2024-03-23T00:00:00Z,SUIUSDT,0.0001
2024-03-23T08:00:00Z,SUIUSDT,0.0001
2024-03-23T16:00:00Z,SUIUSDT,0.0001
2024-03-24T00:00:00Z,SUIUSDT,0.0001
2024-03-24T08:00:00Z,SUIUSDT,0.0001
2024-03-24T16:00:00Z,SUIUSDT,0.00010607
2024-03-25T00:00:00Z,SUIUSDT,0.00014954
2024-03-25T08:00:00Z,SUIUSDT,0.00013399
2024-03-25T16:00:00Z,SUIUSDT,0.0001
2024-03-26T00:00:00Z,SUIUSDT,0.00017467
2024-03-26T08:00:00Z,SUIUSDT,0.00028646
2024-03-26T16:00:00Z,SUIUSDT,0.00045028
2024-03-27T00:00:00Z,SUIUSDT,0.00038422
2024-03-27T08:00:00Z,SUIUSDT,0.00057298
2024-03-27T16:00:00Z,SUIUSDT,0.00043169
2024-03-28T00:00:00Z,SUIUSDT,0.00041721
2024-03-28T08:00:00Z,SUIUSDT,0.00032681
2024-03-28T16:00:00Z,SUIUSDT,0.00051624
2024-03-29T00:00:00Z,SUIUSDT,0.00053799
2024-03-29T08:00:00Z,SUIUSDT,0.00038906
2024-03-29T16:00:00Z,SUIUSDT,0.00043646
2024-03-30T00:00:00Z,SUIUSDT,0.00065105
2024-03-30T08:00:00Z,SUIUSDT,0.0004049
2024-03-30T16:00:00Z,SUIUSDT,0.00037689
2024-03-31T00:00:00Z,SUIUSDT,0.00023387
2024-03-31T08:00:00Z,SUIUSDT,0.00050752
2024-03-31T16:00:00Z,SUIUSDT,0.00046581
2024-04-01T00:00:00Z,SUIUSDT,0.00055306
2024-04-01T08:00:00Z,SUIUSDT,0.00030859
2024-04-01T16:00:00Z,SUIUSDT,0.0001793
2024-04-02T00:00:00Z,SUIUSDT,0.00024354
2024-04-02T08:00:00Z,SUIUSDT,0.0001
2024-04-02T16:00:00Z,SUIUSDT,0.0001
2024-04-03T00:00:00Z,SUIUSDT,0.0001
2024-04-03T08:00:00Z,SUIUSDT,0.0001
2024-04-03T16:00:00Z,SUIUSDT,0.0001
2024-04-04T00:00:00Z,SUIUSDT,0.0001
2024-04-04T08:00:00Z,SUIUSDT,0.0001
2024-04-04T16:00:00Z,SUIUSDT,0.0001
2024-04-05T00:00:00Z,SUIUSDT,0.0001
2024-04-05T08:00:00Z,SUIUSDT,0.0001
2024-04-05T16:00:00Z,SUIUSDT,0.0001
2024-04-06T00:00:00Z,SUIUSDT,0.0001
2024-04-06T08:00:00Z,SUIUSDT,0.0001
2024-04-06T16:00:00Z,SUIUSDT,0.0001
2024-04-07T00:00:00Z,SUIUSDT,0.0001
2024-04-07T08:00:00Z,SUIUSDT,0.00017287
2024-04-07T16:00:00Z,SUIUSDT,0.00020929
2024-04-08T00:00:00Z,SUIUSDT,0.00013616
2024-04-08T08:00:00Z,SUIUSDT,0.00012099
2024-04-08T16:00:00Z,SUIUSDT,0.00030719
2024-04-09T00:00:00Z,SUIUSDT,0.00031853
2024-04-09T08:00:00Z,SUIUSDT,0.00024268
2024-04-09T16:00:00Z,SUIUSDT,0.00025031
2024-04-10T00:00:00Z,SUIUSDT,0.00030651
2024-04-10T08:00:00Z,SUIUSDT,0.000159
2024-04-10T16:00:00Z,SUIUSDT,0.0001
2024-04-11T00:00:00Z,SUIUSDT,0.00011049
2024-04-11T08:00:00Z,SUIUSDT,0.0001
2024-04-11T16:00:00Z,SUIUSDT,0.0001
2024-04-12T00:00:00Z,SUIUSDT,0.0001
2024-04-12T08:00:00Z,SUIUSDT,0.00018727
2024-04-12T16:00:00Z,SUIUSDT,0.00018308
2024-04-13T00:00:00Z,SUIUSDT,0.0001
2024-04-13T08:00:00Z,SUIUSDT,0.0001
2024-04-13T16:00:00Z,SUIUSDT,0.0001
2024-04-14T00:00:00Z,SUIUSDT,0.0001
2024-04-14T08:00:00Z,SUIUSDT,0.00004025
2024-04-14T16:00:00Z,SUIUSDT,0.0001
2024-04-15T00:00:00Z,SUIUSDT,0.00001
2024-04-15T08:00:00Z,SUIUSDT,-0.00005934
2024-04-15T16:00:00Z,SUIUSDT,-0.00003554
2024-04-16T00:00:00Z,SUIUSDT,0.00001231
2024-04-16T08:00:00Z,SUIUSDT,-0.00011865
2024-04-16T16:00:00Z,SUIUSDT,0.00009864
2024-04-17T00:00:00Z,SUIUSDT,-0.00002042
2024-04-17T08:00:00Z,SUIUSDT,-0.00007327
2024-04-17T16:00:00Z,SUIUSDT,-0.00004735
2024-04-18T00:00:00Z,SUIUSDT,0.0001
2024-04-18T08:00:00Z,SUIUSDT,-0.00016969
2024-04-18T16:00:00Z,SUIUSDT,-0.00010458
2024-04-19T00:00:00Z,SUIUSDT,-0.00020819
2024-04-19T08:00:00Z,SUIUSDT,-0.00007748
2024-04-19T16:00:00Z,SUIUSDT,0.00009472
2024-04-20T00:00:00Z,SUIUSDT,0.00006196
2024-04-20T08:00:00Z,SUIUSDT,0.00004038
2024-04-20T16:00:00Z,SUIUSDT,0.00004979
2024-04-21T00:00:00Z,SUIUSDT,-0.00001144
2024-04-21T08:00:00Z,SUIUSDT,-0.00002181
2024-04-21T16:00:00Z,SUIUSDT,-0.00006095
2024-04-22T00:00:00Z,SUIUSDT,0.00000721
2024-04-22T08:00:00Z,SUIUSDT,0.00004007
2024-04-22T16:00:00Z,SUIUSDT,-0.00013765
2024-04-23T00:00:00Z,SUIUSDT,-0.0000869
2024-04-23T08:00:00Z,SUIUSDT,-0.00011568
2024-04-23T16:00:00Z,SUIUSDT,0.0001
2024-04-24T00:00:00Z,SUIUSDT,-0.00021435
2024-04-24T08:00:00Z,SUIUSDT,0.0001
2024-04-24T16:00:00Z,SUIUSDT,0.00003954
2024-04-25T00:00:00Z,SUIUSDT,0.00004578
2024-04-25T08:00:00Z,SUIUSDT,0.00005763
2024-04-25T16:00:00Z,SUIUSDT,0.00009431
2024-04-26T00:00:00Z,SUIUSDT,0.00000216
2024-04-26T08:00:00Z,SUIUSDT,-0.00005308
2024-04-26T16:00:00Z,SUIUSDT,0.00008084
2024-04-27T00:00:00Z,SUIUSDT,-0.00003057
2024-04-27T08:00:00Z,SUIUSDT,-0.00000451
2024-04-27T16:00:00Z,SUIUSDT,-0.0001125
2024-04-28T00:00:00Z,SUIUSDT,-0.00012159
2024-04-28T08:00:00Z,SUIUSDT,-0.00017807
2024-04-28T16:00:00Z,SUIUSDT,-0.00007978
2024-04-29T00:00:00Z,SUIUSDT,-0.00018807
2024-04-29T08:00:00Z,SUIUSDT,-0.00005513
2024-04-29T16:00:00Z,SUIUSDT,-0.00000455
2024-04-30T00:00:00Z,SUIUSDT,0.00001542
2024-04-30T08:00:00Z,SUIUSDT,-0.00005798
2024-04-30T16:00:00Z,SUIUSDT,-0.00007884
2024-05-01T00:00:00Z,SUIUSDT,-0.00019485
2024-05-01T08:00:00Z,SUIUSDT,-0.000178
2024-05-01T16:00:00Z,SUIUSDT,-0.00012595
2024-05-02T00:00:00Z,SUIUSDT,-0.00007872
2024-05-02T08:00:00Z,SUIUSDT,0.00000961
2024-05-02T16:00:00Z,SUIUSDT,-0.00004235
2024-05-03T00:00:00Z,SUIUSDT,-0.00006919
2024-05-03T08:00:00Z,SUIUSDT,-0.00017014
2024-05-03T16:00:00Z,SUIUSDT,-0.00029888
2024-05-04T00:00:00Z,SUIUSDT,-0.00048509
2024-05-04T08:00:00Z,SUIUSDT,0.00000017
2024-05-04T16:00:00Z,SUIUSDT,-0.00010966
2024-05-05T00:00:00Z,SUIUSDT,0.0001
2024-05-05T08:00:00Z,SUIUSDT,0.0001
2024-05-05T16:00:00Z,SUIUSDT,0.0001
2024-05-06T00:00:00Z,SUIUSDT,0.0001
2024-05-06T08:00:00Z,SUIUSDT,0.0001
2024-05-06T16:00:00Z,SUIUSDT,0.0001
2024-05-07T00:00:00Z,SUIUSDT,0.0001
2024-05-07T08:00:00Z,SUIUSDT,0.0001
2024-05-07T16:00:00Z,SUIUSDT,0.0001
2024-05-08T00:00:00Z,SUIUSDT,0.0001
2024-05-08T08:00:00Z,SUIUSDT,0.0001
2024-05-08T16:00:00Z,SUIUSDT,0.0001
2024-05-09T00:00:00Z,SUIUSDT,0.00005825
2024-05-09T08:00:00Z,SUIUSDT,0.0001
2024-05-09T16:00:00Z,SUIUSDT,0.0001
2024-05-10T00:00:00Z,SUIUSDT,-0.00001451
2024-05-10T08:00:00Z,SUIUSDT,0.0001
2024-05-10T16:00:00Z,SUIUSDT,0.0001
2024-05-11T00:00:00Z,SUIUSDT,0.0001
2024-05-11T08:00:00Z,SUIUSDT,0.0001
2024-05-11T16:00:00Z,SUIUSDT,0.0001
2024-05-12T00:00:00Z,SUIUSDT,0.0001
2024-05-12T08:00:00Z,SUIUSDT,0.0001
2024-05-12T16:00:00Z,SUIUSDT,0.0001
2024-05-13T00:00:00Z,SUIUSDT,0.00002475
2024-05-13T08:00:00Z,SUIUSDT,-0.00000836
2024-05-13T16:00:00Z,SUIUSDT,-0.00002701
2024-05-14T00:00:00Z,SUIUSDT,0.00007459
2024-05-14T08:00:00Z,SUIUSDT,0.00006918
2024-05-14T16:00:00Z,SUIUSDT,-0.0000865
2024-05-15T00:00:00Z,SUIUSDT,-0.00024958
2024-05-15T08:00:00Z,SUIUSDT,-0.00006535
2024-05-15T16:00:00Z,SUIUSDT,-0.00017254
2024-05-16T00:00:00Z,SUIUSDT,0.0001
2024-05-16T08:00:00Z,SUIUSDT,0.0001
2024-05-16T16:00:00Z,SUIUSDT,0.00001299
2024-05-17T00:00:00Z,SUIUSDT,0.0001
2024-05-17T08:00:00Z,SUIUSDT,0.00006756
2024-05-17T16:00:00Z,SUIUSDT,-0.00003069
2024-05-18T00:00:00Z,SUIUSDT,0.00004873
2024-05-18T08:00:00Z,SUIUSDT,0.0001
2024-05-18T16:00:00Z,SUIUSDT,0.0001
2024-05-19T00:00:00Z,SUIUSDT,0.0001
2024-05-19T08:00:00Z,SUIUSDT,0.0001
2024-05-19T16:00:00Z,SUIUSDT,0.0001
2024-05-20T00:00:00Z,SUIUSDT,0.00006349
2024-05-20T08:00:00Z,SUIUSDT,0.0001
2024-05-20T16:00:00Z,SUIUSDT,0.0001
2024-05-21T00:00:00Z,SUIUSDT,0.0001
2024-05-21T08:00:00Z,SUIUSDT,0.0001
2024-05-21T16:00:00Z,SUIUSDT,0.0001
2024-05-22T00:00:00Z,SUIUSDT,0.0001
2024-05-22T08:00:00Z,SUIUSDT,0.0001
2024-05-22T16:00:00Z,SUIUSDT,0.0001
2024-05-23T00:00:00Z,SUIUSDT,0.0001
2024-05-23T08:00:00Z,SUIUSDT,0.0001
2024-05-23T16:00:00Z,SUIUSDT,0.0001
2024-05-24T00:00:00Z,SUIUSDT,0.0001
2024-05-24T08:00:00Z,SUIUSDT,0.0001
2024-05-24T16:00:00Z,SUIUSDT,0.0001
2024-05-25T00:00:00Z,SUIUSDT,0.0001
2024-05-25T08:00:00Z,SUIUSDT,0.0001
2024-05-25T16:00:00Z,SUIUSDT,0.0001
2024-05-26T00:00:00Z,SUIUSDT,0.0001
2024-05-26T08:00:00Z,SUIUSDT,0.0001
2024-05-26T16:00:00Z,SUIUSDT,0.0001
2024-05-27T00:00:00Z,SUIUSDT,0.0001
2024-05-27T08:00:00Z,SUIUSDT,0.0001
2024-05-27T16:00:00Z,SUIUSDT,0.0001
2024-05-28T00:00:00Z,SUIUSDT,0.0001
2024-05-28T08:00:00Z,SUIUSDT,0.0001
2024-05-28T16:00:00Z,SUIUSDT,0.0001
2024-05-29T00:00:00Z,SUIUSDT,0.00021761
2024-05-29T08:00:00Z,SUIUSDT,0.00014511
2024-05-29T16:00:00Z,SUIUSDT,0.0001
2024-05-30T00:00:00Z,SUIUSDT,0.0001
2024-05-30T08:00:00Z,SUIUSDT,0.0001
2024-05-30T16:00:00Z,SUIUSDT,0.0001
2024-05-31T00:00:00Z,SUIUSDT,0.0001
2024-05-31T08:00:00Z,SUIUSDT,0.0001
2024-05-31T16:00:00Z,SUIUSDT,0.0001
2024-06-01T00:00:00Z,SUIUSDT,0.0001
2024-06-01T08:00:00Z,SUIUSDT,0.0001
2024-06-01T16:00:00Z,SUIUSDT,0.0001
2024-06-02T00:00:00Z,SUIUSDT,0.0001
2024-06-02T08:00:00Z,SUIUSDT,0.0001
2024-06-02T16:00:00Z,SUIUSDT,0.0001
2024-06-03T00:00:00Z,SUIUSDT,0.0001
2024-06-03T08:00:00Z,SUIUSDT,0.0001
2024-06-03T16:00:00Z,SUIUSDT,0.0001
2024-06-04T00:00:00Z,SUIUSDT,0.0001
2024-06-04T08:00:00Z,SUIUSDT,0.0001
2024-06-04T16:00:00Z,SUIUSDT,0.0001
2024-06-05T00:00:00Z,SUIUSDT,0.0001
2024-06-05T08:00:00Z,SUIUSDT,0.00023493
2024-06-05T16:00:00Z,SUIUSDT,0.00020863
2024-06-06T00:00:00Z,SUIUSDT,0.00011496
2024-06-06T08:00:00Z,SUIUSDT,0.00012001
2024-06-06T16:00:00Z,SUIUSDT,0.00019876
2024-06-07T00:00:00Z,SUIUSDT,0.0001
2024-06-07T08:00:00Z,SUIUSDT,0.00026062
2024-06-07T16:00:00Z,SUIUSDT,0.00023027
2024-06-08T00:00:00Z,SUIUSDT,0.0001
2024-06-08T08:00:00Z,SUIUSDT,0.0001
2024-06-08T16:00:00Z,SUIUSDT,0.0001
2024-06-09T00:00:00Z,SUIUSDT,0.0001
2024-06-09T08:00:00Z,SUIUSDT,0.0001
2024-06-09T16:00:00Z,SUIUSDT,0.0001
2024-06-10T00:00:00Z,SUIUSDT,0.0001
2024-06-10T08:00:00Z,SUIUSDT,0.0001
2024-06-10T16:00:00Z,SUIUSDT,0.0001
2024-06-11T00:00:00Z,SUIUSDT,0.0001
2024-06-11T08:00:00Z,SUIUSDT,0.0001
2024-06-11T16:00:00Z,SUIUSDT,0.0001
2024-06-12T00:00:00Z,SUIUSDT,0.0001
2024-06-12T08:00:00Z,SUIUSDT,0.0001
2024-06-12T16:00:00Z,SUIUSDT,0.0001
2024-06-13T00:00:00Z,SUIUSDT,0.0001
2024-06-13T08:00:00Z,SUIUSDT,0.0001
2024-06-13T16:00:00Z,SUIUSDT,0.0001
2024-06-14T00:00:00Z,SUIUSDT,0.0001
2024-06-14T08:00:00Z,SUIUSDT,0.0001
2024-06-14T16:00:00Z,SUIUSDT,0.0001
2024-06-15T00:00:00Z,SUIUSDT,0.0001
2024-06-15T08:00:00Z,SUIUSDT,0.0001
2024-06-15T16:00:00Z,SUIUSDT,0.0001
2024-06-16T00:00:00Z,SUIUSDT,0.0001
2024-06-16T08:00:00Z,SUIUSDT,0.0001
2024-06-16T16:00:00Z,SUIUSDT,0.00006963
2024-06-17T00:00:00Z,SUIUSDT,0.0001
2024-06-17T08:00:00Z,SUIUSDT,0.0001
2024-06-17T16:00:00Z,SUIUSDT,0.0001
2024-06-18T00:00:00Z,SUIUSDT,0.00003068
2024-06-18T08:00:00Z,SUIUSDT,0.00001626
2024-06-18T16:00:00Z,SUIUSDT,-0.00001397
2024-06-19T00:00:00Z,SUIUSDT,0.0000788
2024-06-19T08:00:00Z,SUIUSDT,-0.00003331
2024-06-19T16:00:00Z,SUIUSDT,-0.00007982
2024-06-20T00:00:00Z,SUIUSDT,-0.00010461
2024-06-20T08:00:00Z,SUIUSDT,-0.0000234
2024-06-20T16:00:00Z,SUIUSDT,0.00006081
2024-06-21T00:00:00Z,SUIUSDT,0.0001
2024-06-21T08:00:00Z,SUIUSDT,0.0000833
2024-06-21T16:00:00Z,SUIUSDT,0.0001
2024-06-22T00:00:00Z,SUIUSDT,0.0001
2024-06-22T08:00:00Z,SUIUSDT,0.0001
2024-06-22T16:00:00Z,SUIUSDT,0.0001
2024-06-23T00:00:00Z,SUIUSDT,0.00009749
2024-06-23T08:00:00Z,SUIUSDT,0.0001
2024-06-23T16:00:00Z,SUIUSDT,0.00002091
2024-06-24T00:00:00Z,SUIUSDT,-0.00011556
2024-06-24T08:00:00Z,SUIUSDT,0.00007561
2024-06-24T16:00:00Z,SUIUSDT,-0.00001744
2024-06-25T00:00:00Z,SUIUSDT,-0.00002876
2024-06-25T08:00:00Z,SUIUSDT,0.0001
2024-06-25T16:00:00Z,SUIUSDT,0.0001
2024-06-26T00:00:00Z,SUIUSDT,0.0001
2024-06-26T08:00:00Z,SUIUSDT,0.0001
2024-06-26T16:00:00Z,SUIUSDT,0.0001
2024-06-27T00:00:00Z,SUIUSDT,0.0001
2024-06-27T08:00:00Z,SUIUSDT,0.0001
2024-06-27T16:00:00Z,SUIUSDT,0.0001
2024-06-28T00:00:00Z,SUIUSDT,0.0001
2024-06-28T08:00:00Z,SUIUSDT,0.0001
2024-06-28T16:00:00Z,SUIUSDT,0.0001
2024-06-29T00:00:00Z,SUIUSDT,0.00005809
2024-06-29T08:00:00Z,SUIUSDT,0.0001
2024-06-29T16:00:00Z,SUIUSDT,0.0001
2024-06-30T00:00:00Z,SUIUSDT,0.0001
2024-06-30T08:00:00Z,SUIUSDT,0.0001
2024-06-30T16:00:00Z,SUIUSDT,-0.00006569
2024-07-01T00:00:00Z,SUIUSDT,-0.00000877
2024-07-01T08:00:00Z,SUIUSDT,0.0000684
2024-07-01T16:00:00Z,SUIUSDT,0.0001
2024-07-02T00:00:00Z,SUIUSDT,0.0001
2024-07-02T08:00:00Z,SUIUSDT,0.0001
2024-07-02T16:00:00Z,SUIUSDT,0.0001
2024-07-03T00:00:00Z,SUIUSDT,0.0001
2024-07-03T08:00:00Z,SUIUSDT,0.0001
2024-07-03T16:00:00Z,SUIUSDT,0.0001
2024-07-04T00:00:00Z,SUIUSDT,0.0001
2024-07-04T08:00:00Z,SUIUSDT,0.0001
2024-07-04T16:00:00Z,SUIUSDT,-0.00000838
2024-07-05T00:00:00Z,SUIUSDT,-0.00002328
2024-07-05T08:00:00Z,SUIUSDT,-0.00002341
2024-07-05T16:00:00Z,SUIUSDT,-0.00000057
2024-07-06T00:00:00Z,SUIUSDT,-0.00011854
2024-07-06T08:00:00Z,SUIUSDT,-0.00002538
2024-07-06T16:00:00Z,SUIUSDT,-0.00003385
2024-07-07T00:00:00Z,SUIUSDT,0.0001
2024-07-07T08:00:00Z,SUIUSDT,0.0000334
2024-07-07T16:00:00Z,SUIUSDT,0.0001
2024-07-08T00:00:00Z,SUIUSDT,0.0001
2024-07-08T08:00:00Z,SUIUSDT,0.0001
2024-07-08T16:00:00Z,SUIUSDT,0.0001
2024-07-09T00:00:00Z,SUIUSDT,0.0001
2024-07-09T08:00:00Z,SUIUSDT,0.0001
2024-07-09T16:00:00Z,SUIUSDT,0.0001
2024-07-10T00:00:00Z,SUIUSDT,0.0001
2024-07-10T08:00:00Z,SUIUSDT,0.0001
2024-07-10T16:00:00Z,SUIUSDT,0.0001
2024-07-11T00:00:00Z,SUIUSDT,0.0001
2024-07-11T08:00:00Z,SUIUSDT,0.00009643
2024-07-11T16:00:00Z,SUIUSDT,0.00003088
2024-07-12T00:00:00Z,SUIUSDT,0.00007407
2024-07-12T08:00:00Z,SUIUSDT,0.0000297
2024-07-12T16:00:00Z,SUIUSDT,0.0001
2024-07-13T00:00:00Z,SUIUSDT,0.00004521
2024-07-13T08:00:00Z,SUIUSDT,0.0001
2024-07-13T16:00:00Z,SUIUSDT,0.00003378
2024-07-14T00:00:00Z,SUIUSDT,0.0001
2024-07-14T08:00:00Z,SUIUSDT,0.00002429
2024-07-14T16:00:00Z,SUIUSDT,0.00002972
2024-07-15T00:00:00Z,SUIUSDT,0.00008763
2024-07-15T08:00:00Z,SUIUSDT,-0.00017831
2024-07-15T16:00:00Z,SUIUSDT,-0.00006508
2024-07-16T00:00:00Z,SUIUSDT,-0.00008565
2024-07-16T08:00:00Z,SUIUSDT,0.00003796
2024-07-16T16:00:00Z,SUIUSDT,0.0001
2024-07-17T00:00:00Z,SUIUSDT,0.0001
2024-07-17T08:00:00Z,SUIUSDT,0.0001
2024-07-17T16:00:00Z,SUIUSDT,0.00009614
2024-07-18T00:00:00Z,SUIUSDT,0.0001
2024-07-18T08:00:00Z,SUIUSDT,0.0001
2024-07-18T16:00:00Z,SUIUSDT,0.0001
2024-07-19T00:00:00Z,SUIUSDT,0.0001
2024-07-19T08:00:00Z,SUIUSDT,0.0001
2024-07-19T16:00:00Z,SUIUSDT,0.00007249
2024-07-20T00:00:00Z,SUIUSDT,0.0001
2024-07-20T08:00:00Z,SUIUSDT,0.0001
2024-07-20T16:00:00Z,SUIUSDT,0.0001
2024-07-21T00:00:00Z,SUIUSDT,0.0001
2024-07-21T08:00:00Z,SUIUSDT,0.0001
2024-07-21T16:00:00Z,SUIUSDT,0.0001
2024-07-22T00:00:00Z,SUIUSDT,0.0001
2024-07-22T08:00:00Z,SUIUSDT,0.0001
2024-07-22T16:00:00Z,SUIUSDT,0.0001
2024-07-23T00:00:00Z,SUIUSDT,0.0001
2024-07-23T08:00:00Z,SUIUSDT,0.0001
2024-07-23T16:00:00Z,SUIUSDT,0.0001
2024-07-24T00:00:00Z,SUIUSDT,0.0001
2024-07-24T08:00:00Z,SUIUSDT,0.0001
2024-07-24T16:00:00Z,SUIUSDT,0.0001
2024-07-25T00:00:00Z,SUIUSDT,0.00007572
2024-07-25T08:00:00Z,SUIUSDT,-0.00000006
2024-07-25T16:00:00Z,SUIUSDT,0.0001
2024-07-26T00:00:00Z,SUIUSDT,0.0001
2024-07-26T08:00:00Z,SUIUSDT,0.0001
2024-07-26T16:00:00Z,SUIUSDT,0.0000589
2024-07-27T00:00:00Z,SUIUSDT,0.0001
2024-07-27T08:00:00Z,SUIUSDT,0.00009219
2024-07-27T16:00:00Z,SUIUSDT,0.0001
2024-07-28T00:00:00Z,SUIUSDT,0.00004101
2024-07-28T08:00:00Z,SUIUSDT,0.0001
2024-07-28T16:00:00Z,SUIUSDT,0.0001
2024-07-29T00:00:00Z,SUIUSDT,0.0001
2024-07-29T08:00:00Z,SUIUSDT,0.0001
2024-07-29T16:00:00Z,SUIUSDT,0.0001
2024-07-30T00:00:00Z,SUIUSDT,0.0001
2024-07-30T08:00:00Z,SUIUSDT,0.0001
2024-07-30T16:00:00Z,SUIUSDT,0.00009118
2024-07-31T00:00:00Z,SUIUSDT,0.0001
2024-07-31T08:00:00Z,SUIUSDT,0.0001
2024-07-31T16:00:00Z,SUIUSDT,0.0001
2024-08-01T00:00:00Z,SUIUSDT,0.0001
2024-08-01T08:00:00Z,SUIUSDT,0.0001
2024-08-01T16:00:00Z,SUIUSDT,0.0001
2024-08-02T00:00:00Z,SUIUSDT,0.0001
2024-08-02T08:00:00Z,SUIUSDT,0.0001
2024-08-02T16:00:00Z,SUIUSDT,0.0000928
2024-08-03T00:00:00Z,SUIUSDT,0.0001
2024-08-03T08:00:00Z,SUIUSDT,0.0001
2024-08-03T16:00:00Z,SUIUSDT,0.00009774
2024-08-04T00:00:00Z,SUIUSDT,0.00004326
2024-08-04T08:00:00Z,SUIUSDT,0.0001
2024-08-04T16:00:00Z,SUIUSDT,0.0001
2024-08-05T00:00:00Z,SUIUSDT,0.0001
2024-08-05T08:00:00Z,SUIUSDT,0.0001
2024-08-05T16:00:00Z,SUIUSDT,0.0001
2024-08-06T00:00:00Z,SUIUSDT,0.0000995
2024-08-06T08:00:00Z,SUIUSDT,0.00001807
2024-08-06T16:00:00Z,SUIUSDT,-0.00012482
2024-08-07T00:00:00Z,SUIUSDT,-0.00013925
2024-08-07T08:00:00Z,SUIUSDT,-0.0000063
2024-08-07T16:00:00Z,SUIUSDT,-0.00032491
2024-08-08T00:00:00Z,SUIUSDT,-0.00020357
2024-08-08T08:00:00Z,SUIUSDT,-0.00021666
2024-08-08T16:00:00Z,SUIUSDT,-0.00005585
2024-08-09T00:00:00Z,SUIUSDT,-0.00005225
2024-08-09T08:00:00Z,SUIUSDT,0.00009931
2024-08-09T16:00:00Z,SUIUSDT,-0.00000218
2024-08-10T00:00:00Z,SUIUSDT,0.00002105
2024-08-10T08:00:00Z,SUIUSDT,-0.00002341
2024-08-10T16:00:00Z,SUIUSDT,-0.00028207
2024-08-11T00:00:00Z,SUIUSDT,-0.00004779
2024-08-11T08:00:00Z,SUIUSDT,-0.00003408
2024-08-11T16:00:00Z,SUIUSDT,-0.00020914
2024-08-12T00:00:00Z,SUIUSDT,-0.00013164
2024-08-12T08:00:00Z,SUIUSDT,-0.00013171
2024-08-12T16:00:00Z,SUIUSDT,-0.0001006
2024-08-13T00:00:00Z,SUIUSDT,0.0001
2024-08-13T08:00:00Z,SUIUSDT,-0.0000156
2024-08-13T16:00:00Z,SUIUSDT,0.00006722
2024-08-14T00:00:00Z,SUIUSDT,0.0001
2024-08-14T08:00:00Z,SUIUSDT,0.0001
2024-08-14T16:00:00Z,SUIUSDT,0.0001
2024-08-15T00:00:00Z,SUIUSDT,0.0001
2024-08-15T08:00:00Z,SUIUSDT,0.0001
2024-08-15T16:00:00Z,SUIUSDT,0.0001
2024-08-16T00:00:00Z,SUIUSDT,0.0001
2024-08-16T08:00:00Z,SUIUSDT,0.00006387
2024-08-16T16:00:00Z,SUIUSDT,0.00004973
2024-08-17T00:00:00Z,SUIUSDT,-0.00000552
2024-08-17T08:00:00Z,SUIUSDT,0.00007829
2024-08-17T16:00:00Z,SUIUSDT,0.0001
2024-08-18T00:00:00Z,SUIUSDT,0.0001
2024-08-18T08:00:00Z,SUIUSDT,0.0001
2024-08-18T16:00:00Z,SUIUSDT,0.0001
2024-08-19T00:00:00Z,SUIUSDT,0.0001
2024-08-19T08:00:00Z,SUIUSDT,0.0001
2024-08-19T16:00:00Z,SUIUSDT,0.0001
2024-08-20T00:00:00Z,SUIUSDT,0.0001
2024-08-20T08:00:00Z,SUIUSDT,0.0001
2024-08-20T16:00:00Z,SUIUSDT,0.0001
2024-08-21T00:00:00Z,SUIUSDT,0.0001
2024-08-21T08:00:00Z,SUIUSDT,0.0001
2024-08-21T16:00:00Z,SUIUSDT,0.0001
2024-08-22T00:00:00Z,SUIUSDT,0.00008716
2024-08-22T08:00:00Z,SUIUSDT,0.0001
2024-08-22T16:00:00Z,SUIUSDT,0.0000525
2024-08-23T00:00:00Z,SUIUSDT,0.0001
2024-08-23T08:00:00Z,SUIUSDT,0.0001
2024-08-23T16:00:00Z,SUIUSDT,0.0001
2024-08-24T00:00:00Z,SUIUSDT,0.0001
2024-08-24T08:00:00Z,SUIUSDT,0.0001
2024-08-24T16:00:00Z,SUIUSDT,0.0001
2024-08-25T00:00:00Z,SUIUSDT,0.0001
2024-08-25T08:00:00Z,SUIUSDT,0.0001
2024-08-25T16:00:00Z,SUIUSDT,0.0001
2024-08-26T00:00:00Z,SUIUSDT,0.0001
2024-08-26T08:00:00Z,SUIUSDT,0.0001
2024-08-26T16:00:00Z,SUIUSDT,0.0001
2024-08-27T00:00:00Z,SUIUSDT,0.0001
2024-08-27T08:00:00Z,SUIUSDT,0.0001
2024-08-27T16:00:00Z,SUIUSDT,0.0001
2024-08-28T00:00:00Z,SUIUSDT,0.0001
2024-08-28T08:00:00Z,SUIUSDT,0.0001
2024-08-28T16:00:00Z,SUIUSDT,0.0001
2024-08-29T00:00:00Z,SUIUSDT,-0.00003407
2024-08-29T08:00:00Z,SUIUSDT,-0.0000333
2024-08-29T16:00:00Z,SUIUSDT,-0.00007911
2024-08-30T00:00:00Z,SUIUSDT,0.0001
2024-08-30T08:00:00Z,SUIUSDT,0.00005924
2024-08-30T16:00:00Z,SUIUSDT,0.00005706
2024-08-31T00:00:00Z,SUIUSDT,0.00002166
2024-08-31T08:00:00Z,SUIUSDT,0.00008571
2024-08-31T16:00:00Z,SUIUSDT,-0.00000135
2024-09-01T00:00:00Z,SUIUSDT,0.00003274
2024-09-01T08:00:00Z,SUIUSDT,0.0001
2024-09-01T16:00:00Z,SUIUSDT,-0.00001303
2024-09-02T00:00:00Z,SUIUSDT,-0.00005496
2024-09-02T08:00:00Z,SUIUSDT,-0.0000304
2024-09-02T16:00:00Z,SUIUSDT,0.00003631
2024-09-03T00:00:00Z,SUIUSDT,0.00008697
2024-09-03T08:00:00Z,SUIUSDT,0.00003159
2024-09-03T16:00:00Z,SUIUSDT,0.00004103
2024-09-04T00:00:00Z,SUIUSDT,0.0001
2024-09-04T08:00:00Z,SUIUSDT,0.00004458
2024-09-04T16:00:00Z,SUIUSDT,0.0000498
2024-09-05T00:00:00Z,SUIUSDT,-0.00001059
2024-09-05T08:00:00Z,SUIUSDT,0.0001
2024-09-05T16:00:00Z,SUIUSDT,-0.00002178
2024-09-06T00:00:00Z,SUIUSDT,0.0001
2024-09-06T08:00:00Z,SUIUSDT,0.0001
2024-09-06T16:00:00Z,SUIUSDT,0.0001
2024-09-07T00:00:00Z,SUIUSDT,-0.00012252
2024-09-07T08:00:00Z,SUIUSDT,-0.00014783
2024-09-07T16:00:00Z,SUIUSDT,0.0001
2024-09-08T00:00:00Z,SUIUSDT,0.0001
2024-09-08T08:00:00Z,SUIUSDT,-0.0002345
2024-09-08T16:00:00Z,SUIUSDT,0.00002444
2024-09-09T00:00:00Z,SUIUSDT,0.0001
2024-09-09T08:00:00Z,SUIUSDT,0.0001
2024-09-09T16:00:00Z,SUIUSDT,0.0001
2024-09-10T00:00:00Z,SUIUSDT,0.0001
2024-09-10T08:00:00Z,SUIUSDT,0.0001
2024-09-10T16:00:00Z,SUIUSDT,0.00007854
2024-09-11T00:00:00Z,SUIUSDT,0.0001
2024-09-11T08:00:00Z,SUIUSDT,0.00007951
2024-09-11T16:00:00Z,SUIUSDT,0.0001
2024-09-12T00:00:00Z,SUIUSDT,0.0001
2024-09-12T08:00:00Z,SUIUSDT,0.0001
2024-09-12T16:00:00Z,SUIUSDT,0.0001
2024-09-13T00:00:00Z,SUIUSDT,0.00007078
2024-09-13T08:00:00Z,SUIUSDT,0.0001
2024-09-13T16:00:00Z,SUIUSDT,-0.00000999
2024-09-14T00:00:00Z,SUIUSDT,0.0001
2024-09-14T08:00:00Z,SUIUSDT,0.0001
2024-09-14T16:00:00Z,SUIUSDT,0.0001
2024-09-15T00:00:00Z,SUIUSDT,0.0001
2024-09-15T08:00:00Z,SUIUSDT,0.0001
2024-09-15T16:00:00Z,SUIUSDT,0.00001159
2024-09-16T00:00:00Z,SUIUSDT,-0.00003752
2024-09-16T08:00:00Z,SUIUSDT,-0.00006264
2024-09-16T16:00:00Z,SUIUSDT,0.00000169
2024-09-17T00:00:00Z,SUIUSDT,0.0001
2024-09-17T08:00:00Z,SUIUSDT,0.00006941
2024-09-17T16:00:00Z,SUIUSDT,0.0001
2024-09-18T00:00:00Z,SUIUSDT,-0.00008558
2024-09-18T08:00:00Z,SUIUSDT,0.00004873
2024-09-18T16:00:00Z,SUIUSDT,0.0001
2024-09-19T00:00:00Z,SUIUSDT,0.00000015
2024-09-19T08:00:00Z,SUIUSDT,0.0001
2024-09-19T16:00:00Z,SUIUSDT,0.0001
2024-09-20T00:00:00Z,SUIUSDT,0.0001
2024-09-20T08:00:00Z,SUIUSDT,0.0001
2024-09-20T16:00:00Z,SUIUSDT,0.0001
2024-09-21T00:00:00Z,SUIUSDT,0.0001
2024-09-21T08:00:00Z,SUIUSDT,0.0001
2024-09-21T16:00:00Z,SUIUSDT,0.0001
2024-09-22T00:00:00Z,SUIUSDT,0.0001
2024-09-22T08:00:00Z,SUIUSDT,0.0001
2024-09-22T16:00:00Z,SUIUSDT,0.0001
2024-09-23T00:00:00Z,SUIUSDT,-0.00001444
2024-09-23T08:00:00Z,SUIUSDT,0.00001979
2024-09-23T16:00:00Z,SUIUSDT,-0.00005715
2024-09-24T00:00:00Z,SUIUSDT,0.0001
2024-09-24T08:00:00Z,SUIUSDT,0.0001
2024-09-24T16:00:00Z,SUIUSDT,0.0001
2024-09-25T00:00:00Z,SUIUSDT,0.0001
2024-09-25T08:00:00Z,SUIUSDT,0.0001
2024-09-25T16:00:00Z,SUIUSDT,0.0001
2024-09-26T00:00:00Z,SUIUSDT,0.0001
2024-09-26T08:00:00Z,SUIUSDT,0.0001
2024-09-26T16:00:00Z,SUIUSDT,0.0001
2024-09-27T00:00:00Z,SUIUSDT,0.0001
2024-09-27T08:00:00Z,SUIUSDT,0.0001
2024-09-27T16:00:00Z,SUIUSDT,0.0001
2024-09-28T00:00:00Z,SUIUSDT,0.0001
2024-09-28T08:00:00Z,SUIUSDT,0.0001
2024-09-28T16:00:00Z,SUIUSDT,0.0001
2024-09-29T00:00:00Z,SUIUSDT,0.0001
2024-09-29T08:00:00Z,SUIUSDT,0.0001
2024-09-29T16:00:00Z,SUIUSDT,0.0001
2024-09-30T00:00:00Z,SUIUSDT,0.0001
2024-09-30T08:00:00Z,SUIUSDT,0.0001
2024-09-30T16:00:00Z,SUIUSDT,0.0001
2024-10-01T00:00:00Z,SUIUSDT,0.0001
2024-10-01T08:00:00Z,SUIUSDT,0.0001
2024-10-01T16:00:00Z,SUIUSDT,0.0001
2024-10-02T00:00:00Z,SUIUSDT,0.0001
2024-10-02T08:00:00Z,SUIUSDT,0.00006926
2024-10-02T16:00:00Z,SUIUSDT,-0.00010902
2024-10-03T00:00:00Z,SUIUSDT,-0.00011321
2024-10-03T08:00:00Z,SUIUSDT,0.0001
2024-10-03T16:00:00Z,SUIUSDT,-0.00018385
2024-10-04T00:00:00Z,SUIUSDT,-0.00045361
2024-10-04T08:00:00Z,SUIUSDT,-0.00064041
2024-10-04T16:00:00Z,SUIUSDT,-0.00046317
2024-10-05T00:00:00Z,SUIUSDT,-0.00045179
2024-10-05T08:00:00Z,SUIUSDT,-0.00032641
2024-10-05T16:00:00Z,SUIUSDT,-0.00019531
2024-10-06T00:00:00Z,SUIUSDT,-0.00017639
2024-10-06T08:00:00Z,SUIUSDT,-0.00019358
2024-10-06T16:00:00Z,SUIUSDT,-0.0001993
2024-10-07T00:00:00Z,SUIUSDT,-0.00013569
2024-10-07T08:00:00Z,SUIUSDT,-0.00007536
2024-10-07T16:00:00Z,SUIUSDT,0.00000866
2024-10-08T00:00:00Z,SUIUSDT,0.0001
2024-10-08T08:00:00Z,SUIUSDT,0.00003177
2024-10-08T16:00:00Z,SUIUSDT,-0.00007547
2024-10-09T00:00:00Z,SUIUSDT,0.00002515
2024-10-09T08:00:00Z,SUIUSDT,-0.00000592
2024-10-09T16:00:00Z,SUIUSDT,-0.00002069
2024-10-10T00:00:00Z,SUIUSDT,-0.00001663
2024-10-10T08:00:00Z,SUIUSDT,0.0001
2024-10-10T16:00:00Z,SUIUSDT,0.00005839
2024-10-11T00:00:00Z,SUIUSDT,-0.00006333
2024-10-11T08:00:00Z,SUIUSDT,0.00005516
2024-10-11T16:00:00Z,SUIUSDT,-0.00008894
2024-10-12T00:00:00Z,SUIUSDT,0.00004197
2024-10-12T08:00:00Z,SUIUSDT,0.0001
2024-10-12T16:00:00Z,SUIUSDT,0.0001
2024-10-13T00:00:00Z,SUIUSDT,0.00007194
2024-10-13T08:00:00Z,SUIUSDT,0.00000367
2024-10-13T16:00:00Z,SUIUSDT,0.0001
2024-10-14T00:00:00Z,SUIUSDT,0.0001
2024-10-14T08:00:00Z,SUIUSDT,0.00002809
2024-10-14T16:00:00Z,SUIUSDT,0.00007098
2024-10-15T00:00:00Z,SUIUSDT,-0.00005838
2024-10-15T08:00:00Z,SUIUSDT,0.0001
2024-10-15T16:00:00Z,SUIUSDT,0.0001
2024-10-16T00:00:00Z,SUIUSDT,0.0001
2024-10-16T08:00:00Z,SUIUSDT,0.0001
2024-10-16T16:00:00Z,SUIUSDT,0.0001
2024-10-17T00:00:00Z,SUIUSDT,0.0001
2024-10-17T08:00:00Z,SUIUSDT,0.0001
2024-10-17T16:00:00Z,SUIUSDT,0.0001
2024-10-18T00:00:00Z,SUIUSDT,0.0001
2024-10-18T08:00:00Z,SUIUSDT,0.0001
2024-10-18T16:00:00Z,SUIUSDT,0.0001
2024-10-19T00:00:00Z,SUIUSDT,0.0001
2024-10-19T08:00:00Z,SUIUSDT,0.0001
2024-10-19T16:00:00Z,SUIUSDT,0.0001
2024-10-20T00:00:00Z,SUIUSDT,0.0001
2024-10-20T08:00:00Z,SUIUSDT,0.0001
2024-10-20T16:00:00Z,SUIUSDT,0.0001
2024-10-21T00:00:00Z,SUIUSDT,0.0001
2024-10-21T08:00:00Z,SUIUSDT,0.0001
2024-10-21T16:00:00Z,SUIUSDT,0.0001
2024-10-22T00:00:00Z,SUIUSDT,0.0001
2024-10-22T08:00:00Z,SUIUSDT,0.0001
2024-10-22T16:00:00Z,SUIUSDT,0.0001
2024-10-23T00:00:00Z,SUIUSDT,0.0001
2024-10-23T08:00:00Z,SUIUSDT,0.0001
2024-10-23T16:00:00Z,SUIUSDT,0.0001
2024-10-24T00:00:00Z,SUIUSDT,0.0001
2024-10-24T08:00:00Z,SUIUSDT,0.0001
2024-10-24T16:00:00Z,SUIUSDT,0.0001
2024-10-25T00:00:00Z,SUIUSDT,0.0001
2024-10-25T08:00:00Z,SUIUSDT,0.0001
2024-10-25T16:00:00Z,SUIUSDT,0.0001
2024-10-26T00:00:00Z,SUIUSDT,0.0001
2024-10-26T08:00:00Z,SUIUSDT,0.00008954
2024-10-26T16:00:00Z,SUIUSDT,0.0001
2024-10-27T00:00:00Z,SUIUSDT,0.0001
2024-10-27T08:00:00Z,SUIUSDT,0.0001
2024-10-27T16:00:00Z,SUIUSDT,0.00008005
2024-10-28T00:00:00Z,SUIUSDT,0.0001
2024-10-28T08:00:00Z,SUIUSDT,0.0001
2024-10-28T16:00:00Z,SUIUSDT,0.0001
2024-10-29T00:00:00Z,SUIUSDT,0.0001
2024-10-29T08:00:00Z,SUIUSDT,0.0001
2024-10-29T16:00:00Z,SUIUSDT,0.0001
2024-10-30T00:00:00Z,SUIUSDT,-0.00000301
2024-10-30T08:00:00Z,SUIUSDT,0.0001
2024-10-30T16:00:00Z,SUIUSDT,0.0001
2024-10-31T00:00:00Z,SUIUSDT,0.0001
2024-10-31T08:00:00Z,SUIUSDT,0.0001
2024-10-31T16:00:00Z,SUIUSDT,0.0001
2024-11-01T00:00:00Z,SUIUSDT,0.0001
2024-11-01T08:00:00Z,SUIUSDT,0.0001
2024-11-01T16:00:00Z,SUIUSDT,0.0001
2024-11-02T00:00:00Z,SUIUSDT,0.0001
2024-11-02T08:00:00Z,SUIUSDT,-0.00005042
2024-11-02T16:00:00Z,SUIUSDT,0.00005137
2024-11-03T00:00:00Z,SUIUSDT,0.00009634
2024-11-03T08:00:00Z,SUIUSDT,0.00003645
2024-11-03T16:00:00Z,SUIUSDT,0.0001
2024-11-04T00:00:00Z,SUIUSDT,0.00006291
2024-11-04T08:00:00Z,SUIUSDT,0.00002699
2024-11-04T16:00:00Z,SUIUSDT,-0.00003167
2024-11-05T00:00:00Z,SUIUSDT,-0.00004601
2024-11-05T08:00:00Z,SUIUSDT,0.0000982
2024-11-05T16:00:00Z,SUIUSDT,0.0001
2024-11-06T00:00:00Z,SUIUSDT,0.00000881
2024-11-06T08:00:00Z,SUIUSDT,0.0001
2024-11-06T16:00:00Z,SUIUSDT,0.0001
2024-11-07T00:00:00Z,SUIUSDT,0.0001
2024-11-07T08:00:00Z,SUIUSDT,0.0001
2024-11-07T16:00:00Z,SUIUSDT,0.0001
2024-11-08T00:00:00Z,SUIUSDT,0.0001
2024-11-08T08:00:00Z,SUIUSDT,0.0001
2024-11-08T16:00:00Z,SUIUSDT,0.0001
2024-11-09T00:00:00Z,SUIUSDT,0.0001
2024-11-09T08:00:00Z,SUIUSDT,0.0001
2024-11-09T16:00:00Z,SUIUSDT,0.0001
2024-11-10T00:00:00Z,SUIUSDT,0.00013082
2024-11-10T08:00:00Z,SUIUSDT,0.0003584
2024-11-10T16:00:00Z,SUIUSDT,0.00032766
2024-11-11T00:00:00Z,SUIUSDT,0.00042297
2024-11-11T08:00:00Z,SUIUSDT,0.00019478
2024-11-11T16:00:00Z,SUIUSDT,0.00021051
2024-11-12T00:00:00Z,SUIUSDT,0.00040614
2024-11-12T08:00:00Z,SUIUSDT,0.00088979
2024-11-12T16:00:00Z,SUIUSDT,0.00054042
2024-11-13T00:00:00Z,SUIUSDT,0.000398
2024-11-13T08:00:00Z,SUIUSDT,0.0001
2024-11-13T16:00:00Z,SUIUSDT,0.00015494
2024-11-14T00:00:00Z,SUIUSDT,0.0001773
2024-11-14T08:00:00Z,SUIUSDT,0.00013766
2024-11-14T16:00:00Z,SUIUSDT,0.0001
2024-11-15T00:00:00Z,SUIUSDT,0.00010779
2024-11-15T08:00:00Z,SUIUSDT,0.0001
2024-11-15T16:00:00Z,SUIUSDT,0.00012191
2024-11-16T00:00:00Z,SUIUSDT,0.00029044
2024-11-16T08:00:00Z,SUIUSDT,0.0001
2024-11-16T16:00:00Z,SUIUSDT,0.00013672
2024-11-17T00:00:00Z,SUIUSDT,0.0002282
2024-11-17T08:00:00Z,SUIUSDT,0.00055876
2024-11-17T16:00:00Z,SUIUSDT,0.00060527
2024-11-18T00:00:00Z,SUIUSDT,0.00033768
2024-11-18T08:00:00Z,SUIUSDT,0.00050907
2024-11-18T16:00:00Z,SUIUSDT,0.00026215
2024-11-19T00:00:00Z,SUIUSDT,0.00030083
2024-11-19T08:00:00Z,SUIUSDT,0.0004579
2024-11-19T16:00:00Z,SUIUSDT,0.0004361
2024-11-20T00:00:00Z,SUIUSDT,0.00026519
2024-11-20T08:00:00Z,SUIUSDT,0.00023553
2024-11-20T16:00:00Z,SUIUSDT,0.0001
2024-11-21T00:00:00Z,SUIUSDT,0.0001
2024-11-21T08:00:00Z,SUIUSDT,0.0001
2024-11-21T16:00:00Z,SUIUSDT,0.00024829
2024-11-22T00:00:00Z,SUIUSDT,0.00055373
2024-11-22T08:00:00Z,SUIUSDT,0.00048186
2024-11-22T16:00:00Z,SUIUSDT,0.00041361
2024-11-23T00:00:00Z,SUIUSDT,0.00040077
2024-11-23T08:00:00Z,SUIUSDT,0.00076855
2024-11-23T16:00:00Z,SUIUSDT,0.00086854
2024-11-24T00:00:00Z,SUIUSDT,0.00026008
2024-11-24T08:00:00Z,SUIUSDT,0.00057171
2024-11-24T16:00:00Z,SUIUSDT,0.0001
2024-11-25T00:00:00Z,SUIUSDT,0.00017266
2024-11-25T08:00:00Z,SUIUSDT,0.00035613
2024-11-25T16:00:00Z,SUIUSDT,0.00029706
2024-11-26T00:00:00Z,SUIUSDT,0.00022424
2024-11-26T08:00:00Z,SUIUSDT,0.00025327
2024-11-26T16:00:00Z,SUIUSDT,0.0001
2024-11-27T00:00:00Z,SUIUSDT,0.0001
2024-11-27T08:00:00Z,SUIUSDT,0.00013471
2024-11-27T16:00:00Z,SUIUSDT,0.00021838
2024-11-28T00:00:00Z,SUIUSDT,0.00033484
2024-11-28T08:00:00Z,SUIUSDT,0.00035885
2024-11-28T16:00:00Z,SUIUSDT,0.0001
2024-11-29T00:00:00Z,SUIUSDT,0.00028227
2024-11-29T08:00:00Z,SUIUSDT,0.00029916
2024-11-29T16:00:00Z,SUIUSDT,0.00031606
2024-11-30T00:00:00Z,SUIUSDT,0.00055446
2024-11-30T08:00:00Z,SUIUSDT,0.00052822
2024-11-30T16:00:00Z,SUIUSDT,0.0004578
2024-12-01T00:00:00Z,SUIUSDT,0.00058157
2024-12-01T08:00:00Z,SUIUSDT,0.00034528
2024-12-01T16:00:00Z,SUIUSDT,0.00056061
2024-12-02T00:00:00Z,SUIUSDT,0.00073261
2024-12-02T08:00:00Z,SUIUSDT,0.00037163
2024-12-02T16:00:00Z,SUIUSDT,0.00037933
2024-12-03T00:00:00Z,SUIUSDT,0.00046975
2024-12-03T08:00:00Z,SUIUSDT,0.00076681
2024-12-03T16:00:00Z,SUIUSDT,0.0004516
2024-12-04T00:00:00Z,SUIUSDT,0.00066883
2024-12-04T08:00:00Z,SUIUSDT,0.00058711
2024-12-04T16:00:00Z,SUIUSDT,0.00055489
2024-12-05T00:00:00Z,SUIUSDT,0.00046812
2024-12-05T08:00:00Z,SUIUSDT,0.00061864
2024-12-05T16:00:00Z,SUIUSDT,0.00037081
2024-12-06T00:00:00Z,SUIUSDT,0.00073637
2024-12-06T08:00:00Z,SUIUSDT,0.0008119
2024-12-06T16:00:00Z,SUIUSDT,0.00054766
2024-12-07T00:00:00Z,SUIUSDT,0.00072671
2024-12-07T08:00:00Z,SUIUSDT,0.00042044
2024-12-07T16:00:00Z,SUIUSDT,0.00057431
2024-12-08T00:00:00Z,SUIUSDT,0.00065428
2024-12-08T08:00:00Z,SUIUSDT,0.00049039
2024-12-08T16:00:00Z,SUIUSDT,0.00043017
2024-12-09T00:00:00Z,SUIUSDT,0.00049804
2024-12-09T08:00:00Z,SUIUSDT,0.00038352
2024-12-09T16:00:00Z,SUIUSDT,0.0002424
2024-12-10T00:00:00Z,SUIUSDT,0.0001
2024-12-10T08:00:00Z,SUIUSDT,0.0001
2024-12-10T16:00:00Z,SUIUSDT,0.0001
2024-12-11T00:00:00Z,SUIUSDT,0.0001
2024-12-11T08:00:00Z,SUIUSDT,0.0001
2024-12-11T16:00:00Z,SUIUSDT,0.0001
2024-12-12T00:00:00Z,SUIUSDT,0.0001
2024-12-12T08:00:00Z,SUIUSDT,0.0001
2024-12-12T16:00:00Z,SUIUSDT,0.0001
2024-12-13T00:00:00Z,SUIUSDT,0.0001
2024-12-13T08:00:00Z,SUIUSDT,0.0001
2024-12-13T16:00:00Z,SUIUSDT,0.0001
2024-12-14T00:00:00Z,SUIUSDT,0.0001
2024-12-14T08:00:00Z,SUIUSDT,0.0001
2024-12-14T16:00:00Z,SUIUSDT,0.0001
2024-12-15T00:00:00Z,SUIUSDT,0.0001
2024-12-15T08:00:00Z,SUIUSDT,0.0001
2024-12-15T16:00:00Z,SUIUSDT,0.0001
2024-12-16T00:00:00Z,SUIUSDT,0.0001
2024-12-16T08:00:00Z,SUIUSDT,0.0001
2024-12-16T16:00:00Z,SUIUSDT,0.0001
2024-12-17T00:00:00Z,SUIUSDT,0.0001
2024-12-17T08:00:00Z,SUIUSDT,0.0001
2024-12-17T16:00:00Z,SUIUSDT,0.0001
2024-12-18T00:00:00Z,SUIUSDT,0.0001
2024-12-18T08:00:00Z,SUIUSDT,0.0001
2024-12-18T16:00:00Z,SUIUSDT,0.0001
2024-12-19T00:00:00Z,SUIUSDT,0.0001
2024-12-19T08:00:00Z,SUIUSDT,0.0001
2024-12-19T16:00:00Z,SUIUSDT,0.0001
2024-12-20T00:00:00Z,SUIUSDT,0.00002357
2024-12-20T08:00:00Z,SUIUSDT,0.0001
2024-12-20T16:00:00Z,SUIUSDT,-0.00007487
2024-12-21T00:00:00Z,SUIUSDT,0.0001
2024-12-21T08:00:00Z,SUIUSDT,0.00007094
2024-12-21T16:00:00Z,SUIUSDT,0.00000531
2024-12-22T00:00:00Z,SUIUSDT,-0.00005823
2024-12-22T08:00:00Z,SUIUSDT,-0.00016023
2024-12-22T16:00:00Z,SUIUSDT,-0.00021803
2024-12-23T00:00:00Z,SUIUSDT,0.00005785
2024-12-23T08:00:00Z,SUIUSDT,-0.00003882
2024-12-23T16:00:00Z,SUIUSDT,-0.00004517
2024-12-24T00:00:00Z,SUIUSDT,0.0001
2024-12-24T08:00:00Z,SUIUSDT,0.0001
2024-12-24T16:00:00Z,SUIUSDT,0.00007595
2024-12-25T00:00:00Z,SUIUSDT,-0.00000371
2024-12-25T08:00:00Z,SUIUSDT,-0.00000688
2024-12-25T16:00:00Z,SUIUSDT,-0.00011408
2024-12-26T00:00:00Z,SUIUSDT,-0.0000431
2024-12-26T08:00:00Z,SUIUSDT,0.0001
2024-12-26T16:00:00Z,SUIUSDT,0.0001
2024-12-27T00:00:00Z,SUIUSDT,0.0001
2024-12-27T08:00:00Z,SUIUSDT,0.0000207
2024-12-27T16:00:00Z,SUIUSDT,-0.00016187
2024-12-28T00:00:00Z,SUIUSDT,0.0001
2024-12-28T08:00:00Z,SUIUSDT,0.0001
2024-12-28T16:00:00Z,SUIUSDT,0.00005935
2024-12-29T00:00:00Z,SUIUSDT,0.0001
2024-12-29T08:00:00Z,SUIUSDT,0.0001
2024-12-29T16:00:00Z,SUIUSDT,0.0001
2024-12-30T00:00:00Z,SUIUSDT,0.0001
2024-12-30T08:00:00Z,SUIUSDT,0.0001
2024-12-30T16:00:00Z,SUIUSDT,0.0001
2024-12-31T00:00:00Z,SUIUSDT,0.00005111
2024-12-31T08:00:00Z,SUIUSDT,-0.00003658
2024-12-31T16:00:00Z,SUIUSDT,-0.00012096
2025-01-01T00:00:00Z,SUIUSDT,0.0000008
2025-01-01T08:00:00Z,SUIUSDT,0.00001162
2025-01-01T16:00:00Z,SUIUSDT,0.0001
2025-01-02T00:00:00Z,SUIUSDT,0.0001
2025-01-02T08:00:00Z,SUIUSDT,0.0001
2025-01-02T16:00:00Z,SUIUSDT,0.00008984
2025-01-03T00:00:00Z,SUIUSDT,0.00005487
2025-01-03T08:00:00Z,SUIUSDT,-0.00000062
2025-01-03T16:00:00Z,SUIUSDT,0.0001
2025-01-04T00:00:00Z,SUIUSDT,0.0001
2025-01-04T08:00:00Z,SUIUSDT,0.0001
2025-01-04T16:00:00Z,SUIUSDT,0.0001
2025-01-05T00:00:00Z,SUIUSDT,0.0001
2025-01-05T08:00:00Z,SUIUSDT,0.0001
2025-01-05T16:00:00Z,SUIUSDT,0.0001
2025-01-06T00:00:00Z,SUIUSDT,0.0001
2025-01-06T08:00:00Z,SUIUSDT,0.0001
2025-01-06T16:00:00Z,SUIUSDT,0.0001
2025-01-07T00:00:00Z,SUIUSDT,0.0001
2025-01-07T08:00:00Z,SUIUSDT,0.0001
2025-01-07T16:00:00Z,SUIUSDT,0.0001
2025-01-08T00:00:00Z,SUIUSDT,0.0001
2025-01-08T08:00:00Z,SUIUSDT,0.0001
2025-01-08T16:00:00Z,SUIUSDT,0.00007766
2025-01-09T00:00:00Z,SUIUSDT,0.0001
2025-01-09T08:00:00Z,SUIUSDT,0.0001
2025-01-09T16:00:00Z,SUIUSDT,0.00006031
2025-01-10T00:00:00Z,SUIUSDT,0.0001
2025-01-10T08:00:00Z,SUIUSDT,-0.00000034
2025-01-10T16:00:00Z,SUIUSDT,0.0001
2025-01-11T00:00:00Z,SUIUSDT,0.00007102
2025-01-11T08:00:00Z,SUIUSDT,0.0001
2025-01-11T16:00:00Z,SUIUSDT,0.0001
2025-01-12T00:00:00Z,SUIUSDT,0.00008539
2025-01-12T08:00:00Z,SUIUSDT,0.0001
2025-01-12T16:00:00Z,SUIUSDT,0.0001
2025-01-13T00:00:00Z,SUIUSDT,0.0001
2025-01-13T08:00:00Z,SUIUSDT,0.0001
2025-01-13T16:00:00Z,SUIUSDT,0.0001
2025-01-14T00:00:00Z,SUIUSDT,0.0001
2025-01-14T08:00:00Z,SUIUSDT,0.0001
2025-01-14T16:00:00Z,SUIUSDT,0.00005108
2025-01-15T00:00:00Z,SUIUSDT,0.0001
2025-01-15T08:00:00Z,SUIUSDT,0.0001
2025-01-15T16:00:00Z,SUIUSDT,0.0001
2025-01-16T00:00:00Z,SUIUSDT,0.0001
2025-01-16T08:00:00Z,SUIUSDT,0.0001
2025-01-16T16:00:00Z,SUIUSDT,0.0001
2025-01-17T00:00:00Z,SUIUSDT,0.0001
2025-01-17T08:00:00Z,SUIUSDT,0.0001
2025-01-17T16:00:00Z,SUIUSDT,0.0001
2025-01-18T00:00:00Z,SUIUSDT,0.0001
2025-01-18T08:00:00Z,SUIUSDT,0.0001
2025-01-18T16:00:00Z,SUIUSDT,0.0001
2025-01-19T00:00:00Z,SUIUSDT,0.0001
2025-01-19T08:00:00Z,SUIUSDT,0.0001
2025-01-19T16:00:00Z,SUIUSDT,0.0001
2025-01-20T00:00:00Z,SUIUSDT,0.0001
2025-01-20T08:00:00Z,SUIUSDT,0.0001
2025-01-20T16:00:00Z,SUIUSDT,0.0001
2025-01-21T00:00:00Z,SUIUSDT,0.0001
2025-01-21T08:00:00Z,SUIUSDT,0.0001
2025-01-21T16:00:00Z,SUIUSDT,0.0001
2025-01-22T00:00:00Z,SUIUSDT,0.0001
2025-01-22T08:00:00Z,SUIUSDT,0.0001
2025-01-22T16:00:00Z,SUIUSDT,0.0001
2025-01-23T00:00:00Z,SUIUSDT,0.0001
2025-01-23T08:00:00Z,SUIUSDT,0.0001
2025-01-23T16:00:00Z,SUIUSDT,0.0001
2025-01-24T00:00:00Z,SUIUSDT,0.0001
2025-01-24T08:00:00Z,SUIUSDT,0.0001
2025-01-24T16:00:00Z,SUIUSDT,0.0001
2025-01-25T00:00:00Z,SUIUSDT,0.0001
2025-01-25T08:00:00Z,SUIUSDT,0.0001
2025-01-25T16:00:00Z,SUIUSDT,0.0001
2025-01-26T00:00:00Z,SUIUSDT,0.0001
2025-01-26T08:00:00Z,SUIUSDT,0.0001
2025-01-26T16:00:00Z,SUIUSDT,0.0001
2025-01-27T00:00:00Z,SUIUSDT,0.0001
2025-01-27T08:00:00Z,SUIUSDT,0.0001
2025-01-27T16:00:00Z,SUIUSDT,0.0001
2025-01-28T00:00:00Z,SUIUSDT,0.0001
2025-01-28T08:00:00Z,SUIUSDT,0.0001
2025-01-28T16:00:00Z,SUIUSDT,0.0001
2025-01-29T00:00:00Z,SUIUSDT,0.0001
2025-01-29T08:00:00Z,SUIUSDT,0.0001
2025-01-29T16:00:00Z,SUIUSDT,0.0001
2025-01-30T00:00:00Z,SUIUSDT,0.0001
2025-01-30T08:00:00Z,SUIUSDT,0.0001
2025-01-30T16:00:00Z,SUIUSDT,0.0001
2025-01-31T00:00:00Z,SUIUSDT,0.0001
2025-01-31T08:00:00Z,SUIUSDT,0.0001
2025-01-31T16:00:00Z,SUIUSDT,0.0001
2025-02-01T00:00:00Z,SUIUSDT,0.0001
2025-02-01T08:00:00Z,SUIUSDT,0.0001
2025-02-01T16:00:00Z,SUIUSDT,0.0001
2025-02-02T00:00:00Z,SUIUSDT,0.0001
2025-02-02T08:00:00Z,SUIUSDT,0.0001
2025-02-02T16:00:00Z,SUIUSDT,0.0001
2025-02-03T00:00:00Z,SUIUSDT,0.00007341
2025-02-03T08:00:00Z,SUIUSDT,-0.00025576
2025-02-03T16:00:00Z,SUIUSDT,-0.00035167
2025-02-04T00:00:00Z,SUIUSDT,-0.00022997
2025-02-04T08:00:00Z,SUIUSDT,0.00003097
2025-02-04T16:00:00Z,SUIUSDT,-0.00012292
2025-02-05T00:00:00Z,SUIUSDT,0.0001
2025-02-05T08:00:00Z,SUIUSDT,0.00002612
2025-02-05T16:00:00Z,SUIUSDT,-0.00015136
2025-02-06T00:00:00Z,SUIUSDT,-0.00005893
2025-02-06T08:00:00Z,SUIUSDT,-0.00010241
2025-02-06T16:00:00Z,SUIUSDT,-0.00001832
2025-02-07T00:00:00Z,SUIUSDT,0.00005029
2025-02-07T08:00:00Z,SUIUSDT,-0.00002829
2025-02-07T16:00:00Z,SUIUSDT,-0.00008137
2025-02-08T00:00:00Z,SUIUSDT,0.0001
2025-02-08T08:00:00Z,SUIUSDT,0.0001
2025-02-08T16:00:00Z,SUIUSDT,0.00007444
2025-02-09T00:00:00Z,SUIUSDT,0.00004021
2025-02-09T08:00:00Z,SUIUSDT,-0.00006532
2025-02-09T16:00:00Z,SUIUSDT,0.00005287
2025-02-10T00:00:00Z,SUIUSDT,0.0001
2025-02-10T08:00:00Z,SUIUSDT,0.00003416
2025-02-10T16:00:00Z,SUIUSDT,-0.00007443
2025-02-11T00:00:00Z,SUIUSDT,-0.00005721
2025-02-11T08:00:00Z,SUIUSDT,-0.0001939
2025-02-11T16:00:00Z,SUIUSDT,-0.0000508
2025-02-12T00:00:00Z,SUIUSDT,0.00000793
2025-02-12T08:00:00Z,SUIUSDT,0.00005308
2025-02-12T16:00:00Z,SUIUSDT,-0.00003271
2025-02-13T00:00:00Z,SUIUSDT,-0.00000638
2025-02-13T08:00:00Z,SUIUSDT,0.0001
2025-02-13T16:00:00Z,SUIUSDT,0.00007794
2025-02-14T00:00:00Z,SUIUSDT,0.00004204
2025-02-14T08:00:00Z,SUIUSDT,0.00001125
2025-02-14T16:00:00Z,SUIUSDT,0.00003016
2025-02-15T00:00:00Z,SUIUSDT,-0.00003885
2025-02-15T08:00:00Z,SUIUSDT,-0.00010887
2025-02-15T16:00:00Z,SUIUSDT,-0.00014446
2025-02-16T00:00:00Z,SUIUSDT,-0.00001327
2025-02-16T08:00:00Z,SUIUSDT,0.00006635
2025-02-16T16:00:00Z,SUIUSDT,0.00004486
2025-02-17T00:00:00Z,SUIUSDT,0.00006324
2025-02-17T08:00:00Z,SUIUSDT,0.00001048
2025-02-17T16:00:00Z,SUIUSDT,0.00001319
2025-02-18T00:00:00Z,SUIUSDT,0.00006508
2025-02-18T08:00:00Z,SUIUSDT,0.0001
2025-02-18T16:00:00Z,SUIUSDT,0.0001
2025-02-19T00:00:00Z,SUIUSDT,0.0001
2025-02-19T08:00:00Z,SUIUSDT,-0.00009403
2025-02-19T16:00:00Z,SUIUSDT,0.00003015
2025-02-20T00:00:00Z,SUIUSDT,-0.00006674
2025-02-20T08:00:00Z,SUIUSDT,-0.00011785
2025-02-20T16:00:00Z,SUIUSDT,-0.00005597
2025-02-21T00:00:00Z,SUIUSDT,-0.00006465
2025-02-21T08:00:00Z,SUIUSDT,-0.00009529
2025-02-21T16:00:00Z,SUIUSDT,-0.00002124
2025-02-22T00:00:00Z,SUIUSDT,0.00013866
2025-02-22T08:00:00Z,SUIUSDT,0.00014115
2025-02-22T16:00:00Z,SUIUSDT,0.00010778
2025-02-23T00:00:00Z,SUIUSDT,0.0001
2025-02-23T08:00:00Z,SUIUSDT,0.0001
2025-02-23T16:00:00Z,SUIUSDT,0.0001
2025-02-24T00:00:00Z,SUIUSDT,0.0001
2025-02-24T08:00:00Z,SUIUSDT,0.0001
2025-02-24T16:00:00Z,SUIUSDT,0.0001
2025-02-25T00:00:00Z,SUIUSDT,0.0001
2025-02-25T08:00:00Z,SUIUSDT,0.0001
2025-02-25T16:00:00Z,SUIUSDT,0.0001
2025-02-26T00:00:00Z,SUIUSDT,0.00003345
2025-02-26T08:00:00Z,SUIUSDT,0.0001
2025-02-26T16:00:00Z,SUIUSDT,0.0001
2025-02-27T00:00:00Z,SUIUSDT,0.0001
2025-02-27T08:00:00Z,SUIUSDT,0.0001
2025-02-27T16:00:00Z,SUIUSDT,0.0001
2025-02-28T00:00:00Z,SUIUSDT,0.0001
2025-02-28T08:00:00Z,SUIUSDT,0.0001
2025-02-28T16:00:00Z,SUIUSDT,0.00007083
2025-03-01T00:00:00Z,SUIUSDT,0.00005755
2025-03-01T08:00:00Z,SUIUSDT,0.0001
2025-03-01T16:00:00Z,SUIUSDT,0.0001
2025-03-02T00:00:00Z,SUIUSDT,0.00009636
2025-03-02T08:00:00Z,SUIUSDT,0.00009303
2025-03-02T16:00:00Z,SUIUSDT,0.00005278
2025-03-03T00:00:00Z,SUIUSDT,0.0001
2025-03-03T08:00:00Z,SUIUSDT,0.0001
2025-03-03T16:00:00Z,SUIUSDT,0.0001
2025-03-04T00:00:00Z,SUIUSDT,0.0001
2025-03-04T08:00:00Z,SUIUSDT,-0.00000852
2025-03-04T16:00:00Z,SUIUSDT,-0.00002013
2025-03-05T00:00:00Z,SUIUSDT,-0.0000486
2025-03-05T08:00:00Z,SUIUSDT,0.00009919
2025-03-05T16:00:00Z,SUIUSDT,-0.00004979
2025-03-06T00:00:00Z,SUIUSDT,-0.00014837
2025-03-06T08:00:00Z,SUIUSDT,-0.00020026
2025-03-06T16:00:00Z,SUIUSDT,-0.00023834
2025-03-07T00:00:00Z,SUIUSDT,-0.00022938
2025-03-07T08:00:00Z,SUIUSDT,-0.0004165
2025-03-07T16:00:00Z,SUIUSDT,-0.00007501
2025-03-08T00:00:00Z,SUIUSDT,0.00008168
2025-03-08T08:00:00Z,SUIUSDT,-0.00024697
2025-03-08T16:00:00Z,SUIUSDT,-0.00018237
2025-03-09T00:00:00Z,SUIUSDT,-0.00002141
2025-03-09T08:00:00Z,SUIUSDT,-0.00004331
2025-03-09T16:00:00Z,SUIUSDT,0.0001
2025-03-10T00:00:00Z,SUIUSDT,0.00000029
2025-03-10T08:00:00Z,SUIUSDT,0.00002116
2025-03-10T16:00:00Z,SUIUSDT,0.00003455
2025-03-11T00:00:00Z,SUIUSDT,0.0001
2025-03-11T08:00:00Z,SUIUSDT,-0.00005993
2025-03-11T16:00:00Z,SUIUSDT,0.00007794
2025-03-12T00:00:00Z,SUIUSDT,-0.00005251
2025-03-12T08:00:00Z,SUIUSDT,-0.00000418
2025-03-12T16:00:00Z,SUIUSDT,0.00000641
2025-03-13T00:00:00Z,SUIUSDT,0.00003339
2025-03-13T08:00:00Z,SUIUSDT,-0.00007933
2025-03-13T16:00:00Z,SUIUSDT,0.00007834
2025-03-14T00:00:00Z,SUIUSDT,0.00006147
2025-03-14T08:00:00Z,SUIUSDT,0.00002423
2025-03-14T16:00:00Z,SUIUSDT,-0.00000723
2025-03-15T00:00:00Z,SUIUSDT,0.00005398
2025-03-15T08:00:00Z,SUIUSDT,0.00005982
2025-03-15T16:00:00Z,SUIUSDT,0.00001864
2025-03-16T00:00:00Z,SUIUSDT,0.00006678
2025-03-16T08:00:00Z,SUIUSDT,-0.0000087
2025-03-16T16:00:00Z,SUIUSDT,-0.00006982
2025-03-17T00:00:00Z,SUIUSDT,0.00000112
2025-03-17T08:00:00Z,SUIUSDT,0.0000464
2025-03-17T16:00:00Z,SUIUSDT,0.0001
2025-03-18T00:00:00Z,SUIUSDT,-0.00005736
2025-03-18T08:00:00Z,SUIUSDT,-0.00013859
2025-03-18T16:00:00Z,SUIUSDT,-0.00003757
2025-03-19T00:00:00Z,SUIUSDT,-0.00005016
2025-03-19T08:00:00Z,SUIUSDT,-0.00008843
2025-03-19T16:00:00Z,SUIUSDT,0.00009228
2025-03-20T00:00:00Z,SUIUSDT,0.00000671
2025-03-20T08:00:00Z,SUIUSDT,-0.00001398
2025-03-20T16:00:00Z,SUIUSDT,0.00000405
2025-03-21T00:00:00Z,SUIUSDT,0.00008704
2025-03-21T08:00:00Z,SUIUSDT,0.00003967
2025-03-21T16:00:00Z,SUIUSDT,-0.00004512
2025-03-22T00:00:00Z,SUIUSDT,-0.00008547
2025-03-22T08:00:00Z,SUIUSDT,-0.00005989
2025-03-22T16:00:00Z,SUIUSDT,0.0000719
2025-03-23T00:00:00Z,SUIUSDT,0.0001
2025-03-23T08:00:00Z,SUIUSDT,0.00002295
2025-03-23T16:00:00Z,SUIUSDT,0.0000585
2025-03-24T00:00:00Z,SUIUSDT,0.00003923
2025-03-24T08:00:00Z,SUIUSDT,0.0001
2025-03-24T16:00:00Z,SUIUSDT,0.0001
2025-03-25T00:00:00Z,SUIUSDT,0.0001
2025-03-25T08:00:00Z,SUIUSDT,0.00002288
2025-03-25T16:00:00Z,SUIUSDT,0.0001
2025-03-26T00:00:00Z,SUIUSDT,0.0001
2025-03-26T08:00:00Z,SUIUSDT,0.00008037
2025-03-26T16:00:00Z,SUIUSDT,-0.00001176
2025-03-27T00:00:00Z,SUIUSDT,0.00003127
2025-03-27T08:00:00Z,SUIUSDT,-0.00019236
2025-03-27T16:00:00Z,SUIUSDT,0.0001
2025-03-28T00:00:00Z,SUIUSDT,0.00002512
2025-03-28T08:00:00Z,SUIUSDT,0.0001
2025-03-28T16:00:00Z,SUIUSDT,0.0001
2025-03-29T00:00:00Z,SUIUSDT,0.00003257
2025-03-29T08:00:00Z,SUIUSDT,0.00007555
2025-03-29T16:00:00Z,SUIUSDT,-0.00007058
2025-03-30T00:00:00Z,SUIUSDT,-0.00008576
2025-03-30T08:00:00Z,SUIUSDT,-0.00015871
2025-03-30T16:00:00Z,SUIUSDT,-0.00001176
2025-03-31T00:00:00Z,SUIUSDT,-0.00003228
2025-03-31T08:00:00Z,SUIUSDT,-0.00008442
2025-03-31T16:00:00Z,SUIUSDT,-0.00014349
2025-04-01T00:00:00Z,SUIUSDT,-0.00012547
2025-04-01T08:00:00Z,SUIUSDT,-0.00017656
2025-04-01T16:00:00Z,SUIUSDT,-0.00007029
2025-04-02T00:00:00Z,SUIUSDT,-0.00004952
2025-04-02T08:00:00Z,SUIUSDT,-0.00004861
2025-04-02T16:00:00Z,SUIUSDT,-0.00004367
2025-04-03T00:00:00Z,SUIUSDT,-0.00006002
2025-04-03T08:00:00Z,SUIUSDT,-0.00014254
2025-04-03T16:00:00Z,SUIUSDT,-0.00014912
2025-04-04T00:00:00Z,SUIUSDT,0.00001429
2025-04-04T08:00:00Z,SUIUSDT,-0.00013337
2025-04-04T16:00:00Z,SUIUSDT,-0.00008251
2025-04-05T00:00:00Z,SUIUSDT,-0.00001213
2025-04-05T08:00:00Z,SUIUSDT,-0.00002463
2025-04-05T16:00:00Z,SUIUSDT,-0.00001246
2025-04-06T00:00:00Z,SUIUSDT,0.00002296
2025-04-06T08:00:00Z,SUIUSDT,-0.0000722
2025-04-06T16:00:00Z,SUIUSDT,-0.00003615
2025-04-07T00:00:00Z,SUIUSDT,0.000054
2025-04-07T08:00:00Z,SUIUSDT,0.0001
2025-04-07T16:00:00Z,SUIUSDT,-0.00011489
2025-04-08T00:00:00Z,SUIUSDT,-0.0000118
2025-04-08T08:00:00Z,SUIUSDT,-0.0000421
2025-04-08T16:00:00Z,SUIUSDT,-0.0000193
2025-04-09T00:00:00Z,SUIUSDT,0.00007026
2025-04-09T08:00:00Z,SUIUSDT,-0.00006114
2025-04-09T16:00:00Z,SUIUSDT,0.00005334
2025-04-10T00:00:00Z,SUIUSDT,0.0000285
2025-04-10T08:00:00Z,SUIUSDT,0.00008058
2025-04-10T16:00:00Z,SUIUSDT,0.00001827
2025-04-11T00:00:00Z,SUIUSDT,-0.0000294
2025-04-11T08:00:00Z,SUIUSDT,0.00006114
2025-04-11T16:00:00Z,SUIUSDT,0.00008456
2025-04-12T00:00:00Z,SUIUSDT,0.00009849
2025-04-12T08:00:00Z,SUIUSDT,-0.0000484
2025-04-12T16:00:00Z,SUIUSDT,0.00001962
2025-04-13T00:00:00Z,SUIUSDT,0.00008206
2025-04-13T08:00:00Z,SUIUSDT,-0.00027572
2025-04-13T16:00:00Z,SUIUSDT,0.00001739
2025-04-14T00:00:00Z,SUIUSDT,0.0001
2025-04-14T08:00:00Z,SUIUSDT,0.00002741
2025-04-14T16:00:00Z,SUIUSDT,0.00005281
2025-04-15T00:00:00Z,SUIUSDT,0.00003504
2025-04-15T08:00:00Z,SUIUSDT,-0.00010031
2025-04-15T16:00:00Z,SUIUSDT,-0.00012559
2025-04-16T00:00:00Z,SUIUSDT,-0.00001112
2025-04-16T08:00:00Z,SUIUSDT,0.00000571
2025-04-16T16:00:00Z,SUIUSDT,-0.00003243
2025-04-17T00:00:00Z,SUIUSDT,0.00002142
2025-04-17T08:00:00Z,SUIUSDT,-0.00007985
2025-04-17T16:00:00Z,SUIUSDT,-0.00010146
2025-04-18T00:00:00Z,SUIUSDT,-0.00002188
2025-04-18T08:00:00Z,SUIUSDT,0.00000756
2025-04-18T16:00:00Z,SUIUSDT,0.00002562
2025-04-19T00:00:00Z,SUIUSDT,0.00004331
2025-04-19T08:00:00Z,SUIUSDT,0.00001471
2025-04-19T16:00:00Z,SUIUSDT,-0.00002259
2025-04-20T00:00:00Z,SUIUSDT,0.00007828
2025-04-20T08:00:00Z,SUIUSDT,-0.00002431
2025-04-20T16:00:00Z,SUIUSDT,-0.00006863
2025-04-21T00:00:00Z,SUIUSDT,-0.00000842
2025-04-21T08:00:00Z,SUIUSDT,-0.00006394
2025-04-21T16:00:00Z,SUIUSDT,0.00002929
2025-04-22T00:00:00Z,SUIUSDT,0.0000479
2025-04-22T08:00:00Z,SUIUSDT,-0.00000105
2025-04-22T16:00:00Z,SUIUSDT,-0.00001293
2025-04-23T00:00:00Z,SUIUSDT,-0.00000276
2025-04-23T08:00:00Z,SUIUSDT,-0.00013838
2025-04-23T16:00:00Z,SUIUSDT,0.00009803
2025-04-24T00:00:00Z,SUIUSDT,0.00006024
2025-04-24T08:00:00Z,SUIUSDT,-0.00011507
2025-04-24T16:00:00Z,SUIUSDT,-0.00010585
2025-04-25T00:00:00Z,SUIUSDT,-0.00014216
2025-04-25T08:00:00Z,SUIUSDT,-0.0004871
2025-04-25T16:00:00Z,SUIUSDT,-0.00039704
2025-04-26T00:00:00Z,SUIUSDT,-0.00002277
2025-04-26T08:00:00Z,SUIUSDT,0.00001395
2025-04-26T16:00:00Z,SUIUSDT,0.0001
2025-04-27T00:00:00Z,SUIUSDT,0.00002897
2025-04-27T08:00:00Z,SUIUSDT,-0.00014564
2025-04-27T16:00:00Z,SUIUSDT,-0.00015188
2025-04-28T00:00:00Z,SUIUSDT,-0.00007964
2025-04-28T08:00:00Z,SUIUSDT,0.0000349
2025-04-28T16:00:00Z,SUIUSDT,0.00003816
2025-04-29T00:00:00Z,SUIUSDT,-0.00010442
2025-04-29T08:00:00Z,SUIUSDT,-0.00031069
2025-04-29T16:00:00Z,SUIUSDT,-0.00034486
2025-04-30T00:00:00Z,SUIUSDT,-0.00010785
2025-04-30T08:00:00Z,SUIUSDT,0.00009891
2025-04-30T16:00:00Z,SUIUSDT,0.00000903
2025-05-01T00:00:00Z,SUIUSDT,0.00002649
2025-05-01T08:00:00Z,SUIUSDT,0.00004257
2025-05-01T16:00:00Z,SUIUSDT,0.00001361
2025-05-02T00:00:00Z,SUIUSDT,0.0001
2025-05-02T08:00:00Z,SUIUSDT,0.0001
2025-05-02T16:00:00Z,SUIUSDT,-0.00021072
2025-05-03T00:00:00Z,SUIUSDT,-0.00007703
2025-05-03T08:00:00Z,SUIUSDT,0.00009538
2025-05-03T16:00:00Z,SUIUSDT,0.0001
2025-05-04T00:00:00Z,SUIUSDT,0.00002862
2025-05-04T08:00:00Z,SUIUSDT,0.00005113
2025-05-04T16:00:00Z,SUIUSDT,-0.00008265
2025-05-05T00:00:00Z,SUIUSDT,-0.00012485
2025-05-05T08:00:00Z,SUIUSDT,-0.00011149
2025-05-05T16:00:00Z,SUIUSDT,0.00002179
2025-05-06T00:00:00Z,SUIUSDT,0.00001428
2025-05-06T08:00:00Z,SUIUSDT,0.00004912
2025-05-06T16:00:00Z,SUIUSDT,0.0001
2025-05-07T00:00:00Z,SUIUSDT,-0.00003762
2025-05-07T08:00:00Z,SUIUSDT,0.00001614
2025-05-07T16:00:00Z,SUIUSDT,-0.00000593
2025-05-08T00:00:00Z,SUIUSDT,-0.0000285
2025-05-08T08:00:00Z,SUIUSDT,0.0001
2025-05-08T16:00:00Z,SUIUSDT,0.0001
2025-05-09T00:00:00Z,SUIUSDT,0.0001
2025-05-09T08:00:00Z,SUIUSDT,0.0001
2025-05-09T16:00:00Z,SUIUSDT,0.0001
2025-05-10T00:00:00Z,SUIUSDT,0.00002258
2025-05-10T08:00:00Z,SUIUSDT,0.00005635
2025-05-10T16:00:00Z,SUIUSDT,0.00006904
2025-05-11T00:00:00Z,SUIUSDT,0.0001
2025-05-11T08:00:00Z,SUIUSDT,0.0001
2025-05-11T16:00:00Z,SUIUSDT,0.00002495
2025-05-12T00:00:00Z,SUIUSDT,0.0001
2025-05-12T08:00:00Z,SUIUSDT,0.0001
2025-05-12T16:00:00Z,SUIUSDT,0.0001
2025-05-13T00:00:00Z,SUIUSDT,0.0001
2025-05-13T08:00:00Z,SUIUSDT,0.0001
2025-05-13T16:00:00Z,SUIUSDT,0.0001
2025-05-14T00:00:00Z,SUIUSDT,0.0001
2025-05-14T08:00:00Z,SUIUSDT,0.00005132
2025-05-14T16:00:00Z,SUIUSDT,0.0001
2025-05-15T00:00:00Z,SUIUSDT,0.0001
2025-05-15T08:00:00Z,SUIUSDT,-0.00001035
2025-05-15T16:00:00Z,SUIUSDT,0.00005489
2025-05-16T00:00:00Z,SUIUSDT,0.00000559
2025-05-16T08:00:00Z,SUIUSDT,0.0000493
2025-05-16T16:00:00Z,SUIUSDT,0.00007767
2025-05-17T00:00:00Z,SUIUSDT,0.0000285
2025-05-17T08:00:00Z,SUIUSDT,0.00009737
2025-05-17T16:00:00Z,SUIUSDT,0.0001
2025-05-18T00:00:00Z,SUIUSDT,-0.00005
2025-05-18T08:00:00Z,SUIUSDT,0.00007028
2025-05-18T16:00:00Z,SUIUSDT,0.0000409
2025-05-19T00:00:00Z,SUIUSDT,-0.00000968
2025-05-19T08:00:00Z,SUIUSDT,-0.00004494
2025-05-19T16:00:00Z,SUIUSDT,-0.00006823
2025-05-20T00:00:00Z,SUIUSDT,0.00009503
2025-05-20T08:00:00Z,SUIUSDT,0.0001
2025-05-20T16:00:00Z,SUIUSDT,0.0001
2025-05-21T00:00:00Z,SUIUSDT,0.0001
2025-05-21T08:00:00Z,SUIUSDT,0.0001
2025-05-21T16:00:00Z,SUIUSDT,0.0001
2025-05-22T00:00:00Z,SUIUSDT,0.00003728
2025-05-22T08:00:00Z,SUIUSDT,0.0001
2025-05-22T16:00:00Z,SUIUSDT,0.0001
2025-05-23T00:00:00Z,SUIUSDT,0.0001
2025-05-23T08:00:00Z,SUIUSDT,0.0001
2025-05-23T16:00:00Z,SUIUSDT,0.0001
2025-05-24T00:00:00Z,SUIUSDT,0.0001
2025-05-24T08:00:00Z,SUIUSDT,0.0001
2025-05-24T16:00:00Z,SUIUSDT,0.0001
2025-05-25T00:00:00Z,SUIUSDT,0.0001
2025-05-25T08:00:00Z,SUIUSDT,0.0001
2025-05-25T16:00:00Z,SUIUSDT,0.0001
2025-05-26T00:00:00Z,SUIUSDT,0.0001
2025-05-26T08:00:00Z,SUIUSDT,0.0001
2025-05-26T16:00:00Z,SUIUSDT,0.0001
2025-05-27T00:00:00Z,SUIUSDT,0.0001
2025-05-27T08:00:00Z,SUIUSDT,0.0001
2025-05-27T16:00:00Z,SUIUSDT,0.0001
2025-05-28T00:00:00Z,SUIUSDT,0.0001
2025-05-28T08:00:00Z,SUIUSDT,0.0001
2025-05-28T16:00:00Z,SUIUSDT,0.0001
2025-05-29T00:00:00Z,SUIUSDT,0.0001
2025-05-29T08:00:00Z,SUIUSDT,0.0001
2025-05-29T16:00:00Z,SUIUSDT,0.0001
2025-05-30T00:00:00Z,SUIUSDT,0.0001
2025-05-30T08:00:00Z,SUIUSDT,0.00008489
2025-05-30T16:00:00Z,SUIUSDT,0.0001
2025-05-31T00:00:00Z,SUIUSDT,0.0001
2025-05-31T08:00:00Z,SUIUSDT,0.0001
2025-05-31T16:00:00Z,SUIUSDT,0.00008451
2025-06-01T00:00:00Z,SUIUSDT,0.0001
2025-06-01T08:00:00Z,SUIUSDT,0.0001
2025-06-01T16:00:00Z,SUIUSDT,0.0001
2025-06-02T00:00:00Z,SUIUSDT,0.00006829
2025-06-02T08:00:00Z,SUIUSDT,0.00008454
2025-06-02T16:00:00Z,SUIUSDT,0.0001
2025-06-03T00:00:00Z,SUIUSDT,0.0001
2025-06-03T08:00:00Z,SUIUSDT,0.00008992
2025-06-03T16:00:00Z,SUIUSDT,0.00006932
2025-06-04T00:00:00Z,SUIUSDT,0.0000245
2025-06-04T08:00:00Z,SUIUSDT,0.00005182
2025-06-04T16:00:00Z,SUIUSDT,0.00002193
2025-06-05T00:00:00Z,SUIUSDT,0.0001
2025-06-05T08:00:00Z,SUIUSDT,0.00004779
2025-06-05T16:00:00Z,SUIUSDT,0.0001
2025-06-06T00:00:00Z,SUIUSDT,0.0001
2025-06-06T08:00:00Z,SUIUSDT,-0.0000002
2025-06-06T16:00:00Z,SUIUSDT,0.00000093
2025-06-07T00:00:00Z,SUIUSDT,-0.00004032
2025-06-07T08:00:00Z,SUIUSDT,-0.00004436
2025-06-07T16:00:00Z,SUIUSDT,-0.00001492
2025-06-08T00:00:00Z,SUIUSDT,-0.00001535
2025-06-08T08:00:00Z,SUIUSDT,0.00005222
2025-06-08T16:00:00Z,SUIUSDT,0.0001
2025-06-09T00:00:00Z,SUIUSDT,0.0001
2025-06-09T08:00:00Z,SUIUSDT,0.0000586
2025-06-09T16:00:00Z,SUIUSDT,0.0001
2025-06-10T00:00:00Z,SUIUSDT,0.00008842
2025-06-10T08:00:00Z,SUIUSDT,0.0001
2025-06-10T16:00:00Z,SUIUSDT,0.00003031
2025-06-11T00:00:00Z,SUIUSDT,0.00005191
2025-06-11T08:00:00Z,SUIUSDT,0.0001
2025-06-11T16:00:00Z,SUIUSDT,0.0001
2025-06-12T00:00:00Z,SUIUSDT,0.0001
2025-06-12T08:00:00Z,SUIUSDT,0.0001
2025-06-12T16:00:00Z,SUIUSDT,0.00005118
2025-06-13T00:00:00Z,SUIUSDT,0.00004819
2025-06-13T08:00:00Z,SUIUSDT,0.00007308
2025-06-13T16:00:00Z,SUIUSDT,0.00005708
2025-06-14T00:00:00Z,SUIUSDT,-0.00003497
2025-06-14T08:00:00Z,SUIUSDT,-0.00001202
2025-06-14T16:00:00Z,SUIUSDT,0.00005355
2025-06-15T00:00:00Z,SUIUSDT,-0.00000354
2025-06-15T08:00:00Z,SUIUSDT,0.0000751
2025-06-15T16:00:00Z,SUIUSDT,-0.0000099
2025-06-16T00:00:00Z,SUIUSDT,0.00004073
2025-06-16T08:00:00Z,SUIUSDT,0.00003578
2025-06-16T16:00:00Z,SUIUSDT,0.0001
2025-06-17T00:00:00Z,SUIUSDT,0.00009987
2025-06-17T08:00:00Z,SUIUSDT,0.0001
2025-06-17T16:00:00Z,SUIUSDT,0.0001
2025-06-18T00:00:00Z,SUIUSDT,0.0001
2025-06-18T08:00:00Z,SUIUSDT,0.00006987
2025-06-18T16:00:00Z,SUIUSDT,0.0001
2025-06-19T00:00:00Z,SUIUSDT,0.0001
2025-06-19T08:00:00Z,SUIUSDT,0.0001
2025-06-19T16:00:00Z,SUIUSDT,0.0001
2025-06-20T00:00:00Z,SUIUSDT,0.00000982
2025-06-20T08:00:00Z,SUIUSDT,0.00009653
2025-06-20T16:00:00Z,SUIUSDT,0.00008357
2025-06-21T00:00:00Z,SUIUSDT,0.0001
2025-06-21T08:00:00Z,SUIUSDT,0.0001
2025-06-21T16:00:00Z,SUIUSDT,0.0001
2025-06-22T00:00:00Z,SUIUSDT,0.0001
2025-06-22T08:00:00Z,SUIUSDT,0.00002974
2025-06-22T16:00:00Z,SUIUSDT,0.0001
2025-06-23T00:00:00Z,SUIUSDT,0.0001
2025-06-23T08:00:00Z,SUIUSDT,0.00000679
2025-06-23T16:00:00Z,SUIUSDT,0.00000833
2025-06-24T00:00:00Z,SUIUSDT,-0.00002943
2025-06-24T08:00:00Z,SUIUSDT,0.00003609
2025-06-24T16:00:00Z,SUIUSDT,-0.00003449
2025-06-25T00:00:00Z,SUIUSDT,-0.00003631
2025-06-25T08:00:00Z,SUIUSDT,0.00006058
2025-06-25T16:00:00Z,SUIUSDT,-0.00000499
2025-06-26T00:00:00Z,SUIUSDT,0.0001
2025-06-26T08:00:00Z,SUIUSDT,0.0000492
2025-06-26T16:00:00Z,SUIUSDT,0.0001
2025-06-27T00:00:00Z,SUIUSDT,0.00006097
2025-06-27T08:00:00Z,SUIUSDT,0.00002765
2025-06-27T16:00:00Z,SUIUSDT,0.00006293
2025-06-28T00:00:00Z,SUIUSDT,-0.00001319
2025-06-28T08:00:00Z,SUIUSDT,-0.00001683
2025-06-28T16:00:00Z,SUIUSDT,0.00000752
2025-06-29T00:00:00Z,SUIUSDT,0.00005341
2025-06-29T08:00:00Z,SUIUSDT,-0.00003057
2025-06-29T16:00:00Z,SUIUSDT,0.00004896
2025-06-30T00:00:00Z,SUIUSDT,0.0001
2025-06-30T08:00:00Z,SUIUSDT,-0.00000591
2025-06-30T16:00:00Z,SUIUSDT,-0.00001415
2025-07-01T00:00:00Z,SUIUSDT,0.00008379
2025-07-01T08:00:00Z,SUIUSDT,0.00003179
2025-07-01T16:00:00Z,SUIUSDT,-0.0000594
2025-07-02T00:00:00Z,SUIUSDT,-0.00002746
2025-07-02T08:00:00Z,SUIUSDT,-0.00003295
2025-07-02T16:00:00Z,SUIUSDT,0.0000145
2025-07-03T00:00:00Z,SUIUSDT,0.0001
2025-07-03T08:00:00Z,SUIUSDT,0.0001
2025-07-03T16:00:00Z,SUIUSDT,0.00006596
2025-07-04T00:00:00Z,SUIUSDT,0.0000798
2025-07-04T08:00:00Z,SUIUSDT,0.00000295
2025-07-04T16:00:00Z,SUIUSDT,0.00000869
2025-07-05T00:00:00Z,SUIUSDT,-0.00001855
2025-07-05T08:00:00Z,SUIUSDT,0.00002691
2025-07-05T16:00:00Z,SUIUSDT,-0.00003832
2025-07-06T00:00:00Z,SUIUSDT,-0.00001744
2025-07-06T08:00:00Z,SUIUSDT,-0.00005561
2025-07-06T16:00:00Z,SUIUSDT,0.00002142
2025-07-07T00:00:00Z,SUIUSDT,0.00004298
2025-07-07T08:00:00Z,SUIUSDT,0.00003551
2025-07-07T16:00:00Z,SUIUSDT,0.00000907
2025-07-08T00:00:00Z,SUIUSDT,0.00002093
2025-07-08T08:00:00Z,SUIUSDT,-0.00005346
2025-07-08T16:00:00Z,SUIUSDT,0.00004495
2025-07-09T00:00:00Z,SUIUSDT,0.00002965
2025-07-09T08:00:00Z,SUIUSDT,0.0001
2025-07-09T16:00:00Z,SUIUSDT,-0.00000127
2025-07-10T00:00:00Z,SUIUSDT,0.00007613
2025-07-10T08:00:00Z,SUIUSDT,0.0001
2025-07-10T16:00:00Z,SUIUSDT,0.0001
2025-07-11T00:00:00Z,SUIUSDT,0.0001
2025-07-11T08:00:00Z,SUIUSDT,0.0001
2025-07-11T16:00:00Z,SUIUSDT,0.0001
2025-07-12T00:00:00Z,SUIUSDT,0.0001
2025-07-12T08:00:00Z,SUIUSDT,0.0001
2025-07-12T16:00:00Z,SUIUSDT,0.0001
2025-07-13T00:00:00Z,SUIUSDT,0.0001
2025-07-13T08:00:00Z,SUIUSDT,0.0001
2025-07-13T16:00:00Z,SUIUSDT,0.0001
2025-07-14T00:00:00Z,SUIUSDT,0.0001
2025-07-14T08:00:00Z,SUIUSDT,0.0001
2025-07-14T16:00:00Z,SUIUSDT,0.0001
2025-07-15T00:00:00Z,SUIUSDT,0.0001
2025-07-15T08:00:00Z,SUIUSDT,0.0001
2025-07-15T16:00:00Z,SUIUSDT,0.0001
2025-07-16T00:00:00Z,SUIUSDT,0.0001
2025-07-16T08:00:00Z,SUIUSDT,0.0001
2025-07-16T16:00:00Z,SUIUSDT,0.0001
2025-07-17T00:00:00Z,SUIUSDT,0.0001
2025-07-17T08:00:00Z,SUIUSDT,0.0001
2025-07-17T16:00:00Z,SUIUSDT,0.0001
2025-07-18T00:00:00Z,SUIUSDT,0.00015043
2025-07-18T08:00:00Z,SUIUSDT,0.00024736
2025-07-18T16:00:00Z,SUIUSDT,0.0001
2025-07-19T00:00:00Z,SUIUSDT,0.0001
2025-07-19T08:00:00Z,SUIUSDT,0.0001
2025-07-19T16:00:00Z,SUIUSDT,0.0001
2025-07-20T00:00:00Z,SUIUSDT,0.0001
2025-07-20T08:00:00Z,SUIUSDT,0.0001
2025-07-20T16:00:00Z,SUIUSDT,0.0001
2025-07-21T00:00:00Z,SUIUSDT,0.0001
2025-07-21T08:00:00Z,SUIUSDT,0.00012788
2025-07-21T16:00:00Z,SUIUSDT,0.00029777
2025-07-22T00:00:00Z,SUIUSDT,0.0001
2025-07-22T08:00:00Z,SUIUSDT,0.0001
2025-07-22T16:00:00Z,SUIUSDT,0.0001
2025-07-23T00:00:00Z,SUIUSDT,0.00020327
2025-07-23T08:00:00Z,SUIUSDT,0.0001
2025-07-23T16:00:00Z,SUIUSDT,0.0001
2025-07-24T00:00:00Z,SUIUSDT,0.0001
2025-07-24T08:00:00Z,SUIUSDT,0.0001
2025-07-24T16:00:00Z,SUIUSDT,0.0001
2025-07-25T00:00:00Z,SUIUSDT,0.0001
2025-07-25T08:00:00Z,SUIUSDT,0.0001
2025-07-25T16:00:00Z,SUIUSDT,0.0001
2025-07-26T00:00:00Z,SUIUSDT,0.0001
2025-07-26T08:00:00Z,SUIUSDT,0.0001
2025-07-26T16:00:00Z,SUIUSDT,0.0001
2025-07-27T00:00:00Z,SUIUSDT,0.00010646
2025-07-27T08:00:00Z,SUIUSDT,0.0001
2025-07-27T16:00:00Z,SUIUSDT,0.0001
2025-07-28T00:00:00Z,SUIUSDT,0.0001
2025-07-28T08:00:00Z,SUIUSDT,0.0001
2025-07-28T16:00:00Z,SUIUSDT,0.0001
2025-07-29T00:00:00Z,SUIUSDT,0.0001
2025-07-29T08:00:00Z,SUIUSDT,0.0001
2025-07-29T16:00:00Z,SUIUSDT,0.00003341
2025-07-30T00:00:00Z,SUIUSDT,0.00007998
2025-07-30T08:00:00Z,SUIUSDT,0.0001
2025-07-30T16:00:00Z,SUIUSDT,0.00004915
2025-07-31T00:00:00Z,SUIUSDT,0.0001
2025-07-31T08:00:00Z,SUIUSDT,0.0001
2025-07-31T16:00:00Z,SUIUSDT,0.0001
2025-08-01T00:00:00Z,SUIUSDT,0.00002917
2025-08-01T08:00:00Z,SUIUSDT,-0.00003743
2025-08-01T16:00:00Z,SUIUSDT,-0.00000961
2025-08-02T00:00:00Z,SUIUSDT,-0.00002799
2025-08-02T08:00:00Z,SUIUSDT,0.00005758
2025-08-02T16:00:00Z,SUIUSDT,0.00008134
2025-08-03T00:00:00Z,SUIUSDT,0.0001
2025-08-03T08:00:00Z,SUIUSDT,-0.00000518
2025-08-03T16:00:00Z,SUIUSDT,0.0001
2025-08-04T00:00:00Z,SUIUSDT,0.00004629
2025-08-04T08:00:00Z,SUIUSDT,0.00000876
2025-08-04T16:00:00Z,SUIUSDT,0.00006404
2025-08-05T00:00:00Z,SUIUSDT,0.00008596
2025-08-05T08:00:00Z,SUIUSDT,0.00003267
2025-08-05T16:00:00Z,SUIUSDT,0.00007099
2025-08-06T00:00:00Z,SUIUSDT,0.00004435
2025-08-06T08:00:00Z,SUIUSDT,0.00004805
2025-08-06T16:00:00Z,SUIUSDT,0.0001
2025-08-07T00:00:00Z,SUIUSDT,0.0001
2025-08-07T08:00:00Z,SUIUSDT,0.0001
2025-08-07T16:00:00Z,SUIUSDT,0.0001
2025-08-08T00:00:00Z,SUIUSDT,0.0001
2025-08-08T08:00:00Z,SUIUSDT,0.0001
2025-08-08T16:00:00Z,SUIUSDT,0.00007255
2025-08-09T00:00:00Z,SUIUSDT,0.0001
2025-08-09T08:00:00Z,SUIUSDT,0.0001
2025-08-09T16:00:00Z,SUIUSDT,0.0001
2025-08-10T00:00:00Z,SUIUSDT,0.0001
2025-08-10T08:00:00Z,SUIUSDT,0.0001
2025-08-10T16:00:00Z,SUIUSDT,0.0001
2025-08-11T00:00:00Z,SUIUSDT,0.0001
2025-08-11T08:00:00Z,SUIUSDT,0.0001
2025-08-11T16:00:00Z,SUIUSDT,-0.00001166
2025-08-12T00:00:00Z,SUIUSDT,0.00001567
2025-08-12T08:00:00Z,SUIUSDT,-0.00001341
2025-08-12T16:00:00Z,SUIUSDT,0.00003168
2025-08-13T00:00:00Z,SUIUSDT,0.0001
2025-08-13T08:00:00Z,SUIUSDT,0.0001
2025-08-13T16:00:00Z,SUIUSDT,0.0001
2025-08-14T00:00:00Z,SUIUSDT,0.0001
2025-08-14T08:00:00Z,SUIUSDT,0.0001
2025-08-14T16:00:00Z,SUIUSDT,0.0001
2025-08-15T00:00:00Z,SUIUSDT,0.00007805
2025-08-15T08:00:00Z,SUIUSDT,0.0001
2025-08-15T16:00:00Z,SUIUSDT,0.00009041
2025-08-16T00:00:00Z,SUIUSDT,0.00004289
2025-08-16T08:00:00Z,SUIUSDT,0.00001462
2025-08-16T16:00:00Z,SUIUSDT,0.0001
2025-08-17T00:00:00Z,SUIUSDT,0.0001
2025-08-17T08:00:00Z,SUIUSDT,0.0001
2025-08-17T16:00:00Z,SUIUSDT,0.0001
2025-08-18T00:00:00Z,SUIUSDT,0.0001
2025-08-18T08:00:00Z,SUIUSDT,-0.00002824
2025-08-18T16:00:00Z,SUIUSDT,0.00001069
2025-08-19T00:00:00Z,SUIUSDT,-0.00003836
2025-08-19T08:00:00Z,SUIUSDT,-0.00001948
2025-08-19T16:00:00Z,SUIUSDT,-0.00002798
2025-08-20T00:00:00Z,SUIUSDT,-0.00002588
2025-08-20T08:00:00Z,SUIUSDT,-0.00002293
2025-08-20T16:00:00Z,SUIUSDT,0.0001
2025-08-21T00:00:00Z,SUIUSDT,0.0001
2025-08-21T08:00:00Z,SUIUSDT,0.0001
2025-08-21T16:00:00Z,SUIUSDT,-0.00001418
2025-08-22T00:00:00Z,SUIUSDT,0.00002159
2025-08-22T08:00:00Z,SUIUSDT,0.00000518
2025-08-22T16:00:00Z,SUIUSDT,0.0001
2025-08-23T00:00:00Z,SUIUSDT,0.0001
2025-08-23T08:00:00Z,SUIUSDT,0.0001
2025-08-23T16:00:00Z,SUIUSDT,0.0001
2025-08-24T00:00:00Z,SUIUSDT,0.0001
2025-08-24T08:00:00Z,SUIUSDT,0.0001
2025-08-24T16:00:00Z,SUIUSDT,0.0001
2025-08-25T00:00:00Z,SUIUSDT,0.0001
2025-08-25T08:00:00Z,SUIUSDT,0.0001
2025-08-25T16:00:00Z,SUIUSDT,0.00004318
2025-08-26T00:00:00Z,SUIUSDT,0.00007157
2025-08-26T08:00:00Z,SUIUSDT,0.0001
2025-08-26T16:00:00Z,SUIUSDT,0.0001
2025-08-27T00:00:00Z,SUIUSDT,0.0001
2025-08-27T08:00:00Z,SUIUSDT,0.0000466
2025-08-27T16:00:00Z,SUIUSDT,0.00007188
2025-08-28T00:00:00Z,SUIUSDT,0.0001
2025-08-28T08:00:00Z,SUIUSDT,0.0001
2025-08-28T16:00:00Z,SUIUSDT,0.0001
2025-08-29T00:00:00Z,SUIUSDT,0.0001
2025-08-29T08:00:00Z,SUIUSDT,0.0001
2025-08-29T16:00:00Z,SUIUSDT,0.00005335
2025-08-30T00:00:00Z,SUIUSDT,0.00001915
2025-08-30T08:00:00Z,SUIUSDT,0.0001
2025-08-30T16:00:00Z,SUIUSDT,0.0001
2025-08-31T00:00:00Z,SUIUSDT,0.0001
2025-08-31T08:00:00Z,SUIUSDT,0.0001
2025-08-31T16:00:00Z,SUIUSDT,0.00004009
2025-09-01T00:00:00Z,SUIUSDT,0.00000525
2025-09-01T08:00:00Z,SUIUSDT,0.0001
2025-09-01T16:00:00Z,SUIUSDT,0.0001
2025-09-02T00:00:00Z,SUIUSDT,0.0001
2025-09-02T08:00:00Z,SUIUSDT,0.0001
2025-09-02T16:00:00Z,SUIUSDT,0.0001
2025-09-03T00:00:00Z,SUIUSDT,0.0001
2025-09-03T08:00:00Z,SUIUSDT,0.0001
2025-09-03T16:00:00Z,SUIUSDT,0.0001
2025-09-04T00:00:00Z,SUIUSDT,0.0001
2025-09-04T08:00:00Z,SUIUSDT,0.00009248
2025-09-04T16:00:00Z,SUIUSDT,0.00006183
2025-09-05T00:00:00Z,SUIUSDT,-0.00002408
2025-09-05T08:00:00Z,SUIUSDT,0.00004541
2025-09-05T16:00:00Z,SUIUSDT,0.00008454
2025-09-06T00:00:00Z,SUIUSDT,0.00003403
2025-09-06T08:00:00Z,SUIUSDT,0.00004289
2025-09-06T16:00:00Z,SUIUSDT,0.00009171
2025-09-07T00:00:00Z,SUIUSDT,0.00009318
2025-09-07T08:00:00Z,SUIUSDT,0.0001
2025-09-07T16:00:00Z,SUIUSDT,0.0001
2025-09-08T00:00:00Z,SUIUSDT,0.00007397
2025-09-08T08:00:00Z,SUIUSDT,0.0001
2025-09-08T16:00:00Z,SUIUSDT,0.0001
2025-09-09T00:00:00Z,SUIUSDT,0.0001
2025-09-09T08:00:00Z,SUIUSDT,0.0001
2025-09-09T16:00:00Z,SUIUSDT,0.0001
2025-09-10T00:00:00Z,SUIUSDT,0.0001
2025-09-10T08:00:00Z,SUIUSDT,0.0001
2025-09-10T16:00:00Z,SUIUSDT,0.0001
2025-09-11T00:00:00Z,SUIUSDT,0.0001
2025-09-11T08:00:00Z,SUIUSDT,0.0001
2025-09-11T16:00:00Z,SUIUSDT,0.0001
2025-09-12T00:00:00Z,SUIUSDT,0.0001
2025-09-12T08:00:00Z,SUIUSDT,0.0001
2025-09-12T16:00:00Z,SUIUSDT,0.0001
2025-09-13T00:00:00Z,SUIUSDT,0.0001
2025-09-13T08:00:00Z,SUIUSDT,0.0001
2025-09-13T16:00:00Z,SUIUSDT,0.0001
2025-09-14T00:00:00Z,SUIUSDT,0.0001
2025-09-14T08:00:00Z,SUIUSDT,0.0001
2025-09-14T16:00:00Z,SUIUSDT,0.0001
2025-09-15T00:00:00Z,SUIUSDT,0.0001
2025-09-15T08:00:00Z,SUIUSDT,0.00004002
2025-09-15T16:00:00Z,SUIUSDT,0.00003966
2025-09-16T00:00:00Z,SUIUSDT,0.00008743
2025-09-16T08:00:00Z,SUIUSDT,0.0001
2025-09-16T16:00:00Z,SUIUSDT,0.00008791
2025-09-17T00:00:00Z,SUIUSDT,0.00002678
2025-09-17T08:00:00Z,SUIUSDT,0.00004351
2025-09-17T16:00:00Z,SUIUSDT,0.0001
2025-09-18T00:00:00Z,SUIUSDT,0.0001
2025-09-18T08:00:00Z,SUIUSDT,0.0001
2025-09-18T16:00:00Z,SUIUSDT,0.0001
2025-09-19T00:00:00Z,SUIUSDT,0.0001
2025-09-19T08:00:00Z,SUIUSDT,0.0001
2025-09-19T16:00:00Z,SUIUSDT,0.0001
2025-09-20T00:00:00Z,SUIUSDT,0.0001
2025-09-20T08:00:00Z,SUIUSDT,0.0001
2025-09-20T16:00:00Z,SUIUSDT,0.0001
2025-09-21T00:00:00Z,SUIUSDT,0.0001
2025-09-21T08:00:00Z,SUIUSDT,0.0001
2025-09-21T16:00:00Z,SUIUSDT,0.0001
2025-09-22T00:00:00Z,SUIUSDT,0.0001
2025-09-22T08:00:00Z,SUIUSDT,0.00002421
2025-09-22T16:00:00Z,SUIUSDT,0.00008867
2025-09-23T00:00:00Z,SUIUSDT,0.00005177
2025-09-23T08:00:00Z,SUIUSDT,0.00005484
2025-09-23T16:00:00Z,SUIUSDT,0.00008986
2025-09-24T00:00:00Z,SUIUSDT,0.00004982
2025-09-24T08:00:00Z,SUIUSDT,0.0001
2025-09-24T16:00:00Z,SUIUSDT,0.0001
2025-09-25T00:00:00Z,SUIUSDT,0.00007765
2025-09-25T08:00:00Z,SUIUSDT,0.00002791
2025-09-25T16:00:00Z,SUIUSDT,0.00003483
2025-09-26T00:00:00Z,SUIUSDT,0.00005493
2025-09-26T08:00:00Z,SUIUSDT,0.00009931
2025-09-26T16:00:00Z,SUIUSDT,0.00003128
2025-09-27T00:00:00Z,SUIUSDT,0.0001
2025-09-27T08:00:00Z,SUIUSDT,0.00009254
2025-09-27T16:00:00Z,SUIUSDT,0.0001
2025-09-28T00:00:00Z,SUIUSDT,0.0001
2025-09-28T08:00:00Z,SUIUSDT,0.00004641
2025-09-28T16:00:00Z,SUIUSDT,-0.00000707
2025-09-29T00:00:00Z,SUIUSDT,0.0001
2025-09-29T08:00:00Z,SUIUSDT,0.0001
2025-09-29T16:00:00Z,SUIUSDT,-0.00001762
2025-09-30T00:00:00Z,SUIUSDT,0.0001
2025-09-30T08:00:00Z,SUIUSDT,0.0001
2025-09-30T16:00:00Z,SUIUSDT,0.0001
2025-10-01T00:00:00Z,SUIUSDT,0.0001
2025-10-01T08:00:00Z,SUIUSDT,0.0001
2025-10-01T16:00:00Z,SUIUSDT,0.0001
2025-10-02T00:00:00Z,SUIUSDT,0.0001
2025-10-02T08:00:00Z,SUIUSDT,0.0001
2025-10-02T16:00:00Z,SUIUSDT,0.0001
2025-10-03T00:00:00Z,SUIUSDT,0.00009687
2025-10-03T08:00:00Z,SUIUSDT,0.0001
2025-10-03T16:00:00Z,SUIUSDT,0.0001
2025-10-04T00:00:00Z,SUIUSDT,0.0001
2025-10-04T08:00:00Z,SUIUSDT,0.00001048
2025-10-04T16:00:00Z,SUIUSDT,0.0001
2025-10-05T00:00:00Z,SUIUSDT,0.0001
2025-10-05T08:00:00Z,SUIUSDT,0.0001
2025-10-05T16:00:00Z,SUIUSDT,0.0001
2025-10-06T00:00:00Z,SUIUSDT,0.0001
2025-10-06T08:00:00Z,SUIUSDT,0.0001
2025-10-06T16:00:00Z,SUIUSDT,0.0001
2025-10-07T00:00:00Z,SUIUSDT,0.0001
2025-10-07T08:00:00Z,SUIUSDT,0.0001
2025-10-07T16:00:00Z,SUIUSDT,0.0001
2025-10-08T00:00:00Z,SUIUSDT,0.0001
2025-10-08T08:00:00Z,SUIUSDT,0.0001
2025-10-08T16:00:00Z,SUIUSDT,0.0001
2025-10-09T00:00:00Z,SUIUSDT,0.0001
2025-10-09T08:00:00Z,SUIUSDT,0.0001
2025-10-09T16:00:00Z,SUIUSDT,0.0001
2025-10-10T00:00:00Z,SUIUSDT,0.0001
2025-10-10T08:00:00Z,SUIUSDT,0.0001
2025-10-10T16:00:00Z,SUIUSDT,0.0001
2025-10-11T00:00:00Z,SUIUSDT,-0.00513092
2025-10-11T08:00:00Z,SUIUSDT,-0.00002055
2025-10-11T16:00:00Z,SUIUSDT,0.0001
2025-10-12T00:00:00Z,SUIUSDT,0.0001
2025-10-12T08:00:00Z,SUIUSDT,-0.00007422
2025-10-12T16:00:00Z,SUIUSDT,-0.00005377
2025-10-13T00:00:00Z,SUIUSDT,-0.0000467
2025-10-13T08:00:00Z,SUIUSDT,-0.00009272
2025-10-13T16:00:00Z,SUIUSDT,0.00007539
2025-10-14T00:00:00Z,SUIUSDT,-0.00000183
2025-10-14T08:00:00Z,SUIUSDT,0.0001
2025-10-14T16:00:00Z,SUIUSDT,0.00003738
2025-10-15T00:00:00Z,SUIUSDT,0.00009069
2025-10-15T08:00:00Z,SUIUSDT,0.0000874
2025-10-15T16:00:00Z,SUIUSDT,0.00004977
2025-10-16T00:00:00Z,SUIUSDT,0.00002911
2025-10-16T08:00:00Z,SUIUSDT,-0.00006484
2025-10-16T16:00:00Z,SUIUSDT,0.00008121
2025-10-17T00:00:00Z,SUIUSDT,0.0001
2025-10-17T08:00:00Z,SUIUSDT,0.00002888
2025-10-17T16:00:00Z,SUIUSDT,0.00006826
2025-10-18T00:00:00Z,SUIUSDT,-0.00000275
2025-10-18T08:00:00Z,SUIUSDT,-0.00003904
2025-10-18T16:00:00Z,SUIUSDT,-0.00004257
2025-10-19T00:00:00Z,SUIUSDT,0.0000333
2025-10-19T08:00:00Z,SUIUSDT,0.00001571
2025-10-19T16:00:00Z,SUIUSDT,-0.00002893
2025-10-20T00:00:00Z,SUIUSDT,0.0001
2025-10-20T08:00:00Z,SUIUSDT,-0.00012584
2025-10-20T16:00:00Z,SUIUSDT,-0.00005455
2025-10-21T00:00:00Z,SUIUSDT,0.00009398
2025-10-21T08:00:00Z,SUIUSDT,0.00005477
2025-10-21T16:00:00Z,SUIUSDT,0.0001
2025-10-22T00:00:00Z,SUIUSDT,-0.00000655
2025-10-22T08:00:00Z,SUIUSDT,-0.00010165
2025-10-22T16:00:00Z,SUIUSDT,0.00004813
2025-10-23T00:00:00Z,SUIUSDT,0.0001
2025-10-23T08:00:00Z,SUIUSDT,0.0001
2025-10-23T16:00:00Z,SUIUSDT,0.00006869
2025-10-24T00:00:00Z,SUIUSDT,0.0001
2025-10-24T08:00:00Z,SUIUSDT,0.0001
2025-10-24T16:00:00Z,SUIUSDT,0.0001
2025-10-25T00:00:00Z,SUIUSDT,0.0001
2025-10-25T08:00:00Z,SUIUSDT,-0.00000057
2025-10-25T16:00:00Z,SUIUSDT,0.00008524
2025-10-26T00:00:00Z,SUIUSDT,0.0001
2025-10-26T08:00:00Z,SUIUSDT,0.00006441
2025-10-26T16:00:00Z,SUIUSDT,0.0001
2025-10-27T00:00:00Z,SUIUSDT,0.0001
2025-10-27T08:00:00Z,SUIUSDT,0.00009325
2025-10-27T16:00:00Z,SUIUSDT,0.00004643
2025-10-28T00:00:00Z,SUIUSDT,0.0001
2025-10-28T08:00:00Z,SUIUSDT,0.00003139
2025-10-28T16:00:00Z,SUIUSDT,0.00002607
2025-10-29T00:00:00Z,SUIUSDT,-0.00009008
2025-10-29T08:00:00Z,SUIUSDT,-0.00007129
2025-10-29T16:00:00Z,SUIUSDT,0.0001
2025-10-30T00:00:00Z,SUIUSDT,0.00005523
2025-10-30T08:00:00Z,SUIUSDT,0.00001162
2025-10-30T16:00:00Z,SUIUSDT,-0.00007066
2025-10-31T00:00:00Z,SUIUSDT,-0.00010626
2025-10-31T08:00:00Z,SUIUSDT,0.00004627
2025-10-31T16:00:00Z,SUIUSDT,0.00007755
2025-11-01T00:00:00Z,SUIUSDT,0.0001
2025-11-01T08:00:00Z,SUIUSDT,0.0001
2025-11-01T16:00:00Z,SUIUSDT,0.00005821
2025-11-02T00:00:00Z,SUIUSDT,0.0001
2025-11-02T08:00:00Z,SUIUSDT,0.00006298
2025-11-02T16:00:00Z,SUIUSDT,0.00000286
2025-11-03T00:00:00Z,SUIUSDT,0.0001
2025-11-03T08:00:00Z,SUIUSDT,-0.00004715
2025-11-03T16:00:00Z,SUIUSDT,0.00000494
2025-11-04T00:00:00Z,SUIUSDT,0.00002724
2025-11-04T08:00:00Z,SUIUSDT,0.0001
2025-11-04T16:00:00Z,SUIUSDT,0.0001
2025-11-05T00:00:00Z,SUIUSDT,0.0001
2025-11-05T08:00:00Z,SUIUSDT,0.0001
2025-11-05T16:00:00Z,SUIUSDT,0.00000454
2025-11-06T00:00:00Z,SUIUSDT,0.00007796
2025-11-06T08:00:00Z,SUIUSDT,0.0001
2025-11-06T16:00:00Z,SUIUSDT,0.00008968
2025-11-07T00:00:00Z,SUIUSDT,0.000079
2025-11-07T08:00:00Z,SUIUSDT,0.00007973
2025-11-07T16:00:00Z,SUIUSDT,0.0001
2025-11-08T00:00:00Z,SUIUSDT,0.0001
2025-11-08T08:00:00Z,SUIUSDT,0.0001
2025-11-08T16:00:00Z,SUIUSDT,0.00008092
2025-11-09T00:00:00Z,SUIUSDT,0.00006278
2025-11-09T08:00:00Z,SUIUSDT,0.0001
2025-11-09T16:00:00Z,SUIUSDT,0.0001
2025-11-10T00:00:00Z,SUIUSDT,0.0001
2025-11-10T08:00:00Z,SUIUSDT,0.0001
2025-11-10T16:00:00Z,SUIUSDT,0.0001
2025-11-11T00:00:00Z,SUIUSDT,0.0001
2025-11-11T08:00:00Z,SUIUSDT,0.00007858
2025-11-11T16:00:00Z,SUIUSDT,0.00003715
2025-11-12T00:00:00Z,SUIUSDT,0.00005728
2025-11-12T08:00:00Z,SUIUSDT,-0.00004541
2025-11-12T16:00:00Z,SUIUSDT,0.0001
2025-11-13T00:00:00Z,SUIUSDT,0.00003998
2025-11-13T08:00:00Z,SUIUSDT,0.00004985
2025-11-13T16:00:00Z,SUIUSDT,0.0001
2025-11-14T00:00:00Z,SUIUSDT,-0.00003668
2025-11-14T08:00:00Z,SUIUSDT,0.00000348
2025-11-14T16:00:00Z,SUIUSDT,0.00009794
2025-11-15T00:00:00Z,SUIUSDT,0.00006719
2025-11-15T08:00:00Z,SUIUSDT,0.0001
2025-11-15T16:00:00Z,SUIUSDT,0.00009577
2025-11-16T00:00:00Z,SUIUSDT,0.00004688
2025-11-16T08:00:00Z,SUIUSDT,0.00004437
2025-11-16T16:00:00Z,SUIUSDT,0.00004355
2025-11-17T00:00:00Z,SUIUSDT,0.0001
2025-11-17T08:00:00Z,SUIUSDT,0.0001
2025-11-17T16:00:00Z,SUIUSDT,0.0001
2025-11-18T00:00:00Z,SUIUSDT,0.0001
2025-11-18T08:00:00Z,SUIUSDT,0.0001
2025-11-18T16:00:00Z,SUIUSDT,0.0001
2025-11-19T00:00:00Z,SUIUSDT,0.0001
2025-11-19T08:00:00Z,SUIUSDT,0.00000253
2025-11-19T16:00:00Z,SUIUSDT,0.00009236
2025-11-20T00:00:00Z,SUIUSDT,0.0001
2025-11-20T08:00:00Z,SUIUSDT,0.0001
2025-11-20T16:00:00Z,SUIUSDT,0.0001
2025-11-21T00:00:00Z,SUIUSDT,-0.00000264
2025-11-21T08:00:00Z,SUIUSDT,0.0001
2025-11-21T16:00:00Z,SUIUSDT,0.00009559
2025-11-22T00:00:00Z,SUIUSDT,0.00001861
2025-11-22T08:00:00Z,SUIUSDT,0.00004232
2025-11-22T16:00:00Z,SUIUSDT,0.0000224
2025-11-23T00:00:00Z,SUIUSDT,0.00006797
2025-11-23T08:00:00Z,SUIUSDT,0.00002051
2025-11-23T16:00:00Z,SUIUSDT,0.00001267
2025-11-24T00:00:00Z,SUIUSDT,0.0000154
2025-11-24T08:00:00Z,SUIUSDT,-0.00005075
2025-11-24T16:00:00Z,SUIUSDT,0.00000573
2025-11-25T00:00:00Z,SUIUSDT,-0.00002088
2025-11-25T08:00:00Z,SUIUSDT,-0.00006593
2025-11-25T16:00:00Z,SUIUSDT,-0.00004476
2025-11-26T00:00:00Z,SUIUSDT,0.00000624
2025-11-26T08:00:00Z,SUIUSDT,-0.00004744
2025-11-26T16:00:00Z,SUIUSDT,-0.00006549
2025-11-27T00:00:00Z,SUIUSDT,0.00007731
2025-11-27T08:00:00Z,SUIUSDT,-0.00000862
2025-11-27T16:00:00Z,SUIUSDT,0.0001
2025-11-28T00:00:00Z,SUIUSDT,0.00001096
2025-11-28T08:00:00Z,SUIUSDT,0.00001755
2025-11-28T16:00:00Z,SUIUSDT,0.00000955
2025-11-29T00:00:00Z,SUIUSDT,0.00001525
2025-11-29T08:00:00Z,SUIUSDT,-0.00004239
2025-11-29T16:00:00Z,SUIUSDT,0.00005386
2025-11-30T00:00:00Z,SUIUSDT,0.0000663
2025-11-30T08:00:00Z,SUIUSDT,0.00002266
2025-11-30T16:00:00Z,SUIUSDT,0.00003029
2025-12-01T00:00:00Z,SUIUSDT,0.00006224
2025-12-01T08:00:00Z,SUIUSDT,0.00001634
2025-12-01T16:00:00Z,SUIUSDT,-0.00002009
2025-12-02T00:00:00Z,SUIUSDT,-0.00006571
2025-12-02T08:00:00Z,SUIUSDT,0.00004201
2025-12-02T16:00:00Z,SUIUSDT,0.0001
2025-12-03T00:00:00Z,SUIUSDT,0.0001
2025-12-03T08:00:00Z,SUIUSDT,0.00001472
2025-12-03T16:00:00Z,SUIUSDT,0.0000403
2025-12-04T00:00:00Z,SUIUSDT,-0.00002201
2025-12-04T08:00:00Z,SUIUSDT,-0.00000965
2025-12-04T16:00:00Z,SUIUSDT,0.00008068
2025-12-05T00:00:00Z,SUIUSDT,0.0001
2025-12-05T08:00:00Z,SUIUSDT,-0.00002119
2025-12-05T16:00:00Z,SUIUSDT,0.00000198
2025-12-06T00:00:00Z,SUIUSDT,0.00001552
2025-12-06T08:00:00Z,SUIUSDT,-0.00003309
2025-12-06T16:00:00Z,SUIUSDT,-0.00005236
2025-12-07T00:00:00Z,SUIUSDT,0.00001512
2025-12-07T08:00:00Z,SUIUSDT,0.00001196
2025-12-07T16:00:00Z,SUIUSDT,-0.00000015
2025-12-08T00:00:00Z,SUIUSDT,-0.00002613
2025-12-08T08:00:00Z,SUIUSDT,-0.00003497
2025-12-08T16:00:00Z,SUIUSDT,0.00004643
2025-12-09T00:00:00Z,SUIUSDT,0.00008416
2025-12-09T08:00:00Z,SUIUSDT,0.00004297
2025-12-09T16:00:00Z,SUIUSDT,-0.00001096
2025-12-10T00:00:00Z,SUIUSDT,0.0001
2025-12-10T08:00:00Z,SUIUSDT,0.00002021
2025-12-10T16:00:00Z,SUIUSDT,0.00000236
2025-12-11T00:00:00Z,SUIUSDT,0.00006801
2025-12-11T08:00:00Z,SUIUSDT,0.00003513
2025-12-11T16:00:00Z,SUIUSDT,-0.00004394
2025-12-12T00:00:00Z,SUIUSDT,0.0001
2025-12-12T08:00:00Z,SUIUSDT,0.0001
2025-12-12T16:00:00Z,SUIUSDT,0.0001
2025-12-13T00:00:00Z,SUIUSDT,-0.00008435
2025-12-13T08:00:00Z,SUIUSDT,-0.00001531
2025-12-13T16:00:00Z,SUIUSDT,0.0001
2025-12-14T00:00:00Z,SUIUSDT,0.00009813
2025-12-14T08:00:00Z,SUIUSDT,-0.00000867
2025-12-14T16:00:00Z,SUIUSDT,0.00007369
2025-12-15T00:00:00Z,SUIUSDT,0.00002291
2025-12-15T08:00:00Z,SUIUSDT,0.00003606
2025-12-15T16:00:00Z,SUIUSDT,0.00005717
2025-12-16T00:00:00Z,SUIUSDT,-0.0000145
2025-12-16T08:00:00Z,SUIUSDT,-0.00002616
2025-12-16T16:00:00Z,SUIUSDT,0.0001
2025-12-17T00:00:00Z,SUIUSDT,0.00009211
2025-12-17T08:00:00Z,SUIUSDT,0.0001
2025-12-17T16:00:00Z,SUIUSDT,0.00006481
2025-12-18T00:00:00Z,SUIUSDT,-0.00002241
2025-12-18T08:00:00Z,SUIUSDT,-0.00001391
2025-12-18T16:00:00Z,SUIUSDT,0.00004194
2025-12-19T00:00:00Z,SUIUSDT,-0.00004081
2025-12-19T08:00:00Z,SUIUSDT,0.00003195
2025-12-19T16:00:00Z,SUIUSDT,0.0001
2025-12-20T00:00:00Z,SUIUSDT,0.0001
2025-12-20T08:00:00Z,SUIUSDT,-0.00005525
2025-12-20T16:00:00Z,SUIUSDT,0.00001083
2025-12-21T00:00:00Z,SUIUSDT,-0.00002905
2025-12-21T08:00:00Z,SUIUSDT,0.00002069
2025-12-21T16:00:00Z,SUIUSDT,-0.00006603
2025-12-22T00:00:00Z,SUIUSDT,0.00001509
2025-12-22T08:00:00Z,SUIUSDT,-0.00007494
2025-12-22T16:00:00Z,SUIUSDT,0.00003729
2025-12-23T00:00:00Z,SUIUSDT,0.00000679
2025-12-23T08:00:00Z,SUIUSDT,0.00000506
2025-12-23T16:00:00Z,SUIUSDT,-0.00002132
2025-12-24T00:00:00Z,SUIUSDT,0.00006383
2025-12-24T08:00:00Z,SUIUSDT,-0.0000423
2025-12-24T16:00:00Z,SUIUSDT,0.00005141
2025-12-25T00:00:00Z,SUIUSDT,0.0001
2025-12-25T08:00:00Z,SUIUSDT,0.0001
2025-12-25T16:00:00Z,SUIUSDT,0.0001
2025-12-26T00:00:00Z,SUIUSDT,0.00000121
2025-12-26T08:00:00Z,SUIUSDT,0.0001
2025-12-26T16:00:00Z,SUIUSDT,0.00005981
2025-12-27T00:00:00Z,SUIUSDT,0.0001
2025-12-27T08:00:00Z,SUIUSDT,0.0001
2025-12-27T16:00:00Z,SUIUSDT,0.0001
2025-12-28T00:00:00Z,SUIUSDT,0.0001
2025-12-28T08:00:00Z,SUIUSDT,0.0001
2025-12-28T16:00:00Z,SUIUSDT,0.0000368
2025-12-29T00:00:00Z,SUIUSDT,0.00001524
2025-12-29T08:00:00Z,SUIUSDT,0.0001
2025-12-29T16:00:00Z,SUIUSDT,0.00001211
2025-12-30T00:00:00Z,SUIUSDT,0.00006684
2025-12-30T08:00:00Z,SUIUSDT,-0.00000318
2025-12-30T16:00:00Z,SUIUSDT,0.00006645
2025-12-31T00:00:00Z,SUIUSDT,0.0001
2025-12-31T08:00:00Z,SUIUSDT,0.0001
2025-12-31T16:00:00Z,SUIUSDT,0.0001
2026-01-01T00:00:00Z,SUIUSDT,0.0001
2026-01-01T08:00:00Z,SUIUSDT,0.0001
2026-01-01T16:00:00Z,SUIUSDT,0.0001
2026-01-02T00:00:00Z,SUIUSDT,0.0001
2026-01-02T08:00:00Z,SUIUSDT,0.00008973
2026-01-02T16:00:00Z,SUIUSDT,0.00004781
2026-01-03T00:00:00Z,SUIUSDT,0.0001
2026-01-03T08:00:00Z,SUIUSDT,0.0001
2026-01-03T16:00:00Z,SUIUSDT,-0.00002763
2026-01-04T00:00:00Z,SUIUSDT,0.00000162
2026-01-04T08:00:00Z,SUIUSDT,-0.00005117
2026-01-04T16:00:00Z,SUIUSDT,0.0001
2026-01-05T00:00:00Z,SUIUSDT,-0.00000281
2026-01-05T08:00:00Z,SUIUSDT,0.00005729
2026-01-05T16:00:00Z,SUIUSDT,0.00008986
2026-01-06T00:00:00Z,SUIUSDT,0.0001
2026-01-06T08:00:00Z,SUIUSDT,-0.00004536
2026-01-06T16:00:00Z,SUIUSDT,-0.00003626
2026-01-07T00:00:00Z,SUIUSDT,-0.00001127
2026-01-07T08:00:00Z,SUIUSDT,0.00003545
2026-01-07T16:00:00Z,SUIUSDT,0.00006962
2026-01-08T00:00:00Z,SUIUSDT,-0.00002969
2026-01-08T08:00:00Z,SUIUSDT,0.00003447
2026-01-08T16:00:00Z,SUIUSDT,0.0000091
2026-01-09T00:00:00Z,SUIUSDT,-0.00013085
2026-01-09T08:00:00Z,SUIUSDT,-0.00003594
2026-01-09T16:00:00Z,SUIUSDT,0.00001627
2026-01-10T00:00:00Z,SUIUSDT,-0.00000281
2026-01-10T08:00:00Z,SUIUSDT,0.00002129
2026-01-10T16:00:00Z,SUIUSDT,0.00000276
2026-01-11T00:00:00Z,SUIUSDT,-0.00003727
2026-01-11T08:00:00Z,SUIUSDT,0.0001
2026-01-11T16:00:00Z,SUIUSDT,0.00009999
2026-01-12T00:00:00Z,SUIUSDT,-0.00006562
2026-01-12T08:00:00Z,SUIUSDT,0.00008358
2026-01-12T16:00:00Z,SUIUSDT,0.00000661
2026-01-13T00:00:00Z,SUIUSDT,0.00008906
2026-01-13T08:00:00Z,SUIUSDT,0.0001
2026-01-13T16:00:00Z,SUIUSDT,0.0001
2026-01-14T00:00:00Z,SUIUSDT,0.0001
2026-01-14T08:00:00Z,SUIUSDT,-0.00005563
2026-01-14T16:00:00Z,SUIUSDT,-0.00004614
2026-01-15T00:00:00Z,SUIUSDT,-0.00000624
2026-01-15T08:00:00Z,SUIUSDT,-0.0000995
2026-01-15T16:00:00Z,SUIUSDT,-0.00003399
2026-01-16T00:00:00Z,SUIUSDT,0.0000959
2026-01-16T08:00:00Z,SUIUSDT,-0.00001348
2026-01-16T16:00:00Z,SUIUSDT,-0.00000242
2026-01-17T00:00:00Z,SUIUSDT,0.0001
2026-01-17T08:00:00Z,SUIUSDT,0.00003065
2026-01-17T16:00:00Z,SUIUSDT,-0.00000004
2026-01-18T00:00:00Z,SUIUSDT,0.00005925
2026-01-18T08:00:00Z,SUIUSDT,-0.00007157
2026-01-18T16:00:00Z,SUIUSDT,0.00000437
2026-01-19T00:00:00Z,SUIUSDT,0.00000639
2026-01-19T08:00:00Z,SUIUSDT,0.00005386
2026-01-19T16:00:00Z,SUIUSDT,-0.00006269
2026-01-20T00:00:00Z,SUIUSDT,0.00004058
2026-01-20T08:00:00Z,SUIUSDT,0.00009143
2026-01-20T16:00:00Z,SUIUSDT,0.0001
2026-01-21T00:00:00Z,SUIUSDT,0.0001
2026-01-21T08:00:00Z,SUIUSDT,0.00002058
2026-01-21T16:00:00Z,SUIUSDT,0.00007427
2026-01-22T00:00:00Z,SUIUSDT,0.0001
2026-01-22T08:00:00Z,SUIUSDT,0.00007681
2026-01-22T16:00:00Z,SUIUSDT,-0.00000706
2026-01-23T00:00:00Z,SUIUSDT,0.00005823
2026-01-23T08:00:00Z,SUIUSDT,0.0001
2026-01-23T16:00:00Z,SUIUSDT,0.0001
2026-01-24T00:00:00Z,SUIUSDT,0.00004657
2026-01-24T08:00:00Z,SUIUSDT,0.00004033
2026-01-24T16:00:00Z,SUIUSDT,0.00009391
2026-01-25T00:00:00Z,SUIUSDT,0.0001
2026-01-25T08:00:00Z,SUIUSDT,0.0000382
2026-01-25T16:00:00Z,SUIUSDT,0.00008487
2026-01-26T00:00:00Z,SUIUSDT,-0.0000384
2026-01-26T08:00:00Z,SUIUSDT,0.00008847
2026-01-26T16:00:00Z,SUIUSDT,0.0001
2026-01-27T00:00:00Z,SUIUSDT,0.00005832
2026-01-27T08:00:00Z,SUIUSDT,0.0001
2026-01-27T16:00:00Z,SUIUSDT,0.00004958
2026-01-28T00:00:00Z,SUIUSDT,0.0001
2026-01-28T08:00:00Z,SUIUSDT,0.00001262
2026-01-28T16:00:00Z,SUIUSDT,-0.00004037
2026-01-29T00:00:00Z,SUIUSDT,0.00007796
2026-01-29T08:00:00Z,SUIUSDT,0.00004809
2026-01-29T16:00:00Z,SUIUSDT,0.0000833
2026-01-30T00:00:00Z,SUIUSDT,0.0001
2026-01-30T08:00:00Z,SUIUSDT,0.00006746
2026-01-30T16:00:00Z,SUIUSDT,-0.00000071
2026-01-31T00:00:00Z,SUIUSDT,0.0001
2026-01-31T08:00:00Z,SUIUSDT,-0.0000052
2026-01-31T16:00:00Z,SUIUSDT,0.00007847
2026-02-01T00:00:00Z,SUIUSDT,0.0001
2026-02-01T08:00:00Z,SUIUSDT,0.0001
2026-02-01T16:00:00Z,SUIUSDT,0.0001
2026-02-02T00:00:00Z,SUIUSDT,0.0001
2026-02-02T08:00:00Z,SUIUSDT,0.00009484
2026-02-02T16:00:00Z,SUIUSDT,-0.00003925
2026-02-03T00:00:00Z,SUIUSDT,-0.00000282
2026-02-03T08:00:00Z,SUIUSDT,-0.00007059
2026-02-03T16:00:00Z,SUIUSDT,-0.00004419
2026-02-04T00:00:00Z,SUIUSDT,0.0000514
2026-02-04T08:00:00Z,SUIUSDT,0.0001
2026-02-04T16:00:00Z,SUIUSDT,0.00002764
2026-02-05T00:00:00Z,SUIUSDT,0.0001
2026-02-05T08:00:00Z,SUIUSDT,0.0001
2026-02-05T16:00:00Z,SUIUSDT,0.0001
2026-02-06T00:00:00Z,SUIUSDT,0.0001
2026-02-06T08:00:00Z,SUIUSDT,-0.0000162
2026-02-06T16:00:00Z,SUIUSDT,-0.00001947
2026-02-07T00:00:00Z,SUIUSDT,0.00006651
2026-02-07T08:00:00Z,SUIUSDT,0.00006842
2026-02-07T16:00:00Z,SUIUSDT,0.0001
2026-02-08T00:00:00Z,SUIUSDT,0.00005367
2026-02-08T08:00:00Z,SUIUSDT,-0.00000474
2026-02-08T16:00:00Z,SUIUSDT,-0.00000313
2026-02-09T00:00:00Z,SUIUSDT,-0.00004618
2026-02-09T08:00:00Z,SUIUSDT,-0.0000452
2026-02-09T16:00:00Z,SUIUSDT,0.00005063
2026-02-10T00:00:00Z,SUIUSDT,0.00002674
2026-02-10T08:00:00Z,SUIUSDT,0.0001
2026-02-10T16:00:00Z,SUIUSDT,0.00003352
2026-02-11T00:00:00Z,SUIUSDT,0.00001715
2026-02-11T08:00:00Z,SUIUSDT,0.00009786
2026-02-11T16:00:00Z,SUIUSDT,0.00000655
2026-02-12T00:00:00Z,SUIUSDT,0.00009204
2026-02-12T08:00:00Z,SUIUSDT,0.0001
2026-02-12T16:00:00Z,SUIUSDT,0.000002
2026-02-13T00:00:00Z,SUIUSDT,0.00000244
2026-02-13T08:00:00Z,SUIUSDT,-0.00000923
2026-02-13T16:00:00Z,SUIUSDT,0.00003522
2026-02-14T00:00:00Z,SUIUSDT,0.0001
2026-02-14T08:00:00Z,SUIUSDT,-0.00015049
2026-02-14T16:00:00Z,SUIUSDT,-0.00016742
2026-02-15T00:00:00Z,SUIUSDT,0.00009117
2026-02-15T08:00:00Z,SUIUSDT,0.0000919
2026-02-15T16:00:00Z,SUIUSDT,-0.00005692
2026-02-16T00:00:00Z,SUIUSDT,-0.00013646
2026-02-16T08:00:00Z,SUIUSDT,0.0000366
2026-02-16T16:00:00Z,SUIUSDT,-0.00002906
2026-02-17T00:00:00Z,SUIUSDT,0.0001
2026-02-17T08:00:00Z,SUIUSDT,0.00004366
2026-02-17T16:00:00Z,SUIUSDT,0.00002516
2026-02-18T00:00:00Z,SUIUSDT,0.00001031
2026-02-18T08:00:00Z,SUIUSDT,0.00005703
2026-02-18T16:00:00Z,SUIUSDT,-0.00008861
2026-02-19T00:00:00Z,SUIUSDT,0.0001
2026-02-19T08:00:00Z,SUIUSDT,-0.00005255
2026-02-19T16:00:00Z,SUIUSDT,0.00005422
2026-02-20T00:00:00Z,SUIUSDT,0.00009164
2026-02-20T08:00:00Z,SUIUSDT,-0.00001873
2026-02-20T16:00:00Z,SUIUSDT,0.00009391
2026-02-21T00:00:00Z,SUIUSDT,0.00009415
2026-02-21T08:00:00Z,SUIUSDT,0.00006232
2026-02-21T16:00:00Z,SUIUSDT,0.00009441
2026-02-22T00:00:00Z,SUIUSDT,0.0001
2026-02-22T08:00:00Z,SUIUSDT,0.00003537
2026-02-22T16:00:00Z,SUIUSDT,-0.00003559
2026-02-23T00:00:00Z,SUIUSDT,-0.00001086
2026-02-23T08:00:00Z,SUIUSDT,-0.00009432
2026-02-23T16:00:00Z,SUIUSDT,0.0001
2026-02-24T00:00:00Z,SUIUSDT,-0.00005562
2026-02-24T08:00:00Z,SUIUSDT,-0.00002819
2026-02-24T16:00:00Z,SUIUSDT,0.00004243
2026-02-25T00:00:00Z,SUIUSDT,0.00009689
2026-02-25T08:00:00Z,SUIUSDT,-0.00005825
2026-02-25T16:00:00Z,SUIUSDT,0.0001
2026-02-26T00:00:00Z,SUIUSDT,0.0001
2026-02-26T08:00:00Z,SUIUSDT,0.0001
2026-02-26T16:00:00Z,SUIUSDT,0.00001999
2026-02-27T00:00:00Z,SUIUSDT,0.00007695
2026-02-27T08:00:00Z,SUIUSDT,0.00006771
2026-02-27T16:00:00Z,SUIUSDT,-0.00009034
2026-02-28T00:00:00Z,SUIUSDT,-0.00001266
2026-02-28T08:00:00Z,SUIUSDT,-0.00007635
2026-02-28T16:00:00Z,SUIUSDT,-0.00009049
2026-03-01T00:00:00Z,SUIUSDT,0.00000973
2026-03-01T08:00:00Z,SUIUSDT,0.0001
2026-03-01T16:00:00Z,SUIUSDT,0.0001
2026-03-02T00:00:00Z,SUIUSDT,0.00009741
2026-03-02T08:00:00Z,SUIUSDT,0.0001
2026-03-02T16:00:00Z,SUIUSDT,0.00009535
2026-03-03T00:00:00Z,SUIUSDT,0.0001
2026-03-03T08:00:00Z,SUIUSDT,-0.00001529
2026-03-03T16:00:00Z,SUIUSDT,-0.00015097
2026-03-04T00:00:00Z,SUIUSDT,0.00001404
2026-03-04T08:00:00Z,SUIUSDT,-0.00012311
2026-03-04T16:00:00Z,SUIUSDT,0.00009134
2026-03-05T00:00:00Z,SUIUSDT,0.0001
2026-03-05T08:00:00Z,SUIUSDT,0.0001
2026-03-05T16:00:00Z,SUIUSDT,-0.00003959
2026-03-06T00:00:00Z,SUIUSDT,0.00004162
2026-03-06T08:00:00Z,SUIUSDT,-0.00003709
2026-03-06T16:00:00Z,SUIUSDT,-0.00016097
2026-03-07T00:00:00Z,SUIUSDT,-0.00014061
2026-03-07T08:00:00Z,SUIUSDT,0.00004073
2026-03-07T16:00:00Z,SUIUSDT,-0.000067
2026-03-08T00:00:00Z,SUIUSDT,-0.0000191
2026-03-08T08:00:00Z,SUIUSDT,-0.00002697
2026-03-08T16:00:00Z,SUIUSDT,-0.0000283
2026-03-09T00:00:00Z,SUIUSDT,0.00004408
2026-03-09T08:00:00Z,SUIUSDT,0.0001
2026-03-09T16:00:00Z,SUIUSDT,0.0001
2026-03-10T00:00:00Z,SUIUSDT,0.0001
2026-03-10T08:00:00Z,SUIUSDT,-0.00010239
2026-03-10T16:00:00Z,SUIUSDT,0.0001
2026-03-11T00:00:00Z,SUIUSDT,0.00001577
2026-03-11T08:00:00Z,SUIUSDT,-0.00006924
2026-03-11T16:00:00Z,SUIUSDT,0.00004185
2026-03-12T00:00:00Z,SUIUSDT,0.0001
2026-03-12T08:00:00Z,SUIUSDT,0.00005172
2026-03-12T16:00:00Z,SUIUSDT,-0.00004816
2026-03-13T00:00:00Z,SUIUSDT,0.0001
2026-03-13T08:00:00Z,SUIUSDT,0.00009313
2026-03-13T16:00:00Z,SUIUSDT,-0.0000178
2026-03-14T00:00:00Z,SUIUSDT,-0.00014461
2026-03-14T08:00:00Z,SUIUSDT,-0.00005812
2026-03-14T16:00:00Z,SUIUSDT,0.00001084
2026-03-15T00:00:00Z,SUIUSDT,0.00008666
2026-03-15T08:00:00Z,SUIUSDT,0.00000786
2026-03-15T16:00:00Z,SUIUSDT,-0.00005721
2026-03-16T00:00:00Z,SUIUSDT,-0.00000331
2026-03-16T08:00:00Z,SUIUSDT,0.0001
2026-03-16T16:00:00Z,SUIUSDT,0.0001
2026-03-17T00:00:00Z,SUIUSDT,0.00006439
2026-03-17T08:00:00Z,SUIUSDT,0.0000893
2026-03-17T16:00:00Z,SUIUSDT,0.00006028
2026-03-18T00:00:00Z,SUIUSDT,0.0000351
2026-03-18T08:00:00Z,SUIUSDT,0.0001
2026-03-18T16:00:00Z,SUIUSDT,0.0001
2026-03-19T00:00:00Z,SUIUSDT,0.0001
2026-03-19T08:00:00Z,SUIUSDT,0.00008294
2026-03-19T16:00:00Z,SUIUSDT,0.0001
2026-03-20T00:00:00Z,SUIUSDT,0.0000492
2026-03-20T08:00:00Z,SUIUSDT,-0.00001794
2026-03-20T16:00:00Z,SUIUSDT,0.00007813
2026-03-21T00:00:00Z,SUIUSDT,0.00008086
2026-03-21T08:00:00Z,SUIUSDT,-0.00000065
2026-03-21T16:00:00Z,SUIUSDT,-0.00006409
2026-03-22T00:00:00Z,SUIUSDT,-0.00002832
2026-03-22T08:00:00Z,SUIUSDT,0.00007449
2026-03-22T16:00:00Z,SUIUSDT,0.0001
2026-03-23T00:00:00Z,SUIUSDT,0.0001
2026-03-23T08:00:00Z,SUIUSDT,0.00002777
2026-03-23T16:00:00Z,SUIUSDT,0.00008379
2026-03-24T00:00:00Z,SUIUSDT,0.0001
2026-03-24T08:00:00Z,SUIUSDT,0.00003531
2026-03-24T16:00:00Z,SUIUSDT,0.0001
2026-03-25T00:00:00Z,SUIUSDT,0.0001
2026-03-25T08:00:00Z,SUIUSDT,0.0001
2026-03-25T16:00:00Z,SUIUSDT,0.0001
2026-03-26T00:00:00Z,SUIUSDT,0.00003448
2026-03-26T08:00:00Z,SUIUSDT,-0.00010538
2026-03-26T16:00:00Z,SUIUSDT,-0.00005943
2026-03-27T00:00:00Z,SUIUSDT,-0.00007077
2026-03-27T08:00:00Z,SUIUSDT,0.00003348
2026-03-27T16:00:00Z,SUIUSDT,-0.00005257
2026-03-28T00:00:00Z,SUIUSDT,-0.00012068
2026-03-28T08:00:00Z,SUIUSDT,-0.00012006
2026-03-28T16:00:00Z,SUIUSDT,0.00000275
2026-03-29T00:00:00Z,SUIUSDT,0.00001759
2026-03-29T08:00:00Z,SUIUSDT,-0.00002954
2026-03-29T16:00:00Z,SUIUSDT,0.00000765
2026-03-30T00:00:00Z,SUIUSDT,0.00000882
2026-03-30T08:00:00Z,SUIUSDT,0.00007754
2026-03-30T16:00:00Z,SUIUSDT,0.0001
2026-03-31T00:00:00Z,SUIUSDT,0.00002888
2026-03-31T08:00:00Z,SUIUSDT,0.0001
2026-03-31T16:00:00Z,SUIUSDT,0.0000691
2026-04-01T00:00:00Z,SUIUSDT,0.0001
2026-04-01T08:00:00Z,SUIUSDT,0.0000593
2026-04-01T16:00:00Z,SUIUSDT,-0.00004393
2026-04-02T00:00:00Z,SUIUSDT,0.00000395
2026-04-02T08:00:00Z,SUIUSDT,0.00004083
2026-04-02T16:00:00Z,SUIUSDT,-0.00003511
2026-04-03T00:00:00Z,SUIUSDT,0.0000586
2026-04-03T08:00:00Z,SUIUSDT,0.0000435
2026-04-03T16:00:00Z,SUIUSDT,0.00006534
2026-04-04T00:00:00Z,SUIUSDT,0.00008405
2026-04-04T08:00:00Z,SUIUSDT,0.00007965
2026-04-04T16:00:00Z,SUIUSDT,-0.00001776
2026-04-05T00:00:00Z,SUIUSDT,0.00001679
2026-04-05T08:00:00Z,SUIUSDT,-0.0000872
2026-04-05T16:00:00Z,SUIUSDT,-0.00006214
2026-04-06T00:00:00Z,SUIUSDT,0.00000402
2026-04-06T08:00:00Z,SUIUSDT,0.0001
2026-04-06T16:00:00Z,SUIUSDT,0.0001
2026-04-07T00:00:00Z,SUIUSDT,0.0001
2026-04-07T08:00:00Z,SUIUSDT,-0.00012876
2026-04-07T16:00:00Z,SUIUSDT,0.00005751
2026-04-08T00:00:00Z,SUIUSDT,0.0001
2026-04-08T08:00:00Z,SUIUSDT,0.0001
2026-04-08T16:00:00Z,SUIUSDT,0.0001
2026-04-09T00:00:00Z,SUIUSDT,0.00003908
2026-04-09T08:00:00Z,SUIUSDT,-0.00016879
2026-04-09T16:00:00Z,SUIUSDT,0.00000601
2026-04-10T00:00:00Z,SUIUSDT,0.0001
2026-04-10T08:00:00Z,SUIUSDT,0.0001
2026-04-10T16:00:00Z,SUIUSDT,0.0001
2026-04-11T00:00:00Z,SUIUSDT,0.0001
2026-04-11T08:00:00Z,SUIUSDT,0.0001
2026-04-11T16:00:00Z,SUIUSDT,0.00008398
2026-04-12T00:00:00Z,SUIUSDT,0.0001
2026-04-12T08:00:00Z,SUIUSDT,-0.00000661
2026-04-12T16:00:00Z,SUIUSDT,0.0001
2026-04-13T00:00:00Z,SUIUSDT,0.0001
2026-04-13T08:00:00Z,SUIUSDT,0.0001
2026-04-13T16:00:00Z,SUIUSDT,0.0001
2026-04-14T00:00:00Z,SUIUSDT,0.0001
2026-04-14T08:00:00Z,SUIUSDT,0.0001
2026-04-14T16:00:00Z,SUIUSDT,0.0001
2026-04-15T00:00:00Z,SUIUSDT,0.0000589
2026-04-15T08:00:00Z,SUIUSDT,0.0001
2026-04-15T16:00:00Z,SUIUSDT,0.0001
2026-04-16T00:00:00Z,SUIUSDT,0.0001
2026-04-16T08:00:00Z,SUIUSDT,0.0001
2026-04-16T16:00:00Z,SUIUSDT,0.00007419
2026-04-17T00:00:00Z,SUIUSDT,0.0001
2026-04-17T08:00:00Z,SUIUSDT,0.00009568
2026-04-17T16:00:00Z,SUIUSDT,0.0001
2026-04-18T00:00:00Z,SUIUSDT,0.00003354
2026-04-18T08:00:00Z,SUIUSDT,0.00003837
2026-04-18T16:00:00Z,SUIUSDT,0.0001
2026-04-19T00:00:00Z,SUIUSDT,0.0001
2026-04-19T08:00:00Z,SUIUSDT,0.00007699
2026-04-19T16:00:00Z,SUIUSDT,-0.00001832
2026-04-20T00:00:00Z,SUIUSDT,0.0001
2026-04-20T08:00:00Z,SUIUSDT,0.00009445
2026-04-20T16:00:00Z,SUIUSDT,0.0001
2026-04-21T00:00:00Z,SUIUSDT,0.00003691
2026-04-21T08:00:00Z,SUIUSDT,0.00007675
2026-04-21T16:00:00Z,SUIUSDT,-0.00003464
2026-04-22T00:00:00Z,SUIUSDT,0.00008351
2026-04-22T08:00:00Z,SUIUSDT,0.0001
2026-04-22T16:00:00Z,SUIUSDT,0.0001
2026-04-23T00:00:00Z,SUIUSDT,-0.00008207
2026-04-23T08:00:00Z,SUIUSDT,-0.00010079
2026-04-23T16:00:00Z,SUIUSDT,-0.00010067
2026-04-24T00:00:00Z,SUIUSDT,0.0001
2026-04-24T08:00:00Z,SUIUSDT,0.0001
2026-04-24T16:00:00Z,SUIUSDT,0.00007773
2026-04-25T00:00:00Z,SUIUSDT,0.0000335
2026-04-25T08:00:00Z,SUIUSDT,0.0001
2026-04-25T16:00:00Z,SUIUSDT,0.00004811
2026-04-26T00:00:00Z,SUIUSDT,0.00005241
2026-04-26T08:00:00Z,SUIUSDT,0.0001
2026-04-26T16:00:00Z,SUIUSDT,0.00006528
2026-04-27T00:00:00Z,SUIUSDT,0.00001864
2026-04-27T08:00:00Z,SUIUSDT,-0.00013143
2026-04-27T16:00:00Z,SUIUSDT,-0.00021898
2026-04-28T00:00:00Z,SUIUSDT,-0.00000802
2026-04-28T08:00:00Z,SUIUSDT,0.00007013
2026-04-28T16:00:00Z,SUIUSDT,-0.00003666
2026-04-29T00:00:00Z,SUIUSDT,-0.00004602
2026-04-29T08:00:00Z,SUIUSDT,0.0001
2026-04-29T16:00:00Z,SUIUSDT,-0.00008483
2026-04-30T00:00:00Z,SUIUSDT,-0.00001819
2026-04-30T08:00:00Z,SUIUSDT,0.0001
2026-04-30T16:00:00Z,SUIUSDT,0.0001
2026-05-01T00:00:00Z,SUIUSDT,0.0001
2026-05-01T08:00:00Z,SUIUSDT,0.0001
2026-05-01T16:00:00Z,SUIUSDT,0.0001
2026-05-02T00:00:00Z,SUIUSDT,0.0001
2026-05-02T08:00:00Z,SUIUSDT,0.0001
2026-05-02T16:00:00Z,SUIUSDT,-0.00002516
2026-05-03T00:00:00Z,SUIUSDT,0.00003527
2026-05-03T08:00:00Z,SUIUSDT,-0.00004805
2026-05-03T16:00:00Z,SUIUSDT,0.00008725
2026-05-04T00:00:00Z,SUIUSDT,0.00002189
2026-05-04T08:00:00Z,SUIUSDT,0.0001
2026-05-04T16:00:00Z,SUIUSDT,0.00004887
2026-05-05T00:00:00Z,SUIUSDT,0.0000306
2026-05-05T08:00:00Z,SUIUSDT,0.0001
2026-05-05T16:00:00Z,SUIUSDT,0.0001
2026-05-06T00:00:00Z,SUIUSDT,0.0000849
2026-05-06T08:00:00Z,SUIUSDT,0.0001
2026-05-06T16:00:00Z,SUIUSDT,-0.00000097
2026-05-07T00:00:00Z,SUIUSDT,-0.00003372
2026-05-07T08:00:00Z,SUIUSDT,0.0000097
2026-05-07T16:00:00Z,SUIUSDT,-0.0000059
2026-05-08T00:00:00Z,SUIUSDT,-0.00002056
2026-05-08T08:00:00Z,SUIUSDT,-0.00002698
2026-05-08T16:00:00Z,SUIUSDT,0.00000885
2026-05-09T00:00:00Z,SUIUSDT,0.0001
2026-05-09T08:00:00Z,SUIUSDT,-0.00001436
2026-05-09T16:00:00Z,SUIUSDT,-0.00011235
2026-05-10T00:00:00Z,SUIUSDT,-0.00009722
2026-05-10T08:00:00Z,SUIUSDT,-0.00011763
2026-05-10T16:00:00Z,SUIUSDT,0.00006192
2026-05-11T00:00:00Z,SUIUSDT,0.0001
2026-05-11T08:00:00Z,SUIUSDT,0.0001
2026-05-11T16:00:00Z,SUIUSDT,0.00003505
2026-05-12T00:00:00Z,SUIUSDT,0.0001
2026-05-12T08:00:00Z,SUIUSDT,0.0001
2026-05-12T16:00:00Z,SUIUSDT,0.0001
2026-05-13T00:00:00Z,SUIUSDT,0.00009935
2026-05-13T08:00:00Z,SUIUSDT,0.00004064
2026-05-13T16:00:00Z,SUIUSDT,0.00003214
2026-05-14T00:00:00Z,SUIUSDT,0.0001
2026-05-14T08:00:00Z,SUIUSDT,0.00004626
2026-05-14T16:00:00Z,SUIUSDT,0.0001
2026-05-15T00:00:00Z,SUIUSDT,0.00002175
2026-05-15T08:00:00Z,SUIUSDT,0.0001
2026-05-15T16:00:00Z,SUIUSDT,0.0001
2026-05-16T00:00:00Z,SUIUSDT,-0.00005145
2026-05-16T08:00:00Z,SUIUSDT,0.0001
2026-05-16T16:00:00Z,SUIUSDT,0.0001
2026-05-17T00:00:00Z,SUIUSDT,0.00006116
2026-05-17T08:00:00Z,SUIUSDT,0.00002021
2026-05-17T16:00:00Z,SUIUSDT,0.0000813
2026-05-18T00:00:00Z,SUIUSDT,0.0000065
2026-05-18T08:00:00Z,SUIUSDT,0.00005396
2026-05-18T16:00:00Z,SUIUSDT,0.00002428
2026-05-19T00:00:00Z,SUIUSDT,0.00002728
2026-05-19T08:00:00Z,SUIUSDT,0.00000607
2026-05-19T16:00:00Z,SUIUSDT,0.00006157
2026-05-20T00:00:00Z,SUIUSDT,0.0001
2026-05-20T08:00:00Z,SUIUSDT,0.0001
2026-05-20T16:00:00Z,SUIUSDT,0.0001
2026-05-21T00:00:00Z,SUIUSDT,0.0001
2026-05-21T08:00:00Z,SUIUSDT,-0.00000102
2026-05-21T16:00:00Z,SUIUSDT,-0.00000754
2026-05-22T00:00:00Z,SUIUSDT,0.0001
2026-05-22T08:00:00Z,SUIUSDT,0.0001
2026-05-22T16:00:00Z,SUIUSDT,0.0001
2026-05-23T00:00:00Z,SUIUSDT,0.0001
2026-05-23T08:00:00Z,SUIUSDT,0.0001
2026-05-23T16:00:00Z,SUIUSDT,-0.00004041
2026-05-24T00:00:00Z,SUIUSDT,0.0001
2026-05-24T08:00:00Z,SUIUSDT,0.00006243
2026-05-24T16:00:00Z,SUIUSDT,0.00007993
2026-05-25T00:00:00Z,SUIUSDT,0.0001
2026-05-25T08:00:00Z,SUIUSDT,0.0000509
2026-05-25T16:00:00Z,SUIUSDT,0.0001
2026-05-26T00:00:00Z,SUIUSDT,0.0001
2026-05-26T08:00:00Z,SUIUSDT,0.0001
2026-05-26T16:00:00Z,SUIUSDT,0.0001
2026-05-27T00:00:00Z,SUIUSDT,0.0001
2026-05-27T08:00:00Z,SUIUSDT,0.0001
2026-05-27T16:00:00Z,SUIUSDT,0.0001
2026-05-28T00:00:00Z,SUIUSDT,0.0001
2026-05-28T08:00:00Z,SUIUSDT,0.00009323
2026-05-28T16:00:00Z,SUIUSDT,-0.00003827
2026-05-29T00:00:00Z,SUIUSDT,0.0001
2026-05-29T08:00:00Z,SUIUSDT,0.0001
2026-05-29T16:00:00Z,SUIUSDT,0.0001
2026-05-30T00:00:00Z,SUIUSDT,0.0001
2026-05-30T08:00:00Z,SUIUSDT,0.00008299
2026-05-30T16:00:00Z,SUIUSDT,0.00003065
2026-05-31T00:00:00Z,SUIUSDT,0.0001
2026-05-31T08:00:00Z,SUIUSDT,0.0001
2026-05-31T16:00:00Z,SUIUSDT,0.0001
2026-06-01T00:00:00Z,SUIUSDT,0.00000723
2026-06-01T08:00:00Z,SUIUSDT,-0.00000151
2026-06-01T16:00:00Z,SUIUSDT,0.00006299
2026-06-02T00:00:00Z,SUIUSDT,0.0001
2026-06-02T08:00:00Z,SUIUSDT,0.00000237
2026-06-02T16:00:00Z,SUIUSDT,-0.00001557
2026-06-03T00:00:00Z,SUIUSDT,-0.00005199
2026-06-03T08:00:00Z,SUIUSDT,0.00001742
2026-06-03T16:00:00Z,SUIUSDT,0.0001
2026-06-04T00:00:00Z,SUIUSDT,-0.00005561
2026-06-04T08:00:00Z,SUIUSDT,0.0001
2026-06-04T16:00:00Z,SUIUSDT,-0.00004476
2026-06-05T00:00:00Z,SUIUSDT,0.00004784
2026-06-05T08:00:00Z,SUIUSDT,0.00004321
2026-06-05T16:00:00Z,SUIUSDT,-0.00001306
2026-06-06T00:00:00Z,SUIUSDT,-0.00000125
2026-06-06T08:00:00Z,SUIUSDT,-0.0000115
2026-06-06T16:00:00Z,SUIUSDT,0.00004549
2026-06-07T00:00:00Z,SUIUSDT,-0.00012052
2026-06-07T08:00:00Z,SUIUSDT,0.0001
2026-06-07T16:00:00Z,SUIUSDT,0.0001
2026-06-08T00:00:00Z,SUIUSDT,0.00006561
2026-06-08T08:00:00Z,SUIUSDT,-0.00010741
2026-06-08T16:00:00Z,SUIUSDT,0.0001
2026-06-09T00:00:00Z,SUIUSDT,0.0001
2026-06-09T08:00:00Z,SUIUSDT,0.0000706
2026-06-09T16:00:00Z,SUIUSDT,0.00002688
2026-06-10T00:00:00Z,SUIUSDT,-0.00000762
2026-06-10T08:00:00Z,SUIUSDT,0.00000164
2026-06-10T16:00:00Z,SUIUSDT,0.0000335
2026-06-11T00:00:00Z,SUIUSDT,-0.00005308
2026-06-11T08:00:00Z,SUIUSDT,0.0001
2026-06-11T16:00:00Z,SUIUSDT,0.0001
2026-06-12T00:00:00Z,SUIUSDT,0.0001
2026-06-12T08:00:00Z,SUIUSDT,0.0000923
2026-06-12T16:00:00Z,SUIUSDT,0.0001
2026-06-13T00:00:00Z,SUIUSDT,-0.00003609
2026-06-13T08:00:00Z,SUIUSDT,0.00003888
2026-06-13T16:00:00Z,SUIUSDT,0.0001
2026-06-14T00:00:00Z,SUIUSDT,-0.00001797
2026-06-14T08:00:00Z,SUIUSDT,-0.00001689
2026-06-14T16:00:00Z,SUIUSDT,-0.00004376
2026-06-15T00:00:00Z,SUIUSDT,0.0001
2026-06-15T08:00:00Z,SUIUSDT,0.0001
2026-06-15T16:00:00Z,SUIUSDT,0.00006069
2026-06-16T00:00:00Z,SUIUSDT,0.0001
2026-06-16T08:00:00Z,SUIUSDT,0.0001
2026-06-16T16:00:00Z,SUIUSDT,0.00004376
2026-06-17T00:00:00Z,SUIUSDT,0.0001
2026-06-17T08:00:00Z,SUIUSDT,0.0001
2026-06-17T16:00:00Z,SUIUSDT,0.0001
2026-06-18T00:00:00Z,SUIUSDT,-0.00004701
2026-06-18T08:00:00Z,SUIUSDT,0.00000186
2026-06-18T16:00:00Z,SUIUSDT,0.00008039
2026-06-19T00:00:00Z,SUIUSDT,0.00005675
2026-06-19T08:00:00Z,SUIUSDT,-0.0000502
2026-06-19T16:00:00Z,SUIUSDT,-0.00005307
2026-06-20T00:00:00Z,SUIUSDT,-0.00005091
2026-06-20T08:00:00Z,SUIUSDT,0.00000316
2026-06-20T16:00:00Z,SUIUSDT,0.00007066
2026-06-21T00:00:00Z,SUIUSDT,0.0001
2026-06-21T08:00:00Z,SUIUSDT,0.00002881
2026-06-21T16:00:00Z,SUIUSDT,0.00007091
2026-06-22T00:00:00Z,SUIUSDT,-0.00007706
2026-06-22T08:00:00Z,SUIUSDT,0.00007114
2026-06-22T16:00:00Z,SUIUSDT,0.00006965
2026-06-23T00:00:00Z,SUIUSDT,-0.00014085
2026-06-23T08:00:00Z,SUIUSDT,-0.00009283
2026-06-23T16:00:00Z,SUIUSDT,0.00009471
2026-06-24T00:00:00Z,SUIUSDT,-0.00005826
2026-06-24T08:00:00Z,SUIUSDT,0.00001188
2026-06-24T16:00:00Z,SUIUSDT,-0.00013893
2026-06-25T00:00:00Z,SUIUSDT,-0.00011139
2026-06-25T08:00:00Z,SUIUSDT,0.00000307
2026-06-25T16:00:00Z,SUIUSDT,-0.00003198
2026-06-26T00:00:00Z,SUIUSDT,0.00004248
2026-06-26T08:00:00Z,SUIUSDT,0.0001
2026-06-26T16:00:00Z,SUIUSDT,0.00005464
2026-06-27T00:00:00Z,SUIUSDT,0.0001
2026-06-27T08:00:00Z,SUIUSDT,0.00002329
2026-06-27T16:00:00Z,SUIUSDT,-0.00007207
2026-06-28T00:00:00Z,SUIUSDT,-0.00010062
2026-06-28T08:00:00Z,SUIUSDT,-0.00011766
2026-06-28T16:00:00Z,SUIUSDT,0.00007964
2026-06-29T00:00:00Z,SUIUSDT,-0.00000657
2026-06-29T08:00:00Z,SUIUSDT,0.00002844
2026-06-29T16:00:00Z,SUIUSDT,0.0001
2026-06-30T00:00:00Z,SUIUSDT,0.0001
2026-06-30T08:00:00Z,SUIUSDT,0.00002762
2026-06-30T16:00:00Z,SUIUSDT,0.00004803
2026-07-01T00:00:00Z,SUIUSDT,0.0001
2026-07-01T08:00:00Z,SUIUSDT,0.0001
2026-07-01T16:00:00Z,SUIUSDT,0.00009269
2026-07-02T00:00:00Z,SUIUSDT,0.0001
2026-07-02T08:00:00Z,SUIUSDT,0.00003379
2026-07-02T16:00:00Z,SUIUSDT,0.0001
2026-07-03T00:00:00Z,SUIUSDT,0.0001
2026-07-03T08:00:00Z,SUIUSDT,0.0001
2026-07-03T16:00:00Z,SUIUSDT,0.0001
2026-07-04T00:00:00Z,SUIUSDT,0.0001
2026-07-04T08:00:00Z,SUIUSDT,0.0001
2026-07-04T16:00:00Z,SUIUSDT,0.0001
2026-07-05T00:00:00Z,SUIUSDT,0.0001
2026-07-05T08:00:00Z,SUIUSDT,0.00004124
2026-07-05T16:00:00Z,SUIUSDT,0.0001
2026-07-06T00:00:00Z,SUIUSDT,0.0001
2026-07-06T08:00:00Z,SUIUSDT,0.0001
2026-07-06T16:00:00Z,SUIUSDT,0.0001
2026-07-07T00:00:00Z,SUIUSDT,0.0001
2026-07-07T08:00:00Z,SUIUSDT,-0.00002808
2026-07-07T16:00:00Z,SUIUSDT,0.00009495
2026-07-08T00:00:00Z,SUIUSDT,-0.00004986
2026-07-08T08:00:00Z,SUIUSDT,0.00000691
2026-07-08T16:00:00Z,SUIUSDT,0.00000202
2026-07-09T00:00:00Z,SUIUSDT,0.00004355
2026-07-09T08:00:00Z,SUIUSDT,0.00001576
2026-07-09T16:00:00Z,SUIUSDT,0.00003324
2026-07-10T00:00:00Z,SUIUSDT,0.00004912
2026-07-10T08:00:00Z,SUIUSDT,0.0001
2026-07-10T16:00:00Z,SUIUSDT,0.00008598
2026-07-11T00:00:00Z,SUIUSDT,0.00000645
2026-07-11T08:00:00Z,SUIUSDT,0.00004916
2026-07-11T16:00:00Z,SUIUSDT,0.00000769
2026-07-12T00:00:00Z,SUIUSDT,0.00008254
2026-07-12T08:00:00Z,SUIUSDT,-0.0000227
2026-07-12T16:00:00Z,SUIUSDT,0.00009204
2026-07-13T00:00:00Z,SUIUSDT,-0.00003781
2026-07-13T08:00:00Z,SUIUSDT,-0.00004685
2026-07-13T16:00:00Z,SUIUSDT,0.0000732
2026-07-14T00:00:00Z,SUIUSDT,0.00000492
2026-07-14T08:00:00Z,SUIUSDT,0.0001
2026-07-14T16:00:00Z,SUIUSDT,0.0001
2026-07-15T00:00:00Z,SUIUSDT,0.00004289
2026-07-15T08:00:00Z,SUIUSDT,0.00007173
2026-07-15T16:00:00Z,SUIUSDT,0.00005467
2026-07-16T00:00:00Z,SUIUSDT,0.000064
2026-07-16T08:00:00Z,SUIUSDT,-0.00006807
2026-07-16T16:00:00Z,SUIUSDT,0.0001
2026-07-17T00:00:00Z,SUIUSDT,0.00004687
2026-07-17T08:00:00Z,SUIUSDT,-0.00001096
2026-07-17T16:00:00Z,SUIUSDT,-0.00000802
2026-07-18T00:00:00Z,SUIUSDT,0.0001
2026-07-18T08:00:00Z,SUIUSDT,-0.0000359
2026-07-18T16:00:00Z,SUIUSDT,-0.00014597
2026-07-19T00:00:00Z,SUIUSDT,0.00004577
2026-07-19T08:00:00Z,SUIUSDT,0.00001481
2026-07-19T16:00:00Z,SUIUSDT,0.00004743
2026-07-20T00:00:00Z,SUIUSDT,0.00007116
2026-07-20T08:00:00Z,SUIUSDT,0.00000121
2026-07-20T16:00:00Z,SUIUSDT,0.0001
2026-07-21T00:00:00Z,SUIUSDT,0.00000926
2026-07-21T08:00:00Z,SUIUSDT,0.0001
2026-07-21T16:00:00Z,SUIUSDT,0.00004723
2026-07-22T00:00:00Z,SUIUSDT,0.0001
2026-07-22T08:00:00Z,SUIUSDT,-0.00000069
2026-07-22T16:00:00Z,SUIUSDT,0.0001
2026-07-23T00:00:00Z,SUIUSDT,0.00002004
2026-07-23T08:00:00Z,SUIUSDT,0.00005217
2026-07-23T16:00:00Z,SUIUSDT,-0.00019094
2026-07-24T00:00:00Z,SUIUSDT,-0.00013633
2026-07-24T08:00:00Z,SUIUSDT,-0.00000899
2026-07-24T16:00:00Z,SUIUSDT,-0.00002501
2026-07-25T00:00:00Z,SUIUSDT,-0.00006155
2026-07-25T08:00:00Z,SUIUSDT,-0.0000129
2026-07-25T16:00:00Z,SUIUSDT,-0.00011075
2026-07-26T00:00:00Z,SUIUSDT,0.00003614
2026-07-26T08:00:00Z,SUIUSDT,0.00003698
2026-07-26T16:00:00Z,SUIUSDT,0.000041
2026-07-27T00:00:00Z,SUIUSDT,0.0001
2026-07-27T08:00:00Z,SUIUSDT,-0.00000302
2026-07-27T16:00:00Z,SUIUSDT,0.00001011
2026-07-28T00:00:00Z,SUIUSDT,-0.00001994
2026-07-28T08:00:00Z,SUIUSDT,0.00006104
2026-07-28T16:00:00Z,SUIUSDT,-0.00005615
2026-07-29T00:00:00Z,SUIUSDT,0.0001
2026-07-29T08:00:00Z,SUIUSDT,-0.000006
2026-07-29T16:00:00Z,SUIUSDT,0.00004938
2026-07-30T00:00:00Z,SUIUSDT,0.0001
2026-07-30T08:00:00Z,SUIUSDT,0.0001
2026-07-30T16:00:00Z,SUIUSDT,0.00006583
2026-07-31T00:00:00Z,SUIUSDT,0.00006245
2026-07-31T08:00:00Z,SUIUSDT,0.00008351
2026-07-31T16:00:00Z,SUIUSDT,0.00002668
2026-08-01T00:00:00Z,SUIUSDT,0.00005117
2026-08-01T08:00:00Z,SUIUSDT,0.00005623
2026-08-01T16:00:00Z,SUIUSDT,-0.00002205
2026-08-02T00:00:00Z,SUIUSDT,-0.00011634
2026-08-02T08:00:00Z,SUIUSDT,0.0001
2026-08-02T16:00:00Z,SUIUSDT,0.0001
2026-08-03T00:00:00Z,SUIUSDT,0.0001
2026-08-03T08:00:00Z,SUIUSDT,-0.00005454
2026-08-03T16:00:00Z,SUIUSDT,0.0001
2026-08-04T00:00:00Z,SUIUSDT,0.0001
2026-08-04T08:00:00Z,SUIUSDT,-0.00006085
2026-08-04T16:00:00Z,SUIUSDT,0.00005177
2026-08-05T00:00:00Z,SUIUSDT,0.0001
2026-08-05T08:00:00Z,SUIUSDT,0.0001
2026-08-05T16:00:00Z,SUIUSDT,0.0001
2026-08-06T00:00:00Z,SUIUSDT,0.0001
2026-08-06T08:00:00Z,SUIUSDT,-0.00006344
2026-08-06T16:00:00Z,SUIUSDT,-0.00011304
2026-08-07T00:00:00Z,SUIUSDT,-0.00008002
2026-08-07T08:00:00Z,SUIUSDT,-0.00006065
2026-08-07T16:00:00Z,SUIUSDT,0.00006916
2026-08-08T00:00:00Z,SUIUSDT,-0.00002866
2026-08-08T08:00:00Z,SUIUSDT,0.0001
2026-08-08T16:00:00Z,SUIUSDT,0.0001
2026-08-09T00:00:00Z,SUIUSDT,0.0001
2026-08-09T08:00:00Z,SUIUSDT,0.0001
2026-08-09T16:00:00Z,SUIUSDT,0.0001
2026-08-10T00:00:00Z,SUIUSDT,0.0001
2026-08-10T08:00:00Z,SUIUSDT,0.0001
2026-08-10T16:00:00Z,SUIUSDT,0.0001
2026-08-11T00:00:00Z,SUIUSDT,0.00003759
2026-08-11T08:00:00Z,SUIUSDT,-0.00003201
2026-08-11T16:00:00Z,SUIUSDT,0.00004244
2026-08-12T00:00:00Z,SUIUSDT,0.0001
2026-08-12T08:00:00Z,SUIUSDT,0.0001
2026-08-12T16:00:00Z,SUIUSDT,0.0001
2026-08-13T00:00:00Z,SUIUSDT,0.00000649
2026-08-13T08:00:00Z,SUIUSDT,0.0001
2026-08-13T16:00:00Z,SUIUSDT,0.0001
2026-08-14T00:00:00Z,SUIUSDT,0.0001
2026-08-14T08:00:00Z,SUIUSDT,0.00006752
2026-08-14T16:00:00Z,SUIUSDT,-0.00004933
2026-08-15T00:00:00Z,SUIUSDT,0.0001
2026-08-15T08:00:00Z,SUIUSDT,0.0001
2026-08-15T16:00:00Z,SUIUSDT,0.0001
2026-08-16T00:00:00Z,SUIUSDT,0.0001
2026-08-16T08:00:00Z,SUIUSDT,0.00000607
2026-08-16T16:00:00Z,SUIUSDT,0.0001
2026-08-17T00:00:00Z,SUIUSDT,0.0000868
2026-08-17T08:00:00Z,SUIUSDT,0.0001
2026-08-17T16:00:00Z,SUIUSDT,0.0001
2026-08-18T00:00:00Z,SUIUSDT,0.0001
2026-08-18T08:00:00Z,SUIUSDT,-0.00000881
2026-08-18T16:00:00Z,SUIUSDT,0.00007515
2026-08-19T00:00:00Z,SUIUSDT,0.00000683
2026-08-19T08:00:00Z,SUIUSDT,0.00007799
2026-08-19T16:00:00Z,SUIUSDT,0.0001
2026-08-20T00:00:00Z,SUIUSDT,0.0001
2026-08-20T08:00:00Z,SUIUSDT,0.0001
2026-08-20T16:00:00Z,SUIUSDT,0.0001
2026-08-21T00:00:00Z,SUIUSDT,0.0001
2026-08-21T08:00:00Z,SUIUSDT,0.0001
2026-08-21T16:00:00Z,SUIUSDT,0.0001
2026-08-22T00:00:00Z,SUIUSDT,0.0001
2026-08-22T08:00:00Z,SUIUSDT,0.0001
2026-08-22T16:00:00Z,SUIUSDT,0.0001
2026-08-23T00:00:00Z,SUIUSDT,0.0001
2026-08-23T08:00:00Z,SUIUSDT,0.0001
2026-08-23T16:00:00Z,SUIUSDT,0.0001
2026-08-24T00:00:00Z,SUIUSDT,0.0001
2026-08-24T08:00:00Z,SUIUSDT,0.0001
2026-08-24T16:00:00Z,SUIUSDT,0.0001
2026-08-25T00:00:00Z,SUIUSDT,0.0001
2026-08-25T08:00:00Z,SUIUSDT,0.0001
2026-08-25T16:00:00Z,SUIUSDT,0.00004198
2026-08-26T00:00:00Z,SUIUSDT,0.0001
2026-08-26T08:00:00Z,SUIUSDT,0.0001
2026-08-26T16:00:00Z,SUIUSDT,0.00002415
2026-08-27T00:00:00Z,SUIUSDT,0.0000957
2026-08-27T08:00:00Z,SUIUSDT,0.0001
2026-08-27T16:00:00Z,SUIUSDT,0.0000943
2026-08-28T00:00:00Z,SUIUSDT,0.0001
2026-08-28T08:00:00Z,SUIUSDT,-0.00003378
2026-08-28T16:00:00Z,SUIUSDT,-0.00002939
2026-08-29T00:00:00Z,SUIUSDT,0.000041
2026-08-29T08:00:00Z,SUIUSDT,0.00008921
2026-08-29T16:00:00Z,SUIUSDT,0.00003422
2026-08-30T00:00:00Z,SUIUSDT,-0.00006585
2026-08-30T08:00:00Z,SUIUSDT,-0.00001561
2026-08-30T16:00:00Z,SUIUSDT,-0.00001331
2026-08-31T00:00:00Z,SUIUSDT,0.00000719
2026-08-31T08:00:00Z,SUIUSDT,0.00008106
2026-08-31T16:00:00Z,SUIUSDT,0.00000099
2026-09-01T00:00:00Z,SUIUSDT,0.00007449
2026-09-01T08:00:00Z,SUIUSDT,0.00004576
2026-09-01T16:00:00Z,SUIUSDT,0.0000128
2026-09-02T00:00:00Z,SUIUSDT,0.00009736
2026-09-02T08:00:00Z,SUIUSDT,0.0001
2026-09-02T16:00:00Z,SUIUSDT,0.00005786
2026-09-03T00:00:00Z,SUIUSDT,0.00008827
2026-09-03T08:00:00Z,SUIUSDT,0.0001
2026-09-03T16:00:00Z,SUIUSDT,0.0001
2026-09-04T00:00:00Z,SUIUSDT,0.0001
2026-09-04T08:00:00Z,SUIUSDT,0.0001
2026-09-04T16:00:00Z,SUIUSDT,0.0001
2026-09-05T00:00:00Z,SUIUSDT,0.0001
2026-09-05T08:00:00Z,SUIUSDT,0.0001
2026-09-05T16:00:00Z,SUIUSDT,0.0001
2026-09-06T00:00:00Z,SUIUSDT,0.0001
2026-09-06T08:00:00Z,SUIUSDT,0.0001
2026-09-06T16:00:00Z,SUIUSDT,0.0001
2026-09-07T00:00:00Z,SUIUSDT,0.0001
2026-09-07T08:00:00Z,SUIUSDT,0.0001
2026-09-07T16:00:00Z,SUIUSDT,0.0001
2026-09-08T00:00:00Z,SUIUSDT,0.0001
2026-09-08T08:00:00Z,SUIUSDT,0.00005585
2026-09-08T16:00:00Z,SUIUSDT,0.0001
2026-09-09T00:00:00Z,SUIUSDT,0.0001
2026-09-09T08:00:00Z,SUIUSDT,0.0001
2026-09-09T16:00:00Z,SUIUSDT,0.00003143
2026-09-10T00:00:00Z,SUIUSDT,0.00005466
2026-09-10T08:00:00Z,SUIUSDT,-0.00001027
2026-09-10T16:00:00Z,SUIUSDT,0.00005527
2026-09-11T00:00:00Z,SUIUSDT,0.00000897
2026-09-11T08:00:00Z,SUIUSDT,-0.00001154
2026-09-11T16:00:00Z,SUIUSDT,0.00000164
2026-09-12T00:00:00Z,SUIUSDT,0.00006615
2026-09-12T08:00:00Z,SUIUSDT,-0.00003519
2026-09-12T16:00:00Z,SUIUSDT,-0.00005194
2026-09-13T00:00:00Z,SUIUSDT,-0.00003162
2026-09-13T08:00:00Z,SUIUSDT,-0.00010143
2026-09-13T16:00:00Z,SUIUSDT,0.00004192
2026-09-14T00:00:00Z,SUIUSDT,-0.00007241
2026-09-14T08:00:00Z,SUIUSDT,-0.00008425
2026-09-14T16:00:00Z,SUIUSDT,-0.00009764
2026-09-15T00:00:00Z,SUIUSDT,0.00005489
2026-09-15T08:00:00Z,SUIUSDT,0.00007746
2026-09-15T16:00:00Z,SUIUSDT,-0.0000055
2026-09-16T00:00:00Z,SUIUSDT,0.00001496
2026-09-16T08:00:00Z,SUIUSDT,-0.00008212
2026-09-16T16:00:00Z,SUIUSDT,-0.00004639
2026-09-17T00:00:00Z,SUIUSDT,-0.00001987
2026-09-17T08:00:00Z,SUIUSDT,0.00004316
2026-09-17T16:00:00Z,SUIUSDT,0.0001
2026-09-18T00:00:00Z,SUIUSDT,0.0001
2026-09-18T08:00:00Z,SUIUSDT,0.0001
2026-09-18T16:00:00Z,SUIUSDT,0.0001
2026-09-19T00:00:00Z,SUIUSDT,0.0001
2026-09-19T08:00:00Z,SUIUSDT,0.0001
2026-09-19T16:00:00Z,SUIUSDT,0.0001
2026-09-20T00:00:00Z,SUIUSDT,0.0001
2026-09-20T08:00:00Z,SUIUSDT,0.0001
2026-09-20T16:00:00Z,SUIUSDT,0.0001
2026-09-21T00:00:00Z,SUIUSDT,0.0001
2026-09-21T08:00:00Z,SUIUSDT,0.0001
2026-09-21T16:00:00Z,SUIUSDT,0.0001
2026-09-22T00:00:00Z,SUIUSDT,0.0001
2026-09-22T08:00:00Z,SUIUSDT,0.0001
2026-09-22T16:00:00Z,SUIUSDT,0.00007858
2026-09-23T00:00:00Z,SUIUSDT,0.00007173
2026-09-23T08:00:00Z,SUIUSDT,0.00008019
2026-09-23T16:00:00Z,SUIUSDT,0.0001
2026-09-24T00:00:00Z,SUIUSDT,0.00001092
2026-09-24T08:00:00Z,SUIUSDT,0.00005372
2026-09-24T16:00:00Z,SUIUSDT,0.00006281
2026-09-25T00:00:00Z,SUIUSDT,0.0000777
2026-09-25T08:00:00Z,SUIUSDT,0.00005732
2026-09-25T16:00:00Z,SUIUSDT,0.0001
2026-09-26T00:00:00Z,SUIUSDT,0.00005205
2026-09-26T08:00:00Z,SUIUSDT,-0.00002109
2026-09-26T16:00:00Z,SUIUSDT,0.00006559
2026-09-27T00:00:00Z,SUIUSDT,0.00009057
2026-09-27T08:00:00Z,SUIUSDT,0.00001412
2026-09-27T16:00:00Z,SUIUSDT,0.00009532
2026-09-28T00:00:00Z,SUIUSDT,0.00003825
2026-09-28T08:00:00Z,SUIUSDT,0.0001
2026-09-28T16:00:00Z,SUIUSDT,0.0001
2026-09-29T00:00:00Z,SUIUSDT,0.0001
2026-09-29T08:00:00Z,SUIUSDT,0.00006043
2026-09-29T16:00:00Z,SUIUSDT,0.0000169
2026-09-30T00:00:00Z,SUIUSDT,0.0001
2026-09-30T08:00:00Z,SUIUSDT,0.0001
2026-09-30T16:00:00Z,SUIUSDT,0.00009417
2026-10-01T00:00:00Z,SUIUSDT,0.0001
2026-10-01T08:00:00Z,SUIUSDT,0.00005468
2026-10-01T16:00:00Z,SUIUSDT,0.00004633
2026-10-02T00:00:00Z,SUIUSDT,0.0001
2026-10-02T08:00:00Z,SUIUSDT,0.0001
2026-10-02T16:00:00Z,SUIUSDT,0.0001
2026-10-03T00:00:00Z,SUIUSDT,0.00000333
2026-10-03T08:00:00Z,SUIUSDT,0.0001
2026-10-03T16:00:00Z,SUIUSDT,0.0001
2026-10-04T00:00:00Z,SUIUSDT,0.0001
2026-10-04T08:00:00Z,SUIUSDT,0.0001
2026-10-04T16:00:00Z,SUIUSDT,0.0001
2026-10-05T00:00:00Z,SUIUSDT,0.0001
2026-10-05T08:00:00Z,SUIUSDT,0.0001
2026-10-05T16:00:00Z,SUIUSDT,-0.00004287
2026-10-06T00:00:00Z,SUIUSDT,0.0001
2026-10-06T08:00:00Z,SUIUSDT,0.00002142
2026-10-06T16:00:00Z,SUIUSDT,0.0001
2026-10-07T00:00:00Z,SUIUSDT,0.00004315
2026-10-07T08:00:00Z,SUIUSDT,-0.00008328
2026-10-07T16:00:00Z,SUIUSDT,0.0001
2026-10-08T00:00:00Z,SUIUSDT,-0.00003724
2026-10-08T08:00:00Z,SUIUSDT,0.00005922
2026-10-08T16:00:00Z,SUIUSDT,0.00000756
2026-10-09T00:00:00Z,SUIUSDT,-0.00015006
