timestamp,symbol,funding_rate
2023-10-09T00:00:00Z,TONUSDT,0.0001
2023-10-09T08:00:00Z,TONUSDT,0.0001
2023-10-09T16:00:00Z,TONUSDT,0.0001
2023-10-10T00:00:00Z,TONUSDT,0.0001
2023-10-10T08:00:00Z,TONUSDT,0.0001
2023-10-10T16:00:00Z,TONUSDT,0.0001
2023-10-11T00:00:00Z,TONUSDT,0.0001
2023-10-11T08:00:00Z,TONUSDT,0.0001
2023-10-11T16:00:00Z,TONUSDT,0.0001
2023-10-12T00:00:00Z,TONUSDT,0.0001
2023-10-12T08:00:00Z,TONUSDT,0.0001
2023-10-12T16:00:00Z,TONUSDT,0.0001
2023-10-13T00:00:00Z,TONUSDT,0.0001
2023-10-13T08:00:00Z,TONUSDT,0.0001
2023-10-13T16:00:00Z,TONUSDT,0.0001
2023-10-14T00:00:00Z,TONUSDT,0.0001
2023-10-14T08:00:00Z,TONUSDT,0.0001
2023-10-14T16:00:00Z,TONUSDT,0.0001
2023-10-15T00:00:00Z,TONUSDT,0.0001
2023-10-15T08:00:00Z,TONUSDT,0.0001
2023-10-15T16:00:00Z,TONUSDT,0.0001
2023-10-16T00:00:00Z,TONUSDT,0.0001
2023-10-16T08:00:00Z,TONUSDT,0.0001
2023-10-16T16:00:00Z,TONUSDT,0.0001
2023-10-17T00:00:00Z,TONUSDT,0.0001
2023-10-17T08:00:00Z,TONUSDT,0.0001
2023-10-17T16:00:00Z,TONUSDT,0.0001
2023-10-18T00:00:00Z,TONUSDT,0.0001
2023-10-18T08:00:00Z,TONUSDT,0.0001
2023-10-18T16:00:00Z,TONUSDT,0.0001
2023-10-19T00:00:00Z,TONUSDT,0.0001
2023-10-19T08:00:00Z,TONUSDT,0.0001
2023-10-19T16:00:00Z,TONUSDT,0.0001
2023-10-20T00:00:00Z,TONUSDT,0.0001
2023-10-20T08:00:00Z,TONUSDT,0.0001
2023-10-20T16:00:00Z,TONUSDT,0.0001
2023-10-21T00:00:00Z,TONUSDT,0.0001
2023-10-21T08:00:00Z,TONUSDT,0.0001
2023-10-21T16:00:00Z,TONUSDT,0.0001
2023-10-22T00:00:00Z,TONUSDT,0.00014017
2023-10-22T08:00:00Z,TONUSDT,0.0001
2023-10-22T16:00:00Z,TONUSDT,0.0001
2023-10-23T00:00:00Z,TONUSDT,0.0001
2023-10-23T08:00:00Z,TONUSDT,0.00017833
2023-10-23T16:00:00Z,TONUSDT,0.0001
2023-10-24T00:00:00Z,TONUSDT,0.0001
2023-10-24T08:00:00Z,TONUSDT,0.0001
2023-10-24T16:00:00Z,TONUSDT,0.00049366
2023-10-25T00:00:00Z,TONUSDT,0.0001
2023-10-25T08:00:00Z,TONUSDT,0.0001
2023-10-25T16:00:00Z,TONUSDT,0.0001
2023-10-26T00:00:00Z,TONUSDT,0.00013009
2023-10-26T08:00:00Z,TONUSDT,0.00044523
2023-10-26T16:00:00Z,TONUSDT,0.00015001
2023-10-27T00:00:00Z,TONUSDT,0.0001
2023-10-27T08:00:00Z,TONUSDT,0.0001
2023-10-27T16:00:00Z,TONUSDT,0.0001
2023-10-28T00:00:00Z,TONUSDT,0.0001
2023-10-28T08:00:00Z,TONUSDT,0.0001
2023-10-28T16:00:00Z,TONUSDT,0.0001
2023-10-29T00:00:00Z,TONUSDT,0.0001
2023-10-29T08:00:00Z,TONUSDT,0.0001
2023-10-29T16:00:00Z,TONUSDT,0.0001
2023-10-30T00:00:00Z,TONUSDT,0.0001
2023-10-30T08:00:00Z,TONUSDT,0.0001
2023-10-30T16:00:00Z,TONUSDT,0.0001
2023-10-31T00:00:00Z,TONUSDT,0.0001
2023-10-31T08:00:00Z,TONUSDT,0.0001
2023-10-31T16:00:00Z,TONUSDT,0.0001
2023-11-01T00:00:00Z,TONUSDT,0.0001
2023-11-01T08:00:00Z,TONUSDT,0.0001
2023-11-01T16:00:00Z,TONUSDT,0.0001
2023-11-02T00:00:00Z,TONUSDT,0.0001
2023-11-02T08:00:00Z,TONUSDT,0.00053393
2023-11-02T16:00:00Z,TONUSDT,0.0001
2023-11-03T00:00:00Z,TONUSDT,0.0001
2023-11-03T08:00:00Z,TONUSDT,0.0001
2023-11-03T16:00:00Z,TONUSDT,0.00056017
2023-11-04T00:00:00Z,TONUSDT,0.00038617
2023-11-04T08:00:00Z,TONUSDT,0.00072637
2023-11-04T16:00:00Z,TONUSDT,0.00074802
2023-11-05T00:00:00Z,TONUSDT,0.00068954
2023-11-05T08:00:00Z,TONUSDT,0.00063742
2023-11-05T16:00:00Z,TONUSDT,0.00067316
2023-11-06T00:00:00Z,TONUSDT,0.00064534
2023-11-06T08:00:00Z,TONUSDT,0.00068127
2023-11-06T16:00:00Z,TONUSDT,0.00051724
2023-11-07T00:00:00Z,TONUSDT,0.0001
2023-11-07T08:00:00Z,TONUSDT,0.00065127
2023-11-07T16:00:00Z,TONUSDT,0.00108441
2023-11-08T00:00:00Z,TONUSDT,0.0015156
2023-11-08T08:00:00Z,TONUSDT,0.00080386
2023-11-08T16:00:00Z,TONUSDT,0.00067482
2023-11-09T00:00:00Z,TONUSDT,0.00031674
2023-11-09T08:00:00Z,TONUSDT,0.00037808
2023-11-09T16:00:00Z,TONUSDT,0.00038445
2023-11-10T00:00:00Z,TONUSDT,0.00034997
2023-11-10T08:00:00Z,TONUSDT,0.00040296
2023-11-10T16:00:00Z,TONUSDT,0.00018123
2023-11-11T00:00:00Z,TONUSDT,0.0009094
2023-11-11T08:00:00Z,TONUSDT,0.00072931
2023-11-11T16:00:00Z,TONUSDT,0.00102592
2023-11-12T00:00:00Z,TONUSDT,0.00075749
2023-11-12T08:00:00Z,TONUSDT,0.0001
2023-11-12T16:00:00Z,TONUSDT,0.00021083
2023-11-13T00:00:00Z,TONUSDT,0.0004391
2023-11-13T08:00:00Z,TONUSDT,0.00039336
2023-11-13T16:00:00Z,TONUSDT,0.000557
2023-11-14T00:00:00Z,TONUSDT,0.0001
2023-11-14T08:00:00Z,TONUSDT,0.00073928
2023-11-14T16:00:00Z,TONUSDT,0.0001
2023-11-15T00:00:00Z,TONUSDT,0.00010127
2023-11-15T08:00:00Z,TONUSDT,0.00080932
2023-11-15T16:00:00Z,TONUSDT,0.00025514
2023-11-16T00:00:00Z,TONUSDT,0.0001
2023-11-16T08:00:00Z,TONUSDT,0.0001
2023-11-16T16:00:00Z,TONUSDT,0.0002024
2023-11-17T00:00:00Z,TONUSDT,0.0001
2023-11-17T08:00:00Z,TONUSDT,0.0001
2023-11-17T16:00:00Z,TONUSDT,0.0001
2023-11-18T00:00:00Z,TONUSDT,0.0001
2023-11-18T08:00:00Z,TONUSDT,0.0001
2023-11-18T16:00:00Z,TONUSDT,0.0001
2023-11-19T00:00:00Z,TONUSDT,0.0001
2023-11-19T08:00:00Z,TONUSDT,0.0001
2023-11-19T16:00:00Z,TONUSDT,0.0001
2023-11-20T00:00:00Z,TONUSDT,0.0001
2023-11-20T08:00:00Z,TONUSDT,0.0001
2023-11-20T16:00:00Z,TONUSDT,0.0001
2023-11-21T00:00:00Z,TONUSDT,0.0001
2023-11-21T08:00:00Z,TONUSDT,0.0001
2023-11-21T16:00:00Z,TONUSDT,0.0001
2023-11-22T00:00:00Z,TONUSDT,0.0001
2023-11-22T08:00:00Z,TONUSDT,0.0001
2023-11-22T16:00:00Z,TONUSDT,0.0001
2023-11-23T00:00:00Z,TONUSDT,0.0001
2023-11-23T08:00:00Z,TONUSDT,0.0001
2023-11-23T16:00:00Z,TONUSDT,0.0001
2023-11-24T00:00:00Z,TONUSDT,0.0001
2023-11-24T08:00:00Z,TONUSDT,0.00014922
2023-11-24T16:00:00Z,TONUSDT,0.0001
2023-11-25T00:00:00Z,TONUSDT,0.0001
2023-11-25T08:00:00Z,TONUSDT,0.0001
2023-11-25T16:00:00Z,TONUSDT,0.0001
2023-11-26T00:00:00Z,TONUSDT,0.0001
2023-11-26T08:00:00Z,TONUSDT,0.00011417
2023-11-26T16:00:00Z,TONUSDT,0.0001
2023-11-27T00:00:00Z,TONUSDT,0.0001
2023-11-27T08:00:00Z,TONUSDT,0.0001
2023-11-27T16:00:00Z,TONUSDT,0.0001
2023-11-28T00:00:00Z,TONUSDT,0.0001
2023-11-28T08:00:00Z,TONUSDT,0.0001
2023-11-28T16:00:00Z,TONUSDT,0.0001
2023-11-29T00:00:00Z,TONUSDT,0.0001
2023-11-29T08:00:00Z,TONUSDT,0.0001
2023-11-29T16:00:00Z,TONUSDT,0.0001
2023-11-30T00:00:00Z,TONUSDT,0.0001
2023-11-30T08:00:00Z,TONUSDT,0.0001
2023-11-30T16:00:00Z,TONUSDT,0.0001
2023-12-01T00:00:00Z,TONUSDT,0.0001
2023-12-01T08:00:00Z,TONUSDT,0.00012307
2023-12-01T16:00:00Z,TONUSDT,0.00013704
2023-12-02T00:00:00Z,TONUSDT,0.00012537
2023-12-02T08:00:00Z,TONUSDT,0.0002168
2023-12-02T16:00:00Z,TONUSDT,0.0001
2023-12-03T00:00:00Z,TONUSDT,0.0001
2023-12-03T08:00:00Z,TONUSDT,0.00040832
2023-12-03T16:00:00Z,TONUSDT,0.00012511
2023-12-04T00:00:00Z,TONUSDT,0.0001
2023-12-04T08:00:00Z,TONUSDT,0.00010947
2023-12-04T16:00:00Z,TONUSDT,0.00024756
2023-12-05T00:00:00Z,TONUSDT,0.00043113
2023-12-05T08:00:00Z,TONUSDT,0.00020726
2023-12-05T16:00:00Z,TONUSDT,0.00028577
2023-12-06T00:00:00Z,TONUSDT,0.0008211
2023-12-06T08:00:00Z,TONUSDT,0.00073752
2023-12-06T16:00:00Z,TONUSDT,0.00082753
2023-12-07T00:00:00Z,TONUSDT,0.00038819
2023-12-07T08:00:00Z,TONUSDT,0.00054587
2023-12-07T16:00:00Z,TONUSDT,0.0001
2023-12-08T00:00:00Z,TONUSDT,0.00028167
2023-12-08T08:00:00Z,TONUSDT,0.00063526
2023-12-08T16:00:00Z,TONUSDT,0.00035461
2023-12-09T00:00:00Z,TONUSDT,0.00091022
2023-12-09T08:00:00Z,TONUSDT,0.00051507
2023-12-09T16:00:00Z,TONUSDT,0.00079207
2023-12-10T00:00:00Z,TONUSDT,0.00066337
2023-12-10T08:00:00Z,TONUSDT,0.00098119
2023-12-10T16:00:00Z,TONUSDT,0.0001
2023-12-11T00:00:00Z,TONUSDT,0.0007906
2023-12-11T08:00:00Z,TONUSDT,-0.00110572
2023-12-11T16:00:00Z,TONUSDT,-0.00000695
2023-12-12T00:00:00Z,TONUSDT,0.0001
2023-12-12T08:00:00Z,TONUSDT,-0.00028679
2023-12-12T16:00:00Z,TONUSDT,-0.00118374
2023-12-13T00:00:00Z,TONUSDT,-0.00161681
2023-12-13T08:00:00Z,TONUSDT,0.00003707
2023-12-13T16:00:00Z,TONUSDT,-0.00030584
2023-12-14T00:00:00Z,TONUSDT,0.0001
2023-12-14T08:00:00Z,TONUSDT,0.0001
2023-12-14T16:00:00Z,TONUSDT,-0.00050925
2023-12-15T00:00:00Z,TONUSDT,0.0001
2023-12-15T08:00:00Z,TONUSDT,0.0001
2023-12-15T16:00:00Z,TONUSDT,0.0001
2023-12-16T00:00:00Z,TONUSDT,0.0001
2023-12-16T08:00:00Z,TONUSDT,0.0001
2023-12-16T16:00:00Z,TONUSDT,0.0001
2023-12-17T00:00:00Z,TONUSDT,0.0001
2023-12-17T08:00:00Z,TONUSDT,0.0001
2023-12-17T16:00:00Z,TONUSDT,0.0001
2023-12-18T00:00:00Z,TONUSDT,0.0001
2023-12-18T08:00:00Z,TONUSDT,0.0001
2023-12-18T16:00:00Z,TONUSDT,0.0000633
2023-12-19T00:00:00Z,TONUSDT,0.0001
2023-12-19T08:00:00Z,TONUSDT,0.0001
2023-12-19T16:00:00Z,TONUSDT,0.0001
2023-12-20T00:00:00Z,TONUSDT,0.0001
2023-12-20T08:00:00Z,TONUSDT,0.0001
2023-12-20T16:00:00Z,TONUSDT,0.0001
2023-12-21T00:00:00Z,TONUSDT,0.0001
2023-12-21T08:00:00Z,TONUSDT,0.0001
2023-12-21T16:00:00Z,TONUSDT,0.0001
2023-12-22T00:00:00Z,TONUSDT,0.0001
2023-12-22T08:00:00Z,TONUSDT,0.0001
2023-12-22T16:00:00Z,TONUSDT,0.0001
2023-12-23T00:00:00Z,TONUSDT,0.0001
2023-12-23T08:00:00Z,TONUSDT,0.0001
2023-12-23T16:00:00Z,TONUSDT,0.0001
2023-12-24T00:00:00Z,TONUSDT,0.0001
2023-12-24T08:00:00Z,TONUSDT,0.0001
2023-12-24T16:00:00Z,TONUSDT,0.0001
2023-12-25T00:00:00Z,TONUSDT,-0.00007016
2023-12-25T08:00:00Z,TONUSDT,0.0001
2023-12-25T16:00:00Z,TONUSDT,0.0001
2023-12-26T00:00:00Z,TONUSDT,0.0001
2023-12-26T08:00:00Z,TONUSDT,-0.00009722
2023-12-26T16:00:00Z,TONUSDT,0.0001
2023-12-27T00:00:00Z,TONUSDT,0.0001
2023-12-27T08:00:00Z,TONUSDT,0.0001
2023-12-27T16:00:00Z,TONUSDT,0.0001
2023-12-28T00:00:00Z,TONUSDT,0.0001
2023-12-28T08:00:00Z,TONUSDT,0.0001
2023-12-28T16:00:00Z,TONUSDT,0.0001
2023-12-29T00:00:00Z,TONUSDT,0.0001
2023-12-29T08:00:00Z,TONUSDT,0.0001
2023-12-29T16:00:00Z,TONUSDT,0.0001
2023-12-30T00:00:00Z,TONUSDT,0.0001
2023-12-30T08:00:00Z,TONUSDT,0.0001
2023-12-30T16:00:00Z,TONUSDT,0.0001
2023-12-31T00:00:00Z,TONUSDT,0.0001
2023-12-31T08:00:00Z,TONUSDT,0.0001
2023-12-31T16:00:00Z,TONUSDT,0.0001
2024-01-01T00:00:00Z,TONUSDT,0.0001
2024-01-01T08:00:00Z,TONUSDT,0.0001
2024-01-01T16:00:00Z,TONUSDT,0.0001
2024-01-02T00:00:00Z,TONUSDT,0.0001
2024-01-02T08:00:00Z,TONUSDT,0.0001
2024-01-02T16:00:00Z,TONUSDT,0.0001
2024-01-03T00:00:00Z,TONUSDT,0.0001
2024-01-03T08:00:00Z,TONUSDT,0.0001
2024-01-03T16:00:00Z,TONUSDT,0.0001
2024-01-04T00:00:00Z,TONUSDT,0.0001
2024-01-04T08:00:00Z,TONUSDT,0.0001
2024-01-04T16:00:00Z,TONUSDT,0.0001
2024-01-05T00:00:00Z,TONUSDT,0.0001
2024-01-05T08:00:00Z,TONUSDT,0.0001
2024-01-05T16:00:00Z,TONUSDT,0.0001
2024-01-06T00:00:00Z,TONUSDT,0.0001
2024-01-06T08:00:00Z,TONUSDT,0.0001
2024-01-06T16:00:00Z,TONUSDT,0.0001
2024-01-07T00:00:00Z,TONUSDT,0.0001
2024-01-07T08:00:00Z,TONUSDT,0.0001
2024-01-07T16:00:00Z,TONUSDT,0.0001
2024-01-08T00:00:00Z,TONUSDT,0.0001
2024-01-08T08:00:00Z,TONUSDT,0.0001
2024-01-08T16:00:00Z,TONUSDT,0.0001
2024-01-09T00:00:00Z,TONUSDT,0.0001
2024-01-09T08:00:00Z,TONUSDT,0.0001
2024-01-09T16:00:00Z,TONUSDT,0.0001
2024-01-10T00:00:00Z,TONUSDT,0.0001
2024-01-10T08:00:00Z,TONUSDT,0.0001
2024-01-10T16:00:00Z,TONUSDT,0.0001
2024-01-11T00:00:00Z,TONUSDT,0.0001
2024-01-11T08:00:00Z,TONUSDT,0.0001
2024-01-11T16:00:00Z,TONUSDT,0.0001
2024-01-12T00:00:00Z,TONUSDT,0.0001
2024-01-12T08:00:00Z,TONUSDT,0.0001
2024-01-12T16:00:00Z,TONUSDT,0.0001
2024-01-13T00:00:00Z,TONUSDT,0.00002568
2024-01-13T08:00:00Z,TONUSDT,0.0001
2024-01-13T16:00:00Z,TONUSDT,0.0001
2024-01-14T00:00:00Z,TONUSDT,0.0001
2024-01-14T08:00:00Z,TONUSDT,0.0001
2024-01-14T16:00:00Z,TONUSDT,0.0001
2024-01-15T00:00:00Z,TONUSDT,0.0001
2024-01-15T08:00:00Z,TONUSDT,0.0001
2024-01-15T16:00:00Z,TONUSDT,0.0001
2024-01-16T00:00:00Z,TONUSDT,0.0001
2024-01-16T08:00:00Z,TONUSDT,0.0001
2024-01-16T16:00:00Z,TONUSDT,0.0001
2024-01-17T00:00:00Z,TONUSDT,0.0001
2024-01-17T08:00:00Z,TONUSDT,0.0001
2024-01-17T16:00:00Z,TONUSDT,0.0001
2024-01-18T00:00:00Z,TONUSDT,0.0001
2024-01-18T08:00:00Z,TONUSDT,0.0001
2024-01-18T16:00:00Z,TONUSDT,0.0001
2024-01-19T00:00:00Z,TONUSDT,0.0001
2024-01-19T08:00:00Z,TONUSDT,0.0001
2024-01-19T16:00:00Z,TONUSDT,0.0001
2024-01-20T00:00:00Z,TONUSDT,0.0001
2024-01-20T08:00:00Z,TONUSDT,0.0001
2024-01-20T16:00:00Z,TONUSDT,0.0001
2024-01-21T00:00:00Z,TONUSDT,0.0001
2024-01-21T08:00:00Z,TONUSDT,0.0001
2024-01-21T16:00:00Z,TONUSDT,0.0001
2024-01-22T00:00:00Z,TONUSDT,0.0001
2024-01-22T08:00:00Z,TONUSDT,0.0001
2024-01-22T16:00:00Z,TONUSDT,0.0001
2024-01-23T00:00:00Z,TONUSDT,0.0001
2024-01-23T08:00:00Z,TONUSDT,0.0001
2024-01-23T16:00:00Z,TONUSDT,0.0001
2024-01-24T00:00:00Z,TONUSDT,0.0001
2024-01-24T08:00:00Z,TONUSDT,0.0001
2024-01-24T16:00:00Z,TONUSDT,0.0001
2024-01-25T00:00:00Z,TONUSDT,0.0001
2024-01-25T08:00:00Z,TONUSDT,0.0001
2024-01-25T16:00:00Z,TONUSDT,0.0001
2024-01-26T00:00:00Z,TONUSDT,0.0001
2024-01-26T08:00:00Z,TONUSDT,0.0001
2024-01-26T16:00:00Z,TONUSDT,0.0001
2024-01-27T00:00:00Z,TONUSDT,0.0001
2024-01-27T08:00:00Z,TONUSDT,0.0001
2024-01-27T16:00:00Z,TONUSDT,0.0001
2024-01-28T00:00:00Z,TONUSDT,0.0001
2024-01-28T08:00:00Z,TONUSDT,0.0001
2024-01-28T16:00:00Z,TONUSDT,0.0001
2024-01-29T00:00:00Z,TONUSDT,0.0001
2024-01-29T08:00:00Z,TONUSDT,0.0001
2024-01-29T16:00:00Z,TONUSDT,0.0001
2024-01-30T00:00:00Z,TONUSDT,0.0001
2024-01-30T08:00:00Z,TONUSDT,0.0001
2024-01-30T16:00:00Z,TONUSDT,0.0001
2024-01-31T00:00:00Z,TONUSDT,0.0001
2024-01-31T08:00:00Z,TONUSDT,0.0001
2024-01-31T16:00:00Z,TONUSDT,0.0001
2024-02-01T00:00:00Z,TONUSDT,0.0001
2024-02-01T08:00:00Z,TONUSDT,0.0001
2024-02-01T16:00:00Z,TONUSDT,0.0001
2024-02-02T00:00:00Z,TONUSDT,0.0001
2024-02-02T08:00:00Z,TONUSDT,0.0001
2024-02-02T16:00:00Z,TONUSDT,0.0001
2024-02-03T00:00:00Z,TONUSDT,0.0001
2024-02-03T08:00:00Z,TONUSDT,0.0001
2024-02-03T16:00:00Z,TONUSDT,0.0001
2024-02-04T00:00:00Z,TONUSDT,0.0001
2024-02-04T08:00:00Z,TONUSDT,0.0001
2024-02-04T16:00:00Z,TONUSDT,0.0001
2024-02-05T00:00:00Z,TONUSDT,0.0001
2024-02-05T08:00:00Z,TONUSDT,0.0001
2024-02-05T16:00:00Z,TONUSDT,0.0001
2024-02-06T00:00:00Z,TONUSDT,0.0001
2024-02-06T08:00:00Z,TONUSDT,0.0001
2024-02-06T16:00:00Z,TONUSDT,0.0001
2024-02-07T00:00:00Z,TONUSDT,0.0001
2024-02-07T08:00:00Z,TONUSDT,0.0001
2024-02-07T16:00:00Z,TONUSDT,0.0001
2024-02-08T00:00:00Z,TONUSDT,0.0001
2024-02-08T08:00:00Z,TONUSDT,0.0001
2024-02-08T16:00:00Z,TONUSDT,0.0001
2024-02-09T00:00:00Z,TONUSDT,0.0001
2024-02-09T08:00:00Z,TONUSDT,0.0001
2024-02-09T16:00:00Z,TONUSDT,0.0001
2024-02-10T00:00:00Z,TONUSDT,0.0001
2024-02-10T08:00:00Z,TONUSDT,0.0001
2024-02-10T16:00:00Z,TONUSDT,0.0001
2024-02-11T00:00:00Z,TONUSDT,0.0001
2024-02-11T08:00:00Z,TONUSDT,0.0001
2024-02-11T16:00:00Z,TONUSDT,0.0001
2024-02-12T00:00:00Z,TONUSDT,0.0001
2024-02-12T08:00:00Z,TONUSDT,0.0001
2024-02-12T16:00:00Z,TONUSDT,0.0001
2024-02-13T00:00:00Z,TONUSDT,0.0001
2024-02-13T08:00:00Z,TONUSDT,0.0001
2024-02-13T16:00:00Z,TONUSDT,0.0001
2024-02-14T00:00:00Z,TONUSDT,0.0001
2024-02-14T08:00:00Z,TONUSDT,0.0001
2024-02-14T16:00:00Z,TONUSDT,0.0001
2024-02-15T00:00:00Z,TONUSDT,0.0001
2024-02-15T08:00:00Z,TONUSDT,0.0001
2024-02-15T16:00:00Z,TONUSDT,0.0001
2024-02-16T00:00:00Z,TONUSDT,0.0001
2024-02-16T08:00:00Z,TONUSDT,0.0001
2024-02-16T16:00:00Z,TONUSDT,0.0001
2024-02-17T00:00:00Z,TONUSDT,0.0001
2024-02-17T08:00:00Z,TONUSDT,0.0001
2024-02-17T16:00:00Z,TONUSDT,0.0001
2024-02-18T00:00:00Z,TONUSDT,0.0001
2024-02-18T08:00:00Z,TONUSDT,0.0001
2024-02-18T16:00:00Z,TONUSDT,0.0001
2024-02-19T00:00:00Z,TONUSDT,0.0001
2024-02-19T08:00:00Z,TONUSDT,0.0001
2024-02-19T16:00:00Z,TONUSDT,0.0001
2024-02-20T00:00:00Z,TONUSDT,0.00013188
2024-02-20T08:00:00Z,TONUSDT,0.0001
2024-02-20T16:00:00Z,TONUSDT,0.0001469
2024-02-21T00:00:00Z,TONUSDT,0.0001
2024-02-21T08:00:00Z,TONUSDT,0.0001
2024-02-21T16:00:00Z,TONUSDT,0.0001
2024-02-22T00:00:00Z,TONUSDT,0.0001
2024-02-22T08:00:00Z,TONUSDT,0.00012689
2024-02-22T16:00:00Z,TONUSDT,0.00013007
2024-02-23T00:00:00Z,TONUSDT,0.00021154
2024-02-23T08:00:00Z,TONUSDT,0.0001
2024-02-23T16:00:00Z,TONUSDT,0.0001
2024-02-24T00:00:00Z,TONUSDT,0.0001
2024-02-24T08:00:00Z,TONUSDT,0.0001
2024-02-24T16:00:00Z,TONUSDT,0.0001
2024-02-25T00:00:00Z,TONUSDT,0.0001
2024-02-25T08:00:00Z,TONUSDT,0.00017232
2024-02-25T16:00:00Z,TONUSDT,0.00037778
2024-02-26T00:00:00Z,TONUSDT,0.00025508
2024-02-26T08:00:00Z,TONUSDT,0.00018566
2024-02-26T16:00:00Z,TONUSDT,0.0001
2024-02-27T00:00:00Z,TONUSDT,0.0001
2024-02-27T08:00:00Z,TONUSDT,0.00010995
2024-02-27T16:00:00Z,TONUSDT,0.0001
2024-02-28T00:00:00Z,TONUSDT,0.0001
2024-02-28T08:00:00Z,TONUSDT,0.00028326
2024-02-28T16:00:00Z,TONUSDT,0.00155697
2024-02-29T00:00:00Z,TONUSDT,0.0001
2024-02-29T08:00:00Z,TONUSDT,0.00037302
2024-02-29T16:00:00Z,TONUSDT,0.00094273
2024-03-01T00:00:00Z,TONUSDT,0.0005356
2024-03-01T08:00:00Z,TONUSDT,0.0010896
2024-03-01T16:00:00Z,TONUSDT,0.00082326
2024-03-02T00:00:00Z,TONUSDT,0.0014764
2024-03-02T08:00:00Z,TONUSDT,0.00093852
2024-03-02T16:00:00Z,TONUSDT,0.00096832
2024-03-03T00:00:00Z,TONUSDT,0.00114834
2024-03-03T08:00:00Z,TONUSDT,0.0010778
2024-03-03T16:00:00Z,TONUSDT,0.00073276
2024-03-04T00:00:00Z,TONUSDT,0.00047934
2024-03-04T08:00:00Z,TONUSDT,0.00098586
2024-03-04T16:00:00Z,TONUSDT,0.00094288
2024-03-05T00:00:00Z,TONUSDT,0.00054199
2024-03-05T08:00:00Z,TONUSDT,0.00087352
2024-03-05T16:00:00Z,TONUSDT,0.00115253
2024-03-06T00:00:00Z,TONUSDT,0.0001
2024-03-06T08:00:00Z,TONUSDT,0.0001
2024-03-06T16:00:00Z,TONUSDT,0.0001
2024-03-07T00:00:00Z,TONUSDT,0.00016733
2024-03-07T08:00:00Z,TONUSDT,0.00022012
2024-03-07T16:00:00Z,TONUSDT,0.00029188
2024-03-08T00:00:00Z,TONUSDT,0.00071276
2024-03-08T08:00:00Z,TONUSDT,0.00035999
2024-03-08T16:00:00Z,TONUSDT,0.00049996
2024-03-09T00:00:00Z,TONUSDT,0.00060088
2024-03-09T08:00:00Z,TONUSDT,0.00043769
2024-03-09T16:00:00Z,TONUSDT,0.00048697
2024-03-10T00:00:00Z,TONUSDT,0.00057242
2024-03-10T08:00:00Z,TONUSDT,0.00070994
2024-03-10T16:00:00Z,TONUSDT,0.00030269
2024-03-11T00:00:00Z,TONUSDT,0.00054595
2024-03-11T08:00:00Z,TONUSDT,0.00055057
2024-03-11T16:00:00Z,TONUSDT,0.00052136
2024-03-12T00:00:00Z,TONUSDT,0.00049902
2024-03-12T08:00:00Z,TONUSDT,0.00058096
2024-03-12T16:00:00Z,TONUSDT,0.00069937
2024-03-13T00:00:00Z,TONUSDT,0.0005036
2024-03-13T08:00:00Z,TONUSDT,0.00121229
2024-03-13T16:00:00Z,TONUSDT,0.00106093
2024-03-14T00:00:00Z,TONUSDT,0.00071418
2024-03-14T08:00:00Z,TONUSDT,0.00140186
2024-03-14T16:00:00Z,TONUSDT,0.00134803
2024-03-15T00:00:00Z,TONUSDT,0.00152374
2024-03-15T08:00:00Z,TONUSDT,0.00048959
2024-03-15T16:00:00Z,TONUSDT,0.00017697
2024-03-16T00:00:00Z,TONUSDT,0.00035873
2024-03-16T08:00:00Z,TONUSDT,0.00016214
2024-03-16T16:00:00Z,TONUSDT,0.0001
2024-03-17T00:00:00Z,TONUSDT,0.0001
2024-03-17T08:00:00Z,TONUSDT,0.0001
2024-03-17T16:00:00Z,TONUSDT,0.0001
2024-03-18T00:00:00Z,TONUSDT,0.00017993
2024-03-18T08:00:00Z,TONUSDT,0.0003201
2024-03-18T16:00:00Z,TONUSDT,0.00010717
2024-03-19T00:00:00Z,TONUSDT,0.00017758
2024-03-19T08:00:00Z,TONUSDT,0.0001
2024-03-19T16:00:00Z,TONUSDT,0.0001
2024-03-20T00:00:00Z,TONUSDT,0.0001
2024-03-20T08:00:00Z,TONUSDT,0.0001
2024-03-20T16:00:00Z,TONUSDT,0.00014997
2024-03-21T00:00:00Z,TONUSDT,0.0001
2024-03-21T08:00:00Z,TONUSDT,0.00020137
2024-03-21T16:00:00Z,TONUSDT,0.0001
2024-03-22T00:00:00Z,TONUSDT,0.0001
2024-03-22T08:00:00Z,TONUSDT,0.0001962
2024-03-22T16:00:00Z,TONUSDT,0.0001
2024-03-23T00:00:00Z,TONUSDT,0.0001
2024-03-23T08:00:00Z,TONUSDT,0.00026802
2024-03-23T16:00:00Z,TONUSDT,0.00015947
2024-03-24T00:00:00Z,TONUSDT,0.000367
2024-03-24T08:00:00Z,TONUSDT,0.00020492
2024-03-24T16:00:00Z,TONUSDT,0.00016978
2024-03-25T00:00:00Z,TONUSDT,0.00030883
2024-03-25T08:00:00Z,TONUSDT,0.00038239
2024-03-25T16:00:00Z,TONUSDT,0.0006363
2024-03-26T00:00:00Z,TONUSDT,0.00069072
2024-03-26T08:00:00Z,TONUSDT,0.00081406
2024-03-26T16:00:00Z,TONUSDT,0.00071006
2024-03-27T00:00:00Z,TONUSDT,0.00083721
2024-03-27T08:00:00Z,TONUSDT,0.00076292
2024-03-27T16:00:00Z,TONUSDT,0.00042326
2024-03-28T00:00:00Z,TONUSDT,0.00052698
2024-03-28T08:00:00Z,TONUSDT,0.00089474
2024-03-28T16:00:00Z,TONUSDT,0.00079771
2024-03-29T00:00:00Z,TONUSDT,0.00117996
2024-03-29T08:00:00Z,TONUSDT,0.00077091
2024-03-29T16:00:00Z,TONUSDT,0.0003455
2024-03-30T00:00:00Z,TONUSDT,0.0008293
2024-03-30T08:00:00Z,TONUSDT,0.00068864
2024-03-30T16:00:00Z,TONUSDT,0.00071281
2024-03-31T00:00:00Z,TONUSDT,0.00054551
2024-03-31T08:00:00Z,TONUSDT,0.0009578
2024-03-31T16:00:00Z,TONUSDT,0.00074206
2024-04-01T00:00:00Z,TONUSDT,0.00088654
2024-04-01T08:00:00Z,TONUSDT,0.00048927
2024-04-01T16:00:00Z,TONUSDT,0.00050312
2024-04-02T00:00:00Z,TONUSDT,0.00057146
2024-04-02T08:00:00Z,TONUSDT,0.00016423
2024-04-02T16:00:00Z,TONUSDT,0.0001
2024-04-03T00:00:00Z,TONUSDT,0.0001
2024-04-03T08:00:00Z,TONUSDT,0.00032007
2024-04-03T16:00:00Z,TONUSDT,0.00018708
2024-04-04T00:00:00Z,TONUSDT,0.00021566
2024-04-04T08:00:00Z,TONUSDT,0.00016941
2024-04-04T16:00:00Z,TONUSDT,0.0001
2024-04-05T00:00:00Z,TONUSDT,0.0001
2024-04-05T08:00:00Z,TONUSDT,0.0001
2024-04-05T16:00:00Z,TONUSDT,0.0001
2024-04-06T00:00:00Z,TONUSDT,0.0001
2024-04-06T08:00:00Z,TONUSDT,0.0001
2024-04-06T16:00:00Z,TONUSDT,0.0001
2024-04-07T00:00:00Z,TONUSDT,0.00017463
2024-04-07T08:00:00Z,TONUSDT,0.00016372
2024-04-07T16:00:00Z,TONUSDT,0.0001
2024-04-08T00:00:00Z,TONUSDT,0.00014861
2024-04-08T08:00:00Z,TONUSDT,0.00014211
2024-04-08T16:00:00Z,TONUSDT,0.00045654
2024-04-09T00:00:00Z,TONUSDT,0.00046759
2024-04-09T08:00:00Z,TONUSDT,0.00012767
2024-04-09T16:00:00Z,TONUSDT,0.00051211
2024-04-10T00:00:00Z,TONUSDT,0.00016224
2024-04-10T08:00:00Z,TONUSDT,0.0001
2024-04-10T16:00:00Z,TONUSDT,0.0001
2024-04-11T00:00:00Z,TONUSDT,0.0001
2024-04-11T08:00:00Z,TONUSDT,0.0001
2024-04-11T16:00:00Z,TONUSDT,0.0001911
2024-04-12T00:00:00Z,TONUSDT,0.0001
2024-04-12T08:00:00Z,TONUSDT,0.00035126
2024-04-12T16:00:00Z,TONUSDT,0.00019611
2024-04-13T00:00:00Z,TONUSDT,0.0001
2024-04-13T08:00:00Z,TONUSDT,0.00007641
2024-04-13T16:00:00Z,TONUSDT,0.0001
2024-04-14T00:00:00Z,TONUSDT,-0.00036334
2024-04-14T08:00:00Z,TONUSDT,0.0001
2024-04-14T16:00:00Z,TONUSDT,0.0001
2024-04-15T00:00:00Z,TONUSDT,0.0001
2024-04-15T08:00:00Z,TONUSDT,0.0001
2024-04-15T16:00:00Z,TONUSDT,0.0001
2024-04-16T00:00:00Z,TONUSDT,0.0001
2024-04-16T08:00:00Z,TONUSDT,0.0001
2024-04-16T16:00:00Z,TONUSDT,0.0001
2024-04-17T00:00:00Z,TONUSDT,0.00003766
2024-04-17T08:00:00Z,TONUSDT,0.0001
2024-04-17T16:00:00Z,TONUSDT,0.0001
2024-04-18T00:00:00Z,TONUSDT,0.0001
2024-04-18T08:00:00Z,TONUSDT,0.0001
2024-04-18T16:00:00Z,TONUSDT,0.0001
2024-04-19T00:00:00Z,TONUSDT,0.0001
2024-04-19T08:00:00Z,TONUSDT,0.0001
2024-04-19T16:00:00Z,TONUSDT,0.0001
2024-04-20T00:00:00Z,TONUSDT,0.0001
2024-04-20T08:00:00Z,TONUSDT,0.0001
2024-04-20T16:00:00Z,TONUSDT,0.0001
2024-04-21T00:00:00Z,TONUSDT,0.0001
2024-04-21T08:00:00Z,TONUSDT,0.0001
2024-04-21T16:00:00Z,TONUSDT,0.0001
2024-04-22T00:00:00Z,TONUSDT,0.0001
2024-04-22T08:00:00Z,TONUSDT,0.0001
2024-04-22T16:00:00Z,TONUSDT,0.0001
2024-04-23T00:00:00Z,TONUSDT,0.0001
2024-04-23T08:00:00Z,TONUSDT,0.0001
2024-04-23T16:00:00Z,TONUSDT,0.0001
2024-04-24T00:00:00Z,TONUSDT,0.0001
2024-04-24T08:00:00Z,TONUSDT,0.0001
2024-04-24T16:00:00Z,TONUSDT,0.0001
2024-04-25T00:00:00Z,TONUSDT,0.0001
2024-04-25T08:00:00Z,TONUSDT,0.0001
2024-04-25T16:00:00Z,TONUSDT,0.0001
2024-04-26T00:00:00Z,TONUSDT,0.0001
2024-04-26T08:00:00Z,TONUSDT,0.0001
2024-04-26T16:00:00Z,TONUSDT,0.0001
2024-04-27T00:00:00Z,TONUSDT,0.0001
2024-04-27T08:00:00Z,TONUSDT,0.0001
2024-04-27T16:00:00Z,TONUSDT,0.0001
2024-04-28T00:00:00Z,TONUSDT,0.0001
2024-04-28T08:00:00Z,TONUSDT,0.0001
2024-04-28T16:00:00Z,TONUSDT,0.0001
2024-04-29T00:00:00Z,TONUSDT,0.0001
2024-04-29T08:00:00Z,TONUSDT,0.00006738
2024-04-29T16:00:00Z,TONUSDT,0.0001
2024-04-30T00:00:00Z,TONUSDT,0.00004259
2024-04-30T08:00:00Z,TONUSDT,-0.00000359
2024-04-30T16:00:00Z,TONUSDT,-0.00005609
2024-05-01T00:00:00Z,TONUSDT,0.0001
2024-05-01T08:00:00Z,TONUSDT,-0.00000186
2024-05-01T16:00:00Z,TONUSDT,0.00005633
2024-05-02T00:00:00Z,TONUSDT,0.00003271
2024-05-02T08:00:00Z,TONUSDT,-0.00000287
2024-05-02T16:00:00Z,TONUSDT,0.00003535
2024-05-03T00:00:00Z,TONUSDT,0.0000403
2024-05-03T08:00:00Z,TONUSDT,0.00004353
2024-05-03T16:00:00Z,TONUSDT,0.00002865
2024-05-04T00:00:00Z,TONUSDT,-0.00000139
2024-05-04T08:00:00Z,TONUSDT,0.00003285
2024-05-04T16:00:00Z,TONUSDT,0.00006988
2024-05-05T00:00:00Z,TONUSDT,-0.00001835
2024-05-05T08:00:00Z,TONUSDT,0.00003166
2024-05-05T16:00:00Z,TONUSDT,0.0001
2024-05-06T00:00:00Z,TONUSDT,-0.00001548
2024-05-06T08:00:00Z,TONUSDT,0.0001
2024-05-06T16:00:00Z,TONUSDT,-0.00000187
2024-05-07T00:00:00Z,TONUSDT,-0.00002646
2024-05-07T08:00:00Z,TONUSDT,0.0001
2024-05-07T16:00:00Z,TONUSDT,0.0001
2024-05-08T00:00:00Z,TONUSDT,0.00009653
2024-05-08T08:00:00Z,TONUSDT,0.00005672
2024-05-08T16:00:00Z,TONUSDT,0.00006786
2024-05-09T00:00:00Z,TONUSDT,0.00002203
2024-05-09T08:00:00Z,TONUSDT,-0.00003396
2024-05-09T16:00:00Z,TONUSDT,0.0001
2024-05-10T00:00:00Z,TONUSDT,0.0001
2024-05-10T08:00:00Z,TONUSDT,0.0001
2024-05-10T16:00:00Z,TONUSDT,0.0001
2024-05-11T00:00:00Z,TONUSDT,0.0001
2024-05-11T08:00:00Z,TONUSDT,0.0001
2024-05-11T16:00:00Z,TONUSDT,0.00001376
2024-05-12T00:00:00Z,TONUSDT,-0.00011747
2024-05-12T08:00:00Z,TONUSDT,-0.00014856
2024-05-12T16:00:00Z,TONUSDT,-0.00011785
2024-05-13T00:00:00Z,TONUSDT,-0.00021012
2024-05-13T08:00:00Z,TONUSDT,-0.00111745
2024-05-13T16:00:00Z,TONUSDT,-0.0016177
2024-05-14T00:00:00Z,TONUSDT,-0.00023129
2024-05-14T08:00:00Z,TONUSDT,-0.00060137
2024-05-14T16:00:00Z,TONUSDT,-0.00087164
2024-05-15T00:00:00Z,TONUSDT,-0.0005514
2024-05-15T08:00:00Z,TONUSDT,-0.00052655
2024-05-15T16:00:00Z,TONUSDT,-0.00106446
2024-05-16T00:00:00Z,TONUSDT,-0.00052859
2024-05-16T08:00:00Z,TONUSDT,-0.00014805
2024-05-16T16:00:00Z,TONUSDT,-0.00008966
2024-05-17T00:00:00Z,TONUSDT,-0.00133537
2024-05-17T08:00:00Z,TONUSDT,-0.00024026
2024-05-17T16:00:00Z,TONUSDT,-0.00039355
2024-05-18T00:00:00Z,TONUSDT,-0.00058565
2024-05-18T08:00:00Z,TONUSDT,0.0001
2024-05-18T16:00:00Z,TONUSDT,0.0001
2024-05-19T00:00:00Z,TONUSDT,0.0001
2024-05-19T08:00:00Z,TONUSDT,0.0001
2024-05-19T16:00:00Z,TONUSDT,0.0001
2024-05-20T00:00:00Z,TONUSDT,0.0001
2024-05-20T08:00:00Z,TONUSDT,0.0001
2024-05-20T16:00:00Z,TONUSDT,0.0001
2024-05-21T00:00:00Z,TONUSDT,0.0001
2024-05-21T08:00:00Z,TONUSDT,0.0001
2024-05-21T16:00:00Z,TONUSDT,0.0001
2024-05-22T00:00:00Z,TONUSDT,0.0001
2024-05-22T08:00:00Z,TONUSDT,0.0001
2024-05-22T16:00:00Z,TONUSDT,0.0001
2024-05-23T00:00:00Z,TONUSDT,0.0001
2024-05-23T08:00:00Z,TONUSDT,0.0001
2024-05-23T16:00:00Z,TONUSDT,0.0001
2024-05-24T00:00:00Z,TONUSDT,0.0001
2024-05-24T08:00:00Z,TONUSDT,0.0001
2024-05-24T16:00:00Z,TONUSDT,0.0001
2024-05-25T00:00:00Z,TONUSDT,0.0001
2024-05-25T08:00:00Z,TONUSDT,0.00015962
2024-05-25T16:00:00Z,TONUSDT,0.0001
2024-05-26T00:00:00Z,TONUSDT,0.0001
2024-05-26T08:00:00Z,TONUSDT,0.0001
2024-05-26T16:00:00Z,TONUSDT,0.00013713
2024-05-27T00:00:00Z,TONUSDT,0.00011512
2024-05-27T08:00:00Z,TONUSDT,0.0001195
2024-05-27T16:00:00Z,TONUSDT,0.00010337
2024-05-28T00:00:00Z,TONUSDT,0.00013479
2024-05-28T08:00:00Z,TONUSDT,0.0001
2024-05-28T16:00:00Z,TONUSDT,0.0001
2024-05-29T00:00:00Z,TONUSDT,0.00016455
2024-05-29T08:00:00Z,TONUSDT,0.00016581
2024-05-29T16:00:00Z,TONUSDT,0.0001
2024-05-30T00:00:00Z,TONUSDT,0.0001
2024-05-30T08:00:00Z,TONUSDT,0.0001
2024-05-30T16:00:00Z,TONUSDT,0.00011609
2024-05-31T00:00:00Z,TONUSDT,0.0001
2024-05-31T08:00:00Z,TONUSDT,0.0001
2024-05-31T16:00:00Z,TONUSDT,0.00010105
2024-06-01T00:00:00Z,TONUSDT,0.0001
2024-06-01T08:00:00Z,TONUSDT,0.00016846
2024-06-01T16:00:00Z,TONUSDT,0.00026623
2024-06-02T00:00:00Z,TONUSDT,0.00017216
2024-06-02T08:00:00Z,TONUSDT,0.00014285
2024-06-02T16:00:00Z,TONUSDT,0.0001
2024-06-03T00:00:00Z,TONUSDT,0.0001
2024-06-03T08:00:00Z,TONUSDT,0.0001
2024-06-03T16:00:00Z,TONUSDT,0.0001
2024-06-04T00:00:00Z,TONUSDT,0.0001
2024-06-04T08:00:00Z,TONUSDT,0.0001
2024-06-04T16:00:00Z,TONUSDT,0.0001
2024-06-05T00:00:00Z,TONUSDT,0.0001
2024-06-05T08:00:00Z,TONUSDT,0.00022238
2024-06-05T16:00:00Z,TONUSDT,0.0001
2024-06-06T00:00:00Z,TONUSDT,0.0001
2024-06-06T08:00:00Z,TONUSDT,0.0001
2024-06-06T16:00:00Z,TONUSDT,0.00029374
2024-06-07T00:00:00Z,TONUSDT,0.00030608
2024-06-07T08:00:00Z,TONUSDT,0.00031646
2024-06-07T16:00:00Z,TONUSDT,0.0001
2024-06-08T00:00:00Z,TONUSDT,0.0001
2024-06-08T08:00:00Z,TONUSDT,0.0001
2024-06-08T16:00:00Z,TONUSDT,0.0001
2024-06-09T00:00:00Z,TONUSDT,-0.00040429
2024-06-09T08:00:00Z,TONUSDT,0.0001
2024-06-09T16:00:00Z,TONUSDT,-0.00006948
2024-06-10T00:00:00Z,TONUSDT,-0.00000762
2024-06-10T08:00:00Z,TONUSDT,0.00002129
2024-06-10T16:00:00Z,TONUSDT,-0.00000372
2024-06-11T00:00:00Z,TONUSDT,-0.00016498
2024-06-11T08:00:00Z,TONUSDT,-0.00021263
2024-06-11T16:00:00Z,TONUSDT,-0.00037448
2024-06-12T00:00:00Z,TONUSDT,0.00000644
2024-06-12T08:00:00Z,TONUSDT,-0.00006875
2024-06-12T16:00:00Z,TONUSDT,0.0001
2024-06-13T00:00:00Z,TONUSDT,-0.00023615
2024-06-13T08:00:00Z,TONUSDT,-0.00023797
2024-06-13T16:00:00Z,TONUSDT,-0.0002166
2024-06-14T00:00:00Z,TONUSDT,0.00003162
2024-06-14T08:00:00Z,TONUSDT,0.00008157
2024-06-14T16:00:00Z,TONUSDT,-0.00022666
2024-06-15T00:00:00Z,TONUSDT,0.0001
2024-06-15T08:00:00Z,TONUSDT,-0.0000763
2024-06-15T16:00:00Z,TONUSDT,-0.00030906
2024-06-16T00:00:00Z,TONUSDT,-0.00022446
2024-06-16T08:00:00Z,TONUSDT,-0.0005439
2024-06-16T16:00:00Z,TONUSDT,-0.00030729
2024-06-17T00:00:00Z,TONUSDT,-0.00026736
2024-06-17T08:00:00Z,TONUSDT,-0.00040115
2024-06-17T16:00:00Z,TONUSDT,-0.00054269
2024-06-18T00:00:00Z,TONUSDT,-0.00084429
2024-06-18T08:00:00Z,TONUSDT,-0.00051765
2024-06-18T16:00:00Z,TONUSDT,-0.0006769
2024-06-19T00:00:00Z,TONUSDT,-0.00030156
2024-06-19T08:00:00Z,TONUSDT,-0.00012136
2024-06-19T16:00:00Z,TONUSDT,-0.00040918
2024-06-20T00:00:00Z,TONUSDT,-0.00033689
2024-06-20T08:00:00Z,TONUSDT,-0.00043175
2024-06-20T16:00:00Z,TONUSDT,-0.00032589
2024-06-21T00:00:00Z,TONUSDT,-0.00029026
2024-06-21T08:00:00Z,TONUSDT,-0.0003374
2024-06-21T16:00:00Z,TONUSDT,-0.0003117
2024-06-22T00:00:00Z,TONUSDT,-0.00023522
2024-06-22T08:00:00Z,TONUSDT,-0.00008675
2024-06-22T16:00:00Z,TONUSDT,-0.00010121
2024-06-23T00:00:00Z,TONUSDT,-0.0001175
2024-06-23T08:00:00Z,TONUSDT,-0.00017548
2024-06-23T16:00:00Z,TONUSDT,-0.0004411
2024-06-24T00:00:00Z,TONUSDT,-0.0005068
2024-06-24T08:00:00Z,TONUSDT,-0.00029459
2024-06-24T16:00:00Z,TONUSDT,-0.00035506
2024-06-25T00:00:00Z,TONUSDT,-0.00007993
2024-06-25T08:00:00Z,TONUSDT,-0.00025691
2024-06-25T16:00:00Z,TONUSDT,-0.00000865
2024-06-26T00:00:00Z,TONUSDT,0.00002227
2024-06-26T08:00:00Z,TONUSDT,-0.00005472
2024-06-26T16:00:00Z,TONUSDT,-0.00004874
2024-06-27T00:00:00Z,TONUSDT,0.00004661
2024-06-27T08:00:00Z,TONUSDT,-0.00004212
2024-06-27T16:00:00Z,TONUSDT,-0.00003187
2024-06-28T00:00:00Z,TONUSDT,0.0001
2024-06-28T08:00:00Z,TONUSDT,-0.00017322
2024-06-28T16:00:00Z,TONUSDT,-0.0002472
2024-06-29T00:00:00Z,TONUSDT,-0.00015795
2024-06-29T08:00:00Z,TONUSDT,-0.00012601
2024-06-29T16:00:00Z,TONUSDT,-0.00012294
2024-06-30T00:00:00Z,TONUSDT,-0.00022629
2024-06-30T08:00:00Z,TONUSDT,-0.00027804
2024-06-30T16:00:00Z,TONUSDT,-0.00024992
2024-07-01T00:00:00Z,TONUSDT,-0.00020738
2024-07-01T08:00:00Z,TONUSDT,-0.00008213
2024-07-01T16:00:00Z,TONUSDT,-0.00009225
2024-07-02T00:00:00Z,TONUSDT,0.00007454
2024-07-02T08:00:00Z,TONUSDT,-0.00025071
2024-07-02T16:00:00Z,TONUSDT,-0.00007891
2024-07-03T00:00:00Z,TONUSDT,-0.00051289
2024-07-03T08:00:00Z,TONUSDT,-0.00100444
2024-07-03T16:00:00Z,TONUSDT,-0.00058666
2024-07-04T00:00:00Z,TONUSDT,-0.00044142
2024-07-04T08:00:00Z,TONUSDT,-0.00035851
2024-07-04T16:00:00Z,TONUSDT,-0.00043609
2024-07-05T00:00:00Z,TONUSDT,-0.00042876
2024-07-05T08:00:00Z,TONUSDT,-0.00046662
2024-07-05T16:00:00Z,TONUSDT,-0.00016376
2024-07-06T00:00:00Z,TONUSDT,-0.00035064
2024-07-06T08:00:00Z,TONUSDT,-0.00011847
2024-07-06T16:00:00Z,TONUSDT,-0.00025281
2024-07-07T00:00:00Z,TONUSDT,-0.00020406
2024-07-07T08:00:00Z,TONUSDT,-0.00025891
2024-07-07T16:00:00Z,TONUSDT,-0.00022152
2024-07-08T00:00:00Z,TONUSDT,-0.00062423
2024-07-08T08:00:00Z,TONUSDT,-0.00002853
2024-07-08T16:00:00Z,TONUSDT,-0.00056994
2024-07-09T00:00:00Z,TONUSDT,-0.00018351
2024-07-09T08:00:00Z,TONUSDT,-0.00013926
2024-07-09T16:00:00Z,TONUSDT,-0.0001727
2024-07-10T00:00:00Z,TONUSDT,-0.00012452
2024-07-10T08:00:00Z,TONUSDT,-0.00026424
2024-07-10T16:00:00Z,TONUSDT,-0.00024671
2024-07-11T00:00:00Z,TONUSDT,-0.00023463
2024-07-11T08:00:00Z,TONUSDT,-0.00012934
2024-07-11T16:00:00Z,TONUSDT,-0.00026694
2024-07-12T00:00:00Z,TONUSDT,-0.00037848
2024-07-12T08:00:00Z,TONUSDT,-0.0002849
2024-07-12T16:00:00Z,TONUSDT,-0.00021787
2024-07-13T00:00:00Z,TONUSDT,-0.00039589
2024-07-13T08:00:00Z,TONUSDT,-0.00013137
2024-07-13T16:00:00Z,TONUSDT,-0.00014293
2024-07-14T00:00:00Z,TONUSDT,-0.0003238
2024-07-14T08:00:00Z,TONUSDT,-0.00027084
2024-07-14T16:00:00Z,TONUSDT,-0.00025626
2024-07-15T00:00:00Z,TONUSDT,-0.00005159
2024-07-15T08:00:00Z,TONUSDT,-0.00004107
2024-07-15T16:00:00Z,TONUSDT,-0.00011709
2024-07-16T00:00:00Z,TONUSDT,-0.00002089
2024-07-16T08:00:00Z,TONUSDT,-0.00033273
2024-07-16T16:00:00Z,TONUSDT,0.00005257
2024-07-17T00:00:00Z,TONUSDT,0.00003116
2024-07-17T08:00:00Z,TONUSDT,-0.00002333
2024-07-17T16:00:00Z,TONUSDT,-0.00012525
2024-07-18T00:00:00Z,TONUSDT,-0.00027971
2024-07-18T08:00:00Z,TONUSDT,0.00003885
2024-07-18T16:00:00Z,TONUSDT,-0.00011546
2024-07-19T00:00:00Z,TONUSDT,-0.00000522
2024-07-19T08:00:00Z,TONUSDT,-0.00017057
2024-07-19T16:00:00Z,TONUSDT,-0.00015836
2024-07-20T00:00:00Z,TONUSDT,-0.00025331
2024-07-20T08:00:00Z,TONUSDT,-0.00001526
2024-07-20T16:00:00Z,TONUSDT,-0.00017766
2024-07-21T00:00:00Z,TONUSDT,-0.00005971
2024-07-21T08:00:00Z,TONUSDT,-0.000352
2024-07-21T16:00:00Z,TONUSDT,-0.00021451
2024-07-22T00:00:00Z,TONUSDT,-0.00014722
2024-07-22T08:00:00Z,TONUSDT,-0.00026768
2024-07-22T16:00:00Z,TONUSDT,-0.00033762
2024-07-23T00:00:00Z,TONUSDT,-0.00029753
2024-07-23T08:00:00Z,TONUSDT,-0.00041645
2024-07-23T16:00:00Z,TONUSDT,-0.00006591
2024-07-24T00:00:00Z,TONUSDT,-0.00021601
2024-07-24T08:00:00Z,TONUSDT,-0.00006298
2024-07-24T16:00:00Z,TONUSDT,-0.00003235
2024-07-25T00:00:00Z,TONUSDT,-0.00026666
2024-07-25T08:00:00Z,TONUSDT,-0.00013577
2024-07-25T16:00:00Z,TONUSDT,-0.00054665
2024-07-26T00:00:00Z,TONUSDT,-0.00014885
2024-07-26T08:00:00Z,TONUSDT,-0.00001288
2024-07-26T16:00:00Z,TONUSDT,0.0001
2024-07-27T00:00:00Z,TONUSDT,0.0001
2024-07-27T08:00:00Z,TONUSDT,0.0001
2024-07-27T16:00:00Z,TONUSDT,-0.00022983
2024-07-28T00:00:00Z,TONUSDT,0.00004444
2024-07-28T08:00:00Z,TONUSDT,-0.00031361
2024-07-28T16:00:00Z,TONUSDT,-0.00012067
2024-07-29T00:00:00Z,TONUSDT,0.0001
2024-07-29T08:00:00Z,TONUSDT,0.0001
2024-07-29T16:00:00Z,TONUSDT,-0.00010272
2024-07-30T00:00:00Z,TONUSDT,-0.0002379
2024-07-30T08:00:00Z,TONUSDT,-0.00004066
2024-07-30T16:00:00Z,TONUSDT,-0.00001022
2024-07-31T00:00:00Z,TONUSDT,0.00000786
2024-07-31T08:00:00Z,TONUSDT,0.0001
2024-07-31T16:00:00Z,TONUSDT,0.0001
2024-08-01T00:00:00Z,TONUSDT,0.0001
2024-08-01T08:00:00Z,TONUSDT,0.00009447
2024-08-01T16:00:00Z,TONUSDT,0.0000211
2024-08-02T00:00:00Z,TONUSDT,0.0001
2024-08-02T08:00:00Z,TONUSDT,-0.00007557
2024-08-02T16:00:00Z,TONUSDT,-0.00008308
2024-08-03T00:00:00Z,TONUSDT,-0.00029209
2024-08-03T08:00:00Z,TONUSDT,-0.00031157
2024-08-03T16:00:00Z,TONUSDT,-0.00009232
2024-08-04T00:00:00Z,TONUSDT,-0.00017962
2024-08-04T08:00:00Z,TONUSDT,-0.00045563
2024-08-04T16:00:00Z,TONUSDT,-0.00036372
2024-08-05T00:00:00Z,TONUSDT,-0.00013381
2024-08-05T08:00:00Z,TONUSDT,-0.00023258
2024-08-05T16:00:00Z,TONUSDT,-0.00004796
2024-08-06T00:00:00Z,TONUSDT,-0.00014199
2024-08-06T08:00:00Z,TONUSDT,-0.00001401
2024-08-06T16:00:00Z,TONUSDT,-0.00002894
2024-08-07T00:00:00Z,TONUSDT,0.00006645
2024-08-07T08:00:00Z,TONUSDT,0.0001
2024-08-07T16:00:00Z,TONUSDT,0.0001
2024-08-08T00:00:00Z,TONUSDT,0.0001
2024-08-08T08:00:00Z,TONUSDT,-0.00005156
2024-08-08T16:00:00Z,TONUSDT,-0.00035689
2024-08-09T00:00:00Z,TONUSDT,-0.00029085
2024-08-09T08:00:00Z,TONUSDT,-0.00024832
2024-08-09T16:00:00Z,TONUSDT,-0.00010581
2024-08-10T00:00:00Z,TONUSDT,-0.00012421
2024-08-10T08:00:00Z,TONUSDT,-0.00013123
2024-08-10T16:00:00Z,TONUSDT,-0.00025428
2024-08-11T00:00:00Z,TONUSDT,-0.0002279
2024-08-11T08:00:00Z,TONUSDT,-0.00022023
2024-08-11T16:00:00Z,TONUSDT,-0.00024379
2024-08-12T00:00:00Z,TONUSDT,-0.00027596
2024-08-12T08:00:00Z,TONUSDT,-0.00023122
2024-08-12T16:00:00Z,TONUSDT,-0.00010009
2024-08-13T00:00:00Z,TONUSDT,-0.00037391
2024-08-13T08:00:00Z,TONUSDT,-0.00029084
2024-08-13T16:00:00Z,TONUSDT,-0.00021437
2024-08-14T00:00:00Z,TONUSDT,-0.00020892
2024-08-14T08:00:00Z,TONUSDT,-0.00023111
2024-08-14T16:00:00Z,TONUSDT,-0.00017772
2024-08-15T00:00:00Z,TONUSDT,-0.00011444
2024-08-15T08:00:00Z,TONUSDT,-0.00029677
2024-08-15T16:00:00Z,TONUSDT,-0.0001866
2024-08-16T00:00:00Z,TONUSDT,-0.00015233
2024-08-16T08:00:00Z,TONUSDT,-0.0003558
2024-08-16T16:00:00Z,TONUSDT,-0.00030726
2024-08-17T00:00:00Z,TONUSDT,-0.00019699
2024-08-17T08:00:00Z,TONUSDT,-0.00006651
2024-08-17T16:00:00Z,TONUSDT,-0.00023109
2024-08-18T00:00:00Z,TONUSDT,-0.00020939
2024-08-18T08:00:00Z,TONUSDT,-0.00022477
2024-08-18T16:00:00Z,TONUSDT,-0.00014795
2024-08-19T00:00:00Z,TONUSDT,-0.00013485
2024-08-19T08:00:00Z,TONUSDT,-0.00024829
2024-08-19T16:00:00Z,TONUSDT,-0.0001899
2024-08-20T00:00:00Z,TONUSDT,-0.00018977
2024-08-20T08:00:00Z,TONUSDT,-0.00014596
2024-08-20T16:00:00Z,TONUSDT,-0.00000492
2024-08-21T00:00:00Z,TONUSDT,0.00005232
2024-08-21T08:00:00Z,TONUSDT,0.00007187
2024-08-21T16:00:00Z,TONUSDT,0.00004797
2024-08-22T00:00:00Z,TONUSDT,0.00008349
2024-08-22T08:00:00Z,TONUSDT,0.0001
2024-08-22T16:00:00Z,TONUSDT,0.00008092
2024-08-23T00:00:00Z,TONUSDT,0.0001
2024-08-23T08:00:00Z,TONUSDT,0.0000902
2024-08-23T16:00:00Z,TONUSDT,-0.00004779
2024-08-24T00:00:00Z,TONUSDT,0.00002171
2024-08-24T08:00:00Z,TONUSDT,-0.00009034
2024-08-24T16:00:00Z,TONUSDT,0.00006207
2024-08-25T00:00:00Z,TONUSDT,0.0001
2024-08-25T08:00:00Z,TONUSDT,0.0001
2024-08-25T16:00:00Z,TONUSDT,0.000092
2024-08-26T00:00:00Z,TONUSDT,-0.0000585
2024-08-26T08:00:00Z,TONUSDT,0.00002759
2024-08-26T16:00:00Z,TONUSDT,0.0001
2024-08-27T00:00:00Z,TONUSDT,0.0001
2024-08-27T08:00:00Z,TONUSDT,0.0001
2024-08-27T16:00:00Z,TONUSDT,0.00002229
2024-08-28T00:00:00Z,TONUSDT,-0.00001605
2024-08-28T08:00:00Z,TONUSDT,0.00009016
2024-08-28T16:00:00Z,TONUSDT,-0.00004
2024-08-29T00:00:00Z,TONUSDT,-0.00006345
2024-08-29T08:00:00Z,TONUSDT,-0.00013944
2024-08-29T16:00:00Z,TONUSDT,-0.00008574
2024-08-30T00:00:00Z,TONUSDT,-0.00001166
2024-08-30T08:00:00Z,TONUSDT,0.00004646
2024-08-30T16:00:00Z,TONUSDT,0.00002242
2024-08-31T00:00:00Z,TONUSDT,0.0001
2024-08-31T08:00:00Z,TONUSDT,0.00009842
2024-08-31T16:00:00Z,TONUSDT,0.00003136
2024-09-01T00:00:00Z,TONUSDT,-0.0001515
2024-09-01T08:00:00Z,TONUSDT,-0.00003729
2024-09-01T16:00:00Z,TONUSDT,-0.00005919
2024-09-02T00:00:00Z,TONUSDT,-0.00010462
2024-09-02T08:00:00Z,TONUSDT,-0.00002922
2024-09-02T16:00:00Z,TONUSDT,-0.00003457
2024-09-03T00:00:00Z,TONUSDT,0.00001989
2024-09-03T08:00:00Z,TONUSDT,0.00004693
2024-09-03T16:00:00Z,TONUSDT,-0.0000212
2024-09-04T00:00:00Z,TONUSDT,-0.00011729
2024-09-04T08:00:00Z,TONUSDT,-0.00015625
2024-09-04T16:00:00Z,TONUSDT,-0.00016191
2024-09-05T00:00:00Z,TONUSDT,-0.0001453
2024-09-05T08:00:00Z,TONUSDT,-0.00006997
2024-09-05T16:00:00Z,TONUSDT,-0.00027217
2024-09-06T00:00:00Z,TONUSDT,-0.00021077
2024-09-06T08:00:00Z,TONUSDT,-0.00020052
2024-09-06T16:00:00Z,TONUSDT,-0.00012082
2024-09-07T00:00:00Z,TONUSDT,-0.00022634
2024-09-07T08:00:00Z,TONUSDT,-0.00001764
2024-09-07T16:00:00Z,TONUSDT,0.0000544
2024-09-08T00:00:00Z,TONUSDT,0.00001158
2024-09-08T08:00:00Z,TONUSDT,0.0001
2024-09-08T16:00:00Z,TONUSDT,0.00001315
2024-09-09T00:00:00Z,TONUSDT,-0.00001775
2024-09-09T08:00:00Z,TONUSDT,0.00003439
2024-09-09T16:00:00Z,TONUSDT,-0.00007701
2024-09-10T00:00:00Z,TONUSDT,0.00000785
2024-09-10T08:00:00Z,TONUSDT,-0.00021309
2024-09-10T16:00:00Z,TONUSDT,-0.00019422
2024-09-11T00:00:00Z,TONUSDT,-0.00024904
2024-09-11T08:00:00Z,TONUSDT,-0.00016757
2024-09-11T16:00:00Z,TONUSDT,-0.00020072
2024-09-12T00:00:00Z,TONUSDT,-0.00017081
2024-09-12T08:00:00Z,TONUSDT,-0.00024717
2024-09-12T16:00:00Z,TONUSDT,-0.00028797
2024-09-13T00:00:00Z,TONUSDT,-0.0002716
2024-09-13T08:00:00Z,TONUSDT,-0.00019674
2024-09-13T16:00:00Z,TONUSDT,-0.00015389
2024-09-14T00:00:00Z,TONUSDT,-0.00013828
2024-09-14T08:00:00Z,TONUSDT,-0.00007134
2024-09-14T16:00:00Z,TONUSDT,-0.00011068
2024-09-15T00:00:00Z,TONUSDT,0.00007833
2024-09-15T08:00:00Z,TONUSDT,0.00006241
2024-09-15T16:00:00Z,TONUSDT,0.0001
2024-09-16T00:00:00Z,TONUSDT,0.0000868
2024-09-16T08:00:00Z,TONUSDT,0.0000058
2024-09-16T16:00:00Z,TONUSDT,0.00003617
2024-09-17T00:00:00Z,TONUSDT,-0.00001974
2024-09-17T08:00:00Z,TONUSDT,-0.00002927
2024-09-17T16:00:00Z,TONUSDT,-0.00003464
2024-09-18T00:00:00Z,TONUSDT,0.00003003
2024-09-18T08:00:00Z,TONUSDT,-0.00001564
2024-09-18T16:00:00Z,TONUSDT,0.00000834
2024-09-19T00:00:00Z,TONUSDT,0.00003407
2024-09-19T08:00:00Z,TONUSDT,-0.00012271
2024-09-19T16:00:00Z,TONUSDT,-0.00018367
2024-09-20T00:00:00Z,TONUSDT,-0.00021221
2024-09-20T08:00:00Z,TONUSDT,-0.00005475
2024-09-20T16:00:00Z,TONUSDT,-0.00010989
2024-09-21T00:00:00Z,TONUSDT,0.00003994
2024-09-21T08:00:00Z,TONUSDT,-0.00007855
2024-09-21T16:00:00Z,TONUSDT,-0.00001291
2024-09-22T00:00:00Z,TONUSDT,-0.00009515
2024-09-22T08:00:00Z,TONUSDT,-0.00003916
2024-09-22T16:00:00Z,TONUSDT,-0.00013098
2024-09-23T00:00:00Z,TONUSDT,-0.00006141
2024-09-23T08:00:00Z,TONUSDT,0.0001
2024-09-23T16:00:00Z,TONUSDT,0.00006581
2024-09-24T00:00:00Z,TONUSDT,-0.00002842
2024-09-24T08:00:00Z,TONUSDT,0.00004393
2024-09-24T16:00:00Z,TONUSDT,-0.00007223
2024-09-25T00:00:00Z,TONUSDT,0.00006459
2024-09-25T08:00:00Z,TONUSDT,0.00002592
2024-09-25T16:00:00Z,TONUSDT,0.00004525
2024-09-26T00:00:00Z,TONUSDT,0.00005183
2024-09-26T08:00:00Z,TONUSDT,0.00007813
2024-09-26T16:00:00Z,TONUSDT,-0.00007903
2024-09-27T00:00:00Z,TONUSDT,-0.0001645
2024-09-27T08:00:00Z,TONUSDT,0.00000694
2024-09-27T16:00:00Z,TONUSDT,0.00007278
2024-09-28T00:00:00Z,TONUSDT,-0.00001268
2024-09-28T08:00:00Z,TONUSDT,-0.00006288
2024-09-28T16:00:00Z,TONUSDT,-0.00003862
2024-09-29T00:00:00Z,TONUSDT,-0.0001409
2024-09-29T08:00:00Z,TONUSDT,-0.00016442
2024-09-29T16:00:00Z,TONUSDT,0.00000162
2024-09-30T00:00:00Z,TONUSDT,-0.00000146
2024-09-30T08:00:00Z,TONUSDT,0.0000072
2024-09-30T16:00:00Z,TONUSDT,-0.00011883
2024-10-01T00:00:00Z,TONUSDT,-0.00021591
2024-10-01T08:00:00Z,TONUSDT,-0.0000753
2024-10-01T16:00:00Z,TONUSDT,-0.00029823
2024-10-02T00:00:00Z,TONUSDT,-0.00043918
2024-10-02T08:00:00Z,TONUSDT,-0.00028156
2024-10-02T16:00:00Z,TONUSDT,-0.00025853
2024-10-03T00:00:00Z,TONUSDT,-0.00017618
2024-10-03T08:00:00Z,TONUSDT,-0.00010183
2024-10-03T16:00:00Z,TONUSDT,-0.00006474
2024-10-04T00:00:00Z,TONUSDT,-0.00008672
2024-10-04T08:00:00Z,TONUSDT,-0.00014335
2024-10-04T16:00:00Z,TONUSDT,-0.00011114
2024-10-05T00:00:00Z,TONUSDT,-0.00024444
2024-10-05T08:00:00Z,TONUSDT,-0.00014923
2024-10-05T16:00:00Z,TONUSDT,-0.00001618
2024-10-06T00:00:00Z,TONUSDT,0.00002881
2024-10-06T08:00:00Z,TONUSDT,-0.00000218
2024-10-06T16:00:00Z,TONUSDT,0.0001
2024-10-07T00:00:00Z,TONUSDT,0.0001
2024-10-07T08:00:00Z,TONUSDT,0.0001
2024-10-07T16:00:00Z,TONUSDT,0.00001827
2024-10-08T00:00:00Z,TONUSDT,-0.00000568
2024-10-08T08:00:00Z,TONUSDT,-0.0000088
2024-10-08T16:00:00Z,TONUSDT,0.00009488
2024-10-09T00:00:00Z,TONUSDT,0.00006947
2024-10-09T08:00:00Z,TONUSDT,0.0001
2024-10-09T16:00:00Z,TONUSDT,0.00004936
2024-10-10T00:00:00Z,TONUSDT,-0.00004569
2024-10-10T08:00:00Z,TONUSDT,0.00004513
2024-10-10T16:00:00Z,TONUSDT,-0.00007454
2024-10-11T00:00:00Z,TONUSDT,0.00001358
2024-10-11T08:00:00Z,TONUSDT,-0.00000109
2024-10-11T16:00:00Z,TONUSDT,-0.00007968
2024-10-12T00:00:00Z,TONUSDT,0.00004415
2024-10-12T08:00:00Z,TONUSDT,0.00007449
2024-10-12T16:00:00Z,TONUSDT,0.00008696
2024-10-13T00:00:00Z,TONUSDT,0.00001761
2024-10-13T08:00:00Z,TONUSDT,0.00001704
2024-10-13T16:00:00Z,TONUSDT,0.00007478
2024-10-14T00:00:00Z,TONUSDT,0.0001
2024-10-14T08:00:00Z,TONUSDT,0.0001
2024-10-14T16:00:00Z,TONUSDT,0.0001
2024-10-15T00:00:00Z,TONUSDT,0.00008705
2024-10-15T08:00:00Z,TONUSDT,0.00006967
2024-10-15T16:00:00Z,TONUSDT,0.00008653
2024-10-16T00:00:00Z,TONUSDT,0.00001632
2024-10-16T08:00:00Z,TONUSDT,-0.00000959
2024-10-16T16:00:00Z,TONUSDT,-0.00006721
2024-10-17T00:00:00Z,TONUSDT,0.00007321
2024-10-17T08:00:00Z,TONUSDT,0.00008081
2024-10-17T16:00:00Z,TONUSDT,0.00001059
2024-10-18T00:00:00Z,TONUSDT,0.0001
2024-10-18T08:00:00Z,TONUSDT,0.0001
2024-10-18T16:00:00Z,TONUSDT,0.0001
2024-10-19T00:00:00Z,TONUSDT,0.0001
2024-10-19T08:00:00Z,TONUSDT,0.0001
2024-10-19T16:00:00Z,TONUSDT,0.0001
2024-10-20T00:00:00Z,TONUSDT,0.0001
2024-10-20T08:00:00Z,TONUSDT,0.0001
2024-10-20T16:00:00Z,TONUSDT,0.0001
2024-10-21T00:00:00Z,TONUSDT,0.0001
2024-10-21T08:00:00Z,TONUSDT,0.0001
2024-10-21T16:00:00Z,TONUSDT,0.0001
2024-10-22T00:00:00Z,TONUSDT,0.0001
2024-10-22T08:00:00Z,TONUSDT,0.0001
2024-10-22T16:00:00Z,TONUSDT,0.0001
2024-10-23T00:00:00Z,TONUSDT,0.0001
2024-10-23T08:00:00Z,TONUSDT,0.0001
2024-10-23T16:00:00Z,TONUSDT,0.0001
2024-10-24T00:00:00Z,TONUSDT,0.0001
2024-10-24T08:00:00Z,TONUSDT,0.0001
2024-10-24T16:00:00Z,TONUSDT,0.0001
2024-10-25T00:00:00Z,TONUSDT,0.0001
2024-10-25T08:00:00Z,TONUSDT,0.0001
2024-10-25T16:00:00Z,TONUSDT,0.0001
2024-10-26T00:00:00Z,TONUSDT,0.0001
2024-10-26T08:00:00Z,TONUSDT,-0.00001193
2024-10-26T16:00:00Z,TONUSDT,0.00006004
2024-10-27T00:00:00Z,TONUSDT,0.00009668
2024-10-27T08:00:00Z,TONUSDT,0.00007935
2024-10-27T16:00:00Z,TONUSDT,0.0001
2024-10-28T00:00:00Z,TONUSDT,0.00003919
2024-10-28T08:00:00Z,TONUSDT,-0.0003419
2024-10-28T16:00:00Z,TONUSDT,-0.0000541
2024-10-29T00:00:00Z,TONUSDT,0.00001245
2024-10-29T08:00:00Z,TONUSDT,0.0001
2024-10-29T16:00:00Z,TONUSDT,0.0001
2024-10-30T00:00:00Z,TONUSDT,0.0001
2024-10-30T08:00:00Z,TONUSDT,0.0001
2024-10-30T16:00:00Z,TONUSDT,0.0001
2024-10-31T00:00:00Z,TONUSDT,0.0001
2024-10-31T08:00:00Z,TONUSDT,0.0001
2024-10-31T16:00:00Z,TONUSDT,0.0001
2024-11-01T00:00:00Z,TONUSDT,0.0001
2024-11-01T08:00:00Z,TONUSDT,0.0001
2024-11-01T16:00:00Z,TONUSDT,0.00000004
2024-11-02T00:00:00Z,TONUSDT,0.00004306
2024-11-02T08:00:00Z,TONUSDT,0.0000535
2024-11-02T16:00:00Z,TONUSDT,-0.0001239
2024-11-03T00:00:00Z,TONUSDT,0.0000444
2024-11-03T08:00:00Z,TONUSDT,-0.00001427
2024-11-03T16:00:00Z,TONUSDT,-0.00002187
2024-11-04T00:00:00Z,TONUSDT,0.00009163
2024-11-04T08:00:00Z,TONUSDT,-0.00002825
2024-11-04T16:00:00Z,TONUSDT,-0.00004937
2024-11-05T00:00:00Z,TONUSDT,-0.00005281
2024-11-05T08:00:00Z,TONUSDT,0.0001
2024-11-05T16:00:00Z,TONUSDT,0.0001
2024-11-06T00:00:00Z,TONUSDT,0.0001
2024-11-06T08:00:00Z,TONUSDT,0.0001
2024-11-06T16:00:00Z,TONUSDT,0.0001
2024-11-07T00:00:00Z,TONUSDT,0.0001
2024-11-07T08:00:00Z,TONUSDT,0.0001
2024-11-07T16:00:00Z,TONUSDT,0.0001
2024-11-08T00:00:00Z,TONUSDT,0.0001
2024-11-08T08:00:00Z,TONUSDT,0.0001
2024-11-08T16:00:00Z,TONUSDT,0.0001588
2024-11-09T00:00:00Z,TONUSDT,0.0001
2024-11-09T08:00:00Z,TONUSDT,0.0001
2024-11-09T16:00:00Z,TONUSDT,0.0001
2024-11-10T00:00:00Z,TONUSDT,0.0001
2024-11-10T08:00:00Z,TONUSDT,0.0004408
2024-11-10T16:00:00Z,TONUSDT,0.00031386
2024-11-11T00:00:00Z,TONUSDT,0.00028037
2024-11-11T08:00:00Z,TONUSDT,0.00023447
2024-11-11T16:00:00Z,TONUSDT,0.00017449
2024-11-12T00:00:00Z,TONUSDT,0.0003405
2024-11-12T08:00:00Z,TONUSDT,0.00037423
2024-11-12T16:00:00Z,TONUSDT,0.00035891
2024-11-13T00:00:00Z,TONUSDT,0.00013779
2024-11-13T08:00:00Z,TONUSDT,0.0001
2024-11-13T16:00:00Z,TONUSDT,0.0001
2024-11-14T00:00:00Z,TONUSDT,0.0001
2024-11-14T08:00:00Z,TONUSDT,0.00010528
2024-11-14T16:00:00Z,TONUSDT,0.0001
2024-11-15T00:00:00Z,TONUSDT,0.0001
2024-11-15T08:00:00Z,TONUSDT,0.0001
2024-11-15T16:00:00Z,TONUSDT,0.0001
2024-11-16T00:00:00Z,TONUSDT,0.00011703
2024-11-16T08:00:00Z,TONUSDT,0.00010603
2024-11-16T16:00:00Z,TONUSDT,0.00014013
2024-11-17T00:00:00Z,TONUSDT,0.00012245
2024-11-17T08:00:00Z,TONUSDT,0.00010296
2024-11-17T16:00:00Z,TONUSDT,0.00018067
2024-11-18T00:00:00Z,TONUSDT,0.0001
2024-11-18T08:00:00Z,TONUSDT,0.00033068
2024-11-18T16:00:00Z,TONUSDT,0.00013367
2024-11-19T00:00:00Z,TONUSDT,0.00012494
2024-11-19T08:00:00Z,TONUSDT,0.00021421
2024-11-19T16:00:00Z,TONUSDT,0.0001
2024-11-20T00:00:00Z,TONUSDT,0.0001
2024-11-20T08:00:00Z,TONUSDT,0.0001
2024-11-20T16:00:00Z,TONUSDT,0.0001
2024-11-21T00:00:00Z,TONUSDT,0.0001
2024-11-21T08:00:00Z,TONUSDT,0.0001
2024-11-21T16:00:00Z,TONUSDT,0.0001
2024-11-22T00:00:00Z,TONUSDT,0.0001
2024-11-22T08:00:00Z,TONUSDT,0.00024506
2024-11-22T16:00:00Z,TONUSDT,0.00010677
2024-11-23T00:00:00Z,TONUSDT,0.0001905
2024-11-23T08:00:00Z,TONUSDT,0.00067368
2024-11-23T16:00:00Z,TONUSDT,0.00052325
2024-11-24T00:00:00Z,TONUSDT,0.00013845
2024-11-24T08:00:00Z,TONUSDT,0.00033673
2024-11-24T16:00:00Z,TONUSDT,0.00015585
2024-11-25T00:00:00Z,TONUSDT,0.00015812
2024-11-25T08:00:00Z,TONUSDT,0.00033766
2024-11-25T16:00:00Z,TONUSDT,0.00026292
2024-11-26T00:00:00Z,TONUSDT,0.0001
2024-11-26T08:00:00Z,TONUSDT,0.0001
2024-11-26T16:00:00Z,TONUSDT,0.0001
2024-11-27T00:00:00Z,TONUSDT,0.0001
2024-11-27T08:00:00Z,TONUSDT,0.0001
2024-11-27T16:00:00Z,TONUSDT,0.00010387
2024-11-28T00:00:00Z,TONUSDT,0.00012778
2024-11-28T08:00:00Z,TONUSDT,0.00024422
2024-11-28T16:00:00Z,TONUSDT,0.0001
2024-11-29T00:00:00Z,TONUSDT,0.00026652
2024-11-29T08:00:00Z,TONUSDT,0.00023612
2024-11-29T16:00:00Z,TONUSDT,0.00039058
2024-11-30T00:00:00Z,TONUSDT,0.00021705
2024-11-30T08:00:00Z,TONUSDT,0.00042335
2024-11-30T16:00:00Z,TONUSDT,0.00037467
2024-12-01T00:00:00Z,TONUSDT,0.00033969
2024-12-01T08:00:00Z,TONUSDT,0.00020903
2024-12-01T16:00:00Z,TONUSDT,0.00031325
2024-12-02T00:00:00Z,TONUSDT,0.00051453
2024-12-02T08:00:00Z,TONUSDT,0.00017704
2024-12-02T16:00:00Z,TONUSDT,0.0001
2024-12-03T00:00:00Z,TONUSDT,0.00024365
2024-12-03T08:00:00Z,TONUSDT,0.00063401
2024-12-03T16:00:00Z,TONUSDT,0.00033059
2024-12-04T00:00:00Z,TONUSDT,0.00058712
2024-12-04T08:00:00Z,TONUSDT,0.0006879
2024-12-04T16:00:00Z,TONUSDT,0.00065112
2024-12-05T00:00:00Z,TONUSDT,0.00044598
2024-12-05T08:00:00Z,TONUSDT,0.00058228
2024-12-05T16:00:00Z,TONUSDT,0.00074745
2024-12-06T00:00:00Z,TONUSDT,0.00044342
2024-12-06T08:00:00Z,TONUSDT,0.00047705
2024-12-06T16:00:00Z,TONUSDT,0.0004509
2024-12-07T00:00:00Z,TONUSDT,0.00063018
2024-12-07T08:00:00Z,TONUSDT,0.00075557
2024-12-07T16:00:00Z,TONUSDT,0.00093083
2024-12-08T00:00:00Z,TONUSDT,0.00083054
2024-12-08T08:00:00Z,TONUSDT,0.00072409
2024-12-08T16:00:00Z,TONUSDT,0.00059993
2024-12-09T00:00:00Z,TONUSDT,0.00072443
2024-12-09T08:00:00Z,TONUSDT,0.00036967
2024-12-09T16:00:00Z,TONUSDT,0.0001
2024-12-10T00:00:00Z,TONUSDT,0.0001
2024-12-10T08:00:00Z,TONUSDT,0.00005478
2024-12-10T16:00:00Z,TONUSDT,-0.00023711
2024-12-11T00:00:00Z,TONUSDT,0.00009038
2024-12-11T08:00:00Z,TONUSDT,-0.00009845
2024-12-11T16:00:00Z,TONUSDT,0.0001
2024-12-12T00:00:00Z,TONUSDT,0.0001
2024-12-12T08:00:00Z,TONUSDT,0.0001
2024-12-12T16:00:00Z,TONUSDT,0.0001
2024-12-13T00:00:00Z,TONUSDT,0.0001
2024-12-13T08:00:00Z,TONUSDT,0.0001
2024-12-13T16:00:00Z,TONUSDT,0.0001
2024-12-14T00:00:00Z,TONUSDT,0.0001
2024-12-14T08:00:00Z,TONUSDT,0.0001
2024-12-14T16:00:00Z,TONUSDT,0.0001
2024-12-15T00:00:00Z,TONUSDT,0.0001
2024-12-15T08:00:00Z,TONUSDT,0.00000124
2024-12-15T16:00:00Z,TONUSDT,0.0001
2024-12-16T00:00:00Z,TONUSDT,0.0001
2024-12-16T08:00:00Z,TONUSDT,0.0001
2024-12-16T16:00:00Z,TONUSDT,0.0001
2024-12-17T00:00:00Z,TONUSDT,0.0001
2024-12-17T08:00:00Z,TONUSDT,0.00005081
2024-12-17T16:00:00Z,TONUSDT,0.0001
2024-12-18T00:00:00Z,TONUSDT,0.0001
2024-12-18T08:00:00Z,TONUSDT,0.0001
2024-12-18T16:00:00Z,TONUSDT,0.0001
2024-12-19T00:00:00Z,TONUSDT,0.0001
2024-12-19T08:00:00Z,TONUSDT,0.0001
2024-12-19T16:00:00Z,TONUSDT,0.0001
2024-12-20T00:00:00Z,TONUSDT,0.00001695
2024-12-20T08:00:00Z,TONUSDT,0.00000664
2024-12-20T16:00:00Z,TONUSDT,-0.0001223
2024-12-21T00:00:00Z,TONUSDT,-0.00017917
2024-12-21T08:00:00Z,TONUSDT,0.0001
2024-12-21T16:00:00Z,TONUSDT,-0.00005247
2024-12-22T00:00:00Z,TONUSDT,-0.00007039
2024-12-22T08:00:00Z,TONUSDT,-0.0002
2024-12-22T16:00:00Z,TONUSDT,-0.00006309
2024-12-23T00:00:00Z,TONUSDT,-0.00010152
2024-12-23T08:00:00Z,TONUSDT,-0.00001536
2024-12-23T16:00:00Z,TONUSDT,-0.00003597
2024-12-24T00:00:00Z,TONUSDT,0.0001
2024-12-24T08:00:00Z,TONUSDT,0.0001
2024-12-24T16:00:00Z,TONUSDT,0.0001
2024-12-25T00:00:00Z,TONUSDT,0.0001
2024-12-25T08:00:00Z,TONUSDT,0.0001
2024-12-25T16:00:00Z,TONUSDT,0.0001
2024-12-26T00:00:00Z,TONUSDT,0.0001
2024-12-26T08:00:00Z,TONUSDT,0.0001
2024-12-26T16:00:00Z,TONUSDT,0.00006861
2024-12-27T00:00:00Z,TONUSDT,0.0000447
2024-12-27T08:00:00Z,TONUSDT,0.0001
2024-12-27T16:00:00Z,TONUSDT,-0.00003428
2024-12-28T00:00:00Z,TONUSDT,0.00007983
2024-12-28T08:00:00Z,TONUSDT,-0.00007979
2024-12-28T16:00:00Z,TONUSDT,0.00005681
2024-12-29T00:00:00Z,TONUSDT,-0.00000728
2024-12-29T08:00:00Z,TONUSDT,0.00006904
2024-12-29T16:00:00Z,TONUSDT,-0.0000493
2024-12-30T00:00:00Z,TONUSDT,-0.00002505
2024-12-30T08:00:00Z,TONUSDT,0.00001411
2024-12-30T16:00:00Z,TONUSDT,0.00003762
2024-12-31T00:00:00Z,TONUSDT,-0.00001444
2024-12-31T08:00:00Z,TONUSDT,0.0001
2024-12-31T16:00:00Z,TONUSDT,0.0001
2025-01-01T00:00:00Z,TONUSDT,0.0001
2025-01-01T08:00:00Z,TONUSDT,0.0001
2025-01-01T16:00:00Z,TONUSDT,0.0001
2025-01-02T00:00:00Z,TONUSDT,0.0001
2025-01-02T08:00:00Z,TONUSDT,0.0001
2025-01-02T16:00:00Z,TONUSDT,0.0001
2025-01-03T00:00:00Z,TONUSDT,0.0001
2025-01-03T08:00:00Z,TONUSDT,0.0001
2025-01-03T16:00:00Z,TONUSDT,0.0001
2025-01-04T00:00:00Z,TONUSDT,0.0001
2025-01-04T08:00:00Z,TONUSDT,0.0001
2025-01-04T16:00:00Z,TONUSDT,0.0001
2025-01-05T00:00:00Z,TONUSDT,0.0001
2025-01-05T08:00:00Z,TONUSDT,0.0001
2025-01-05T16:00:00Z,TONUSDT,0.0001
2025-01-06T00:00:00Z,TONUSDT,0.0001
2025-01-06T08:00:00Z,TONUSDT,0.0001
2025-01-06T16:00:00Z,TONUSDT,0.0001
2025-01-07T00:00:00Z,TONUSDT,0.0001
2025-01-07T08:00:00Z,TONUSDT,0.0001
2025-01-07T16:00:00Z,TONUSDT,0.0001
2025-01-08T00:00:00Z,TONUSDT,0.0001
2025-01-08T08:00:00Z,TONUSDT,0.0000952
2025-01-08T16:00:00Z,TONUSDT,0.0001
2025-01-09T00:00:00Z,TONUSDT,0.0001
2025-01-09T08:00:00Z,TONUSDT,0.0001
2025-01-09T16:00:00Z,TONUSDT,0.0001
2025-01-10T00:00:00Z,TONUSDT,0.0001
2025-01-10T08:00:00Z,TONUSDT,0.0001
2025-01-10T16:00:00Z,TONUSDT,0.0001
2025-01-11T00:00:00Z,TONUSDT,0.0001
2025-01-11T08:00:00Z,TONUSDT,0.0001
2025-01-11T16:00:00Z,TONUSDT,0.00002315
2025-01-12T00:00:00Z,TONUSDT,0.00002645
2025-01-12T08:00:00Z,TONUSDT,0.00005436
2025-01-12T16:00:00Z,TONUSDT,0.00002436
2025-01-13T00:00:00Z,TONUSDT,0.00008957
2025-01-13T08:00:00Z,TONUSDT,0.00002109
2025-01-13T16:00:00Z,TONUSDT,0.00005685
2025-01-14T00:00:00Z,TONUSDT,0.0001
2025-01-14T08:00:00Z,TONUSDT,-0.00001478
2025-01-14T16:00:00Z,TONUSDT,0.0001
2025-01-15T00:00:00Z,TONUSDT,0.0001
2025-01-15T08:00:00Z,TONUSDT,0.0001
2025-01-15T12:00:00Z,TONUSDT,0.00005
2025-01-15T16:00:00Z,TONUSDT,0.00005
2025-01-15T20:00:00Z,TONUSDT,0.00005
2025-01-16T00:00:00Z,TONUSDT,0.00005
2025-01-16T04:00:00Z,TONUSDT,0.00005
2025-01-16T08:00:00Z,TONUSDT,0.00005
2025-01-16T12:00:00Z,TONUSDT,0.00005
2025-01-16T16:00:00Z,TONUSDT,0.00005
2025-01-16T20:00:00Z,TONUSDT,0.00005
2025-01-17T00:00:00Z,TONUSDT,0.00005
2025-01-17T04:00:00Z,TONUSDT,0.00005
2025-01-17T08:00:00Z,TONUSDT,0.00005
2025-01-17T12:00:00Z,TONUSDT,0.00005
2025-01-17T16:00:00Z,TONUSDT,0.00005
2025-01-17T20:00:00Z,TONUSDT,0.00005
2025-01-18T00:00:00Z,TONUSDT,0.00005
2025-01-18T04:00:00Z,TONUSDT,0.00005
2025-01-18T08:00:00Z,TONUSDT,0.00005
2025-01-18T12:00:00Z,TONUSDT,0.00005
2025-01-18T16:00:00Z,TONUSDT,0.00005
2025-01-18T20:00:00Z,TONUSDT,0.00005
2025-01-19T00:00:00Z,TONUSDT,0.00005
2025-01-19T04:00:00Z,TONUSDT,0.00005
2025-01-19T08:00:00Z,TONUSDT,0.00005
2025-01-19T12:00:00Z,TONUSDT,0.00005
2025-01-19T16:00:00Z,TONUSDT,0.00005
2025-01-19T20:00:00Z,TONUSDT,0.00005
2025-01-20T00:00:00Z,TONUSDT,0.00005
2025-01-20T04:00:00Z,TONUSDT,0.00005
2025-01-20T08:00:00Z,TONUSDT,0.00005
2025-01-20T12:00:00Z,TONUSDT,0.00005
2025-01-20T16:00:00Z,TONUSDT,0.00005
2025-01-20T20:00:00Z,TONUSDT,0.00005
2025-01-21T00:00:00Z,TONUSDT,0.00005
2025-01-21T04:00:00Z,TONUSDT,0.00005
2025-01-21T08:00:00Z,TONUSDT,0.00005
2025-01-21T12:00:00Z,TONUSDT,0.00005
2025-01-21T16:00:00Z,TONUSDT,0.00005
2025-01-21T20:00:00Z,TONUSDT,0.00005
2025-01-22T00:00:00Z,TONUSDT,0.00005
2025-01-22T04:00:00Z,TONUSDT,0.00005
2025-01-22T08:00:00Z,TONUSDT,0.00005
2025-01-22T12:00:00Z,TONUSDT,0.00005
2025-01-22T16:00:00Z,TONUSDT,0.00005
2025-01-22T20:00:00Z,TONUSDT,0.00005
2025-01-23T00:00:00Z,TONUSDT,0.00005
2025-01-23T04:00:00Z,TONUSDT,0.00005
2025-01-23T08:00:00Z,TONUSDT,0.00005
2025-01-23T12:00:00Z,TONUSDT,0.00005
2025-01-23T16:00:00Z,TONUSDT,0.00005
2025-01-23T20:00:00Z,TONUSDT,0.00005
2025-01-24T00:00:00Z,TONUSDT,0.00005
2025-01-24T04:00:00Z,TONUSDT,0.00005
2025-01-24T08:00:00Z,TONUSDT,0.00005
2025-01-24T12:00:00Z,TONUSDT,0.00005
2025-01-24T16:00:00Z,TONUSDT,0.00005
2025-01-24T20:00:00Z,TONUSDT,0.00005
2025-01-25T00:00:00Z,TONUSDT,0.00005
2025-01-25T04:00:00Z,TONUSDT,0.00005
2025-01-25T08:00:00Z,TONUSDT,0.00005
2025-01-25T12:00:00Z,TONUSDT,0.00005
2025-01-25T16:00:00Z,TONUSDT,0.00005
2025-01-25T20:00:00Z,TONUSDT,0.00005
2025-01-26T00:00:00Z,TONUSDT,0.00005
2025-01-26T04:00:00Z,TONUSDT,0.00005
2025-01-26T08:00:00Z,TONUSDT,0.00005
2025-01-26T12:00:00Z,TONUSDT,0.00005
2025-01-26T16:00:00Z,TONUSDT,0.00005
2025-01-26T20:00:00Z,TONUSDT,0.00005
2025-01-27T00:00:00Z,TONUSDT,0.00005
2025-01-27T04:00:00Z,TONUSDT,0.00005
2025-01-27T08:00:00Z,TONUSDT,0.00005
2025-01-27T12:00:00Z,TONUSDT,0.00005
2025-01-27T16:00:00Z,TONUSDT,0.00005
2025-01-27T20:00:00Z,TONUSDT,0.00005
2025-01-28T00:00:00Z,TONUSDT,0.00005
2025-01-28T04:00:00Z,TONUSDT,0.00005
2025-01-28T08:00:00Z,TONUSDT,0.00005
2025-01-28T12:00:00Z,TONUSDT,0.00005
2025-01-28T16:00:00Z,TONUSDT,0.00005
2025-01-28T20:00:00Z,TONUSDT,0.00005
2025-01-29T00:00:00Z,TONUSDT,0.00005
2025-01-29T04:00:00Z,TONUSDT,0.00005
2025-01-29T08:00:00Z,TONUSDT,0.00005
2025-01-29T12:00:00Z,TONUSDT,0.00005
2025-01-29T16:00:00Z,TONUSDT,0.00005
2025-01-29T20:00:00Z,TONUSDT,0.00005
2025-01-30T00:00:00Z,TONUSDT,0.00005
2025-01-30T04:00:00Z,TONUSDT,0.00005
2025-01-30T08:00:00Z,TONUSDT,0.00005
2025-01-30T12:00:00Z,TONUSDT,0.00005
2025-01-30T16:00:00Z,TONUSDT,0.00005
2025-01-30T20:00:00Z,TONUSDT,0.00005
2025-01-31T00:00:00Z,TONUSDT,0.00005
2025-01-31T04:00:00Z,TONUSDT,0.00005
2025-01-31T08:00:00Z,TONUSDT,0.00005
2025-01-31T12:00:00Z,TONUSDT,0.00005
2025-01-31T16:00:00Z,TONUSDT,0.00005
2025-01-31T20:00:00Z,TONUSDT,0.00005
2025-02-01T00:00:00Z,TONUSDT,0.00005
2025-02-01T04:00:00Z,TONUSDT,-0.00003563
2025-02-01T08:00:00Z,TONUSDT,-0.00004021
2025-02-01T12:00:00Z,TONUSDT,0.00005
2025-02-01T16:00:00Z,TONUSDT,0.00005
2025-02-01T20:00:00Z,TONUSDT,0.00005
2025-02-02T00:00:00Z,TONUSDT,0.00005
2025-02-02T04:00:00Z,TONUSDT,-0.0000941
2025-02-02T08:00:00Z,TONUSDT,-0.000003
2025-02-02T12:00:00Z,TONUSDT,-0.00004292
2025-02-02T16:00:00Z,TONUSDT,-0.00032194
2025-02-02T20:00:00Z,TONUSDT,0.00002477
2025-02-03T00:00:00Z,TONUSDT,-0.00008763
2025-02-03T04:00:00Z,TONUSDT,-0.0005249
2025-02-03T08:00:00Z,TONUSDT,-0.00041985
2025-02-03T12:00:00Z,TONUSDT,-0.00058498
2025-02-03T16:00:00Z,TONUSDT,-0.00000616
2025-02-03T20:00:00Z,TONUSDT,0.00001342
2025-02-04T00:00:00Z,TONUSDT,-0.00001247
2025-02-04T04:00:00Z,TONUSDT,-0.0000338
2025-02-04T08:00:00Z,TONUSDT,-0.00005747
2025-02-04T12:00:00Z,TONUSDT,-0.00014496
2025-02-04T16:00:00Z,TONUSDT,-0.0001325
2025-02-04T20:00:00Z,TONUSDT,0.00000016
2025-02-05T00:00:00Z,TONUSDT,-0.00004218
2025-02-05T04:00:00Z,TONUSDT,-0.00009773
2025-02-05T08:00:00Z,TONUSDT,-0.0000528
2025-02-05T12:00:00Z,TONUSDT,-0.00005859
2025-02-05T16:00:00Z,TONUSDT,-0.00009659
2025-02-05T20:00:00Z,TONUSDT,-0.00020136
2025-02-06T00:00:00Z,TONUSDT,-0.00009873
2025-02-06T04:00:00Z,TONUSDT,-0.0001364
2025-02-06T08:00:00Z,TONUSDT,-0.00020429
2025-02-06T12:00:00Z,TONUSDT,-0.00023187
2025-02-06T16:00:00Z,TONUSDT,-0.00022099
2025-02-06T20:00:00Z,TONUSDT,-0.00017274
2025-02-07T00:00:00Z,TONUSDT,-0.00012719
2025-02-07T04:00:00Z,TONUSDT,-0.0000032
2025-02-07T08:00:00Z,TONUSDT,0.00003163
2025-02-07T12:00:00Z,TONUSDT,0.00001147
2025-02-07T16:00:00Z,TONUSDT,0.00005
2025-02-07T20:00:00Z,TONUSDT,0.00005
2025-02-08T00:00:00Z,TONUSDT,0.00005
2025-02-08T04:00:00Z,TONUSDT,0.00002456
2025-02-08T08:00:00Z,TONUSDT,0.00000368
2025-02-08T12:00:00Z,TONUSDT,0.00000618
2025-02-08T16:00:00Z,TONUSDT,0.0000029
2025-02-08T20:00:00Z,TONUSDT,0.00005
2025-02-09T00:00:00Z,TONUSDT,0.00005
2025-02-09T04:00:00Z,TONUSDT,0.00005
2025-02-09T08:00:00Z,TONUSDT,0.00001394
2025-02-09T12:00:00Z,TONUSDT,0.00005
2025-02-09T16:00:00Z,TONUSDT,0.0000078
2025-02-09T20:00:00Z,TONUSDT,0.00000046
2025-02-10T00:00:00Z,TONUSDT,-0.00001195
2025-02-10T04:00:00Z,TONUSDT,-0.00000821
2025-02-10T08:00:00Z,TONUSDT,0.00005
2025-02-10T12:00:00Z,TONUSDT,0.00005
2025-02-10T16:00:00Z,TONUSDT,0.00005
2025-02-10T20:00:00Z,TONUSDT,0.00005
2025-02-11T00:00:00Z,TONUSDT,0.00005
2025-02-11T04:00:00Z,TONUSDT,0.00005
2025-02-11T08:00:00Z,TONUSDT,0.00005
2025-02-11T12:00:00Z,TONUSDT,0.00003325
2025-02-11T16:00:00Z,TONUSDT,-0.00001095
2025-02-11T20:00:00Z,TONUSDT,0.00001707
2025-02-12T00:00:00Z,TONUSDT,0.00000971
2025-02-12T04:00:00Z,TONUSDT,0.00000468
2025-02-12T08:00:00Z,TONUSDT,0.00002225
2025-02-12T12:00:00Z,TONUSDT,-0.00001974
2025-02-12T16:00:00Z,TONUSDT,-0.00004564
2025-02-12T20:00:00Z,TONUSDT,-0.00008757
2025-02-13T00:00:00Z,TONUSDT,0.00001831
2025-02-13T04:00:00Z,TONUSDT,0.00004423
2025-02-13T08:00:00Z,TONUSDT,-0.00000618
2025-02-13T12:00:00Z,TONUSDT,-0.00000768
2025-02-13T16:00:00Z,TONUSDT,0.00002513
2025-02-13T20:00:00Z,TONUSDT,0.00005
2025-02-14T00:00:00Z,TONUSDT,0.00005
2025-02-14T04:00:00Z,TONUSDT,-0.00008071
2025-02-14T08:00:00Z,TONUSDT,-0.0000158
2025-02-14T12:00:00Z,TONUSDT,-0.00001206
2025-02-14T16:00:00Z,TONUSDT,-0.00009147
2025-02-14T20:00:00Z,TONUSDT,0.00005
2025-02-15T00:00:00Z,TONUSDT,-0.0000486
2025-02-15T04:00:00Z,TONUSDT,-0.00002861
2025-02-15T08:00:00Z,TONUSDT,-0.0000307
2025-02-15T12:00:00Z,TONUSDT,0.00005
2025-02-15T16:00:00Z,TONUSDT,0.00004636
2025-02-15T20:00:00Z,TONUSDT,-0.00000949
2025-02-16T00:00:00Z,TONUSDT,-0.00000431
2025-02-16T04:00:00Z,TONUSDT,-0.00004433
2025-02-16T08:00:00Z,TONUSDT,-0.00004715
2025-02-16T12:00:00Z,TONUSDT,0.00001288
2025-02-16T16:00:00Z,TONUSDT,0.00003374
2025-02-16T20:00:00Z,TONUSDT,-0.00002737
2025-02-17T00:00:00Z,TONUSDT,0.00001277
2025-02-17T04:00:00Z,TONUSDT,0.00003498
2025-02-17T08:00:00Z,TONUSDT,-0.00000011
2025-02-17T12:00:00Z,TONUSDT,0.00005
2025-02-17T16:00:00Z,TONUSDT,0.00005
2025-02-17T20:00:00Z,TONUSDT,0.00005
2025-02-18T00:00:00Z,TONUSDT,0.00005
2025-02-18T04:00:00Z,TONUSDT,-0.00000045
2025-02-18T08:00:00Z,TONUSDT,0.00005
2025-02-18T12:00:00Z,TONUSDT,-0.0000432
2025-02-18T16:00:00Z,TONUSDT,0.00000462
2025-02-18T20:00:00Z,TONUSDT,-0.00013252
2025-02-19T00:00:00Z,TONUSDT,0.00005
2025-02-19T04:00:00Z,TONUSDT,0.00005
2025-02-19T08:00:00Z,TONUSDT,0.00005
2025-02-19T12:00:00Z,TONUSDT,0.00005
2025-02-19T16:00:00Z,TONUSDT,0.00005
2025-02-19T20:00:00Z,TONUSDT,0.00005
2025-02-20T00:00:00Z,TONUSDT,0.00005
2025-02-20T04:00:00Z,TONUSDT,0.00005
2025-02-20T08:00:00Z,TONUSDT,0.00005
2025-02-20T12:00:00Z,TONUSDT,0.00001647
2025-02-20T16:00:00Z,TONUSDT,0.00005
2025-02-20T20:00:00Z,TONUSDT,0.00005
2025-02-21T00:00:00Z,TONUSDT,0.00005
2025-02-21T04:00:00Z,TONUSDT,0.00005
2025-02-21T08:00:00Z,TONUSDT,0.00004933
2025-02-21T12:00:00Z,TONUSDT,0.00004842
2025-02-21T16:00:00Z,TONUSDT,0.00000684
2025-02-21T20:00:00Z,TONUSDT,-0.00032849
2025-02-22T00:00:00Z,TONUSDT,-0.00057494
2025-02-22T04:00:00Z,TONUSDT,-0.00099285
2025-02-22T08:00:00Z,TONUSDT,-0.00041135
2025-02-22T12:00:00Z,TONUSDT,-0.00029404
2025-02-22T16:00:00Z,TONUSDT,-0.00006426
2025-02-22T20:00:00Z,TONUSDT,-0.00020771
2025-02-23T00:00:00Z,TONUSDT,-0.00006845
2025-02-23T04:00:00Z,TONUSDT,-0.00036422
2025-02-23T08:00:00Z,TONUSDT,-0.00025218
2025-02-23T12:00:00Z,TONUSDT,-0.00036742
2025-02-23T16:00:00Z,TONUSDT,-0.0002888
2025-02-23T20:00:00Z,TONUSDT,-0.00028676
2025-02-24T00:00:00Z,TONUSDT,0.00005
2025-02-24T04:00:00Z,TONUSDT,0.00005
2025-02-24T08:00:00Z,TONUSDT,-0.00003499
2025-02-24T12:00:00Z,TONUSDT,0.00005
2025-02-24T16:00:00Z,TONUSDT,0.00005
2025-02-24T20:00:00Z,TONUSDT,0.0000252
2025-02-25T00:00:00Z,TONUSDT,0.00005
2025-02-25T04:00:00Z,TONUSDT,-0.00010677
2025-02-25T08:00:00Z,TONUSDT,-0.00013404
2025-02-25T12:00:00Z,TONUSDT,-0.00004082
2025-02-25T16:00:00Z,TONUSDT,-0.00003253
2025-02-25T20:00:00Z,TONUSDT,0.00005
2025-02-26T00:00:00Z,TONUSDT,0.00005
2025-02-26T04:00:00Z,TONUSDT,-0.00008261
2025-02-26T08:00:00Z,TONUSDT,-0.00016893
2025-02-26T12:00:00Z,TONUSDT,0.00005
2025-02-26T16:00:00Z,TONUSDT,0.00005
2025-02-26T20:00:00Z,TONUSDT,0.00005
2025-02-27T00:00:00Z,TONUSDT,0.00005
2025-02-27T04:00:00Z,TONUSDT,0.00005
2025-02-27T08:00:00Z,TONUSDT,0.00005
2025-02-27T12:00:00Z,TONUSDT,0.00005
2025-02-27T16:00:00Z,TONUSDT,-0.00007686
2025-02-27T20:00:00Z,TONUSDT,-0.00003279
2025-02-28T00:00:00Z,TONUSDT,-0.00003383
2025-02-28T04:00:00Z,TONUSDT,-0.00007307
2025-02-28T08:00:00Z,TONUSDT,-0.00004891
2025-02-28T12:00:00Z,TONUSDT,-0.00019716
2025-02-28T16:00:00Z,TONUSDT,-0.00002284
2025-02-28T20:00:00Z,TONUSDT,0.00000106
2025-03-01T00:00:00Z,TONUSDT,-0.0000482
2025-03-01T04:00:00Z,TONUSDT,-0.00002251
2025-03-01T08:00:00Z,TONUSDT,-0.00010563
2025-03-01T12:00:00Z,TONUSDT,-0.00003186
2025-03-01T16:00:00Z,TONUSDT,0.00001213
2025-03-01T20:00:00Z,TONUSDT,-0.00007463
2025-03-02T00:00:00Z,TONUSDT,0.00005
2025-03-02T04:00:00Z,TONUSDT,-0.00001699
2025-03-02T08:00:00Z,TONUSDT,-0.00001681
2025-03-02T12:00:00Z,TONUSDT,0.00003721
2025-03-02T16:00:00Z,TONUSDT,0.00005
2025-03-02T20:00:00Z,TONUSDT,0.00005
2025-03-03T00:00:00Z,TONUSDT,0.00005
2025-03-03T04:00:00Z,TONUSDT,0.00003023
2025-03-03T08:00:00Z,TONUSDT,0.00003147
2025-03-03T12:00:00Z,TONUSDT,0.00005
2025-03-03T16:00:00Z,TONUSDT,0.00005
2025-03-03T20:00:00Z,TONUSDT,-0.00002274
2025-03-04T00:00:00Z,TONUSDT,0.000006
2025-03-04T04:00:00Z,TONUSDT,-0.00018044
2025-03-04T08:00:00Z,TONUSDT,-0.00015193
2025-03-04T12:00:00Z,TONUSDT,-0.00027649
2025-03-04T16:00:00Z,TONUSDT,-0.00000281
2025-03-04T20:00:00Z,TONUSDT,0.00005
2025-03-05T00:00:00Z,TONUSDT,0.00005
2025-03-05T04:00:00Z,TONUSDT,-0.00001007
2025-03-05T08:00:00Z,TONUSDT,0.00005
2025-03-05T12:00:00Z,TONUSDT,0.00002454
2025-03-05T16:00:00Z,TONUSDT,0.00005
2025-03-05T20:00:00Z,TONUSDT,0.00005
2025-03-06T00:00:00Z,TONUSDT,0.00005
2025-03-06T04:00:00Z,TONUSDT,0.00005
2025-03-06T08:00:00Z,TONUSDT,0.00005
2025-03-06T12:00:00Z,TONUSDT,0.00000404
2025-03-06T16:00:00Z,TONUSDT,0.00004196
2025-03-06T20:00:00Z,TONUSDT,-0.00001806
2025-03-07T00:00:00Z,TONUSDT,0.00003476
2025-03-07T04:00:00Z,TONUSDT,0.00001354
2025-03-07T08:00:00Z,TONUSDT,0.0000062
2025-03-07T12:00:00Z,TONUSDT,-0.00002799
2025-03-07T16:00:00Z,TONUSDT,0.0000282
2025-03-07T20:00:00Z,TONUSDT,0.00003508
2025-03-08T00:00:00Z,TONUSDT,0.00005
2025-03-08T04:00:00Z,TONUSDT,0.00004598
2025-03-08T08:00:00Z,TONUSDT,-0.00000198
2025-03-08T12:00:00Z,TONUSDT,-0.0000495
2025-03-08T16:00:00Z,TONUSDT,0.00004348
2025-03-08T20:00:00Z,TONUSDT,0.00004328
2025-03-09T00:00:00Z,TONUSDT,0.00005
2025-03-09T04:00:00Z,TONUSDT,-0.00004477
2025-03-09T08:00:00Z,TONUSDT,-0.00007007
2025-03-09T12:00:00Z,TONUSDT,0.00002013
2025-03-09T16:00:00Z,TONUSDT,0.00005
2025-03-09T20:00:00Z,TONUSDT,0.00002642
2025-03-10T00:00:00Z,TONUSDT,-0.0000109
2025-03-10T04:00:00Z,TONUSDT,0.00005
2025-03-10T08:00:00Z,TONUSDT,0.00005
2025-03-10T12:00:00Z,TONUSDT,0.00005
2025-03-10T16:00:00Z,TONUSDT,0.00002773
2025-03-10T20:00:00Z,TONUSDT,-0.00001137
2025-03-11T00:00:00Z,TONUSDT,0.0000321
2025-03-11T04:00:00Z,TONUSDT,0.00005
2025-03-11T08:00:00Z,TONUSDT,0.00005
2025-03-11T12:00:00Z,TONUSDT,-0.0000661
2025-03-11T16:00:00Z,TONUSDT,0.00005
2025-03-11T20:00:00Z,TONUSDT,0.00005
2025-03-12T00:00:00Z,TONUSDT,0.00005
2025-03-12T04:00:00Z,TONUSDT,0.00005
2025-03-12T08:00:00Z,TONUSDT,0.00002875
2025-03-12T12:00:00Z,TONUSDT,0.00002787
2025-03-12T16:00:00Z,TONUSDT,0.00005
2025-03-12T20:00:00Z,TONUSDT,0.00005
2025-03-13T00:00:00Z,TONUSDT,0.00005
2025-03-13T04:00:00Z,TONUSDT,0.00005
2025-03-13T08:00:00Z,TONUSDT,-0.00000014
2025-03-13T12:00:00Z,TONUSDT,0.00005
2025-03-13T16:00:00Z,TONUSDT,0.00005
2025-03-13T20:00:00Z,TONUSDT,-0.0000104
2025-03-14T00:00:00Z,TONUSDT,0.00005
2025-03-14T04:00:00Z,TONUSDT,0.00005
2025-03-14T08:00:00Z,TONUSDT,-0.00004522
2025-03-14T12:00:00Z,TONUSDT,-0.00003495
2025-03-14T16:00:00Z,TONUSDT,0.00004976
2025-03-14T20:00:00Z,TONUSDT,-0.00000558
2025-03-15T00:00:00Z,TONUSDT,-0.00006782
2025-03-15T04:00:00Z,TONUSDT,-0.00003897
2025-03-15T08:00:00Z,TONUSDT,-0.00006298
2025-03-15T12:00:00Z,TONUSDT,-0.00008659
2025-03-15T16:00:00Z,TONUSDT,0.00005
2025-03-15T20:00:00Z,TONUSDT,-0.00018673
2025-03-16T00:00:00Z,TONUSDT,-0.00029505
2025-03-16T04:00:00Z,TONUSDT,0.00005
2025-03-16T08:00:00Z,TONUSDT,0.00005
2025-03-16T12:00:00Z,TONUSDT,0.00002462
2025-03-16T16:00:00Z,TONUSDT,0.0000416
2025-03-16T20:00:00Z,TONUSDT,0.00005
2025-03-17T00:00:00Z,TONUSDT,0.0000398
2025-03-17T04:00:00Z,TONUSDT,0.00005
2025-03-17T08:00:00Z,TONUSDT,0.00001802
2025-03-17T12:00:00Z,TONUSDT,0.00005
2025-03-17T16:00:00Z,TONUSDT,0.00005
2025-03-17T20:00:00Z,TONUSDT,0.00005
2025-03-18T00:00:00Z,TONUSDT,0.00005
2025-03-18T04:00:00Z,TONUSDT,0.000021
2025-03-18T08:00:00Z,TONUSDT,0.00005
2025-03-18T12:00:00Z,TONUSDT,0.00003123
2025-03-18T16:00:00Z,TONUSDT,-0.00013609
2025-03-18T20:00:00Z,TONUSDT,-0.00013359
2025-03-19T00:00:00Z,TONUSDT,-0.00001701
2025-03-19T04:00:00Z,TONUSDT,-0.00009311
2025-03-19T08:00:00Z,TONUSDT,-0.000046
2025-03-19T12:00:00Z,TONUSDT,-0.00017758
2025-03-19T16:00:00Z,TONUSDT,-0.00011724
2025-03-19T20:00:00Z,TONUSDT,-0.0002525
2025-03-20T00:00:00Z,TONUSDT,-0.00018638
2025-03-20T04:00:00Z,TONUSDT,-0.00023719
2025-03-20T08:00:00Z,TONUSDT,-0.00018316
2025-03-20T12:00:00Z,TONUSDT,-0.00013774
2025-03-20T16:00:00Z,TONUSDT,-0.00001179
2025-03-20T20:00:00Z,TONUSDT,-0.00006614
2025-03-21T00:00:00Z,TONUSDT,-0.0001322
2025-03-21T04:00:00Z,TONUSDT,-0.00000825
2025-03-21T08:00:00Z,TONUSDT,0.00005
2025-03-21T12:00:00Z,TONUSDT,0.00005
2025-03-21T16:00:00Z,TONUSDT,-0.00003591
2025-03-21T20:00:00Z,TONUSDT,0.00005
2025-03-22T00:00:00Z,TONUSDT,0.00005
2025-03-22T04:00:00Z,TONUSDT,0.00005
2025-03-22T08:00:00Z,TONUSDT,0.00005
2025-03-22T12:00:00Z,TONUSDT,0.00005
2025-03-22T16:00:00Z,TONUSDT,0.00005
2025-03-22T20:00:00Z,TONUSDT,0.00005
2025-03-23T00:00:00Z,TONUSDT,0.00005
2025-03-23T04:00:00Z,TONUSDT,0.00005
2025-03-23T08:00:00Z,TONUSDT,0.00005
2025-03-23T12:00:00Z,TONUSDT,0.00005
2025-03-23T16:00:00Z,TONUSDT,0.00003132
2025-03-23T20:00:00Z,TONUSDT,0.00000013
2025-03-24T00:00:00Z,TONUSDT,-0.00001016
2025-03-24T04:00:00Z,TONUSDT,0.00005
2025-03-24T08:00:00Z,TONUSDT,0.00000383
2025-03-24T12:00:00Z,TONUSDT,0.00003374
2025-03-24T16:00:00Z,TONUSDT,0.00003478
2025-03-24T20:00:00Z,TONUSDT,-0.00010602
2025-03-25T00:00:00Z,TONUSDT,-0.00001071
2025-03-25T04:00:00Z,TONUSDT,-0.00003642
2025-03-25T08:00:00Z,TONUSDT,0.00005
2025-03-25T12:00:00Z,TONUSDT,-0.00007393
2025-03-25T16:00:00Z,TONUSDT,0.00001903
2025-03-25T20:00:00Z,TONUSDT,-0.00004461
2025-03-26T00:00:00Z,TONUSDT,0.00005
2025-03-26T04:00:00Z,TONUSDT,0.00005
2025-03-26T08:00:00Z,TONUSDT,0.00005
2025-03-26T12:00:00Z,TONUSDT,0.00005
2025-03-26T16:00:00Z,TONUSDT,0.00005
2025-03-26T20:00:00Z,TONUSDT,0.00005
2025-03-27T00:00:00Z,TONUSDT,0.00005
2025-03-27T04:00:00Z,TONUSDT,0.00005
2025-03-27T08:00:00Z,TONUSDT,0.00005
2025-03-27T12:00:00Z,TONUSDT,0.00005
2025-03-27T16:00:00Z,TONUSDT,0.00005
2025-03-27T20:00:00Z,TONUSDT,-0.00000016
2025-03-28T00:00:00Z,TONUSDT,0.00005
2025-03-28T04:00:00Z,TONUSDT,0.00005
2025-03-28T08:00:00Z,TONUSDT,0.00005
2025-03-28T12:00:00Z,TONUSDT,0.00005
2025-03-28T16:00:00Z,TONUSDT,0.00005
2025-03-28T20:00:00Z,TONUSDT,0.00005
2025-03-29T00:00:00Z,TONUSDT,0.00005
2025-03-29T04:00:00Z,TONUSDT,0.00005
2025-03-29T08:00:00Z,TONUSDT,0.00005
2025-03-29T12:00:00Z,TONUSDT,0.00005
2025-03-29T16:00:00Z,TONUSDT,0.00005
2025-03-29T20:00:00Z,TONUSDT,0.00005
2025-03-30T00:00:00Z,TONUSDT,0.00003473
2025-03-30T04:00:00Z,TONUSDT,0.00005
2025-03-30T08:00:00Z,TONUSDT,0.00005
2025-03-30T12:00:00Z,TONUSDT,-0.00008491
2025-03-30T16:00:00Z,TONUSDT,0.00004625
2025-03-30T20:00:00Z,TONUSDT,-0.00003921
2025-03-31T00:00:00Z,TONUSDT,0.00005
2025-03-31T04:00:00Z,TONUSDT,0.00005
2025-03-31T08:00:00Z,TONUSDT,-0.00012974
2025-03-31T12:00:00Z,TONUSDT,0.00005
2025-03-31T16:00:00Z,TONUSDT,-0.00002402
2025-03-31T20:00:00Z,TONUSDT,-0.00010808
2025-04-01T00:00:00Z,TONUSDT,0.0000034
2025-04-01T04:00:00Z,TONUSDT,0.00005
2025-04-01T08:00:00Z,TONUSDT,-0.0002323
2025-04-01T12:00:00Z,TONUSDT,0.00001177
2025-04-01T16:00:00Z,TONUSDT,0.00005
2025-04-01T20:00:00Z,TONUSDT,0.00005
2025-04-02T00:00:00Z,TONUSDT,0.00005
2025-04-02T04:00:00Z,TONUSDT,0.00001214
2025-04-02T08:00:00Z,TONUSDT,0.00005
2025-04-02T12:00:00Z,TONUSDT,0.00005
2025-04-02T16:00:00Z,TONUSDT,0.00005
2025-04-02T20:00:00Z,TONUSDT,-0.00000373
2025-04-03T00:00:00Z,TONUSDT,-0.00002214
2025-04-03T04:00:00Z,TONUSDT,-0.00003076
2025-04-03T08:00:00Z,TONUSDT,-0.0000137
2025-04-03T12:00:00Z,TONUSDT,-0.00010083
2025-04-03T16:00:00Z,TONUSDT,0.00005
2025-04-03T20:00:00Z,TONUSDT,0.00005
2025-04-04T00:00:00Z,TONUSDT,-0.00000357
2025-04-04T04:00:00Z,TONUSDT,-0.0001115
2025-04-04T08:00:00Z,TONUSDT,0.00003515
2025-04-04T12:00:00Z,TONUSDT,-0.00002556
2025-04-04T16:00:00Z,TONUSDT,-0.00002373
2025-04-04T20:00:00Z,TONUSDT,0.00005
2025-04-05T00:00:00Z,TONUSDT,-0.00002549
2025-04-05T04:00:00Z,TONUSDT,0.0000063
2025-04-05T08:00:00Z,TONUSDT,-0.00009456
2025-04-05T12:00:00Z,TONUSDT,-0.0000507
2025-04-05T16:00:00Z,TONUSDT,-0.00009539
2025-04-05T20:00:00Z,TONUSDT,-0.00007172
2025-04-06T00:00:00Z,TONUSDT,0.00003754
2025-04-06T04:00:00Z,TONUSDT,-0.00007185
2025-04-06T08:00:00Z,TONUSDT,-0.00000391
2025-04-06T12:00:00Z,TONUSDT,-0.00009708
2025-04-06T16:00:00Z,TONUSDT,-0.00003757
2025-04-06T20:00:00Z,TONUSDT,0.00005
2025-04-07T00:00:00Z,TONUSDT,0.00005
2025-04-07T04:00:00Z,TONUSDT,0.00005
2025-04-07T08:00:00Z,TONUSDT,0.00005
2025-04-07T12:00:00Z,TONUSDT,0.00005
2025-04-07T16:00:00Z,TONUSDT,0.00005
2025-04-07T20:00:00Z,TONUSDT,0.00005
2025-04-08T00:00:00Z,TONUSDT,0.00005
2025-04-08T04:00:00Z,TONUSDT,0.00005
2025-04-08T08:00:00Z,TONUSDT,0.00002522
2025-04-08T12:00:00Z,TONUSDT,0.00005
2025-04-08T16:00:00Z,TONUSDT,0.00001947
2025-04-08T20:00:00Z,TONUSDT,0.00001137
2025-04-09T00:00:00Z,TONUSDT,0.00005
2025-04-09T04:00:00Z,TONUSDT,0.00005
2025-04-09T08:00:00Z,TONUSDT,0.00005
2025-04-09T12:00:00Z,TONUSDT,0.00005
2025-04-09T16:00:00Z,TONUSDT,0.00004623
2025-04-09T20:00:00Z,TONUSDT,0.00005
2025-04-10T00:00:00Z,TONUSDT,0.00005
2025-04-10T04:00:00Z,TONUSDT,0.00005
2025-04-10T08:00:00Z,TONUSDT,0.00002363
2025-04-10T12:00:00Z,TONUSDT,-0.00000058
2025-04-10T16:00:00Z,TONUSDT,-0.00007392
2025-04-10T20:00:00Z,TONUSDT,-0.00007023
2025-04-11T00:00:00Z,TONUSDT,-0.00003729
2025-04-11T04:00:00Z,TONUSDT,0.00004169
2025-04-11T08:00:00Z,TONUSDT,0.00005
2025-04-11T12:00:00Z,TONUSDT,0.00005
2025-04-11T16:00:00Z,TONUSDT,0.00005
2025-04-11T20:00:00Z,TONUSDT,-0.00004636
2025-04-12T00:00:00Z,TONUSDT,-0.00001636
2025-04-12T04:00:00Z,TONUSDT,-0.00000864
2025-04-12T08:00:00Z,TONUSDT,0.00005
2025-04-12T12:00:00Z,TONUSDT,0.00005
2025-04-12T16:00:00Z,TONUSDT,0.00005
2025-04-12T20:00:00Z,TONUSDT,0.00005
2025-04-13T00:00:00Z,TONUSDT,0.00005
2025-04-13T04:00:00Z,TONUSDT,0.00005
2025-04-13T08:00:00Z,TONUSDT,0.00005
2025-04-13T12:00:00Z,TONUSDT,0.00005
2025-04-13T16:00:00Z,TONUSDT,0.00005
2025-04-13T20:00:00Z,TONUSDT,0.00002129
2025-04-14T00:00:00Z,TONUSDT,-0.00000557
2025-04-14T04:00:00Z,TONUSDT,0.00005
2025-04-14T08:00:00Z,TONUSDT,-0.00001851
2025-04-14T12:00:00Z,TONUSDT,0.00005
2025-04-14T16:00:00Z,TONUSDT,-0.00002252
2025-04-14T20:00:00Z,TONUSDT,-0.00010364
2025-04-15T00:00:00Z,TONUSDT,0.00005
2025-04-15T04:00:00Z,TONUSDT,0.00003191
2025-04-15T08:00:00Z,TONUSDT,0.00005
2025-04-15T12:00:00Z,TONUSDT,0.0000292
2025-04-15T16:00:00Z,TONUSDT,-0.00000243
2025-04-15T20:00:00Z,TONUSDT,0.00002186
2025-04-16T00:00:00Z,TONUSDT,-0.00013883
2025-04-16T04:00:00Z,TONUSDT,-0.00000838
2025-04-16T08:00:00Z,TONUSDT,-0.00001071
2025-04-16T12:00:00Z,TONUSDT,-0.0000581
2025-04-16T16:00:00Z,TONUSDT,-0.00003784
2025-04-16T20:00:00Z,TONUSDT,0.00000396
2025-04-17T00:00:00Z,TONUSDT,-0.0000426
2025-04-17T04:00:00Z,TONUSDT,0.00001032
2025-04-17T08:00:00Z,TONUSDT,0.00005
2025-04-17T12:00:00Z,TONUSDT,0.00001315
2025-04-17T16:00:00Z,TONUSDT,0.00005
2025-04-17T20:00:00Z,TONUSDT,-0.00008078
2025-04-18T00:00:00Z,TONUSDT,0.00005
2025-04-18T04:00:00Z,TONUSDT,-0.00004119
2025-04-18T08:00:00Z,TONUSDT,-0.00010278
2025-04-18T12:00:00Z,TONUSDT,0.0000483
2025-04-18T16:00:00Z,TONUSDT,-0.00004125
2025-04-18T20:00:00Z,TONUSDT,0.00005
2025-04-19T00:00:00Z,TONUSDT,0.00005
2025-04-19T04:00:00Z,TONUSDT,0.00005
2025-04-19T08:00:00Z,TONUSDT,0.00005
2025-04-19T12:00:00Z,TONUSDT,0.00004666
2025-04-19T16:00:00Z,TONUSDT,0.00005
2025-04-19T20:00:00Z,TONUSDT,-0.0000567
2025-04-20T00:00:00Z,TONUSDT,0.00005
2025-04-20T04:00:00Z,TONUSDT,0.00005
2025-04-20T08:00:00Z,TONUSDT,0.00005
2025-04-20T12:00:00Z,TONUSDT,0.00003026
2025-04-20T16:00:00Z,TONUSDT,-0.00002716
2025-04-20T20:00:00Z,TONUSDT,0.00003087
2025-04-21T00:00:00Z,TONUSDT,0.00005
2025-04-21T04:00:00Z,TONUSDT,0.00005
2025-04-21T08:00:00Z,TONUSDT,0.00005
2025-04-21T12:00:00Z,TONUSDT,0.00005
2025-04-21T16:00:00Z,TONUSDT,0.00005
2025-04-21T20:00:00Z,TONUSDT,-0.00001392
2025-04-22T00:00:00Z,TONUSDT,0.00000708
2025-04-22T04:00:00Z,TONUSDT,-0.00006481
2025-04-22T08:00:00Z,TONUSDT,0.00005
2025-04-22T12:00:00Z,TONUSDT,0.00005
2025-04-22T16:00:00Z,TONUSDT,0.00005
2025-04-22T20:00:00Z,TONUSDT,0.00000139
2025-04-23T00:00:00Z,TONUSDT,0.00005
2025-04-23T04:00:00Z,TONUSDT,0.00005
2025-04-23T08:00:00Z,TONUSDT,0.00005
2025-04-23T12:00:00Z,TONUSDT,0.00005
2025-04-23T16:00:00Z,TONUSDT,0.00005
2025-04-23T20:00:00Z,TONUSDT,0.00005
2025-04-24T00:00:00Z,TONUSDT,0.00005
2025-04-24T04:00:00Z,TONUSDT,0.00005
2025-04-24T08:00:00Z,TONUSDT,0.00005
2025-04-24T12:00:00Z,TONUSDT,0.00005
2025-04-24T16:00:00Z,TONUSDT,0.00005
2025-04-24T20:00:00Z,TONUSDT,0.00005
2025-04-25T00:00:00Z,TONUSDT,0.00005
2025-04-25T04:00:00Z,TONUSDT,0.00005
2025-04-25T08:00:00Z,TONUSDT,0.00005
2025-04-25T12:00:00Z,TONUSDT,0.00005
2025-04-25T16:00:00Z,TONUSDT,0.00005
2025-04-25T20:00:00Z,TONUSDT,0.00005
2025-04-26T00:00:00Z,TONUSDT,0.00005
2025-04-26T04:00:00Z,TONUSDT,0.00005
2025-04-26T08:00:00Z,TONUSDT,0.00005
2025-04-26T12:00:00Z,TONUSDT,0.00005
2025-04-26T16:00:00Z,TONUSDT,0.00005
2025-04-26T20:00:00Z,TONUSDT,0.00005
2025-04-27T00:00:00Z,TONUSDT,0.00005
2025-04-27T04:00:00Z,TONUSDT,0.00005
2025-04-27T08:00:00Z,TONUSDT,0.00005
2025-04-27T12:00:00Z,TONUSDT,0.00005
2025-04-27T16:00:00Z,TONUSDT,0.00005
2025-04-27T20:00:00Z,TONUSDT,0.00005
2025-04-28T00:00:00Z,TONUSDT,0.00005
2025-04-28T04:00:00Z,TONUSDT,0.00005
2025-04-28T08:00:00Z,TONUSDT,0.00005
2025-04-28T12:00:00Z,TONUSDT,0.00005
2025-04-28T16:00:00Z,TONUSDT,0.00005
2025-04-28T20:00:00Z,TONUSDT,0.00005
2025-04-29T00:00:00Z,TONUSDT,0.00005
2025-04-29T04:00:00Z,TONUSDT,0.00005
2025-04-29T08:00:00Z,TONUSDT,0.00005
2025-04-29T12:00:00Z,TONUSDT,0.00005
2025-04-29T16:00:00Z,TONUSDT,0.00005
2025-04-29T20:00:00Z,TONUSDT,0.00005
2025-04-30T00:00:00Z,TONUSDT,0.00002751
2025-04-30T04:00:00Z,TONUSDT,0.00005
2025-04-30T08:00:00Z,TONUSDT,0.00005
2025-04-30T12:00:00Z,TONUSDT,0.00005
2025-04-30T16:00:00Z,TONUSDT,0.00005
2025-04-30T20:00:00Z,TONUSDT,0.00005
2025-05-01T00:00:00Z,TONUSDT,0.00005
2025-05-01T04:00:00Z,TONUSDT,0.00005
2025-05-01T08:00:00Z,TONUSDT,0.00000971
2025-05-01T12:00:00Z,TONUSDT,-0.00002837
2025-05-01T16:00:00Z,TONUSDT,0.00005
2025-05-01T20:00:00Z,TONUSDT,0.00005
2025-05-02T00:00:00Z,TONUSDT,0.00005
2025-05-02T04:00:00Z,TONUSDT,0.00005
2025-05-02T08:00:00Z,TONUSDT,0.00005
2025-05-02T12:00:00Z,TONUSDT,0.00005
2025-05-02T16:00:00Z,TONUSDT,-0.00001775
2025-05-02T20:00:00Z,TONUSDT,0.00004892
2025-05-03T00:00:00Z,TONUSDT,0.00005
2025-05-03T04:00:00Z,TONUSDT,0.00005
2025-05-03T08:00:00Z,TONUSDT,0.00005
2025-05-03T12:00:00Z,TONUSDT,0.00001
2025-05-03T16:00:00Z,TONUSDT,0.00001373
2025-05-03T20:00:00Z,TONUSDT,0.00005
2025-05-04T00:00:00Z,TONUSDT,-0.00000082
2025-05-04T04:00:00Z,TONUSDT,-0.00000413
2025-05-04T08:00:00Z,TONUSDT,-0.0000207
2025-05-04T12:00:00Z,TONUSDT,-0.00000569
2025-05-04T16:00:00Z,TONUSDT,-0.00002947
2025-05-04T20:00:00Z,TONUSDT,-0.00000705
2025-05-05T00:00:00Z,TONUSDT,-0.00003265
2025-05-05T04:00:00Z,TONUSDT,0.00002102
2025-05-05T08:00:00Z,TONUSDT,0.00005
2025-05-05T12:00:00Z,TONUSDT,0.00005
2025-05-05T16:00:00Z,TONUSDT,0.00005
2025-05-05T20:00:00Z,TONUSDT,-0.0000026
2025-05-06T00:00:00Z,TONUSDT,-0.00004468
2025-05-06T04:00:00Z,TONUSDT,-0.0000092
2025-05-06T08:00:00Z,TONUSDT,-0.00001728
2025-05-06T12:00:00Z,TONUSDT,-0.00002849
2025-05-06T16:00:00Z,TONUSDT,0.00005
2025-05-06T20:00:00Z,TONUSDT,0.00005
2025-05-07T00:00:00Z,TONUSDT,0.00005
2025-05-07T04:00:00Z,TONUSDT,-0.00000533
2025-05-07T08:00:00Z,TONUSDT,0.00005
2025-05-07T12:00:00Z,TONUSDT,0.00005
2025-05-07T16:00:00Z,TONUSDT,0.00005
2025-05-07T20:00:00Z,TONUSDT,-0.00001663
2025-05-08T00:00:00Z,TONUSDT,0.00005
2025-05-08T04:00:00Z,TONUSDT,0.00005
2025-05-08T08:00:00Z,TONUSDT,0.00005
2025-05-08T12:00:00Z,TONUSDT,0.00005
2025-05-08T16:00:00Z,TONUSDT,0.00005
2025-05-08T20:00:00Z,TONUSDT,0.00005
2025-05-09T00:00:00Z,TONUSDT,0.00005
2025-05-09T04:00:00Z,TONUSDT,0.00005
2025-05-09T08:00:00Z,TONUSDT,0.00005
2025-05-09T12:00:00Z,TONUSDT,0.00005
2025-05-09T16:00:00Z,TONUSDT,0.00005
2025-05-09T20:00:00Z,TONUSDT,0.00005
2025-05-10T00:00:00Z,TONUSDT,0.00005
2025-05-10T04:00:00Z,TONUSDT,0.00005
2025-05-10T08:00:00Z,TONUSDT,0.00005
2025-05-10T12:00:00Z,TONUSDT,0.00005
2025-05-10T16:00:00Z,TONUSDT,0.00005
2025-05-10T20:00:00Z,TONUSDT,0.00005
2025-05-11T00:00:00Z,TONUSDT,0.00005
2025-05-11T04:00:00Z,TONUSDT,0.00005
2025-05-11T08:00:00Z,TONUSDT,0.00005
2025-05-11T12:00:00Z,TONUSDT,0.00005
2025-05-11T16:00:00Z,TONUSDT,0.00005
2025-05-11T20:00:00Z,TONUSDT,0.00005
2025-05-12T00:00:00Z,TONUSDT,0.00005
2025-05-12T04:00:00Z,TONUSDT,0.00005
2025-05-12T08:00:00Z,TONUSDT,0.00005
2025-05-12T12:00:00Z,TONUSDT,0.00005
2025-05-12T16:00:00Z,TONUSDT,0.00005
2025-05-12T20:00:00Z,TONUSDT,0.00005
2025-05-13T00:00:00Z,TONUSDT,0.00005
2025-05-13T04:00:00Z,TONUSDT,0.00005
2025-05-13T08:00:00Z,TONUSDT,0.00005
2025-05-13T12:00:00Z,TONUSDT,0.00005
2025-05-13T16:00:00Z,TONUSDT,0.00005
2025-05-13T20:00:00Z,TONUSDT,0.00005
2025-05-14T00:00:00Z,TONUSDT,0.00005
2025-05-14T04:00:00Z,TONUSDT,0.00005
2025-05-14T08:00:00Z,TONUSDT,0.00005
2025-05-14T12:00:00Z,TONUSDT,0.00005
2025-05-14T16:00:00Z,TONUSDT,0.00005
2025-05-14T20:00:00Z,TONUSDT,0.00005
2025-05-15T00:00:00Z,TONUSDT,0.00005
2025-05-15T04:00:00Z,TONUSDT,0.00005
2025-05-15T08:00:00Z,TONUSDT,0.00005
2025-05-15T12:00:00Z,TONUSDT,0.00004054
2025-05-15T16:00:00Z,TONUSDT,0.00005
2025-05-15T20:00:00Z,TONUSDT,0.00005
2025-05-16T00:00:00Z,TONUSDT,0.00005
2025-05-16T04:00:00Z,TONUSDT,0.00005
2025-05-16T08:00:00Z,TONUSDT,0.00005
2025-05-16T12:00:00Z,TONUSDT,0.00005
2025-05-16T16:00:00Z,TONUSDT,0.00005
2025-05-16T20:00:00Z,TONUSDT,0.00005
2025-05-17T00:00:00Z,TONUSDT,0.00005
2025-05-17T04:00:00Z,TONUSDT,0.00002648
2025-05-17T08:00:00Z,TONUSDT,0.00005
2025-05-17T12:00:00Z,TONUSDT,-0.00001165
2025-05-17T16:00:00Z,TONUSDT,0.00000214
2025-05-17T20:00:00Z,TONUSDT,-0.00000713
2025-05-18T00:00:00Z,TONUSDT,-0.00002254
2025-05-18T04:00:00Z,TONUSDT,0.00003074
2025-05-18T08:00:00Z,TONUSDT,0.00005
2025-05-18T12:00:00Z,TONUSDT,-0.00002618
2025-05-18T16:00:00Z,TONUSDT,0.00005
2025-05-18T20:00:00Z,TONUSDT,-0.00000723
2025-05-19T00:00:00Z,TONUSDT,0.00005
2025-05-19T04:00:00Z,TONUSDT,-0.00002461
2025-05-19T08:00:00Z,TONUSDT,-0.00001345
2025-05-19T12:00:00Z,TONUSDT,0.0000223
2025-05-19T16:00:00Z,TONUSDT,-0.0000802
2025-05-19T20:00:00Z,TONUSDT,-0.00007046
2025-05-20T00:00:00Z,TONUSDT,0.00002837
2025-05-20T04:00:00Z,TONUSDT,0.00005
2025-05-20T08:00:00Z,TONUSDT,-0.00004461
2025-05-20T12:00:00Z,TONUSDT,-0.00003925
2025-05-20T16:00:00Z,TONUSDT,0.00002272
2025-05-20T20:00:00Z,TONUSDT,0.00001284
2025-05-21T00:00:00Z,TONUSDT,0.00005
2025-05-21T04:00:00Z,TONUSDT,0.00005
2025-05-21T08:00:00Z,TONUSDT,0.00005
2025-05-21T12:00:00Z,TONUSDT,0.00000682
2025-05-21T16:00:00Z,TONUSDT,0.00005
2025-05-21T20:00:00Z,TONUSDT,0.00005
2025-05-22T00:00:00Z,TONUSDT,0.00005
2025-05-22T04:00:00Z,TONUSDT,0.00005
2025-05-22T08:00:00Z,TONUSDT,0.00005
2025-05-22T12:00:00Z,TONUSDT,0.00005
2025-05-22T16:00:00Z,TONUSDT,0.00005
2025-05-22T20:00:00Z,TONUSDT,0.00005
2025-05-23T00:00:00Z,TONUSDT,0.00005
2025-05-23T04:00:00Z,TONUSDT,0.00005
2025-05-23T08:00:00Z,TONUSDT,0.00005
2025-05-23T12:00:00Z,TONUSDT,0.00005
2025-05-23T16:00:00Z,TONUSDT,0.00000935
2025-05-23T20:00:00Z,TONUSDT,-0.00002961
2025-05-24T00:00:00Z,TONUSDT,0.00001192
2025-05-24T04:00:00Z,TONUSDT,0.00005
2025-05-24T08:00:00Z,TONUSDT,0.00005
2025-05-24T12:00:00Z,TONUSDT,0.00005
2025-05-24T16:00:00Z,TONUSDT,0.0000027
2025-05-24T20:00:00Z,TONUSDT,0.00002254
2025-05-25T00:00:00Z,TONUSDT,0.00005
2025-05-25T04:00:00Z,TONUSDT,0.00005
2025-05-25T08:00:00Z,TONUSDT,-0.00000939
2025-05-25T12:00:00Z,TONUSDT,0.00005
2025-05-25T16:00:00Z,TONUSDT,-0.00000943
2025-05-25T20:00:00Z,TONUSDT,0.00005
2025-05-26T00:00:00Z,TONUSDT,0.00005
2025-05-26T04:00:00Z,TONUSDT,0.00005
2025-05-26T08:00:00Z,TONUSDT,0.00005
2025-05-26T12:00:00Z,TONUSDT,0.00005
2025-05-26T16:00:00Z,TONUSDT,0.00005
2025-05-26T20:00:00Z,TONUSDT,0.00005
2025-05-27T00:00:00Z,TONUSDT,0.00005
2025-05-27T04:00:00Z,TONUSDT,0.00005
2025-05-27T08:00:00Z,TONUSDT,0.00005
2025-05-27T12:00:00Z,TONUSDT,0.00005
2025-05-27T16:00:00Z,TONUSDT,0.00005
2025-05-27T20:00:00Z,TONUSDT,0.00005
2025-05-28T00:00:00Z,TONUSDT,0.00005
2025-05-28T04:00:00Z,TONUSDT,0.00005
2025-05-28T08:00:00Z,TONUSDT,0.00005
2025-05-28T12:00:00Z,TONUSDT,0.00005
2025-05-28T16:00:00Z,TONUSDT,-0.00000967
2025-05-28T20:00:00Z,TONUSDT,-0.00009416
2025-05-29T00:00:00Z,TONUSDT,-0.00006312
2025-05-29T04:00:00Z,TONUSDT,0.00005
2025-05-29T08:00:00Z,TONUSDT,0.00005
2025-05-29T12:00:00Z,TONUSDT,-0.00008272
2025-05-29T16:00:00Z,TONUSDT,0.00002156
2025-05-29T20:00:00Z,TONUSDT,0.00005
2025-05-30T00:00:00Z,TONUSDT,0.00005
2025-05-30T04:00:00Z,TONUSDT,0.00005
2025-05-30T08:00:00Z,TONUSDT,0.00003527
2025-05-30T12:00:00Z,TONUSDT,0.00005
2025-05-30T16:00:00Z,TONUSDT,0.00005
2025-05-30T20:00:00Z,TONUSDT,0.00005
2025-05-31T00:00:00Z,TONUSDT,-0.00010587
2025-05-31T04:00:00Z,TONUSDT,-0.00011126
2025-05-31T08:00:00Z,TONUSDT,-0.0000608
2025-05-31T12:00:00Z,TONUSDT,-0.00004999
2025-05-31T16:00:00Z,TONUSDT,-0.00000381
2025-05-31T20:00:00Z,TONUSDT,0.00005
2025-06-01T00:00:00Z,TONUSDT,-0.00003955
2025-06-01T04:00:00Z,TONUSDT,-0.00001808
2025-06-01T08:00:00Z,TONUSDT,-0.00007504
2025-06-01T12:00:00Z,TONUSDT,-0.00003098
2025-06-01T16:00:00Z,TONUSDT,0.00005
2025-06-01T20:00:00Z,TONUSDT,-0.00006049
2025-06-02T00:00:00Z,TONUSDT,0.00005
2025-06-02T04:00:00Z,TONUSDT,0.00005
2025-06-02T08:00:00Z,TONUSDT,-0.00003618
2025-06-02T12:00:00Z,TONUSDT,-0.0000169
2025-06-02T16:00:00Z,TONUSDT,0.00005
2025-06-02T20:00:00Z,TONUSDT,0.00005
2025-06-03T00:00:00Z,TONUSDT,0.00005
2025-06-03T04:00:00Z,TONUSDT,-0.00001601
2025-06-03T08:00:00Z,TONUSDT,0.00005
2025-06-03T12:00:00Z,TONUSDT,0.00005
2025-06-03T16:00:00Z,TONUSDT,0.00005
2025-06-03T20:00:00Z,TONUSDT,0.00002537
2025-06-04T00:00:00Z,TONUSDT,0.00002156
2025-06-04T04:00:00Z,TONUSDT,0.00005
2025-06-04T08:00:00Z,TONUSDT,0.00005
2025-06-04T12:00:00Z,TONUSDT,0.00003112
2025-06-04T16:00:00Z,TONUSDT,0.00005
2025-06-04T20:00:00Z,TONUSDT,0.00005
2025-06-05T00:00:00Z,TONUSDT,0.00005
2025-06-05T04:00:00Z,TONUSDT,0.00005
2025-06-05T08:00:00Z,TONUSDT,0.00002555
2025-06-05T12:00:00Z,TONUSDT,-0.00002133
2025-06-05T16:00:00Z,TONUSDT,-0.00003625
2025-06-05T20:00:00Z,TONUSDT,-0.0000982
2025-06-06T00:00:00Z,TONUSDT,-0.00001059
2025-06-06T04:00:00Z,TONUSDT,-0.00000053
2025-06-06T08:00:00Z,TONUSDT,0.00000419
2025-06-06T12:00:00Z,TONUSDT,0.00005
2025-06-06T16:00:00Z,TONUSDT,0.00005
2025-06-06T20:00:00Z,TONUSDT,-0.00003427
2025-06-07T00:00:00Z,TONUSDT,0.00005
2025-06-07T04:00:00Z,TONUSDT,0.00005
2025-06-07T08:00:00Z,TONUSDT,0.00005
2025-06-07T12:00:00Z,TONUSDT,0.00005
2025-06-07T16:00:00Z,TONUSDT,0.00005
2025-06-07T20:00:00Z,TONUSDT,0.00005
2025-06-08T00:00:00Z,TONUSDT,0.00005
2025-06-08T04:00:00Z,TONUSDT,0.00005
2025-06-08T08:00:00Z,TONUSDT,0.00005
2025-06-08T12:00:00Z,TONUSDT,0.00005
2025-06-08T16:00:00Z,TONUSDT,0.00005
2025-06-08T20:00:00Z,TONUSDT,0.00005
2025-06-09T00:00:00Z,TONUSDT,0.00005
2025-06-09T04:00:00Z,TONUSDT,0.00005
2025-06-09T08:00:00Z,TONUSDT,0.00005
2025-06-09T12:00:00Z,TONUSDT,0.00001709
2025-06-09T16:00:00Z,TONUSDT,0.00005
2025-06-09T20:00:00Z,TONUSDT,-0.00006505
2025-06-10T00:00:00Z,TONUSDT,0.00005
2025-06-10T04:00:00Z,TONUSDT,0.00005
2025-06-10T08:00:00Z,TONUSDT,0.00005
2025-06-10T12:00:00Z,TONUSDT,0.00005
2025-06-10T16:00:00Z,TONUSDT,0.00005
2025-06-10T20:00:00Z,TONUSDT,0.00005
2025-06-11T00:00:00Z,TONUSDT,0.00005
2025-06-11T04:00:00Z,TONUSDT,0.00005
2025-06-11T08:00:00Z,TONUSDT,0.00005
2025-06-11T12:00:00Z,TONUSDT,0.00005
2025-06-11T16:00:00Z,TONUSDT,0.00005
2025-06-11T20:00:00Z,TONUSDT,0.00005
2025-06-12T00:00:00Z,TONUSDT,0.00005
2025-06-12T04:00:00Z,TONUSDT,0.00005
2025-06-12T08:00:00Z,TONUSDT,0.00005
2025-06-12T12:00:00Z,TONUSDT,0.00005
2025-06-12T16:00:00Z,TONUSDT,0.00005
2025-06-12T20:00:00Z,TONUSDT,0.00003456
2025-06-13T00:00:00Z,TONUSDT,-0.00000696
2025-06-13T04:00:00Z,TONUSDT,0.00005
2025-06-13T08:00:00Z,TONUSDT,0.00005
2025-06-13T12:00:00Z,TONUSDT,0.00005
2025-06-13T16:00:00Z,TONUSDT,0.00005
2025-06-13T20:00:00Z,TONUSDT,-0.00005931
2025-06-14T00:00:00Z,TONUSDT,0.00005
2025-06-14T04:00:00Z,TONUSDT,0.00005
2025-06-14T08:00:00Z,TONUSDT,0.00005
2025-06-14T12:00:00Z,TONUSDT,-0.00011603
2025-06-14T16:00:00Z,TONUSDT,-0.00007513
2025-06-14T20:00:00Z,TONUSDT,0.00000971
2025-06-15T00:00:00Z,TONUSDT,0.00005
2025-06-15T04:00:00Z,TONUSDT,-0.00002321
2025-06-15T08:00:00Z,TONUSDT,-0.00000596
2025-06-15T12:00:00Z,TONUSDT,-0.00002319
2025-06-15T16:00:00Z,TONUSDT,0.0000113
2025-06-15T20:00:00Z,TONUSDT,-0.0000855
2025-06-16T00:00:00Z,TONUSDT,0.00005
2025-06-16T04:00:00Z,TONUSDT,0.00005
2025-06-16T08:00:00Z,TONUSDT,0.00005
2025-06-16T12:00:00Z,TONUSDT,0.00004279
2025-06-16T16:00:00Z,TONUSDT,0.00005
2025-06-16T20:00:00Z,TONUSDT,0.00005
2025-06-17T00:00:00Z,TONUSDT,0.00005
2025-06-17T04:00:00Z,TONUSDT,0.00005
2025-06-17T08:00:00Z,TONUSDT,0.00005
2025-06-17T12:00:00Z,TONUSDT,0.00001864
2025-06-17T16:00:00Z,TONUSDT,-0.00000161
2025-06-17T20:00:00Z,TONUSDT,-0.00004253
2025-06-18T00:00:00Z,TONUSDT,-0.00000448
2025-06-18T04:00:00Z,TONUSDT,0.00000384
2025-06-18T08:00:00Z,TONUSDT,0.00005
2025-06-18T12:00:00Z,TONUSDT,-0.00014117
2025-06-18T16:00:00Z,TONUSDT,-0.00005982
2025-06-18T20:00:00Z,TONUSDT,-0.00009193
2025-06-19T00:00:00Z,TONUSDT,0.00005
2025-06-19T04:00:00Z,TONUSDT,0.00005
2025-06-19T08:00:00Z,TONUSDT,-0.00000038
2025-06-19T12:00:00Z,TONUSDT,0.00001925
2025-06-19T16:00:00Z,TONUSDT,-0.00001045
2025-06-19T20:00:00Z,TONUSDT,-0.00002242
2025-06-20T00:00:00Z,TONUSDT,0.00000401
2025-06-20T04:00:00Z,TONUSDT,-0.00004815
2025-06-20T08:00:00Z,TONUSDT,0.00005
2025-06-20T12:00:00Z,TONUSDT,0.00004161
2025-06-20T16:00:00Z,TONUSDT,-0.00001913
2025-06-20T20:00:00Z,TONUSDT,0.00004211
2025-06-21T00:00:00Z,TONUSDT,-0.00001764
2025-06-21T04:00:00Z,TONUSDT,0.00005
2025-06-21T08:00:00Z,TONUSDT,0.00005
2025-06-21T12:00:00Z,TONUSDT,0.00005
2025-06-21T16:00:00Z,TONUSDT,-0.00004153
2025-06-21T20:00:00Z,TONUSDT,-0.00003187
2025-06-22T00:00:00Z,TONUSDT,-0.0000172
2025-06-22T04:00:00Z,TONUSDT,-0.00008559
2025-06-22T08:00:00Z,TONUSDT,-0.00006542
2025-06-22T12:00:00Z,TONUSDT,-0.00007397
2025-06-22T16:00:00Z,TONUSDT,0.00000171
2025-06-22T20:00:00Z,TONUSDT,0.0000305
2025-06-23T00:00:00Z,TONUSDT,0.00005
2025-06-23T04:00:00Z,TONUSDT,0.00005
2025-06-23T08:00:00Z,TONUSDT,0.00005
2025-06-23T12:00:00Z,TONUSDT,0.00000757
2025-06-23T16:00:00Z,TONUSDT,-0.00003681
2025-06-23T20:00:00Z,TONUSDT,-0.00003302
2025-06-24T00:00:00Z,TONUSDT,-0.00000453
2025-06-24T04:00:00Z,TONUSDT,-0.00000189
2025-06-24T08:00:00Z,TONUSDT,-0.00002379
2025-06-24T12:00:00Z,TONUSDT,-0.0000167
2025-06-24T16:00:00Z,TONUSDT,-0.00001718
2025-06-24T20:00:00Z,TONUSDT,0.00001286
2025-06-25T00:00:00Z,TONUSDT,0.00005
2025-06-25T04:00:00Z,TONUSDT,0.00005
2025-06-25T08:00:00Z,TONUSDT,0.00005
2025-06-25T12:00:00Z,TONUSDT,0.00005
2025-06-25T16:00:00Z,TONUSDT,0.00002509
2025-06-25T20:00:00Z,TONUSDT,0.00000831
2025-06-26T00:00:00Z,TONUSDT,0.00005
2025-06-26T04:00:00Z,TONUSDT,0.00005
2025-06-26T08:00:00Z,TONUSDT,0.00005
2025-06-26T12:00:00Z,TONUSDT,0.00005
2025-06-26T16:00:00Z,TONUSDT,0.00005
2025-06-26T20:00:00Z,TONUSDT,0.00005
2025-06-27T00:00:00Z,TONUSDT,0.00002172
2025-06-27T04:00:00Z,TONUSDT,-0.00004409
2025-06-27T08:00:00Z,TONUSDT,-0.00003506
2025-06-27T12:00:00Z,TONUSDT,-0.00005498
2025-06-27T16:00:00Z,TONUSDT,0.00003855
2025-06-27T20:00:00Z,TONUSDT,0.00001519
2025-06-28T00:00:00Z,TONUSDT,0.00005
2025-06-28T04:00:00Z,TONUSDT,0.00002353
2025-06-28T08:00:00Z,TONUSDT,0.00004853
2025-06-28T12:00:00Z,TONUSDT,0.00005
2025-06-28T16:00:00Z,TONUSDT,0.00005
2025-06-28T20:00:00Z,TONUSDT,0.00005
2025-06-29T00:00:00Z,TONUSDT,0.00005
2025-06-29T04:00:00Z,TONUSDT,0.00005
2025-06-29T08:00:00Z,TONUSDT,0.00005
2025-06-29T12:00:00Z,TONUSDT,0.00005
2025-06-29T16:00:00Z,TONUSDT,0.00000005
2025-06-29T20:00:00Z,TONUSDT,-0.00002335
2025-06-30T00:00:00Z,TONUSDT,0.00005
2025-06-30T04:00:00Z,TONUSDT,0.00002267
2025-06-30T08:00:00Z,TONUSDT,0.00005
2025-06-30T12:00:00Z,TONUSDT,0.00005
2025-06-30T16:00:00Z,TONUSDT,-0.00001392
2025-06-30T20:00:00Z,TONUSDT,0.00004054
2025-07-01T00:00:00Z,TONUSDT,0.00005
2025-07-01T04:00:00Z,TONUSDT,0.00005
2025-07-01T08:00:00Z,TONUSDT,0.00005
2025-07-01T12:00:00Z,TONUSDT,0.00005
2025-07-01T16:00:00Z,TONUSDT,0.00005
2025-07-01T20:00:00Z,TONUSDT,0.00005
2025-07-02T00:00:00Z,TONUSDT,0.00005
2025-07-02T04:00:00Z,TONUSDT,0.00005
2025-07-02T08:00:00Z,TONUSDT,0.00005
2025-07-02T12:00:00Z,TONUSDT,0.00005
2025-07-02T16:00:00Z,TONUSDT,0.00000589
2025-07-02T20:00:00Z,TONUSDT,-0.00001301
2025-07-03T00:00:00Z,TONUSDT,-0.00002581
2025-07-03T04:00:00Z,TONUSDT,0.00001268
2025-07-03T08:00:00Z,TONUSDT,0.00005
2025-07-03T12:00:00Z,TONUSDT,0.00005
2025-07-03T16:00:00Z,TONUSDT,0.00005
2025-07-03T20:00:00Z,TONUSDT,0.00005
2025-07-04T00:00:00Z,TONUSDT,0.00005
2025-07-04T04:00:00Z,TONUSDT,0.00005
2025-07-04T08:00:00Z,TONUSDT,0.00005
2025-07-04T12:00:00Z,TONUSDT,0.00005
2025-07-04T16:00:00Z,TONUSDT,-0.00000525
2025-07-04T20:00:00Z,TONUSDT,-0.0001417
2025-07-05T00:00:00Z,TONUSDT,-0.00004034
2025-07-05T04:00:00Z,TONUSDT,0.00000496
2025-07-05T08:00:00Z,TONUSDT,-0.00001331
2025-07-05T12:00:00Z,TONUSDT,0.00005
2025-07-05T16:00:00Z,TONUSDT,0.00001189
2025-07-05T20:00:00Z,TONUSDT,-0.00003607
2025-07-06T00:00:00Z,TONUSDT,0.00001509
2025-07-06T04:00:00Z,TONUSDT,-0.00005638
2025-07-06T08:00:00Z,TONUSDT,0.00005
2025-07-06T12:00:00Z,TONUSDT,-0.00003781
2025-07-06T16:00:00Z,TONUSDT,-0.00003739
2025-07-06T20:00:00Z,TONUSDT,-0.00005743
2025-07-07T00:00:00Z,TONUSDT,0.00005
2025-07-07T04:00:00Z,TONUSDT,0.00005
2025-07-07T08:00:00Z,TONUSDT,0.00005
2025-07-07T12:00:00Z,TONUSDT,0.00005
2025-07-07T16:00:00Z,TONUSDT,0.00005
2025-07-07T20:00:00Z,TONUSDT,0.00005
2025-07-08T00:00:00Z,TONUSDT,0.00005
2025-07-08T04:00:00Z,TONUSDT,0.00005
2025-07-08T08:00:00Z,TONUSDT,0.00005
2025-07-08T12:00:00Z,TONUSDT,0.00005
2025-07-08T16:00:00Z,TONUSDT,0.00005
2025-07-08T20:00:00Z,TONUSDT,0.00005
2025-07-09T00:00:00Z,TONUSDT,0.00005
2025-07-09T04:00:00Z,TONUSDT,0.00005
2025-07-09T08:00:00Z,TONUSDT,0.00005
2025-07-09T12:00:00Z,TONUSDT,0.00005
2025-07-09T16:00:00Z,TONUSDT,0.00005
2025-07-09T20:00:00Z,TONUSDT,0.00005
2025-07-10T00:00:00Z,TONUSDT,0.00005
2025-07-10T04:00:00Z,TONUSDT,0.00005
2025-07-10T08:00:00Z,TONUSDT,0.00005
2025-07-10T12:00:00Z,TONUSDT,0.00005
2025-07-10T16:00:00Z,TONUSDT,0.00005
2025-07-10T20:00:00Z,TONUSDT,0.00005
2025-07-11T00:00:00Z,TONUSDT,0.00005
2025-07-11T04:00:00Z,TONUSDT,0.00005
2025-07-11T08:00:00Z,TONUSDT,0.00005
2025-07-11T12:00:00Z,TONUSDT,0.00005
2025-07-11T16:00:00Z,TONUSDT,0.00005
2025-07-11T20:00:00Z,TONUSDT,0.00005
2025-07-12T00:00:00Z,TONUSDT,0.00005
2025-07-12T04:00:00Z,TONUSDT,0.00005
2025-07-12T08:00:00Z,TONUSDT,0.00005
2025-07-12T12:00:00Z,TONUSDT,0.00005
2025-07-12T16:00:00Z,TONUSDT,0.00005
2025-07-12T20:00:00Z,TONUSDT,0.00005
2025-07-13T00:00:00Z,TONUSDT,0.00005
2025-07-13T04:00:00Z,TONUSDT,0.00003049
2025-07-13T08:00:00Z,TONUSDT,0.00005
2025-07-13T12:00:00Z,TONUSDT,0.00005
2025-07-13T16:00:00Z,TONUSDT,0.00005
2025-07-13T20:00:00Z,TONUSDT,0.00005
2025-07-14T00:00:00Z,TONUSDT,0.00005
2025-07-14T04:00:00Z,TONUSDT,0.00005
2025-07-14T08:00:00Z,TONUSDT,0.00005
2025-07-14T12:00:00Z,TONUSDT,0.00005
2025-07-14T16:00:00Z,TONUSDT,0.00005
2025-07-14T20:00:00Z,TONUSDT,0.00005
2025-07-15T00:00:00Z,TONUSDT,0.00005
2025-07-15T04:00:00Z,TONUSDT,0.00005
2025-07-15T08:00:00Z,TONUSDT,0.00005
2025-07-15T12:00:00Z,TONUSDT,0.00005
2025-07-15T16:00:00Z,TONUSDT,0.00005
2025-07-15T20:00:00Z,TONUSDT,0.00005
2025-07-16T00:00:00Z,TONUSDT,0.00005
2025-07-16T04:00:00Z,TONUSDT,0.00005
2025-07-16T08:00:00Z,TONUSDT,0.00005
2025-07-16T12:00:00Z,TONUSDT,0.00005
2025-07-16T16:00:00Z,TONUSDT,0.00005
2025-07-16T20:00:00Z,TONUSDT,0.00005
2025-07-17T00:00:00Z,TONUSDT,0.00005
2025-07-17T04:00:00Z,TONUSDT,0.00005
2025-07-17T08:00:00Z,TONUSDT,0.00005
2025-07-17T12:00:00Z,TONUSDT,0.00005
2025-07-17T16:00:00Z,TONUSDT,0.00005
2025-07-17T20:00:00Z,TONUSDT,0.00005
2025-07-18T00:00:00Z,TONUSDT,0.00005
2025-07-18T04:00:00Z,TONUSDT,0.00011304
2025-07-18T08:00:00Z,TONUSDT,0.00012548
2025-07-18T12:00:00Z,TONUSDT,0.00009823
2025-07-18T16:00:00Z,TONUSDT,0.00005
2025-07-18T20:00:00Z,TONUSDT,0.00005
2025-07-19T00:00:00Z,TONUSDT,0.00005
2025-07-19T04:00:00Z,TONUSDT,0.00005
2025-07-19T08:00:00Z,TONUSDT,0.00005
2025-07-19T12:00:00Z,TONUSDT,0.00005
2025-07-19T16:00:00Z,TONUSDT,0.00005
2025-07-19T20:00:00Z,TONUSDT,0.00005
2025-07-20T00:00:00Z,TONUSDT,0.00005
2025-07-20T04:00:00Z,TONUSDT,0.00005
2025-07-20T08:00:00Z,TONUSDT,0.00005
2025-07-20T12:00:00Z,TONUSDT,0.00007803
2025-07-20T16:00:00Z,TONUSDT,0.00013787
2025-07-20T20:00:00Z,TONUSDT,0.0001674
2025-07-21T00:00:00Z,TONUSDT,0.00005
2025-07-21T04:00:00Z,TONUSDT,0.00006029
2025-07-21T08:00:00Z,TONUSDT,0.00014142
2025-07-21T12:00:00Z,TONUSDT,0.00011495
2025-07-21T16:00:00Z,TONUSDT,0.00005
2025-07-21T20:00:00Z,TONUSDT,0.00005
2025-07-22T00:00:00Z,TONUSDT,0.00010172
2025-07-22T04:00:00Z,TONUSDT,0.00005
2025-07-22T08:00:00Z,TONUSDT,0.00005
2025-07-22T12:00:00Z,TONUSDT,0.00005
2025-07-22T16:00:00Z,TONUSDT,0.00005
2025-07-22T20:00:00Z,TONUSDT,0.00005
2025-07-23T00:00:00Z,TONUSDT,0.00006239
2025-07-23T04:00:00Z,TONUSDT,0.00019304
2025-07-23T08:00:00Z,TONUSDT,0.00014414
2025-07-23T12:00:00Z,TONUSDT,0.00005
2025-07-23T16:00:00Z,TONUSDT,0.00005
2025-07-23T20:00:00Z,TONUSDT,0.00005
2025-07-24T00:00:00Z,TONUSDT,0.00005
2025-07-24T04:00:00Z,TONUSDT,0.00005
2025-07-24T08:00:00Z,TONUSDT,0.00005
2025-07-24T12:00:00Z,TONUSDT,0.00005
2025-07-24T16:00:00Z,TONUSDT,0.00005
2025-07-24T20:00:00Z,TONUSDT,0.00005
2025-07-25T00:00:00Z,TONUSDT,0.00005
2025-07-25T04:00:00Z,TONUSDT,0.00000031
2025-07-25T08:00:00Z,TONUSDT,0.00005
2025-07-25T12:00:00Z,TONUSDT,0.00005
2025-07-25T16:00:00Z,TONUSDT,0.00005
2025-07-25T20:00:00Z,TONUSDT,0.00005
2025-07-26T00:00:00Z,TONUSDT,0.00005
2025-07-26T04:00:00Z,TONUSDT,0.00005
2025-07-26T08:00:00Z,TONUSDT,0.00005
2025-07-26T12:00:00Z,TONUSDT,0.00005
2025-07-26T16:00:00Z,TONUSDT,0.00005
2025-07-26T20:00:00Z,TONUSDT,0.00005
2025-07-27T00:00:00Z,TONUSDT,0.00005
2025-07-27T04:00:00Z,TONUSDT,0.00005
2025-07-27T08:00:00Z,TONUSDT,0.00005
2025-07-27T12:00:00Z,TONUSDT,0.00005
2025-07-27T16:00:00Z,TONUSDT,0.00005
2025-07-27T20:00:00Z,TONUSDT,0.00005
2025-07-28T00:00:00Z,TONUSDT,0.00005
2025-07-28T04:00:00Z,TONUSDT,0.00005
2025-07-28T08:00:00Z,TONUSDT,0.00005
2025-07-28T12:00:00Z,TONUSDT,0.00005
2025-07-28T16:00:00Z,TONUSDT,0.00005
2025-07-28T20:00:00Z,TONUSDT,0.00005
2025-07-29T00:00:00Z,TONUSDT,0.00005
2025-07-29T04:00:00Z,TONUSDT,0.00005
2025-07-29T08:00:00Z,TONUSDT,0.00005
2025-07-29T12:00:00Z,TONUSDT,0.00005
2025-07-29T16:00:00Z,TONUSDT,0.00003208
2025-07-29T20:00:00Z,TONUSDT,-0.00005062
2025-07-30T00:00:00Z,TONUSDT,0.00005
2025-07-30T04:00:00Z,TONUSDT,0.00005
2025-07-30T08:00:00Z,TONUSDT,0.00004849
2025-07-30T12:00:00Z,TONUSDT,0.00001647
2025-07-30T16:00:00Z,TONUSDT,0.0000489
2025-07-30T20:00:00Z,TONUSDT,0.00005
2025-07-31T00:00:00Z,TONUSDT,0.00005
2025-07-31T04:00:00Z,TONUSDT,0.00005
2025-07-31T08:00:00Z,TONUSDT,0.00005
2025-07-31T12:00:00Z,TONUSDT,0.00005
2025-07-31T16:00:00Z,TONUSDT,0.00004897
2025-07-31T20:00:00Z,TONUSDT,-0.00002416
2025-08-01T00:00:00Z,TONUSDT,0.00005
2025-08-01T04:00:00Z,TONUSDT,0.00005
2025-08-01T08:00:00Z,TONUSDT,0.00005
2025-08-01T12:00:00Z,TONUSDT,-0.00001877
2025-08-01T16:00:00Z,TONUSDT,0.00004835
2025-08-01T20:00:00Z,TONUSDT,0.00005
2025-08-02T00:00:00Z,TONUSDT,0.00005
2025-08-02T04:00:00Z,TONUSDT,0.00005
2025-08-02T08:00:00Z,TONUSDT,0.00005
2025-08-02T12:00:00Z,TONUSDT,0.00005
2025-08-02T16:00:00Z,TONUSDT,-0.0000156
2025-08-02T20:00:00Z,TONUSDT,-0.00004477
2025-08-03T00:00:00Z,TONUSDT,0.00003778
2025-08-03T04:00:00Z,TONUSDT,0.00005
2025-08-03T08:00:00Z,TONUSDT,0.00005
2025-08-03T12:00:00Z,TONUSDT,0.00005
2025-08-03T16:00:00Z,TONUSDT,0.00004276
2025-08-03T20:00:00Z,TONUSDT,0.00005
2025-08-04T00:00:00Z,TONUSDT,0.00005
2025-08-04T04:00:00Z,TONUSDT,0.00005
2025-08-04T08:00:00Z,TONUSDT,0.00005
2025-08-04T12:00:00Z,TONUSDT,0.00005
2025-08-04T16:00:00Z,TONUSDT,0.00005
2025-08-04T20:00:00Z,TONUSDT,0.00002967
2025-08-05T00:00:00Z,TONUSDT,0.00000105
2025-08-05T04:00:00Z,TONUSDT,0.00002912
2025-08-05T08:00:00Z,TONUSDT,0.00001591
2025-08-05T12:00:00Z,TONUSDT,0.00005
2025-08-05T16:00:00Z,TONUSDT,0.00005
2025-08-05T20:00:00Z,TONUSDT,0.00005
2025-08-06T00:00:00Z,TONUSDT,0.00005
2025-08-06T04:00:00Z,TONUSDT,0.00005
2025-08-06T08:00:00Z,TONUSDT,0.00005
2025-08-06T12:00:00Z,TONUSDT,0.00005
2025-08-06T16:00:00Z,TONUSDT,0.00005
2025-08-06T20:00:00Z,TONUSDT,0.00005
2025-08-07T00:00:00Z,TONUSDT,0.00005
2025-08-07T04:00:00Z,TONUSDT,0.00005
2025-08-07T08:00:00Z,TONUSDT,0.00005
2025-08-07T12:00:00Z,TONUSDT,0.00005
2025-08-07T16:00:00Z,TONUSDT,0.00005
2025-08-07T20:00:00Z,TONUSDT,0.00005
2025-08-08T00:00:00Z,TONUSDT,0.00005
2025-08-08T04:00:00Z,TONUSDT,0.00005
2025-08-08T08:00:00Z,TONUSDT,0.00005
2025-08-08T12:00:00Z,TONUSDT,0.00005
2025-08-08T16:00:00Z,TONUSDT,0.00005
2025-08-08T20:00:00Z,TONUSDT,0.00005
2025-08-09T00:00:00Z,TONUSDT,0.00005
2025-08-09T04:00:00Z,TONUSDT,0.00005
2025-08-09T08:00:00Z,TONUSDT,0.00005
2025-08-09T12:00:00Z,TONUSDT,0.00005
2025-08-09T16:00:00Z,TONUSDT,0.00005
2025-08-09T20:00:00Z,TONUSDT,0.00005
2025-08-10T00:00:00Z,TONUSDT,0.00005
2025-08-10T04:00:00Z,TONUSDT,0.00005
2025-08-10T08:00:00Z,TONUSDT,0.00005
2025-08-10T12:00:00Z,TONUSDT,0.00005
2025-08-10T16:00:00Z,TONUSDT,0.00005
2025-08-10T20:00:00Z,TONUSDT,0.00005
2025-08-11T00:00:00Z,TONUSDT,0.00005
2025-08-11T04:00:00Z,TONUSDT,0.00005
2025-08-11T08:00:00Z,TONUSDT,0.00005
2025-08-11T12:00:00Z,TONUSDT,0.00005
2025-08-11T16:00:00Z,TONUSDT,0.00005
2025-08-11T20:00:00Z,TONUSDT,0.00004389
2025-08-12T00:00:00Z,TONUSDT,0.00000946
2025-08-12T04:00:00Z,TONUSDT,-0.00006853
2025-08-12T08:00:00Z,TONUSDT,0.00003356
2025-08-12T12:00:00Z,TONUSDT,0.00003322
2025-08-12T16:00:00Z,TONUSDT,-0.00001525
2025-08-12T20:00:00Z,TONUSDT,0.00005
2025-08-13T00:00:00Z,TONUSDT,0.00005
2025-08-13T04:00:00Z,TONUSDT,0.00005
2025-08-13T08:00:00Z,TONUSDT,0.00005
2025-08-13T12:00:00Z,TONUSDT,0.00005
2025-08-13T16:00:00Z,TONUSDT,0.00005
2025-08-13T20:00:00Z,TONUSDT,0.00005
2025-08-14T00:00:00Z,TONUSDT,0.00005
2025-08-14T04:00:00Z,TONUSDT,0.00005
2025-08-14T08:00:00Z,TONUSDT,0.00005
2025-08-14T12:00:00Z,TONUSDT,0.00005
2025-08-14T16:00:00Z,TONUSDT,0.00005
2025-08-14T20:00:00Z,TONUSDT,0.00005
2025-08-15T00:00:00Z,TONUSDT,0.00005
2025-08-15T04:00:00Z,TONUSDT,0.00005
2025-08-15T08:00:00Z,TONUSDT,0.00005
2025-08-15T12:00:00Z,TONUSDT,0.00005
2025-08-15T16:00:00Z,TONUSDT,-0.00000495
2025-08-15T20:00:00Z,TONUSDT,0.00005
2025-08-16T00:00:00Z,TONUSDT,0.00005
2025-08-16T04:00:00Z,TONUSDT,0.00005
2025-08-16T08:00:00Z,TONUSDT,0.00005
2025-08-16T12:00:00Z,TONUSDT,0.00001859
2025-08-16T16:00:00Z,TONUSDT,-0.00011838
2025-08-16T20:00:00Z,TONUSDT,-0.00012065
2025-08-17T00:00:00Z,TONUSDT,0.00000114
2025-08-17T04:00:00Z,TONUSDT,0.00005
2025-08-17T08:00:00Z,TONUSDT,0.00005
2025-08-17T12:00:00Z,TONUSDT,0.00003651
2025-08-17T16:00:00Z,TONUSDT,0.00005
2025-08-17T20:00:00Z,TONUSDT,-0.00002674
2025-08-18T00:00:00Z,TONUSDT,-0.0000054
2025-08-18T04:00:00Z,TONUSDT,-0.00012168
2025-08-18T08:00:00Z,TONUSDT,-0.00004483
2025-08-18T12:00:00Z,TONUSDT,0.00005
2025-08-18T16:00:00Z,TONUSDT,0.00002992
2025-08-18T20:00:00Z,TONUSDT,0.00005
2025-08-19T00:00:00Z,TONUSDT,0.00005
2025-08-19T04:00:00Z,TONUSDT,0.00005
2025-08-19T08:00:00Z,TONUSDT,0.00003437
2025-08-19T12:00:00Z,TONUSDT,0.00005
2025-08-19T16:00:00Z,TONUSDT,0.00005
2025-08-19T20:00:00Z,TONUSDT,0.00005
2025-08-20T00:00:00Z,TONUSDT,0.00005
2025-08-20T04:00:00Z,TONUSDT,0.00005
2025-08-20T08:00:00Z,TONUSDT,0.00005
2025-08-20T12:00:00Z,TONUSDT,0.00005
2025-08-20T16:00:00Z,TONUSDT,0.00005
2025-08-20T20:00:00Z,TONUSDT,0.00005
2025-08-21T00:00:00Z,TONUSDT,0.00005
2025-08-21T04:00:00Z,TONUSDT,0.00005
2025-08-21T08:00:00Z,TONUSDT,0.00005
2025-08-21T12:00:00Z,TONUSDT,0.00005
2025-08-21T16:00:00Z,TONUSDT,0.00005
2025-08-21T20:00:00Z,TONUSDT,0.00000433
2025-08-22T00:00:00Z,TONUSDT,-0.00005134
2025-08-22T04:00:00Z,TONUSDT,-0.00001447
2025-08-22T08:00:00Z,TONUSDT,-0.00002234
2025-08-22T12:00:00Z,TONUSDT,-0.00007865
2025-08-22T16:00:00Z,TONUSDT,0.00005
2025-08-22T20:00:00Z,TONUSDT,0.00005
2025-08-23T00:00:00Z,TONUSDT,0.00005
2025-08-23T04:00:00Z,TONUSDT,0.00005
2025-08-23T08:00:00Z,TONUSDT,0.00005
2025-08-23T12:00:00Z,TONUSDT,0.00005
2025-08-23T16:00:00Z,TONUSDT,0.00005
2025-08-23T20:00:00Z,TONUSDT,0.00005
2025-08-24T00:00:00Z,TONUSDT,0.00005
2025-08-24T04:00:00Z,TONUSDT,0.00005
2025-08-24T08:00:00Z,TONUSDT,0.00005
2025-08-24T12:00:00Z,TONUSDT,0.00005
2025-08-24T16:00:00Z,TONUSDT,0.00005
2025-08-24T20:00:00Z,TONUSDT,0.00005
2025-08-25T00:00:00Z,TONUSDT,0.00005
2025-08-25T04:00:00Z,TONUSDT,0.00005
2025-08-25T08:00:00Z,TONUSDT,0.00005
2025-08-25T12:00:00Z,TONUSDT,0.00005
2025-08-25T16:00:00Z,TONUSDT,0.00005
2025-08-25T20:00:00Z,TONUSDT,0.00005
2025-08-26T00:00:00Z,TONUSDT,0.00004808
2025-08-26T04:00:00Z,TONUSDT,0.00004214
2025-08-26T08:00:00Z,TONUSDT,0.00005
2025-08-26T12:00:00Z,TONUSDT,0.00005
2025-08-26T16:00:00Z,TONUSDT,0.00005
2025-08-26T20:00:00Z,TONUSDT,0.00005
2025-08-27T00:00:00Z,TONUSDT,0.00005
2025-08-27T04:00:00Z,TONUSDT,0.00005
2025-08-27T08:00:00Z,TONUSDT,0.00002842
2025-08-27T12:00:00Z,TONUSDT,0.00005
2025-08-27T16:00:00Z,TONUSDT,0.00005
2025-08-27T20:00:00Z,TONUSDT,0.00005
2025-08-28T00:00:00Z,TONUSDT,0.00005
2025-08-28T04:00:00Z,TONUSDT,0.00005
2025-08-28T08:00:00Z,TONUSDT,0.00005
2025-08-28T12:00:00Z,TONUSDT,0.00005
2025-08-28T16:00:00Z,TONUSDT,0.00005
2025-08-28T20:00:00Z,TONUSDT,-0.0000383
2025-08-29T00:00:00Z,TONUSDT,0.00005
2025-08-29T04:00:00Z,TONUSDT,0.00005
2025-08-29T08:00:00Z,TONUSDT,0.00005
2025-08-29T12:00:00Z,TONUSDT,-0.00005089
2025-08-29T16:00:00Z,TONUSDT,-0.000011
2025-08-29T20:00:00Z,TONUSDT,-0.00000077
2025-08-30T00:00:00Z,TONUSDT,0.00005
2025-08-30T04:00:00Z,TONUSDT,0.00005
2025-08-30T08:00:00Z,TONUSDT,0.00005
2025-08-30T12:00:00Z,TONUSDT,0.00005
2025-08-30T16:00:00Z,TONUSDT,-0.00001574
2025-08-30T20:00:00Z,TONUSDT,0.00005
2025-08-31T00:00:00Z,TONUSDT,0.00002656
2025-08-31T04:00:00Z,TONUSDT,0.00003279
2025-08-31T08:00:00Z,TONUSDT,0.00002575
2025-08-31T12:00:00Z,TONUSDT,0.0000198
2025-08-31T16:00:00Z,TONUSDT,0.00000212
2025-08-31T20:00:00Z,TONUSDT,-0.00006029
2025-09-01T00:00:00Z,TONUSDT,-0.00012163
2025-09-01T04:00:00Z,TONUSDT,0.00000493
2025-09-01T08:00:00Z,TONUSDT,0.00005
2025-09-01T12:00:00Z,TONUSDT,0.00005
2025-09-01T16:00:00Z,TONUSDT,0.00005
2025-09-01T20:00:00Z,TONUSDT,-0.00015692
2025-09-02T00:00:00Z,TONUSDT,0.00005
2025-09-02T04:00:00Z,TONUSDT,0.00005
2025-09-02T08:00:00Z,TONUSDT,0.00005
2025-09-02T12:00:00Z,TONUSDT,0.00005
2025-09-02T16:00:00Z,TONUSDT,-0.00000611
2025-09-02T20:00:00Z,TONUSDT,-0.00003439
2025-09-03T00:00:00Z,TONUSDT,0.00005
2025-09-03T04:00:00Z,TONUSDT,0.00005
2025-09-03T08:00:00Z,TONUSDT,0.00005
2025-09-03T12:00:00Z,TONUSDT,0.00005
2025-09-03T16:00:00Z,TONUSDT,0.00005
2025-09-03T20:00:00Z,TONUSDT,0.00005
2025-09-04T00:00:00Z,TONUSDT,0.00005
2025-09-04T04:00:00Z,TONUSDT,0.00005
2025-09-04T08:00:00Z,TONUSDT,0.00005
2025-09-04T12:00:00Z,TONUSDT,0.00005
2025-09-04T16:00:00Z,TONUSDT,0.00005
2025-09-04T20:00:00Z,TONUSDT,0.00005
2025-09-05T00:00:00Z,TONUSDT,0.00005
2025-09-05T04:00:00Z,TONUSDT,0.00005
2025-09-05T08:00:00Z,TONUSDT,0.00005
2025-09-05T12:00:00Z,TONUSDT,0.00005
2025-09-05T16:00:00Z,TONUSDT,0.00005
2025-09-05T20:00:00Z,TONUSDT,0.00005
2025-09-06T00:00:00Z,TONUSDT,0.00005
2025-09-06T04:00:00Z,TONUSDT,0.00005
2025-09-06T08:00:00Z,TONUSDT,0.00005
2025-09-06T12:00:00Z,TONUSDT,0.00005
2025-09-06T16:00:00Z,TONUSDT,0.00005
2025-09-06T20:00:00Z,TONUSDT,0.00005
2025-09-07T00:00:00Z,TONUSDT,0.00005
2025-09-07T04:00:00Z,TONUSDT,0.00005
2025-09-07T08:00:00Z,TONUSDT,0.00005
2025-09-07T12:00:00Z,TONUSDT,0.00005
2025-09-07T16:00:00Z,TONUSDT,0.00005
2025-09-07T20:00:00Z,TONUSDT,0.00005
2025-09-08T00:00:00Z,TONUSDT,0.00005
2025-09-08T04:00:00Z,TONUSDT,0.00005
2025-09-08T08:00:00Z,TONUSDT,0.00005
2025-09-08T12:00:00Z,TONUSDT,0.00005
2025-09-08T16:00:00Z,TONUSDT,0.00005
2025-09-08T20:00:00Z,TONUSDT,0.00005
2025-09-09T00:00:00Z,TONUSDT,0.00005
2025-09-09T04:00:00Z,TONUSDT,0.00005
2025-09-09T08:00:00Z,TONUSDT,0.00005
2025-09-09T12:00:00Z,TONUSDT,0.00005
2025-09-09T16:00:00Z,TONUSDT,0.00005
2025-09-09T20:00:00Z,TONUSDT,0.00005
2025-09-10T00:00:00Z,TONUSDT,0.00005
2025-09-10T04:00:00Z,TONUSDT,0.00005
2025-09-10T08:00:00Z,TONUSDT,0.00005
2025-09-10T12:00:00Z,TONUSDT,0.00005
2025-09-10T16:00:00Z,TONUSDT,0.00005
2025-09-10T20:00:00Z,TONUSDT,0.00005
2025-09-11T00:00:00Z,TONUSDT,0.00005
2025-09-11T04:00:00Z,TONUSDT,0.00005
2025-09-11T08:00:00Z,TONUSDT,0.00005
2025-09-11T12:00:00Z,TONUSDT,0.00005
2025-09-11T16:00:00Z,TONUSDT,0.00005
2025-09-11T20:00:00Z,TONUSDT,0.00005
2025-09-12T00:00:00Z,TONUSDT,0.00005
2025-09-12T04:00:00Z,TONUSDT,0.00005
2025-09-12T08:00:00Z,TONUSDT,0.00005
2025-09-12T12:00:00Z,TONUSDT,0.00005
2025-09-12T16:00:00Z,TONUSDT,0.00005
2025-09-12T20:00:00Z,TONUSDT,0.00005
2025-09-13T00:00:00Z,TONUSDT,0.00005
2025-09-13T04:00:00Z,TONUSDT,0.00005
2025-09-13T08:00:00Z,TONUSDT,0.00005
2025-09-13T12:00:00Z,TONUSDT,0.00005
2025-09-13T16:00:00Z,TONUSDT,0.00005
2025-09-13T20:00:00Z,TONUSDT,0.00005
2025-09-14T00:00:00Z,TONUSDT,0.00005
2025-09-14T04:00:00Z,TONUSDT,0.00005
2025-09-14T08:00:00Z,TONUSDT,0.00005
2025-09-14T12:00:00Z,TONUSDT,0.00005
2025-09-14T16:00:00Z,TONUSDT,0.00005
2025-09-14T20:00:00Z,TONUSDT,0.00005
2025-09-15T00:00:00Z,TONUSDT,0.00005
2025-09-15T04:00:00Z,TONUSDT,0.00005
2025-09-15T08:00:00Z,TONUSDT,0.00005
2025-09-15T12:00:00Z,TONUSDT,0.00005
2025-09-15T16:00:00Z,TONUSDT,0.00005
2025-09-15T20:00:00Z,TONUSDT,0.00005
2025-09-16T00:00:00Z,TONUSDT,0.00005
2025-09-16T04:00:00Z,TONUSDT,0.00005
2025-09-16T08:00:00Z,TONUSDT,0.00005
2025-09-16T12:00:00Z,TONUSDT,0.00005
2025-09-16T16:00:00Z,TONUSDT,0.00005
2025-09-16T20:00:00Z,TONUSDT,0.00005
2025-09-17T00:00:00Z,TONUSDT,0.00005
2025-09-17T04:00:00Z,TONUSDT,0.00005
2025-09-17T08:00:00Z,TONUSDT,0.00005
2025-09-17T12:00:00Z,TONUSDT,0.00005
2025-09-17T16:00:00Z,TONUSDT,0.00005
2025-09-17T20:00:00Z,TONUSDT,0.00005
2025-09-18T00:00:00Z,TONUSDT,0.00005
2025-09-18T04:00:00Z,TONUSDT,0.00005
2025-09-18T08:00:00Z,TONUSDT,0.00005
2025-09-18T12:00:00Z,TONUSDT,0.00005
2025-09-18T16:00:00Z,TONUSDT,0.00005
2025-09-18T20:00:00Z,TONUSDT,0.00005
2025-09-19T00:00:00Z,TONUSDT,0.00005
2025-09-19T04:00:00Z,TONUSDT,0.00005
2025-09-19T08:00:00Z,TONUSDT,0.00005
2025-09-19T12:00:00Z,TONUSDT,0.00005
2025-09-19T16:00:00Z,TONUSDT,0.00005
2025-09-19T20:00:00Z,TONUSDT,0.00005
2025-09-20T00:00:00Z,TONUSDT,0.00005
2025-09-20T04:00:00Z,TONUSDT,0.00005
2025-09-20T08:00:00Z,TONUSDT,0.00005
2025-09-20T12:00:00Z,TONUSDT,0.00005
2025-09-20T16:00:00Z,TONUSDT,0.00005
2025-09-20T20:00:00Z,TONUSDT,0.00005
2025-09-21T00:00:00Z,TONUSDT,0.00005
2025-09-21T04:00:00Z,TONUSDT,0.00005
2025-09-21T08:00:00Z,TONUSDT,0.00005
2025-09-21T12:00:00Z,TONUSDT,0.00005
2025-09-21T16:00:00Z,TONUSDT,0.00005
2025-09-21T20:00:00Z,TONUSDT,0.00005
2025-09-22T00:00:00Z,TONUSDT,0.00005
2025-09-22T04:00:00Z,TONUSDT,0.00005
2025-09-22T08:00:00Z,TONUSDT,-0.0000449
2025-09-22T12:00:00Z,TONUSDT,-0.00006957
2025-09-22T16:00:00Z,TONUSDT,-0.0000643
2025-09-22T20:00:00Z,TONUSDT,-0.00005842
2025-09-23T00:00:00Z,TONUSDT,0.00005
2025-09-23T04:00:00Z,TONUSDT,0.00000347
2025-09-23T08:00:00Z,TONUSDT,0.00005
2025-09-23T12:00:00Z,TONUSDT,-0.00004858
2025-09-23T16:00:00Z,TONUSDT,0.0000171
2025-09-23T20:00:00Z,TONUSDT,0.00001498
2025-09-24T00:00:00Z,TONUSDT,0.00005
2025-09-24T04:00:00Z,TONUSDT,0.00005
2025-09-24T08:00:00Z,TONUSDT,0.00005
2025-09-24T12:00:00Z,TONUSDT,0.00005
2025-09-24T16:00:00Z,TONUSDT,0.00005
2025-09-24T20:00:00Z,TONUSDT,-0.00003763
2025-09-25T00:00:00Z,TONUSDT,-0.00001513
2025-09-25T04:00:00Z,TONUSDT,0.00000885
2025-09-25T08:00:00Z,TONUSDT,0.00005
2025-09-25T12:00:00Z,TONUSDT,0.00000231
2025-09-25T16:00:00Z,TONUSDT,0.00005
2025-09-25T20:00:00Z,TONUSDT,0.00002785
2025-09-26T00:00:00Z,TONUSDT,0.00005
2025-09-26T04:00:00Z,TONUSDT,0.00005
2025-09-26T08:00:00Z,TONUSDT,0.00005
2025-09-26T12:00:00Z,TONUSDT,0.00005
2025-09-26T16:00:00Z,TONUSDT,0.00004498
2025-09-26T20:00:00Z,TONUSDT,-0.00003254
2025-09-27T00:00:00Z,TONUSDT,0.0000414
2025-09-27T04:00:00Z,TONUSDT,0.00005
2025-09-27T08:00:00Z,TONUSDT,0.00005
2025-09-27T12:00:00Z,TONUSDT,0.00005
2025-09-27T16:00:00Z,TONUSDT,0.00005
2025-09-27T20:00:00Z,TONUSDT,0.00005
2025-09-28T00:00:00Z,TONUSDT,0.00005
2025-09-28T04:00:00Z,TONUSDT,0.00002342
2025-09-28T08:00:00Z,TONUSDT,0.00004031
2025-09-28T12:00:00Z,TONUSDT,0.00000849
2025-09-28T16:00:00Z,TONUSDT,0.00003212
2025-09-28T20:00:00Z,TONUSDT,0.00002322
2025-09-29T00:00:00Z,TONUSDT,0.00005
2025-09-29T04:00:00Z,TONUSDT,0.00005
2025-09-29T08:00:00Z,TONUSDT,0.00005
2025-09-29T12:00:00Z,TONUSDT,0.00005
2025-09-29T16:00:00Z,TONUSDT,-0.00000058
2025-09-29T20:00:00Z,TONUSDT,0.00004359
2025-09-30T00:00:00Z,TONUSDT,0.00001255
2025-09-30T04:00:00Z,TONUSDT,0.00000229
2025-09-30T08:00:00Z,TONUSDT,0.00001323
2025-09-30T12:00:00Z,TONUSDT,0.00002577
2025-09-30T16:00:00Z,TONUSDT,0.00003351
2025-09-30T20:00:00Z,TONUSDT,-0.00004725
2025-10-01T00:00:00Z,TONUSDT,-0.00006263
2025-10-01T04:00:00Z,TONUSDT,0.00000859
2025-10-01T08:00:00Z,TONUSDT,0.00005
2025-10-01T12:00:00Z,TONUSDT,0.00000712
2025-10-01T16:00:00Z,TONUSDT,0.00005
2025-10-01T20:00:00Z,TONUSDT,0.00005
2025-10-02T00:00:00Z,TONUSDT,0.00005
2025-10-02T04:00:00Z,TONUSDT,0.00005
2025-10-02T08:00:00Z,TONUSDT,0.00005
2025-10-02T12:00:00Z,TONUSDT,0.00005
2025-10-02T16:00:00Z,TONUSDT,0.00005
2025-10-02T20:00:00Z,TONUSDT,0.00005
2025-10-03T00:00:00Z,TONUSDT,0.00005
2025-10-03T04:00:00Z,TONUSDT,0.00005
2025-10-03T08:00:00Z,TONUSDT,0.00005
2025-10-03T12:00:00Z,TONUSDT,0.00005
2025-10-03T16:00:00Z,TONUSDT,0.00005
2025-10-03T20:00:00Z,TONUSDT,0.00005
2025-10-04T00:00:00Z,TONUSDT,0.00005
2025-10-04T04:00:00Z,TONUSDT,0.00005
2025-10-04T08:00:00Z,TONUSDT,0.00005
2025-10-04T12:00:00Z,TONUSDT,0.00005
2025-10-04T16:00:00Z,TONUSDT,0.00005
2025-10-04T20:00:00Z,TONUSDT,0.00005
2025-10-05T00:00:00Z,TONUSDT,0.00005
2025-10-05T04:00:00Z,TONUSDT,0.00005
2025-10-05T08:00:00Z,TONUSDT,0.00005
2025-10-05T12:00:00Z,TONUSDT,0.00005
2025-10-05T16:00:00Z,TONUSDT,0.00005
2025-10-05T20:00:00Z,TONUSDT,0.00005
2025-10-06T00:00:00Z,TONUSDT,0.00005
2025-10-06T04:00:00Z,TONUSDT,0.00005
2025-10-06T08:00:00Z,TONUSDT,0.00005
2025-10-06T12:00:00Z,TONUSDT,0.00005
2025-10-06T16:00:00Z,TONUSDT,0.00005
2025-10-06T20:00:00Z,TONUSDT,0.00005
2025-10-07T00:00:00Z,TONUSDT,0.00005
2025-10-07T04:00:00Z,TONUSDT,0.00005
2025-10-07T08:00:00Z,TONUSDT,0.00005
2025-10-07T12:00:00Z,TONUSDT,0.00005
2025-10-07T16:00:00Z,TONUSDT,0.00005
2025-10-07T20:00:00Z,TONUSDT,0.00005
2025-10-08T00:00:00Z,TONUSDT,0.00005
2025-10-08T04:00:00Z,TONUSDT,0.00005
2025-10-08T08:00:00Z,TONUSDT,0.00005
2025-10-08T12:00:00Z,TONUSDT,0.00005
2025-10-08T16:00:00Z,TONUSDT,0.00005
2025-10-08T20:00:00Z,TONUSDT,0.00005
2025-10-09T00:00:00Z,TONUSDT,0.00005
2025-10-09T04:00:00Z,TONUSDT,0.00005
2025-10-09T08:00:00Z,TONUSDT,0.00005
2025-10-09T12:00:00Z,TONUSDT,0.00005
2025-10-09T16:00:00Z,TONUSDT,0.00002123
2025-10-09T20:00:00Z,TONUSDT,0.00001721
2025-10-10T00:00:00Z,TONUSDT,0.00005
2025-10-10T04:00:00Z,TONUSDT,0.00005
2025-10-10T08:00:00Z,TONUSDT,0.00005
2025-10-10T12:00:00Z,TONUSDT,0.00005
2025-10-10T16:00:00Z,TONUSDT,0.00001817
2025-10-10T20:00:00Z,TONUSDT,-0.00000735
2025-10-11T00:00:00Z,TONUSDT,-0.00147779
2025-10-11T04:00:00Z,TONUSDT,0.00005
2025-10-11T08:00:00Z,TONUSDT,-0.00003071
2025-10-11T12:00:00Z,TONUSDT,-0.00008996
2025-10-11T16:00:00Z,TONUSDT,-0.00013095
2025-10-11T20:00:00Z,TONUSDT,-0.00000634
2025-10-12T00:00:00Z,TONUSDT,0.00005
2025-10-12T04:00:00Z,TONUSDT,0.00002756
2025-10-12T08:00:00Z,TONUSDT,-0.00008286
2025-10-12T12:00:00Z,TONUSDT,-0.00008292
2025-10-12T16:00:00Z,TONUSDT,0.00005
2025-10-12T20:00:00Z,TONUSDT,-0.00006576
2025-10-13T00:00:00Z,TONUSDT,0.00005
2025-10-13T04:00:00Z,TONUSDT,-0.00000883
2025-10-13T08:00:00Z,TONUSDT,0.00005
2025-10-13T12:00:00Z,TONUSDT,0.00005
2025-10-13T16:00:00Z,TONUSDT,0.00005
2025-10-13T20:00:00Z,TONUSDT,0.00005
2025-10-14T00:00:00Z,TONUSDT,0.00005
2025-10-14T04:00:00Z,TONUSDT,0.00005
2025-10-14T08:00:00Z,TONUSDT,0.00005
2025-10-14T12:00:00Z,TONUSDT,0.00005
2025-10-14T16:00:00Z,TONUSDT,0.00005
2025-10-14T20:00:00Z,TONUSDT,0.00005
2025-10-15T00:00:00Z,TONUSDT,-0.00006699
2025-10-15T04:00:00Z,TONUSDT,0.00005
2025-10-15T08:00:00Z,TONUSDT,0.00005
2025-10-15T12:00:00Z,TONUSDT,0.00005
2025-10-15T16:00:00Z,TONUSDT,0.00005
2025-10-15T20:00:00Z,TONUSDT,0.00005
2025-10-16T00:00:00Z,TONUSDT,0.00005
2025-10-16T04:00:00Z,TONUSDT,0.00003974
2025-10-16T08:00:00Z,TONUSDT,0.0000283
2025-10-16T12:00:00Z,TONUSDT,0.00005
2025-10-16T16:00:00Z,TONUSDT,0.00005
2025-10-16T20:00:00Z,TONUSDT,-0.00006621
2025-10-17T00:00:00Z,TONUSDT,-0.00001425
2025-10-17T04:00:00Z,TONUSDT,-0.00004745
2025-10-17T08:00:00Z,TONUSDT,-0.00025361
2025-10-17T12:00:00Z,TONUSDT,-0.00001931
2025-10-17T16:00:00Z,TONUSDT,0.00001982
2025-10-17T20:00:00Z,TONUSDT,-0.00010918
2025-10-18T00:00:00Z,TONUSDT,-0.00018549
2025-10-18T04:00:00Z,TONUSDT,0.00001547
2025-10-18T08:00:00Z,TONUSDT,0.0000455
2025-10-18T12:00:00Z,TONUSDT,-0.00002313
2025-10-18T16:00:00Z,TONUSDT,0.00001256
2025-10-18T20:00:00Z,TONUSDT,0.00005
2025-10-19T00:00:00Z,TONUSDT,0.00002943
2025-10-19T04:00:00Z,TONUSDT,0.00003825
2025-10-19T08:00:00Z,TONUSDT,0.00000916
2025-10-19T12:00:00Z,TONUSDT,0.00005
2025-10-19T16:00:00Z,TONUSDT,0.00005
2025-10-19T20:00:00Z,TONUSDT,0.00005
2025-10-20T00:00:00Z,TONUSDT,0.00005
2025-10-20T04:00:00Z,TONUSDT,0.00005
2025-10-20T08:00:00Z,TONUSDT,0.00005
2025-10-20T12:00:00Z,TONUSDT,0.00005
2025-10-20T16:00:00Z,TONUSDT,0.00005
2025-10-20T20:00:00Z,TONUSDT,0.00005
2025-10-21T00:00:00Z,TONUSDT,0.00005
2025-10-21T04:00:00Z,TONUSDT,0.00005
2025-10-21T08:00:00Z,TONUSDT,0.00002808
2025-10-21T12:00:00Z,TONUSDT,0.00005
2025-10-21T16:00:00Z,TONUSDT,0.00005
2025-10-21T20:00:00Z,TONUSDT,-0.0003185
2025-10-22T00:00:00Z,TONUSDT,-0.00039652
2025-10-22T04:00:00Z,TONUSDT,-0.00005189
2025-10-22T08:00:00Z,TONUSDT,-0.00003913
2025-10-22T12:00:00Z,TONUSDT,-0.0000702
2025-10-22T16:00:00Z,TONUSDT,0.00001975
2025-10-22T20:00:00Z,TONUSDT,-0.00002823
2025-10-23T00:00:00Z,TONUSDT,0.00001452
2025-10-23T04:00:00Z,TONUSDT,0.00002081
2025-10-23T08:00:00Z,TONUSDT,0.0000276
2025-10-23T12:00:00Z,TONUSDT,-0.00012044
2025-10-23T16:00:00Z,TONUSDT,0.00005
2025-10-23T20:00:00Z,TONUSDT,0.00005
2025-10-24T00:00:00Z,TONUSDT,0.00005
2025-10-24T04:00:00Z,TONUSDT,0.00005
2025-10-24T08:00:00Z,TONUSDT,0.00004408
2025-10-24T12:00:00Z,TONUSDT,0.00005
2025-10-24T16:00:00Z,TONUSDT,0.00005
2025-10-24T20:00:00Z,TONUSDT,-0.0000975
2025-10-25T00:00:00Z,TONUSDT,0.00005
2025-10-25T04:00:00Z,TONUSDT,0.00005
2025-10-25T08:00:00Z,TONUSDT,0.00005
2025-10-25T12:00:00Z,TONUSDT,0.00005
2025-10-25T16:00:00Z,TONUSDT,0.00005
2025-10-25T20:00:00Z,TONUSDT,-0.00005812
2025-10-26T00:00:00Z,TONUSDT,0.00001427
2025-10-26T04:00:00Z,TONUSDT,-0.00002376
2025-10-26T08:00:00Z,TONUSDT,-0.00001302
2025-10-26T12:00:00Z,TONUSDT,0.00005
2025-10-26T16:00:00Z,TONUSDT,0.00005
2025-10-26T20:00:00Z,TONUSDT,0.00005
2025-10-27T00:00:00Z,TONUSDT,0.00005
2025-10-27T04:00:00Z,TONUSDT,0.00005
2025-10-27T08:00:00Z,TONUSDT,0.00005
2025-10-27T12:00:00Z,TONUSDT,0.00005
2025-10-27T16:00:00Z,TONUSDT,0.00005
2025-10-27T20:00:00Z,TONUSDT,0.00005
2025-10-28T00:00:00Z,TONUSDT,0.00005
2025-10-28T04:00:00Z,TONUSDT,0.00003193
2025-10-28T08:00:00Z,TONUSDT,0.00001378
2025-10-28T12:00:00Z,TONUSDT,0.00005
2025-10-28T16:00:00Z,TONUSDT,-0.00005654
2025-10-28T20:00:00Z,TONUSDT,-0.00013174
2025-10-29T00:00:00Z,TONUSDT,0.00003671
2025-10-29T04:00:00Z,TONUSDT,0.00005
2025-10-29T08:00:00Z,TONUSDT,0.00005
2025-10-29T12:00:00Z,TONUSDT,0.00005
2025-10-29T16:00:00Z,TONUSDT,0.00001527
2025-10-29T20:00:00Z,TONUSDT,-0.00007369
2025-10-30T00:00:00Z,TONUSDT,-0.00015971
2025-10-30T04:00:00Z,TONUSDT,-0.00004964
2025-10-30T08:00:00Z,TONUSDT,-0.00002485
2025-10-30T12:00:00Z,TONUSDT,0.00005
2025-10-30T16:00:00Z,TONUSDT,-0.00025424
2025-10-30T20:00:00Z,TONUSDT,-0.00014408
2025-10-31T00:00:00Z,TONUSDT,0.00005
2025-10-31T04:00:00Z,TONUSDT,0.00005
2025-10-31T08:00:00Z,TONUSDT,0.00005
2025-10-31T12:00:00Z,TONUSDT,-0.00004032
2025-10-31T16:00:00Z,TONUSDT,0.00005
2025-10-31T20:00:00Z,TONUSDT,0.00005
2025-11-01T00:00:00Z,TONUSDT,0.00000857
2025-11-01T04:00:00Z,TONUSDT,0.00005
2025-11-01T08:00:00Z,TONUSDT,0.0000242
2025-11-01T12:00:00Z,TONUSDT,0.00005
2025-11-01T16:00:00Z,TONUSDT,0.00005
2025-11-01T20:00:00Z,TONUSDT,0.00005
2025-11-02T00:00:00Z,TONUSDT,-0.00012492
2025-11-02T04:00:00Z,TONUSDT,0.00005
2025-11-02T08:00:00Z,TONUSDT,-0.00003994
2025-11-02T12:00:00Z,TONUSDT,-0.00012226
2025-11-02T16:00:00Z,TONUSDT,0.00000423
2025-11-02T20:00:00Z,TONUSDT,-0.00002456
2025-11-03T00:00:00Z,TONUSDT,0.00005
2025-11-03T04:00:00Z,TONUSDT,-0.00007557
2025-11-03T08:00:00Z,TONUSDT,-0.00001409
2025-11-03T12:00:00Z,TONUSDT,0.00005
2025-11-03T16:00:00Z,TONUSDT,-0.00015971
2025-11-03T20:00:00Z,TONUSDT,-0.00034228
2025-11-04T00:00:00Z,TONUSDT,-0.00015369
2025-11-04T04:00:00Z,TONUSDT,0.00005
2025-11-04T08:00:00Z,TONUSDT,-0.00011903
2025-11-04T12:00:00Z,TONUSDT,-0.00005637
2025-11-04T16:00:00Z,TONUSDT,-0.00006119
2025-11-04T20:00:00Z,TONUSDT,-0.00003451
2025-11-05T00:00:00Z,TONUSDT,-0.00013261
2025-11-05T04:00:00Z,TONUSDT,-0.00001349
2025-11-05T08:00:00Z,TONUSDT,0.00003674
2025-11-05T12:00:00Z,TONUSDT,-0.00019475
2025-11-05T16:00:00Z,TONUSDT,0.00003854
2025-11-05T20:00:00Z,TONUSDT,-0.00007343
2025-11-06T00:00:00Z,TONUSDT,-0.00008286
2025-11-06T04:00:00Z,TONUSDT,-0.0000108
2025-11-06T08:00:00Z,TONUSDT,-0.00010676
2025-11-06T12:00:00Z,TONUSDT,0.00005
2025-11-06T16:00:00Z,TONUSDT,-0.00012652
2025-11-06T20:00:00Z,TONUSDT,0.00004514
2025-11-07T00:00:00Z,TONUSDT,0.00005
2025-11-07T04:00:00Z,TONUSDT,0.00005
2025-11-07T08:00:00Z,TONUSDT,0.00005
2025-11-07T12:00:00Z,TONUSDT,0.00005
2025-11-07T16:00:00Z,TONUSDT,0.00005
2025-11-07T20:00:00Z,TONUSDT,0.00005
2025-11-08T00:00:00Z,TONUSDT,0.00005
2025-11-08T04:00:00Z,TONUSDT,0.00005
2025-11-08T08:00:00Z,TONUSDT,0.00005
2025-11-08T12:00:00Z,TONUSDT,0.00005
2025-11-08T16:00:00Z,TONUSDT,0.00005
2025-11-08T20:00:00Z,TONUSDT,0.00005
2025-11-09T00:00:00Z,TONUSDT,0.00005
2025-11-09T04:00:00Z,TONUSDT,0.00005
2025-11-09T08:00:00Z,TONUSDT,0.00005
2025-11-09T12:00:00Z,TONUSDT,0.00005
2025-11-09T16:00:00Z,TONUSDT,0.00005
2025-11-09T20:00:00Z,TONUSDT,0.00005
2025-11-10T00:00:00Z,TONUSDT,0.00005
2025-11-10T04:00:00Z,TONUSDT,0.00005
2025-11-10T08:00:00Z,TONUSDT,0.00005
2025-11-10T12:00:00Z,TONUSDT,0.00005
2025-11-10T16:00:00Z,TONUSDT,0.00005
2025-11-10T20:00:00Z,TONUSDT,0.00005
2025-11-11T00:00:00Z,TONUSDT,0.00005
2025-11-11T04:00:00Z,TONUSDT,0.00005
2025-11-11T08:00:00Z,TONUSDT,0.00000177
2025-11-11T12:00:00Z,TONUSDT,-0.00006001
2025-11-11T16:00:00Z,TONUSDT,0.00005
2025-11-11T20:00:00Z,TONUSDT,-0.00004853
2025-11-12T00:00:00Z,TONUSDT,-0.00010486
2025-11-12T04:00:00Z,TONUSDT,-0.00008676
2025-11-12T08:00:00Z,TONUSDT,-0.00003323
2025-11-12T12:00:00Z,TONUSDT,0.00005
2025-11-12T16:00:00Z,TONUSDT,-0.00001152
2025-11-12T20:00:00Z,TONUSDT,0.00000317
2025-11-13T00:00:00Z,TONUSDT,0.00005
2025-11-13T04:00:00Z,TONUSDT,0.00005
2025-11-13T08:00:00Z,TONUSDT,0.00005
2025-11-13T12:00:00Z,TONUSDT,0.00005
2025-11-13T16:00:00Z,TONUSDT,0.00005
2025-11-13T20:00:00Z,TONUSDT,-0.0002104
2025-11-14T00:00:00Z,TONUSDT,0.00005
2025-11-14T04:00:00Z,TONUSDT,0.00004294
2025-11-14T08:00:00Z,TONUSDT,0.00004654
2025-11-14T12:00:00Z,TONUSDT,0.00000482
2025-11-14T16:00:00Z,TONUSDT,0.00005
2025-11-14T20:00:00Z,TONUSDT,-0.00000477
2025-11-15T00:00:00Z,TONUSDT,-0.00004736
2025-11-15T04:00:00Z,TONUSDT,0.00005
2025-11-15T08:00:00Z,TONUSDT,0.00003254
2025-11-15T12:00:00Z,TONUSDT,-0.00014338
2025-11-15T16:00:00Z,TONUSDT,-0.00014674
2025-11-15T20:00:00Z,TONUSDT,-0.00005309
2025-11-16T00:00:00Z,TONUSDT,-0.0000196
2025-11-16T04:00:00Z,TONUSDT,0.00005
2025-11-16T08:00:00Z,TONUSDT,0.00001775
2025-11-16T12:00:00Z,TONUSDT,-0.00015139
2025-11-16T16:00:00Z,TONUSDT,-0.00004807
2025-11-16T20:00:00Z,TONUSDT,0.00004731
2025-11-17T00:00:00Z,TONUSDT,0.00005
2025-11-17T04:00:00Z,TONUSDT,0.00005
2025-11-17T08:00:00Z,TONUSDT,0.00005
2025-11-17T12:00:00Z,TONUSDT,0.00005
2025-11-17T16:00:00Z,TONUSDT,-0.00014019
2025-11-17T20:00:00Z,TONUSDT,-0.00021577
2025-11-18T00:00:00Z,TONUSDT,-0.00001006
2025-11-18T04:00:00Z,TONUSDT,0.00005
2025-11-18T08:00:00Z,TONUSDT,0.00005
2025-11-18T12:00:00Z,TONUSDT,0.00005
2025-11-18T16:00:00Z,TONUSDT,0.00005
2025-11-18T20:00:00Z,TONUSDT,0.00002788
2025-11-19T00:00:00Z,TONUSDT,0.00005
2025-11-19T04:00:00Z,TONUSDT,0.00005
2025-11-19T08:00:00Z,TONUSDT,-0.00004235
2025-11-19T12:00:00Z,TONUSDT,0.00005
2025-11-19T16:00:00Z,TONUSDT,-0.00002087
2025-11-19T20:00:00Z,TONUSDT,-0.00009433
2025-11-20T00:00:00Z,TONUSDT,0.00001054
2025-11-20T04:00:00Z,TONUSDT,0.00005
2025-11-20T08:00:00Z,TONUSDT,0.00005
2025-11-20T12:00:00Z,TONUSDT,0.00005
2025-11-20T16:00:00Z,TONUSDT,0.00005
2025-11-20T20:00:00Z,TONUSDT,-0.0002145
2025-11-21T00:00:00Z,TONUSDT,-0.00006682
2025-11-21T04:00:00Z,TONUSDT,-0.00014726
2025-11-21T08:00:00Z,TONUSDT,-0.00013136
2025-11-21T12:00:00Z,TONUSDT,-0.00002007
2025-11-21T16:00:00Z,TONUSDT,0.00005
2025-11-21T20:00:00Z,TONUSDT,0.00004309
2025-11-22T00:00:00Z,TONUSDT,-0.00007311
2025-11-22T04:00:00Z,TONUSDT,-0.00002592
2025-11-22T08:00:00Z,TONUSDT,0.00005
2025-11-22T12:00:00Z,TONUSDT,-0.00006462
2025-11-22T16:00:00Z,TONUSDT,-0.00014793
2025-11-22T20:00:00Z,TONUSDT,-0.00011567
2025-11-23T00:00:00Z,TONUSDT,-0.00006429
2025-11-23T04:00:00Z,TONUSDT,0.00001641
2025-11-23T08:00:00Z,TONUSDT,0.00005
2025-11-23T12:00:00Z,TONUSDT,0.00005
2025-11-23T16:00:00Z,TONUSDT,0.00005
2025-11-23T20:00:00Z,TONUSDT,-0.00003914
2025-11-24T00:00:00Z,TONUSDT,0.00005
2025-11-24T04:00:00Z,TONUSDT,0.00005
2025-11-24T08:00:00Z,TONUSDT,0.00005
2025-11-24T12:00:00Z,TONUSDT,0.0000056
2025-11-24T16:00:00Z,TONUSDT,0.00005
2025-11-24T20:00:00Z,TONUSDT,-0.0000074
2025-11-25T00:00:00Z,TONUSDT,0.00005
2025-11-25T04:00:00Z,TONUSDT,0.00005
2025-11-25T08:00:00Z,TONUSDT,0.00005
2025-11-25T12:00:00Z,TONUSDT,0.00005
2025-11-25T16:00:00Z,TONUSDT,0.00005
2025-11-25T20:00:00Z,TONUSDT,0.00005
2025-11-26T00:00:00Z,TONUSDT,0.00005
2025-11-26T04:00:00Z,TONUSDT,0.00005
2025-11-26T08:00:00Z,TONUSDT,0.00005
2025-11-26T12:00:00Z,TONUSDT,0.00005
2025-11-26T16:00:00Z,TONUSDT,0.00005
2025-11-26T20:00:00Z,TONUSDT,0.00005
2025-11-27T00:00:00Z,TONUSDT,0.00005
2025-11-27T04:00:00Z,TONUSDT,0.00005
2025-11-27T08:00:00Z,TONUSDT,0.00002365
2025-11-27T12:00:00Z,TONUSDT,0.00005
2025-11-27T16:00:00Z,TONUSDT,0.00005
2025-11-27T20:00:00Z,TONUSDT,-0.00000843
2025-11-28T00:00:00Z,TONUSDT,-0.00000338
2025-11-28T04:00:00Z,TONUSDT,0.00000657
2025-11-28T08:00:00Z,TONUSDT,0.00005
2025-11-28T12:00:00Z,TONUSDT,-0.00003212
2025-11-28T16:00:00Z,TONUSDT,0.00005
2025-11-28T20:00:00Z,TONUSDT,0.00005
2025-11-29T00:00:00Z,TONUSDT,0.00005
2025-11-29T04:00:00Z,TONUSDT,0.00005
2025-11-29T08:00:00Z,TONUSDT,0.00005
2025-11-29T12:00:00Z,TONUSDT,0.00005
2025-11-29T16:00:00Z,TONUSDT,0.00005
2025-11-29T20:00:00Z,TONUSDT,0.00004043
2025-11-30T00:00:00Z,TONUSDT,0.00005
2025-11-30T04:00:00Z,TONUSDT,0.00003667
2025-11-30T08:00:00Z,TONUSDT,0.00002487
2025-11-30T12:00:00Z,TONUSDT,0.00003048
2025-11-30T16:00:00Z,TONUSDT,0.00000747
2025-11-30T20:00:00Z,TONUSDT,0.00000519
2025-12-01T00:00:00Z,TONUSDT,0.00005
2025-12-01T04:00:00Z,TONUSDT,0.00000022
2025-12-01T08:00:00Z,TONUSDT,-0.00003895
2025-12-01T12:00:00Z,TONUSDT,-0.00013436
2025-12-01T16:00:00Z,TONUSDT,-0.00008824
2025-12-01T20:00:00Z,TONUSDT,0.00000761
2025-12-02T00:00:00Z,TONUSDT,0.00002135
2025-12-02T04:00:00Z,TONUSDT,0.00005
2025-12-02T08:00:00Z,TONUSDT,-0.00003062
2025-12-02T12:00:00Z,TONUSDT,0.00005
2025-12-02T16:00:00Z,TONUSDT,0.00005
2025-12-02T20:00:00Z,TONUSDT,-0.00001433
2025-12-03T00:00:00Z,TONUSDT,0.00005
2025-12-03T04:00:00Z,TONUSDT,0.00005
2025-12-03T08:00:00Z,TONUSDT,0.00005
2025-12-03T12:00:00Z,TONUSDT,0.00005
2025-12-03T16:00:00Z,TONUSDT,0.00005
2025-12-03T20:00:00Z,TONUSDT,0.00005
2025-12-04T00:00:00Z,TONUSDT,0.00005
2025-12-04T04:00:00Z,TONUSDT,0.00005
2025-12-04T08:00:00Z,TONUSDT,0.00005
2025-12-04T12:00:00Z,TONUSDT,0.00001152
2025-12-04T16:00:00Z,TONUSDT,0.00004285
2025-12-04T20:00:00Z,TONUSDT,-0.00003089
2025-12-05T00:00:00Z,TONUSDT,0.00005
2025-12-05T04:00:00Z,TONUSDT,0.00005
2025-12-05T08:00:00Z,TONUSDT,0.00001796
2025-12-05T12:00:00Z,TONUSDT,-0.00009049
2025-12-05T16:00:00Z,TONUSDT,0.00001459
2025-12-05T20:00:00Z,TONUSDT,-0.00011167
2025-12-06T00:00:00Z,TONUSDT,-0.00009988
2025-12-06T04:00:00Z,TONUSDT,-0.00002624
2025-12-06T08:00:00Z,TONUSDT,-0.0000557
2025-12-06T12:00:00Z,TONUSDT,0.00001325
2025-12-06T16:00:00Z,TONUSDT,-0.00001432
2025-12-06T20:00:00Z,TONUSDT,-0.00007757
2025-12-07T00:00:00Z,TONUSDT,-0.00001633
2025-12-07T04:00:00Z,TONUSDT,0.00005
2025-12-07T08:00:00Z,TONUSDT,0.00005
2025-12-07T12:00:00Z,TONUSDT,-0.00013564
2025-12-07T16:00:00Z,TONUSDT,-0.00006567
2025-12-07T20:00:00Z,TONUSDT,-0.00003763
2025-12-08T00:00:00Z,TONUSDT,0.00000627
2025-12-08T04:00:00Z,TONUSDT,0.00005
2025-12-08T08:00:00Z,TONUSDT,0.00005
2025-12-08T12:00:00Z,TONUSDT,0.00003015
2025-12-08T16:00:00Z,TONUSDT,0.00003903
2025-12-08T20:00:00Z,TONUSDT,0.00005
2025-12-09T00:00:00Z,TONUSDT,0.00005
2025-12-09T04:00:00Z,TONUSDT,0.00005
2025-12-09T08:00:00Z,TONUSDT,0.00005
2025-12-09T12:00:00Z,TONUSDT,0.00005
2025-12-09T16:00:00Z,TONUSDT,0.00005
2025-12-09T20:00:00Z,TONUSDT,0.00005
2025-12-10T00:00:00Z,TONUSDT,0.00005
2025-12-10T04:00:00Z,TONUSDT,0.00005
2025-12-10T08:00:00Z,TONUSDT,0.00005
2025-12-10T12:00:00Z,TONUSDT,0.00005
2025-12-10T16:00:00Z,TONUSDT,0.00005
2025-12-10T20:00:00Z,TONUSDT,0.00005
2025-12-11T00:00:00Z,TONUSDT,-0.00001051
2025-12-11T04:00:00Z,TONUSDT,-0.00009016
2025-12-11T08:00:00Z,TONUSDT,-0.0001208
2025-12-11T12:00:00Z,TONUSDT,0.00001145
2025-12-11T16:00:00Z,TONUSDT,-0.00013481
2025-12-11T20:00:00Z,TONUSDT,-0.000007
2025-12-12T00:00:00Z,TONUSDT,0.00004542
2025-12-12T04:00:00Z,TONUSDT,0.00005
2025-12-12T08:00:00Z,TONUSDT,0.00005
2025-12-12T12:00:00Z,TONUSDT,0.00005
2025-12-12T16:00:00Z,TONUSDT,-0.00002795
2025-12-12T20:00:00Z,TONUSDT,-0.00000915
2025-12-13T00:00:00Z,TONUSDT,0.00005
2025-12-13T04:00:00Z,TONUSDT,0.00005
2025-12-13T08:00:00Z,TONUSDT,0.00005
2025-12-13T12:00:00Z,TONUSDT,0.00005
2025-12-13T16:00:00Z,TONUSDT,0.00005
2025-12-13T20:00:00Z,TONUSDT,0.00005
2025-12-14T00:00:00Z,TONUSDT,0.00005
2025-12-14T04:00:00Z,TONUSDT,0.00005
2025-12-14T08:00:00Z,TONUSDT,0.00005
2025-12-14T12:00:00Z,TONUSDT,-0.00005646
2025-12-14T16:00:00Z,TONUSDT,0.00005
2025-12-14T20:00:00Z,TONUSDT,0.00005
2025-12-15T00:00:00Z,TONUSDT,0.00005
2025-12-15T04:00:00Z,TONUSDT,0.00005
2025-12-15T08:00:00Z,TONUSDT,0.00005
2025-12-15T12:00:00Z,TONUSDT,0.00003616
2025-12-15T16:00:00Z,TONUSDT,-0.00002882
2025-12-15T20:00:00Z,TONUSDT,-0.00002606
2025-12-16T00:00:00Z,TONUSDT,0.00000606
2025-12-16T04:00:00Z,TONUSDT,-0.00004454
2025-12-16T08:00:00Z,TONUSDT,-0.00007012
2025-12-16T12:00:00Z,TONUSDT,0.00004582
2025-12-16T16:00:00Z,TONUSDT,0.00004645
2025-12-16T20:00:00Z,TONUSDT,0.00001854
2025-12-17T00:00:00Z,TONUSDT,0.00000717
2025-12-17T04:00:00Z,TONUSDT,0.00005
2025-12-17T08:00:00Z,TONUSDT,0.00005
2025-12-17T12:00:00Z,TONUSDT,0.00005
2025-12-17T16:00:00Z,TONUSDT,-0.00000665
2025-12-17T20:00:00Z,TONUSDT,-0.00017751
2025-12-18T00:00:00Z,TONUSDT,-0.00006315
2025-12-18T04:00:00Z,TONUSDT,0.00005
2025-12-18T08:00:00Z,TONUSDT,0.00002082
2025-12-18T12:00:00Z,TONUSDT,0.00004233
2025-12-18T16:00:00Z,TONUSDT,0.00005
2025-12-18T20:00:00Z,TONUSDT,-0.00011439
2025-12-19T00:00:00Z,TONUSDT,-0.00012441
2025-12-19T04:00:00Z,TONUSDT,0.00005
2025-12-19T08:00:00Z,TONUSDT,0.00005
2025-12-19T12:00:00Z,TONUSDT,0.00005
2025-12-19T16:00:00Z,TONUSDT,-0.00002018
2025-12-19T20:00:00Z,TONUSDT,-0.00009932
2025-12-20T00:00:00Z,TONUSDT,0.00004911
2025-12-20T04:00:00Z,TONUSDT,0.00005
2025-12-20T08:00:00Z,TONUSDT,0.00005
2025-12-20T12:00:00Z,TONUSDT,0.00005
2025-12-20T16:00:00Z,TONUSDT,0.00003699
2025-12-20T20:00:00Z,TONUSDT,0.00005
2025-12-21T00:00:00Z,TONUSDT,0.00005
2025-12-21T04:00:00Z,TONUSDT,0.00005
2025-12-21T08:00:00Z,TONUSDT,0.00005
2025-12-21T12:00:00Z,TONUSDT,-0.00004082
2025-12-21T16:00:00Z,TONUSDT,0.0000204
2025-12-21T20:00:00Z,TONUSDT,0.0000257
2025-12-22T00:00:00Z,TONUSDT,0.00005
2025-12-22T04:00:00Z,TONUSDT,0.00005
2025-12-22T08:00:00Z,TONUSDT,0.00005
2025-12-22T12:00:00Z,TONUSDT,-0.00004345
2025-12-22T16:00:00Z,TONUSDT,-0.00004286
2025-12-22T20:00:00Z,TONUSDT,0.00003548
2025-12-23T00:00:00Z,TONUSDT,-0.00001652
2025-12-23T04:00:00Z,TONUSDT,0.00005
2025-12-23T08:00:00Z,TONUSDT,0.00005
2025-12-23T12:00:00Z,TONUSDT,0.00005
2025-12-23T16:00:00Z,TONUSDT,-0.00003742
2025-12-23T20:00:00Z,TONUSDT,-0.00004726
2025-12-24T00:00:00Z,TONUSDT,-0.0001893
2025-12-24T04:00:00Z,TONUSDT,0.00000942
2025-12-24T08:00:00Z,TONUSDT,0.00003365
2025-12-24T12:00:00Z,TONUSDT,0.00003268
2025-12-24T16:00:00Z,TONUSDT,-0.00002306
2025-12-24T20:00:00Z,TONUSDT,-0.0000803
2025-12-25T00:00:00Z,TONUSDT,0.00001571
2025-12-25T04:00:00Z,TONUSDT,0.00005
2025-12-25T08:00:00Z,TONUSDT,0.00005
2025-12-25T12:00:00Z,TONUSDT,0.00005
2025-12-25T16:00:00Z,TONUSDT,0.00004144
2025-12-25T20:00:00Z,TONUSDT,0.00005
2025-12-26T00:00:00Z,TONUSDT,0.00005
2025-12-26T04:00:00Z,TONUSDT,0.00005
2025-12-26T08:00:00Z,TONUSDT,0.00005
2025-12-26T12:00:00Z,TONUSDT,0.00005
2025-12-26T16:00:00Z,TONUSDT,0.00005
2025-12-26T20:00:00Z,TONUSDT,-0.00001766
2025-12-27T00:00:00Z,TONUSDT,0.00004285
2025-12-27T04:00:00Z,TONUSDT,0.00005
2025-12-27T08:00:00Z,TONUSDT,0.00005
2025-12-27T12:00:00Z,TONUSDT,0.00005
2025-12-27T16:00:00Z,TONUSDT,0.00005
2025-12-27T20:00:00Z,TONUSDT,0.00005
2025-12-28T00:00:00Z,TONUSDT,0.00005
2025-12-28T04:00:00Z,TONUSDT,0.00005
2025-12-28T08:00:00Z,TONUSDT,0.00005
2025-12-28T12:00:00Z,TONUSDT,0.00005
2025-12-28T16:00:00Z,TONUSDT,0.00005
2025-12-28T20:00:00Z,TONUSDT,-0.0000418
2025-12-29T00:00:00Z,TONUSDT,0.00005
2025-12-29T04:00:00Z,TONUSDT,0.00002621
2025-12-29T08:00:00Z,TONUSDT,0.00005
2025-12-29T12:00:00Z,TONUSDT,0.00005
2025-12-29T16:00:00Z,TONUSDT,0.00005
2025-12-29T20:00:00Z,TONUSDT,-0.00007746
2025-12-30T00:00:00Z,TONUSDT,0.00000546
2025-12-30T04:00:00Z,TONUSDT,0.00005
2025-12-30T08:00:00Z,TONUSDT,0.00005
2025-12-30T12:00:00Z,TONUSDT,0.00005
2025-12-30T16:00:00Z,TONUSDT,0.00005
2025-12-30T20:00:00Z,TONUSDT,0.00005
2025-12-31T00:00:00Z,TONUSDT,-0.00000014
2025-12-31T04:00:00Z,TONUSDT,-0.00004971
2025-12-31T08:00:00Z,TONUSDT,0.00005
2025-12-31T12:00:00Z,TONUSDT,-0.00004002
2025-12-31T16:00:00Z,TONUSDT,-0.00016071
2025-12-31T20:00:00Z,TONUSDT,-0.00006845
2026-01-01T00:00:00Z,TONUSDT,0.00005
2026-01-01T04:00:00Z,TONUSDT,-0.00004478
2026-01-01T08:00:00Z,TONUSDT,0.00005
2026-01-01T12:00:00Z,TONUSDT,0.00005
2026-01-01T16:00:00Z,TONUSDT,0.00001496
2026-01-01T20:00:00Z,TONUSDT,0.00005
2026-01-02T00:00:00Z,TONUSDT,-0.00016047
2026-01-02T04:00:00Z,TONUSDT,0.00005
2026-01-02T08:00:00Z,TONUSDT,-0.00008158
2026-01-02T12:00:00Z,TONUSDT,-0.00008862
2026-01-02T16:00:00Z,TONUSDT,0.00005
2026-01-02T20:00:00Z,TONUSDT,0.00005
2026-01-03T00:00:00Z,TONUSDT,0.00005
2026-01-03T04:00:00Z,TONUSDT,0.00005
2026-01-03T08:00:00Z,TONUSDT,0.00005
2026-01-03T12:00:00Z,TONUSDT,0.00005
2026-01-03T16:00:00Z,TONUSDT,0.00005
2026-01-03T20:00:00Z,TONUSDT,0.00005
2026-01-04T00:00:00Z,TONUSDT,-0.00005799
2026-01-04T04:00:00Z,TONUSDT,0.00005
2026-01-04T08:00:00Z,TONUSDT,-0.0000009
2026-01-04T12:00:00Z,TONUSDT,0.0000292
2026-01-04T16:00:00Z,TONUSDT,-0.00004239
2026-01-04T20:00:00Z,TONUSDT,0.00000287
2026-01-05T00:00:00Z,TONUSDT,0.00005
2026-01-05T04:00:00Z,TONUSDT,0.00005
2026-01-05T08:00:00Z,TONUSDT,0.00005
2026-01-05T12:00:00Z,TONUSDT,0.00001859
2026-01-05T16:00:00Z,TONUSDT,0.00005
2026-01-05T20:00:00Z,TONUSDT,-0.00008698
2026-01-06T00:00:00Z,TONUSDT,0.00003906
2026-01-06T04:00:00Z,TONUSDT,0.00002181
2026-01-06T08:00:00Z,TONUSDT,0.00005
2026-01-06T12:00:00Z,TONUSDT,-0.00004637
2026-01-06T16:00:00Z,TONUSDT,-0.00016537
2026-01-06T20:00:00Z,TONUSDT,-0.00005699
2026-01-07T00:00:00Z,TONUSDT,0.00005
2026-01-07T04:00:00Z,TONUSDT,0.00005
2026-01-07T08:00:00Z,TONUSDT,0.00005
2026-01-07T12:00:00Z,TONUSDT,0.00005
2026-01-07T16:00:00Z,TONUSDT,-0.00008995
2026-01-07T20:00:00Z,TONUSDT,-0.00007248
2026-01-08T00:00:00Z,TONUSDT,0.00003353
2026-01-08T04:00:00Z,TONUSDT,0.00005
2026-01-08T08:00:00Z,TONUSDT,0.00005
2026-01-08T12:00:00Z,TONUSDT,0.00005
2026-01-08T16:00:00Z,TONUSDT,0.00005
2026-01-08T20:00:00Z,TONUSDT,-0.00009354
2026-01-09T00:00:00Z,TONUSDT,0.0000375
2026-01-09T04:00:00Z,TONUSDT,-0.0001417
2026-01-09T08:00:00Z,TONUSDT,0.00005
2026-01-09T12:00:00Z,TONUSDT,0.00005
2026-01-09T16:00:00Z,TONUSDT,0.00005
2026-01-09T20:00:00Z,TONUSDT,-0.00000537
2026-01-10T00:00:00Z,TONUSDT,0.00005
2026-01-10T04:00:00Z,TONUSDT,0.00005
2026-01-10T08:00:00Z,TONUSDT,0.00002801
2026-01-10T12:00:00Z,TONUSDT,0.00005
2026-01-10T16:00:00Z,TONUSDT,-0.00005425
2026-01-10T20:00:00Z,TONUSDT,0.00005
2026-01-11T00:00:00Z,TONUSDT,0.00005
2026-01-11T04:00:00Z,TONUSDT,0.00005
2026-01-11T08:00:00Z,TONUSDT,0.00005
2026-01-11T12:00:00Z,TONUSDT,0.00005
2026-01-11T16:00:00Z,TONUSDT,0.00005
2026-01-11T20:00:00Z,TONUSDT,-0.00002039
2026-01-12T00:00:00Z,TONUSDT,0.00003861
2026-01-12T04:00:00Z,TONUSDT,0.00005
2026-01-12T08:00:00Z,TONUSDT,0.00001732
2026-01-12T12:00:00Z,TONUSDT,-0.00014153
2026-01-12T16:00:00Z,TONUSDT,-0.00001882
2026-01-12T20:00:00Z,TONUSDT,-0.00007744
2026-01-13T00:00:00Z,TONUSDT,0.00005
2026-01-13T04:00:00Z,TONUSDT,0.00005
2026-01-13T08:00:00Z,TONUSDT,0.00005
2026-01-13T12:00:00Z,TONUSDT,-0.00004166
2026-01-13T16:00:00Z,TONUSDT,0.00005
2026-01-13T20:00:00Z,TONUSDT,-0.00000693
2026-01-14T00:00:00Z,TONUSDT,0.00005
2026-01-14T04:00:00Z,TONUSDT,0.00005
2026-01-14T08:00:00Z,TONUSDT,0.00005
2026-01-14T12:00:00Z,TONUSDT,0.00005
2026-01-14T16:00:00Z,TONUSDT,0
2026-01-14T20:00:00Z,TONUSDT,-0.00000792
2026-01-15T00:00:00Z,TONUSDT,-0.00005426
2026-01-15T04:00:00Z,TONUSDT,0.00005
2026-01-15T08:00:00Z,TONUSDT,0.00005
2026-01-15T12:00:00Z,TONUSDT,-0.0000913
2026-01-15T16:00:00Z,TONUSDT,-0.00018846
2026-01-15T20:00:00Z,TONUSDT,-0.00010554
2026-01-16T00:00:00Z,TONUSDT,0.00005
2026-01-16T04:00:00Z,TONUSDT,-0.00021097
2026-01-16T08:00:00Z,TONUSDT,0.00005
2026-01-16T12:00:00Z,TONUSDT,-0.0000546
2026-01-16T16:00:00Z,TONUSDT,0.00005
2026-01-16T20:00:00Z,TONUSDT,0.00005
2026-01-17T00:00:00Z,TONUSDT,0.00005
2026-01-17T04:00:00Z,TONUSDT,0.00005
2026-01-17T08:00:00Z,TONUSDT,0.00001586
2026-01-17T12:00:00Z,TONUSDT,0.00005
2026-01-17T16:00:00Z,TONUSDT,-0.00003576
2026-01-17T20:00:00Z,TONUSDT,0.00005
2026-01-18T00:00:00Z,TONUSDT,-0.00003213
2026-01-18T04:00:00Z,TONUSDT,0.00001565
2026-01-18T08:00:00Z,TONUSDT,0.00005
2026-01-18T12:00:00Z,TONUSDT,0.00000005
2026-01-18T16:00:00Z,TONUSDT,-0.00004094
2026-01-18T20:00:00Z,TONUSDT,0.00005
2026-01-19T00:00:00Z,TONUSDT,-0.00000214
2026-01-19T04:00:00Z,TONUSDT,-0.00020525
2026-01-19T08:00:00Z,TONUSDT,0.00005
2026-01-19T12:00:00Z,TONUSDT,0.00001957
2026-01-19T16:00:00Z,TONUSDT,-0.00000538
2026-01-19T20:00:00Z,TONUSDT,-0.00002384
2026-01-20T00:00:00Z,TONUSDT,0.00003981
2026-01-20T04:00:00Z,TONUSDT,-0.00000599
2026-01-20T08:00:00Z,TONUSDT,0.00005
2026-01-20T12:00:00Z,TONUSDT,-0.00002768
2026-01-20T16:00:00Z,TONUSDT,-0.00007998
2026-01-20T20:00:00Z,TONUSDT,-0.00007966
2026-01-21T00:00:00Z,TONUSDT,0.00003209
2026-01-21T04:00:00Z,TONUSDT,0.00005
2026-01-21T08:00:00Z,TONUSDT,0.00005
2026-01-21T12:00:00Z,TONUSDT,0.00005
2026-01-21T16:00:00Z,TONUSDT,0.00000695
2026-01-21T20:00:00Z,TONUSDT,-0.00023323
2026-01-22T00:00:00Z,TONUSDT,0.00002455
2026-01-22T04:00:00Z,TONUSDT,-0.00002952
2026-01-22T08:00:00Z,TONUSDT,-0.0000689
2026-01-22T12:00:00Z,TONUSDT,-0.00009386
2026-01-22T16:00:00Z,TONUSDT,0.00002593
2026-01-22T20:00:00Z,TONUSDT,0.00005
2026-01-23T00:00:00Z,TONUSDT,0.00005
2026-01-23T04:00:00Z,TONUSDT,0.0000422
2026-01-23T08:00:00Z,TONUSDT,0.00005
2026-01-23T12:00:00Z,TONUSDT,-0.00000125
2026-01-23T16:00:00Z,TONUSDT,-0.00020037
2026-01-23T20:00:00Z,TONUSDT,0.00005
2026-01-24T00:00:00Z,TONUSDT,0.00005
2026-01-24T04:00:00Z,TONUSDT,0.00005
2026-01-24T08:00:00Z,TONUSDT,0.00005
2026-01-24T12:00:00Z,TONUSDT,0.00005
2026-01-24T16:00:00Z,TONUSDT,0.00000111
2026-01-24T20:00:00Z,TONUSDT,-0.00008287
2026-01-25T00:00:00Z,TONUSDT,-0.0000967
2026-01-25T04:00:00Z,TONUSDT,0.00005
2026-01-25T08:00:00Z,TONUSDT,-0.00005193
2026-01-25T12:00:00Z,TONUSDT,0.00005
2026-01-25T16:00:00Z,TONUSDT,-0.00004088
2026-01-25T20:00:00Z,TONUSDT,-0.00030316
2026-01-26T00:00:00Z,TONUSDT,0.00003337
2026-01-26T04:00:00Z,TONUSDT,0.00000336
2026-01-26T08:00:00Z,TONUSDT,0.00005
2026-01-26T12:00:00Z,TONUSDT,0.00005
2026-01-26T16:00:00Z,TONUSDT,0.0000159
2026-01-26T20:00:00Z,TONUSDT,0.00005
2026-01-27T00:00:00Z,TONUSDT,-0.00002062
2026-01-27T04:00:00Z,TONUSDT,0.00000309
2026-01-27T08:00:00Z,TONUSDT,0.00005
2026-01-27T12:00:00Z,TONUSDT,-0.00005142
2026-01-27T16:00:00Z,TONUSDT,-0.00016939
2026-01-27T20:00:00Z,TONUSDT,-0.0000946
2026-01-28T00:00:00Z,TONUSDT,-0.00007523
2026-01-28T04:00:00Z,TONUSDT,-0.00015458
2026-01-28T08:00:00Z,TONUSDT,0.00005
2026-01-28T12:00:00Z,TONUSDT,-0.00009669
2026-01-28T16:00:00Z,TONUSDT,0.00005
2026-01-28T20:00:00Z,TONUSDT,0.00005
2026-01-29T00:00:00Z,TONUSDT,0.00005
2026-01-29T04:00:00Z,TONUSDT,-0.00009092
2026-01-29T08:00:00Z,TONUSDT,0.00005
2026-01-29T12:00:00Z,TONUSDT,-0.00018772
2026-01-29T16:00:00Z,TONUSDT,0.00005
2026-01-29T20:00:00Z,TONUSDT,-0.00004189
2026-01-30T00:00:00Z,TONUSDT,0.00005
2026-01-30T04:00:00Z,TONUSDT,0.00005
2026-01-30T08:00:00Z,TONUSDT,0.00005
2026-01-30T12:00:00Z,TONUSDT,0.00002374
2026-01-30T16:00:00Z,TONUSDT,-0.00003018
2026-01-30T20:00:00Z,TONUSDT,0.00005
2026-01-31T00:00:00Z,TONUSDT,-0.00000465
2026-01-31T04:00:00Z,TONUSDT,0.00005
2026-01-31T08:00:00Z,TONUSDT,0.0000213
2026-01-31T12:00:00Z,TONUSDT,-0.00009224
2026-01-31T16:00:00Z,TONUSDT,-0.00024413
2026-01-31T20:00:00Z,TONUSDT,0.00002292
2026-02-01T00:00:00Z,TONUSDT,-0.00008718
2026-02-01T04:00:00Z,TONUSDT,0.00005
2026-02-01T08:00:00Z,TONUSDT,-0.00016169
2026-02-01T12:00:00Z,TONUSDT,-0.0001253
2026-02-01T16:00:00Z,TONUSDT,-0.00002225
2026-02-01T20:00:00Z,TONUSDT,0.00005
2026-02-02T00:00:00Z,TONUSDT,-0.00004251
2026-02-02T04:00:00Z,TONUSDT,-0.00006262
2026-02-02T08:00:00Z,TONUSDT,0.00001051
2026-02-02T12:00:00Z,TONUSDT,0.00000774
2026-02-02T16:00:00Z,TONUSDT,0.00004507
2026-02-02T20:00:00Z,TONUSDT,-0.00013877
2026-02-03T00:00:00Z,TONUSDT,0.00003004
2026-02-03T04:00:00Z,TONUSDT,-0.00000829
2026-02-03T08:00:00Z,TONUSDT,-0.00008958
2026-02-03T12:00:00Z,TONUSDT,-0.00017654
2026-02-03T16:00:00Z,TONUSDT,-0.00009001
2026-02-03T20:00:00Z,TONUSDT,-0.00002624
2026-02-04T00:00:00Z,TONUSDT,-0.00015109
2026-02-04T04:00:00Z,TONUSDT,0.00005
2026-02-04T08:00:00Z,TONUSDT,0.00005
2026-02-04T12:00:00Z,TONUSDT,0.00005
2026-02-04T16:00:00Z,TONUSDT,0.00005
2026-02-04T20:00:00Z,TONUSDT,-0.00024902
2026-02-05T00:00:00Z,TONUSDT,-0.00001663
2026-02-05T04:00:00Z,TONUSDT,0.00000854
2026-02-05T08:00:00Z,TONUSDT,0.00000606
2026-02-05T12:00:00Z,TONUSDT,-0.00010011
2026-02-05T16:00:00Z,TONUSDT,-0.00014962
2026-02-05T20:00:00Z,TONUSDT,-0.00029045
2026-02-06T00:00:00Z,TONUSDT,-0.00004955
2026-02-06T04:00:00Z,TONUSDT,0.00005
2026-02-06T08:00:00Z,TONUSDT,-0.00002539
2026-02-06T12:00:00Z,TONUSDT,0.00005
2026-02-06T16:00:00Z,TONUSDT,-0.0000985
2026-02-06T20:00:00Z,TONUSDT,0.00005
2026-02-07T00:00:00Z,TONUSDT,0.00005
2026-02-07T04:00:00Z,TONUSDT,-0.00005646
2026-02-07T08:00:00Z,TONUSDT,-0.00012052
2026-02-07T12:00:00Z,TONUSDT,-0.00009766
2026-02-07T16:00:00Z,TONUSDT,0.00005
2026-02-07T20:00:00Z,TONUSDT,-0.00023557
2026-02-08T00:00:00Z,TONUSDT,-0.00043629
2026-02-08T04:00:00Z,TONUSDT,-0.00028615
2026-02-08T08:00:00Z,TONUSDT,-0.00002439
2026-02-08T12:00:00Z,TONUSDT,0.00005
2026-02-08T16:00:00Z,TONUSDT,-0.00001911
2026-02-08T20:00:00Z,TONUSDT,-0.00002294
2026-02-09T00:00:00Z,TONUSDT,0.00005
2026-02-09T04:00:00Z,TONUSDT,-0.00000898
2026-02-09T08:00:00Z,TONUSDT,-0.00008872
2026-02-09T12:00:00Z,TONUSDT,0.00005
2026-02-09T16:00:00Z,TONUSDT,0.00005
2026-02-09T20:00:00Z,TONUSDT,0.00005
2026-02-10T00:00:00Z,TONUSDT,0.00004087
2026-02-10T04:00:00Z,TONUSDT,0.00005
2026-02-10T08:00:00Z,TONUSDT,0.00001384
2026-02-10T12:00:00Z,TONUSDT,-0.00000684
2026-02-10T16:00:00Z,TONUSDT,-0.00005448
2026-02-10T20:00:00Z,TONUSDT,-0.00005654
2026-02-11T00:00:00Z,TONUSDT,0.00005
2026-02-11T04:00:00Z,TONUSDT,0.00005
2026-02-11T08:00:00Z,TONUSDT,-0.00025471
2026-02-11T12:00:00Z,TONUSDT,-0.00007824
2026-02-11T16:00:00Z,TONUSDT,-0.00000886
2026-02-11T20:00:00Z,TONUSDT,0.00005
2026-02-12T00:00:00Z,TONUSDT,0.00005
2026-02-12T04:00:00Z,TONUSDT,0.00005
2026-02-12T08:00:00Z,TONUSDT,0.00005
2026-02-12T12:00:00Z,TONUSDT,0.00005
2026-02-12T16:00:00Z,TONUSDT,-0.00005832
2026-02-12T20:00:00Z,TONUSDT,0.0000038
2026-02-13T00:00:00Z,TONUSDT,-0.00006125
2026-02-13T04:00:00Z,TONUSDT,0.00005
2026-02-13T08:00:00Z,TONUSDT,0.0000029
2026-02-13T12:00:00Z,TONUSDT,-0.00012558
2026-02-13T16:00:00Z,TONUSDT,0.00005
2026-02-13T20:00:00Z,TONUSDT,-0.00004011
2026-02-14T00:00:00Z,TONUSDT,-0.00002904
2026-02-14T04:00:00Z,TONUSDT,0.00002808
2026-02-14T08:00:00Z,TONUSDT,-0.00001666
2026-02-14T12:00:00Z,TONUSDT,-0.00013649
2026-02-14T16:00:00Z,TONUSDT,-0.00014063
2026-02-14T20:00:00Z,TONUSDT,0.00005
2026-02-15T00:00:00Z,TONUSDT,0.00005
2026-02-15T04:00:00Z,TONUSDT,0.00005
2026-02-15T08:00:00Z,TONUSDT,0.00005
2026-02-15T12:00:00Z,TONUSDT,0.00001459
2026-02-15T16:00:00Z,TONUSDT,-0.00001194
2026-02-15T20:00:00Z,TONUSDT,-0.00007051
2026-02-16T00:00:00Z,TONUSDT,0.00005
2026-02-16T04:00:00Z,TONUSDT,0.00005
2026-02-16T08:00:00Z,TONUSDT,0.0000181
2026-02-16T12:00:00Z,TONUSDT,-0.00004043
2026-02-16T16:00:00Z,TONUSDT,0.00005
2026-02-16T20:00:00Z,TONUSDT,0.00005
2026-02-17T00:00:00Z,TONUSDT,0.00005
2026-02-17T04:00:00Z,TONUSDT,-0.00001024
2026-02-17T08:00:00Z,TONUSDT,0.00004765
2026-02-17T12:00:00Z,TONUSDT,0.00003508
2026-02-17T16:00:00Z,TONUSDT,-0.00009455
2026-02-17T20:00:00Z,TONUSDT,0.0000456
2026-02-18T00:00:00Z,TONUSDT,0.00005
2026-02-18T04:00:00Z,TONUSDT,0.00005
2026-02-18T08:00:00Z,TONUSDT,0.00004714
2026-02-18T12:00:00Z,TONUSDT,0.00001698
2026-02-18T16:00:00Z,TONUSDT,0.00002976
2026-02-18T20:00:00Z,TONUSDT,-0.00012018
2026-02-19T00:00:00Z,TONUSDT,0.00003093
2026-02-19T04:00:00Z,TONUSDT,-0.0001027
2026-02-19T08:00:00Z,TONUSDT,-0.00010559
2026-02-19T12:00:00Z,TONUSDT,-0.00027025
2026-02-19T16:00:00Z,TONUSDT,-0.00012844
2026-02-19T20:00:00Z,TONUSDT,-0.00010327
2026-02-20T00:00:00Z,TONUSDT,-0.00001099
2026-02-20T04:00:00Z,TONUSDT,-0.00009909
2026-02-20T08:00:00Z,TONUSDT,-0.00015837
2026-02-20T12:00:00Z,TONUSDT,-0.0000408
2026-02-20T16:00:00Z,TONUSDT,0.00005
2026-02-20T20:00:00Z,TONUSDT,-0.00000194
2026-02-21T00:00:00Z,TONUSDT,0.00002875
2026-02-21T04:00:00Z,TONUSDT,0.00000334
2026-02-21T08:00:00Z,TONUSDT,0.00005
2026-02-21T12:00:00Z,TONUSDT,-0.00006232
2026-02-21T16:00:00Z,TONUSDT,0.00003566
2026-02-21T20:00:00Z,TONUSDT,-0.00002697
2026-02-22T00:00:00Z,TONUSDT,-0.00015829
2026-02-22T04:00:00Z,TONUSDT,-0.00014782
2026-02-22T08:00:00Z,TONUSDT,-0.00000237
2026-02-22T12:00:00Z,TONUSDT,-0.0002161
2026-02-22T16:00:00Z,TONUSDT,-0.00013651
2026-02-22T20:00:00Z,TONUSDT,0.00000442
2026-02-23T00:00:00Z,TONUSDT,0.00005
2026-02-23T04:00:00Z,TONUSDT,0.00005
2026-02-23T08:00:00Z,TONUSDT,0.00005
2026-02-23T12:00:00Z,TONUSDT,-0.00008585
2026-02-23T16:00:00Z,TONUSDT,-0.00025696
2026-02-23T20:00:00Z,TONUSDT,-0.00012381
2026-02-24T00:00:00Z,TONUSDT,-0.00020616
2026-02-24T04:00:00Z,TONUSDT,-0.00000903
2026-02-24T08:00:00Z,TONUSDT,0.000004
2026-02-24T12:00:00Z,TONUSDT,-0.00025967
2026-02-24T16:00:00Z,TONUSDT,0.0000138
2026-02-24T20:00:00Z,TONUSDT,0.00005
2026-02-25T00:00:00Z,TONUSDT,-0.00018604
2026-02-25T04:00:00Z,TONUSDT,-0.00002699
2026-02-25T08:00:00Z,TONUSDT,-0.00002129
2026-02-25T12:00:00Z,TONUSDT,-0.00029021
2026-02-25T16:00:00Z,TONUSDT,-0.00013258
2026-02-25T20:00:00Z,TONUSDT,0.00001057
2026-02-26T00:00:00Z,TONUSDT,-0.00019874
2026-02-26T04:00:00Z,TONUSDT,-0.00003084
2026-02-26T08:00:00Z,TONUSDT,-0.00005553
2026-02-26T12:00:00Z,TONUSDT,-0.00013464
2026-02-26T16:00:00Z,TONUSDT,0.00005
2026-02-26T20:00:00Z,TONUSDT,0.00005
2026-02-27T00:00:00Z,TONUSDT,0.00005
2026-02-27T04:00:00Z,TONUSDT,0.00002586
2026-02-27T08:00:00Z,TONUSDT,0.00005
2026-02-27T12:00:00Z,TONUSDT,0.00005
2026-02-27T16:00:00Z,TONUSDT,0.00005
2026-02-27T20:00:00Z,TONUSDT,0.00005
2026-02-28T00:00:00Z,TONUSDT,0.00005
2026-02-28T04:00:00Z,TONUSDT,0.00005
2026-02-28T08:00:00Z,TONUSDT,-0.000322
2026-02-28T12:00:00Z,TONUSDT,-0.00026874
2026-02-28T16:00:00Z,TONUSDT,-0.00019903
2026-02-28T20:00:00Z,TONUSDT,-0.00013203
2026-03-01T00:00:00Z,TONUSDT,0.00005
2026-03-01T04:00:00Z,TONUSDT,0.00005
2026-03-01T08:00:00Z,TONUSDT,-0.00006558
2026-03-01T12:00:00Z,TONUSDT,-0.00020647
2026-03-01T16:00:00Z,TONUSDT,-0.00015953
2026-03-01T20:00:00Z,TONUSDT,-0.00059643
2026-03-02T00:00:00Z,TONUSDT,-0.00013793
2026-03-02T04:00:00Z,TONUSDT,-0.00013789
2026-03-02T08:00:00Z,TONUSDT,-0.00006132
2026-03-02T12:00:00Z,TONUSDT,0.00005
2026-03-02T16:00:00Z,TONUSDT,0.00005
2026-03-02T20:00:00Z,TONUSDT,0.00005
2026-03-03T00:00:00Z,TONUSDT,0.00005
2026-03-03T04:00:00Z,TONUSDT,0.00005
2026-03-03T08:00:00Z,TONUSDT,0.00005
2026-03-03T12:00:00Z,TONUSDT,0.00005
2026-03-03T16:00:00Z,TONUSDT,0.00005
2026-03-03T20:00:00Z,TONUSDT,-0.00008367
2026-03-04T00:00:00Z,TONUSDT,0.00005
2026-03-04T04:00:00Z,TONUSDT,-0.00000311
2026-03-04T08:00:00Z,TONUSDT,-0.00017684
2026-03-04T12:00:00Z,TONUSDT,0.00005
2026-03-04T16:00:00Z,TONUSDT,0.00001601
2026-03-04T20:00:00Z,TONUSDT,-0.00019859
2026-03-05T00:00:00Z,TONUSDT,0.00005
2026-03-05T04:00:00Z,TONUSDT,-0.00000856
2026-03-05T08:00:00Z,TONUSDT,-0.00010242
2026-03-05T12:00:00Z,TONUSDT,0.00005
2026-03-05T16:00:00Z,TONUSDT,-0.00012246
2026-03-05T20:00:00Z,TONUSDT,-0.00010417
2026-03-06T00:00:00Z,TONUSDT,0.00005
2026-03-06T04:00:00Z,TONUSDT,0.00005
2026-03-06T08:00:00Z,TONUSDT,0.00005
2026-03-06T12:00:00Z,TONUSDT,0.00005
2026-03-06T16:00:00Z,TONUSDT,0.00005
2026-03-06T20:00:00Z,TONUSDT,0.00005
2026-03-07T00:00:00Z,TONUSDT,0.00005
2026-03-07T04:00:00Z,TONUSDT,0.00005
2026-03-07T08:00:00Z,TONUSDT,-0.00004391
2026-03-07T12:00:00Z,TONUSDT,-0.00009959
2026-03-07T16:00:00Z,TONUSDT,-0.00014251
2026-03-07T20:00:00Z,TONUSDT,-0.00003538
2026-03-08T00:00:00Z,TONUSDT,-0.00014502
2026-03-08T04:00:00Z,TONUSDT,-0.00014101
2026-03-08T08:00:00Z,TONUSDT,-0.00024035
2026-03-08T12:00:00Z,TONUSDT,-0.0000285
2026-03-08T16:00:00Z,TONUSDT,-0.00037961
2026-03-08T20:00:00Z,TONUSDT,0.00005
2026-03-09T00:00:00Z,TONUSDT,-0.00013488
2026-03-09T04:00:00Z,TONUSDT,0.00005
2026-03-09T08:00:00Z,TONUSDT,0.00005
2026-03-09T12:00:00Z,TONUSDT,0.00001841
2026-03-09T16:00:00Z,TONUSDT,0.00005
2026-03-09T20:00:00Z,TONUSDT,-0.00002258
2026-03-10T00:00:00Z,TONUSDT,-0.00009502
2026-03-10T04:00:00Z,TONUSDT,0.00003282
2026-03-10T08:00:00Z,TONUSDT,0.00005
2026-03-10T12:00:00Z,TONUSDT,0.00003677
2026-03-10T16:00:00Z,TONUSDT,0.00005
2026-03-10T20:00:00Z,TONUSDT,-0.00008843
2026-03-11T00:00:00Z,TONUSDT,-0.00007531
2026-03-11T04:00:00Z,TONUSDT,0.00005
2026-03-11T08:00:00Z,TONUSDT,-0.00007444
2026-03-11T12:00:00Z,TONUSDT,-0.00005099
2026-03-11T16:00:00Z,TONUSDT,-0.00006304
2026-03-11T20:00:00Z,TONUSDT,0.00005
2026-03-12T00:00:00Z,TONUSDT,0.00000469
2026-03-12T04:00:00Z,TONUSDT,-0.0000729
2026-03-12T08:00:00Z,TONUSDT,-0.00016249
2026-03-12T12:00:00Z,TONUSDT,-0.00002169
2026-03-12T16:00:00Z,TONUSDT,0.00005
2026-03-12T20:00:00Z,TONUSDT,-0.00006197
2026-03-13T00:00:00Z,TONUSDT,-0.00003931
2026-03-13T04:00:00Z,TONUSDT,0.00001502
2026-03-13T08:00:00Z,TONUSDT,-0.00016194
2026-03-13T12:00:00Z,TONUSDT,0.00005
2026-03-13T16:00:00Z,TONUSDT,0.00000104
2026-03-13T20:00:00Z,TONUSDT,-0.0000401
2026-03-14T00:00:00Z,TONUSDT,0.00005
2026-03-14T04:00:00Z,TONUSDT,0.00001295
2026-03-14T08:00:00Z,TONUSDT,0.00005
2026-03-14T12:00:00Z,TONUSDT,0.00001637
2026-03-14T16:00:00Z,TONUSDT,0.00003343
2026-03-14T20:00:00Z,TONUSDT,-0.00002761
2026-03-15T00:00:00Z,TONUSDT,0.00005
2026-03-15T04:00:00Z,TONUSDT,-0.000142
2026-03-15T08:00:00Z,TONUSDT,-0.00006335
2026-03-15T12:00:00Z,TONUSDT,-0.00010544
2026-03-15T16:00:00Z,TONUSDT,0.00000079
2026-03-15T20:00:00Z,TONUSDT,-0.00001856
2026-03-16T00:00:00Z,TONUSDT,0.00004908
2026-03-16T04:00:00Z,TONUSDT,0.00005
2026-03-16T08:00:00Z,TONUSDT,0.00005
2026-03-16T12:00:00Z,TONUSDT,0.00005
2026-03-16T16:00:00Z,TONUSDT,0.00005
2026-03-16T20:00:00Z,TONUSDT,0.00005
2026-03-17T00:00:00Z,TONUSDT,-0.00002066
2026-03-17T04:00:00Z,TONUSDT,0.00005
2026-03-17T08:00:00Z,TONUSDT,0.00005
2026-03-17T12:00:00Z,TONUSDT,0.00005
2026-03-17T16:00:00Z,TONUSDT,0.00003786
2026-03-17T20:00:00Z,TONUSDT,0.00005
2026-03-18T00:00:00Z,TONUSDT,-0.00011784
2026-03-18T04:00:00Z,TONUSDT,0.00004932
2026-03-18T08:00:00Z,TONUSDT,0.00005
2026-03-18T12:00:00Z,TONUSDT,-0.00009059
2026-03-18T16:00:00Z,TONUSDT,-0.00014563
2026-03-18T20:00:00Z,TONUSDT,-0.00010327
2026-03-19T00:00:00Z,TONUSDT,-0.0000543
2026-03-19T04:00:00Z,TONUSDT,0.00002886
2026-03-19T08:00:00Z,TONUSDT,-0.00011321
2026-03-19T12:00:00Z,TONUSDT,-0.00020003
2026-03-19T16:00:00Z,TONUSDT,0.00005
2026-03-19T20:00:00Z,TONUSDT,-0.00002459
2026-03-20T00:00:00Z,TONUSDT,0.00005
2026-03-20T04:00:00Z,TONUSDT,0.00005
2026-03-20T08:00:00Z,TONUSDT,0.00005
2026-03-20T12:00:00Z,TONUSDT,0.00005
2026-03-20T16:00:00Z,TONUSDT,-0.00004643
2026-03-20T20:00:00Z,TONUSDT,0.00005
2026-03-21T00:00:00Z,TONUSDT,0.00001698
2026-03-21T04:00:00Z,TONUSDT,0.00000759
2026-03-21T08:00:00Z,TONUSDT,0.00005
2026-03-21T12:00:00Z,TONUSDT,0.00001659
2026-03-21T16:00:00Z,TONUSDT,-0.00000876
2026-03-21T20:00:00Z,TONUSDT,-0.00009402
2026-03-22T00:00:00Z,TONUSDT,-0.0002088
2026-03-22T04:00:00Z,TONUSDT,0.00005
2026-03-22T08:00:00Z,TONUSDT,0.00003976
2026-03-22T12:00:00Z,TONUSDT,-0.00013001
2026-03-22T16:00:00Z,TONUSDT,0.00005
2026-03-22T20:00:00Z,TONUSDT,-0.00006275
2026-03-23T00:00:00Z,TONUSDT,-0.00004448
2026-03-23T04:00:00Z,TONUSDT,0.00005
2026-03-23T08:00:00Z,TONUSDT,0.00005
2026-03-23T12:00:00Z,TONUSDT,0.00005
2026-03-23T16:00:00Z,TONUSDT,0.00005
2026-03-23T20:00:00Z,TONUSDT,0.00005
2026-03-24T00:00:00Z,TONUSDT,0.00005
2026-03-24T04:00:00Z,TONUSDT,0.00005
2026-03-24T08:00:00Z,TONUSDT,0.00005
2026-03-24T12:00:00Z,TONUSDT,0.00005
2026-03-24T16:00:00Z,TONUSDT,0.00005
2026-03-24T20:00:00Z,TONUSDT,0.00005
2026-03-25T00:00:00Z,TONUSDT,0.00005
2026-03-25T04:00:00Z,TONUSDT,0.00005
2026-03-25T08:00:00Z,TONUSDT,0.00005
2026-03-25T12:00:00Z,TONUSDT,-0.00005768
2026-03-25T16:00:00Z,TONUSDT,-0.0001003
2026-03-25T20:00:00Z,TONUSDT,0.00004025
2026-03-26T00:00:00Z,TONUSDT,0.00005
2026-03-26T04:00:00Z,TONUSDT,0.00005
2026-03-26T08:00:00Z,TONUSDT,0.00005
2026-03-26T12:00:00Z,TONUSDT,-0.0000004
2026-03-26T16:00:00Z,TONUSDT,-0.00003542
2026-03-26T20:00:00Z,TONUSDT,0.00000842
2026-03-27T00:00:00Z,TONUSDT,0.00005
2026-03-27T04:00:00Z,TONUSDT,0.00005
2026-03-27T08:00:00Z,TONUSDT,0.00004142
2026-03-27T12:00:00Z,TONUSDT,0.00005
2026-03-27T16:00:00Z,TONUSDT,0.00005
2026-03-27T20:00:00Z,TONUSDT,0.00005
2026-03-28T00:00:00Z,TONUSDT,0.00005
2026-03-28T04:00:00Z,TONUSDT,0.00005
2026-03-28T08:00:00Z,TONUSDT,-0.0000939
2026-03-28T12:00:00Z,TONUSDT,0.00002263
2026-03-28T16:00:00Z,TONUSDT,-0.00015184
2026-03-28T20:00:00Z,TONUSDT,0.00000135
2026-03-29T00:00:00Z,TONUSDT,-0.00004837
2026-03-29T04:00:00Z,TONUSDT,-0.00000327
2026-03-29T08:00:00Z,TONUSDT,0.00005
2026-03-29T12:00:00Z,TONUSDT,0.00005
2026-03-29T16:00:00Z,TONUSDT,0.00005
2026-03-29T20:00:00Z,TONUSDT,0.00005
2026-03-30T00:00:00Z,TONUSDT,0.00005
2026-03-30T04:00:00Z,TONUSDT,0.00005
2026-03-30T08:00:00Z,TONUSDT,0.00005
2026-03-30T12:00:00Z,TONUSDT,0.00005
2026-03-30T16:00:00Z,TONUSDT,0.00005
2026-03-30T20:00:00Z,TONUSDT,-0.00008784
2026-03-31T00:00:00Z,TONUSDT,-0.00005724
2026-03-31T04:00:00Z,TONUSDT,0.00005
2026-03-31T08:00:00Z,TONUSDT,0.00003238
2026-03-31T12:00:00Z,TONUSDT,0.00000971
2026-03-31T16:00:00Z,TONUSDT,0.00005
2026-03-31T20:00:00Z,TONUSDT,0.00005
2026-04-01T00:00:00Z,TONUSDT,-0.00003905
2026-04-01T04:00:00Z,TONUSDT,0.00005
2026-04-01T08:00:00Z,TONUSDT,0.00005
2026-04-01T12:00:00Z,TONUSDT,0.00004894
2026-04-01T16:00:00Z,TONUSDT,-0.00001115
2026-04-01T20:00:00Z,TONUSDT,0.00000735
2026-04-02T00:00:00Z,TONUSDT,0.00005
2026-04-02T04:00:00Z,TONUSDT,0.00005
2026-04-02T08:00:00Z,TONUSDT,0.00005
2026-04-02T12:00:00Z,TONUSDT,0.00005
2026-04-02T16:00:00Z,TONUSDT,-0.00003939
2026-04-02T20:00:00Z,TONUSDT,0.00005
2026-04-03T00:00:00Z,TONUSDT,0.00005
2026-04-03T04:00:00Z,TONUSDT,0.00005
2026-04-03T08:00:00Z,TONUSDT,0.00005
2026-04-03T12:00:00Z,TONUSDT,0.00005
2026-04-03T16:00:00Z,TONUSDT,0.00002529
2026-04-03T20:00:00Z,TONUSDT,-0.00004526
2026-04-04T00:00:00Z,TONUSDT,0.00005
2026-04-04T04:00:00Z,TONUSDT,0.00005
2026-04-04T08:00:00Z,TONUSDT,-0.00004331
2026-04-04T12:00:00Z,TONUSDT,0.00004105
2026-04-04T16:00:00Z,TONUSDT,-0.00005917
2026-04-04T20:00:00Z,TONUSDT,-0.00003049
2026-04-05T00:00:00Z,TONUSDT,-0.00006736
2026-04-05T04:00:00Z,TONUSDT,0.00005
2026-04-05T08:00:00Z,TONUSDT,-0.00007141
2026-04-05T12:00:00Z,TONUSDT,0.00003005
2026-04-05T16:00:00Z,TONUSDT,0.00005
2026-04-05T20:00:00Z,TONUSDT,0.00003398
2026-04-06T00:00:00Z,TONUSDT,0.00000744
2026-04-06T04:00:00Z,TONUSDT,0.00005
2026-04-06T08:00:00Z,TONUSDT,0.00005
2026-04-06T12:00:00Z,TONUSDT,0.00005
2026-04-06T16:00:00Z,TONUSDT,0.00005
2026-04-06T20:00:00Z,TONUSDT,0.0000238
2026-04-07T00:00:00Z,TONUSDT,0.00005
2026-04-07T04:00:00Z,TONUSDT,0.00005
2026-04-07T08:00:00Z,TONUSDT,-0.00003058
2026-04-07T12:00:00Z,TONUSDT,0.00000501
2026-04-07T16:00:00Z,TONUSDT,0.00002762
2026-04-07T20:00:00Z,TONUSDT,0.00005
2026-04-08T00:00:00Z,TONUSDT,0.00005
2026-04-08T04:00:00Z,TONUSDT,0.00005
2026-04-08T08:00:00Z,TONUSDT,0.00002369
2026-04-08T12:00:00Z,TONUSDT,0.00003636
2026-04-08T16:00:00Z,TONUSDT,-0.00001488
2026-04-08T20:00:00Z,TONUSDT,-0.00008705
2026-04-09T00:00:00Z,TONUSDT,-0.00002206
2026-04-09T04:00:00Z,TONUSDT,-0.00000974
2026-04-09T08:00:00Z,TONUSDT,0.00005
2026-04-09T12:00:00Z,TONUSDT,0.00004433
2026-04-09T16:00:00Z,TONUSDT,0.00005
2026-04-09T20:00:00Z,TONUSDT,0.00005
2026-04-10T00:00:00Z,TONUSDT,0.00005
2026-04-10T04:00:00Z,TONUSDT,-0.00009454
2026-04-10T08:00:00Z,TONUSDT,0.00005
2026-04-10T12:00:00Z,TONUSDT,-0.00003375
2026-04-10T16:00:00Z,TONUSDT,-0.0000752
2026-04-10T20:00:00Z,TONUSDT,-0.00005952
2026-04-11T00:00:00Z,TONUSDT,-0.00010652
2026-04-11T04:00:00Z,TONUSDT,0.00005
2026-04-11T08:00:00Z,TONUSDT,0.00005
2026-04-11T12:00:00Z,TONUSDT,0.00005
2026-04-11T16:00:00Z,TONUSDT,0.00005
2026-04-11T20:00:00Z,TONUSDT,0.00005
2026-04-12T00:00:00Z,TONUSDT,0.00005
2026-04-12T04:00:00Z,TONUSDT,-0.00001365
2026-04-12T08:00:00Z,TONUSDT,0.00005
2026-04-12T12:00:00Z,TONUSDT,0.00005
2026-04-12T16:00:00Z,TONUSDT,0.00000659
2026-04-12T20:00:00Z,TONUSDT,0.00005
2026-04-13T00:00:00Z,TONUSDT,-0.00012744
2026-04-13T04:00:00Z,TONUSDT,0.00005
2026-04-13T08:00:00Z,TONUSDT,0.00005
2026-04-13T12:00:00Z,TONUSDT,0.00005
2026-04-13T16:00:00Z,TONUSDT,0.00005
2026-04-13T20:00:00Z,TONUSDT,0.00005
2026-04-14T00:00:00Z,TONUSDT,0.00005
2026-04-14T04:00:00Z,TONUSDT,0.00005
2026-04-14T08:00:00Z,TONUSDT,0.00005
2026-04-14T12:00:00Z,TONUSDT,0.00005
2026-04-14T16:00:00Z,TONUSDT,0.00005
2026-04-14T20:00:00Z,TONUSDT,-0.00000066
2026-04-15T00:00:00Z,TONUSDT,0.00005
2026-04-15T04:00:00Z,TONUSDT,0.00005
2026-04-15T08:00:00Z,TONUSDT,0.00005
2026-04-15T12:00:00Z,TONUSDT,0.00002878
2026-04-15T16:00:00Z,TONUSDT,-0.00008498
2026-04-15T20:00:00Z,TONUSDT,0.00000332
2026-04-16T00:00:00Z,TONUSDT,0.00005
2026-04-16T04:00:00Z,TONUSDT,0.00003308
2026-04-16T08:00:00Z,TONUSDT,0.00005
2026-04-16T12:00:00Z,TONUSDT,0.00005
2026-04-16T16:00:00Z,TONUSDT,0.00005
2026-04-16T20:00:00Z,TONUSDT,0.00001268
2026-04-17T00:00:00Z,TONUSDT,0.00005
2026-04-17T04:00:00Z,TONUSDT,-0.00002631
2026-04-17T08:00:00Z,TONUSDT,0.00005
2026-04-17T12:00:00Z,TONUSDT,-0.0000263
2026-04-17T16:00:00Z,TONUSDT,-0.0001318
2026-04-17T20:00:00Z,TONUSDT,-0.00018436
2026-04-18T00:00:00Z,TONUSDT,-0.00010921
2026-04-18T04:00:00Z,TONUSDT,0.00005
2026-04-18T08:00:00Z,TONUSDT,-0.00006532
2026-04-18T12:00:00Z,TONUSDT,0.00005
2026-04-18T16:00:00Z,TONUSDT,-0.00017789
2026-04-18T20:00:00Z,TONUSDT,-0.00007828
2026-04-19T00:00:00Z,TONUSDT,-0.00012648
2026-04-19T04:00:00Z,TONUSDT,-0.00000984
2026-04-19T08:00:00Z,TONUSDT,-0.0000618
2026-04-19T12:00:00Z,TONUSDT,-0.00008938
2026-04-19T16:00:00Z,TONUSDT,-0.0000283
2026-04-19T20:00:00Z,TONUSDT,0.00002747
2026-04-20T00:00:00Z,TONUSDT,0.00005
2026-04-20T04:00:00Z,TONUSDT,0.00005
2026-04-20T08:00:00Z,TONUSDT,-0.00002732
2026-04-20T12:00:00Z,TONUSDT,-0.00001257
2026-04-20T16:00:00Z,TONUSDT,-0.0001798
2026-04-20T20:00:00Z,TONUSDT,-0.00018975
2026-04-21T00:00:00Z,TONUSDT,-0.00016242
2026-04-21T04:00:00Z,TONUSDT,-0.00010008
2026-04-21T08:00:00Z,TONUSDT,-0.00008813
2026-04-21T12:00:00Z,TONUSDT,-0.00004093
2026-04-21T16:00:00Z,TONUSDT,-0.0000221
2026-04-21T20:00:00Z,TONUSDT,-0.00001392
2026-04-22T00:00:00Z,TONUSDT,0.000006
2026-04-22T04:00:00Z,TONUSDT,0.00005
2026-04-22T08:00:00Z,TONUSDT,-0.00007126
2026-04-22T12:00:00Z,TONUSDT,-0.00000011
2026-04-22T16:00:00Z,TONUSDT,-0.00017858
2026-04-22T20:00:00Z,TONUSDT,0.00005
2026-04-23T00:00:00Z,TONUSDT,-0.00009456
2026-04-23T04:00:00Z,TONUSDT,0.00005
2026-04-23T08:00:00Z,TONUSDT,0.00003447
2026-04-23T12:00:00Z,TONUSDT,0.00005
2026-04-23T16:00:00Z,TONUSDT,0.00004496
2026-04-23T20:00:00Z,TONUSDT,0.00004045
2026-04-24T00:00:00Z,TONUSDT,0.00005
2026-04-24T04:00:00Z,TONUSDT,0.00005
2026-04-24T08:00:00Z,TONUSDT,-0.00009139
2026-04-24T12:00:00Z,TONUSDT,-0.00007715
2026-04-24T16:00:00Z,TONUSDT,0.00000077
2026-04-24T20:00:00Z,TONUSDT,0.00002907
2026-04-25T00:00:00Z,TONUSDT,0.00001229
2026-04-25T04:00:00Z,TONUSDT,0.00005
2026-04-25T08:00:00Z,TONUSDT,-0.00004355
2026-04-25T12:00:00Z,TONUSDT,-0.0000588
2026-04-25T16:00:00Z,TONUSDT,-0.00021947
2026-04-25T20:00:00Z,TONUSDT,-0.00011763
2026-04-26T00:00:00Z,TONUSDT,0.00005
2026-04-26T04:00:00Z,TONUSDT,0.0000236
2026-04-26T08:00:00Z,TONUSDT,-0.00008834
2026-04-26T12:00:00Z,TONUSDT,-0.00015844
2026-04-26T16:00:00Z,TONUSDT,-0.00009375
2026-04-26T20:00:00Z,TONUSDT,-0.00011873
2026-04-27T00:00:00Z,TONUSDT,-0.0000554
2026-04-27T04:00:00Z,TONUSDT,0.00001297
2026-04-27T08:00:00Z,TONUSDT,-0.00000398
2026-04-27T12:00:00Z,TONUSDT,-0.00005145
2026-04-27T16:00:00Z,TONUSDT,0.00003706
2026-04-27T20:00:00Z,TONUSDT,0.00003304
2026-04-28T00:00:00Z,TONUSDT,-0.00000291
2026-04-28T04:00:00Z,TONUSDT,-0.00001998
2026-04-28T08:00:00Z,TONUSDT,0.00002878
2026-04-28T12:00:00Z,TONUSDT,-0.00005123
2026-04-28T16:00:00Z,TONUSDT,0.00001403
2026-04-28T20:00:00Z,TONUSDT,0.00005
2026-04-29T00:00:00Z,TONUSDT,0.00005
2026-04-29T04:00:00Z,TONUSDT,0.00005
2026-04-29T08:00:00Z,TONUSDT,0.00003725
2026-04-29T12:00:00Z,TONUSDT,-0.00000402
2026-04-29T16:00:00Z,TONUSDT,-0.0001743
2026-04-29T20:00:00Z,TONUSDT,-0.00008274
2026-04-30T00:00:00Z,TONUSDT,0.00005
2026-04-30T04:00:00Z,TONUSDT,0.00005
2026-04-30T08:00:00Z,TONUSDT,0.00005
2026-04-30T12:00:00Z,TONUSDT,0.00005
2026-04-30T16:00:00Z,TONUSDT,-0.0000832
2026-04-30T20:00:00Z,TONUSDT,-0.00006179
2026-05-01T00:00:00Z,TONUSDT,-0.00011613
2026-05-01T04:00:00Z,TONUSDT,0.00005
2026-05-01T08:00:00Z,TONUSDT,-0.00000163
2026-05-01T12:00:00Z,TONUSDT,-0.00003029
2026-05-01T16:00:00Z,TONUSDT,-0.00005661
2026-05-01T20:00:00Z,TONUSDT,-0.0000471
2026-05-02T00:00:00Z,TONUSDT,0.00005
2026-05-02T04:00:00Z,TONUSDT,-0.00011702
2026-05-02T08:00:00Z,TONUSDT,0.00002664
2026-05-02T12:00:00Z,TONUSDT,-0.00011078
2026-05-02T16:00:00Z,TONUSDT,0.00005
2026-05-02T20:00:00Z,TONUSDT,-0.0000923
2026-05-03T00:00:00Z,TONUSDT,0.00005
2026-05-03T04:00:00Z,TONUSDT,0.00005
2026-05-03T08:00:00Z,TONUSDT,0.00005
2026-05-03T12:00:00Z,TONUSDT,0.00005
2026-05-03T16:00:00Z,TONUSDT,0.00005
2026-05-03T20:00:00Z,TONUSDT,-0.00002794
2026-05-04T00:00:00Z,TONUSDT,-0.00010964
2026-05-04T04:00:00Z,TONUSDT,0.00003645
2026-05-04T08:00:00Z,TONUSDT,0.00005
2026-05-04T12:00:00Z,TONUSDT,-0.00019157
2026-05-04T16:00:00Z,TONUSDT,-0.00012744
2026-05-04T20:00:00Z,TONUSDT,0.00003522
2026-05-05T00:00:00Z,TONUSDT,0.00005
2026-05-05T04:00:00Z,TONUSDT,-0.00018068
2026-05-05T08:00:00Z,TONUSDT,-0.00007373
2026-05-05T12:00:00Z,TONUSDT,0.00005
2026-05-05T16:00:00Z,TONUSDT,0.00005
2026-05-05T20:00:00Z,TONUSDT,0.00005
2026-05-06T00:00:00Z,TONUSDT,0.00005
2026-05-06T04:00:00Z,TONUSDT,0.00005
2026-05-06T08:00:00Z,TONUSDT,0.00003707
2026-05-06T12:00:00Z,TONUSDT,-0.00019231
2026-05-06T16:00:00Z,TONUSDT,-0.00002521
2026-05-06T20:00:00Z,TONUSDT,0.00005
2026-05-07T00:00:00Z,TONUSDT,0.00005
2026-05-07T04:00:00Z,TONUSDT,-0.00007671
2026-05-07T08:00:00Z,TONUSDT,-0.00001251
2026-05-07T12:00:00Z,TONUSDT,0.00005
2026-05-07T16:00:00Z,TONUSDT,0.00005
2026-05-07T20:00:00Z,TONUSDT,0.00005
2026-05-08T00:00:00Z,TONUSDT,0.00005
2026-05-08T04:00:00Z,TONUSDT,0.00005
2026-05-08T08:00:00Z,TONUSDT,0.00005
2026-05-08T12:00:00Z,TONUSDT,0.00005
2026-05-08T16:00:00Z,TONUSDT,0.00005
2026-05-08T20:00:00Z,TONUSDT,0.00005
2026-05-09T00:00:00Z,TONUSDT,0.00005
2026-05-09T04:00:00Z,TONUSDT,0.00005
2026-05-09T08:00:00Z,TONUSDT,0.00005
2026-05-09T12:00:00Z,TONUSDT,-0.00013838
2026-05-09T16:00:00Z,TONUSDT,0.00005
2026-05-09T20:00:00Z,TONUSDT,0.00005
2026-05-10T00:00:00Z,TONUSDT,0.00005
2026-05-10T04:00:00Z,TONUSDT,0.00005
2026-05-10T08:00:00Z,TONUSDT,0.00005
2026-05-10T12:00:00Z,TONUSDT,-0.00000167
2026-05-10T16:00:00Z,TONUSDT,-0.00009525
2026-05-10T20:00:00Z,TONUSDT,0.00005
2026-05-11T00:00:00Z,TONUSDT,0.00005
2026-05-11T04:00:00Z,TONUSDT,0.00005
2026-05-11T08:00:00Z,TONUSDT,0.00005
2026-05-11T12:00:00Z,TONUSDT,0.00005
2026-05-11T16:00:00Z,TONUSDT,0.00005
2026-05-11T20:00:00Z,TONUSDT,0.00005
2026-05-12T00:00:00Z,TONUSDT,0.00005
2026-05-12T04:00:00Z,TONUSDT,-0.00002192
2026-05-12T08:00:00Z,TONUSDT,0.00005
2026-05-12T12:00:00Z,TONUSDT,-0.0000889
2026-05-12T16:00:00Z,TONUSDT,-0.00000576
2026-05-12T20:00:00Z,TONUSDT,0.00005
2026-05-13T00:00:00Z,TONUSDT,-0.00005892
2026-05-13T04:00:00Z,TONUSDT,0.00002445
2026-05-13T08:00:00Z,TONUSDT,0.00005
2026-05-13T12:00:00Z,TONUSDT,0.00000317
2026-05-13T16:00:00Z,TONUSDT,-0.00006951
2026-05-13T20:00:00Z,TONUSDT,0.00005
2026-05-14T00:00:00Z,TONUSDT,0.00005
2026-05-14T04:00:00Z,TONUSDT,0.00005
2026-05-14T08:00:00Z,TONUSDT,-0.00004979
2026-05-14T12:00:00Z,TONUSDT,-0.00001799
2026-05-14T16:00:00Z,TONUSDT,0.00005
2026-05-14T20:00:00Z,TONUSDT,0.00005
2026-05-15T00:00:00Z,TONUSDT,0.00004801
2026-05-15T04:00:00Z,TONUSDT,-0.00005692
2026-05-15T08:00:00Z,TONUSDT,-0.00017541
2026-05-15T12:00:00Z,TONUSDT,0.00005
2026-05-15T16:00:00Z,TONUSDT,0.00005
2026-05-15T20:00:00Z,TONUSDT,-0.00008358
2026-05-16T00:00:00Z,TONUSDT,-0.00000969
2026-05-16T04:00:00Z,TONUSDT,0.00005
2026-05-16T08:00:00Z,TONUSDT,0.00005
2026-05-16T12:00:00Z,TONUSDT,0.00005
2026-05-16T16:00:00Z,TONUSDT,0.00000831
2026-05-16T20:00:00Z,TONUSDT,-0.00005473
2026-05-17T00:00:00Z,TONUSDT,0.00005
2026-05-17T04:00:00Z,TONUSDT,0.00005
2026-05-17T08:00:00Z,TONUSDT,0.00005
2026-05-17T12:00:00Z,TONUSDT,-0.00006267
2026-05-17T16:00:00Z,TONUSDT,-0.00014637
2026-05-17T20:00:00Z,TONUSDT,-0.00001496
2026-05-18T00:00:00Z,TONUSDT,0.00005
2026-05-18T04:00:00Z,TONUSDT,0.00005
2026-05-18T08:00:00Z,TONUSDT,0.00005
2026-05-18T12:00:00Z,TONUSDT,0.00005
2026-05-18T16:00:00Z,TONUSDT,-0.00036541
2026-05-18T20:00:00Z,TONUSDT,-0.00015686
2026-05-19T00:00:00Z,TONUSDT,0.00005
2026-05-19T04:00:00Z,TONUSDT,-0.00008622
2026-05-19T08:00:00Z,TONUSDT,0.00005
2026-05-19T12:00:00Z,TONUSDT,-0.00023989
2026-05-19T16:00:00Z,TONUSDT,0.00001381
2026-05-19T20:00:00Z,TONUSDT,-0.00004684
2026-05-20T00:00:00Z,TONUSDT,-0.0001858
2026-05-20T04:00:00Z,TONUSDT,-0.00023597
2026-05-20T08:00:00Z,TONUSDT,-0.00003986
2026-05-20T12:00:00Z,TONUSDT,0.00001795
2026-05-20T16:00:00Z,TONUSDT,0.00005
2026-05-20T20:00:00Z,TONUSDT,0.00005
2026-05-21T00:00:00Z,TONUSDT,0.00005
2026-05-21T04:00:00Z,TONUSDT,0.00005
2026-05-21T08:00:00Z,TONUSDT,-0.00012081
2026-05-21T12:00:00Z,TONUSDT,0.00004322
2026-05-21T16:00:00Z,TONUSDT,0.00005
2026-05-21T20:00:00Z,TONUSDT,0.00005
2026-05-22T00:00:00Z,TONUSDT,0.00005
2026-05-22T04:00:00Z,TONUSDT,0.00005
2026-05-22T08:00:00Z,TONUSDT,-0.00001844
2026-05-22T12:00:00Z,TONUSDT,-0.00023376
2026-05-22T16:00:00Z,TONUSDT,-0.00011885
2026-05-22T20:00:00Z,TONUSDT,-0.00019865
2026-05-23T00:00:00Z,TONUSDT,-0.00012585
2026-05-23T04:00:00Z,TONUSDT,-0.00003032
2026-05-23T08:00:00Z,TONUSDT,0.00001562
2026-05-23T12:00:00Z,TONUSDT,-0.00011704
2026-05-23T16:00:00Z,TONUSDT,0.00000727
2026-05-23T20:00:00Z,TONUSDT,0.00005
2026-05-24T00:00:00Z,TONUSDT,0.00005
2026-05-24T04:00:00Z,TONUSDT,0.00005
2026-05-24T08:00:00Z,TONUSDT,-0.00014258
2026-05-24T12:00:00Z,TONUSDT,0.00005
2026-05-24T16:00:00Z,TONUSDT,-0.00031029
2026-05-24T20:00:00Z,TONUSDT,-0.00025799
2026-05-25T00:00:00Z,TONUSDT,-0.00022566
2026-05-25T04:00:00Z,TONUSDT,-0.00001148
2026-05-25T08:00:00Z,TONUSDT,0.00005
2026-05-25T12:00:00Z,TONUSDT,0.00005
2026-05-25T16:00:00Z,TONUSDT,0.00005
2026-05-25T20:00:00Z,TONUSDT,-0.00001807
2026-05-26T00:00:00Z,TONUSDT,0.00004442
2026-05-26T04:00:00Z,TONUSDT,-0.00004299
2026-05-26T08:00:00Z,TONUSDT,-0.00031686
2026-05-26T12:00:00Z,TONUSDT,-0.00009807
2026-05-26T16:00:00Z,TONUSDT,-0.00030271
2026-05-26T20:00:00Z,TONUSDT,-0.00079062
2026-05-27T00:00:00Z,TONUSDT,-0.00049524
2026-05-27T04:00:00Z,TONUSDT,-0.00014837
2026-05-27T08:00:00Z,TONUSDT,-0.00012866
2026-05-27T12:00:00Z,TONUSDT,-0.00001101
2026-05-27T16:00:00Z,TONUSDT,0.00003765
2026-05-27T20:00:00Z,TONUSDT,-0.00007579
2026-05-28T00:00:00Z,TONUSDT,-0.00023343
2026-05-28T04:00:00Z,TONUSDT,-0.00000527
2026-05-28T08:00:00Z,TONUSDT,-0.00034842
2026-05-28T12:00:00Z,TONUSDT,-0.00017726
2026-05-28T16:00:00Z,TONUSDT,0.00005
2026-05-28T20:00:00Z,TONUSDT,-0.00002232
2026-05-29T00:00:00Z,TONUSDT,-0.00008418
2026-05-29T04:00:00Z,TONUSDT,-0.0000276
2026-05-29T08:00:00Z,TONUSDT,0.00005
2026-05-29T12:00:00Z,TONUSDT,-0.00000945
2026-05-29T16:00:00Z,TONUSDT,0.00003924
2026-05-29T20:00:00Z,TONUSDT,-0.00015251
2026-05-30T00:00:00Z,TONUSDT,0.00000733
2026-05-30T04:00:00Z,TONUSDT,0.00005
2026-05-30T08:00:00Z,TONUSDT,0.00000052
2026-05-30T12:00:00Z,TONUSDT,-0.0000704
2026-05-30T16:00:00Z,TONUSDT,0.00002658
2026-05-30T20:00:00Z,TONUSDT,0.0000371
2026-05-31T00:00:00Z,TONUSDT,-0.00006174
2026-05-31T04:00:00Z,TONUSDT,0.00005
2026-05-31T08:00:00Z,TONUSDT,0.00005
2026-05-31T12:00:00Z,TONUSDT,0.00005
2026-05-31T16:00:00Z,TONUSDT,-0.00010089
2026-05-31T20:00:00Z,TONUSDT,-0.00022461
2026-06-01T00:00:00Z,TONUSDT,-0.00005713
2026-06-01T04:00:00Z,TONUSDT,0.00005
2026-06-01T08:00:00Z,TONUSDT,-0.00007114
2026-06-01T12:00:00Z,TONUSDT,-0.00001302
2026-06-01T16:00:00Z,TONUSDT,0.00005
2026-06-01T20:00:00Z,TONUSDT,0.00005
2026-06-02T00:00:00Z,TONUSDT,0.00005
2026-06-02T04:00:00Z,TONUSDT,0.00005
2026-06-02T08:00:00Z,TONUSDT,0.00005
2026-06-02T12:00:00Z,TONUSDT,0.00005
2026-06-02T16:00:00Z,TONUSDT,0.00005
2026-06-02T20:00:00Z,TONUSDT,0.00005
2026-06-03T00:00:00Z,TONUSDT,0.00005
2026-06-03T04:00:00Z,TONUSDT,0.00005
2026-06-03T08:00:00Z,TONUSDT,0.00005
2026-06-03T12:00:00Z,TONUSDT,0.00005
2026-06-03T16:00:00Z,TONUSDT,0.00005
2026-06-03T20:00:00Z,TONUSDT,0.00005
2026-06-04T00:00:00Z,TONUSDT,0.00005
2026-06-04T04:00:00Z,TONUSDT,-0.00004332
2026-06-04T08:00:00Z,TONUSDT,-0.00031158
2026-06-04T12:00:00Z,TONUSDT,-0.00026106
2026-06-04T16:00:00Z,TONUSDT,-0.00008659
2026-06-04T20:00:00Z,TONUSDT,-0.00013283
2026-06-05T00:00:00Z,TONUSDT,-0.00032094
2026-06-05T04:00:00Z,TONUSDT,-0.00006679
2026-06-05T08:00:00Z,TONUSDT,-0.00023918
2026-06-05T12:00:00Z,TONUSDT,-0.00017359
2026-06-05T16:00:00Z,TONUSDT,-0.00012651
2026-06-05T20:00:00Z,TONUSDT,-0.00017432
2026-06-06T00:00:00Z,TONUSDT,-0.00025946
2026-06-06T04:00:00Z,TONUSDT,-0.00014504
2026-06-06T08:00:00Z,TONUSDT,-0.00021007
2026-06-06T12:00:00Z,TONUSDT,-0.00019627
2026-06-06T16:00:00Z,TONUSDT,-0.00016191
2026-06-06T20:00:00Z,TONUSDT,-0.00010875
2026-06-07T00:00:00Z,TONUSDT,-0.00014195
2026-06-07T04:00:00Z,TONUSDT,0.00005
2026-06-07T08:00:00Z,TONUSDT,0.00005
2026-06-07T12:00:00Z,TONUSDT,0.00005
2026-06-07T16:00:00Z,TONUSDT,0.00005
2026-06-07T20:00:00Z,TONUSDT,0.00005
2026-06-08T00:00:00Z,TONUSDT,0.00005
2026-06-08T04:00:00Z,TONUSDT,0.00005
2026-06-08T08:00:00Z,TONUSDT,0.00005
2026-06-08T12:00:00Z,TONUSDT,0.00002393
2026-06-08T16:00:00Z,TONUSDT,0.00005
2026-06-08T20:00:00Z,TONUSDT,0.00005
2026-06-09T00:00:00Z,TONUSDT,-0.00012099
2026-06-09T04:00:00Z,TONUSDT,-0.00001796
2026-06-09T08:00:00Z,TONUSDT,0.0000396
2026-06-09T12:00:00Z,TONUSDT,0.00001321
2026-06-09T16:00:00Z,TONUSDT,-0.00005208
2026-06-09T20:00:00Z,TONUSDT,-0.00007572
2026-06-10T00:00:00Z,TONUSDT,0.00005
2026-06-10T04:00:00Z,TONUSDT,0.00002954
2026-06-10T08:00:00Z,TONUSDT,-0.00017092
2026-06-10T12:00:00Z,TONUSDT,-0.00010526
2026-06-10T16:00:00Z,TONUSDT,-0.00015898
2026-06-10T20:00:00Z,TONUSDT,-0.00024475
2026-06-11T00:00:00Z,TONUSDT,-0.00019272
2026-06-11T04:00:00Z,TONUSDT,-0.00017704
2026-06-11T08:00:00Z,TONUSDT,-0.00009069
2026-06-11T12:00:00Z,TONUSDT,-0.00039316
2026-06-11T16:00:00Z,TONUSDT,-0.0003866
2026-06-11T20:00:00Z,TONUSDT,-0.00052541
2026-06-12T00:00:00Z,TONUSDT,-0.00083285
2026-06-12T04:00:00Z,TONUSDT,-0.00044432
2026-06-12T08:00:00Z,TONUSDT,-0.00029525
2026-06-12T12:00:00Z,TONUSDT,-0.00032907
2026-06-12T16:00:00Z,TONUSDT,-0.00002259
2026-06-12T20:00:00Z,TONUSDT,-0.00032218
2026-06-13T00:00:00Z,TONUSDT,-0.00018439
2026-06-13T04:00:00Z,TONUSDT,-0.00042911
2026-06-13T08:00:00Z,TONUSDT,-0.00042496
2026-06-13T12:00:00Z,TONUSDT,-0.00054275
2026-06-13T16:00:00Z,TONUSDT,-0.0006153
2026-06-13T20:00:00Z,TONUSDT,-0.00133861
2026-06-14T00:00:00Z,TONUSDT,-0.00086248
2026-06-14T04:00:00Z,TONUSDT,-0.00102584
2026-06-14T08:00:00Z,TONUSDT,-0.00171973
2026-06-14T12:00:00Z,TONUSDT,-0.00464298
2026-06-14T16:00:00Z,TONUSDT,-0.00185968
2026-06-14T20:00:00Z,TONUSDT,-0.00078955
2026-06-15T00:00:00Z,TONUSDT,-0.00011106
2026-06-15T04:00:00Z,TONUSDT,0.00005
2026-06-15T08:00:00Z,TONUSDT,-0.000604
