timestamp,symbol,funding_rate
2023-10-09T00:00:00Z,TRXUSDT,-0.00000081
2023-10-09T08:00:00Z,TRXUSDT,-0.00015114
2023-10-09T16:00:00Z,TRXUSDT,-0.0002907
2023-10-10T00:00:00Z,TRXUSDT,-0.00014949
2023-10-10T08:00:00Z,TRXUSDT,0.0000663
2023-10-10T16:00:00Z,TRXUSDT,0.00000133
2023-10-11T00:00:00Z,TRXUSDT,0.00002075
2023-10-11T08:00:00Z,TRXUSDT,-0.0001014
2023-10-11T16:00:00Z,TRXUSDT,-0.00014379
2023-10-12T00:00:00Z,TRXUSDT,-0.00014558
2023-10-12T08:00:00Z,TRXUSDT,-0.00025472
2023-10-12T16:00:00Z,TRXUSDT,-0.00026764
2023-10-13T00:00:00Z,TRXUSDT,-0.00011436
2023-10-13T08:00:00Z,TRXUSDT,-0.00008956
2023-10-13T16:00:00Z,TRXUSDT,-0.00010977
2023-10-14T00:00:00Z,TRXUSDT,-0.00012844
2023-10-14T08:00:00Z,TRXUSDT,0.0001
2023-10-14T16:00:00Z,TRXUSDT,0.00007769
2023-10-15T00:00:00Z,TRXUSDT,0.00008131
2023-10-15T08:00:00Z,TRXUSDT,0.00007946
2023-10-15T16:00:00Z,TRXUSDT,-0.00008527
2023-10-16T00:00:00Z,TRXUSDT,-0.00002552
2023-10-16T08:00:00Z,TRXUSDT,-0.00000818
2023-10-16T16:00:00Z,TRXUSDT,-0.0000271
2023-10-17T00:00:00Z,TRXUSDT,-0.00008242
2023-10-17T08:00:00Z,TRXUSDT,-0.00019237
2023-10-17T16:00:00Z,TRXUSDT,-0.00001213
2023-10-18T00:00:00Z,TRXUSDT,-0.00001702
2023-10-18T08:00:00Z,TRXUSDT,-0.00012737
2023-10-18T16:00:00Z,TRXUSDT,-0.000134
2023-10-19T00:00:00Z,TRXUSDT,-0.00013056
2023-10-19T08:00:00Z,TRXUSDT,-0.00008044
2023-10-19T16:00:00Z,TRXUSDT,0.0001
2023-10-20T00:00:00Z,TRXUSDT,-0.0001548
2023-10-20T08:00:00Z,TRXUSDT,0.0001
2023-10-20T16:00:00Z,TRXUSDT,-0.00002584
2023-10-21T00:00:00Z,TRXUSDT,-0.00000389
2023-10-21T08:00:00Z,TRXUSDT,0.0001
2023-10-21T16:00:00Z,TRXUSDT,0.0001
2023-10-22T00:00:00Z,TRXUSDT,0.0001
2023-10-22T08:00:00Z,TRXUSDT,0.00009912
2023-10-22T16:00:00Z,TRXUSDT,-0.00007345
2023-10-23T00:00:00Z,TRXUSDT,0.00001799
2023-10-23T08:00:00Z,TRXUSDT,0.0001
2023-10-23T16:00:00Z,TRXUSDT,0.0000063
2023-10-24T00:00:00Z,TRXUSDT,0.0001
2023-10-24T08:00:00Z,TRXUSDT,0.0001
2023-10-24T16:00:00Z,TRXUSDT,0.0001
2023-10-25T00:00:00Z,TRXUSDT,0.0001
2023-10-25T08:00:00Z,TRXUSDT,0.0001
2023-10-25T16:00:00Z,TRXUSDT,0.0001
2023-10-26T00:00:00Z,TRXUSDT,0.0001
2023-10-26T08:00:00Z,TRXUSDT,0.0001
2023-10-26T16:00:00Z,TRXUSDT,0.0001
2023-10-27T00:00:00Z,TRXUSDT,0.0001
2023-10-27T08:00:00Z,TRXUSDT,0.0001
2023-10-27T16:00:00Z,TRXUSDT,0.0001
2023-10-28T00:00:00Z,TRXUSDT,0.0001
2023-10-28T08:00:00Z,TRXUSDT,0.0001
2023-10-28T16:00:00Z,TRXUSDT,0.0001
2023-10-29T00:00:00Z,TRXUSDT,0.0001
2023-10-29T08:00:00Z,TRXUSDT,0.0001
2023-10-29T16:00:00Z,TRXUSDT,0.0001
2023-10-30T00:00:00Z,TRXUSDT,0.0001
2023-10-30T08:00:00Z,TRXUSDT,0.0001
2023-10-30T16:00:00Z,TRXUSDT,0.0001
2023-10-31T00:00:00Z,TRXUSDT,0.0001
2023-10-31T08:00:00Z,TRXUSDT,0.0001
2023-10-31T16:00:00Z,TRXUSDT,0.0001
2023-11-01T00:00:00Z,TRXUSDT,0.0001
2023-11-01T08:00:00Z,TRXUSDT,0.0001
2023-11-01T16:00:00Z,TRXUSDT,0.0001
2023-11-02T00:00:00Z,TRXUSDT,0.0001
2023-11-02T08:00:00Z,TRXUSDT,0.0001
2023-11-02T16:00:00Z,TRXUSDT,0.0001
2023-11-03T00:00:00Z,TRXUSDT,0.0001
2023-11-03T08:00:00Z,TRXUSDT,0.0001
2023-11-03T16:00:00Z,TRXUSDT,0.0001
2023-11-04T00:00:00Z,TRXUSDT,0.0001
2023-11-04T08:00:00Z,TRXUSDT,0.0001
2023-11-04T16:00:00Z,TRXUSDT,0.0001
2023-11-05T00:00:00Z,TRXUSDT,0.0001
2023-11-05T08:00:00Z,TRXUSDT,0.0001
2023-11-05T16:00:00Z,TRXUSDT,0.0001
2023-11-06T00:00:00Z,TRXUSDT,0.0001
2023-11-06T08:00:00Z,TRXUSDT,0.0001
2023-11-06T16:00:00Z,TRXUSDT,0.0001
2023-11-07T00:00:00Z,TRXUSDT,0.0001
2023-11-07T08:00:00Z,TRXUSDT,0.0001
2023-11-07T16:00:00Z,TRXUSDT,0.0001
2023-11-08T00:00:00Z,TRXUSDT,0.0001
2023-11-08T08:00:00Z,TRXUSDT,0.0001
2023-11-08T16:00:00Z,TRXUSDT,0.0001
2023-11-09T00:00:00Z,TRXUSDT,0.0001
2023-11-09T08:00:00Z,TRXUSDT,0.0001
2023-11-09T16:00:00Z,TRXUSDT,0.0001
2023-11-10T00:00:00Z,TRXUSDT,0.0001
2023-11-10T08:00:00Z,TRXUSDT,0.0001
2023-11-10T16:00:00Z,TRXUSDT,-0.00031169
2023-11-11T00:00:00Z,TRXUSDT,0.0001
2023-11-11T08:00:00Z,TRXUSDT,0.0001
2023-11-11T16:00:00Z,TRXUSDT,0.0002121
2023-11-12T00:00:00Z,TRXUSDT,0.0001
2023-11-12T08:00:00Z,TRXUSDT,0.0001
2023-11-12T16:00:00Z,TRXUSDT,0.0001
2023-11-13T00:00:00Z,TRXUSDT,0.0001
2023-11-13T08:00:00Z,TRXUSDT,0.0001053
2023-11-13T16:00:00Z,TRXUSDT,0.0001
2023-11-14T00:00:00Z,TRXUSDT,0.0001
2023-11-14T08:00:00Z,TRXUSDT,0.0001
2023-11-14T16:00:00Z,TRXUSDT,0.0001
2023-11-15T00:00:00Z,TRXUSDT,0.0001
2023-11-15T08:00:00Z,TRXUSDT,0.0001
2023-11-15T16:00:00Z,TRXUSDT,0.0001
2023-11-16T00:00:00Z,TRXUSDT,0.0001
2023-11-16T08:00:00Z,TRXUSDT,0.00011849
2023-11-16T16:00:00Z,TRXUSDT,0.0001
2023-11-17T00:00:00Z,TRXUSDT,0.0001
2023-11-17T08:00:00Z,TRXUSDT,0.0001
2023-11-17T16:00:00Z,TRXUSDT,0.0001
2023-11-18T00:00:00Z,TRXUSDT,0.0001
2023-11-18T08:00:00Z,TRXUSDT,0.0001
2023-11-18T16:00:00Z,TRXUSDT,0.0001
2023-11-19T00:00:00Z,TRXUSDT,0.0001
2023-11-19T08:00:00Z,TRXUSDT,0.0001
2023-11-19T16:00:00Z,TRXUSDT,0.0001
2023-11-20T00:00:00Z,TRXUSDT,0.0001
2023-11-20T08:00:00Z,TRXUSDT,0.0001
2023-11-20T16:00:00Z,TRXUSDT,0.0001
2023-11-21T00:00:00Z,TRXUSDT,0.0001
2023-11-21T08:00:00Z,TRXUSDT,0.0001
2023-11-21T16:00:00Z,TRXUSDT,0.0001
2023-11-22T00:00:00Z,TRXUSDT,0.0001
2023-11-22T08:00:00Z,TRXUSDT,0.0001
2023-11-22T16:00:00Z,TRXUSDT,-0.0001786
2023-11-23T00:00:00Z,TRXUSDT,0.0001
2023-11-23T08:00:00Z,TRXUSDT,0.0001
2023-11-23T16:00:00Z,TRXUSDT,0.0001
2023-11-24T00:00:00Z,TRXUSDT,0.0001
2023-11-24T08:00:00Z,TRXUSDT,0.0001
2023-11-24T16:00:00Z,TRXUSDT,0.0001
2023-11-25T00:00:00Z,TRXUSDT,0.0001
2023-11-25T08:00:00Z,TRXUSDT,0.0001
2023-11-25T16:00:00Z,TRXUSDT,0.0001
2023-11-26T00:00:00Z,TRXUSDT,0.0001
2023-11-26T08:00:00Z,TRXUSDT,0.0001
2023-11-26T16:00:00Z,TRXUSDT,0.0001
2023-11-27T00:00:00Z,TRXUSDT,0.0001
2023-11-27T08:00:00Z,TRXUSDT,0.0001
2023-11-27T16:00:00Z,TRXUSDT,-0.00007696
2023-11-28T00:00:00Z,TRXUSDT,-0.00016028
2023-11-28T08:00:00Z,TRXUSDT,-0.00035484
2023-11-28T16:00:00Z,TRXUSDT,-0.00026469
2023-11-29T00:00:00Z,TRXUSDT,-0.0001788
2023-11-29T08:00:00Z,TRXUSDT,0.00001617
2023-11-29T16:00:00Z,TRXUSDT,0.00007959
2023-11-30T00:00:00Z,TRXUSDT,0.0001
2023-11-30T08:00:00Z,TRXUSDT,0.0001
2023-11-30T16:00:00Z,TRXUSDT,0.0001
2023-12-01T00:00:00Z,TRXUSDT,0.0001
2023-12-01T08:00:00Z,TRXUSDT,0.0001
2023-12-01T16:00:00Z,TRXUSDT,0.0001
2023-12-02T00:00:00Z,TRXUSDT,0.0001
2023-12-02T08:00:00Z,TRXUSDT,0.0001
2023-12-02T16:00:00Z,TRXUSDT,0.0001
2023-12-03T00:00:00Z,TRXUSDT,0.0001
2023-12-03T08:00:00Z,TRXUSDT,0.0001
2023-12-03T16:00:00Z,TRXUSDT,0.0001
2023-12-04T00:00:00Z,TRXUSDT,0.0001
2023-12-04T08:00:00Z,TRXUSDT,0.0001
2023-12-04T16:00:00Z,TRXUSDT,0.0001
2023-12-05T00:00:00Z,TRXUSDT,0.0001
2023-12-05T08:00:00Z,TRXUSDT,0.0001
2023-12-05T16:00:00Z,TRXUSDT,0.0001
2023-12-06T00:00:00Z,TRXUSDT,0.0001
2023-12-06T08:00:00Z,TRXUSDT,0.0001
2023-12-06T16:00:00Z,TRXUSDT,0.0001
2023-12-07T00:00:00Z,TRXUSDT,0.0001
2023-12-07T08:00:00Z,TRXUSDT,0.0001
2023-12-07T16:00:00Z,TRXUSDT,0.0001
2023-12-08T00:00:00Z,TRXUSDT,0.0001
2023-12-08T08:00:00Z,TRXUSDT,0.0001
2023-12-08T16:00:00Z,TRXUSDT,0.0001
2023-12-09T00:00:00Z,TRXUSDT,0.00010793
2023-12-09T08:00:00Z,TRXUSDT,0.00051419
2023-12-09T16:00:00Z,TRXUSDT,0.0002367
2023-12-10T00:00:00Z,TRXUSDT,0.0001
2023-12-10T08:00:00Z,TRXUSDT,0.0001
2023-12-10T16:00:00Z,TRXUSDT,0.0001
2023-12-11T00:00:00Z,TRXUSDT,0.0001
2023-12-11T08:00:00Z,TRXUSDT,0.00005293
2023-12-11T16:00:00Z,TRXUSDT,0.0001
2023-12-12T00:00:00Z,TRXUSDT,0.0001
2023-12-12T08:00:00Z,TRXUSDT,0.0001
2023-12-12T16:00:00Z,TRXUSDT,0.0001
2023-12-13T00:00:00Z,TRXUSDT,0.0001
2023-12-13T08:00:00Z,TRXUSDT,-0.00019324
2023-12-13T16:00:00Z,TRXUSDT,0.0001
2023-12-14T00:00:00Z,TRXUSDT,0.0001
2023-12-14T08:00:00Z,TRXUSDT,0.0001
2023-12-14T16:00:00Z,TRXUSDT,0.0001
2023-12-15T00:00:00Z,TRXUSDT,0.0001
2023-12-15T08:00:00Z,TRXUSDT,0.0001
2023-12-15T16:00:00Z,TRXUSDT,0.0001
2023-12-16T00:00:00Z,TRXUSDT,0.0001
2023-12-16T08:00:00Z,TRXUSDT,0.0001
2023-12-16T16:00:00Z,TRXUSDT,0.0001
2023-12-17T00:00:00Z,TRXUSDT,-0.00023706
2023-12-17T08:00:00Z,TRXUSDT,0.0001
2023-12-17T16:00:00Z,TRXUSDT,0.0001
2023-12-18T00:00:00Z,TRXUSDT,0.0001
2023-12-18T08:00:00Z,TRXUSDT,-0.00036451
2023-12-18T16:00:00Z,TRXUSDT,-0.00014711
2023-12-19T00:00:00Z,TRXUSDT,0.0001
2023-12-19T08:00:00Z,TRXUSDT,0.0001
2023-12-19T16:00:00Z,TRXUSDT,0.0001
2023-12-20T00:00:00Z,TRXUSDT,0.0001
2023-12-20T08:00:00Z,TRXUSDT,0.0001
2023-12-20T16:00:00Z,TRXUSDT,0.0001
2023-12-21T00:00:00Z,TRXUSDT,0.0001
2023-12-21T08:00:00Z,TRXUSDT,0.0001
2023-12-21T16:00:00Z,TRXUSDT,0.0001
2023-12-22T00:00:00Z,TRXUSDT,0.0001
2023-12-22T08:00:00Z,TRXUSDT,0.0001
2023-12-22T16:00:00Z,TRXUSDT,0.0001
2023-12-23T00:00:00Z,TRXUSDT,0.00020567
2023-12-23T08:00:00Z,TRXUSDT,0.0001
2023-12-23T16:00:00Z,TRXUSDT,0.0001
2023-12-24T00:00:00Z,TRXUSDT,0.0001
2023-12-24T08:00:00Z,TRXUSDT,0.0001
2023-12-24T16:00:00Z,TRXUSDT,0.0001
2023-12-25T00:00:00Z,TRXUSDT,0.0001
2023-12-25T08:00:00Z,TRXUSDT,0.0002352
2023-12-25T16:00:00Z,TRXUSDT,0.00010649
2023-12-26T00:00:00Z,TRXUSDT,0.00053232
2023-12-26T08:00:00Z,TRXUSDT,0.00018129
2023-12-26T16:00:00Z,TRXUSDT,0.0003725
2023-12-27T00:00:00Z,TRXUSDT,0.0001
2023-12-27T08:00:00Z,TRXUSDT,0.0001
2023-12-27T16:00:00Z,TRXUSDT,0.0001
2023-12-28T00:00:00Z,TRXUSDT,0.00016757
2023-12-28T08:00:00Z,TRXUSDT,0.00025163
2023-12-28T16:00:00Z,TRXUSDT,0.00010909
2023-12-29T00:00:00Z,TRXUSDT,0.0001
2023-12-29T08:00:00Z,TRXUSDT,0.0001
2023-12-29T16:00:00Z,TRXUSDT,0.00013393
2023-12-30T00:00:00Z,TRXUSDT,0.0001
2023-12-30T08:00:00Z,TRXUSDT,0.0001233
2023-12-30T16:00:00Z,TRXUSDT,0.0001
2023-12-31T00:00:00Z,TRXUSDT,0.0001
2023-12-31T08:00:00Z,TRXUSDT,0.0001
2023-12-31T16:00:00Z,TRXUSDT,0.00015084
2024-01-01T00:00:00Z,TRXUSDT,0.00035721
2024-01-01T08:00:00Z,TRXUSDT,0.00025434
2024-01-01T16:00:00Z,TRXUSDT,0.00034181
2024-01-02T00:00:00Z,TRXUSDT,0.00037116
2024-01-02T08:00:00Z,TRXUSDT,0.00034764
2024-01-02T16:00:00Z,TRXUSDT,0.000809
2024-01-03T00:00:00Z,TRXUSDT,0.00047126
2024-01-03T08:00:00Z,TRXUSDT,0.00022406
2024-01-03T16:00:00Z,TRXUSDT,0.0001
2024-01-04T00:00:00Z,TRXUSDT,0.0001
2024-01-04T08:00:00Z,TRXUSDT,0.0001
2024-01-04T16:00:00Z,TRXUSDT,0.0001
2024-01-05T00:00:00Z,TRXUSDT,0.0001
2024-01-05T08:00:00Z,TRXUSDT,0.0001
2024-01-05T16:00:00Z,TRXUSDT,0.0001
2024-01-06T00:00:00Z,TRXUSDT,0.0001
2024-01-06T08:00:00Z,TRXUSDT,-0.00009131
2024-01-06T16:00:00Z,TRXUSDT,0.0001
2024-01-07T00:00:00Z,TRXUSDT,0.0001
2024-01-07T08:00:00Z,TRXUSDT,0.0001
2024-01-07T16:00:00Z,TRXUSDT,0.0001
2024-01-08T00:00:00Z,TRXUSDT,0.0001
2024-01-08T08:00:00Z,TRXUSDT,0.00005383
2024-01-08T16:00:00Z,TRXUSDT,0.0001
2024-01-09T00:00:00Z,TRXUSDT,0.0001
2024-01-09T08:00:00Z,TRXUSDT,0.0001
2024-01-09T16:00:00Z,TRXUSDT,-0.0000779
2024-01-10T00:00:00Z,TRXUSDT,-0.00007413
2024-01-10T08:00:00Z,TRXUSDT,0.0001
2024-01-10T16:00:00Z,TRXUSDT,0.0001
2024-01-11T00:00:00Z,TRXUSDT,0.0001
2024-01-11T08:00:00Z,TRXUSDT,0.0001
2024-01-11T16:00:00Z,TRXUSDT,0.0001
2024-01-12T00:00:00Z,TRXUSDT,0.0001
2024-01-12T08:00:00Z,TRXUSDT,0.0001
2024-01-12T16:00:00Z,TRXUSDT,0.0001
2024-01-13T00:00:00Z,TRXUSDT,0.0001
2024-01-13T08:00:00Z,TRXUSDT,0.0001
2024-01-13T16:00:00Z,TRXUSDT,0.0001
2024-01-14T00:00:00Z,TRXUSDT,0.0001
2024-01-14T08:00:00Z,TRXUSDT,0.0001
2024-01-14T16:00:00Z,TRXUSDT,0.0001
2024-01-15T00:00:00Z,TRXUSDT,0.0001
2024-01-15T08:00:00Z,TRXUSDT,0.0001
2024-01-15T16:00:00Z,TRXUSDT,0.0001
2024-01-16T00:00:00Z,TRXUSDT,0.0001
2024-01-16T08:00:00Z,TRXUSDT,0.0001
2024-01-16T16:00:00Z,TRXUSDT,0.0001
2024-01-17T00:00:00Z,TRXUSDT,0.0001
2024-01-17T08:00:00Z,TRXUSDT,0.0001
2024-01-17T16:00:00Z,TRXUSDT,0.0001
2024-01-18T00:00:00Z,TRXUSDT,0.0001
2024-01-18T08:00:00Z,TRXUSDT,0.0001
2024-01-18T16:00:00Z,TRXUSDT,0.0001
2024-01-19T00:00:00Z,TRXUSDT,0.0001
2024-01-19T08:00:00Z,TRXUSDT,0.0001
2024-01-19T16:00:00Z,TRXUSDT,0.0001
2024-01-20T00:00:00Z,TRXUSDT,0.0001
2024-01-20T08:00:00Z,TRXUSDT,0.0001
2024-01-20T16:00:00Z,TRXUSDT,0.0001
2024-01-21T00:00:00Z,TRXUSDT,0.0001
2024-01-21T08:00:00Z,TRXUSDT,0.0001
2024-01-21T16:00:00Z,TRXUSDT,0.0001
2024-01-22T00:00:00Z,TRXUSDT,-0.00000508
2024-01-22T08:00:00Z,TRXUSDT,0.00008434
2024-01-22T16:00:00Z,TRXUSDT,-0.00003132
2024-01-23T00:00:00Z,TRXUSDT,0.0001
2024-01-23T08:00:00Z,TRXUSDT,0.0001
2024-01-23T16:00:00Z,TRXUSDT,-0.00005202
2024-01-24T00:00:00Z,TRXUSDT,0.00009076
2024-01-24T08:00:00Z,TRXUSDT,0.0001
2024-01-24T16:00:00Z,TRXUSDT,0.0001
2024-01-25T00:00:00Z,TRXUSDT,0.0001
2024-01-25T08:00:00Z,TRXUSDT,0.0001
2024-01-25T16:00:00Z,TRXUSDT,0.0001
2024-01-26T00:00:00Z,TRXUSDT,0.0001
2024-01-26T08:00:00Z,TRXUSDT,0.0001
2024-01-26T16:00:00Z,TRXUSDT,0.0001
2024-01-27T00:00:00Z,TRXUSDT,-0.00005927
2024-01-27T08:00:00Z,TRXUSDT,0.0001
2024-01-27T16:00:00Z,TRXUSDT,0.0000667
2024-01-28T00:00:00Z,TRXUSDT,0.0001
2024-01-28T08:00:00Z,TRXUSDT,0.0001
2024-01-28T16:00:00Z,TRXUSDT,-0.00001492
2024-01-29T00:00:00Z,TRXUSDT,0.00001246
2024-01-29T08:00:00Z,TRXUSDT,0.0001
2024-01-29T16:00:00Z,TRXUSDT,0.0001
2024-01-30T00:00:00Z,TRXUSDT,0.0000852
2024-01-30T08:00:00Z,TRXUSDT,0.00000142
2024-01-30T16:00:00Z,TRXUSDT,-0.0001024
2024-01-31T00:00:00Z,TRXUSDT,0.00006623
2024-01-31T08:00:00Z,TRXUSDT,0.0001
2024-01-31T16:00:00Z,TRXUSDT,0.0001
2024-02-01T00:00:00Z,TRXUSDT,0.0001
2024-02-01T08:00:00Z,TRXUSDT,0.0001
2024-02-01T16:00:00Z,TRXUSDT,0.0001
2024-02-02T00:00:00Z,TRXUSDT,0.0001
2024-02-02T08:00:00Z,TRXUSDT,0.0001
2024-02-02T16:00:00Z,TRXUSDT,-0.00000856
2024-02-03T00:00:00Z,TRXUSDT,-0.0001362
2024-02-03T08:00:00Z,TRXUSDT,0.00000387
2024-02-03T16:00:00Z,TRXUSDT,0.0001
2024-02-04T00:00:00Z,TRXUSDT,0.0001
2024-02-04T08:00:00Z,TRXUSDT,0.0001
2024-02-04T16:00:00Z,TRXUSDT,0.0001
2024-02-05T00:00:00Z,TRXUSDT,0.0001
2024-02-05T08:00:00Z,TRXUSDT,0.0001
2024-02-05T16:00:00Z,TRXUSDT,-0.00004615
2024-02-06T00:00:00Z,TRXUSDT,-0.00018184
2024-02-06T08:00:00Z,TRXUSDT,0.0001
2024-02-06T16:00:00Z,TRXUSDT,0.0001
2024-02-07T00:00:00Z,TRXUSDT,0.0001
2024-02-07T08:00:00Z,TRXUSDT,0.0001
2024-02-07T16:00:00Z,TRXUSDT,0.0001
2024-02-08T00:00:00Z,TRXUSDT,0.0001
2024-02-08T08:00:00Z,TRXUSDT,0.0001
2024-02-08T16:00:00Z,TRXUSDT,0.0001
2024-02-09T00:00:00Z,TRXUSDT,0.00000995
2024-02-09T08:00:00Z,TRXUSDT,0.00000601
2024-02-09T16:00:00Z,TRXUSDT,0.00006646
2024-02-10T00:00:00Z,TRXUSDT,0.0001
2024-02-10T08:00:00Z,TRXUSDT,0.0001
2024-02-10T16:00:00Z,TRXUSDT,0.0001
2024-02-11T00:00:00Z,TRXUSDT,0.0001
2024-02-11T08:00:00Z,TRXUSDT,0.0001
2024-02-11T16:00:00Z,TRXUSDT,0.0001
2024-02-12T00:00:00Z,TRXUSDT,0.0001
2024-02-12T08:00:00Z,TRXUSDT,0.0001
2024-02-12T16:00:00Z,TRXUSDT,0.0001
2024-02-13T00:00:00Z,TRXUSDT,0.0001
2024-02-13T08:00:00Z,TRXUSDT,0.0001
2024-02-13T16:00:00Z,TRXUSDT,0.0001
2024-02-14T00:00:00Z,TRXUSDT,0.0001
2024-02-14T08:00:00Z,TRXUSDT,0.0001
2024-02-14T16:00:00Z,TRXUSDT,0.0001
2024-02-15T00:00:00Z,TRXUSDT,0.0001
2024-02-15T08:00:00Z,TRXUSDT,0.0001277
2024-02-15T16:00:00Z,TRXUSDT,0.00014578
2024-02-16T00:00:00Z,TRXUSDT,0.0001
2024-02-16T08:00:00Z,TRXUSDT,0.00014181
2024-02-16T16:00:00Z,TRXUSDT,0.0001
2024-02-17T00:00:00Z,TRXUSDT,0.0001
2024-02-17T08:00:00Z,TRXUSDT,0.00024421
2024-02-17T16:00:00Z,TRXUSDT,0.00013403
2024-02-18T00:00:00Z,TRXUSDT,0.0001
2024-02-18T08:00:00Z,TRXUSDT,0.00012275
2024-02-18T16:00:00Z,TRXUSDT,0.00015259
2024-02-19T00:00:00Z,TRXUSDT,0.0001
2024-02-19T08:00:00Z,TRXUSDT,0.0003888
2024-02-19T16:00:00Z,TRXUSDT,0.0001
2024-02-20T00:00:00Z,TRXUSDT,0.00035661
2024-02-20T08:00:00Z,TRXUSDT,0.00027147
2024-02-20T16:00:00Z,TRXUSDT,0.0002902
2024-02-21T00:00:00Z,TRXUSDT,0.00032298
2024-02-21T08:00:00Z,TRXUSDT,0.0003264
2024-02-21T16:00:00Z,TRXUSDT,0.0001
2024-02-22T00:00:00Z,TRXUSDT,0.0001
2024-02-22T08:00:00Z,TRXUSDT,0.0001
2024-02-22T16:00:00Z,TRXUSDT,0.00010283
2024-02-23T00:00:00Z,TRXUSDT,0.0001
2024-02-23T08:00:00Z,TRXUSDT,0.0001
2024-02-23T16:00:00Z,TRXUSDT,0.0001
2024-02-24T00:00:00Z,TRXUSDT,0.0001
2024-02-24T08:00:00Z,TRXUSDT,0.0001
2024-02-24T16:00:00Z,TRXUSDT,0.0001
2024-02-25T00:00:00Z,TRXUSDT,0.0001
2024-02-25T08:00:00Z,TRXUSDT,0.0001019
2024-02-25T16:00:00Z,TRXUSDT,0.00023718
2024-02-26T00:00:00Z,TRXUSDT,0.00027851
2024-02-26T08:00:00Z,TRXUSDT,0.00028431
2024-02-26T16:00:00Z,TRXUSDT,0.00038699
2024-02-27T00:00:00Z,TRXUSDT,0.00042708
2024-02-27T08:00:00Z,TRXUSDT,0.00078997
2024-02-27T16:00:00Z,TRXUSDT,0.00052367
2024-02-28T00:00:00Z,TRXUSDT,0.00062818
2024-02-28T08:00:00Z,TRXUSDT,0.00046514
2024-02-28T16:00:00Z,TRXUSDT,0.00057332
2024-02-29T00:00:00Z,TRXUSDT,0.00017618
2024-02-29T08:00:00Z,TRXUSDT,0.00078691
2024-02-29T16:00:00Z,TRXUSDT,0.00055349
2024-03-01T00:00:00Z,TRXUSDT,0.0001
2024-03-01T08:00:00Z,TRXUSDT,0.00050623
2024-03-01T16:00:00Z,TRXUSDT,0.00038474
2024-03-02T00:00:00Z,TRXUSDT,0.00044387
2024-03-02T08:00:00Z,TRXUSDT,0.00095244
2024-03-02T16:00:00Z,TRXUSDT,0.00087486
2024-03-03T00:00:00Z,TRXUSDT,0.00090741
2024-03-03T08:00:00Z,TRXUSDT,0.00086725
2024-03-03T16:00:00Z,TRXUSDT,0.00010775
2024-03-04T00:00:00Z,TRXUSDT,0.00046879
2024-03-04T08:00:00Z,TRXUSDT,0.00068571
2024-03-04T16:00:00Z,TRXUSDT,0.00075526
2024-03-05T00:00:00Z,TRXUSDT,0.00035328
2024-03-05T08:00:00Z,TRXUSDT,0.00084497
2024-03-05T16:00:00Z,TRXUSDT,0.00069892
2024-03-06T00:00:00Z,TRXUSDT,-0.00039965
2024-03-06T08:00:00Z,TRXUSDT,0.0001
2024-03-06T16:00:00Z,TRXUSDT,0.0001
2024-03-07T00:00:00Z,TRXUSDT,0.0001
2024-03-07T08:00:00Z,TRXUSDT,0.0001
2024-03-07T16:00:00Z,TRXUSDT,0.0001
2024-03-08T00:00:00Z,TRXUSDT,0.0001
2024-03-08T08:00:00Z,TRXUSDT,0.0001
2024-03-08T16:00:00Z,TRXUSDT,0.0001
2024-03-09T00:00:00Z,TRXUSDT,0.0001
2024-03-09T08:00:00Z,TRXUSDT,0.0001
2024-03-09T16:00:00Z,TRXUSDT,0.00016184
2024-03-10T00:00:00Z,TRXUSDT,0.0001
2024-03-10T08:00:00Z,TRXUSDT,0.0004307
2024-03-10T16:00:00Z,TRXUSDT,0.0001
2024-03-11T00:00:00Z,TRXUSDT,0.0001
2024-03-11T08:00:00Z,TRXUSDT,0.0001
2024-03-11T16:00:00Z,TRXUSDT,0.0001
2024-03-12T00:00:00Z,TRXUSDT,0.0002549
2024-03-12T08:00:00Z,TRXUSDT,0.0001
2024-03-12T16:00:00Z,TRXUSDT,0.0001
2024-03-13T00:00:00Z,TRXUSDT,0.0001
2024-03-13T08:00:00Z,TRXUSDT,0.00065634
2024-03-13T16:00:00Z,TRXUSDT,0.0001
2024-03-14T00:00:00Z,TRXUSDT,0.00050719
2024-03-14T08:00:00Z,TRXUSDT,0.00059433
2024-03-14T16:00:00Z,TRXUSDT,0.0001
2024-03-15T00:00:00Z,TRXUSDT,0.00019131
2024-03-15T08:00:00Z,TRXUSDT,0.0001
2024-03-15T16:00:00Z,TRXUSDT,0.0001
2024-03-16T00:00:00Z,TRXUSDT,0.0001
2024-03-16T08:00:00Z,TRXUSDT,0.00022958
2024-03-16T16:00:00Z,TRXUSDT,0.0001
2024-03-17T00:00:00Z,TRXUSDT,0.0001
2024-03-17T08:00:00Z,TRXUSDT,0.0001
2024-03-17T16:00:00Z,TRXUSDT,0.0001
2024-03-18T00:00:00Z,TRXUSDT,0.00036052
2024-03-18T08:00:00Z,TRXUSDT,0.00031347
2024-03-18T16:00:00Z,TRXUSDT,0.0001
2024-03-19T00:00:00Z,TRXUSDT,0.0001
2024-03-19T08:00:00Z,TRXUSDT,-0.00007522
2024-03-19T16:00:00Z,TRXUSDT,0.0001
2024-03-20T00:00:00Z,TRXUSDT,-0.00004592
2024-03-20T08:00:00Z,TRXUSDT,0.0001
2024-03-20T16:00:00Z,TRXUSDT,0.0001
2024-03-21T00:00:00Z,TRXUSDT,0.0001
2024-03-21T08:00:00Z,TRXUSDT,0.0001
2024-03-21T16:00:00Z,TRXUSDT,0.0001
2024-03-22T00:00:00Z,TRXUSDT,0.0001
2024-03-22T08:00:00Z,TRXUSDT,0.0001
2024-03-22T16:00:00Z,TRXUSDT,0.0001
2024-03-23T00:00:00Z,TRXUSDT,0.0001
2024-03-23T08:00:00Z,TRXUSDT,0.0001
2024-03-23T16:00:00Z,TRXUSDT,0.0001
2024-03-24T00:00:00Z,TRXUSDT,0.0001
2024-03-24T08:00:00Z,TRXUSDT,0.0001
2024-03-24T16:00:00Z,TRXUSDT,0.0001
2024-03-25T00:00:00Z,TRXUSDT,0.0001
2024-03-25T08:00:00Z,TRXUSDT,0.00025791
2024-03-25T16:00:00Z,TRXUSDT,0.00023349
2024-03-26T00:00:00Z,TRXUSDT,0.00015691
2024-03-26T08:00:00Z,TRXUSDT,0.00051389
2024-03-26T16:00:00Z,TRXUSDT,0.00030775
2024-03-27T00:00:00Z,TRXUSDT,0.00027601
2024-03-27T08:00:00Z,TRXUSDT,0.00034514
2024-03-27T16:00:00Z,TRXUSDT,0.00019871
2024-03-28T00:00:00Z,TRXUSDT,0.00040168
2024-03-28T08:00:00Z,TRXUSDT,0.00043425
2024-03-28T16:00:00Z,TRXUSDT,0.00053036
2024-03-29T00:00:00Z,TRXUSDT,0.00063054
2024-03-29T08:00:00Z,TRXUSDT,0.00027553
2024-03-29T16:00:00Z,TRXUSDT,0.00046594
2024-03-30T00:00:00Z,TRXUSDT,0.00039538
2024-03-30T08:00:00Z,TRXUSDT,0.00049707
2024-03-30T16:00:00Z,TRXUSDT,0.00064991
2024-03-31T00:00:00Z,TRXUSDT,0.00050632
2024-03-31T08:00:00Z,TRXUSDT,0.0005584
2024-03-31T16:00:00Z,TRXUSDT,0.00067036
2024-04-01T00:00:00Z,TRXUSDT,0.00057298
2024-04-01T08:00:00Z,TRXUSDT,0.0003691
2024-04-01T16:00:00Z,TRXUSDT,0.0001
2024-04-02T00:00:00Z,TRXUSDT,0.00037466
2024-04-02T08:00:00Z,TRXUSDT,0.0001
2024-04-02T16:00:00Z,TRXUSDT,0.0001
2024-04-03T00:00:00Z,TRXUSDT,0.0001
2024-04-03T08:00:00Z,TRXUSDT,0.0001
2024-04-03T16:00:00Z,TRXUSDT,0.0001
2024-04-04T00:00:00Z,TRXUSDT,0.0001
2024-04-04T08:00:00Z,TRXUSDT,0.0001
2024-04-04T16:00:00Z,TRXUSDT,0.0001
2024-04-05T00:00:00Z,TRXUSDT,0.0001
2024-04-05T08:00:00Z,TRXUSDT,0.0001
2024-04-05T16:00:00Z,TRXUSDT,0.0001
2024-04-06T00:00:00Z,TRXUSDT,0.0001
2024-04-06T08:00:00Z,TRXUSDT,0.0001
2024-04-06T16:00:00Z,TRXUSDT,0.0001
2024-04-07T00:00:00Z,TRXUSDT,0.0001
2024-04-07T08:00:00Z,TRXUSDT,0.0001
2024-04-07T16:00:00Z,TRXUSDT,0.00010703
2024-04-08T00:00:00Z,TRXUSDT,0.0001
2024-04-08T08:00:00Z,TRXUSDT,0.00016086
2024-04-08T16:00:00Z,TRXUSDT,0.0001
2024-04-09T00:00:00Z,TRXUSDT,0.00012309
2024-04-09T08:00:00Z,TRXUSDT,0.0001
2024-04-09T16:00:00Z,TRXUSDT,0.00010216
2024-04-10T00:00:00Z,TRXUSDT,0.00025906
2024-04-10T08:00:00Z,TRXUSDT,0.0002049
2024-04-10T16:00:00Z,TRXUSDT,0.0001
2024-04-11T00:00:00Z,TRXUSDT,0.00011777
2024-04-11T08:00:00Z,TRXUSDT,0.00021025
2024-04-11T16:00:00Z,TRXUSDT,0.0001
2024-04-12T00:00:00Z,TRXUSDT,0.00033247
2024-04-12T08:00:00Z,TRXUSDT,0.00011531
2024-04-12T16:00:00Z,TRXUSDT,0.0001
2024-04-13T00:00:00Z,TRXUSDT,0.0001
2024-04-13T08:00:00Z,TRXUSDT,0.0001
2024-04-13T16:00:00Z,TRXUSDT,0.0001
2024-04-14T00:00:00Z,TRXUSDT,-0.0008556
2024-04-14T08:00:00Z,TRXUSDT,0.0001
2024-04-14T16:00:00Z,TRXUSDT,-0.00008848
2024-04-15T00:00:00Z,TRXUSDT,0.0001
2024-04-15T08:00:00Z,TRXUSDT,0.0001
2024-04-15T16:00:00Z,TRXUSDT,-0.00018121
2024-04-16T00:00:00Z,TRXUSDT,-0.000141
2024-04-16T08:00:00Z,TRXUSDT,-0.0001445
2024-04-16T16:00:00Z,TRXUSDT,-0.00044826
2024-04-17T00:00:00Z,TRXUSDT,0.0001
2024-04-17T08:00:00Z,TRXUSDT,0.0001
2024-04-17T16:00:00Z,TRXUSDT,-0.00019408
2024-04-18T00:00:00Z,TRXUSDT,-0.00020274
2024-04-18T08:00:00Z,TRXUSDT,-0.00018612
2024-04-18T16:00:00Z,TRXUSDT,-0.00022652
2024-04-19T00:00:00Z,TRXUSDT,0.00004982
2024-04-19T08:00:00Z,TRXUSDT,-0.00022148
2024-04-19T16:00:00Z,TRXUSDT,0.0001
2024-04-20T00:00:00Z,TRXUSDT,0.00003341
2024-04-20T08:00:00Z,TRXUSDT,0.0001
2024-04-20T16:00:00Z,TRXUSDT,0.0001
2024-04-21T00:00:00Z,TRXUSDT,0.00006704
2024-04-21T08:00:00Z,TRXUSDT,-0.00005084
2024-04-21T16:00:00Z,TRXUSDT,0.00000161
2024-04-22T00:00:00Z,TRXUSDT,0.0001
2024-04-22T08:00:00Z,TRXUSDT,0.0001
2024-04-22T16:00:00Z,TRXUSDT,0.00006275
2024-04-23T00:00:00Z,TRXUSDT,0.0001
2024-04-23T08:00:00Z,TRXUSDT,0.00000999
2024-04-23T16:00:00Z,TRXUSDT,0.0001
2024-04-24T00:00:00Z,TRXUSDT,0.0001
2024-04-24T08:00:00Z,TRXUSDT,0.0001
2024-04-24T16:00:00Z,TRXUSDT,0.0000027
2024-04-25T00:00:00Z,TRXUSDT,-0.00001098
2024-04-25T08:00:00Z,TRXUSDT,0.0000953
2024-04-25T16:00:00Z,TRXUSDT,0.0001
2024-04-26T00:00:00Z,TRXUSDT,0.00006881
2024-04-26T08:00:00Z,TRXUSDT,0.00003586
2024-04-26T16:00:00Z,TRXUSDT,0.0001
2024-04-27T00:00:00Z,TRXUSDT,0.0001
2024-04-27T08:00:00Z,TRXUSDT,0.0001
2024-04-27T16:00:00Z,TRXUSDT,0.0001
2024-04-28T00:00:00Z,TRXUSDT,-0.00002263
2024-04-28T08:00:00Z,TRXUSDT,0.0001
2024-04-28T16:00:00Z,TRXUSDT,0.00003278
2024-04-29T00:00:00Z,TRXUSDT,0.00006462
2024-04-29T08:00:00Z,TRXUSDT,-0.00010392
2024-04-29T16:00:00Z,TRXUSDT,0.00000874
2024-04-30T00:00:00Z,TRXUSDT,0.00004923
2024-04-30T08:00:00Z,TRXUSDT,0.0001
2024-04-30T16:00:00Z,TRXUSDT,-0.00010741
2024-05-01T00:00:00Z,TRXUSDT,0.0001
2024-05-01T08:00:00Z,TRXUSDT,-0.00008468
2024-05-01T16:00:00Z,TRXUSDT,0.0001
2024-05-02T00:00:00Z,TRXUSDT,0.00005949
2024-05-02T08:00:00Z,TRXUSDT,-0.00003929
2024-05-02T16:00:00Z,TRXUSDT,0.00007314
2024-05-03T00:00:00Z,TRXUSDT,-0.00013206
2024-05-03T08:00:00Z,TRXUSDT,-0.00005379
2024-05-03T16:00:00Z,TRXUSDT,0.00005848
2024-05-04T00:00:00Z,TRXUSDT,0.00008332
2024-05-04T08:00:00Z,TRXUSDT,0.00008963
2024-05-04T16:00:00Z,TRXUSDT,-0.00001024
2024-05-05T00:00:00Z,TRXUSDT,-0.00006733
2024-05-05T08:00:00Z,TRXUSDT,0.00005653
2024-05-05T16:00:00Z,TRXUSDT,-0.00000755
2024-05-06T00:00:00Z,TRXUSDT,-0.00009197
2024-05-06T08:00:00Z,TRXUSDT,0.0001
2024-05-06T16:00:00Z,TRXUSDT,-0.00002006
2024-05-07T00:00:00Z,TRXUSDT,-0.00007471
2024-05-07T08:00:00Z,TRXUSDT,-0.00004092
2024-05-07T16:00:00Z,TRXUSDT,0.00003561
2024-05-08T00:00:00Z,TRXUSDT,-0.00004538
2024-05-08T08:00:00Z,TRXUSDT,0.00001406
2024-05-08T16:00:00Z,TRXUSDT,0.00000469
2024-05-09T00:00:00Z,TRXUSDT,-0.0000083
2024-05-09T08:00:00Z,TRXUSDT,0.0001
2024-05-09T16:00:00Z,TRXUSDT,0.00006566
2024-05-10T00:00:00Z,TRXUSDT,-0.00018982
2024-05-10T08:00:00Z,TRXUSDT,0.0001
2024-05-10T16:00:00Z,TRXUSDT,-0.0000204
2024-05-11T00:00:00Z,TRXUSDT,0.00000772
2024-05-11T08:00:00Z,TRXUSDT,0.0001
2024-05-11T16:00:00Z,TRXUSDT,-0.00005861
2024-05-12T00:00:00Z,TRXUSDT,0.0001
2024-05-12T08:00:00Z,TRXUSDT,0.0001
2024-05-12T16:00:00Z,TRXUSDT,-0.00000753
2024-05-13T00:00:00Z,TRXUSDT,0.00000637
2024-05-13T08:00:00Z,TRXUSDT,0.00000645
2024-05-13T16:00:00Z,TRXUSDT,-0.00003792
2024-05-14T00:00:00Z,TRXUSDT,0.00002345
2024-05-14T08:00:00Z,TRXUSDT,0.00000117
2024-05-14T16:00:00Z,TRXUSDT,0.00003451
2024-05-15T00:00:00Z,TRXUSDT,0.00007159
2024-05-15T08:00:00Z,TRXUSDT,-0.00001078
2024-05-15T16:00:00Z,TRXUSDT,0.00001898
2024-05-16T00:00:00Z,TRXUSDT,-0.00002714
2024-05-16T08:00:00Z,TRXUSDT,0.0001
2024-05-16T16:00:00Z,TRXUSDT,0.00007627
2024-05-17T00:00:00Z,TRXUSDT,-0.00000199
2024-05-17T08:00:00Z,TRXUSDT,-0.00010039
2024-05-17T16:00:00Z,TRXUSDT,0.0001
2024-05-18T00:00:00Z,TRXUSDT,-0.00018171
2024-05-18T08:00:00Z,TRXUSDT,0.00000564
2024-05-18T16:00:00Z,TRXUSDT,0.00002564
2024-05-19T00:00:00Z,TRXUSDT,0.00005119
2024-05-19T08:00:00Z,TRXUSDT,-0.0000213
2024-05-19T16:00:00Z,TRXUSDT,-0.00025418
2024-05-20T00:00:00Z,TRXUSDT,-0.00000733
2024-05-20T08:00:00Z,TRXUSDT,0.0001
2024-05-20T16:00:00Z,TRXUSDT,0.0001
2024-05-21T00:00:00Z,TRXUSDT,0.0001
2024-05-21T08:00:00Z,TRXUSDT,0.0001
2024-05-21T16:00:00Z,TRXUSDT,0.0001
2024-05-22T00:00:00Z,TRXUSDT,0.0001
2024-05-22T08:00:00Z,TRXUSDT,0.0001
2024-05-22T16:00:00Z,TRXUSDT,-0.00009428
2024-05-23T00:00:00Z,TRXUSDT,-0.00034234
2024-05-23T08:00:00Z,TRXUSDT,-0.00008626
2024-05-23T16:00:00Z,TRXUSDT,-0.00046316
2024-05-24T00:00:00Z,TRXUSDT,-0.00002449
2024-05-24T08:00:00Z,TRXUSDT,0.00007126
2024-05-24T16:00:00Z,TRXUSDT,0.0001
2024-05-25T00:00:00Z,TRXUSDT,0.0001
2024-05-25T08:00:00Z,TRXUSDT,0.0001
2024-05-25T16:00:00Z,TRXUSDT,0.0001
2024-05-26T00:00:00Z,TRXUSDT,0.0001
2024-05-26T08:00:00Z,TRXUSDT,0.0001
2024-05-26T16:00:00Z,TRXUSDT,0.0001
2024-05-27T00:00:00Z,TRXUSDT,0.0001
2024-05-27T08:00:00Z,TRXUSDT,0.0001
2024-05-27T16:00:00Z,TRXUSDT,0.0001
2024-05-28T00:00:00Z,TRXUSDT,0.0001
2024-05-28T08:00:00Z,TRXUSDT,-0.00027351
2024-05-28T16:00:00Z,TRXUSDT,0.0001
2024-05-29T00:00:00Z,TRXUSDT,0.0001
2024-05-29T08:00:00Z,TRXUSDT,0.0001
2024-05-29T16:00:00Z,TRXUSDT,0.0001
2024-05-30T00:00:00Z,TRXUSDT,0.0001
2024-05-30T08:00:00Z,TRXUSDT,0.0001
2024-05-30T16:00:00Z,TRXUSDT,0.0001
2024-05-31T00:00:00Z,TRXUSDT,0.0001
2024-05-31T08:00:00Z,TRXUSDT,0.0001
2024-05-31T16:00:00Z,TRXUSDT,0.0001
2024-06-01T00:00:00Z,TRXUSDT,0.0001
2024-06-01T08:00:00Z,TRXUSDT,0.0001
2024-06-01T16:00:00Z,TRXUSDT,0.0001
2024-06-02T00:00:00Z,TRXUSDT,0.0001
2024-06-02T08:00:00Z,TRXUSDT,0.0001
2024-06-02T16:00:00Z,TRXUSDT,0.0001
2024-06-03T00:00:00Z,TRXUSDT,0.0001
2024-06-03T08:00:00Z,TRXUSDT,0.0001
2024-06-03T16:00:00Z,TRXUSDT,0.0001
2024-06-04T00:00:00Z,TRXUSDT,0.0001
2024-06-04T08:00:00Z,TRXUSDT,0.0001
2024-06-04T16:00:00Z,TRXUSDT,0.0001
2024-06-05T00:00:00Z,TRXUSDT,0.0001
2024-06-05T08:00:00Z,TRXUSDT,0.0001
2024-06-05T16:00:00Z,TRXUSDT,0.0001
2024-06-06T00:00:00Z,TRXUSDT,0.0001
2024-06-06T08:00:00Z,TRXUSDT,0.0001
2024-06-06T16:00:00Z,TRXUSDT,0.0001
2024-06-07T00:00:00Z,TRXUSDT,0.0001
2024-06-07T08:00:00Z,TRXUSDT,0.0001
2024-06-07T16:00:00Z,TRXUSDT,0.0001
2024-06-08T00:00:00Z,TRXUSDT,-0.00035062
2024-06-08T08:00:00Z,TRXUSDT,-0.00006667
2024-06-08T16:00:00Z,TRXUSDT,-0.00012048
2024-06-09T00:00:00Z,TRXUSDT,0.00008249
2024-06-09T08:00:00Z,TRXUSDT,0.0001
2024-06-09T16:00:00Z,TRXUSDT,0.0001
2024-06-10T00:00:00Z,TRXUSDT,0.0001
2024-06-10T08:00:00Z,TRXUSDT,0.0001
2024-06-10T16:00:00Z,TRXUSDT,0.0001
2024-06-11T00:00:00Z,TRXUSDT,0.0001
2024-06-11T08:00:00Z,TRXUSDT,0.0001
2024-06-11T16:00:00Z,TRXUSDT,0.00001405
2024-06-12T00:00:00Z,TRXUSDT,0.0001
2024-06-12T08:00:00Z,TRXUSDT,0.0001
2024-06-12T16:00:00Z,TRXUSDT,0.0001
2024-06-13T00:00:00Z,TRXUSDT,0.00007304
2024-06-13T08:00:00Z,TRXUSDT,0.0001
2024-06-13T16:00:00Z,TRXUSDT,-0.00001508
2024-06-14T00:00:00Z,TRXUSDT,0.0001
2024-06-14T08:00:00Z,TRXUSDT,-0.00004932
2024-06-14T16:00:00Z,TRXUSDT,-0.00004535
2024-06-15T00:00:00Z,TRXUSDT,0.0001
2024-06-15T08:00:00Z,TRXUSDT,-0.00006191
2024-06-15T16:00:00Z,TRXUSDT,-0.00010976
2024-06-16T00:00:00Z,TRXUSDT,-0.00002724
2024-06-16T08:00:00Z,TRXUSDT,-0.00001987
2024-06-16T16:00:00Z,TRXUSDT,-0.00003052
2024-06-17T00:00:00Z,TRXUSDT,0.0001
2024-06-17T08:00:00Z,TRXUSDT,0.00006866
2024-06-17T16:00:00Z,TRXUSDT,-0.00002899
2024-06-18T00:00:00Z,TRXUSDT,-0.00025466
2024-06-18T08:00:00Z,TRXUSDT,-0.00010114
2024-06-18T16:00:00Z,TRXUSDT,-0.00016329
2024-06-19T00:00:00Z,TRXUSDT,0.00006912
2024-06-19T08:00:00Z,TRXUSDT,0.0001
2024-06-19T16:00:00Z,TRXUSDT,0.00003776
2024-06-20T00:00:00Z,TRXUSDT,-0.00009317
2024-06-20T08:00:00Z,TRXUSDT,0.0001
2024-06-20T16:00:00Z,TRXUSDT,-0.00009443
2024-06-21T00:00:00Z,TRXUSDT,-0.00006004
2024-06-21T08:00:00Z,TRXUSDT,0.0001
2024-06-21T16:00:00Z,TRXUSDT,0.0000248
2024-06-22T00:00:00Z,TRXUSDT,0.0001
2024-06-22T08:00:00Z,TRXUSDT,0.00007506
2024-06-22T16:00:00Z,TRXUSDT,0.0001
2024-06-23T00:00:00Z,TRXUSDT,0.0001
2024-06-23T08:00:00Z,TRXUSDT,-0.00004377
2024-06-23T16:00:00Z,TRXUSDT,-0.00009919
2024-06-24T00:00:00Z,TRXUSDT,-0.00003162
2024-06-24T08:00:00Z,TRXUSDT,-0.00007995
2024-06-24T16:00:00Z,TRXUSDT,-0.00015869
2024-06-25T00:00:00Z,TRXUSDT,-0.00007075
2024-06-25T08:00:00Z,TRXUSDT,0.0001
2024-06-25T16:00:00Z,TRXUSDT,0.00000993
2024-06-26T00:00:00Z,TRXUSDT,0.0001
2024-06-26T08:00:00Z,TRXUSDT,0.0001
2024-06-26T16:00:00Z,TRXUSDT,0.00000263
2024-06-27T00:00:00Z,TRXUSDT,-0.00007776
2024-06-27T08:00:00Z,TRXUSDT,0.00008631
2024-06-27T16:00:00Z,TRXUSDT,-0.00008853
2024-06-28T00:00:00Z,TRXUSDT,-0.00008184
2024-06-28T08:00:00Z,TRXUSDT,-0.00017789
2024-06-28T16:00:00Z,TRXUSDT,-0.00004058
2024-06-29T00:00:00Z,TRXUSDT,-0.00006463
2024-06-29T08:00:00Z,TRXUSDT,0.0001
2024-06-29T16:00:00Z,TRXUSDT,-0.00000789
2024-06-30T00:00:00Z,TRXUSDT,-0.00003786
2024-06-30T08:00:00Z,TRXUSDT,-0.00013177
2024-06-30T16:00:00Z,TRXUSDT,-0.00002632
2024-07-01T00:00:00Z,TRXUSDT,-0.00021624
2024-07-01T08:00:00Z,TRXUSDT,0.00000045
2024-07-01T16:00:00Z,TRXUSDT,0.0001
2024-07-02T00:00:00Z,TRXUSDT,-0.00000982
2024-07-02T08:00:00Z,TRXUSDT,0.00006924
2024-07-02T16:00:00Z,TRXUSDT,-0.00006193
2024-07-03T00:00:00Z,TRXUSDT,0.0001
2024-07-03T08:00:00Z,TRXUSDT,0.00002575
2024-07-03T16:00:00Z,TRXUSDT,0.00003896
2024-07-04T00:00:00Z,TRXUSDT,0.00006857
2024-07-04T08:00:00Z,TRXUSDT,-0.00020329
2024-07-04T16:00:00Z,TRXUSDT,-0.00012669
2024-07-05T00:00:00Z,TRXUSDT,0.0001
2024-07-05T08:00:00Z,TRXUSDT,-0.00070133
2024-07-05T16:00:00Z,TRXUSDT,0.0001
2024-07-06T00:00:00Z,TRXUSDT,0.0001
2024-07-06T08:00:00Z,TRXUSDT,0.0001
2024-07-06T16:00:00Z,TRXUSDT,0.0001
2024-07-07T00:00:00Z,TRXUSDT,0.0001
2024-07-07T08:00:00Z,TRXUSDT,-0.00004864
2024-07-07T16:00:00Z,TRXUSDT,-0.00015217
2024-07-08T00:00:00Z,TRXUSDT,-0.00036788
2024-07-08T08:00:00Z,TRXUSDT,-0.00003495
2024-07-08T16:00:00Z,TRXUSDT,-0.00007306
2024-07-09T00:00:00Z,TRXUSDT,0.0001
2024-07-09T08:00:00Z,TRXUSDT,0.00005841
2024-07-09T16:00:00Z,TRXUSDT,0.0000451
2024-07-10T00:00:00Z,TRXUSDT,0.00007716
2024-07-10T08:00:00Z,TRXUSDT,-0.00008129
2024-07-10T16:00:00Z,TRXUSDT,0.0001
2024-07-11T00:00:00Z,TRXUSDT,0.00005496
2024-07-11T08:00:00Z,TRXUSDT,0.0001
2024-07-11T16:00:00Z,TRXUSDT,0.00005311
2024-07-12T00:00:00Z,TRXUSDT,0.00002152
2024-07-12T08:00:00Z,TRXUSDT,-0.00011187
2024-07-12T16:00:00Z,TRXUSDT,-0.00017945
2024-07-13T00:00:00Z,TRXUSDT,0.0001
2024-07-13T08:00:00Z,TRXUSDT,-0.00004042
2024-07-13T16:00:00Z,TRXUSDT,0.00004968
2024-07-14T00:00:00Z,TRXUSDT,-0.00010376
2024-07-14T08:00:00Z,TRXUSDT,-0.00028268
2024-07-14T16:00:00Z,TRXUSDT,0.00002985
2024-07-15T00:00:00Z,TRXUSDT,-0.00013596
2024-07-15T08:00:00Z,TRXUSDT,0.0001
2024-07-15T16:00:00Z,TRXUSDT,-0.00011901
2024-07-16T00:00:00Z,TRXUSDT,-0.00013623
2024-07-16T08:00:00Z,TRXUSDT,-0.00040274
2024-07-16T16:00:00Z,TRXUSDT,-0.00027548
2024-07-17T00:00:00Z,TRXUSDT,-0.0003667
2024-07-17T08:00:00Z,TRXUSDT,0.00007099
2024-07-17T16:00:00Z,TRXUSDT,-0.0001023
2024-07-18T00:00:00Z,TRXUSDT,-0.00035346
2024-07-18T08:00:00Z,TRXUSDT,-0.00021363
2024-07-18T16:00:00Z,TRXUSDT,-0.00009715
2024-07-19T00:00:00Z,TRXUSDT,0.0001
2024-07-19T08:00:00Z,TRXUSDT,0.0001
2024-07-19T16:00:00Z,TRXUSDT,0.00001983
2024-07-20T00:00:00Z,TRXUSDT,-0.00007168
2024-07-20T08:00:00Z,TRXUSDT,-0.00000037
2024-07-20T16:00:00Z,TRXUSDT,-0.00016268
2024-07-21T00:00:00Z,TRXUSDT,-0.00011021
2024-07-21T08:00:00Z,TRXUSDT,-0.00039209
2024-07-21T16:00:00Z,TRXUSDT,-0.00032863
2024-07-22T00:00:00Z,TRXUSDT,-0.00032668
2024-07-22T08:00:00Z,TRXUSDT,0.0001
2024-07-22T16:00:00Z,TRXUSDT,0.00000458
2024-07-23T00:00:00Z,TRXUSDT,-0.00017194
2024-07-23T08:00:00Z,TRXUSDT,-0.00034594
2024-07-23T16:00:00Z,TRXUSDT,0.0001
2024-07-24T00:00:00Z,TRXUSDT,0.0001
2024-07-24T08:00:00Z,TRXUSDT,-0.00013212
2024-07-24T16:00:00Z,TRXUSDT,-0.00000042
2024-07-25T00:00:00Z,TRXUSDT,-0.00007758
2024-07-25T08:00:00Z,TRXUSDT,0.0000915
2024-07-25T16:00:00Z,TRXUSDT,0.0001
2024-07-26T00:00:00Z,TRXUSDT,-0.0000407
2024-07-26T08:00:00Z,TRXUSDT,0.0001
2024-07-26T16:00:00Z,TRXUSDT,0.0000912
2024-07-27T00:00:00Z,TRXUSDT,0.00009033
2024-07-27T08:00:00Z,TRXUSDT,0.00007733
2024-07-27T16:00:00Z,TRXUSDT,-0.00006217
2024-07-28T00:00:00Z,TRXUSDT,-0.00004471
2024-07-28T08:00:00Z,TRXUSDT,-0.00007156
2024-07-28T16:00:00Z,TRXUSDT,0.0001
2024-07-29T00:00:00Z,TRXUSDT,0.00008614
2024-07-29T08:00:00Z,TRXUSDT,0.0001
2024-07-29T16:00:00Z,TRXUSDT,0.0001
2024-07-30T00:00:00Z,TRXUSDT,-0.00005636
2024-07-30T08:00:00Z,TRXUSDT,-0.00002904
2024-07-30T16:00:00Z,TRXUSDT,-0.00005044
2024-07-31T00:00:00Z,TRXUSDT,0.0001
2024-07-31T08:00:00Z,TRXUSDT,-0.00008827
2024-07-31T16:00:00Z,TRXUSDT,-0.00016505
2024-08-01T00:00:00Z,TRXUSDT,-0.00051615
2024-08-01T08:00:00Z,TRXUSDT,-0.00018388
2024-08-01T16:00:00Z,TRXUSDT,-0.0001687
2024-08-02T00:00:00Z,TRXUSDT,0.00007973
2024-08-02T08:00:00Z,TRXUSDT,-0.00015413
2024-08-02T16:00:00Z,TRXUSDT,-0.00066434
2024-08-03T00:00:00Z,TRXUSDT,-0.00022557
2024-08-03T08:00:00Z,TRXUSDT,0.00007096
2024-08-03T16:00:00Z,TRXUSDT,-0.00005214
2024-08-04T00:00:00Z,TRXUSDT,-0.00018548
2024-08-04T08:00:00Z,TRXUSDT,-0.00019807
2024-08-04T16:00:00Z,TRXUSDT,-0.00064764
2024-08-05T00:00:00Z,TRXUSDT,-0.00035804
2024-08-05T08:00:00Z,TRXUSDT,-0.00078402
2024-08-05T16:00:00Z,TRXUSDT,-0.00022625
2024-08-06T00:00:00Z,TRXUSDT,-0.00013442
2024-08-06T08:00:00Z,TRXUSDT,0.00004885
2024-08-06T16:00:00Z,TRXUSDT,-0.00023926
2024-08-07T00:00:00Z,TRXUSDT,-0.00020976
2024-08-07T08:00:00Z,TRXUSDT,-0.00003544
2024-08-07T16:00:00Z,TRXUSDT,-0.00006259
2024-08-08T00:00:00Z,TRXUSDT,0.0001
2024-08-08T08:00:00Z,TRXUSDT,0.00007496
2024-08-08T16:00:00Z,TRXUSDT,0.00007948
2024-08-09T00:00:00Z,TRXUSDT,0.0001
2024-08-09T08:00:00Z,TRXUSDT,0.0001
2024-08-09T16:00:00Z,TRXUSDT,0.00008286
2024-08-10T00:00:00Z,TRXUSDT,0.0001
2024-08-10T08:00:00Z,TRXUSDT,0.0001
2024-08-10T16:00:00Z,TRXUSDT,0.00005005
2024-08-11T00:00:00Z,TRXUSDT,-0.00004162
2024-08-11T08:00:00Z,TRXUSDT,0.0000411
2024-08-11T16:00:00Z,TRXUSDT,-0.00020312
2024-08-12T00:00:00Z,TRXUSDT,-0.00022579
2024-08-12T08:00:00Z,TRXUSDT,0.0001
2024-08-12T16:00:00Z,TRXUSDT,-0.00015558
2024-08-13T00:00:00Z,TRXUSDT,-0.00003394
2024-08-13T08:00:00Z,TRXUSDT,0.00009598
2024-08-13T16:00:00Z,TRXUSDT,0.0001
2024-08-14T00:00:00Z,TRXUSDT,0.0001
2024-08-14T08:00:00Z,TRXUSDT,0.0001
2024-08-14T16:00:00Z,TRXUSDT,0.0001
2024-08-15T00:00:00Z,TRXUSDT,0.0001
2024-08-15T08:00:00Z,TRXUSDT,0.0001
2024-08-15T16:00:00Z,TRXUSDT,0.0000011
2024-08-16T00:00:00Z,TRXUSDT,-0.0001255
2024-08-16T08:00:00Z,TRXUSDT,0.0001
2024-08-16T16:00:00Z,TRXUSDT,0.00002088
2024-08-17T00:00:00Z,TRXUSDT,0.0001
2024-08-17T08:00:00Z,TRXUSDT,0.0001
2024-08-17T16:00:00Z,TRXUSDT,-0.00000147
2024-08-18T00:00:00Z,TRXUSDT,-0.00014332
2024-08-18T08:00:00Z,TRXUSDT,-0.00016635
2024-08-18T16:00:00Z,TRXUSDT,0.0001
2024-08-19T00:00:00Z,TRXUSDT,0.0001
2024-08-19T08:00:00Z,TRXUSDT,0.0001
2024-08-19T16:00:00Z,TRXUSDT,0.0001
2024-08-20T00:00:00Z,TRXUSDT,0.0001
2024-08-20T08:00:00Z,TRXUSDT,0.0001
2024-08-20T16:00:00Z,TRXUSDT,0.0001
2024-08-21T00:00:00Z,TRXUSDT,0.0001
2024-08-21T08:00:00Z,TRXUSDT,0.0001
2024-08-21T16:00:00Z,TRXUSDT,-0.00024609
2024-08-22T00:00:00Z,TRXUSDT,-0.00021283
2024-08-22T08:00:00Z,TRXUSDT,0.00008439
2024-08-22T16:00:00Z,TRXUSDT,-0.00001232
2024-08-23T00:00:00Z,TRXUSDT,0.00004654
2024-08-23T08:00:00Z,TRXUSDT,0.00008555
2024-08-23T16:00:00Z,TRXUSDT,0.0001
2024-08-24T00:00:00Z,TRXUSDT,-0.00001025
2024-08-24T08:00:00Z,TRXUSDT,0.0001
2024-08-24T16:00:00Z,TRXUSDT,-0.00008248
2024-08-25T00:00:00Z,TRXUSDT,-0.00014069
2024-08-25T08:00:00Z,TRXUSDT,0.00005469
2024-08-25T16:00:00Z,TRXUSDT,0.0001
2024-08-26T00:00:00Z,TRXUSDT,0.00000429
2024-08-26T08:00:00Z,TRXUSDT,-0.00023691
2024-08-26T16:00:00Z,TRXUSDT,-0.00006139
2024-08-27T00:00:00Z,TRXUSDT,-0.00053437
2024-08-27T08:00:00Z,TRXUSDT,-0.00013526
2024-08-27T16:00:00Z,TRXUSDT,0.00003933
2024-08-28T00:00:00Z,TRXUSDT,-0.00036027
2024-08-28T08:00:00Z,TRXUSDT,-0.00008405
2024-08-28T16:00:00Z,TRXUSDT,-0.00019829
2024-08-29T00:00:00Z,TRXUSDT,-0.00002663
2024-08-29T08:00:00Z,TRXUSDT,0.00005481
2024-08-29T16:00:00Z,TRXUSDT,0.0001
2024-08-30T00:00:00Z,TRXUSDT,-0.00015573
2024-08-30T08:00:00Z,TRXUSDT,0.0001
2024-08-30T16:00:00Z,TRXUSDT,-0.00008667
2024-08-31T00:00:00Z,TRXUSDT,-0.00004467
2024-08-31T08:00:00Z,TRXUSDT,-0.00027484
2024-08-31T16:00:00Z,TRXUSDT,-0.00029545
2024-09-01T00:00:00Z,TRXUSDT,0.0001
2024-09-01T08:00:00Z,TRXUSDT,-0.00050927
2024-09-01T16:00:00Z,TRXUSDT,-0.00008246
2024-09-02T00:00:00Z,TRXUSDT,-0.00045322
2024-09-02T08:00:00Z,TRXUSDT,-0.00011081
2024-09-02T16:00:00Z,TRXUSDT,-0.00009024
2024-09-03T00:00:00Z,TRXUSDT,-0.00026488
2024-09-03T08:00:00Z,TRXUSDT,-0.00001105
2024-09-03T16:00:00Z,TRXUSDT,-0.00069016
2024-09-04T00:00:00Z,TRXUSDT,-0.00032038
2024-09-04T08:00:00Z,TRXUSDT,0.0001
2024-09-04T16:00:00Z,TRXUSDT,-0.00012762
2024-09-05T00:00:00Z,TRXUSDT,0.00008713
2024-09-05T08:00:00Z,TRXUSDT,0.00003005
2024-09-05T16:00:00Z,TRXUSDT,0.00007794
2024-09-06T00:00:00Z,TRXUSDT,0.00004248
2024-09-06T08:00:00Z,TRXUSDT,-0.00020311
2024-09-06T16:00:00Z,TRXUSDT,-0.00022682
2024-09-07T00:00:00Z,TRXUSDT,-0.00000998
2024-09-07T08:00:00Z,TRXUSDT,0.0001
2024-09-07T16:00:00Z,TRXUSDT,0.0001
2024-09-08T00:00:00Z,TRXUSDT,0.0001
2024-09-08T08:00:00Z,TRXUSDT,0.0001
2024-09-08T16:00:00Z,TRXUSDT,0.00004709
2024-09-09T00:00:00Z,TRXUSDT,0.00006197
2024-09-09T08:00:00Z,TRXUSDT,0.0001
2024-09-09T16:00:00Z,TRXUSDT,-0.00002527
2024-09-10T00:00:00Z,TRXUSDT,-0.00000245
2024-09-10T08:00:00Z,TRXUSDT,-0.00004517
2024-09-10T16:00:00Z,TRXUSDT,-0.0001325
2024-09-11T00:00:00Z,TRXUSDT,-0.00002147
2024-09-11T08:00:00Z,TRXUSDT,-0.00027086
2024-09-11T16:00:00Z,TRXUSDT,-0.00003586
2024-09-12T00:00:00Z,TRXUSDT,0.0001
2024-09-12T08:00:00Z,TRXUSDT,0.0001
2024-09-12T16:00:00Z,TRXUSDT,-0.00011235
2024-09-13T00:00:00Z,TRXUSDT,-0.00006047
2024-09-13T08:00:00Z,TRXUSDT,-0.00042445
2024-09-13T16:00:00Z,TRXUSDT,-0.00035862
2024-09-14T00:00:00Z,TRXUSDT,-0.00049776
2024-09-14T08:00:00Z,TRXUSDT,-0.00029876
2024-09-14T16:00:00Z,TRXUSDT,-0.00058681
2024-09-15T00:00:00Z,TRXUSDT,-0.00000676
2024-09-15T08:00:00Z,TRXUSDT,0.00004957
2024-09-15T16:00:00Z,TRXUSDT,0.00005242
2024-09-16T00:00:00Z,TRXUSDT,0.00004887
2024-09-16T08:00:00Z,TRXUSDT,0.00005978
2024-09-16T16:00:00Z,TRXUSDT,0.0001
2024-09-17T00:00:00Z,TRXUSDT,0.0001
2024-09-17T08:00:00Z,TRXUSDT,0.0001
2024-09-17T16:00:00Z,TRXUSDT,0.00001496
2024-09-18T00:00:00Z,TRXUSDT,-0.00016068
2024-09-18T08:00:00Z,TRXUSDT,-0.00010073
2024-09-18T16:00:00Z,TRXUSDT,-0.00007221
2024-09-19T00:00:00Z,TRXUSDT,-0.00019831
2024-09-19T08:00:00Z,TRXUSDT,0.0000932
2024-09-19T16:00:00Z,TRXUSDT,0.0000114
2024-09-20T00:00:00Z,TRXUSDT,-0.00010029
2024-09-20T08:00:00Z,TRXUSDT,0.0001
2024-09-20T16:00:00Z,TRXUSDT,-0.00002055
2024-09-21T00:00:00Z,TRXUSDT,0.0001
2024-09-21T08:00:00Z,TRXUSDT,0.00007217
2024-09-21T16:00:00Z,TRXUSDT,0.0001
2024-09-22T00:00:00Z,TRXUSDT,0.00004799
2024-09-22T08:00:00Z,TRXUSDT,-0.00013259
2024-09-22T16:00:00Z,TRXUSDT,-0.00039005
2024-09-23T00:00:00Z,TRXUSDT,0.0001
2024-09-23T08:00:00Z,TRXUSDT,-0.00009215
2024-09-23T16:00:00Z,TRXUSDT,0.0001
2024-09-24T00:00:00Z,TRXUSDT,-0.00004014
2024-09-24T08:00:00Z,TRXUSDT,-0.00005667
2024-09-24T16:00:00Z,TRXUSDT,-0.00007935
2024-09-25T00:00:00Z,TRXUSDT,-0.0003545
2024-09-25T08:00:00Z,TRXUSDT,-0.0003073
2024-09-25T16:00:00Z,TRXUSDT,-0.00015011
2024-09-26T00:00:00Z,TRXUSDT,-0.00037954
2024-09-26T08:00:00Z,TRXUSDT,0.0001
2024-09-26T16:00:00Z,TRXUSDT,0.0001
2024-09-27T00:00:00Z,TRXUSDT,0.0001
2024-09-27T08:00:00Z,TRXUSDT,0.0001
2024-09-27T16:00:00Z,TRXUSDT,0.0001
2024-09-28T00:00:00Z,TRXUSDT,0.0001
2024-09-28T08:00:00Z,TRXUSDT,0.0001
2024-09-28T16:00:00Z,TRXUSDT,0.0001
2024-09-29T00:00:00Z,TRXUSDT,0.0001
2024-09-29T08:00:00Z,TRXUSDT,0.0001
2024-09-29T16:00:00Z,TRXUSDT,0.0001
2024-09-30T00:00:00Z,TRXUSDT,0.0001
2024-09-30T08:00:00Z,TRXUSDT,-0.00012569
2024-09-30T16:00:00Z,TRXUSDT,0.0001
2024-10-01T00:00:00Z,TRXUSDT,0.0001
2024-10-01T08:00:00Z,TRXUSDT,0.0001
2024-10-01T16:00:00Z,TRXUSDT,-0.00000192
2024-10-02T00:00:00Z,TRXUSDT,-0.00014385
2024-10-02T08:00:00Z,TRXUSDT,0.0001
2024-10-02T16:00:00Z,TRXUSDT,-0.00018868
2024-10-03T00:00:00Z,TRXUSDT,-0.00001133
2024-10-03T08:00:00Z,TRXUSDT,0.0001
2024-10-03T16:00:00Z,TRXUSDT,-0.00006359
2024-10-04T00:00:00Z,TRXUSDT,0.0001
2024-10-04T08:00:00Z,TRXUSDT,0.0001
2024-10-04T16:00:00Z,TRXUSDT,0.0001
2024-10-05T00:00:00Z,TRXUSDT,-0.00016242
2024-10-05T08:00:00Z,TRXUSDT,-0.00029888
2024-10-05T16:00:00Z,TRXUSDT,-0.00018558
2024-10-06T00:00:00Z,TRXUSDT,-0.00005105
2024-10-06T08:00:00Z,TRXUSDT,-0.00021921
2024-10-06T16:00:00Z,TRXUSDT,0.00001648
2024-10-07T00:00:00Z,TRXUSDT,-0.00024592
2024-10-07T08:00:00Z,TRXUSDT,-0.00008376
2024-10-07T16:00:00Z,TRXUSDT,0.00008127
2024-10-08T00:00:00Z,TRXUSDT,0.0001
2024-10-08T08:00:00Z,TRXUSDT,0.0001
2024-10-08T16:00:00Z,TRXUSDT,0.0001
2024-10-09T00:00:00Z,TRXUSDT,0.0001
2024-10-09T08:00:00Z,TRXUSDT,0.0001
2024-10-09T16:00:00Z,TRXUSDT,0.0001
2024-10-10T00:00:00Z,TRXUSDT,-0.00019062
2024-10-10T08:00:00Z,TRXUSDT,0.0001
2024-10-10T16:00:00Z,TRXUSDT,-0.00000595
2024-10-11T00:00:00Z,TRXUSDT,-0.00014888
2024-10-11T08:00:00Z,TRXUSDT,0.0001
2024-10-11T16:00:00Z,TRXUSDT,0.0001
2024-10-12T00:00:00Z,TRXUSDT,-0.00000476
2024-10-12T08:00:00Z,TRXUSDT,0.0001
2024-10-12T16:00:00Z,TRXUSDT,0.0000934
2024-10-13T00:00:00Z,TRXUSDT,-0.00011713
2024-10-13T08:00:00Z,TRXUSDT,0.0001
2024-10-13T16:00:00Z,TRXUSDT,0.00008652
2024-10-14T00:00:00Z,TRXUSDT,-0.0000829
2024-10-14T08:00:00Z,TRXUSDT,0.0000066
2024-10-14T16:00:00Z,TRXUSDT,0.00007788
2024-10-15T00:00:00Z,TRXUSDT,-0.00006138
2024-10-15T08:00:00Z,TRXUSDT,-0.0003521
2024-10-15T16:00:00Z,TRXUSDT,-0.0001334
2024-10-16T00:00:00Z,TRXUSDT,0.0001
2024-10-16T08:00:00Z,TRXUSDT,0.0001
2024-10-16T16:00:00Z,TRXUSDT,0.00008882
2024-10-17T00:00:00Z,TRXUSDT,0.0001
2024-10-17T08:00:00Z,TRXUSDT,0.0001
2024-10-17T16:00:00Z,TRXUSDT,0.0000468
2024-10-18T00:00:00Z,TRXUSDT,-0.00006438
2024-10-18T08:00:00Z,TRXUSDT,-0.00011902
2024-10-18T16:00:00Z,TRXUSDT,-0.00017592
2024-10-19T00:00:00Z,TRXUSDT,-0.00017449
2024-10-19T08:00:00Z,TRXUSDT,-0.00038088
2024-10-19T16:00:00Z,TRXUSDT,-0.00039794
2024-10-20T00:00:00Z,TRXUSDT,-0.00028484
2024-10-20T08:00:00Z,TRXUSDT,-0.00025321
2024-10-20T16:00:00Z,TRXUSDT,-0.00016748
2024-10-21T00:00:00Z,TRXUSDT,-0.00007268
2024-10-21T08:00:00Z,TRXUSDT,-0.00029265
2024-10-21T16:00:00Z,TRXUSDT,0.00007983
2024-10-22T00:00:00Z,TRXUSDT,0.0001
2024-10-22T08:00:00Z,TRXUSDT,0.0001
2024-10-22T16:00:00Z,TRXUSDT,0.0001
2024-10-23T00:00:00Z,TRXUSDT,0.0001
2024-10-23T08:00:00Z,TRXUSDT,0.0001
2024-10-23T16:00:00Z,TRXUSDT,0.0001
2024-10-24T00:00:00Z,TRXUSDT,0.0001
2024-10-24T08:00:00Z,TRXUSDT,0.0001
2024-10-24T16:00:00Z,TRXUSDT,0.0001
2024-10-25T00:00:00Z,TRXUSDT,0.0001
2024-10-25T08:00:00Z,TRXUSDT,0.0001
2024-10-25T16:00:00Z,TRXUSDT,0.0001
2024-10-26T00:00:00Z,TRXUSDT,-0.00010232
2024-10-26T08:00:00Z,TRXUSDT,0.0001
2024-10-26T16:00:00Z,TRXUSDT,0.00000288
2024-10-27T00:00:00Z,TRXUSDT,0.0001
2024-10-27T08:00:00Z,TRXUSDT,0.0001
2024-10-27T16:00:00Z,TRXUSDT,-0.00015708
2024-10-28T00:00:00Z,TRXUSDT,-0.0002535
2024-10-28T08:00:00Z,TRXUSDT,-0.00017473
2024-10-28T16:00:00Z,TRXUSDT,0.00004999
2024-10-29T00:00:00Z,TRXUSDT,0.0001
2024-10-29T08:00:00Z,TRXUSDT,0.0001
2024-10-29T16:00:00Z,TRXUSDT,0.0000031
2024-10-30T00:00:00Z,TRXUSDT,0.0001
2024-10-30T08:00:00Z,TRXUSDT,0.0001
2024-10-30T16:00:00Z,TRXUSDT,0.0001
2024-10-31T00:00:00Z,TRXUSDT,0.0001
2024-10-31T08:00:00Z,TRXUSDT,0.0001
2024-10-31T16:00:00Z,TRXUSDT,0.0001
2024-11-01T00:00:00Z,TRXUSDT,0.0001
2024-11-01T08:00:00Z,TRXUSDT,0.0001
2024-11-01T16:00:00Z,TRXUSDT,0.0001
2024-11-02T00:00:00Z,TRXUSDT,0.0001
2024-11-02T08:00:00Z,TRXUSDT,0.0001
2024-11-02T16:00:00Z,TRXUSDT,-0.00024222
2024-11-03T00:00:00Z,TRXUSDT,-0.00010095
2024-11-03T08:00:00Z,TRXUSDT,-0.00022721
2024-11-03T16:00:00Z,TRXUSDT,-0.00028478
2024-11-04T00:00:00Z,TRXUSDT,0.0001
2024-11-04T08:00:00Z,TRXUSDT,0.0001
2024-11-04T16:00:00Z,TRXUSDT,-0.00027248
2024-11-05T00:00:00Z,TRXUSDT,-0.00042132
2024-11-05T08:00:00Z,TRXUSDT,-0.00036945
2024-11-05T16:00:00Z,TRXUSDT,-0.00022703
2024-11-06T00:00:00Z,TRXUSDT,-0.00074873
2024-11-06T08:00:00Z,TRXUSDT,0.0001
2024-11-06T16:00:00Z,TRXUSDT,-0.00008681
2024-11-07T00:00:00Z,TRXUSDT,0.00007536
2024-11-07T08:00:00Z,TRXUSDT,-0.00055283
2024-11-07T16:00:00Z,TRXUSDT,-0.00057834
2024-11-08T00:00:00Z,TRXUSDT,-0.00050961
2024-11-08T08:00:00Z,TRXUSDT,-0.00018625
2024-11-08T16:00:00Z,TRXUSDT,0.00002803
2024-11-09T00:00:00Z,TRXUSDT,-0.00026263
2024-11-09T08:00:00Z,TRXUSDT,-0.00029943
2024-11-09T16:00:00Z,TRXUSDT,-0.00018485
2024-11-10T00:00:00Z,TRXUSDT,0.0001
2024-11-10T08:00:00Z,TRXUSDT,0.00010506
2024-11-10T16:00:00Z,TRXUSDT,0.00012064
2024-11-11T00:00:00Z,TRXUSDT,0.0001
2024-11-11T08:00:00Z,TRXUSDT,0.0001
2024-11-11T16:00:00Z,TRXUSDT,0.0001
2024-11-12T00:00:00Z,TRXUSDT,0.00016159
2024-11-12T08:00:00Z,TRXUSDT,0.00045678
2024-11-12T16:00:00Z,TRXUSDT,0.00042949
2024-11-13T00:00:00Z,TRXUSDT,0.00025987
2024-11-13T08:00:00Z,TRXUSDT,0.0001
2024-11-13T16:00:00Z,TRXUSDT,0.00019828
2024-11-14T00:00:00Z,TRXUSDT,0.0001
2024-11-14T08:00:00Z,TRXUSDT,0.0001
2024-11-14T16:00:00Z,TRXUSDT,0.0001
2024-11-15T00:00:00Z,TRXUSDT,0.0001
2024-11-15T08:00:00Z,TRXUSDT,0.0001
2024-11-15T16:00:00Z,TRXUSDT,0.0001
2024-11-16T00:00:00Z,TRXUSDT,0.0001
2024-11-16T08:00:00Z,TRXUSDT,0.0001
2024-11-16T16:00:00Z,TRXUSDT,0.00012913
2024-11-17T00:00:00Z,TRXUSDT,0.0001
2024-11-17T08:00:00Z,TRXUSDT,0.00024552
2024-11-17T16:00:00Z,TRXUSDT,0.00018812
2024-11-18T00:00:00Z,TRXUSDT,0.00030374
2024-11-18T08:00:00Z,TRXUSDT,0.00036157
2024-11-18T16:00:00Z,TRXUSDT,0.00034986
2024-11-19T00:00:00Z,TRXUSDT,0.0001
2024-11-19T08:00:00Z,TRXUSDT,0.00038323
2024-11-19T16:00:00Z,TRXUSDT,0.0001
2024-11-20T00:00:00Z,TRXUSDT,0.0001
2024-11-20T08:00:00Z,TRXUSDT,0.0001
2024-11-20T16:00:00Z,TRXUSDT,0.0001
2024-11-21T00:00:00Z,TRXUSDT,0.0001
2024-11-21T08:00:00Z,TRXUSDT,0.0001
2024-11-21T16:00:00Z,TRXUSDT,0.0001
2024-11-22T00:00:00Z,TRXUSDT,0.0001
2024-11-22T08:00:00Z,TRXUSDT,0.0001
2024-11-22T16:00:00Z,TRXUSDT,0.00013999
2024-11-23T00:00:00Z,TRXUSDT,0.00019919
2024-11-23T08:00:00Z,TRXUSDT,0.00053263
2024-11-23T16:00:00Z,TRXUSDT,0.00047949
2024-11-24T00:00:00Z,TRXUSDT,0.00016399
2024-11-24T08:00:00Z,TRXUSDT,0.00048377
2024-11-24T16:00:00Z,TRXUSDT,0.0001
2024-11-25T00:00:00Z,TRXUSDT,0.00053791
2024-11-25T08:00:00Z,TRXUSDT,0.00039143
2024-11-25T16:00:00Z,TRXUSDT,0.00024272
2024-11-26T00:00:00Z,TRXUSDT,0.0001
2024-11-26T08:00:00Z,TRXUSDT,0.0001
2024-11-26T16:00:00Z,TRXUSDT,0.0001
2024-11-27T00:00:00Z,TRXUSDT,0.00010304
2024-11-27T08:00:00Z,TRXUSDT,0.0002787
2024-11-27T16:00:00Z,TRXUSDT,0.00031978
2024-11-28T00:00:00Z,TRXUSDT,0.00012349
2024-11-28T08:00:00Z,TRXUSDT,0.00019586
2024-11-28T16:00:00Z,TRXUSDT,0.0001
2024-11-29T00:00:00Z,TRXUSDT,0.00042732
2024-11-29T08:00:00Z,TRXUSDT,0.0001
2024-11-29T16:00:00Z,TRXUSDT,0.00030156
2024-11-30T00:00:00Z,TRXUSDT,0.0001
2024-11-30T08:00:00Z,TRXUSDT,0.00025259
2024-11-30T16:00:00Z,TRXUSDT,0.00011742
2024-12-01T00:00:00Z,TRXUSDT,0.00033596
2024-12-01T08:00:00Z,TRXUSDT,0.0001
2024-12-01T16:00:00Z,TRXUSDT,0.00054254
2024-12-02T00:00:00Z,TRXUSDT,0.00030891
2024-12-02T08:00:00Z,TRXUSDT,0.00058214
2024-12-02T16:00:00Z,TRXUSDT,0.00047741
2024-12-03T00:00:00Z,TRXUSDT,0.00053896
2024-12-03T08:00:00Z,TRXUSDT,0.00053227
2024-12-03T16:00:00Z,TRXUSDT,0.00024968
2024-12-04T00:00:00Z,TRXUSDT,0.00020803
2024-12-04T08:00:00Z,TRXUSDT,0.00053607
2024-12-04T16:00:00Z,TRXUSDT,0.00071455
2024-12-05T00:00:00Z,TRXUSDT,0.00062176
2024-12-05T08:00:00Z,TRXUSDT,0.00108717
2024-12-05T16:00:00Z,TRXUSDT,0.00071196
2024-12-06T00:00:00Z,TRXUSDT,0.00065526
2024-12-06T08:00:00Z,TRXUSDT,0.00091512
2024-12-06T16:00:00Z,TRXUSDT,0.00034518
2024-12-07T00:00:00Z,TRXUSDT,0.00065646
2024-12-07T08:00:00Z,TRXUSDT,0.00054033
2024-12-07T16:00:00Z,TRXUSDT,0.00053583
2024-12-08T00:00:00Z,TRXUSDT,0.00074175
2024-12-08T08:00:00Z,TRXUSDT,0.00044806
2024-12-08T16:00:00Z,TRXUSDT,0.00065122
2024-12-09T00:00:00Z,TRXUSDT,0.00073592
2024-12-09T08:00:00Z,TRXUSDT,0.0001
2024-12-09T16:00:00Z,TRXUSDT,0.00013109
2024-12-10T00:00:00Z,TRXUSDT,0.0001
2024-12-10T08:00:00Z,TRXUSDT,0.0001
2024-12-10T16:00:00Z,TRXUSDT,0.0001
2024-12-11T00:00:00Z,TRXUSDT,0.0001
2024-12-11T08:00:00Z,TRXUSDT,0.0001
2024-12-11T16:00:00Z,TRXUSDT,0.0001
2024-12-12T00:00:00Z,TRXUSDT,0.0001
2024-12-12T08:00:00Z,TRXUSDT,0.0001
2024-12-12T16:00:00Z,TRXUSDT,0.0001
2024-12-13T00:00:00Z,TRXUSDT,0.0001
2024-12-13T08:00:00Z,TRXUSDT,0.0001
2024-12-13T16:00:00Z,TRXUSDT,0.0001
2024-12-14T00:00:00Z,TRXUSDT,0.0001
2024-12-14T08:00:00Z,TRXUSDT,0.0001
2024-12-14T16:00:00Z,TRXUSDT,0.0001
2024-12-15T00:00:00Z,TRXUSDT,0.0001
2024-12-15T08:00:00Z,TRXUSDT,0.0001
2024-12-15T16:00:00Z,TRXUSDT,0.0001
2024-12-16T00:00:00Z,TRXUSDT,0.0001
2024-12-16T08:00:00Z,TRXUSDT,0.0001
2024-12-16T16:00:00Z,TRXUSDT,0.0001
2024-12-17T00:00:00Z,TRXUSDT,0.0001
2024-12-17T08:00:00Z,TRXUSDT,0.0001
2024-12-17T16:00:00Z,TRXUSDT,0.0001
2024-12-18T00:00:00Z,TRXUSDT,0.0001
2024-12-18T08:00:00Z,TRXUSDT,0.0001
2024-12-18T16:00:00Z,TRXUSDT,0.0001
2024-12-19T00:00:00Z,TRXUSDT,0.00007292
2024-12-19T08:00:00Z,TRXUSDT,0.0001
2024-12-19T16:00:00Z,TRXUSDT,0.0001
2024-12-20T00:00:00Z,TRXUSDT,0.0000735
2024-12-20T08:00:00Z,TRXUSDT,0.00002576
2024-12-20T16:00:00Z,TRXUSDT,0.0001
2024-12-21T00:00:00Z,TRXUSDT,0.0001
2024-12-21T08:00:00Z,TRXUSDT,0.0001
2024-12-21T16:00:00Z,TRXUSDT,0.0000148
2024-12-22T00:00:00Z,TRXUSDT,0.00006083
2024-12-22T08:00:00Z,TRXUSDT,0.0001
2024-12-22T16:00:00Z,TRXUSDT,0.0001
2024-12-23T00:00:00Z,TRXUSDT,0.0001
2024-12-23T08:00:00Z,TRXUSDT,0.0001
2024-12-23T16:00:00Z,TRXUSDT,0.0001
2024-12-24T00:00:00Z,TRXUSDT,0.0001
2024-12-24T08:00:00Z,TRXUSDT,0.0001
2024-12-24T16:00:00Z,TRXUSDT,0.0001
2024-12-25T00:00:00Z,TRXUSDT,0.0001
2024-12-25T08:00:00Z,TRXUSDT,0.0001
2024-12-25T16:00:00Z,TRXUSDT,0.0001
2024-12-26T00:00:00Z,TRXUSDT,0.0001
2024-12-26T08:00:00Z,TRXUSDT,0.00000716
2024-12-26T16:00:00Z,TRXUSDT,0.0001
2024-12-27T00:00:00Z,TRXUSDT,0.0001
2024-12-27T08:00:00Z,TRXUSDT,0.0001
2024-12-27T16:00:00Z,TRXUSDT,0.0001
2024-12-28T00:00:00Z,TRXUSDT,0.00003134
2024-12-28T08:00:00Z,TRXUSDT,-0.0001548
2024-12-28T16:00:00Z,TRXUSDT,-0.00007425
2024-12-29T00:00:00Z,TRXUSDT,0.0001
2024-12-29T08:00:00Z,TRXUSDT,0.0001
2024-12-29T16:00:00Z,TRXUSDT,0.0001
2024-12-30T00:00:00Z,TRXUSDT,-0.00003486
2024-12-30T08:00:00Z,TRXUSDT,-0.00003927
2024-12-30T16:00:00Z,TRXUSDT,-0.00024589
2024-12-31T00:00:00Z,TRXUSDT,0.0001
2024-12-31T08:00:00Z,TRXUSDT,0.0001
2024-12-31T16:00:00Z,TRXUSDT,0.0001
2025-01-01T00:00:00Z,TRXUSDT,0.0001
2025-01-01T08:00:00Z,TRXUSDT,0.0001
2025-01-01T16:00:00Z,TRXUSDT,0.0001
2025-01-02T00:00:00Z,TRXUSDT,0.0001
2025-01-02T08:00:00Z,TRXUSDT,0.0001
2025-01-02T16:00:00Z,TRXUSDT,0.0001
2025-01-03T00:00:00Z,TRXUSDT,0.0001
2025-01-03T08:00:00Z,TRXUSDT,0.0001
2025-01-03T16:00:00Z,TRXUSDT,0.0001
2025-01-04T00:00:00Z,TRXUSDT,0.0001
2025-01-04T08:00:00Z,TRXUSDT,0.0001
2025-01-04T16:00:00Z,TRXUSDT,0.0001
2025-01-05T00:00:00Z,TRXUSDT,0.0001
2025-01-05T08:00:00Z,TRXUSDT,0.0001
2025-01-05T16:00:00Z,TRXUSDT,0.0001
2025-01-06T00:00:00Z,TRXUSDT,0.0001
2025-01-06T08:00:00Z,TRXUSDT,0.0001
2025-01-06T16:00:00Z,TRXUSDT,0.0001
2025-01-07T00:00:00Z,TRXUSDT,0.0001
2025-01-07T08:00:00Z,TRXUSDT,0.0001
2025-01-07T16:00:00Z,TRXUSDT,0.0001
2025-01-08T00:00:00Z,TRXUSDT,-0.00017073
2025-01-08T08:00:00Z,TRXUSDT,-0.00009892
2025-01-08T16:00:00Z,TRXUSDT,0.0001
2025-01-09T00:00:00Z,TRXUSDT,0.0001
2025-01-09T08:00:00Z,TRXUSDT,0.00003132
2025-01-09T16:00:00Z,TRXUSDT,0.00006804
2025-01-10T00:00:00Z,TRXUSDT,0.00004398
2025-01-10T08:00:00Z,TRXUSDT,0.0001
2025-01-10T16:00:00Z,TRXUSDT,0.00002257
2025-01-11T00:00:00Z,TRXUSDT,0.0001
2025-01-11T08:00:00Z,TRXUSDT,0.0001
2025-01-11T16:00:00Z,TRXUSDT,0.0001
2025-01-12T00:00:00Z,TRXUSDT,0.00001751
2025-01-12T08:00:00Z,TRXUSDT,0.00004793
2025-01-12T16:00:00Z,TRXUSDT,0.0001
2025-01-13T00:00:00Z,TRXUSDT,-0.00012086
2025-01-13T08:00:00Z,TRXUSDT,-0.00001393
2025-01-13T16:00:00Z,TRXUSDT,-0.00003444
2025-01-14T00:00:00Z,TRXUSDT,0.0001
2025-01-14T08:00:00Z,TRXUSDT,0.0001
2025-01-14T16:00:00Z,TRXUSDT,0.00002516
2025-01-15T00:00:00Z,TRXUSDT,0.00007625
2025-01-15T08:00:00Z,TRXUSDT,0.0001
2025-01-15T16:00:00Z,TRXUSDT,0.0001
2025-01-16T00:00:00Z,TRXUSDT,0.0001
2025-01-16T08:00:00Z,TRXUSDT,0.0001
2025-01-16T16:00:00Z,TRXUSDT,0.0001
2025-01-17T00:00:00Z,TRXUSDT,0.0001
2025-01-17T08:00:00Z,TRXUSDT,0.0001
2025-01-17T16:00:00Z,TRXUSDT,0.0001
2025-01-18T00:00:00Z,TRXUSDT,0.0001
2025-01-18T08:00:00Z,TRXUSDT,-0.00000885
2025-01-18T16:00:00Z,TRXUSDT,0.0001
2025-01-19T00:00:00Z,TRXUSDT,0.0001
2025-01-19T08:00:00Z,TRXUSDT,0.0001
2025-01-19T16:00:00Z,TRXUSDT,0.0001
2025-01-20T00:00:00Z,TRXUSDT,0.0001
2025-01-20T08:00:00Z,TRXUSDT,0.0001
2025-01-20T16:00:00Z,TRXUSDT,0.0001
2025-01-21T00:00:00Z,TRXUSDT,0.0001
2025-01-21T08:00:00Z,TRXUSDT,0.0001
2025-01-21T16:00:00Z,TRXUSDT,0.0001
2025-01-22T00:00:00Z,TRXUSDT,0.0001
2025-01-22T08:00:00Z,TRXUSDT,0.0001
2025-01-22T16:00:00Z,TRXUSDT,0.0001
2025-01-23T00:00:00Z,TRXUSDT,0.0001
2025-01-23T08:00:00Z,TRXUSDT,0.0001
2025-01-23T16:00:00Z,TRXUSDT,0.0001
2025-01-24T00:00:00Z,TRXUSDT,0.0001
2025-01-24T08:00:00Z,TRXUSDT,0.0001
2025-01-24T16:00:00Z,TRXUSDT,0.0001
2025-01-25T00:00:00Z,TRXUSDT,-0.00004578
2025-01-25T08:00:00Z,TRXUSDT,0.0001
2025-01-25T16:00:00Z,TRXUSDT,0.00008107
2025-01-26T00:00:00Z,TRXUSDT,0.00008889
2025-01-26T08:00:00Z,TRXUSDT,0.00006056
2025-01-26T16:00:00Z,TRXUSDT,0.00004878
2025-01-27T00:00:00Z,TRXUSDT,0.00001644
2025-01-27T08:00:00Z,TRXUSDT,-0.00011596
2025-01-27T16:00:00Z,TRXUSDT,0.0001
2025-01-28T00:00:00Z,TRXUSDT,0.0001
2025-01-28T08:00:00Z,TRXUSDT,0.0001
2025-01-28T16:00:00Z,TRXUSDT,0.00008178
2025-01-29T00:00:00Z,TRXUSDT,-0.00009011
2025-01-29T08:00:00Z,TRXUSDT,0.0001
2025-01-29T16:00:00Z,TRXUSDT,-0.00004023
2025-01-30T00:00:00Z,TRXUSDT,0.00004706
2025-01-30T08:00:00Z,TRXUSDT,0.0001
2025-01-30T16:00:00Z,TRXUSDT,0.0001
2025-01-31T00:00:00Z,TRXUSDT,0.0001
2025-01-31T08:00:00Z,TRXUSDT,0.0001
2025-01-31T16:00:00Z,TRXUSDT,0.0001
2025-02-01T00:00:00Z,TRXUSDT,0.00006244
2025-02-01T08:00:00Z,TRXUSDT,0.0001
2025-02-01T16:00:00Z,TRXUSDT,0.0001
2025-02-02T00:00:00Z,TRXUSDT,-0.00018875
2025-02-02T08:00:00Z,TRXUSDT,-0.00004581
2025-02-02T16:00:00Z,TRXUSDT,-0.00005465
2025-02-03T00:00:00Z,TRXUSDT,-0.00030479
2025-02-03T08:00:00Z,TRXUSDT,-0.0001963
2025-02-03T16:00:00Z,TRXUSDT,-0.00013104
2025-02-04T00:00:00Z,TRXUSDT,0.0000363
2025-02-04T08:00:00Z,TRXUSDT,-0.00034397
2025-02-04T16:00:00Z,TRXUSDT,0.00001945
2025-02-05T00:00:00Z,TRXUSDT,-0.00005586
2025-02-05T08:00:00Z,TRXUSDT,-0.00006382
2025-02-05T16:00:00Z,TRXUSDT,-0.00008756
2025-02-06T00:00:00Z,TRXUSDT,-0.00017873
2025-02-06T08:00:00Z,TRXUSDT,0.0001
2025-02-06T16:00:00Z,TRXUSDT,-0.00005844
2025-02-07T00:00:00Z,TRXUSDT,-0.00002749
2025-02-07T08:00:00Z,TRXUSDT,-0.00014119
2025-02-07T16:00:00Z,TRXUSDT,0.00005699
2025-02-08T00:00:00Z,TRXUSDT,-0.00007725
2025-02-08T08:00:00Z,TRXUSDT,0.00006615
2025-02-08T16:00:00Z,TRXUSDT,0.00003112
2025-02-09T00:00:00Z,TRXUSDT,0.0001
2025-02-09T08:00:00Z,TRXUSDT,0.00008487
2025-02-09T16:00:00Z,TRXUSDT,0.0001
2025-02-10T00:00:00Z,TRXUSDT,0.00002083
2025-02-10T08:00:00Z,TRXUSDT,0.0001
2025-02-10T16:00:00Z,TRXUSDT,0.00007145
2025-02-11T00:00:00Z,TRXUSDT,0.0001
2025-02-11T08:00:00Z,TRXUSDT,0.0001
2025-02-11T16:00:00Z,TRXUSDT,0.00001601
2025-02-12T00:00:00Z,TRXUSDT,-0.00007617
2025-02-12T08:00:00Z,TRXUSDT,0.00005552
2025-02-12T16:00:00Z,TRXUSDT,0.0001
2025-02-13T00:00:00Z,TRXUSDT,0.00000809
2025-02-13T08:00:00Z,TRXUSDT,-0.00005731
2025-02-13T16:00:00Z,TRXUSDT,-0.00005174
2025-02-14T00:00:00Z,TRXUSDT,-0.00004693
2025-02-14T08:00:00Z,TRXUSDT,-0.0001494
2025-02-14T16:00:00Z,TRXUSDT,-0.00014456
2025-02-15T00:00:00Z,TRXUSDT,-0.00011601
2025-02-15T08:00:00Z,TRXUSDT,0.00000139
2025-02-15T16:00:00Z,TRXUSDT,-0.00000211
2025-02-16T00:00:00Z,TRXUSDT,0.0001
2025-02-16T08:00:00Z,TRXUSDT,0.00008915
2025-02-16T16:00:00Z,TRXUSDT,0.00004121
2025-02-17T00:00:00Z,TRXUSDT,0.00005633
2025-02-17T08:00:00Z,TRXUSDT,0.0001
2025-02-17T16:00:00Z,TRXUSDT,-0.00009079
2025-02-18T00:00:00Z,TRXUSDT,0.00000031
2025-02-18T08:00:00Z,TRXUSDT,0.0000563
2025-02-18T16:00:00Z,TRXUSDT,0.00003457
2025-02-19T00:00:00Z,TRXUSDT,0.0001
2025-02-19T08:00:00Z,TRXUSDT,0.0001
2025-02-19T16:00:00Z,TRXUSDT,0.00006827
2025-02-20T00:00:00Z,TRXUSDT,-0.00002468
2025-02-20T08:00:00Z,TRXUSDT,-0.00011177
2025-02-20T16:00:00Z,TRXUSDT,0.00008778
2025-02-21T00:00:00Z,TRXUSDT,0.0001
2025-02-21T08:00:00Z,TRXUSDT,0.0001
2025-02-21T16:00:00Z,TRXUSDT,-0.00000553
2025-02-22T00:00:00Z,TRXUSDT,-0.00026144
2025-02-22T08:00:00Z,TRXUSDT,0.0001
2025-02-22T16:00:00Z,TRXUSDT,0.0001
2025-02-23T00:00:00Z,TRXUSDT,0.0001
2025-02-23T08:00:00Z,TRXUSDT,0.0001
2025-02-23T16:00:00Z,TRXUSDT,0.0001
2025-02-24T00:00:00Z,TRXUSDT,0.0001
2025-02-24T08:00:00Z,TRXUSDT,0.0001
2025-02-24T16:00:00Z,TRXUSDT,0.0001
2025-02-25T00:00:00Z,TRXUSDT,0.0001
2025-02-25T08:00:00Z,TRXUSDT,0.00003809
2025-02-25T16:00:00Z,TRXUSDT,0.00002448
2025-02-26T00:00:00Z,TRXUSDT,0.0001
2025-02-26T08:00:00Z,TRXUSDT,0.0001
2025-02-26T16:00:00Z,TRXUSDT,-0.00002974
2025-02-27T00:00:00Z,TRXUSDT,-0.00018088
2025-02-27T08:00:00Z,TRXUSDT,0.00008515
2025-02-27T16:00:00Z,TRXUSDT,0.00007377
2025-02-28T00:00:00Z,TRXUSDT,0.0000671
2025-02-28T08:00:00Z,TRXUSDT,-0.00017718
2025-02-28T16:00:00Z,TRXUSDT,0.0001
2025-03-01T00:00:00Z,TRXUSDT,0.0001
2025-03-01T08:00:00Z,TRXUSDT,0.0001
2025-03-01T16:00:00Z,TRXUSDT,0.0001
2025-03-02T00:00:00Z,TRXUSDT,0.00004178
2025-03-02T08:00:00Z,TRXUSDT,-0.00004665
2025-03-02T16:00:00Z,TRXUSDT,0.0001
2025-03-03T00:00:00Z,TRXUSDT,0.0001
2025-03-03T08:00:00Z,TRXUSDT,0.0001
2025-03-03T16:00:00Z,TRXUSDT,0.0001
2025-03-04T00:00:00Z,TRXUSDT,-0.00006196
2025-03-04T08:00:00Z,TRXUSDT,0.0001
2025-03-04T16:00:00Z,TRXUSDT,0.00005083
2025-03-05T00:00:00Z,TRXUSDT,0.0001
2025-03-05T08:00:00Z,TRXUSDT,0.0001
2025-03-05T16:00:00Z,TRXUSDT,0.0001
2025-03-06T00:00:00Z,TRXUSDT,0.0001
2025-03-06T08:00:00Z,TRXUSDT,0.0001
2025-03-06T16:00:00Z,TRXUSDT,0.00007085
2025-03-07T00:00:00Z,TRXUSDT,0.00005155
2025-03-07T08:00:00Z,TRXUSDT,0.0001
2025-03-07T16:00:00Z,TRXUSDT,0.0001
2025-03-08T00:00:00Z,TRXUSDT,0.00001486
2025-03-08T08:00:00Z,TRXUSDT,0.0001
2025-03-08T16:00:00Z,TRXUSDT,0.00008334
2025-03-09T00:00:00Z,TRXUSDT,-0.0001056
2025-03-09T08:00:00Z,TRXUSDT,-0.00014095
2025-03-09T16:00:00Z,TRXUSDT,0.0001
2025-03-10T00:00:00Z,TRXUSDT,-0.00019785
2025-03-10T08:00:00Z,TRXUSDT,-0.00012726
2025-03-10T16:00:00Z,TRXUSDT,0.00006274
2025-03-11T00:00:00Z,TRXUSDT,0.00003369
2025-03-11T08:00:00Z,TRXUSDT,0.00004574
2025-03-11T16:00:00Z,TRXUSDT,-0.00029097
2025-03-12T00:00:00Z,TRXUSDT,-0.00027172
2025-03-12T08:00:00Z,TRXUSDT,-0.00035417
2025-03-12T16:00:00Z,TRXUSDT,-0.00057252
2025-03-13T00:00:00Z,TRXUSDT,-0.0000735
2025-03-13T08:00:00Z,TRXUSDT,-0.00001649
2025-03-13T16:00:00Z,TRXUSDT,0.0001
2025-03-14T00:00:00Z,TRXUSDT,0.000025
2025-03-14T08:00:00Z,TRXUSDT,-0.00000082
2025-03-14T16:00:00Z,TRXUSDT,-0.00001207
2025-03-15T00:00:00Z,TRXUSDT,-0.00035683
2025-03-15T08:00:00Z,TRXUSDT,-0.0003491
2025-03-15T16:00:00Z,TRXUSDT,-0.00049417
2025-03-16T00:00:00Z,TRXUSDT,-0.00010462
2025-03-16T08:00:00Z,TRXUSDT,-0.00029737
2025-03-16T16:00:00Z,TRXUSDT,-0.00115078
2025-03-17T00:00:00Z,TRXUSDT,-0.0003146
2025-03-17T08:00:00Z,TRXUSDT,-0.00031339
2025-03-17T16:00:00Z,TRXUSDT,0.00001415
2025-03-18T00:00:00Z,TRXUSDT,0.00008448
2025-03-18T08:00:00Z,TRXUSDT,0.0001
2025-03-18T16:00:00Z,TRXUSDT,0.0001
2025-03-19T00:00:00Z,TRXUSDT,0.0001
2025-03-19T08:00:00Z,TRXUSDT,0.0001
2025-03-19T16:00:00Z,TRXUSDT,0.0001
2025-03-20T00:00:00Z,TRXUSDT,0.00008914
2025-03-20T08:00:00Z,TRXUSDT,0.0001
2025-03-20T16:00:00Z,TRXUSDT,0.0001
2025-03-21T00:00:00Z,TRXUSDT,0.0001
2025-03-21T08:00:00Z,TRXUSDT,0.00008712
2025-03-21T16:00:00Z,TRXUSDT,0.0001
2025-03-22T00:00:00Z,TRXUSDT,-0.00007966
2025-03-22T08:00:00Z,TRXUSDT,-0.00004349
2025-03-22T16:00:00Z,TRXUSDT,0.00001587
2025-03-23T00:00:00Z,TRXUSDT,0.00005631
2025-03-23T08:00:00Z,TRXUSDT,0.00005921
2025-03-23T16:00:00Z,TRXUSDT,-0.00004797
2025-03-24T00:00:00Z,TRXUSDT,-0.0001007
2025-03-24T08:00:00Z,TRXUSDT,0.0001
2025-03-24T16:00:00Z,TRXUSDT,0.0001
2025-03-25T00:00:00Z,TRXUSDT,0.0000299
2025-03-25T08:00:00Z,TRXUSDT,0.0001
2025-03-25T16:00:00Z,TRXUSDT,-0.00000552
2025-03-26T00:00:00Z,TRXUSDT,-0.00002473
2025-03-26T08:00:00Z,TRXUSDT,0.0001
2025-03-26T16:00:00Z,TRXUSDT,0.00004433
2025-03-27T00:00:00Z,TRXUSDT,0.0001
2025-03-27T08:00:00Z,TRXUSDT,0.0001
2025-03-27T16:00:00Z,TRXUSDT,0.0001
2025-03-28T00:00:00Z,TRXUSDT,0.00008093
2025-03-28T08:00:00Z,TRXUSDT,-0.00010375
2025-03-28T16:00:00Z,TRXUSDT,0.00009966
2025-03-29T00:00:00Z,TRXUSDT,0.0000666
2025-03-29T08:00:00Z,TRXUSDT,0.0001
2025-03-29T16:00:00Z,TRXUSDT,0.00006306
2025-03-30T00:00:00Z,TRXUSDT,-0.00017231
2025-03-30T08:00:00Z,TRXUSDT,-0.00001809
2025-03-30T16:00:00Z,TRXUSDT,-0.00007816
2025-03-31T00:00:00Z,TRXUSDT,-0.00000161
2025-03-31T08:00:00Z,TRXUSDT,0.00004471
2025-03-31T16:00:00Z,TRXUSDT,0.0001
2025-04-01T00:00:00Z,TRXUSDT,0.00002011
2025-04-01T08:00:00Z,TRXUSDT,0.00006498
2025-04-01T16:00:00Z,TRXUSDT,0.00007167
2025-04-02T00:00:00Z,TRXUSDT,-0.00003378
2025-04-02T08:00:00Z,TRXUSDT,-0.00002829
2025-04-02T16:00:00Z,TRXUSDT,0.00004907
2025-04-03T00:00:00Z,TRXUSDT,-0.00021154
2025-04-03T08:00:00Z,TRXUSDT,-0.00005326
2025-04-03T16:00:00Z,TRXUSDT,-0.00002789
2025-04-04T00:00:00Z,TRXUSDT,0.0001
2025-04-04T08:00:00Z,TRXUSDT,0.0001
2025-04-04T16:00:00Z,TRXUSDT,0.0001
2025-04-05T00:00:00Z,TRXUSDT,-0.00005928
2025-04-05T08:00:00Z,TRXUSDT,-0.00006227
2025-04-05T16:00:00Z,TRXUSDT,0.00007847
2025-04-06T00:00:00Z,TRXUSDT,0.00005166
2025-04-06T08:00:00Z,TRXUSDT,-0.00010097
2025-04-06T16:00:00Z,TRXUSDT,0.00007847
2025-04-07T00:00:00Z,TRXUSDT,-0.00031578
2025-04-07T08:00:00Z,TRXUSDT,-0.00035499
2025-04-07T16:00:00Z,TRXUSDT,0.00009625
2025-04-08T00:00:00Z,TRXUSDT,0.0001
2025-04-08T08:00:00Z,TRXUSDT,0.0001
2025-04-08T16:00:00Z,TRXUSDT,0.0001
2025-04-09T00:00:00Z,TRXUSDT,-0.00007591
2025-04-09T08:00:00Z,TRXUSDT,0.00000601
2025-04-09T16:00:00Z,TRXUSDT,0.00006446
2025-04-10T00:00:00Z,TRXUSDT,0.0001
2025-04-10T08:00:00Z,TRXUSDT,0.0001
2025-04-10T16:00:00Z,TRXUSDT,0.00000517
2025-04-11T00:00:00Z,TRXUSDT,0.00005877
2025-04-11T08:00:00Z,TRXUSDT,0.00001362
2025-04-11T16:00:00Z,TRXUSDT,0.0001
2025-04-12T00:00:00Z,TRXUSDT,0.0001
2025-04-12T08:00:00Z,TRXUSDT,0.0001
2025-04-12T16:00:00Z,TRXUSDT,0.0001
2025-04-13T00:00:00Z,TRXUSDT,0.00002319
2025-04-13T08:00:00Z,TRXUSDT,0.0001
2025-04-13T16:00:00Z,TRXUSDT,0.0001
2025-04-14T00:00:00Z,TRXUSDT,0.0001
2025-04-14T08:00:00Z,TRXUSDT,0.0001
2025-04-14T16:00:00Z,TRXUSDT,-0.000098
2025-04-15T00:00:00Z,TRXUSDT,-0.00004621
2025-04-15T08:00:00Z,TRXUSDT,-0.00000498
2025-04-15T16:00:00Z,TRXUSDT,-0.00000107
2025-04-16T00:00:00Z,TRXUSDT,0.0001
2025-04-16T08:00:00Z,TRXUSDT,0.0001
2025-04-16T16:00:00Z,TRXUSDT,0.0001
2025-04-17T00:00:00Z,TRXUSDT,-0.00014326
2025-04-17T08:00:00Z,TRXUSDT,-0.00005216
2025-04-17T16:00:00Z,TRXUSDT,0.0001
2025-04-18T00:00:00Z,TRXUSDT,0.0001
2025-04-18T08:00:00Z,TRXUSDT,-0.00003783
2025-04-18T16:00:00Z,TRXUSDT,-0.0001333
2025-04-19T00:00:00Z,TRXUSDT,-0.00012313
2025-04-19T08:00:00Z,TRXUSDT,0.00003187
2025-04-19T16:00:00Z,TRXUSDT,0.00002616
2025-04-20T00:00:00Z,TRXUSDT,0.0001
2025-04-20T08:00:00Z,TRXUSDT,0.00001162
2025-04-20T16:00:00Z,TRXUSDT,0.0001
2025-04-21T00:00:00Z,TRXUSDT,0.0001
2025-04-21T08:00:00Z,TRXUSDT,0.0001
2025-04-21T16:00:00Z,TRXUSDT,-0.00001835
2025-04-22T00:00:00Z,TRXUSDT,0.0001
2025-04-22T08:00:00Z,TRXUSDT,0.0001
2025-04-22T16:00:00Z,TRXUSDT,0.0000989
2025-04-23T00:00:00Z,TRXUSDT,0.0001
2025-04-23T08:00:00Z,TRXUSDT,0.0001
2025-04-23T16:00:00Z,TRXUSDT,0.00001658
2025-04-24T00:00:00Z,TRXUSDT,0.0001
2025-04-24T08:00:00Z,TRXUSDT,-0.00004416
2025-04-24T16:00:00Z,TRXUSDT,0.0001
2025-04-25T00:00:00Z,TRXUSDT,0.0001
2025-04-25T08:00:00Z,TRXUSDT,-0.00001067
2025-04-25T16:00:00Z,TRXUSDT,-0.0001219
2025-04-26T00:00:00Z,TRXUSDT,-0.00015121
2025-04-26T08:00:00Z,TRXUSDT,0.0001
2025-04-26T16:00:00Z,TRXUSDT,0.0001
2025-04-27T00:00:00Z,TRXUSDT,0.0001
2025-04-27T08:00:00Z,TRXUSDT,0.0001
2025-04-27T16:00:00Z,TRXUSDT,-0.00011121
2025-04-28T00:00:00Z,TRXUSDT,-0.00018989
2025-04-28T08:00:00Z,TRXUSDT,0.00001361
2025-04-28T16:00:00Z,TRXUSDT,-0.00018322
2025-04-29T00:00:00Z,TRXUSDT,0.0001
2025-04-29T08:00:00Z,TRXUSDT,0.00008447
2025-04-29T16:00:00Z,TRXUSDT,-0.00003936
2025-04-30T00:00:00Z,TRXUSDT,-0.0002013
2025-04-30T08:00:00Z,TRXUSDT,0.00003265
2025-04-30T16:00:00Z,TRXUSDT,0.0001
2025-05-01T00:00:00Z,TRXUSDT,0.0001
2025-05-01T08:00:00Z,TRXUSDT,0.0001
2025-05-01T16:00:00Z,TRXUSDT,0.0001
2025-05-02T00:00:00Z,TRXUSDT,-0.00014782
2025-05-02T08:00:00Z,TRXUSDT,-0.00008299
2025-05-02T16:00:00Z,TRXUSDT,0.00009773
2025-05-03T00:00:00Z,TRXUSDT,0.0001
2025-05-03T08:00:00Z,TRXUSDT,0.0001
2025-05-03T16:00:00Z,TRXUSDT,0.0001
2025-05-04T00:00:00Z,TRXUSDT,0.00004875
2025-05-04T08:00:00Z,TRXUSDT,0.0001
2025-05-04T16:00:00Z,TRXUSDT,0.0001
2025-05-05T00:00:00Z,TRXUSDT,-0.00012514
2025-05-05T08:00:00Z,TRXUSDT,0.0001
2025-05-05T16:00:00Z,TRXUSDT,0.0001
2025-05-06T00:00:00Z,TRXUSDT,0.0001
2025-05-06T08:00:00Z,TRXUSDT,-0.00006869
2025-05-06T16:00:00Z,TRXUSDT,-0.0001072
2025-05-07T00:00:00Z,TRXUSDT,0.0001
2025-05-07T08:00:00Z,TRXUSDT,-0.00007076
2025-05-07T16:00:00Z,TRXUSDT,0.0001
2025-05-08T00:00:00Z,TRXUSDT,0.0001
2025-05-08T08:00:00Z,TRXUSDT,0.0001
2025-05-08T16:00:00Z,TRXUSDT,0.0001
2025-05-09T00:00:00Z,TRXUSDT,0.0001
2025-05-09T08:00:00Z,TRXUSDT,0.0001
2025-05-09T16:00:00Z,TRXUSDT,0.0001
2025-05-10T00:00:00Z,TRXUSDT,0.0001
2025-05-10T08:00:00Z,TRXUSDT,0.0001
2025-05-10T16:00:00Z,TRXUSDT,0.0001
2025-05-11T00:00:00Z,TRXUSDT,0.0001
2025-05-11T08:00:00Z,TRXUSDT,0.0001
2025-05-11T16:00:00Z,TRXUSDT,0.0001
2025-05-12T00:00:00Z,TRXUSDT,0.0001
2025-05-12T08:00:00Z,TRXUSDT,0.0001
2025-05-12T16:00:00Z,TRXUSDT,0.0001
2025-05-13T00:00:00Z,TRXUSDT,0.0001
2025-05-13T08:00:00Z,TRXUSDT,0.0001
2025-05-13T16:00:00Z,TRXUSDT,0.0001
2025-05-14T00:00:00Z,TRXUSDT,0.0001
2025-05-14T08:00:00Z,TRXUSDT,0.0001
2025-05-14T16:00:00Z,TRXUSDT,0.0001
2025-05-15T00:00:00Z,TRXUSDT,0.0001
2025-05-15T08:00:00Z,TRXUSDT,-0.00002566
2025-05-15T16:00:00Z,TRXUSDT,-0.00000545
2025-05-16T00:00:00Z,TRXUSDT,0.0001
2025-05-16T08:00:00Z,TRXUSDT,0.0001
2025-05-16T16:00:00Z,TRXUSDT,0.0000386
2025-05-17T00:00:00Z,TRXUSDT,0.0001
2025-05-17T08:00:00Z,TRXUSDT,-0.00009311
2025-05-17T16:00:00Z,TRXUSDT,0.0001
2025-05-18T00:00:00Z,TRXUSDT,0.00006023
2025-05-18T08:00:00Z,TRXUSDT,0.0001
2025-05-18T16:00:00Z,TRXUSDT,0.0000343
2025-05-19T00:00:00Z,TRXUSDT,-0.00004133
2025-05-19T08:00:00Z,TRXUSDT,0.00003628
2025-05-19T16:00:00Z,TRXUSDT,0.0001
2025-05-20T00:00:00Z,TRXUSDT,0.0001
2025-05-20T08:00:00Z,TRXUSDT,0.0001
2025-05-20T16:00:00Z,TRXUSDT,0.0001
2025-05-21T00:00:00Z,TRXUSDT,0.00009142
2025-05-21T08:00:00Z,TRXUSDT,0.0001
2025-05-21T16:00:00Z,TRXUSDT,0.0001
2025-05-22T00:00:00Z,TRXUSDT,0.00006493
2025-05-22T08:00:00Z,TRXUSDT,0.0001
2025-05-22T16:00:00Z,TRXUSDT,0.0001
2025-05-23T00:00:00Z,TRXUSDT,0.0001
2025-05-23T08:00:00Z,TRXUSDT,0.0001
2025-05-23T16:00:00Z,TRXUSDT,0.00003066
2025-05-24T00:00:00Z,TRXUSDT,0.0001
2025-05-24T08:00:00Z,TRXUSDT,0.0001
2025-05-24T16:00:00Z,TRXUSDT,0.0001
2025-05-25T00:00:00Z,TRXUSDT,-0.00003179
2025-05-25T08:00:00Z,TRXUSDT,0.0001
2025-05-25T16:00:00Z,TRXUSDT,0.0000886
2025-05-26T00:00:00Z,TRXUSDT,-0.00006969
2025-05-26T08:00:00Z,TRXUSDT,0.00008311
2025-05-26T16:00:00Z,TRXUSDT,0.0001
2025-05-27T00:00:00Z,TRXUSDT,0.0001
2025-05-27T08:00:00Z,TRXUSDT,0.00004735
2025-05-27T16:00:00Z,TRXUSDT,-0.00018506
2025-05-28T00:00:00Z,TRXUSDT,0.0001
2025-05-28T08:00:00Z,TRXUSDT,0.0001
2025-05-28T16:00:00Z,TRXUSDT,0.00000435
2025-05-29T00:00:00Z,TRXUSDT,-0.0000243
2025-05-29T08:00:00Z,TRXUSDT,0.0001
2025-05-29T16:00:00Z,TRXUSDT,0.0001
2025-05-30T00:00:00Z,TRXUSDT,0.00005461
2025-05-30T08:00:00Z,TRXUSDT,-0.00009125
2025-05-30T16:00:00Z,TRXUSDT,0.00004774
2025-05-31T00:00:00Z,TRXUSDT,-0.00003441
2025-05-31T08:00:00Z,TRXUSDT,-0.0000094
2025-05-31T16:00:00Z,TRXUSDT,-0.00013335
2025-06-01T00:00:00Z,TRXUSDT,-0.00012509
2025-06-01T08:00:00Z,TRXUSDT,0.0001
2025-06-01T16:00:00Z,TRXUSDT,0.00000177
2025-06-02T00:00:00Z,TRXUSDT,0.0001
2025-06-02T08:00:00Z,TRXUSDT,0.00007365
2025-06-02T16:00:00Z,TRXUSDT,-0.00004794
2025-06-03T00:00:00Z,TRXUSDT,0.0001
2025-06-03T08:00:00Z,TRXUSDT,0.0001
2025-06-03T16:00:00Z,TRXUSDT,0.0001
2025-06-04T00:00:00Z,TRXUSDT,0.0001
2025-06-04T08:00:00Z,TRXUSDT,0.00007206
2025-06-04T16:00:00Z,TRXUSDT,0.0001
2025-06-05T00:00:00Z,TRXUSDT,0.0001
2025-06-05T08:00:00Z,TRXUSDT,0.00007724
2025-06-05T16:00:00Z,TRXUSDT,0.00006947
2025-06-06T00:00:00Z,TRXUSDT,-0.00012445
2025-06-06T08:00:00Z,TRXUSDT,-0.0000962
2025-06-06T16:00:00Z,TRXUSDT,0.00000201
2025-06-07T00:00:00Z,TRXUSDT,-0.00014912
2025-06-07T08:00:00Z,TRXUSDT,-0.00013383
2025-06-07T16:00:00Z,TRXUSDT,0.00000983
2025-06-08T00:00:00Z,TRXUSDT,0.0001
2025-06-08T08:00:00Z,TRXUSDT,0.00003263
2025-06-08T16:00:00Z,TRXUSDT,-0.0000955
2025-06-09T00:00:00Z,TRXUSDT,-0.00011905
2025-06-09T08:00:00Z,TRXUSDT,0.0001
2025-06-09T16:00:00Z,TRXUSDT,0.00004546
2025-06-10T00:00:00Z,TRXUSDT,0.0001
2025-06-10T08:00:00Z,TRXUSDT,0.0001
2025-06-10T16:00:00Z,TRXUSDT,0.0001
2025-06-11T00:00:00Z,TRXUSDT,0.0001
2025-06-11T08:00:00Z,TRXUSDT,0.0001
2025-06-11T16:00:00Z,TRXUSDT,0.0001
2025-06-12T00:00:00Z,TRXUSDT,-0.00002242
2025-06-12T08:00:00Z,TRXUSDT,-0.00006205
2025-06-12T16:00:00Z,TRXUSDT,-0.0000782
2025-06-13T00:00:00Z,TRXUSDT,-0.00000673
2025-06-13T08:00:00Z,TRXUSDT,0.0001
2025-06-13T16:00:00Z,TRXUSDT,-0.00013792
2025-06-14T00:00:00Z,TRXUSDT,-0.00004303
2025-06-14T08:00:00Z,TRXUSDT,0.00000356
2025-06-14T16:00:00Z,TRXUSDT,-0.00015966
2025-06-15T00:00:00Z,TRXUSDT,0.0000233
2025-06-15T08:00:00Z,TRXUSDT,0.00001441
2025-06-15T16:00:00Z,TRXUSDT,0.00003123
2025-06-16T00:00:00Z,TRXUSDT,0.0000189
2025-06-16T08:00:00Z,TRXUSDT,0.0001
2025-06-16T16:00:00Z,TRXUSDT,0.0001
2025-06-17T00:00:00Z,TRXUSDT,-0.00002122
2025-06-17T08:00:00Z,TRXUSDT,0.00000083
2025-06-17T16:00:00Z,TRXUSDT,0.00003409
2025-06-18T00:00:00Z,TRXUSDT,-0.00014134
2025-06-18T08:00:00Z,TRXUSDT,0.0000268
2025-06-18T16:00:00Z,TRXUSDT,-0.00007984
2025-06-19T00:00:00Z,TRXUSDT,0.0001
2025-06-19T08:00:00Z,TRXUSDT,0.0001
2025-06-19T16:00:00Z,TRXUSDT,-0.00000859
2025-06-20T00:00:00Z,TRXUSDT,0.00000911
2025-06-20T08:00:00Z,TRXUSDT,-0.00008566
2025-06-20T16:00:00Z,TRXUSDT,-0.00002711
2025-06-21T00:00:00Z,TRXUSDT,0.0001
2025-06-21T08:00:00Z,TRXUSDT,0.00009523
2025-06-21T16:00:00Z,TRXUSDT,-0.00008251
2025-06-22T00:00:00Z,TRXUSDT,-0.00012101
2025-06-22T08:00:00Z,TRXUSDT,-0.0000605
2025-06-22T16:00:00Z,TRXUSDT,-0.00021263
2025-06-23T00:00:00Z,TRXUSDT,-0.00014819
2025-06-23T08:00:00Z,TRXUSDT,-0.00005959
2025-06-23T16:00:00Z,TRXUSDT,0.00003399
2025-06-24T00:00:00Z,TRXUSDT,0.0001
2025-06-24T08:00:00Z,TRXUSDT,0.000034
2025-06-24T16:00:00Z,TRXUSDT,-0.00008407
2025-06-25T00:00:00Z,TRXUSDT,0.0001
2025-06-25T08:00:00Z,TRXUSDT,0.0001
2025-06-25T16:00:00Z,TRXUSDT,-0.00008435
2025-06-26T00:00:00Z,TRXUSDT,0.0001
2025-06-26T08:00:00Z,TRXUSDT,0.00006693
2025-06-26T16:00:00Z,TRXUSDT,-0.00000653
2025-06-27T00:00:00Z,TRXUSDT,0.0001
2025-06-27T08:00:00Z,TRXUSDT,0.0000451
2025-06-27T16:00:00Z,TRXUSDT,0.00002333
2025-06-28T00:00:00Z,TRXUSDT,0.0001
2025-06-28T08:00:00Z,TRXUSDT,0.00002638
2025-06-28T16:00:00Z,TRXUSDT,0.0001
2025-06-29T00:00:00Z,TRXUSDT,-0.00000889
2025-06-29T08:00:00Z,TRXUSDT,0.00000069
2025-06-29T16:00:00Z,TRXUSDT,-0.00000724
2025-06-30T00:00:00Z,TRXUSDT,0.00007095
2025-06-30T08:00:00Z,TRXUSDT,0.00008881
2025-06-30T16:00:00Z,TRXUSDT,0.00002254
2025-07-01T00:00:00Z,TRXUSDT,0.0001
2025-07-01T08:00:00Z,TRXUSDT,0.00007287
2025-07-01T16:00:00Z,TRXUSDT,-0.00008116
2025-07-02T00:00:00Z,TRXUSDT,0.0001
2025-07-02T08:00:00Z,TRXUSDT,0.0001
2025-07-02T16:00:00Z,TRXUSDT,0.000009
2025-07-03T00:00:00Z,TRXUSDT,0.0000297
2025-07-03T08:00:00Z,TRXUSDT,-0.00005955
2025-07-03T16:00:00Z,TRXUSDT,0.00006252
2025-07-04T00:00:00Z,TRXUSDT,0.0001
2025-07-04T08:00:00Z,TRXUSDT,0.00000596
2025-07-04T16:00:00Z,TRXUSDT,-0.00000872
2025-07-05T00:00:00Z,TRXUSDT,-0.00008858
2025-07-05T08:00:00Z,TRXUSDT,-0.00002981
2025-07-05T16:00:00Z,TRXUSDT,0.00006303
2025-07-06T00:00:00Z,TRXUSDT,-0.00004985
2025-07-06T08:00:00Z,TRXUSDT,-0.00011329
2025-07-06T16:00:00Z,TRXUSDT,0.00008843
2025-07-07T00:00:00Z,TRXUSDT,0.0001
2025-07-07T08:00:00Z,TRXUSDT,0.00006336
2025-07-07T16:00:00Z,TRXUSDT,-0.00012683
2025-07-08T00:00:00Z,TRXUSDT,-0.00001793
2025-07-08T08:00:00Z,TRXUSDT,0.00006856
2025-07-08T16:00:00Z,TRXUSDT,-0.0001654
2025-07-09T00:00:00Z,TRXUSDT,0.0001
2025-07-09T08:00:00Z,TRXUSDT,0.0001
2025-07-09T16:00:00Z,TRXUSDT,0.00004986
2025-07-10T00:00:00Z,TRXUSDT,0.00005989
2025-07-10T08:00:00Z,TRXUSDT,0.0001
2025-07-10T16:00:00Z,TRXUSDT,-0.00000757
2025-07-11T00:00:00Z,TRXUSDT,0.0001
2025-07-11T08:00:00Z,TRXUSDT,0.0001
2025-07-11T16:00:00Z,TRXUSDT,0.0001
2025-07-12T00:00:00Z,TRXUSDT,0.0001
2025-07-12T08:00:00Z,TRXUSDT,0.0001
2025-07-12T16:00:00Z,TRXUSDT,0.0001
2025-07-13T00:00:00Z,TRXUSDT,0.0001
2025-07-13T08:00:00Z,TRXUSDT,0.0001
2025-07-13T16:00:00Z,TRXUSDT,0.0001
2025-07-14T00:00:00Z,TRXUSDT,0.0001
2025-07-14T08:00:00Z,TRXUSDT,0.0001
2025-07-14T16:00:00Z,TRXUSDT,0.0001
2025-07-15T00:00:00Z,TRXUSDT,0.0001
2025-07-15T08:00:00Z,TRXUSDT,0.0001
2025-07-15T16:00:00Z,TRXUSDT,0.0001
2025-07-16T00:00:00Z,TRXUSDT,0.0001
2025-07-16T08:00:00Z,TRXUSDT,0.0001
2025-07-16T16:00:00Z,TRXUSDT,0.0001
2025-07-17T00:00:00Z,TRXUSDT,0.00026828
2025-07-17T08:00:00Z,TRXUSDT,0.0001
2025-07-17T16:00:00Z,TRXUSDT,0.0001
2025-07-18T00:00:00Z,TRXUSDT,0.0001
2025-07-18T08:00:00Z,TRXUSDT,0.00019797
2025-07-18T16:00:00Z,TRXUSDT,0.0001
2025-07-19T00:00:00Z,TRXUSDT,0.0001
2025-07-19T08:00:00Z,TRXUSDT,0.0001
2025-07-19T16:00:00Z,TRXUSDT,0.0001
2025-07-20T00:00:00Z,TRXUSDT,0.0001
2025-07-20T08:00:00Z,TRXUSDT,0.0001
2025-07-20T16:00:00Z,TRXUSDT,0.0001
2025-07-21T00:00:00Z,TRXUSDT,0.0001
2025-07-21T08:00:00Z,TRXUSDT,0.0001
2025-07-21T16:00:00Z,TRXUSDT,0.00026116
2025-07-22T00:00:00Z,TRXUSDT,0.0001
2025-07-22T08:00:00Z,TRXUSDT,0.0001
2025-07-22T16:00:00Z,TRXUSDT,0.0001
2025-07-23T00:00:00Z,TRXUSDT,0.00023617
2025-07-23T08:00:00Z,TRXUSDT,0.0001
2025-07-23T16:00:00Z,TRXUSDT,0.0001
2025-07-24T00:00:00Z,TRXUSDT,0.0001
2025-07-24T08:00:00Z,TRXUSDT,0.0001
2025-07-24T16:00:00Z,TRXUSDT,0.0001
2025-07-25T00:00:00Z,TRXUSDT,0.0001
2025-07-25T08:00:00Z,TRXUSDT,0.0001
2025-07-25T16:00:00Z,TRXUSDT,0.0001
2025-07-26T00:00:00Z,TRXUSDT,0.0001
2025-07-26T08:00:00Z,TRXUSDT,0.0001
2025-07-26T16:00:00Z,TRXUSDT,0.0001
2025-07-27T00:00:00Z,TRXUSDT,0.0001
2025-07-27T08:00:00Z,TRXUSDT,0.0001
2025-07-27T16:00:00Z,TRXUSDT,0.0001
2025-07-28T00:00:00Z,TRXUSDT,0.0001
2025-07-28T08:00:00Z,TRXUSDT,0.0001
2025-07-28T16:00:00Z,TRXUSDT,0.0001
2025-07-29T00:00:00Z,TRXUSDT,0.0001
2025-07-29T08:00:00Z,TRXUSDT,0.0001
2025-07-29T16:00:00Z,TRXUSDT,0.0001
2025-07-30T00:00:00Z,TRXUSDT,0.0001
2025-07-30T08:00:00Z,TRXUSDT,0.0001
2025-07-30T16:00:00Z,TRXUSDT,0.0001
2025-07-31T00:00:00Z,TRXUSDT,0.0001
2025-07-31T08:00:00Z,TRXUSDT,0.0001
2025-07-31T16:00:00Z,TRXUSDT,0.0001
2025-08-01T00:00:00Z,TRXUSDT,0.00002857
2025-08-01T08:00:00Z,TRXUSDT,0.00000813
2025-08-01T16:00:00Z,TRXUSDT,0.00007713
2025-08-02T00:00:00Z,TRXUSDT,-0.00005359
2025-08-02T08:00:00Z,TRXUSDT,0.0001
2025-08-02T16:00:00Z,TRXUSDT,0.0001
2025-08-03T00:00:00Z,TRXUSDT,0.0001
2025-08-03T08:00:00Z,TRXUSDT,0.0001
2025-08-03T16:00:00Z,TRXUSDT,0.00007709
2025-08-04T00:00:00Z,TRXUSDT,0.0001
2025-08-04T08:00:00Z,TRXUSDT,0.0001
2025-08-04T16:00:00Z,TRXUSDT,0.0001
2025-08-05T00:00:00Z,TRXUSDT,0.0001
2025-08-05T08:00:00Z,TRXUSDT,0.0001
2025-08-05T16:00:00Z,TRXUSDT,0.00008352
2025-08-06T00:00:00Z,TRXUSDT,0.0001
2025-08-06T08:00:00Z,TRXUSDT,0.0001
2025-08-06T16:00:00Z,TRXUSDT,0.0001
2025-08-07T00:00:00Z,TRXUSDT,0.0001
2025-08-07T08:00:00Z,TRXUSDT,0.0001
2025-08-07T16:00:00Z,TRXUSDT,0.0001
2025-08-08T00:00:00Z,TRXUSDT,0.00002702
2025-08-08T08:00:00Z,TRXUSDT,0.0001
2025-08-08T16:00:00Z,TRXUSDT,0.0001
2025-08-09T00:00:00Z,TRXUSDT,0.00008702
2025-08-09T08:00:00Z,TRXUSDT,-0.0000366
2025-08-09T16:00:00Z,TRXUSDT,-0.00010463
2025-08-10T00:00:00Z,TRXUSDT,-0.00005274
2025-08-10T08:00:00Z,TRXUSDT,0.0001
2025-08-10T16:00:00Z,TRXUSDT,0.0001
2025-08-11T00:00:00Z,TRXUSDT,0.00000045
2025-08-11T08:00:00Z,TRXUSDT,0.0001
2025-08-11T16:00:00Z,TRXUSDT,0.0001
2025-08-12T00:00:00Z,TRXUSDT,0.0001
2025-08-12T08:00:00Z,TRXUSDT,0.0001
2025-08-12T16:00:00Z,TRXUSDT,0.0001
2025-08-13T00:00:00Z,TRXUSDT,0.0001
2025-08-13T08:00:00Z,TRXUSDT,0.0001
2025-08-13T16:00:00Z,TRXUSDT,0.0001
2025-08-14T00:00:00Z,TRXUSDT,0.0001
2025-08-14T08:00:00Z,TRXUSDT,0.00034574
2025-08-14T16:00:00Z,TRXUSDT,0.0001
2025-08-15T00:00:00Z,TRXUSDT,0.0001
2025-08-15T08:00:00Z,TRXUSDT,0.0001
2025-08-15T16:00:00Z,TRXUSDT,0.0001
2025-08-16T00:00:00Z,TRXUSDT,0.0001
2025-08-16T08:00:00Z,TRXUSDT,0.0001
2025-08-16T16:00:00Z,TRXUSDT,-0.00014876
2025-08-17T00:00:00Z,TRXUSDT,0.0001
2025-08-17T08:00:00Z,TRXUSDT,0.0001
2025-08-17T16:00:00Z,TRXUSDT,0.0001
2025-08-18T00:00:00Z,TRXUSDT,0.0001
2025-08-18T08:00:00Z,TRXUSDT,0.0000053
2025-08-18T16:00:00Z,TRXUSDT,0.00008913
2025-08-19T00:00:00Z,TRXUSDT,0.0001
2025-08-19T08:00:00Z,TRXUSDT,0.00006925
2025-08-19T16:00:00Z,TRXUSDT,0.00005543
2025-08-20T00:00:00Z,TRXUSDT,-0.00001957
2025-08-20T08:00:00Z,TRXUSDT,0.00001163
2025-08-20T16:00:00Z,TRXUSDT,-0.00000555
2025-08-21T00:00:00Z,TRXUSDT,0.0001
2025-08-21T08:00:00Z,TRXUSDT,0.0001
2025-08-21T16:00:00Z,TRXUSDT,0.00008304
2025-08-22T00:00:00Z,TRXUSDT,0.00009422
2025-08-22T08:00:00Z,TRXUSDT,0.0001
2025-08-22T16:00:00Z,TRXUSDT,0.0001
2025-08-23T00:00:00Z,TRXUSDT,0.0001
2025-08-23T08:00:00Z,TRXUSDT,0.0001
2025-08-23T16:00:00Z,TRXUSDT,0.0001
2025-08-24T00:00:00Z,TRXUSDT,0.0001
2025-08-24T08:00:00Z,TRXUSDT,0.0001
2025-08-24T16:00:00Z,TRXUSDT,0.0001
2025-08-25T00:00:00Z,TRXUSDT,0.0001
2025-08-25T08:00:00Z,TRXUSDT,-0.00005131
2025-08-25T16:00:00Z,TRXUSDT,0.00007111
2025-08-26T00:00:00Z,TRXUSDT,-0.00011083
2025-08-26T08:00:00Z,TRXUSDT,0.00004653
2025-08-26T16:00:00Z,TRXUSDT,0.0001
2025-08-27T00:00:00Z,TRXUSDT,0.0001
2025-08-27T08:00:00Z,TRXUSDT,-0.00003851
2025-08-27T16:00:00Z,TRXUSDT,0.0000061
2025-08-28T00:00:00Z,TRXUSDT,-0.00008128
2025-08-28T08:00:00Z,TRXUSDT,0.00004096
2025-08-28T16:00:00Z,TRXUSDT,-0.00011096
2025-08-29T00:00:00Z,TRXUSDT,0.00002289
2025-08-29T08:00:00Z,TRXUSDT,-0.00003227
2025-08-29T16:00:00Z,TRXUSDT,-0.00010822
2025-08-30T00:00:00Z,TRXUSDT,0.0001
2025-08-30T08:00:00Z,TRXUSDT,0.0001
2025-08-30T16:00:00Z,TRXUSDT,0.0001
2025-08-31T00:00:00Z,TRXUSDT,0.0001
2025-08-31T08:00:00Z,TRXUSDT,0.0001
2025-08-31T16:00:00Z,TRXUSDT,0.0001
2025-09-01T00:00:00Z,TRXUSDT,0.0001
2025-09-01T08:00:00Z,TRXUSDT,0.0001
2025-09-01T16:00:00Z,TRXUSDT,0.0001
2025-09-02T00:00:00Z,TRXUSDT,0.00008088
2025-09-02T08:00:00Z,TRXUSDT,0.0001
2025-09-02T16:00:00Z,TRXUSDT,0.00002096
2025-09-03T00:00:00Z,TRXUSDT,0.000079
2025-09-03T08:00:00Z,TRXUSDT,-0.0000647
2025-09-03T16:00:00Z,TRXUSDT,-0.00000732
2025-09-04T00:00:00Z,TRXUSDT,-0.00003297
2025-09-04T08:00:00Z,TRXUSDT,-0.00007515
2025-09-04T16:00:00Z,TRXUSDT,-0.0000856
2025-09-05T00:00:00Z,TRXUSDT,-0.0000728
2025-09-05T08:00:00Z,TRXUSDT,0.0000691
2025-09-05T16:00:00Z,TRXUSDT,-0.00000356
2025-09-06T00:00:00Z,TRXUSDT,-0.00010892
2025-09-06T08:00:00Z,TRXUSDT,-0.00002687
2025-09-06T16:00:00Z,TRXUSDT,-0.00011766
2025-09-07T00:00:00Z,TRXUSDT,-0.00043758
2025-09-07T08:00:00Z,TRXUSDT,-0.00054227
2025-09-07T16:00:00Z,TRXUSDT,-0.0002801
2025-09-08T00:00:00Z,TRXUSDT,0.00001486
2025-09-08T08:00:00Z,TRXUSDT,0.00007478
2025-09-08T16:00:00Z,TRXUSDT,0.00008139
2025-09-09T00:00:00Z,TRXUSDT,-0.00009321
2025-09-09T08:00:00Z,TRXUSDT,0.0001
2025-09-09T16:00:00Z,TRXUSDT,0.0001
2025-09-10T00:00:00Z,TRXUSDT,0.0001
2025-09-10T08:00:00Z,TRXUSDT,0.00008835
2025-09-10T16:00:00Z,TRXUSDT,-0.00004183
2025-09-11T00:00:00Z,TRXUSDT,-0.0000759
2025-09-11T08:00:00Z,TRXUSDT,0.0001
2025-09-11T16:00:00Z,TRXUSDT,0.0001
2025-09-12T00:00:00Z,TRXUSDT,0.0001
2025-09-12T08:00:00Z,TRXUSDT,0.0001
2025-09-12T16:00:00Z,TRXUSDT,-0.00000569
2025-09-13T00:00:00Z,TRXUSDT,0.0001
2025-09-13T08:00:00Z,TRXUSDT,0.0001
2025-09-13T16:00:00Z,TRXUSDT,0.00007502
2025-09-14T00:00:00Z,TRXUSDT,0.0001
2025-09-14T08:00:00Z,TRXUSDT,0.0001
2025-09-14T16:00:00Z,TRXUSDT,0.0001
2025-09-15T00:00:00Z,TRXUSDT,0.0001
2025-09-15T08:00:00Z,TRXUSDT,0.0001
2025-09-15T16:00:00Z,TRXUSDT,-0.00005521
2025-09-16T00:00:00Z,TRXUSDT,0.0001
2025-09-16T08:00:00Z,TRXUSDT,0.0001
2025-09-16T16:00:00Z,TRXUSDT,0.0001
2025-09-17T00:00:00Z,TRXUSDT,-0.00007413
2025-09-17T08:00:00Z,TRXUSDT,-0.00014885
2025-09-17T16:00:00Z,TRXUSDT,-0.00010612
2025-09-18T00:00:00Z,TRXUSDT,-0.00002088
2025-09-18T08:00:00Z,TRXUSDT,0.00002281
2025-09-18T16:00:00Z,TRXUSDT,0.0001
2025-09-19T00:00:00Z,TRXUSDT,0.0001
2025-09-19T08:00:00Z,TRXUSDT,0.0001
2025-09-19T16:00:00Z,TRXUSDT,0.0001
2025-09-20T00:00:00Z,TRXUSDT,0.0001
2025-09-20T08:00:00Z,TRXUSDT,0.0001
2025-09-20T16:00:00Z,TRXUSDT,0.0001
2025-09-21T00:00:00Z,TRXUSDT,0.0001
2025-09-21T08:00:00Z,TRXUSDT,0.0001
2025-09-21T16:00:00Z,TRXUSDT,0.0001
2025-09-22T00:00:00Z,TRXUSDT,0.0001
2025-09-22T08:00:00Z,TRXUSDT,-0.00001771
2025-09-22T16:00:00Z,TRXUSDT,0.0001
2025-09-23T00:00:00Z,TRXUSDT,0.00004209
2025-09-23T08:00:00Z,TRXUSDT,0.00003824
2025-09-23T16:00:00Z,TRXUSDT,-0.00004762
2025-09-24T00:00:00Z,TRXUSDT,-0.00006323
2025-09-24T08:00:00Z,TRXUSDT,0.00003763
2025-09-24T16:00:00Z,TRXUSDT,0.00004065
2025-09-25T00:00:00Z,TRXUSDT,0.00006269
2025-09-25T08:00:00Z,TRXUSDT,-0.00002562
2025-09-25T16:00:00Z,TRXUSDT,-0.00006812
2025-09-26T00:00:00Z,TRXUSDT,-0.00009061
2025-09-26T08:00:00Z,TRXUSDT,0.00004562
2025-09-26T16:00:00Z,TRXUSDT,0.00005454
2025-09-27T00:00:00Z,TRXUSDT,0.0001
2025-09-27T08:00:00Z,TRXUSDT,0.0001
2025-09-27T16:00:00Z,TRXUSDT,0.0001
2025-09-28T00:00:00Z,TRXUSDT,0.0001
2025-09-28T08:00:00Z,TRXUSDT,0.0001
2025-09-28T16:00:00Z,TRXUSDT,0.00008749
2025-09-29T00:00:00Z,TRXUSDT,-0.00002361
2025-09-29T08:00:00Z,TRXUSDT,-0.00000192
2025-09-29T16:00:00Z,TRXUSDT,-0.00001994
2025-09-30T00:00:00Z,TRXUSDT,0.0001
2025-09-30T08:00:00Z,TRXUSDT,0.0001
2025-09-30T16:00:00Z,TRXUSDT,0.0001
2025-10-01T00:00:00Z,TRXUSDT,-0.00000246
2025-10-01T08:00:00Z,TRXUSDT,0.00005147
2025-10-01T16:00:00Z,TRXUSDT,0.0001
2025-10-02T00:00:00Z,TRXUSDT,0.0001
2025-10-02T08:00:00Z,TRXUSDT,0.0001
2025-10-02T16:00:00Z,TRXUSDT,0.0001
2025-10-03T00:00:00Z,TRXUSDT,0.0001
2025-10-03T08:00:00Z,TRXUSDT,0.0001
2025-10-03T16:00:00Z,TRXUSDT,-0.00002583
2025-10-04T00:00:00Z,TRXUSDT,-0.00018264
2025-10-04T08:00:00Z,TRXUSDT,-0.00021383
2025-10-04T16:00:00Z,TRXUSDT,-0.00014192
2025-10-05T00:00:00Z,TRXUSDT,-0.00005487
2025-10-05T08:00:00Z,TRXUSDT,-0.00002714
2025-10-05T16:00:00Z,TRXUSDT,0.0001
2025-10-06T00:00:00Z,TRXUSDT,0.00000665
2025-10-06T08:00:00Z,TRXUSDT,0.0001
2025-10-06T16:00:00Z,TRXUSDT,0.0001
2025-10-07T00:00:00Z,TRXUSDT,0.0001
2025-10-07T08:00:00Z,TRXUSDT,0.0001
2025-10-07T16:00:00Z,TRXUSDT,0.0001
2025-10-08T00:00:00Z,TRXUSDT,0.00008444
2025-10-08T08:00:00Z,TRXUSDT,0.00005001
2025-10-08T16:00:00Z,TRXUSDT,-0.00006009
2025-10-09T00:00:00Z,TRXUSDT,0.0001
2025-10-09T08:00:00Z,TRXUSDT,0.0001
2025-10-09T16:00:00Z,TRXUSDT,-0.00001339
2025-10-10T00:00:00Z,TRXUSDT,0.00008367
2025-10-10T08:00:00Z,TRXUSDT,-0.00007103
2025-10-10T16:00:00Z,TRXUSDT,-0.00011894
2025-10-11T00:00:00Z,TRXUSDT,-0.00205959
2025-10-11T08:00:00Z,TRXUSDT,-0.00008278
2025-10-11T16:00:00Z,TRXUSDT,-0.00011853
2025-10-12T00:00:00Z,TRXUSDT,-0.00012961
2025-10-12T08:00:00Z,TRXUSDT,-0.00002551
2025-10-12T16:00:00Z,TRXUSDT,0.00001414
2025-10-13T00:00:00Z,TRXUSDT,0.0001
2025-10-13T08:00:00Z,TRXUSDT,0.00002632
2025-10-13T16:00:00Z,TRXUSDT,-0.0001269
2025-10-14T00:00:00Z,TRXUSDT,-0.00008651
2025-10-14T08:00:00Z,TRXUSDT,-0.00043731
2025-10-14T16:00:00Z,TRXUSDT,-0.00013042
2025-10-15T00:00:00Z,TRXUSDT,-0.00001964
2025-10-15T08:00:00Z,TRXUSDT,-0.00006198
2025-10-15T16:00:00Z,TRXUSDT,-0.00024218
2025-10-16T00:00:00Z,TRXUSDT,-0.00002523
2025-10-16T08:00:00Z,TRXUSDT,0.00009593
2025-10-16T16:00:00Z,TRXUSDT,-0.00006766
2025-10-17T00:00:00Z,TRXUSDT,-0.00019117
2025-10-17T08:00:00Z,TRXUSDT,-0.00022797
2025-10-17T16:00:00Z,TRXUSDT,-0.00031534
2025-10-18T00:00:00Z,TRXUSDT,-0.00008607
2025-10-18T08:00:00Z,TRXUSDT,0.000064
2025-10-18T16:00:00Z,TRXUSDT,0.00003593
2025-10-19T00:00:00Z,TRXUSDT,-0.00002711
2025-10-19T08:00:00Z,TRXUSDT,-0.00006089
2025-10-19T16:00:00Z,TRXUSDT,0.0001
2025-10-20T00:00:00Z,TRXUSDT,0.00008125
2025-10-20T08:00:00Z,TRXUSDT,0.00009258
2025-10-20T16:00:00Z,TRXUSDT,-0.0000734
2025-10-21T00:00:00Z,TRXUSDT,0.0000811
2025-10-21T08:00:00Z,TRXUSDT,-0.00013218
2025-10-21T16:00:00Z,TRXUSDT,0.0000727
2025-10-22T00:00:00Z,TRXUSDT,-0.00000447
2025-10-22T08:00:00Z,TRXUSDT,0.0000136
2025-10-22T16:00:00Z,TRXUSDT,-0.00001028
2025-10-23T00:00:00Z,TRXUSDT,-0.00000304
2025-10-23T08:00:00Z,TRXUSDT,0.0001
2025-10-23T16:00:00Z,TRXUSDT,-0.00015469
2025-10-24T00:00:00Z,TRXUSDT,-0.00016439
2025-10-24T08:00:00Z,TRXUSDT,-0.00016446
2025-10-24T16:00:00Z,TRXUSDT,-0.00030343
2025-10-25T00:00:00Z,TRXUSDT,-0.00023937
2025-10-25T08:00:00Z,TRXUSDT,-0.00018248
2025-10-25T16:00:00Z,TRXUSDT,-0.00024062
2025-10-26T00:00:00Z,TRXUSDT,-0.00009742
2025-10-26T08:00:00Z,TRXUSDT,-0.00018665
2025-10-26T16:00:00Z,TRXUSDT,-0.00007733
2025-10-27T00:00:00Z,TRXUSDT,-0.00005566
2025-10-27T08:00:00Z,TRXUSDT,-0.00015337
2025-10-27T16:00:00Z,TRXUSDT,-0.00018164
2025-10-28T00:00:00Z,TRXUSDT,-0.00006879
2025-10-28T08:00:00Z,TRXUSDT,-0.00008664
2025-10-28T16:00:00Z,TRXUSDT,-0.00004852
2025-10-29T00:00:00Z,TRXUSDT,-0.00013587
2025-10-29T08:00:00Z,TRXUSDT,0.00006375
2025-10-29T16:00:00Z,TRXUSDT,-0.00003845
2025-10-30T00:00:00Z,TRXUSDT,-0.00000291
2025-10-30T08:00:00Z,TRXUSDT,0.0001
2025-10-30T16:00:00Z,TRXUSDT,-0.00012794
2025-10-31T00:00:00Z,TRXUSDT,-0.00009162
2025-10-31T08:00:00Z,TRXUSDT,0.00004356
2025-10-31T16:00:00Z,TRXUSDT,0.00005242
2025-11-01T00:00:00Z,TRXUSDT,-0.00006474
2025-11-01T08:00:00Z,TRXUSDT,-0.00017178
2025-11-01T16:00:00Z,TRXUSDT,-0.00017739
2025-11-02T00:00:00Z,TRXUSDT,0.00000222
2025-11-02T08:00:00Z,TRXUSDT,-0.00014568
2025-11-02T16:00:00Z,TRXUSDT,-0.00010915
2025-11-03T00:00:00Z,TRXUSDT,0.00007011
2025-11-03T08:00:00Z,TRXUSDT,-0.00014896
2025-11-03T16:00:00Z,TRXUSDT,0.00002832
2025-11-04T00:00:00Z,TRXUSDT,-0.0004574
2025-11-04T08:00:00Z,TRXUSDT,-0.00041469
2025-11-04T16:00:00Z,TRXUSDT,-0.00022434
2025-11-05T00:00:00Z,TRXUSDT,0.00006353
2025-11-05T08:00:00Z,TRXUSDT,0.0001
2025-11-05T16:00:00Z,TRXUSDT,0.0001
2025-11-06T00:00:00Z,TRXUSDT,0.0001
2025-11-06T08:00:00Z,TRXUSDT,0.00000621
2025-11-06T16:00:00Z,TRXUSDT,-0.00015548
2025-11-07T00:00:00Z,TRXUSDT,-0.0001435
2025-11-07T08:00:00Z,TRXUSDT,0.0001
2025-11-07T16:00:00Z,TRXUSDT,0.0001
2025-11-08T00:00:00Z,TRXUSDT,0.0001
2025-11-08T08:00:00Z,TRXUSDT,0.0001
2025-11-08T16:00:00Z,TRXUSDT,0.00008091
2025-11-09T00:00:00Z,TRXUSDT,0.0001
2025-11-09T08:00:00Z,TRXUSDT,0.00002594
2025-11-09T16:00:00Z,TRXUSDT,0.00003597
2025-11-10T00:00:00Z,TRXUSDT,-0.00004305
2025-11-10T08:00:00Z,TRXUSDT,0.0000158
2025-11-10T16:00:00Z,TRXUSDT,0.00007925
2025-11-11T00:00:00Z,TRXUSDT,0.0001
2025-11-11T08:00:00Z,TRXUSDT,0.00007486
2025-11-11T16:00:00Z,TRXUSDT,0.0001
2025-11-12T00:00:00Z,TRXUSDT,-0.00017247
2025-11-12T08:00:00Z,TRXUSDT,0.00002096
2025-11-12T16:00:00Z,TRXUSDT,0.00001126
2025-11-13T00:00:00Z,TRXUSDT,-0.00020898
2025-11-13T08:00:00Z,TRXUSDT,0.00007546
2025-11-13T16:00:00Z,TRXUSDT,-0.0000826
2025-11-14T00:00:00Z,TRXUSDT,-0.00014626
2025-11-14T08:00:00Z,TRXUSDT,-0.00004304
2025-11-14T16:00:00Z,TRXUSDT,0.00006835
2025-11-15T00:00:00Z,TRXUSDT,0.00008206
2025-11-15T08:00:00Z,TRXUSDT,0.0001
2025-11-15T16:00:00Z,TRXUSDT,0.0001
2025-11-16T00:00:00Z,TRXUSDT,0.0001
2025-11-16T08:00:00Z,TRXUSDT,0.0001
2025-11-16T16:00:00Z,TRXUSDT,0.00000219
2025-11-17T00:00:00Z,TRXUSDT,0.00006284
2025-11-17T08:00:00Z,TRXUSDT,0.0001
2025-11-17T16:00:00Z,TRXUSDT,0.00002521
2025-11-18T00:00:00Z,TRXUSDT,0.00000543
2025-11-18T08:00:00Z,TRXUSDT,-0.00012151
2025-11-18T16:00:00Z,TRXUSDT,0.0001
2025-11-19T00:00:00Z,TRXUSDT,0.00008355
2025-11-19T08:00:00Z,TRXUSDT,-0.00022221
2025-11-19T16:00:00Z,TRXUSDT,-0.00007898
2025-11-20T00:00:00Z,TRXUSDT,0.00009479
2025-11-20T08:00:00Z,TRXUSDT,0.0001
2025-11-20T16:00:00Z,TRXUSDT,-0.00024908
2025-11-21T00:00:00Z,TRXUSDT,-0.00010622
2025-11-21T08:00:00Z,TRXUSDT,-0.00002891
2025-11-21T16:00:00Z,TRXUSDT,0.0000044
2025-11-22T00:00:00Z,TRXUSDT,-0.00012306
2025-11-22T08:00:00Z,TRXUSDT,0.0001
2025-11-22T16:00:00Z,TRXUSDT,-0.00003506
2025-11-23T00:00:00Z,TRXUSDT,0.00009055
2025-11-23T08:00:00Z,TRXUSDT,-0.00002854
2025-11-23T16:00:00Z,TRXUSDT,-0.00003394
2025-11-24T00:00:00Z,TRXUSDT,0.00005958
2025-11-24T08:00:00Z,TRXUSDT,0.0001
2025-11-24T16:00:00Z,TRXUSDT,0.00001561
2025-11-25T00:00:00Z,TRXUSDT,0.00009833
2025-11-25T08:00:00Z,TRXUSDT,-0.00026976
2025-11-25T16:00:00Z,TRXUSDT,-0.00033782
2025-11-26T00:00:00Z,TRXUSDT,0.0001
2025-11-26T08:00:00Z,TRXUSDT,0.00008461
2025-11-26T16:00:00Z,TRXUSDT,0.0001
2025-11-27T00:00:00Z,TRXUSDT,0.0001
2025-11-27T08:00:00Z,TRXUSDT,0.00006507
2025-11-27T16:00:00Z,TRXUSDT,0.0001
2025-11-28T00:00:00Z,TRXUSDT,0.0001
2025-11-28T08:00:00Z,TRXUSDT,0.00002021
2025-11-28T16:00:00Z,TRXUSDT,-0.00002732
2025-11-29T00:00:00Z,TRXUSDT,0.00003506
2025-11-29T08:00:00Z,TRXUSDT,0.00003747
2025-11-29T16:00:00Z,TRXUSDT,0.0001
2025-11-30T00:00:00Z,TRXUSDT,-0.000046
2025-11-30T08:00:00Z,TRXUSDT,-0.00011151
2025-11-30T16:00:00Z,TRXUSDT,0.0001
2025-12-01T00:00:00Z,TRXUSDT,-0.00007978
2025-12-01T08:00:00Z,TRXUSDT,-0.00013031
2025-12-01T16:00:00Z,TRXUSDT,-0.00007436
2025-12-02T00:00:00Z,TRXUSDT,0.0001
2025-12-02T08:00:00Z,TRXUSDT,-0.00001191
2025-12-02T16:00:00Z,TRXUSDT,0.0001
2025-12-03T00:00:00Z,TRXUSDT,-0.0000262
2025-12-03T08:00:00Z,TRXUSDT,-0.00000116
2025-12-03T16:00:00Z,TRXUSDT,0.00000784
2025-12-04T00:00:00Z,TRXUSDT,0.0001
2025-12-04T08:00:00Z,TRXUSDT,-0.00011751
2025-12-04T16:00:00Z,TRXUSDT,0.0001
2025-12-05T00:00:00Z,TRXUSDT,0.0001
2025-12-05T08:00:00Z,TRXUSDT,0.0001
2025-12-05T16:00:00Z,TRXUSDT,0.0001
2025-12-06T00:00:00Z,TRXUSDT,0.00005373
2025-12-06T08:00:00Z,TRXUSDT,0.0001
2025-12-06T16:00:00Z,TRXUSDT,0.00009718
2025-12-07T00:00:00Z,TRXUSDT,0.00001924
2025-12-07T08:00:00Z,TRXUSDT,-0.00018853
2025-12-07T16:00:00Z,TRXUSDT,0.00000616
2025-12-08T00:00:00Z,TRXUSDT,0.0001
2025-12-08T08:00:00Z,TRXUSDT,-0.00005238
2025-12-08T16:00:00Z,TRXUSDT,-0.00021639
2025-12-09T00:00:00Z,TRXUSDT,-0.00019627
2025-12-09T08:00:00Z,TRXUSDT,0.00007297
2025-12-09T16:00:00Z,TRXUSDT,-0.00015003
2025-12-10T00:00:00Z,TRXUSDT,0.00007821
2025-12-10T08:00:00Z,TRXUSDT,-0.0000593
2025-12-10T16:00:00Z,TRXUSDT,-0.00013671
2025-12-11T00:00:00Z,TRXUSDT,0.0001
2025-12-11T08:00:00Z,TRXUSDT,0.00007737
2025-12-11T16:00:00Z,TRXUSDT,0.0001
2025-12-12T00:00:00Z,TRXUSDT,0.00004529
2025-12-12T08:00:00Z,TRXUSDT,-0.00007985
2025-12-12T16:00:00Z,TRXUSDT,-0.00020537
2025-12-13T00:00:00Z,TRXUSDT,-0.00021442
2025-12-13T08:00:00Z,TRXUSDT,-0.00012828
2025-12-13T16:00:00Z,TRXUSDT,-0.00027664
2025-12-14T00:00:00Z,TRXUSDT,-0.00027093
2025-12-14T08:00:00Z,TRXUSDT,0.0001
2025-12-14T16:00:00Z,TRXUSDT,0.0001
2025-12-15T00:00:00Z,TRXUSDT,0.0001
2025-12-15T08:00:00Z,TRXUSDT,0.0001
2025-12-15T16:00:00Z,TRXUSDT,0.0001
2025-12-16T00:00:00Z,TRXUSDT,-0.00003245
2025-12-16T08:00:00Z,TRXUSDT,0.00005126
2025-12-16T16:00:00Z,TRXUSDT,0.0001
2025-12-17T00:00:00Z,TRXUSDT,0.00002253
2025-12-17T08:00:00Z,TRXUSDT,0.00002889
2025-12-17T16:00:00Z,TRXUSDT,0.0001
2025-12-18T00:00:00Z,TRXUSDT,-0.00004377
2025-12-18T08:00:00Z,TRXUSDT,-0.00013833
2025-12-18T16:00:00Z,TRXUSDT,0.0001
2025-12-19T00:00:00Z,TRXUSDT,0.00003148
2025-12-19T08:00:00Z,TRXUSDT,0.0000399
2025-12-19T16:00:00Z,TRXUSDT,0.00000587
2025-12-20T00:00:00Z,TRXUSDT,0.0001
2025-12-20T08:00:00Z,TRXUSDT,0.0001
2025-12-20T16:00:00Z,TRXUSDT,0.0001
2025-12-21T00:00:00Z,TRXUSDT,0.0001
2025-12-21T08:00:00Z,TRXUSDT,0.0001
2025-12-21T16:00:00Z,TRXUSDT,0.0001
2025-12-22T00:00:00Z,TRXUSDT,0.0001
2025-12-22T08:00:00Z,TRXUSDT,-0.00003133
2025-12-22T16:00:00Z,TRXUSDT,-0.00005613
2025-12-23T00:00:00Z,TRXUSDT,-0.0001092
2025-12-23T08:00:00Z,TRXUSDT,0.00000561
2025-12-23T16:00:00Z,TRXUSDT,-0.00009367
2025-12-24T00:00:00Z,TRXUSDT,0.00007693
2025-12-24T08:00:00Z,TRXUSDT,-0.00008973
2025-12-24T16:00:00Z,TRXUSDT,-0.00005979
2025-12-25T00:00:00Z,TRXUSDT,-0.00029819
2025-12-25T08:00:00Z,TRXUSDT,0.00005268
2025-12-25T16:00:00Z,TRXUSDT,-0.00003957
2025-12-26T00:00:00Z,TRXUSDT,-0.00004891
2025-12-26T08:00:00Z,TRXUSDT,-0.00000067
2025-12-26T16:00:00Z,TRXUSDT,-0.00012145
2025-12-27T00:00:00Z,TRXUSDT,0.00001373
2025-12-27T08:00:00Z,TRXUSDT,-0.0000246
2025-12-27T16:00:00Z,TRXUSDT,0.00004946
2025-12-28T00:00:00Z,TRXUSDT,0.0001
2025-12-28T08:00:00Z,TRXUSDT,0.0001
2025-12-28T16:00:00Z,TRXUSDT,0.0000983
2025-12-29T00:00:00Z,TRXUSDT,0.0001
2025-12-29T08:00:00Z,TRXUSDT,0.0001
2025-12-29T16:00:00Z,TRXUSDT,-0.00004974
2025-12-30T00:00:00Z,TRXUSDT,0.0001
2025-12-30T08:00:00Z,TRXUSDT,0.0001
2025-12-30T16:00:00Z,TRXUSDT,0.0001
2025-12-31T00:00:00Z,TRXUSDT,0.0001
2025-12-31T08:00:00Z,TRXUSDT,-0.00006826
2025-12-31T16:00:00Z,TRXUSDT,-0.00005186
2026-01-01T00:00:00Z,TRXUSDT,0.00008349
2026-01-01T08:00:00Z,TRXUSDT,-0.00008194
2026-01-01T16:00:00Z,TRXUSDT,-0.00015742
2026-01-02T00:00:00Z,TRXUSDT,0.00008272
2026-01-02T08:00:00Z,TRXUSDT,-0.00007341
2026-01-02T16:00:00Z,TRXUSDT,0.00004778
2026-01-03T00:00:00Z,TRXUSDT,0.00008126
2026-01-03T08:00:00Z,TRXUSDT,0.0001
2026-01-03T16:00:00Z,TRXUSDT,0.0001
2026-01-04T00:00:00Z,TRXUSDT,0.0001
2026-01-04T08:00:00Z,TRXUSDT,0.0001
2026-01-04T16:00:00Z,TRXUSDT,0.0001
2026-01-05T00:00:00Z,TRXUSDT,0.00009507
2026-01-05T08:00:00Z,TRXUSDT,0.0001
2026-01-05T16:00:00Z,TRXUSDT,-0.00017986
2026-01-06T00:00:00Z,TRXUSDT,0.00002293
2026-01-06T08:00:00Z,TRXUSDT,0.0001
2026-01-06T16:00:00Z,TRXUSDT,-0.00006724
2026-01-07T00:00:00Z,TRXUSDT,0.0001
2026-01-07T08:00:00Z,TRXUSDT,0.0001
2026-01-07T16:00:00Z,TRXUSDT,0.0001
2026-01-08T00:00:00Z,TRXUSDT,0.0001
2026-01-08T08:00:00Z,TRXUSDT,0.00003916
2026-01-08T16:00:00Z,TRXUSDT,-0.0000268
2026-01-09T00:00:00Z,TRXUSDT,-0.00009936
2026-01-09T08:00:00Z,TRXUSDT,-0.00012735
2026-01-09T16:00:00Z,TRXUSDT,0.0001
2026-01-10T00:00:00Z,TRXUSDT,0.0001
2026-01-10T08:00:00Z,TRXUSDT,0.0001
2026-01-10T16:00:00Z,TRXUSDT,0.0001
2026-01-11T00:00:00Z,TRXUSDT,0.0001
2026-01-11T08:00:00Z,TRXUSDT,0.0001
2026-01-11T16:00:00Z,TRXUSDT,0.00003585
2026-01-12T00:00:00Z,TRXUSDT,-0.00010046
2026-01-12T08:00:00Z,TRXUSDT,-0.00015474
2026-01-12T16:00:00Z,TRXUSDT,-0.00003547
2026-01-13T00:00:00Z,TRXUSDT,0.00008024
2026-01-13T08:00:00Z,TRXUSDT,-0.00008749
2026-01-13T16:00:00Z,TRXUSDT,-0.00002494
2026-01-14T00:00:00Z,TRXUSDT,0.0001
2026-01-14T08:00:00Z,TRXUSDT,-0.00007416
2026-01-14T16:00:00Z,TRXUSDT,0.0001
2026-01-15T00:00:00Z,TRXUSDT,-0.00006252
2026-01-15T08:00:00Z,TRXUSDT,0.00002666
2026-01-15T16:00:00Z,TRXUSDT,0.0001
2026-01-16T00:00:00Z,TRXUSDT,0.00000594
2026-01-16T08:00:00Z,TRXUSDT,-0.00002688
2026-01-16T16:00:00Z,TRXUSDT,-0.0000195
2026-01-17T00:00:00Z,TRXUSDT,0.0000452
2026-01-17T08:00:00Z,TRXUSDT,0.0001
2026-01-17T16:00:00Z,TRXUSDT,0.00007387
2026-01-18T00:00:00Z,TRXUSDT,0.00001862
2026-01-18T08:00:00Z,TRXUSDT,-0.00007143
2026-01-18T16:00:00Z,TRXUSDT,0.00003665
2026-01-19T00:00:00Z,TRXUSDT,-0.00009178
2026-01-19T08:00:00Z,TRXUSDT,0.0001
2026-01-19T16:00:00Z,TRXUSDT,-0.00009436
2026-01-20T00:00:00Z,TRXUSDT,-0.0000719
2026-01-20T08:00:00Z,TRXUSDT,-0.00001674
2026-01-20T16:00:00Z,TRXUSDT,-0.00017266
2026-01-21T00:00:00Z,TRXUSDT,-0.0001091
2026-01-21T08:00:00Z,TRXUSDT,-0.00003356
2026-01-21T16:00:00Z,TRXUSDT,-0.00004191
2026-01-22T00:00:00Z,TRXUSDT,0.0001
2026-01-22T08:00:00Z,TRXUSDT,-0.00000043
2026-01-22T16:00:00Z,TRXUSDT,0.0001
2026-01-23T00:00:00Z,TRXUSDT,0.0001
2026-01-23T08:00:00Z,TRXUSDT,0.0001
2026-01-23T16:00:00Z,TRXUSDT,-0.00001404
2026-01-24T00:00:00Z,TRXUSDT,-0.00007084
2026-01-24T08:00:00Z,TRXUSDT,-0.00019018
2026-01-24T16:00:00Z,TRXUSDT,-0.00009893
2026-01-25T00:00:00Z,TRXUSDT,-0.00001467
2026-01-25T08:00:00Z,TRXUSDT,0.00000651
2026-01-25T16:00:00Z,TRXUSDT,0.00000702
2026-01-26T00:00:00Z,TRXUSDT,-0.00018464
2026-01-26T08:00:00Z,TRXUSDT,0.0000021
2026-01-26T16:00:00Z,TRXUSDT,-0.00015965
2026-01-27T00:00:00Z,TRXUSDT,0.00007588
2026-01-27T08:00:00Z,TRXUSDT,-0.00015614
2026-01-27T16:00:00Z,TRXUSDT,-0.00028039
2026-01-28T00:00:00Z,TRXUSDT,-0.00000414
2026-01-28T08:00:00Z,TRXUSDT,-0.00044939
2026-01-28T16:00:00Z,TRXUSDT,-0.00021533
2026-01-29T00:00:00Z,TRXUSDT,0.00008934
2026-01-29T08:00:00Z,TRXUSDT,-0.00008867
2026-01-29T16:00:00Z,TRXUSDT,-0.000041
2026-01-30T00:00:00Z,TRXUSDT,-0.0000883
2026-01-30T08:00:00Z,TRXUSDT,-0.00035662
2026-01-30T16:00:00Z,TRXUSDT,-0.00001536
2026-01-31T00:00:00Z,TRXUSDT,0.0001
2026-01-31T08:00:00Z,TRXUSDT,-0.0002253
2026-01-31T16:00:00Z,TRXUSDT,-0.00102895
2026-02-01T00:00:00Z,TRXUSDT,-0.00046999
2026-02-01T08:00:00Z,TRXUSDT,-0.00012973
2026-02-01T16:00:00Z,TRXUSDT,-0.0006557
2026-02-02T00:00:00Z,TRXUSDT,-0.00028168
2026-02-02T08:00:00Z,TRXUSDT,-0.00079946
2026-02-02T16:00:00Z,TRXUSDT,0.00000258
2026-02-03T00:00:00Z,TRXUSDT,-0.00009718
2026-02-03T08:00:00Z,TRXUSDT,-0.00015252
2026-02-03T16:00:00Z,TRXUSDT,-0.00016028
2026-02-04T00:00:00Z,TRXUSDT,-0.00001744
2026-02-04T08:00:00Z,TRXUSDT,0.00000486
2026-02-04T16:00:00Z,TRXUSDT,-0.00014669
2026-02-05T00:00:00Z,TRXUSDT,-0.00012309
2026-02-05T08:00:00Z,TRXUSDT,-0.00067129
2026-02-05T16:00:00Z,TRXUSDT,-0.00075499
2026-02-06T00:00:00Z,TRXUSDT,-0.00132978
2026-02-06T08:00:00Z,TRXUSDT,-0.00025009
2026-02-06T16:00:00Z,TRXUSDT,0.00005811
2026-02-07T00:00:00Z,TRXUSDT,0.0001
2026-02-07T08:00:00Z,TRXUSDT,0.00001301
2026-02-07T16:00:00Z,TRXUSDT,0.0001
2026-02-08T00:00:00Z,TRXUSDT,0.00003069
2026-02-08T08:00:00Z,TRXUSDT,-0.00012021
2026-02-08T16:00:00Z,TRXUSDT,0.00005283
2026-02-09T00:00:00Z,TRXUSDT,-0.00018042
2026-02-09T08:00:00Z,TRXUSDT,-0.00007189
2026-02-09T16:00:00Z,TRXUSDT,-0.00006863
2026-02-10T00:00:00Z,TRXUSDT,0.00007572
2026-02-10T08:00:00Z,TRXUSDT,-0.00028416
2026-02-10T16:00:00Z,TRXUSDT,-0.0000979
2026-02-11T00:00:00Z,TRXUSDT,-0.00000456
2026-02-11T08:00:00Z,TRXUSDT,-0.00048457
2026-02-11T16:00:00Z,TRXUSDT,-0.00011065
2026-02-12T00:00:00Z,TRXUSDT,0.0001
2026-02-12T08:00:00Z,TRXUSDT,0.0001
2026-02-12T16:00:00Z,TRXUSDT,0.0000155
2026-02-13T00:00:00Z,TRXUSDT,0.0001
2026-02-13T08:00:00Z,TRXUSDT,0.00002686
2026-02-13T16:00:00Z,TRXUSDT,0.0001
2026-02-14T00:00:00Z,TRXUSDT,0.0001
2026-02-14T08:00:00Z,TRXUSDT,0.0001
2026-02-14T16:00:00Z,TRXUSDT,-0.00002505
2026-02-15T00:00:00Z,TRXUSDT,-0.0000463
2026-02-15T08:00:00Z,TRXUSDT,-0.0000605
2026-02-15T16:00:00Z,TRXUSDT,-0.00010259
2026-02-16T00:00:00Z,TRXUSDT,-0.00004801
2026-02-16T08:00:00Z,TRXUSDT,-0.0001389
2026-02-16T16:00:00Z,TRXUSDT,0.0001
2026-02-17T00:00:00Z,TRXUSDT,0.0001
2026-02-17T08:00:00Z,TRXUSDT,0.0001
2026-02-17T16:00:00Z,TRXUSDT,-0.00013551
2026-02-18T00:00:00Z,TRXUSDT,0.00003823
2026-02-18T08:00:00Z,TRXUSDT,0.00007355
2026-02-18T16:00:00Z,TRXUSDT,-0.00001334
2026-02-19T00:00:00Z,TRXUSDT,-0.00008792
2026-02-19T08:00:00Z,TRXUSDT,0.00000649
2026-02-19T16:00:00Z,TRXUSDT,-0.00007905
2026-02-20T00:00:00Z,TRXUSDT,0.0001
2026-02-20T08:00:00Z,TRXUSDT,-0.0001504
2026-02-20T16:00:00Z,TRXUSDT,0.0001
2026-02-21T00:00:00Z,TRXUSDT,-0.0000034
2026-02-21T08:00:00Z,TRXUSDT,-0.00007346
2026-02-21T16:00:00Z,TRXUSDT,0.0000423
2026-02-22T00:00:00Z,TRXUSDT,0.0001
2026-02-22T08:00:00Z,TRXUSDT,-0.00005169
2026-02-22T16:00:00Z,TRXUSDT,-0.00007814
2026-02-23T00:00:00Z,TRXUSDT,0.00003637
2026-02-23T08:00:00Z,TRXUSDT,-0.0001656
2026-02-23T16:00:00Z,TRXUSDT,-0.00021079
2026-02-24T00:00:00Z,TRXUSDT,-0.00010314
2026-02-24T08:00:00Z,TRXUSDT,-0.0001797
2026-02-24T16:00:00Z,TRXUSDT,-0.00012658
2026-02-25T00:00:00Z,TRXUSDT,0.0001
2026-02-25T08:00:00Z,TRXUSDT,0.0001
2026-02-25T16:00:00Z,TRXUSDT,-0.00000231
2026-02-26T00:00:00Z,TRXUSDT,0.00001246
2026-02-26T08:00:00Z,TRXUSDT,0.0001
2026-02-26T16:00:00Z,TRXUSDT,0.0001
2026-02-27T00:00:00Z,TRXUSDT,-0.00005733
2026-02-27T08:00:00Z,TRXUSDT,-0.00010862
2026-02-27T16:00:00Z,TRXUSDT,-0.00006896
2026-02-28T00:00:00Z,TRXUSDT,0.00001568
2026-02-28T08:00:00Z,TRXUSDT,-0.00016901
2026-02-28T16:00:00Z,TRXUSDT,-0.00010074
2026-03-01T00:00:00Z,TRXUSDT,0.00004583
2026-03-01T08:00:00Z,TRXUSDT,-0.0000167
2026-03-01T16:00:00Z,TRXUSDT,-0.00009574
2026-03-02T00:00:00Z,TRXUSDT,-0.00015833
2026-03-02T08:00:00Z,TRXUSDT,-0.00018633
2026-03-02T16:00:00Z,TRXUSDT,-0.00001241
2026-03-03T00:00:00Z,TRXUSDT,-0.00004747
2026-03-03T08:00:00Z,TRXUSDT,-0.00026251
2026-03-03T16:00:00Z,TRXUSDT,-0.00021047
2026-03-04T00:00:00Z,TRXUSDT,-0.0001207
2026-03-04T08:00:00Z,TRXUSDT,0.00003909
2026-03-04T16:00:00Z,TRXUSDT,0.0001
2026-03-05T00:00:00Z,TRXUSDT,0.00000947
2026-03-05T08:00:00Z,TRXUSDT,-0.00008846
2026-03-05T16:00:00Z,TRXUSDT,-0.00013529
2026-03-06T00:00:00Z,TRXUSDT,0.00003835
2026-03-06T08:00:00Z,TRXUSDT,0.00004877
2026-03-06T16:00:00Z,TRXUSDT,-0.00012867
2026-03-07T00:00:00Z,TRXUSDT,-0.00026028
2026-03-07T08:00:00Z,TRXUSDT,-0.00039264
2026-03-07T16:00:00Z,TRXUSDT,-0.00016663
2026-03-08T00:00:00Z,TRXUSDT,0.00006718
2026-03-08T08:00:00Z,TRXUSDT,-0.00007588
2026-03-08T16:00:00Z,TRXUSDT,0.00005276
2026-03-09T00:00:00Z,TRXUSDT,-0.00008663
2026-03-09T08:00:00Z,TRXUSDT,0.00001917
2026-03-09T16:00:00Z,TRXUSDT,-0.00004079
2026-03-10T00:00:00Z,TRXUSDT,-0.00010387
2026-03-10T08:00:00Z,TRXUSDT,-0.00008408
2026-03-10T16:00:00Z,TRXUSDT,-0.00017789
2026-03-11T00:00:00Z,TRXUSDT,-0.00016543
2026-03-11T08:00:00Z,TRXUSDT,0.00006552
2026-03-11T16:00:00Z,TRXUSDT,0.0001
2026-03-12T00:00:00Z,TRXUSDT,0.0001
2026-03-12T08:00:00Z,TRXUSDT,-0.00000947
2026-03-12T16:00:00Z,TRXUSDT,-0.00000954
2026-03-13T00:00:00Z,TRXUSDT,-0.00002526
2026-03-13T08:00:00Z,TRXUSDT,-0.00015117
2026-03-13T16:00:00Z,TRXUSDT,-0.00001895
2026-03-14T00:00:00Z,TRXUSDT,0.00005421
2026-03-14T08:00:00Z,TRXUSDT,0.00007699
2026-03-14T16:00:00Z,TRXUSDT,0.0001
2026-03-15T00:00:00Z,TRXUSDT,-0.00002191
2026-03-15T08:00:00Z,TRXUSDT,-0.00008126
2026-03-15T16:00:00Z,TRXUSDT,0.00003756
2026-03-16T00:00:00Z,TRXUSDT,-0.00001045
2026-03-16T08:00:00Z,TRXUSDT,0.00000745
2026-03-16T16:00:00Z,TRXUSDT,-0.0000142
2026-03-17T00:00:00Z,TRXUSDT,-0.00007621
2026-03-17T08:00:00Z,TRXUSDT,0.0001
2026-03-17T16:00:00Z,TRXUSDT,0.0001
2026-03-18T00:00:00Z,TRXUSDT,0.0001
2026-03-18T08:00:00Z,TRXUSDT,0.00001542
2026-03-18T16:00:00Z,TRXUSDT,0.00003117
2026-03-19T00:00:00Z,TRXUSDT,0.00006435
2026-03-19T08:00:00Z,TRXUSDT,-0.00002839
2026-03-19T16:00:00Z,TRXUSDT,0.00002226
2026-03-20T00:00:00Z,TRXUSDT,0.00001197
2026-03-20T08:00:00Z,TRXUSDT,-0.0000553
2026-03-20T16:00:00Z,TRXUSDT,0.00004842
2026-03-21T00:00:00Z,TRXUSDT,0.00008629
2026-03-21T08:00:00Z,TRXUSDT,0.00008166
2026-03-21T16:00:00Z,TRXUSDT,0.00004384
2026-03-22T00:00:00Z,TRXUSDT,0.00006938
2026-03-22T08:00:00Z,TRXUSDT,0.0000758
2026-03-22T16:00:00Z,TRXUSDT,0.00004935
2026-03-23T00:00:00Z,TRXUSDT,-0.00011856
2026-03-23T08:00:00Z,TRXUSDT,-0.00016798
2026-03-23T16:00:00Z,TRXUSDT,-0.00003099
2026-03-24T00:00:00Z,TRXUSDT,-0.00004365
2026-03-24T08:00:00Z,TRXUSDT,0.0000602
2026-03-24T16:00:00Z,TRXUSDT,0.0000689
2026-03-25T00:00:00Z,TRXUSDT,-0.00009
2026-03-25T08:00:00Z,TRXUSDT,-0.00003798
2026-03-25T16:00:00Z,TRXUSDT,0.00000112
2026-03-26T00:00:00Z,TRXUSDT,0.00006269
2026-03-26T08:00:00Z,TRXUSDT,0.00001009
2026-03-26T16:00:00Z,TRXUSDT,-0.00000319
2026-03-27T00:00:00Z,TRXUSDT,-0.00005954
2026-03-27T08:00:00Z,TRXUSDT,0.00003909
2026-03-27T16:00:00Z,TRXUSDT,-0.00013211
2026-03-28T00:00:00Z,TRXUSDT,-0.00003927
2026-03-28T08:00:00Z,TRXUSDT,-0.00001804
2026-03-28T16:00:00Z,TRXUSDT,0.00002363
2026-03-29T00:00:00Z,TRXUSDT,-0.00004118
2026-03-29T08:00:00Z,TRXUSDT,-0.0000314
2026-03-29T16:00:00Z,TRXUSDT,-0.00005724
2026-03-30T00:00:00Z,TRXUSDT,-0.00000729
2026-03-30T08:00:00Z,TRXUSDT,0.00002143
2026-03-30T16:00:00Z,TRXUSDT,-0.0000834
2026-03-31T00:00:00Z,TRXUSDT,-0.00000151
2026-03-31T08:00:00Z,TRXUSDT,-0.00002709
2026-03-31T16:00:00Z,TRXUSDT,-0.00005314
2026-04-01T00:00:00Z,TRXUSDT,-0.00013412
2026-04-01T08:00:00Z,TRXUSDT,0.0001
2026-04-01T16:00:00Z,TRXUSDT,-0.00001247
2026-04-02T00:00:00Z,TRXUSDT,0.0001
2026-04-02T08:00:00Z,TRXUSDT,-0.00001278
2026-04-02T16:00:00Z,TRXUSDT,-0.00003842
2026-04-03T00:00:00Z,TRXUSDT,-0.00001524
2026-04-03T08:00:00Z,TRXUSDT,-0.00008809
2026-04-03T16:00:00Z,TRXUSDT,0.00006762
2026-04-04T00:00:00Z,TRXUSDT,0.0001
2026-04-04T08:00:00Z,TRXUSDT,0.00009548
2026-04-04T16:00:00Z,TRXUSDT,-0.00001235
2026-04-05T00:00:00Z,TRXUSDT,-0.00001092
2026-04-05T08:00:00Z,TRXUSDT,0.00000165
2026-04-05T16:00:00Z,TRXUSDT,-0.00002479
2026-04-06T00:00:00Z,TRXUSDT,-0.00002507
2026-04-06T08:00:00Z,TRXUSDT,-0.00005212
2026-04-06T16:00:00Z,TRXUSDT,0.00002636
2026-04-07T00:00:00Z,TRXUSDT,-0.00012129
2026-04-07T08:00:00Z,TRXUSDT,-0.0000288
2026-04-07T16:00:00Z,TRXUSDT,-0.00035827
2026-04-08T00:00:00Z,TRXUSDT,0.00008
2026-04-08T08:00:00Z,TRXUSDT,-0.00001049
2026-04-08T16:00:00Z,TRXUSDT,0.0001
2026-04-09T00:00:00Z,TRXUSDT,-0.00000252
2026-04-09T08:00:00Z,TRXUSDT,-0.00004956
2026-04-09T16:00:00Z,TRXUSDT,0.00008859
2026-04-10T00:00:00Z,TRXUSDT,0.0001
2026-04-10T08:00:00Z,TRXUSDT,0.00003311
2026-04-10T16:00:00Z,TRXUSDT,-0.00006069
2026-04-11T00:00:00Z,TRXUSDT,0.00001332
2026-04-11T08:00:00Z,TRXUSDT,0.00001404
2026-04-11T16:00:00Z,TRXUSDT,0.0000011
2026-04-12T00:00:00Z,TRXUSDT,0.0001
2026-04-12T08:00:00Z,TRXUSDT,0.00004476
2026-04-12T16:00:00Z,TRXUSDT,0.0001
2026-04-13T00:00:00Z,TRXUSDT,-0.00005656
2026-04-13T08:00:00Z,TRXUSDT,0.00001105
2026-04-13T16:00:00Z,TRXUSDT,0.00001504
2026-04-14T00:00:00Z,TRXUSDT,0.0001
2026-04-14T08:00:00Z,TRXUSDT,0.0001
2026-04-14T16:00:00Z,TRXUSDT,0.0001
2026-04-15T00:00:00Z,TRXUSDT,0.0001
2026-04-15T08:00:00Z,TRXUSDT,-0.00000321
2026-04-15T16:00:00Z,TRXUSDT,0.00001942
2026-04-16T00:00:00Z,TRXUSDT,0.00005257
2026-04-16T08:00:00Z,TRXUSDT,-0.00004436
2026-04-16T16:00:00Z,TRXUSDT,0.0000126
2026-04-17T00:00:00Z,TRXUSDT,0.00009363
2026-04-17T08:00:00Z,TRXUSDT,0.00000332
2026-04-17T16:00:00Z,TRXUSDT,-0.00003793
2026-04-18T00:00:00Z,TRXUSDT,0.0001
2026-04-18T08:00:00Z,TRXUSDT,0.00001615
2026-04-18T16:00:00Z,TRXUSDT,0.00008023
2026-04-19T00:00:00Z,TRXUSDT,-0.00008961
2026-04-19T08:00:00Z,TRXUSDT,0.00009465
2026-04-19T16:00:00Z,TRXUSDT,0.0001
2026-04-20T00:00:00Z,TRXUSDT,-0.00010317
2026-04-20T08:00:00Z,TRXUSDT,0.00009497
2026-04-20T16:00:00Z,TRXUSDT,-0.00006774
2026-04-21T00:00:00Z,TRXUSDT,0.00008847
2026-04-21T08:00:00Z,TRXUSDT,0.00005427
2026-04-21T16:00:00Z,TRXUSDT,0.0001
2026-04-22T00:00:00Z,TRXUSDT,0.00004056
2026-04-22T08:00:00Z,TRXUSDT,-0.00001232
2026-04-22T16:00:00Z,TRXUSDT,-0.00004375
2026-04-23T00:00:00Z,TRXUSDT,0.00004836
2026-04-23T08:00:00Z,TRXUSDT,-0.00013881
2026-04-23T16:00:00Z,TRXUSDT,-0.00012856
2026-04-24T00:00:00Z,TRXUSDT,-0.00002499
2026-04-24T08:00:00Z,TRXUSDT,-0.00027531
2026-04-24T16:00:00Z,TRXUSDT,-0.00022998
2026-04-25T00:00:00Z,TRXUSDT,-0.00059852
2026-04-25T08:00:00Z,TRXUSDT,-0.00022901
2026-04-25T16:00:00Z,TRXUSDT,-0.0002947
2026-04-26T00:00:00Z,TRXUSDT,0.00002196
2026-04-26T08:00:00Z,TRXUSDT,-0.0001802
2026-04-26T16:00:00Z,TRXUSDT,-0.00018116
2026-04-27T00:00:00Z,TRXUSDT,-0.00008243
2026-04-27T08:00:00Z,TRXUSDT,-0.00006586
2026-04-27T16:00:00Z,TRXUSDT,0.00004128
2026-04-28T00:00:00Z,TRXUSDT,-0.00005486
2026-04-28T08:00:00Z,TRXUSDT,-0.00022306
2026-04-28T16:00:00Z,TRXUSDT,-0.00005843
2026-04-29T00:00:00Z,TRXUSDT,-0.00009789
2026-04-29T08:00:00Z,TRXUSDT,-0.00060259
2026-04-29T16:00:00Z,TRXUSDT,-0.00012251
2026-04-30T00:00:00Z,TRXUSDT,-0.00001608
2026-04-30T08:00:00Z,TRXUSDT,0.00001906
2026-04-30T16:00:00Z,TRXUSDT,-0.00003055
2026-05-01T00:00:00Z,TRXUSDT,0.00002011
2026-05-01T08:00:00Z,TRXUSDT,-0.00010847
2026-05-01T16:00:00Z,TRXUSDT,0.00005551
2026-05-02T00:00:00Z,TRXUSDT,0.00007526
2026-05-02T08:00:00Z,TRXUSDT,0.00003834
2026-05-02T16:00:00Z,TRXUSDT,0.00006233
2026-05-03T00:00:00Z,TRXUSDT,-0.00017049
2026-05-03T08:00:00Z,TRXUSDT,0.0001
2026-05-03T16:00:00Z,TRXUSDT,0.0001
2026-05-04T00:00:00Z,TRXUSDT,0.0001
2026-05-04T08:00:00Z,TRXUSDT,0.0001
2026-05-04T16:00:00Z,TRXUSDT,0.0001
2026-05-05T00:00:00Z,TRXUSDT,0.0001
2026-05-05T08:00:00Z,TRXUSDT,0.0001
2026-05-05T16:00:00Z,TRXUSDT,0.0001
2026-05-06T00:00:00Z,TRXUSDT,0.0001
2026-05-06T08:00:00Z,TRXUSDT,0.0001
2026-05-06T16:00:00Z,TRXUSDT,0.0001
2026-05-07T00:00:00Z,TRXUSDT,0.00006035
2026-05-07T08:00:00Z,TRXUSDT,0.00005428
2026-05-07T16:00:00Z,TRXUSDT,0.00005831
2026-05-08T00:00:00Z,TRXUSDT,0.00007933
2026-05-08T08:00:00Z,TRXUSDT,0.0001
2026-05-08T16:00:00Z,TRXUSDT,0.00005883
2026-05-09T00:00:00Z,TRXUSDT,0.0000904
2026-05-09T08:00:00Z,TRXUSDT,0.0001
2026-05-09T16:00:00Z,TRXUSDT,0.00006889
2026-05-10T00:00:00Z,TRXUSDT,0.00002717
2026-05-10T08:00:00Z,TRXUSDT,0.00000201
2026-05-10T16:00:00Z,TRXUSDT,0.00008979
2026-05-11T00:00:00Z,TRXUSDT,-0.00000718
2026-05-11T08:00:00Z,TRXUSDT,0.00002925
2026-05-11T16:00:00Z,TRXUSDT,0.00004949
2026-05-12T00:00:00Z,TRXUSDT,0.00003847
2026-05-12T08:00:00Z,TRXUSDT,0.0001
2026-05-12T16:00:00Z,TRXUSDT,-0.00001695
2026-05-13T00:00:00Z,TRXUSDT,0.00003608
2026-05-13T08:00:00Z,TRXUSDT,0.00005501
2026-05-13T16:00:00Z,TRXUSDT,0.0001
2026-05-14T00:00:00Z,TRXUSDT,-0.00001223
2026-05-14T08:00:00Z,TRXUSDT,0.0001
2026-05-14T16:00:00Z,TRXUSDT,0.0001
2026-05-15T00:00:00Z,TRXUSDT,0.00005305
2026-05-15T08:00:00Z,TRXUSDT,0.00004263
2026-05-15T16:00:00Z,TRXUSDT,-0.00004329
2026-05-16T00:00:00Z,TRXUSDT,-0.00006279
2026-05-16T08:00:00Z,TRXUSDT,-0.00008693
2026-05-16T16:00:00Z,TRXUSDT,0.00003245
2026-05-17T00:00:00Z,TRXUSDT,0.0001
2026-05-17T08:00:00Z,TRXUSDT,-0.00010853
2026-05-17T16:00:00Z,TRXUSDT,0.0001
2026-05-18T00:00:00Z,TRXUSDT,-0.00000257
2026-05-18T08:00:00Z,TRXUSDT,0.00001089
2026-05-18T16:00:00Z,TRXUSDT,0.00004084
2026-05-19T00:00:00Z,TRXUSDT,0.0001
2026-05-19T08:00:00Z,TRXUSDT,0.0000853
2026-05-19T16:00:00Z,TRXUSDT,-0.00005272
2026-05-20T00:00:00Z,TRXUSDT,0.00000418
2026-05-20T08:00:00Z,TRXUSDT,0.00009186
2026-05-20T16:00:00Z,TRXUSDT,0.0001
2026-05-21T00:00:00Z,TRXUSDT,0.0001
2026-05-21T08:00:00Z,TRXUSDT,0.0001
2026-05-21T16:00:00Z,TRXUSDT,0.0001
2026-05-22T00:00:00Z,TRXUSDT,0.0001
2026-05-22T08:00:00Z,TRXUSDT,0.0001
2026-05-22T16:00:00Z,TRXUSDT,0.0001
2026-05-23T00:00:00Z,TRXUSDT,0.00001223
2026-05-23T08:00:00Z,TRXUSDT,-0.00001353
2026-05-23T16:00:00Z,TRXUSDT,0.00000103
2026-05-24T00:00:00Z,TRXUSDT,0.0001
2026-05-24T08:00:00Z,TRXUSDT,0.00005219
2026-05-24T16:00:00Z,TRXUSDT,0.0001
2026-05-25T00:00:00Z,TRXUSDT,0.0000307
2026-05-25T08:00:00Z,TRXUSDT,0.0001
2026-05-25T16:00:00Z,TRXUSDT,0.00006301
2026-05-26T00:00:00Z,TRXUSDT,0.00004743
2026-05-26T08:00:00Z,TRXUSDT,0.0000312
2026-05-26T16:00:00Z,TRXUSDT,0.00002577
2026-05-27T00:00:00Z,TRXUSDT,0.0000191
2026-05-27T08:00:00Z,TRXUSDT,-0.00003692
2026-05-27T16:00:00Z,TRXUSDT,-0.00000392
2026-05-28T00:00:00Z,TRXUSDT,-0.00009159
2026-05-28T08:00:00Z,TRXUSDT,-0.00025268
2026-05-28T16:00:00Z,TRXUSDT,-0.00010361
2026-05-29T00:00:00Z,TRXUSDT,-0.0000519
2026-05-29T08:00:00Z,TRXUSDT,-0.00005644
2026-05-29T16:00:00Z,TRXUSDT,-0.0002015
2026-05-30T00:00:00Z,TRXUSDT,-0.00035773
2026-05-30T08:00:00Z,TRXUSDT,-0.00031132
2026-05-30T16:00:00Z,TRXUSDT,-0.00001599
2026-05-31T00:00:00Z,TRXUSDT,-0.00006536
2026-05-31T08:00:00Z,TRXUSDT,-0.00003228
2026-05-31T16:00:00Z,TRXUSDT,-0.00001964
2026-06-01T00:00:00Z,TRXUSDT,0.0001
2026-06-01T08:00:00Z,TRXUSDT,0.00005018
2026-06-01T16:00:00Z,TRXUSDT,-0.0001899
2026-06-02T00:00:00Z,TRXUSDT,-0.00038482
2026-06-02T08:00:00Z,TRXUSDT,-0.00066894
2026-06-02T16:00:00Z,TRXUSDT,-0.00060257
2026-06-03T00:00:00Z,TRXUSDT,-0.00085924
2026-06-03T08:00:00Z,TRXUSDT,-0.0001616
2026-06-03T16:00:00Z,TRXUSDT,-0.00004226
2026-06-04T00:00:00Z,TRXUSDT,-0.00012352
2026-06-04T08:00:00Z,TRXUSDT,-0.00088684
2026-06-04T16:00:00Z,TRXUSDT,-0.00064267
2026-06-05T00:00:00Z,TRXUSDT,-0.00054012
2026-06-05T08:00:00Z,TRXUSDT,-0.00126734
2026-06-05T16:00:00Z,TRXUSDT,-0.00051469
2026-06-06T00:00:00Z,TRXUSDT,-0.00056872
2026-06-06T08:00:00Z,TRXUSDT,-0.000727
2026-06-06T16:00:00Z,TRXUSDT,-0.0002804
2026-06-07T00:00:00Z,TRXUSDT,-0.00011784
2026-06-07T08:00:00Z,TRXUSDT,-0.00001987
2026-06-07T16:00:00Z,TRXUSDT,-0.00014961
2026-06-08T00:00:00Z,TRXUSDT,-0.00028624
2026-06-08T08:00:00Z,TRXUSDT,-0.00013776
2026-06-08T16:00:00Z,TRXUSDT,-0.00015393
2026-06-09T00:00:00Z,TRXUSDT,-0.00016136
2026-06-09T08:00:00Z,TRXUSDT,-0.0004383
2026-06-09T16:00:00Z,TRXUSDT,-0.00034279
2026-06-10T00:00:00Z,TRXUSDT,-0.00031078
2026-06-10T08:00:00Z,TRXUSDT,-0.00023742
2026-06-10T16:00:00Z,TRXUSDT,-0.00020737
2026-06-11T00:00:00Z,TRXUSDT,-0.00036465
2026-06-11T08:00:00Z,TRXUSDT,-0.00011497
2026-06-11T16:00:00Z,TRXUSDT,-0.00013445
2026-06-12T00:00:00Z,TRXUSDT,-0.00112735
2026-06-12T08:00:00Z,TRXUSDT,-0.00060404
2026-06-12T16:00:00Z,TRXUSDT,-0.00050819
2026-06-13T00:00:00Z,TRXUSDT,-0.00037032
2026-06-13T08:00:00Z,TRXUSDT,-0.00028837
2026-06-13T16:00:00Z,TRXUSDT,-0.00012913
2026-06-14T00:00:00Z,TRXUSDT,-0.00016105
2026-06-14T08:00:00Z,TRXUSDT,-0.00051162
2026-06-14T16:00:00Z,TRXUSDT,-0.00027087
2026-06-15T00:00:00Z,TRXUSDT,-0.00013589
2026-06-15T08:00:00Z,TRXUSDT,-0.00016177
2026-06-15T16:00:00Z,TRXUSDT,-0.00018017
2026-06-16T00:00:00Z,TRXUSDT,-0.00012342
2026-06-16T08:00:00Z,TRXUSDT,-0.00032903
2026-06-16T16:00:00Z,TRXUSDT,-0.00059789
2026-06-17T00:00:00Z,TRXUSDT,-0.00069247
2026-06-17T08:00:00Z,TRXUSDT,-0.0003335
2026-06-17T16:00:00Z,TRXUSDT,-0.00006042
2026-06-18T00:00:00Z,TRXUSDT,-0.00010566
2026-06-18T08:00:00Z,TRXUSDT,-0.00026731
2026-06-18T16:00:00Z,TRXUSDT,-0.00044457
2026-06-19T00:00:00Z,TRXUSDT,-0.00023607
2026-06-19T08:00:00Z,TRXUSDT,-0.00007478
2026-06-19T16:00:00Z,TRXUSDT,-0.00007788
2026-06-20T00:00:00Z,TRXUSDT,-0.00003254
2026-06-20T08:00:00Z,TRXUSDT,-0.0001597
2026-06-20T16:00:00Z,TRXUSDT,-0.00003272
2026-06-21T00:00:00Z,TRXUSDT,-0.00002983
2026-06-21T08:00:00Z,TRXUSDT,-0.00001568
2026-06-21T16:00:00Z,TRXUSDT,-0.00006371
2026-06-22T00:00:00Z,TRXUSDT,-0.00009133
2026-06-22T08:00:00Z,TRXUSDT,0.00002637
2026-06-22T16:00:00Z,TRXUSDT,0.00000706
2026-06-23T00:00:00Z,TRXUSDT,-0.00005851
2026-06-23T08:00:00Z,TRXUSDT,-0.00013868
2026-06-23T16:00:00Z,TRXUSDT,-0.00017835
2026-06-24T00:00:00Z,TRXUSDT,-0.00019204
2026-06-24T08:00:00Z,TRXUSDT,-0.00014992
2026-06-24T16:00:00Z,TRXUSDT,-0.00027999
2026-06-25T00:00:00Z,TRXUSDT,0.00001806
2026-06-25T08:00:00Z,TRXUSDT,-0.00000159
2026-06-25T16:00:00Z,TRXUSDT,-0.00017569
2026-06-26T00:00:00Z,TRXUSDT,-0.00002781
2026-06-26T08:00:00Z,TRXUSDT,-0.00005713
2026-06-26T16:00:00Z,TRXUSDT,-0.00024612
2026-06-27T00:00:00Z,TRXUSDT,-0.00012621
2026-06-27T08:00:00Z,TRXUSDT,-0.00002902
2026-06-27T16:00:00Z,TRXUSDT,-0.00010229
2026-06-28T00:00:00Z,TRXUSDT,-0.00003718
2026-06-28T08:00:00Z,TRXUSDT,-0.00004301
2026-06-28T16:00:00Z,TRXUSDT,-0.00001126
2026-06-29T00:00:00Z,TRXUSDT,-0.00015646
2026-06-29T08:00:00Z,TRXUSDT,-0.00008032
2026-06-29T16:00:00Z,TRXUSDT,-0.00012597
2026-06-30T00:00:00Z,TRXUSDT,-0.00002109
2026-06-30T08:00:00Z,TRXUSDT,-0.00026034
2026-06-30T16:00:00Z,TRXUSDT,-0.00052656
2026-07-01T00:00:00Z,TRXUSDT,-0.00045554
2026-07-01T08:00:00Z,TRXUSDT,-0.00017436
2026-07-01T16:00:00Z,TRXUSDT,-0.00008264
2026-07-02T00:00:00Z,TRXUSDT,-0.00019676
2026-07-02T08:00:00Z,TRXUSDT,-0.00030346
2026-07-02T16:00:00Z,TRXUSDT,-0.00027863
2026-07-03T00:00:00Z,TRXUSDT,-0.00054592
2026-07-03T08:00:00Z,TRXUSDT,-0.00045284
2026-07-03T16:00:00Z,TRXUSDT,-0.00016617
2026-07-04T00:00:00Z,TRXUSDT,0.0000164
2026-07-04T08:00:00Z,TRXUSDT,-0.00008327
2026-07-04T16:00:00Z,TRXUSDT,-0.00005671
2026-07-05T00:00:00Z,TRXUSDT,-0.00013501
2026-07-05T08:00:00Z,TRXUSDT,-0.00009671
2026-07-05T16:00:00Z,TRXUSDT,0.00005409
2026-07-06T00:00:00Z,TRXUSDT,0.00002048
2026-07-06T08:00:00Z,TRXUSDT,0.00001367
2026-07-06T16:00:00Z,TRXUSDT,-0.00011561
2026-07-07T00:00:00Z,TRXUSDT,0.00004689
2026-07-07T08:00:00Z,TRXUSDT,-0.00009079
2026-07-07T16:00:00Z,TRXUSDT,-0.00003336
2026-07-08T00:00:00Z,TRXUSDT,0.00002036
2026-07-08T08:00:00Z,TRXUSDT,-0.00017013
2026-07-08T16:00:00Z,TRXUSDT,-0.00010469
2026-07-09T00:00:00Z,TRXUSDT,0.00000442
2026-07-09T08:00:00Z,TRXUSDT,0.0001
2026-07-09T16:00:00Z,TRXUSDT,0.00003312
2026-07-10T00:00:00Z,TRXUSDT,0.00006032
2026-07-10T08:00:00Z,TRXUSDT,-0.00000155
2026-07-10T16:00:00Z,TRXUSDT,-0.00010384
2026-07-11T00:00:00Z,TRXUSDT,-0.00002748
2026-07-11T08:00:00Z,TRXUSDT,-0.00020805
2026-07-11T16:00:00Z,TRXUSDT,0.0001
2026-07-12T00:00:00Z,TRXUSDT,-0.00012302
2026-07-12T08:00:00Z,TRXUSDT,-0.00023171
2026-07-12T16:00:00Z,TRXUSDT,0.00000529
2026-07-13T00:00:00Z,TRXUSDT,-0.00006352
2026-07-13T08:00:00Z,TRXUSDT,-0.00018731
2026-07-13T16:00:00Z,TRXUSDT,-0.00040436
2026-07-14T00:00:00Z,TRXUSDT,-0.00052775
2026-07-14T08:00:00Z,TRXUSDT,-0.00026999
2026-07-14T16:00:00Z,TRXUSDT,-0.00009336
2026-07-15T00:00:00Z,TRXUSDT,-0.00017347
2026-07-15T08:00:00Z,TRXUSDT,0.00000419
2026-07-15T16:00:00Z,TRXUSDT,-0.0000565
2026-07-16T00:00:00Z,TRXUSDT,-0.00034723
2026-07-16T08:00:00Z,TRXUSDT,-0.00039155
2026-07-16T16:00:00Z,TRXUSDT,-0.00063968
2026-07-17T00:00:00Z,TRXUSDT,-0.00044553
2026-07-17T08:00:00Z,TRXUSDT,-0.00043911
2026-07-17T16:00:00Z,TRXUSDT,-0.00012122
2026-07-18T00:00:00Z,TRXUSDT,-0.00025429
2026-07-18T08:00:00Z,TRXUSDT,-0.00043744
2026-07-18T16:00:00Z,TRXUSDT,-0.00019629
2026-07-19T00:00:00Z,TRXUSDT,0.00002826
2026-07-19T08:00:00Z,TRXUSDT,-0.00012521
2026-07-19T16:00:00Z,TRXUSDT,-0.00007498
2026-07-20T00:00:00Z,TRXUSDT,-0.00003746
2026-07-20T08:00:00Z,TRXUSDT,-0.00015867
2026-07-20T16:00:00Z,TRXUSDT,-0.000073
2026-07-21T00:00:00Z,TRXUSDT,0.0001
2026-07-21T08:00:00Z,TRXUSDT,0.00008106
2026-07-21T16:00:00Z,TRXUSDT,0.0001
2026-07-22T00:00:00Z,TRXUSDT,0.00005069
2026-07-22T08:00:00Z,TRXUSDT,-0.00008821
2026-07-22T16:00:00Z,TRXUSDT,-0.00007417
2026-07-23T00:00:00Z,TRXUSDT,-0.00003067
2026-07-23T08:00:00Z,TRXUSDT,-0.00001841
2026-07-23T16:00:00Z,TRXUSDT,-0.00005554
2026-07-24T00:00:00Z,TRXUSDT,0.00005664
2026-07-24T08:00:00Z,TRXUSDT,0.0001
2026-07-24T16:00:00Z,TRXUSDT,0.00003425
2026-07-25T00:00:00Z,TRXUSDT,-0.00001579
2026-07-25T08:00:00Z,TRXUSDT,-0.00013668
2026-07-25T16:00:00Z,TRXUSDT,-0.00001345
2026-07-26T00:00:00Z,TRXUSDT,0.000067
2026-07-26T08:00:00Z,TRXUSDT,-0.00004389
2026-07-26T16:00:00Z,TRXUSDT,0.00003476
2026-07-27T00:00:00Z,TRXUSDT,0.0000093
2026-07-27T08:00:00Z,TRXUSDT,-0.00004269
2026-07-27T16:00:00Z,TRXUSDT,-0.00020066
2026-07-28T00:00:00Z,TRXUSDT,-0.00027364
2026-07-28T08:00:00Z,TRXUSDT,-0.00011874
2026-07-28T16:00:00Z,TRXUSDT,-0.00013284
2026-07-29T00:00:00Z,TRXUSDT,-0.00005005
2026-07-29T08:00:00Z,TRXUSDT,0.00002062
2026-07-29T16:00:00Z,TRXUSDT,-0.00010678
2026-07-30T00:00:00Z,TRXUSDT,-0.00017491
2026-07-30T08:00:00Z,TRXUSDT,-0.00002725
2026-07-30T16:00:00Z,TRXUSDT,-0.00005943
2026-07-31T00:00:00Z,TRXUSDT,-0.00005139
2026-07-31T08:00:00Z,TRXUSDT,-0.00008445
2026-07-31T16:00:00Z,TRXUSDT,-0.00011197
2026-08-01T00:00:00Z,TRXUSDT,-0.00001077
2026-08-01T08:00:00Z,TRXUSDT,0.00005607
2026-08-01T16:00:00Z,TRXUSDT,0.00003329
2026-08-02T00:00:00Z,TRXUSDT,-0.00001064
2026-08-02T08:00:00Z,TRXUSDT,0.00000546
2026-08-02T16:00:00Z,TRXUSDT,-0.00007931
2026-08-03T00:00:00Z,TRXUSDT,-0.00012366
2026-08-03T08:00:00Z,TRXUSDT,-0.00017635
2026-08-03T16:00:00Z,TRXUSDT,0.00005168
2026-08-04T00:00:00Z,TRXUSDT,0.00006303
2026-08-04T08:00:00Z,TRXUSDT,-0.00000925
2026-08-04T16:00:00Z,TRXUSDT,-0.00001911
2026-08-05T00:00:00Z,TRXUSDT,-0.00010253
2026-08-05T08:00:00Z,TRXUSDT,-0.00008347
2026-08-05T16:00:00Z,TRXUSDT,-0.00009046
2026-08-06T00:00:00Z,TRXUSDT,-0.00014866
2026-08-06T08:00:00Z,TRXUSDT,-0.00004498
2026-08-06T16:00:00Z,TRXUSDT,-0.00006506
2026-08-07T00:00:00Z,TRXUSDT,-0.00009279
2026-08-07T08:00:00Z,TRXUSDT,-0.00021125
2026-08-07T16:00:00Z,TRXUSDT,-0.00017281
2026-08-08T00:00:00Z,TRXUSDT,-0.00016577
2026-08-08T08:00:00Z,TRXUSDT,-0.0001224
2026-08-08T16:00:00Z,TRXUSDT,-0.00013217
2026-08-09T00:00:00Z,TRXUSDT,-0.00011441
2026-08-09T08:00:00Z,TRXUSDT,-0.00002028
2026-08-09T16:00:00Z,TRXUSDT,-0.00006561
2026-08-10T00:00:00Z,TRXUSDT,-0.00013598
2026-08-10T08:00:00Z,TRXUSDT,-0.00006794
2026-08-10T16:00:00Z,TRXUSDT,-0.00002045
2026-08-11T00:00:00Z,TRXUSDT,-0.00001975
2026-08-11T08:00:00Z,TRXUSDT,-0.00002604
2026-08-11T16:00:00Z,TRXUSDT,0.0001
2026-08-12T00:00:00Z,TRXUSDT,0.0001
2026-08-12T08:00:00Z,TRXUSDT,0.0001
2026-08-12T16:00:00Z,TRXUSDT,-0.00007669
2026-08-13T00:00:00Z,TRXUSDT,0.00000971
2026-08-13T08:00:00Z,TRXUSDT,0.00002787
2026-08-13T16:00:00Z,TRXUSDT,0.0001
2026-08-14T00:00:00Z,TRXUSDT,0.0000729
2026-08-14T08:00:00Z,TRXUSDT,0.00000814
2026-08-14T16:00:00Z,TRXUSDT,-0.00009829
2026-08-15T00:00:00Z,TRXUSDT,0.00003113
2026-08-15T08:00:00Z,TRXUSDT,0.0001
2026-08-15T16:00:00Z,TRXUSDT,0.00001631
2026-08-16T00:00:00Z,TRXUSDT,0.00000685
2026-08-16T08:00:00Z,TRXUSDT,-0.00008795
2026-08-16T16:00:00Z,TRXUSDT,0.00004629
2026-08-17T00:00:00Z,TRXUSDT,-0.00010574
2026-08-17T08:00:00Z,TRXUSDT,0.0001
2026-08-17T16:00:00Z,TRXUSDT,-0.00013522
2026-08-18T00:00:00Z,TRXUSDT,-0.00010963
2026-08-18T08:00:00Z,TRXUSDT,-0.00001336
2026-08-18T16:00:00Z,TRXUSDT,-0.00009951
2026-08-19T00:00:00Z,TRXUSDT,-0.00011042
2026-08-19T08:00:00Z,TRXUSDT,-0.00001276
2026-08-19T16:00:00Z,TRXUSDT,-0.00007026
2026-08-20T00:00:00Z,TRXUSDT,0.0001
2026-08-20T08:00:00Z,TRXUSDT,0.00000433
2026-08-20T16:00:00Z,TRXUSDT,0.00004876
2026-08-21T00:00:00Z,TRXUSDT,0.00004321
2026-08-21T08:00:00Z,TRXUSDT,0.0001
2026-08-21T16:00:00Z,TRXUSDT,0.0001
2026-08-22T00:00:00Z,TRXUSDT,0.0001
2026-08-22T08:00:00Z,TRXUSDT,0.0001
2026-08-22T16:00:00Z,TRXUSDT,0.0001
2026-08-23T00:00:00Z,TRXUSDT,0.0001
2026-08-23T08:00:00Z,TRXUSDT,0.00007138
2026-08-23T16:00:00Z,TRXUSDT,0.0001
2026-08-24T00:00:00Z,TRXUSDT,0.0001
2026-08-24T08:00:00Z,TRXUSDT,0.0001
2026-08-24T16:00:00Z,TRXUSDT,0.00005926
2026-08-25T00:00:00Z,TRXUSDT,0.0001
2026-08-25T08:00:00Z,TRXUSDT,0.00009764
2026-08-25T16:00:00Z,TRXUSDT,0.00005479
2026-08-26T00:00:00Z,TRXUSDT,-0.00010638
2026-08-26T08:00:00Z,TRXUSDT,-0.00002614
2026-08-26T16:00:00Z,TRXUSDT,-0.00039178
2026-08-27T00:00:00Z,TRXUSDT,-0.00008187
2026-08-27T08:00:00Z,TRXUSDT,-0.00005751
2026-08-27T16:00:00Z,TRXUSDT,0.0000154
2026-08-28T00:00:00Z,TRXUSDT,-0.00008162
2026-08-28T08:00:00Z,TRXUSDT,0.0001
2026-08-28T16:00:00Z,TRXUSDT,0.00005141
2026-08-29T00:00:00Z,TRXUSDT,0.00007477
2026-08-29T08:00:00Z,TRXUSDT,-0.00004653
2026-08-29T16:00:00Z,TRXUSDT,-0.00006467
2026-08-30T00:00:00Z,TRXUSDT,0.0001
2026-08-30T08:00:00Z,TRXUSDT,0.0001
2026-08-30T16:00:00Z,TRXUSDT,0.00004255
2026-08-31T00:00:00Z,TRXUSDT,-0.00014343
2026-08-31T08:00:00Z,TRXUSDT,-0.00000473
2026-08-31T16:00:00Z,TRXUSDT,-0.00019876
2026-09-01T00:00:00Z,TRXUSDT,-0.00034477
2026-09-01T08:00:00Z,TRXUSDT,-0.00054206
2026-09-01T16:00:00Z,TRXUSDT,-0.00150203
2026-09-02T00:00:00Z,TRXUSDT,-0.0014381
2026-09-02T08:00:00Z,TRXUSDT,-0.00070043
2026-09-02T16:00:00Z,TRXUSDT,-0.00042916
2026-09-03T00:00:00Z,TRXUSDT,-0.00036843
2026-09-03T08:00:00Z,TRXUSDT,-0.00022641
2026-09-03T16:00:00Z,TRXUSDT,-0.00010953
2026-09-04T00:00:00Z,TRXUSDT,-0.00026263
2026-09-04T08:00:00Z,TRXUSDT,-0.00050519
2026-09-04T16:00:00Z,TRXUSDT,-0.00007125
2026-09-05T00:00:00Z,TRXUSDT,-0.00013778
2026-09-05T08:00:00Z,TRXUSDT,-0.00009364
2026-09-05T16:00:00Z,TRXUSDT,-0.00004728
2026-09-06T00:00:00Z,TRXUSDT,-0.00004842
2026-09-06T08:00:00Z,TRXUSDT,-0.00016185
2026-09-06T16:00:00Z,TRXUSDT,-0.00004703
2026-09-07T00:00:00Z,TRXUSDT,-0.00001289
2026-09-07T08:00:00Z,TRXUSDT,-0.00013249
2026-09-07T16:00:00Z,TRXUSDT,-0.00016219
2026-09-08T00:00:00Z,TRXUSDT,-0.00024361
2026-09-08T08:00:00Z,TRXUSDT,-0.00008508
2026-09-08T16:00:00Z,TRXUSDT,-0.00001474
2026-09-09T00:00:00Z,TRXUSDT,-0.00006942
2026-09-09T08:00:00Z,TRXUSDT,-0.00000883
2026-09-09T16:00:00Z,TRXUSDT,-0.00019818
2026-09-10T00:00:00Z,TRXUSDT,-0.00007734
2026-09-10T08:00:00Z,TRXUSDT,-0.00005066
2026-09-10T16:00:00Z,TRXUSDT,-0.00017007
2026-09-11T00:00:00Z,TRXUSDT,-0.00009463
2026-09-11T08:00:00Z,TRXUSDT,0.00000491
2026-09-11T16:00:00Z,TRXUSDT,-0.00029549
2026-09-12T00:00:00Z,TRXUSDT,-0.00006714
2026-09-12T08:00:00Z,TRXUSDT,0.00003219
2026-09-12T16:00:00Z,TRXUSDT,-0.00007612
2026-09-13T00:00:00Z,TRXUSDT,-0.00003667
2026-09-13T08:00:00Z,TRXUSDT,-0.00007864
2026-09-13T16:00:00Z,TRXUSDT,0.00003996
2026-09-14T00:00:00Z,TRXUSDT,-0.0001757
2026-09-14T08:00:00Z,TRXUSDT,-0.00015269
2026-09-14T16:00:00Z,TRXUSDT,0.00002805
2026-09-15T00:00:00Z,TRXUSDT,-0.00035473
2026-09-15T08:00:00Z,TRXUSDT,-0.00036469
2026-09-15T16:00:00Z,TRXUSDT,-0.00038558
2026-09-16T00:00:00Z,TRXUSDT,-0.00039887
2026-09-16T08:00:00Z,TRXUSDT,0.00008767
2026-09-16T16:00:00Z,TRXUSDT,0.00006934
2026-09-17T00:00:00Z,TRXUSDT,-0.00000099
2026-09-17T08:00:00Z,TRXUSDT,-0.00013807
2026-09-17T16:00:00Z,TRXUSDT,-0.00022097
2026-09-18T00:00:00Z,TRXUSDT,-0.000084
2026-09-18T08:00:00Z,TRXUSDT,-0.00012697
2026-09-18T16:00:00Z,TRXUSDT,-0.00001692
2026-09-19T00:00:00Z,TRXUSDT,-0.00012375
2026-09-19T08:00:00Z,TRXUSDT,-0.00013384
2026-09-19T16:00:00Z,TRXUSDT,-0.00004548
2026-09-20T00:00:00Z,TRXUSDT,0.00001169
2026-09-20T08:00:00Z,TRXUSDT,0.0001
2026-09-20T16:00:00Z,TRXUSDT,-0.0000168
2026-09-21T00:00:00Z,TRXUSDT,-0.00013632
2026-09-21T08:00:00Z,TRXUSDT,-0.00005261
2026-09-21T16:00:00Z,TRXUSDT,0.00004087
2026-09-22T00:00:00Z,TRXUSDT,0.00000028
2026-09-22T08:00:00Z,TRXUSDT,0.0001
2026-09-22T16:00:00Z,TRXUSDT,-0.0001976
2026-09-23T00:00:00Z,TRXUSDT,-0.00001845
2026-09-23T08:00:00Z,TRXUSDT,-0.00002706
2026-09-23T16:00:00Z,TRXUSDT,-0.00024145
2026-09-24T00:00:00Z,TRXUSDT,-0.00005737
2026-09-24T08:00:00Z,TRXUSDT,0.00006881
2026-09-24T16:00:00Z,TRXUSDT,-0.00010914
2026-09-25T00:00:00Z,TRXUSDT,-0.00018897
2026-09-25T08:00:00Z,TRXUSDT,-0.00040395
2026-09-25T16:00:00Z,TRXUSDT,-0.00028
2026-09-26T00:00:00Z,TRXUSDT,-0.00007816
2026-09-26T08:00:00Z,TRXUSDT,-0.00027629
2026-09-26T16:00:00Z,TRXUSDT,-0.00023045
2026-09-27T00:00:00Z,TRXUSDT,-0.0003358
2026-09-27T08:00:00Z,TRXUSDT,-0.00047656
2026-09-27T16:00:00Z,TRXUSDT,-0.0003469
2026-09-28T00:00:00Z,TRXUSDT,-0.00040224
2026-09-28T08:00:00Z,TRXUSDT,-0.00034736
2026-09-28T16:00:00Z,TRXUSDT,-0.00034072
2026-09-29T00:00:00Z,TRXUSDT,-0.0001785
2026-09-29T08:00:00Z,TRXUSDT,-0.00015611
2026-09-29T16:00:00Z,TRXUSDT,-0.00027108
2026-09-30T00:00:00Z,TRXUSDT,-0.00015967
2026-09-30T08:00:00Z,TRXUSDT,0.00001312
2026-09-30T16:00:00Z,TRXUSDT,0.00002145
2026-10-01T00:00:00Z,TRXUSDT,-0.00003733
2026-10-01T08:00:00Z,TRXUSDT,-0.00013391
2026-10-01T16:00:00Z,TRXUSDT,-0.00084094
2026-10-02T00:00:00Z,TRXUSDT,-0.00040725
2026-10-02T08:00:00Z,TRXUSDT,-0.000438
2026-10-02T16:00:00Z,TRXUSDT,-0.00038308
2026-10-03T00:00:00Z,TRXUSDT,-0.00046465
2026-10-03T08:00:00Z,TRXUSDT,-0.00023501
2026-10-03T16:00:00Z,TRXUSDT,-0.00013463
2026-10-04T00:00:00Z,TRXUSDT,-0.00039614
2026-10-04T08:00:00Z,TRXUSDT,-0.00030992
2026-10-04T16:00:00Z,TRXUSDT,-0.00016089
2026-10-05T00:00:00Z,TRXUSDT,-0.00026617
2026-10-05T08:00:00Z,TRXUSDT,-0.00040407
2026-10-05T16:00:00Z,TRXUSDT,-0.00028338
2026-10-06T00:00:00Z,TRXUSDT,-0.00035545
2026-10-06T08:00:00Z,TRXUSDT,-0.00005549
2026-10-06T16:00:00Z,TRXUSDT,-0.00024785
2026-10-07T00:00:00Z,TRXUSDT,-0.00019479
2026-10-07T08:00:00Z,TRXUSDT,-0.00026027
2026-10-07T16:00:00Z,TRXUSDT,-0.00000053
2026-10-08T00:00:00Z,TRXUSDT,-0.00009696
2026-10-08T08:00:00Z,TRXUSDT,0.00000834
2026-10-08T16:00:00Z,TRXUSDT,-0.00015662
2026-10-09T00:00:00Z,TRXUSDT,0.00008946
