timestamp,symbol,funding_rate
2023-10-09T00:00:00Z,XRPUSDT,0.00005825
2023-10-09T08:00:00Z,XRPUSDT,0.00005914
2023-10-09T16:00:00Z,XRPUSDT,-0.00004989
2023-10-10T00:00:00Z,XRPUSDT,-0.0001013
2023-10-10T08:00:00Z,XRPUSDT,-0.00010419
2023-10-10T16:00:00Z,XRPUSDT,0.0001
2023-10-11T00:00:00Z,XRPUSDT,-0.00006026
2023-10-11T08:00:00Z,XRPUSDT,0.0001
2023-10-11T16:00:00Z,XRPUSDT,0.0001
2023-10-12T00:00:00Z,XRPUSDT,-0.00006883
2023-10-12T08:00:00Z,XRPUSDT,0.00006957
2023-10-12T16:00:00Z,XRPUSDT,0.0001
2023-10-13T00:00:00Z,XRPUSDT,0.00003886
2023-10-13T08:00:00Z,XRPUSDT,0.00004048
2023-10-13T16:00:00Z,XRPUSDT,0.00009674
2023-10-14T00:00:00Z,XRPUSDT,-0.00002103
2023-10-14T08:00:00Z,XRPUSDT,0.00004276
2023-10-14T16:00:00Z,XRPUSDT,0.0001
2023-10-15T00:00:00Z,XRPUSDT,0.0001
2023-10-15T08:00:00Z,XRPUSDT,0.0001
2023-10-15T16:00:00Z,XRPUSDT,0.0001
2023-10-16T00:00:00Z,XRPUSDT,0.0001
2023-10-16T08:00:00Z,XRPUSDT,0.0001
2023-10-16T16:00:00Z,XRPUSDT,0.00008435
2023-10-17T00:00:00Z,XRPUSDT,0.0001
2023-10-17T08:00:00Z,XRPUSDT,0.0001
2023-10-17T16:00:00Z,XRPUSDT,0.0001
2023-10-18T00:00:00Z,XRPUSDT,0.00000041
2023-10-18T08:00:00Z,XRPUSDT,0.0000404
2023-10-18T16:00:00Z,XRPUSDT,0.00007559
2023-10-19T00:00:00Z,XRPUSDT,-0.00001713
2023-10-19T08:00:00Z,XRPUSDT,0.00001438
2023-10-19T16:00:00Z,XRPUSDT,0.00002199
2023-10-20T00:00:00Z,XRPUSDT,-0.00008228
2023-10-20T08:00:00Z,XRPUSDT,0.00006346
2023-10-20T16:00:00Z,XRPUSDT,0.00008867
2023-10-21T00:00:00Z,XRPUSDT,0.00005126
2023-10-21T08:00:00Z,XRPUSDT,0.0001
2023-10-21T16:00:00Z,XRPUSDT,0.0001
2023-10-22T00:00:00Z,XRPUSDT,0.00005391
2023-10-22T08:00:00Z,XRPUSDT,0.0001
2023-10-22T16:00:00Z,XRPUSDT,0.00006989
2023-10-23T00:00:00Z,XRPUSDT,0.0001
2023-10-23T08:00:00Z,XRPUSDT,0.0001
2023-10-23T16:00:00Z,XRPUSDT,0.0001
2023-10-24T00:00:00Z,XRPUSDT,0.0001
2023-10-24T08:00:00Z,XRPUSDT,0.0001
2023-10-24T16:00:00Z,XRPUSDT,0.0001
2023-10-25T00:00:00Z,XRPUSDT,0.0001
2023-10-25T08:00:00Z,XRPUSDT,0.0001
2023-10-25T16:00:00Z,XRPUSDT,0.0001
2023-10-26T00:00:00Z,XRPUSDT,0.0001
2023-10-26T08:00:00Z,XRPUSDT,0.0001
2023-10-26T16:00:00Z,XRPUSDT,0.0001
2023-10-27T00:00:00Z,XRPUSDT,0.0001
2023-10-27T08:00:00Z,XRPUSDT,0.0001
2023-10-27T16:00:00Z,XRPUSDT,0.00011325
2023-10-28T00:00:00Z,XRPUSDT,0.0001
2023-10-28T08:00:00Z,XRPUSDT,0.0001
2023-10-28T16:00:00Z,XRPUSDT,0.0001
2023-10-29T00:00:00Z,XRPUSDT,0.0001
2023-10-29T08:00:00Z,XRPUSDT,0.0001
2023-10-29T16:00:00Z,XRPUSDT,0.0001
2023-10-30T00:00:00Z,XRPUSDT,0.0001
2023-10-30T08:00:00Z,XRPUSDT,0.0001
2023-10-30T16:00:00Z,XRPUSDT,0.00020656
2023-10-31T00:00:00Z,XRPUSDT,0.00024878
2023-10-31T08:00:00Z,XRPUSDT,0.00010624
2023-10-31T16:00:00Z,XRPUSDT,0.00021196
2023-11-01T00:00:00Z,XRPUSDT,0.0001
2023-11-01T08:00:00Z,XRPUSDT,0.0001
2023-11-01T16:00:00Z,XRPUSDT,0.0001
2023-11-02T00:00:00Z,XRPUSDT,0.00027052
2023-11-02T08:00:00Z,XRPUSDT,0.00029906
2023-11-02T16:00:00Z,XRPUSDT,0.00032759
2023-11-03T00:00:00Z,XRPUSDT,0.00010589
2023-11-03T08:00:00Z,XRPUSDT,0.0001
2023-11-03T16:00:00Z,XRPUSDT,0.0002041
2023-11-04T00:00:00Z,XRPUSDT,0.00010086
2023-11-04T08:00:00Z,XRPUSDT,0.00014186
2023-11-04T16:00:00Z,XRPUSDT,0.00020564
2023-11-05T00:00:00Z,XRPUSDT,0.00012011
2023-11-05T08:00:00Z,XRPUSDT,0.00046373
2023-11-05T16:00:00Z,XRPUSDT,0.00044418
2023-11-06T00:00:00Z,XRPUSDT,0.00029885
2023-11-06T08:00:00Z,XRPUSDT,0.00043827
2023-11-06T16:00:00Z,XRPUSDT,0.00050738
2023-11-07T00:00:00Z,XRPUSDT,0.00023061
2023-11-07T08:00:00Z,XRPUSDT,0.00020259
2023-11-07T16:00:00Z,XRPUSDT,0.00027115
2023-11-08T00:00:00Z,XRPUSDT,0.0001
2023-11-08T08:00:00Z,XRPUSDT,0.00025371
2023-11-08T16:00:00Z,XRPUSDT,0.00027868
2023-11-09T00:00:00Z,XRPUSDT,0.00038701
2023-11-09T08:00:00Z,XRPUSDT,0.00042346
2023-11-09T16:00:00Z,XRPUSDT,0.00050228
2023-11-10T00:00:00Z,XRPUSDT,0.00010608
2023-11-10T08:00:00Z,XRPUSDT,0.00050477
2023-11-10T16:00:00Z,XRPUSDT,0.00024087
2023-11-11T00:00:00Z,XRPUSDT,0.00049624
2023-11-11T08:00:00Z,XRPUSDT,0.00016101
2023-11-11T16:00:00Z,XRPUSDT,0.00046399
2023-11-12T00:00:00Z,XRPUSDT,0.00045447
2023-11-12T08:00:00Z,XRPUSDT,0.00021201
2023-11-12T16:00:00Z,XRPUSDT,0.00050983
2023-11-13T00:00:00Z,XRPUSDT,0.00055348
2023-11-13T08:00:00Z,XRPUSDT,0.00049719
2023-11-13T16:00:00Z,XRPUSDT,0.00041137
2023-11-14T00:00:00Z,XRPUSDT,0.00037999
2023-11-14T08:00:00Z,XRPUSDT,0.00029915
2023-11-14T16:00:00Z,XRPUSDT,0.0001
2023-11-15T00:00:00Z,XRPUSDT,0.0001
2023-11-15T08:00:00Z,XRPUSDT,0.0001
2023-11-15T16:00:00Z,XRPUSDT,0.0001
2023-11-16T00:00:00Z,XRPUSDT,0.0001464
2023-11-16T08:00:00Z,XRPUSDT,0.0003621
2023-11-16T16:00:00Z,XRPUSDT,0.00014867
2023-11-17T00:00:00Z,XRPUSDT,0.0001
2023-11-17T08:00:00Z,XRPUSDT,0.0001
2023-11-17T16:00:00Z,XRPUSDT,0.0001
2023-11-18T00:00:00Z,XRPUSDT,0.0001
2023-11-18T08:00:00Z,XRPUSDT,0.0001
2023-11-18T16:00:00Z,XRPUSDT,0.0001
2023-11-19T00:00:00Z,XRPUSDT,0.0001
2023-11-19T08:00:00Z,XRPUSDT,0.0001
2023-11-19T16:00:00Z,XRPUSDT,0.0001
2023-11-20T00:00:00Z,XRPUSDT,0.0001
2023-11-20T08:00:00Z,XRPUSDT,0.00018957
2023-11-20T16:00:00Z,XRPUSDT,0.00015335
2023-11-21T00:00:00Z,XRPUSDT,0.0001
2023-11-21T08:00:00Z,XRPUSDT,0.0001
2023-11-21T16:00:00Z,XRPUSDT,0.00013871
2023-11-22T00:00:00Z,XRPUSDT,0.0001
2023-11-22T08:00:00Z,XRPUSDT,0.0001
2023-11-22T16:00:00Z,XRPUSDT,0.0001
2023-11-23T00:00:00Z,XRPUSDT,0.0001
2023-11-23T08:00:00Z,XRPUSDT,0.0001
2023-11-23T16:00:00Z,XRPUSDT,0.00010002
2023-11-24T00:00:00Z,XRPUSDT,0.0001
2023-11-24T08:00:00Z,XRPUSDT,0.0001
2023-11-24T16:00:00Z,XRPUSDT,0.0001
2023-11-25T00:00:00Z,XRPUSDT,0.0001
2023-11-25T08:00:00Z,XRPUSDT,0.0001
2023-11-25T16:00:00Z,XRPUSDT,0.0001
2023-11-26T00:00:00Z,XRPUSDT,0.0001
2023-11-26T08:00:00Z,XRPUSDT,0.00017164
2023-11-26T16:00:00Z,XRPUSDT,0.0001
2023-11-27T00:00:00Z,XRPUSDT,0.0001
2023-11-27T08:00:00Z,XRPUSDT,0.0001
2023-11-27T16:00:00Z,XRPUSDT,0.0001
2023-11-28T00:00:00Z,XRPUSDT,0.0001
2023-11-28T08:00:00Z,XRPUSDT,0.0001
2023-11-28T16:00:00Z,XRPUSDT,0.0001
2023-11-29T00:00:00Z,XRPUSDT,0.0001
2023-11-29T08:00:00Z,XRPUSDT,0.0001
2023-11-29T16:00:00Z,XRPUSDT,0.0001
2023-11-30T00:00:00Z,XRPUSDT,0.0001
2023-11-30T08:00:00Z,XRPUSDT,0.0001
2023-11-30T16:00:00Z,XRPUSDT,0.00011231
2023-12-01T00:00:00Z,XRPUSDT,0.0001
2023-12-01T08:00:00Z,XRPUSDT,0.0001
2023-12-01T16:00:00Z,XRPUSDT,0.00012081
2023-12-02T00:00:00Z,XRPUSDT,0.00010423
2023-12-02T08:00:00Z,XRPUSDT,0.00010226
2023-12-02T16:00:00Z,XRPUSDT,0.00017615
2023-12-03T00:00:00Z,XRPUSDT,0.00021385
2023-12-03T08:00:00Z,XRPUSDT,0.00038116
2023-12-03T16:00:00Z,XRPUSDT,0.00037959
2023-12-04T00:00:00Z,XRPUSDT,0.00022441
2023-12-04T08:00:00Z,XRPUSDT,0.0004001
2023-12-04T16:00:00Z,XRPUSDT,0.00016662
2023-12-05T00:00:00Z,XRPUSDT,0.00010561
2023-12-05T08:00:00Z,XRPUSDT,0.00016305
2023-12-05T16:00:00Z,XRPUSDT,0.00023366
2023-12-06T00:00:00Z,XRPUSDT,0.00049277
2023-12-06T08:00:00Z,XRPUSDT,0.00065735
2023-12-06T16:00:00Z,XRPUSDT,0.00035686
2023-12-07T00:00:00Z,XRPUSDT,0.00035668
2023-12-07T08:00:00Z,XRPUSDT,0.00030636
2023-12-07T16:00:00Z,XRPUSDT,0.00027032
2023-12-08T00:00:00Z,XRPUSDT,0.00044722
2023-12-08T08:00:00Z,XRPUSDT,0.00042158
2023-12-08T16:00:00Z,XRPUSDT,0.00052573
2023-12-09T00:00:00Z,XRPUSDT,0.00040505
2023-12-09T08:00:00Z,XRPUSDT,0.00073049
2023-12-09T16:00:00Z,XRPUSDT,0.00066657
2023-12-10T00:00:00Z,XRPUSDT,0.00040474
2023-12-10T08:00:00Z,XRPUSDT,0.0004097
2023-12-10T16:00:00Z,XRPUSDT,0.00030511
2023-12-11T00:00:00Z,XRPUSDT,0.00045832
2023-12-11T08:00:00Z,XRPUSDT,0.0001
2023-12-11T16:00:00Z,XRPUSDT,0.0001
2023-12-12T00:00:00Z,XRPUSDT,0.0001
2023-12-12T08:00:00Z,XRPUSDT,0.00021691
2023-12-12T16:00:00Z,XRPUSDT,0.00036586
2023-12-13T00:00:00Z,XRPUSDT,0.00030502
2023-12-13T08:00:00Z,XRPUSDT,0.00015756
2023-12-13T16:00:00Z,XRPUSDT,0.00029813
2023-12-14T00:00:00Z,XRPUSDT,0.00016501
2023-12-14T08:00:00Z,XRPUSDT,0.00015901
2023-12-14T16:00:00Z,XRPUSDT,0.00034422
2023-12-15T00:00:00Z,XRPUSDT,0.00035667
2023-12-15T08:00:00Z,XRPUSDT,0.00040208
2023-12-15T16:00:00Z,XRPUSDT,0.00055174
2023-12-16T00:00:00Z,XRPUSDT,0.00019323
2023-12-16T08:00:00Z,XRPUSDT,0.00037295
2023-12-16T16:00:00Z,XRPUSDT,0.00037604
2023-12-17T00:00:00Z,XRPUSDT,0.00024126
2023-12-17T08:00:00Z,XRPUSDT,0.00022711
2023-12-17T16:00:00Z,XRPUSDT,0.00023328
2023-12-18T00:00:00Z,XRPUSDT,0.00027951
2023-12-18T08:00:00Z,XRPUSDT,0.0001
2023-12-18T16:00:00Z,XRPUSDT,0.0001
2023-12-19T00:00:00Z,XRPUSDT,0.0001
2023-12-19T08:00:00Z,XRPUSDT,0.0001
2023-12-19T16:00:00Z,XRPUSDT,0.00011759
2023-12-20T00:00:00Z,XRPUSDT,0.00011748
2023-12-20T08:00:00Z,XRPUSDT,0.0001
2023-12-20T16:00:00Z,XRPUSDT,0.00031135
2023-12-21T00:00:00Z,XRPUSDT,0.00016716
2023-12-21T08:00:00Z,XRPUSDT,0.00030832
2023-12-21T16:00:00Z,XRPUSDT,0.00044864
2023-12-22T00:00:00Z,XRPUSDT,0.00047011
2023-12-22T08:00:00Z,XRPUSDT,0.00047939
2023-12-22T16:00:00Z,XRPUSDT,0.00060892
2023-12-23T00:00:00Z,XRPUSDT,0.00031299
2023-12-23T08:00:00Z,XRPUSDT,0.0003245
2023-12-23T16:00:00Z,XRPUSDT,0.00049065
2023-12-24T00:00:00Z,XRPUSDT,0.00044451
2023-12-24T08:00:00Z,XRPUSDT,0.00046874
2023-12-24T16:00:00Z,XRPUSDT,0.00035152
2023-12-25T00:00:00Z,XRPUSDT,0.00016401
2023-12-25T08:00:00Z,XRPUSDT,0.00024708
2023-12-25T16:00:00Z,XRPUSDT,0.00048801
2023-12-26T00:00:00Z,XRPUSDT,0.00062637
2023-12-26T08:00:00Z,XRPUSDT,0.00058865
2023-12-26T16:00:00Z,XRPUSDT,0.00067009
2023-12-27T00:00:00Z,XRPUSDT,0.0005103
2023-12-27T08:00:00Z,XRPUSDT,0.00038228
2023-12-27T16:00:00Z,XRPUSDT,0.00063904
2023-12-28T00:00:00Z,XRPUSDT,0.00063232
2023-12-28T08:00:00Z,XRPUSDT,0.0006983
2023-12-28T16:00:00Z,XRPUSDT,0.00080019
2023-12-29T00:00:00Z,XRPUSDT,0.00058454
2023-12-29T08:00:00Z,XRPUSDT,0.00049902
2023-12-29T16:00:00Z,XRPUSDT,0.00057316
2023-12-30T00:00:00Z,XRPUSDT,0.0003059
2023-12-30T08:00:00Z,XRPUSDT,0.00046417
2023-12-30T16:00:00Z,XRPUSDT,0.00038653
2023-12-31T00:00:00Z,XRPUSDT,0.00036972
2023-12-31T08:00:00Z,XRPUSDT,0.00035964
2023-12-31T16:00:00Z,XRPUSDT,0.00043781
2024-01-01T00:00:00Z,XRPUSDT,0.00031399
2024-01-01T08:00:00Z,XRPUSDT,0.00041159
2024-01-01T16:00:00Z,XRPUSDT,0.00042097
2024-01-02T00:00:00Z,XRPUSDT,0.00052285
2024-01-02T08:00:00Z,XRPUSDT,0.0005803
2024-01-02T16:00:00Z,XRPUSDT,0.00075632
2024-01-03T00:00:00Z,XRPUSDT,0.00050334
2024-01-03T08:00:00Z,XRPUSDT,0.00052547
2024-01-03T16:00:00Z,XRPUSDT,0.0001
2024-01-04T00:00:00Z,XRPUSDT,0.0001
2024-01-04T08:00:00Z,XRPUSDT,0.0001
2024-01-04T16:00:00Z,XRPUSDT,0.0001
2024-01-05T00:00:00Z,XRPUSDT,0.0001
2024-01-05T08:00:00Z,XRPUSDT,0.0001
2024-01-05T16:00:00Z,XRPUSDT,0.0001
2024-01-06T00:00:00Z,XRPUSDT,0.0001
2024-01-06T08:00:00Z,XRPUSDT,0.0001
2024-01-06T16:00:00Z,XRPUSDT,0.0001
2024-01-07T00:00:00Z,XRPUSDT,0.0001
2024-01-07T08:00:00Z,XRPUSDT,0.0001
2024-01-07T16:00:00Z,XRPUSDT,0.0001
2024-01-08T00:00:00Z,XRPUSDT,0.0001
2024-01-08T08:00:00Z,XRPUSDT,0.0001
2024-01-08T16:00:00Z,XRPUSDT,0.0001
2024-01-09T00:00:00Z,XRPUSDT,0.0001
2024-01-09T08:00:00Z,XRPUSDT,0.0001
2024-01-09T16:00:00Z,XRPUSDT,0.0001
2024-01-10T00:00:00Z,XRPUSDT,0.0001
2024-01-10T08:00:00Z,XRPUSDT,0.0001
2024-01-10T16:00:00Z,XRPUSDT,0.0001
2024-01-11T00:00:00Z,XRPUSDT,0.0001
2024-01-11T08:00:00Z,XRPUSDT,0.0001
2024-01-11T16:00:00Z,XRPUSDT,0.0001
2024-01-12T00:00:00Z,XRPUSDT,0.0001
2024-01-12T08:00:00Z,XRPUSDT,0.0001
2024-01-12T16:00:00Z,XRPUSDT,0.0001
2024-01-13T00:00:00Z,XRPUSDT,0.0001
2024-01-13T08:00:00Z,XRPUSDT,0.0001
2024-01-13T16:00:00Z,XRPUSDT,0.0001
2024-01-14T00:00:00Z,XRPUSDT,0.0001
2024-01-14T08:00:00Z,XRPUSDT,0.0001
2024-01-14T16:00:00Z,XRPUSDT,0.0001
2024-01-15T00:00:00Z,XRPUSDT,0.0001
2024-01-15T08:00:00Z,XRPUSDT,0.0001
2024-01-15T16:00:00Z,XRPUSDT,0.0001
2024-01-16T00:00:00Z,XRPUSDT,0.0001
2024-01-16T08:00:00Z,XRPUSDT,0.0001
2024-01-16T16:00:00Z,XRPUSDT,0.0001
2024-01-17T00:00:00Z,XRPUSDT,0.0001
2024-01-17T08:00:00Z,XRPUSDT,0.0001
2024-01-17T16:00:00Z,XRPUSDT,0.0001
2024-01-18T00:00:00Z,XRPUSDT,0.0001
2024-01-18T08:00:00Z,XRPUSDT,0.0001
2024-01-18T16:00:00Z,XRPUSDT,0.0001
2024-01-19T00:00:00Z,XRPUSDT,0.0001
2024-01-19T08:00:00Z,XRPUSDT,0.0001
2024-01-19T16:00:00Z,XRPUSDT,0.0001
2024-01-20T00:00:00Z,XRPUSDT,0.0001
2024-01-20T08:00:00Z,XRPUSDT,0.0001
2024-01-20T16:00:00Z,XRPUSDT,0.0001
2024-01-21T00:00:00Z,XRPUSDT,0.0001
2024-01-21T08:00:00Z,XRPUSDT,0.0001
2024-01-21T16:00:00Z,XRPUSDT,0.0001
2024-01-22T00:00:00Z,XRPUSDT,0.0001
2024-01-22T08:00:00Z,XRPUSDT,0.0001
2024-01-22T16:00:00Z,XRPUSDT,0.0001
2024-01-23T00:00:00Z,XRPUSDT,0.0001
2024-01-23T08:00:00Z,XRPUSDT,0.0001
2024-01-23T16:00:00Z,XRPUSDT,0.0001
2024-01-24T00:00:00Z,XRPUSDT,0.0001
2024-01-24T08:00:00Z,XRPUSDT,0.0001
2024-01-24T16:00:00Z,XRPUSDT,0.0001
2024-01-25T00:00:00Z,XRPUSDT,0.0001
2024-01-25T08:00:00Z,XRPUSDT,0.0001
2024-01-25T16:00:00Z,XRPUSDT,0.0001
2024-01-26T00:00:00Z,XRPUSDT,0.0001
2024-01-26T08:00:00Z,XRPUSDT,0.0001
2024-01-26T16:00:00Z,XRPUSDT,0.0001
2024-01-27T00:00:00Z,XRPUSDT,0.0001
2024-01-27T08:00:00Z,XRPUSDT,0.0001
2024-01-27T16:00:00Z,XRPUSDT,0.0001
2024-01-28T00:00:00Z,XRPUSDT,0.0001
2024-01-28T08:00:00Z,XRPUSDT,0.0001
2024-01-28T16:00:00Z,XRPUSDT,0.0001
2024-01-29T00:00:00Z,XRPUSDT,0.00009856
2024-01-29T08:00:00Z,XRPUSDT,0.00008052
2024-01-29T16:00:00Z,XRPUSDT,0.0001
2024-01-30T00:00:00Z,XRPUSDT,0.0001
2024-01-30T08:00:00Z,XRPUSDT,0.0001
2024-01-30T16:00:00Z,XRPUSDT,0.0001
2024-01-31T00:00:00Z,XRPUSDT,0.0001
2024-01-31T08:00:00Z,XRPUSDT,0.0001
2024-01-31T16:00:00Z,XRPUSDT,0.0001
2024-02-01T00:00:00Z,XRPUSDT,0.0001
2024-02-01T08:00:00Z,XRPUSDT,0.0001
2024-02-01T16:00:00Z,XRPUSDT,0.0001
2024-02-02T00:00:00Z,XRPUSDT,0.0001
2024-02-02T08:00:00Z,XRPUSDT,0.0001
2024-02-02T16:00:00Z,XRPUSDT,0.0001
2024-02-03T00:00:00Z,XRPUSDT,0.0001
2024-02-03T08:00:00Z,XRPUSDT,0.0001
2024-02-03T16:00:00Z,XRPUSDT,0.0001
2024-02-04T00:00:00Z,XRPUSDT,0.0001
2024-02-04T08:00:00Z,XRPUSDT,0.0001
2024-02-04T16:00:00Z,XRPUSDT,0.0001
2024-02-05T00:00:00Z,XRPUSDT,0.00003861
2024-02-05T08:00:00Z,XRPUSDT,0.00000836
2024-02-05T16:00:00Z,XRPUSDT,0.0001
2024-02-06T00:00:00Z,XRPUSDT,0.0001
2024-02-06T08:00:00Z,XRPUSDT,0.0001
2024-02-06T16:00:00Z,XRPUSDT,0.0001
2024-02-07T00:00:00Z,XRPUSDT,0.0001
2024-02-07T08:00:00Z,XRPUSDT,0.0001
2024-02-07T16:00:00Z,XRPUSDT,0.0001
2024-02-08T00:00:00Z,XRPUSDT,0.0001
2024-02-08T08:00:00Z,XRPUSDT,0.0001
2024-02-08T16:00:00Z,XRPUSDT,0.0001
2024-02-09T00:00:00Z,XRPUSDT,0.0001
2024-02-09T08:00:00Z,XRPUSDT,0.0001
2024-02-09T16:00:00Z,XRPUSDT,0.0001
2024-02-10T00:00:00Z,XRPUSDT,0.0001
2024-02-10T08:00:00Z,XRPUSDT,0.0001
2024-02-10T16:00:00Z,XRPUSDT,0.0001
2024-02-11T00:00:00Z,XRPUSDT,0.0001
2024-02-11T08:00:00Z,XRPUSDT,0.0001
2024-02-11T16:00:00Z,XRPUSDT,0.0001
2024-02-12T00:00:00Z,XRPUSDT,0.0001
2024-02-12T08:00:00Z,XRPUSDT,0.0001
2024-02-12T16:00:00Z,XRPUSDT,0.0001
2024-02-13T00:00:00Z,XRPUSDT,0.0001
2024-02-13T08:00:00Z,XRPUSDT,0.0001
2024-02-13T16:00:00Z,XRPUSDT,0.0001
2024-02-14T00:00:00Z,XRPUSDT,0.00010535
2024-02-14T08:00:00Z,XRPUSDT,0.00011915
2024-02-14T16:00:00Z,XRPUSDT,0.00018577
2024-02-15T00:00:00Z,XRPUSDT,0.00020442
2024-02-15T08:00:00Z,XRPUSDT,0.00032135
2024-02-15T16:00:00Z,XRPUSDT,0.00038884
2024-02-16T00:00:00Z,XRPUSDT,0.00021693
2024-02-16T08:00:00Z,XRPUSDT,0.00027502
2024-02-16T16:00:00Z,XRPUSDT,0.000197
2024-02-17T00:00:00Z,XRPUSDT,0.00019653
2024-02-17T08:00:00Z,XRPUSDT,0.00026309
2024-02-17T16:00:00Z,XRPUSDT,0.00013306
2024-02-18T00:00:00Z,XRPUSDT,0.00013314
2024-02-18T08:00:00Z,XRPUSDT,0.00010714
2024-02-18T16:00:00Z,XRPUSDT,0.00020095
2024-02-19T00:00:00Z,XRPUSDT,0.00027593
2024-02-19T08:00:00Z,XRPUSDT,0.00039185
2024-02-19T16:00:00Z,XRPUSDT,0.00028198
2024-02-20T00:00:00Z,XRPUSDT,0.00039443
2024-02-20T08:00:00Z,XRPUSDT,0.00029861
2024-02-20T16:00:00Z,XRPUSDT,0.00027917
2024-02-21T00:00:00Z,XRPUSDT,0.00024489
2024-02-21T08:00:00Z,XRPUSDT,0.00016955
2024-02-21T16:00:00Z,XRPUSDT,0.0001
2024-02-22T00:00:00Z,XRPUSDT,0.00018015
2024-02-22T08:00:00Z,XRPUSDT,0.00018682
2024-02-22T16:00:00Z,XRPUSDT,0.00024056
2024-02-23T00:00:00Z,XRPUSDT,0.0002059
2024-02-23T08:00:00Z,XRPUSDT,0.00021926
2024-02-23T16:00:00Z,XRPUSDT,0.00020197
2024-02-24T00:00:00Z,XRPUSDT,0.00010526
2024-02-24T08:00:00Z,XRPUSDT,0.00020179
2024-02-24T16:00:00Z,XRPUSDT,0.00031926
2024-02-25T00:00:00Z,XRPUSDT,0.0001849
2024-02-25T08:00:00Z,XRPUSDT,0.00020285
2024-02-25T16:00:00Z,XRPUSDT,0.00038261
2024-02-26T00:00:00Z,XRPUSDT,0.00049361
2024-02-26T08:00:00Z,XRPUSDT,0.00041221
2024-02-26T16:00:00Z,XRPUSDT,0.00043246
2024-02-27T00:00:00Z,XRPUSDT,0.00022844
2024-02-27T08:00:00Z,XRPUSDT,0.00046155
2024-02-27T16:00:00Z,XRPUSDT,0.00041376
2024-02-28T00:00:00Z,XRPUSDT,0.00026454
2024-02-28T08:00:00Z,XRPUSDT,0.00040856
2024-02-28T16:00:00Z,XRPUSDT,0.00066042
2024-02-29T00:00:00Z,XRPUSDT,0.00039563
2024-02-29T08:00:00Z,XRPUSDT,0.00088355
2024-02-29T16:00:00Z,XRPUSDT,0.00094635
2024-03-01T00:00:00Z,XRPUSDT,0.00062501
2024-03-01T08:00:00Z,XRPUSDT,0.00062398
2024-03-01T16:00:00Z,XRPUSDT,0.00061221
2024-03-02T00:00:00Z,XRPUSDT,0.00072261
2024-03-02T08:00:00Z,XRPUSDT,0.00082352
2024-03-02T16:00:00Z,XRPUSDT,0.00073659
2024-03-03T00:00:00Z,XRPUSDT,0.00060798
2024-03-03T08:00:00Z,XRPUSDT,0.00075983
2024-03-03T16:00:00Z,XRPUSDT,0.00038215
2024-03-04T00:00:00Z,XRPUSDT,0.00057581
2024-03-04T08:00:00Z,XRPUSDT,0.00082963
2024-03-04T16:00:00Z,XRPUSDT,0.00068464
2024-03-05T00:00:00Z,XRPUSDT,0.00078356
2024-03-05T08:00:00Z,XRPUSDT,0.00131205
2024-03-05T16:00:00Z,XRPUSDT,0.00126547
2024-03-06T00:00:00Z,XRPUSDT,0.0001619
2024-03-06T08:00:00Z,XRPUSDT,0.0001
2024-03-06T16:00:00Z,XRPUSDT,0.00042387
2024-03-07T00:00:00Z,XRPUSDT,0.00028468
2024-03-07T08:00:00Z,XRPUSDT,0.00020581
2024-03-07T16:00:00Z,XRPUSDT,0.00040286
2024-03-08T00:00:00Z,XRPUSDT,0.0004072
2024-03-08T08:00:00Z,XRPUSDT,0.00037013
2024-03-08T16:00:00Z,XRPUSDT,0.00053103
2024-03-09T00:00:00Z,XRPUSDT,0.00039454
2024-03-09T08:00:00Z,XRPUSDT,0.00055813
2024-03-09T16:00:00Z,XRPUSDT,0.00041679
2024-03-10T00:00:00Z,XRPUSDT,0.0005098
2024-03-10T08:00:00Z,XRPUSDT,0.00072302
2024-03-10T16:00:00Z,XRPUSDT,0.00034173
2024-03-11T00:00:00Z,XRPUSDT,0.00051211
2024-03-11T08:00:00Z,XRPUSDT,0.00054701
2024-03-11T16:00:00Z,XRPUSDT,0.00067297
2024-03-12T00:00:00Z,XRPUSDT,0.00094584
2024-03-12T08:00:00Z,XRPUSDT,0.00075888
2024-03-12T16:00:00Z,XRPUSDT,0.00055803
2024-03-13T00:00:00Z,XRPUSDT,0.00055365
2024-03-13T08:00:00Z,XRPUSDT,0.00089733
2024-03-13T16:00:00Z,XRPUSDT,0.00062565
2024-03-14T00:00:00Z,XRPUSDT,0.00076855
2024-03-14T08:00:00Z,XRPUSDT,0.00110865
2024-03-14T16:00:00Z,XRPUSDT,0.00075915
2024-03-15T00:00:00Z,XRPUSDT,0.0007672
2024-03-15T08:00:00Z,XRPUSDT,0.00040151
2024-03-15T16:00:00Z,XRPUSDT,0.0002152
2024-03-16T00:00:00Z,XRPUSDT,0.00022416
2024-03-16T08:00:00Z,XRPUSDT,0.00025819
2024-03-16T16:00:00Z,XRPUSDT,0.00013411
2024-03-17T00:00:00Z,XRPUSDT,0.0001
2024-03-17T08:00:00Z,XRPUSDT,0.0001
2024-03-17T16:00:00Z,XRPUSDT,0.0001994
2024-03-18T00:00:00Z,XRPUSDT,0.0001
2024-03-18T08:00:00Z,XRPUSDT,0.00022397
2024-03-18T16:00:00Z,XRPUSDT,0.00023661
2024-03-19T00:00:00Z,XRPUSDT,0.0001
2024-03-19T08:00:00Z,XRPUSDT,0.0001
2024-03-19T16:00:00Z,XRPUSDT,0.0001
2024-03-20T00:00:00Z,XRPUSDT,0.0001
2024-03-20T08:00:00Z,XRPUSDT,0.0001
2024-03-20T16:00:00Z,XRPUSDT,0.0001
2024-03-21T00:00:00Z,XRPUSDT,0.0001
2024-03-21T08:00:00Z,XRPUSDT,0.0001
2024-03-21T16:00:00Z,XRPUSDT,0.0001
2024-03-22T00:00:00Z,XRPUSDT,0.0001847
2024-03-22T08:00:00Z,XRPUSDT,0.00016999
2024-03-22T16:00:00Z,XRPUSDT,0.0001
2024-03-23T00:00:00Z,XRPUSDT,0.0001
2024-03-23T08:00:00Z,XRPUSDT,0.0001
2024-03-23T16:00:00Z,XRPUSDT,0.0001
2024-03-24T00:00:00Z,XRPUSDT,0.0001
2024-03-24T08:00:00Z,XRPUSDT,0.0001
2024-03-24T16:00:00Z,XRPUSDT,0.00018927
2024-03-25T00:00:00Z,XRPUSDT,0.00016121
2024-03-25T08:00:00Z,XRPUSDT,0.00027114
2024-03-25T16:00:00Z,XRPUSDT,0.00020035
2024-03-26T00:00:00Z,XRPUSDT,0.00019352
2024-03-26T08:00:00Z,XRPUSDT,0.00031861
2024-03-26T16:00:00Z,XRPUSDT,0.00026912
2024-03-27T00:00:00Z,XRPUSDT,0.00042109
2024-03-27T08:00:00Z,XRPUSDT,0.00030441
2024-03-27T16:00:00Z,XRPUSDT,0.00026234
2024-03-28T00:00:00Z,XRPUSDT,0.00042437
2024-03-28T08:00:00Z,XRPUSDT,0.000313
2024-03-28T16:00:00Z,XRPUSDT,0.00043124
2024-03-29T00:00:00Z,XRPUSDT,0.0005592
2024-03-29T08:00:00Z,XRPUSDT,0.00058309
2024-03-29T16:00:00Z,XRPUSDT,0.00047309
2024-03-30T00:00:00Z,XRPUSDT,0.00045628
2024-03-30T08:00:00Z,XRPUSDT,0.00045432
2024-03-30T16:00:00Z,XRPUSDT,0.00068289
2024-03-31T00:00:00Z,XRPUSDT,0.00036557
2024-03-31T08:00:00Z,XRPUSDT,0.00066463
2024-03-31T16:00:00Z,XRPUSDT,0.00073458
2024-04-01T00:00:00Z,XRPUSDT,0.00065928
2024-04-01T08:00:00Z,XRPUSDT,0.0003793
2024-04-01T16:00:00Z,XRPUSDT,0.00025193
2024-04-02T00:00:00Z,XRPUSDT,0.00033974
2024-04-02T08:00:00Z,XRPUSDT,0.00022945
2024-04-02T16:00:00Z,XRPUSDT,0.00017998
2024-04-03T00:00:00Z,XRPUSDT,0.0001
2024-04-03T08:00:00Z,XRPUSDT,0.00010887
2024-04-03T16:00:00Z,XRPUSDT,0.00010258
2024-04-04T00:00:00Z,XRPUSDT,0.00013161
2024-04-04T08:00:00Z,XRPUSDT,0.00020937
2024-04-04T16:00:00Z,XRPUSDT,0.00018035
2024-04-05T00:00:00Z,XRPUSDT,0.00013545
2024-04-05T08:00:00Z,XRPUSDT,0.00019107
2024-04-05T16:00:00Z,XRPUSDT,0.0001
2024-04-06T00:00:00Z,XRPUSDT,0.0001
2024-04-06T08:00:00Z,XRPUSDT,0.0001
2024-04-06T16:00:00Z,XRPUSDT,0.0001
2024-04-07T00:00:00Z,XRPUSDT,0.0001
2024-04-07T08:00:00Z,XRPUSDT,0.0001
2024-04-07T16:00:00Z,XRPUSDT,0.0001
2024-04-08T00:00:00Z,XRPUSDT,0.0001
2024-04-08T08:00:00Z,XRPUSDT,0.0001
2024-04-08T16:00:00Z,XRPUSDT,0.0001
2024-04-09T00:00:00Z,XRPUSDT,0.00022589
2024-04-09T08:00:00Z,XRPUSDT,0.00024417
2024-04-09T16:00:00Z,XRPUSDT,0.00020166
2024-04-10T00:00:00Z,XRPUSDT,0.00021485
2024-04-10T08:00:00Z,XRPUSDT,0.00011401
2024-04-10T16:00:00Z,XRPUSDT,0.00023822
2024-04-11T00:00:00Z,XRPUSDT,0.0001
2024-04-11T08:00:00Z,XRPUSDT,0.0001
2024-04-11T16:00:00Z,XRPUSDT,0.0001
2024-04-12T00:00:00Z,XRPUSDT,0.00010356
2024-04-12T08:00:00Z,XRPUSDT,0.0001
2024-04-12T16:00:00Z,XRPUSDT,0.0001
2024-04-13T00:00:00Z,XRPUSDT,0.0001
2024-04-13T08:00:00Z,XRPUSDT,0.0001
2024-04-13T16:00:00Z,XRPUSDT,0.0001
2024-04-14T00:00:00Z,XRPUSDT,-0.00039121
2024-04-14T08:00:00Z,XRPUSDT,0.0001
2024-04-14T16:00:00Z,XRPUSDT,0.00009073
2024-04-15T00:00:00Z,XRPUSDT,0.0001
2024-04-15T08:00:00Z,XRPUSDT,0.00009414
2024-04-15T16:00:00Z,XRPUSDT,-0.00000715
2024-04-16T00:00:00Z,XRPUSDT,0.00009292
2024-04-16T08:00:00Z,XRPUSDT,0.0001
2024-04-16T16:00:00Z,XRPUSDT,-0.00005173
2024-04-17T00:00:00Z,XRPUSDT,0.00001182
2024-04-17T08:00:00Z,XRPUSDT,0.00006489
2024-04-17T16:00:00Z,XRPUSDT,0.0001
2024-04-18T00:00:00Z,XRPUSDT,-0.00000913
2024-04-18T08:00:00Z,XRPUSDT,0.00009321
2024-04-18T16:00:00Z,XRPUSDT,0.00006171
2024-04-19T00:00:00Z,XRPUSDT,-0.00008917
2024-04-19T08:00:00Z,XRPUSDT,0.0001
2024-04-19T16:00:00Z,XRPUSDT,0.00008512
2024-04-20T00:00:00Z,XRPUSDT,0.00005315
2024-04-20T08:00:00Z,XRPUSDT,0.00007875
2024-04-20T16:00:00Z,XRPUSDT,0.00005909
2024-04-21T00:00:00Z,XRPUSDT,0.00004111
2024-04-21T08:00:00Z,XRPUSDT,0.00007588
2024-04-21T16:00:00Z,XRPUSDT,0.00006516
2024-04-22T00:00:00Z,XRPUSDT,0.00004166
2024-04-22T08:00:00Z,XRPUSDT,-0.0000648
2024-04-22T16:00:00Z,XRPUSDT,0.00005374
2024-04-23T00:00:00Z,XRPUSDT,0.00004391
2024-04-23T08:00:00Z,XRPUSDT,0.0001
2024-04-23T16:00:00Z,XRPUSDT,0.0001
2024-04-24T00:00:00Z,XRPUSDT,0.0001
2024-04-24T08:00:00Z,XRPUSDT,0.00008048
2024-04-24T16:00:00Z,XRPUSDT,0.00006008
2024-04-25T00:00:00Z,XRPUSDT,0.0001
2024-04-25T08:00:00Z,XRPUSDT,0.00002443
2024-04-25T16:00:00Z,XRPUSDT,0.00007772
2024-04-26T00:00:00Z,XRPUSDT,0.00002502
2024-04-26T08:00:00Z,XRPUSDT,-0.00005264
2024-04-26T16:00:00Z,XRPUSDT,0.00009477
2024-04-27T00:00:00Z,XRPUSDT,-0.00005076
2024-04-27T08:00:00Z,XRPUSDT,0.0001
2024-04-27T16:00:00Z,XRPUSDT,0.00005764
2024-04-28T00:00:00Z,XRPUSDT,0.00008141
2024-04-28T08:00:00Z,XRPUSDT,0.0001
2024-04-28T16:00:00Z,XRPUSDT,0.0001
2024-04-29T00:00:00Z,XRPUSDT,0.00003149
2024-04-29T08:00:00Z,XRPUSDT,-0.00009056
2024-04-29T16:00:00Z,XRPUSDT,0.00006276
2024-04-30T00:00:00Z,XRPUSDT,0.0001
2024-04-30T08:00:00Z,XRPUSDT,0.00007155
2024-04-30T16:00:00Z,XRPUSDT,0.0001
2024-05-01T00:00:00Z,XRPUSDT,0.00003893
2024-05-01T08:00:00Z,XRPUSDT,-0.00010355
2024-05-01T16:00:00Z,XRPUSDT,0.00004728
2024-05-02T00:00:00Z,XRPUSDT,0.0001
2024-05-02T08:00:00Z,XRPUSDT,0.0001
2024-05-02T16:00:00Z,XRPUSDT,0.00005302
2024-05-03T00:00:00Z,XRPUSDT,-0.00004581
2024-05-03T08:00:00Z,XRPUSDT,-0.00003976
2024-05-03T16:00:00Z,XRPUSDT,0.00006967
2024-05-04T00:00:00Z,XRPUSDT,0.00004437
2024-05-04T08:00:00Z,XRPUSDT,0.00009962
2024-05-04T16:00:00Z,XRPUSDT,0.0001
2024-05-05T00:00:00Z,XRPUSDT,0.00005915
2024-05-05T08:00:00Z,XRPUSDT,0.0001
2024-05-05T16:00:00Z,XRPUSDT,0.00004289
2024-05-06T00:00:00Z,XRPUSDT,0.00009745
2024-05-06T08:00:00Z,XRPUSDT,0.00000113
2024-05-06T16:00:00Z,XRPUSDT,0.0001
2024-05-07T00:00:00Z,XRPUSDT,0.0001
2024-05-07T08:00:00Z,XRPUSDT,0.0001
2024-05-07T16:00:00Z,XRPUSDT,0.0001
2024-05-08T00:00:00Z,XRPUSDT,0.0001
2024-05-08T08:00:00Z,XRPUSDT,0.0001
2024-05-08T16:00:00Z,XRPUSDT,0.0001
2024-05-09T00:00:00Z,XRPUSDT,0.0001
2024-05-09T08:00:00Z,XRPUSDT,0.00008444
2024-05-09T16:00:00Z,XRPUSDT,0.0001
2024-05-10T00:00:00Z,XRPUSDT,0.0001
2024-05-10T08:00:00Z,XRPUSDT,0.0001
2024-05-10T16:00:00Z,XRPUSDT,0.0001
2024-05-11T00:00:00Z,XRPUSDT,0.0001
2024-05-11T08:00:00Z,XRPUSDT,0.00002726
2024-05-11T16:00:00Z,XRPUSDT,0.00003447
2024-05-12T00:00:00Z,XRPUSDT,0.00009646
2024-05-12T08:00:00Z,XRPUSDT,0.00003332
2024-05-12T16:00:00Z,XRPUSDT,0.00005396
2024-05-13T00:00:00Z,XRPUSDT,-0.00001912
2024-05-13T08:00:00Z,XRPUSDT,-0.00001891
2024-05-13T16:00:00Z,XRPUSDT,0.00002574
2024-05-14T00:00:00Z,XRPUSDT,0.0001
2024-05-14T08:00:00Z,XRPUSDT,0.0001
2024-05-14T16:00:00Z,XRPUSDT,0.0001
2024-05-15T00:00:00Z,XRPUSDT,0.0001
2024-05-15T08:00:00Z,XRPUSDT,0.0001
2024-05-15T16:00:00Z,XRPUSDT,-0.00006982
2024-05-16T00:00:00Z,XRPUSDT,0.00008852
2024-05-16T08:00:00Z,XRPUSDT,0.0001
2024-05-16T16:00:00Z,XRPUSDT,0.0001
2024-05-17T00:00:00Z,XRPUSDT,0.0001
2024-05-17T08:00:00Z,XRPUSDT,0.0001
2024-05-17T16:00:00Z,XRPUSDT,0.0001
2024-05-18T00:00:00Z,XRPUSDT,0.0001
2024-05-18T08:00:00Z,XRPUSDT,0.0001
2024-05-18T16:00:00Z,XRPUSDT,0.0001
2024-05-19T00:00:00Z,XRPUSDT,0.0001
2024-05-19T08:00:00Z,XRPUSDT,0.0001
2024-05-19T16:00:00Z,XRPUSDT,0.0001
2024-05-20T00:00:00Z,XRPUSDT,0.0001
2024-05-20T08:00:00Z,XRPUSDT,0.00003535
2024-05-20T16:00:00Z,XRPUSDT,0.00006026
2024-05-21T00:00:00Z,XRPUSDT,0.0001
2024-05-21T08:00:00Z,XRPUSDT,0.0001
2024-05-21T16:00:00Z,XRPUSDT,0.0001
2024-05-22T00:00:00Z,XRPUSDT,0.0001
2024-05-22T08:00:00Z,XRPUSDT,0.0001
2024-05-22T16:00:00Z,XRPUSDT,0.0001
2024-05-23T00:00:00Z,XRPUSDT,0.0001
2024-05-23T08:00:00Z,XRPUSDT,0.0001
2024-05-23T16:00:00Z,XRPUSDT,0.0001
2024-05-24T00:00:00Z,XRPUSDT,0.0001
2024-05-24T08:00:00Z,XRPUSDT,0.0001
2024-05-24T16:00:00Z,XRPUSDT,0.0001
2024-05-25T00:00:00Z,XRPUSDT,0.0001
2024-05-25T08:00:00Z,XRPUSDT,0.0001
2024-05-25T16:00:00Z,XRPUSDT,0.0001
2024-05-26T00:00:00Z,XRPUSDT,0.0001
2024-05-26T08:00:00Z,XRPUSDT,0.0001
2024-05-26T16:00:00Z,XRPUSDT,0.0001
2024-05-27T00:00:00Z,XRPUSDT,0.0001
2024-05-27T08:00:00Z,XRPUSDT,0.0001
2024-05-27T16:00:00Z,XRPUSDT,0.00013322
2024-05-28T00:00:00Z,XRPUSDT,0.0001
2024-05-28T08:00:00Z,XRPUSDT,0.0001
2024-05-28T16:00:00Z,XRPUSDT,0.00015077
2024-05-29T00:00:00Z,XRPUSDT,0.0001
2024-05-29T08:00:00Z,XRPUSDT,0.0001
2024-05-29T16:00:00Z,XRPUSDT,0.00015415
2024-05-30T00:00:00Z,XRPUSDT,0.0001
2024-05-30T08:00:00Z,XRPUSDT,0.0001
2024-05-30T16:00:00Z,XRPUSDT,0.0001
2024-05-31T00:00:00Z,XRPUSDT,0.0001
2024-05-31T08:00:00Z,XRPUSDT,0.0001
2024-05-31T16:00:00Z,XRPUSDT,0.0001
2024-06-01T00:00:00Z,XRPUSDT,0.0001
2024-06-01T08:00:00Z,XRPUSDT,0.0001
2024-06-01T16:00:00Z,XRPUSDT,0.0001
2024-06-02T00:00:00Z,XRPUSDT,0.0001
2024-06-02T08:00:00Z,XRPUSDT,0.0001
2024-06-02T16:00:00Z,XRPUSDT,0.0001
2024-06-03T00:00:00Z,XRPUSDT,0.0001
2024-06-03T08:00:00Z,XRPUSDT,0.0001
2024-06-03T16:00:00Z,XRPUSDT,0.0001
2024-06-04T00:00:00Z,XRPUSDT,0.0001
2024-06-04T08:00:00Z,XRPUSDT,0.0001
2024-06-04T16:00:00Z,XRPUSDT,0.0001
2024-06-05T00:00:00Z,XRPUSDT,0.0001
2024-06-05T08:00:00Z,XRPUSDT,0.0002658
2024-06-05T16:00:00Z,XRPUSDT,0.00020197
2024-06-06T00:00:00Z,XRPUSDT,0.00020207
2024-06-06T08:00:00Z,XRPUSDT,0.0002811
2024-06-06T16:00:00Z,XRPUSDT,0.00022647
2024-06-07T00:00:00Z,XRPUSDT,0.0001
2024-06-07T08:00:00Z,XRPUSDT,0.0001
2024-06-07T16:00:00Z,XRPUSDT,0.0001281
2024-06-08T00:00:00Z,XRPUSDT,0.0001
2024-06-08T08:00:00Z,XRPUSDT,0.0001
2024-06-08T16:00:00Z,XRPUSDT,0.0001
2024-06-09T00:00:00Z,XRPUSDT,0.0001
2024-06-09T08:00:00Z,XRPUSDT,0.0001
2024-06-09T16:00:00Z,XRPUSDT,0.0001
2024-06-10T00:00:00Z,XRPUSDT,0.0001
2024-06-10T08:00:00Z,XRPUSDT,0.0001
2024-06-10T16:00:00Z,XRPUSDT,0.0001
2024-06-11T00:00:00Z,XRPUSDT,0.0001
2024-06-11T08:00:00Z,XRPUSDT,0.0001
2024-06-11T16:00:00Z,XRPUSDT,0.0001
2024-06-12T00:00:00Z,XRPUSDT,0.0001
2024-06-12T08:00:00Z,XRPUSDT,0.0001
2024-06-12T16:00:00Z,XRPUSDT,0.0001
2024-06-13T00:00:00Z,XRPUSDT,0.0001
2024-06-13T08:00:00Z,XRPUSDT,0.0001
2024-06-13T16:00:00Z,XRPUSDT,0.0001
2024-06-14T00:00:00Z,XRPUSDT,0.0001
2024-06-14T08:00:00Z,XRPUSDT,0.0001
2024-06-14T16:00:00Z,XRPUSDT,0.0001
2024-06-15T00:00:00Z,XRPUSDT,0.0001
2024-06-15T08:00:00Z,XRPUSDT,0.00009329
2024-06-15T16:00:00Z,XRPUSDT,0.0001
2024-06-16T00:00:00Z,XRPUSDT,-0.00007787
2024-06-16T08:00:00Z,XRPUSDT,0.00000419
2024-06-16T16:00:00Z,XRPUSDT,0.00006001
2024-06-17T00:00:00Z,XRPUSDT,0.0001
2024-06-17T08:00:00Z,XRPUSDT,0.00007746
2024-06-17T16:00:00Z,XRPUSDT,0.00004432
2024-06-18T00:00:00Z,XRPUSDT,0.0001
2024-06-18T08:00:00Z,XRPUSDT,0.0001
2024-06-18T16:00:00Z,XRPUSDT,0.0001
2024-06-19T00:00:00Z,XRPUSDT,0.0001
2024-06-19T08:00:00Z,XRPUSDT,0.0001
2024-06-19T16:00:00Z,XRPUSDT,0.0001
2024-06-20T00:00:00Z,XRPUSDT,0.0001
2024-06-20T08:00:00Z,XRPUSDT,-0.00002265
2024-06-20T16:00:00Z,XRPUSDT,0.0001
2024-06-21T00:00:00Z,XRPUSDT,0.0001
2024-06-21T08:00:00Z,XRPUSDT,-0.00000103
2024-06-21T16:00:00Z,XRPUSDT,0.0001
2024-06-22T00:00:00Z,XRPUSDT,0.00000809
2024-06-22T08:00:00Z,XRPUSDT,0.0001
2024-06-22T16:00:00Z,XRPUSDT,0.0001
2024-06-23T00:00:00Z,XRPUSDT,0.0001
2024-06-23T08:00:00Z,XRPUSDT,0.0001
2024-06-23T16:00:00Z,XRPUSDT,0.00005225
2024-06-24T00:00:00Z,XRPUSDT,0.00006241
2024-06-24T08:00:00Z,XRPUSDT,-0.00005182
2024-06-24T16:00:00Z,XRPUSDT,0.00008708
2024-06-25T00:00:00Z,XRPUSDT,-0.00002818
2024-06-25T08:00:00Z,XRPUSDT,-0.0000006
2024-06-25T16:00:00Z,XRPUSDT,0.0001
2024-06-26T00:00:00Z,XRPUSDT,0.00005038
2024-06-26T08:00:00Z,XRPUSDT,-0.00008742
2024-06-26T16:00:00Z,XRPUSDT,0.0001
2024-06-27T00:00:00Z,XRPUSDT,0.00008478
2024-06-27T08:00:00Z,XRPUSDT,0.00001995
2024-06-27T16:00:00Z,XRPUSDT,0.00004408
2024-06-28T00:00:00Z,XRPUSDT,0.00002658
2024-06-28T08:00:00Z,XRPUSDT,-0.00003777
2024-06-28T16:00:00Z,XRPUSDT,0.0001
2024-06-29T00:00:00Z,XRPUSDT,0.0001
2024-06-29T08:00:00Z,XRPUSDT,-0.00008227
2024-06-29T16:00:00Z,XRPUSDT,0.0001
2024-06-30T00:00:00Z,XRPUSDT,0.0001
2024-06-30T08:00:00Z,XRPUSDT,0.0001
2024-06-30T16:00:00Z,XRPUSDT,-0.00001617
2024-07-01T00:00:00Z,XRPUSDT,0.00003751
2024-07-01T08:00:00Z,XRPUSDT,-0.0000552
2024-07-01T16:00:00Z,XRPUSDT,0.0001
2024-07-02T00:00:00Z,XRPUSDT,0.00006281
2024-07-02T08:00:00Z,XRPUSDT,0.00000906
2024-07-02T16:00:00Z,XRPUSDT,0.0001
2024-07-03T00:00:00Z,XRPUSDT,0.0001
2024-07-03T08:00:00Z,XRPUSDT,0.0001
2024-07-03T16:00:00Z,XRPUSDT,0.0001
2024-07-04T00:00:00Z,XRPUSDT,0.0001
2024-07-04T08:00:00Z,XRPUSDT,0.00000259
2024-07-04T16:00:00Z,XRPUSDT,0.00003819
2024-07-05T00:00:00Z,XRPUSDT,0.00004536
2024-07-05T08:00:00Z,XRPUSDT,-0.00010967
2024-07-05T16:00:00Z,XRPUSDT,-0.00004334
2024-07-06T00:00:00Z,XRPUSDT,0.00006194
2024-07-06T08:00:00Z,XRPUSDT,0.0001
2024-07-06T16:00:00Z,XRPUSDT,0.00006294
2024-07-07T00:00:00Z,XRPUSDT,-0.00007819
2024-07-07T08:00:00Z,XRPUSDT,0.0001
2024-07-07T16:00:00Z,XRPUSDT,0.00000432
2024-07-08T00:00:00Z,XRPUSDT,-0.00005238
2024-07-08T08:00:00Z,XRPUSDT,-0.000019
2024-07-08T16:00:00Z,XRPUSDT,0.0001
2024-07-09T00:00:00Z,XRPUSDT,0.00004407
2024-07-09T08:00:00Z,XRPUSDT,-0.00000704
2024-07-09T16:00:00Z,XRPUSDT,0.00009611
2024-07-10T00:00:00Z,XRPUSDT,0.0001
2024-07-10T08:00:00Z,XRPUSDT,0.00007467
2024-07-10T16:00:00Z,XRPUSDT,0.0001
2024-07-11T00:00:00Z,XRPUSDT,0.0001
2024-07-11T08:00:00Z,XRPUSDT,0.00000464
2024-07-11T16:00:00Z,XRPUSDT,-0.00003276
2024-07-12T00:00:00Z,XRPUSDT,0.00007649
2024-07-12T08:00:00Z,XRPUSDT,-0.0001343
2024-07-12T16:00:00Z,XRPUSDT,0.00001685
2024-07-13T00:00:00Z,XRPUSDT,-0.00005579
2024-07-13T08:00:00Z,XRPUSDT,0.00007457
2024-07-13T16:00:00Z,XRPUSDT,0.00001117
2024-07-14T00:00:00Z,XRPUSDT,0.0001
2024-07-14T08:00:00Z,XRPUSDT,0.0001
2024-07-14T16:00:00Z,XRPUSDT,0.0001
2024-07-15T00:00:00Z,XRPUSDT,0.0001
2024-07-15T08:00:00Z,XRPUSDT,0.0001
2024-07-15T16:00:00Z,XRPUSDT,-0.00002973
2024-07-16T00:00:00Z,XRPUSDT,0.0001
2024-07-16T08:00:00Z,XRPUSDT,0.00003922
2024-07-16T16:00:00Z,XRPUSDT,0.0001
2024-07-17T00:00:00Z,XRPUSDT,0.0001
2024-07-17T08:00:00Z,XRPUSDT,0.00007118
2024-07-17T16:00:00Z,XRPUSDT,0.0001
2024-07-18T00:00:00Z,XRPUSDT,0.0001
2024-07-18T08:00:00Z,XRPUSDT,0.0001
2024-07-18T16:00:00Z,XRPUSDT,0.00008292
2024-07-19T00:00:00Z,XRPUSDT,0.00003105
2024-07-19T08:00:00Z,XRPUSDT,-0.00005902
2024-07-19T16:00:00Z,XRPUSDT,-0.00002833
2024-07-20T00:00:00Z,XRPUSDT,0.0001
2024-07-20T08:00:00Z,XRPUSDT,0.0001
2024-07-20T16:00:00Z,XRPUSDT,0.0001
2024-07-21T00:00:00Z,XRPUSDT,0.0001
2024-07-21T08:00:00Z,XRPUSDT,0.0001
2024-07-21T16:00:00Z,XRPUSDT,0.00005083
2024-07-22T00:00:00Z,XRPUSDT,0.0001
2024-07-22T08:00:00Z,XRPUSDT,0.0001
2024-07-22T16:00:00Z,XRPUSDT,0.0001
2024-07-23T00:00:00Z,XRPUSDT,0.0001
2024-07-23T08:00:00Z,XRPUSDT,0.0001
2024-07-23T16:00:00Z,XRPUSDT,0.0001
2024-07-24T00:00:00Z,XRPUSDT,0.0001
2024-07-24T08:00:00Z,XRPUSDT,0.0001
2024-07-24T16:00:00Z,XRPUSDT,0.0001
2024-07-25T00:00:00Z,XRPUSDT,0.00007487
2024-07-25T08:00:00Z,XRPUSDT,0.00008602
2024-07-25T16:00:00Z,XRPUSDT,0.0001
2024-07-26T00:00:00Z,XRPUSDT,0.000034
2024-07-26T08:00:00Z,XRPUSDT,0.0001
2024-07-26T16:00:00Z,XRPUSDT,0.00001981
2024-07-27T00:00:00Z,XRPUSDT,0.00009973
2024-07-27T08:00:00Z,XRPUSDT,0.0001
2024-07-27T16:00:00Z,XRPUSDT,0.0001
2024-07-28T00:00:00Z,XRPUSDT,0.0001
2024-07-28T08:00:00Z,XRPUSDT,0.0001
2024-07-28T16:00:00Z,XRPUSDT,0.0001
2024-07-29T00:00:00Z,XRPUSDT,-0.00002478
2024-07-29T08:00:00Z,XRPUSDT,0.0001
2024-07-29T16:00:00Z,XRPUSDT,0.0001
2024-07-30T00:00:00Z,XRPUSDT,0.0001
2024-07-30T08:00:00Z,XRPUSDT,-0.00002942
2024-07-30T16:00:00Z,XRPUSDT,-0.0000349
2024-07-31T00:00:00Z,XRPUSDT,0.0001
2024-07-31T08:00:00Z,XRPUSDT,-0.00003177
2024-07-31T16:00:00Z,XRPUSDT,0.0000336
2024-08-01T00:00:00Z,XRPUSDT,0.00009751
2024-08-01T08:00:00Z,XRPUSDT,-0.00019089
2024-08-01T16:00:00Z,XRPUSDT,0.00008854
2024-08-02T00:00:00Z,XRPUSDT,-0.00002065
2024-08-02T08:00:00Z,XRPUSDT,-0.00000708
2024-08-02T16:00:00Z,XRPUSDT,0.00001973
2024-08-03T00:00:00Z,XRPUSDT,0.0001
2024-08-03T08:00:00Z,XRPUSDT,-0.00000024
2024-08-03T16:00:00Z,XRPUSDT,-0.0000022
2024-08-04T00:00:00Z,XRPUSDT,0.00000505
2024-08-04T08:00:00Z,XRPUSDT,0.00004295
2024-08-04T16:00:00Z,XRPUSDT,-0.00002086
2024-08-05T00:00:00Z,XRPUSDT,0.00008063
2024-08-05T08:00:00Z,XRPUSDT,-0.00012509
2024-08-05T16:00:00Z,XRPUSDT,-0.00007287
2024-08-06T00:00:00Z,XRPUSDT,0.00007809
2024-08-06T08:00:00Z,XRPUSDT,-0.00000867
2024-08-06T16:00:00Z,XRPUSDT,0.00002897
2024-08-07T00:00:00Z,XRPUSDT,-0.00004021
2024-08-07T08:00:00Z,XRPUSDT,-0.00002404
2024-08-07T16:00:00Z,XRPUSDT,-0.0000146
2024-08-08T00:00:00Z,XRPUSDT,-0.00000419
2024-08-08T08:00:00Z,XRPUSDT,-0.00010236
2024-08-08T16:00:00Z,XRPUSDT,0.00005858
2024-08-09T00:00:00Z,XRPUSDT,0.00002164
2024-08-09T08:00:00Z,XRPUSDT,0.00009134
2024-08-09T16:00:00Z,XRPUSDT,0.00001624
2024-08-10T00:00:00Z,XRPUSDT,-0.00002724
2024-08-10T08:00:00Z,XRPUSDT,0.00007327
2024-08-10T16:00:00Z,XRPUSDT,0.00005348
2024-08-11T00:00:00Z,XRPUSDT,0.0000627
2024-08-11T08:00:00Z,XRPUSDT,0.00007754
2024-08-11T16:00:00Z,XRPUSDT,-0.00010421
2024-08-12T00:00:00Z,XRPUSDT,-0.00000166
2024-08-12T08:00:00Z,XRPUSDT,0.00007111
2024-08-12T16:00:00Z,XRPUSDT,0.0001
2024-08-13T00:00:00Z,XRPUSDT,-0.00000856
2024-08-13T08:00:00Z,XRPUSDT,0.0001
2024-08-13T16:00:00Z,XRPUSDT,0.00007155
2024-08-14T00:00:00Z,XRPUSDT,-0.00008655
2024-08-14T08:00:00Z,XRPUSDT,0.00003558
2024-08-14T16:00:00Z,XRPUSDT,0.00005108
2024-08-15T00:00:00Z,XRPUSDT,0.00006935
2024-08-15T08:00:00Z,XRPUSDT,0.00002248
2024-08-15T16:00:00Z,XRPUSDT,0.00000626
2024-08-16T00:00:00Z,XRPUSDT,0.00006247
2024-08-16T08:00:00Z,XRPUSDT,0.00004594
2024-08-16T16:00:00Z,XRPUSDT,0.00008959
2024-08-17T00:00:00Z,XRPUSDT,0.00004394
2024-08-17T08:00:00Z,XRPUSDT,-0.00003779
2024-08-17T16:00:00Z,XRPUSDT,0.00002019
2024-08-18T00:00:00Z,XRPUSDT,0.00000781
2024-08-18T08:00:00Z,XRPUSDT,0.00000696
2024-08-18T16:00:00Z,XRPUSDT,-0.0000486
2024-08-19T00:00:00Z,XRPUSDT,0.00000402
2024-08-19T08:00:00Z,XRPUSDT,-0.00004354
2024-08-19T16:00:00Z,XRPUSDT,0.00003323
2024-08-20T00:00:00Z,XRPUSDT,0.00006471
2024-08-20T08:00:00Z,XRPUSDT,0.00004558
2024-08-20T16:00:00Z,XRPUSDT,0.00008379
2024-08-21T00:00:00Z,XRPUSDT,-0.00003088
2024-08-21T08:00:00Z,XRPUSDT,0.00005053
2024-08-21T16:00:00Z,XRPUSDT,0.00005923
2024-08-22T00:00:00Z,XRPUSDT,0.00008487
2024-08-22T08:00:00Z,XRPUSDT,0.00008064
2024-08-22T16:00:00Z,XRPUSDT,0.00009583
2024-08-23T00:00:00Z,XRPUSDT,-0.00005265
2024-08-23T08:00:00Z,XRPUSDT,0.0001
2024-08-23T16:00:00Z,XRPUSDT,0.00003717
2024-08-24T00:00:00Z,XRPUSDT,0.00004692
2024-08-24T08:00:00Z,XRPUSDT,0.0001
2024-08-24T16:00:00Z,XRPUSDT,0.00007298
2024-08-25T00:00:00Z,XRPUSDT,0.0000401
2024-08-25T08:00:00Z,XRPUSDT,-0.00001714
2024-08-25T16:00:00Z,XRPUSDT,-0.00005081
2024-08-26T00:00:00Z,XRPUSDT,-0.00002131
2024-08-26T08:00:00Z,XRPUSDT,0.00003094
2024-08-26T16:00:00Z,XRPUSDT,0.0001
2024-08-27T00:00:00Z,XRPUSDT,-0.00003636
2024-08-27T08:00:00Z,XRPUSDT,0.0000311
2024-08-27T16:00:00Z,XRPUSDT,0.0001
2024-08-28T00:00:00Z,XRPUSDT,0.00000726
2024-08-28T08:00:00Z,XRPUSDT,-0.00014409
2024-08-28T16:00:00Z,XRPUSDT,-0.00001716
2024-08-29T00:00:00Z,XRPUSDT,-0.0000056
2024-08-29T08:00:00Z,XRPUSDT,0.00006132
2024-08-29T16:00:00Z,XRPUSDT,-0.0000447
2024-08-30T00:00:00Z,XRPUSDT,0.00002048
2024-08-30T08:00:00Z,XRPUSDT,0.0001
2024-08-30T16:00:00Z,XRPUSDT,0.0000268
2024-08-31T00:00:00Z,XRPUSDT,0.00001072
2024-08-31T08:00:00Z,XRPUSDT,0.00000685
2024-08-31T16:00:00Z,XRPUSDT,-0.00004425
2024-09-01T00:00:00Z,XRPUSDT,0.00005702
2024-09-01T08:00:00Z,XRPUSDT,0.00003215
2024-09-01T16:00:00Z,XRPUSDT,0.00009267
2024-09-02T00:00:00Z,XRPUSDT,-0.00001065
2024-09-02T08:00:00Z,XRPUSDT,-0.00005574
2024-09-02T16:00:00Z,XRPUSDT,0.00001069
2024-09-03T00:00:00Z,XRPUSDT,-0.0000473
2024-09-03T08:00:00Z,XRPUSDT,-0.00000944
2024-09-03T16:00:00Z,XRPUSDT,0.00009222
2024-09-04T00:00:00Z,XRPUSDT,0.00003586
2024-09-04T08:00:00Z,XRPUSDT,-0.00000724
2024-09-04T16:00:00Z,XRPUSDT,0.00005785
2024-09-05T00:00:00Z,XRPUSDT,0.00000025
2024-09-05T08:00:00Z,XRPUSDT,0.00007341
2024-09-05T16:00:00Z,XRPUSDT,0.00005742
2024-09-06T00:00:00Z,XRPUSDT,0.00002342
2024-09-06T08:00:00Z,XRPUSDT,-0.00003547
2024-09-06T16:00:00Z,XRPUSDT,0.00003962
2024-09-07T00:00:00Z,XRPUSDT,-0.00012706
2024-09-07T08:00:00Z,XRPUSDT,-0.00012211
2024-09-07T16:00:00Z,XRPUSDT,-0.00005133
2024-09-08T00:00:00Z,XRPUSDT,-0.00002933
2024-09-08T08:00:00Z,XRPUSDT,0.00003648
2024-09-08T16:00:00Z,XRPUSDT,0.00006018
2024-09-09T00:00:00Z,XRPUSDT,0.00002513
2024-09-09T08:00:00Z,XRPUSDT,-0.00003322
2024-09-09T16:00:00Z,XRPUSDT,0.00000777
2024-09-10T00:00:00Z,XRPUSDT,0.00000446
2024-09-10T08:00:00Z,XRPUSDT,0.00003355
2024-09-10T16:00:00Z,XRPUSDT,0.0000591
2024-09-11T00:00:00Z,XRPUSDT,-0.00000498
2024-09-11T08:00:00Z,XRPUSDT,-0.00000936
2024-09-11T16:00:00Z,XRPUSDT,-0.00003828
2024-09-12T00:00:00Z,XRPUSDT,0.00004454
2024-09-12T08:00:00Z,XRPUSDT,-0.00001896
2024-09-12T16:00:00Z,XRPUSDT,0.00000129
2024-09-13T00:00:00Z,XRPUSDT,-0.00005343
2024-09-13T08:00:00Z,XRPUSDT,-0.00006617
2024-09-13T16:00:00Z,XRPUSDT,0.0001
2024-09-14T00:00:00Z,XRPUSDT,-0.00002626
2024-09-14T08:00:00Z,XRPUSDT,0.00001584
2024-09-14T16:00:00Z,XRPUSDT,0.00001826
2024-09-15T00:00:00Z,XRPUSDT,0.00006531
2024-09-15T08:00:00Z,XRPUSDT,0.00008329
2024-09-15T16:00:00Z,XRPUSDT,0.00006748
2024-09-16T00:00:00Z,XRPUSDT,0.00009056
2024-09-16T08:00:00Z,XRPUSDT,0.00002495
2024-09-16T16:00:00Z,XRPUSDT,0.00009584
2024-09-17T00:00:00Z,XRPUSDT,0.0000028
2024-09-17T08:00:00Z,XRPUSDT,0.00002907
2024-09-17T16:00:00Z,XRPUSDT,0.00007298
2024-09-18T00:00:00Z,XRPUSDT,0.00008184
2024-09-18T08:00:00Z,XRPUSDT,-0.00002591
2024-09-18T16:00:00Z,XRPUSDT,0.00004909
2024-09-19T00:00:00Z,XRPUSDT,0.00001914
2024-09-19T08:00:00Z,XRPUSDT,0.0001
2024-09-19T16:00:00Z,XRPUSDT,0.0001
2024-09-20T00:00:00Z,XRPUSDT,0.00004173
2024-09-20T08:00:00Z,XRPUSDT,0.00006322
2024-09-20T16:00:00Z,XRPUSDT,0.00008797
2024-09-21T00:00:00Z,XRPUSDT,-0.00001012
2024-09-21T08:00:00Z,XRPUSDT,0.0001
2024-09-21T16:00:00Z,XRPUSDT,0.0001
2024-09-22T00:00:00Z,XRPUSDT,0.00005292
2024-09-22T08:00:00Z,XRPUSDT,0.00005818
2024-09-22T16:00:00Z,XRPUSDT,-0.00005159
2024-09-23T00:00:00Z,XRPUSDT,-0.00000072
2024-09-23T08:00:00Z,XRPUSDT,0.0000992
2024-09-23T16:00:00Z,XRPUSDT,0.00007255
2024-09-24T00:00:00Z,XRPUSDT,0.0001
2024-09-24T08:00:00Z,XRPUSDT,0.0001
2024-09-24T16:00:00Z,XRPUSDT,0.0001
2024-09-25T00:00:00Z,XRPUSDT,0.0001
2024-09-25T08:00:00Z,XRPUSDT,0.0001
2024-09-25T16:00:00Z,XRPUSDT,0.0001
2024-09-26T00:00:00Z,XRPUSDT,0.0001
2024-09-26T08:00:00Z,XRPUSDT,0.0001
2024-09-26T16:00:00Z,XRPUSDT,0.0001
2024-09-27T00:00:00Z,XRPUSDT,0.0001
2024-09-27T08:00:00Z,XRPUSDT,0.0001
2024-09-27T16:00:00Z,XRPUSDT,0.0001
2024-09-28T00:00:00Z,XRPUSDT,0.0001
2024-09-28T08:00:00Z,XRPUSDT,0.0001
2024-09-28T16:00:00Z,XRPUSDT,0.0001
2024-09-29T00:00:00Z,XRPUSDT,0.0001
2024-09-29T08:00:00Z,XRPUSDT,0.0001
2024-09-29T16:00:00Z,XRPUSDT,0.0001
2024-09-30T00:00:00Z,XRPUSDT,0.0001
2024-09-30T08:00:00Z,XRPUSDT,0.0001
2024-09-30T16:00:00Z,XRPUSDT,0.0001
2024-10-01T00:00:00Z,XRPUSDT,0.0001
2024-10-01T08:00:00Z,XRPUSDT,0.0001
2024-10-01T16:00:00Z,XRPUSDT,0.000038
2024-10-02T00:00:00Z,XRPUSDT,0.00000872
2024-10-02T08:00:00Z,XRPUSDT,-0.00000622
2024-10-02T16:00:00Z,XRPUSDT,-0.00010486
2024-10-03T00:00:00Z,XRPUSDT,0.00003927
2024-10-03T08:00:00Z,XRPUSDT,0.0001
2024-10-03T16:00:00Z,XRPUSDT,0.0001
2024-10-04T00:00:00Z,XRPUSDT,-0.00007102
2024-10-04T08:00:00Z,XRPUSDT,-0.00005686
2024-10-04T16:00:00Z,XRPUSDT,0.00001101
2024-10-05T00:00:00Z,XRPUSDT,-0.00007894
2024-10-05T08:00:00Z,XRPUSDT,0.0001
2024-10-05T16:00:00Z,XRPUSDT,0.0001
2024-10-06T00:00:00Z,XRPUSDT,0.00007194
2024-10-06T08:00:00Z,XRPUSDT,0.0001
2024-10-06T16:00:00Z,XRPUSDT,0.00003884
2024-10-07T00:00:00Z,XRPUSDT,-0.00003937
2024-10-07T08:00:00Z,XRPUSDT,0.0000265
2024-10-07T16:00:00Z,XRPUSDT,0.00005031
2024-10-08T00:00:00Z,XRPUSDT,0.00008777
2024-10-08T08:00:00Z,XRPUSDT,-0.00003284
2024-10-08T16:00:00Z,XRPUSDT,0.00005871
2024-10-09T00:00:00Z,XRPUSDT,0.00008134
2024-10-09T08:00:00Z,XRPUSDT,-0.00001943
2024-10-09T16:00:00Z,XRPUSDT,0.00000066
2024-10-10T00:00:00Z,XRPUSDT,0.0001
2024-10-10T08:00:00Z,XRPUSDT,-0.00010014
2024-10-10T16:00:00Z,XRPUSDT,0.00007665
2024-10-11T00:00:00Z,XRPUSDT,0.0001
2024-10-11T08:00:00Z,XRPUSDT,0.00006221
2024-10-11T16:00:00Z,XRPUSDT,0.0001
2024-10-12T00:00:00Z,XRPUSDT,0.0001
2024-10-12T08:00:00Z,XRPUSDT,0.0001
2024-10-12T16:00:00Z,XRPUSDT,0.0001
2024-10-13T00:00:00Z,XRPUSDT,0.00004047
2024-10-13T08:00:00Z,XRPUSDT,0.0001
2024-10-13T16:00:00Z,XRPUSDT,-0.00002929
2024-10-14T00:00:00Z,XRPUSDT,0.00003236
2024-10-14T08:00:00Z,XRPUSDT,0.0001
2024-10-14T16:00:00Z,XRPUSDT,0.0001
2024-10-15T00:00:00Z,XRPUSDT,0.0001
2024-10-15T08:00:00Z,XRPUSDT,0.0001
2024-10-15T16:00:00Z,XRPUSDT,0.0001
2024-10-16T00:00:00Z,XRPUSDT,0.0001
2024-10-16T08:00:00Z,XRPUSDT,0.0001
2024-10-16T16:00:00Z,XRPUSDT,0.0001
2024-10-17T00:00:00Z,XRPUSDT,0.0001
2024-10-17T08:00:00Z,XRPUSDT,0.0001
2024-10-17T16:00:00Z,XRPUSDT,0.0001
2024-10-18T00:00:00Z,XRPUSDT,0.0001
2024-10-18T08:00:00Z,XRPUSDT,0.0001
2024-10-18T16:00:00Z,XRPUSDT,0.0001
2024-10-19T00:00:00Z,XRPUSDT,0.0001
2024-10-19T08:00:00Z,XRPUSDT,0.0001
2024-10-19T16:00:00Z,XRPUSDT,0.0001
2024-10-20T00:00:00Z,XRPUSDT,0.0001
2024-10-20T08:00:00Z,XRPUSDT,0.0001
2024-10-20T16:00:00Z,XRPUSDT,0.0001
2024-10-21T00:00:00Z,XRPUSDT,0.0001
2024-10-21T08:00:00Z,XRPUSDT,0.0001
2024-10-21T16:00:00Z,XRPUSDT,0.0001
2024-10-22T00:00:00Z,XRPUSDT,0.0001
2024-10-22T08:00:00Z,XRPUSDT,0.0001
2024-10-22T16:00:00Z,XRPUSDT,0.0001
2024-10-23T00:00:00Z,XRPUSDT,0.0001
2024-10-23T08:00:00Z,XRPUSDT,0.0001
2024-10-23T16:00:00Z,XRPUSDT,0.0001
2024-10-24T00:00:00Z,XRPUSDT,0.0001
2024-10-24T08:00:00Z,XRPUSDT,0.0001
2024-10-24T16:00:00Z,XRPUSDT,0.0001
2024-10-25T00:00:00Z,XRPUSDT,0.0001
2024-10-25T08:00:00Z,XRPUSDT,0.0001
2024-10-25T16:00:00Z,XRPUSDT,0.0001
2024-10-26T00:00:00Z,XRPUSDT,0.0001
2024-10-26T08:00:00Z,XRPUSDT,0.00005586
2024-10-26T16:00:00Z,XRPUSDT,0.0001
2024-10-27T00:00:00Z,XRPUSDT,0.0001
2024-10-27T08:00:00Z,XRPUSDT,0.0001
2024-10-27T16:00:00Z,XRPUSDT,0.00003189
2024-10-28T00:00:00Z,XRPUSDT,0.0001
2024-10-28T08:00:00Z,XRPUSDT,0.0001
2024-10-28T16:00:00Z,XRPUSDT,0.0001
2024-10-29T00:00:00Z,XRPUSDT,0.0001
2024-10-29T08:00:00Z,XRPUSDT,0.0001
2024-10-29T16:00:00Z,XRPUSDT,0.0001
2024-10-30T00:00:00Z,XRPUSDT,0.0001
2024-10-30T08:00:00Z,XRPUSDT,0.0001
2024-10-30T16:00:00Z,XRPUSDT,0.0001
2024-10-31T00:00:00Z,XRPUSDT,0.0001
2024-10-31T08:00:00Z,XRPUSDT,0.0001
2024-10-31T16:00:00Z,XRPUSDT,0.0001
2024-11-01T00:00:00Z,XRPUSDT,0.0001
2024-11-01T08:00:00Z,XRPUSDT,0.0001
2024-11-01T16:00:00Z,XRPUSDT,0.0001
2024-11-02T00:00:00Z,XRPUSDT,0.0001
2024-11-02T08:00:00Z,XRPUSDT,0.0001
2024-11-02T16:00:00Z,XRPUSDT,0.0001
2024-11-03T00:00:00Z,XRPUSDT,0.0001
2024-11-03T08:00:00Z,XRPUSDT,0.0001
2024-11-03T16:00:00Z,XRPUSDT,-0.00000697
2024-11-04T00:00:00Z,XRPUSDT,0.00002112
2024-11-04T08:00:00Z,XRPUSDT,0.00006598
2024-11-04T16:00:00Z,XRPUSDT,0.0001
2024-11-05T00:00:00Z,XRPUSDT,0.0001
2024-11-05T08:00:00Z,XRPUSDT,0.0001
2024-11-05T16:00:00Z,XRPUSDT,0.0001
2024-11-06T00:00:00Z,XRPUSDT,0.00007234
2024-11-06T08:00:00Z,XRPUSDT,0.0001
2024-11-06T16:00:00Z,XRPUSDT,0.0001
2024-11-07T00:00:00Z,XRPUSDT,0.0001
2024-11-07T08:00:00Z,XRPUSDT,0.0001
2024-11-07T16:00:00Z,XRPUSDT,0.0001
2024-11-08T00:00:00Z,XRPUSDT,0.0001
2024-11-08T08:00:00Z,XRPUSDT,0.0001
2024-11-08T16:00:00Z,XRPUSDT,0.0001
2024-11-09T00:00:00Z,XRPUSDT,0.0001
2024-11-09T08:00:00Z,XRPUSDT,0.0001
2024-11-09T16:00:00Z,XRPUSDT,0.0001
2024-11-10T00:00:00Z,XRPUSDT,0.0001
2024-11-10T08:00:00Z,XRPUSDT,0.00021335
2024-11-10T16:00:00Z,XRPUSDT,0.00027864
2024-11-11T00:00:00Z,XRPUSDT,0.0001
2024-11-11T08:00:00Z,XRPUSDT,0.00026141
2024-11-11T16:00:00Z,XRPUSDT,0.00027567
2024-11-12T00:00:00Z,XRPUSDT,0.00039785
2024-11-12T08:00:00Z,XRPUSDT,0.00062833
2024-11-12T16:00:00Z,XRPUSDT,0.00044627
2024-11-13T00:00:00Z,XRPUSDT,0.00023909
2024-11-13T08:00:00Z,XRPUSDT,0.0001
2024-11-13T16:00:00Z,XRPUSDT,0.0001
2024-11-14T00:00:00Z,XRPUSDT,0.0001
2024-11-14T08:00:00Z,XRPUSDT,0.0001
2024-11-14T16:00:00Z,XRPUSDT,0.0001
2024-11-15T00:00:00Z,XRPUSDT,0.0001
2024-11-15T08:00:00Z,XRPUSDT,0.0001
2024-11-15T16:00:00Z,XRPUSDT,0.0001
2024-11-16T00:00:00Z,XRPUSDT,0.0001
2024-11-16T08:00:00Z,XRPUSDT,0.0001
2024-11-16T16:00:00Z,XRPUSDT,0.0001
2024-11-17T00:00:00Z,XRPUSDT,0.00015512
2024-11-17T08:00:00Z,XRPUSDT,0.00021882
2024-11-17T16:00:00Z,XRPUSDT,0.00036727
2024-11-18T00:00:00Z,XRPUSDT,0.00017329
2024-11-18T08:00:00Z,XRPUSDT,0.00037324
2024-11-18T16:00:00Z,XRPUSDT,0.0002051
2024-11-19T00:00:00Z,XRPUSDT,0.00010084
2024-11-19T08:00:00Z,XRPUSDT,0.00026191
2024-11-19T16:00:00Z,XRPUSDT,0.00011979
2024-11-20T00:00:00Z,XRPUSDT,0.00011558
2024-11-20T08:00:00Z,XRPUSDT,0.0001
2024-11-20T16:00:00Z,XRPUSDT,0.00015617
2024-11-21T00:00:00Z,XRPUSDT,0.0001
2024-11-21T08:00:00Z,XRPUSDT,0.0001
2024-11-21T16:00:00Z,XRPUSDT,0.00024527
2024-11-22T00:00:00Z,XRPUSDT,0.00032956
2024-11-22T08:00:00Z,XRPUSDT,0.00041319
2024-11-22T16:00:00Z,XRPUSDT,0.00012517
2024-11-23T00:00:00Z,XRPUSDT,0.00017793
2024-11-23T08:00:00Z,XRPUSDT,0.0005882
2024-11-23T16:00:00Z,XRPUSDT,0.00055962
2024-11-24T00:00:00Z,XRPUSDT,0.00020782
2024-11-24T08:00:00Z,XRPUSDT,0.00046991
2024-11-24T16:00:00Z,XRPUSDT,0.00017277
2024-11-25T00:00:00Z,XRPUSDT,0.0001
2024-11-25T08:00:00Z,XRPUSDT,0.00019529
2024-11-25T16:00:00Z,XRPUSDT,0.00022166
2024-11-26T00:00:00Z,XRPUSDT,0.0001
2024-11-26T08:00:00Z,XRPUSDT,0.0001
2024-11-26T16:00:00Z,XRPUSDT,0.0001
2024-11-27T00:00:00Z,XRPUSDT,0.0001
2024-11-27T08:00:00Z,XRPUSDT,0.00021012
2024-11-27T16:00:00Z,XRPUSDT,0.00041154
2024-11-28T00:00:00Z,XRPUSDT,0.0004537
2024-11-28T08:00:00Z,XRPUSDT,0.00049673
2024-11-28T16:00:00Z,XRPUSDT,0.00017375
2024-11-29T00:00:00Z,XRPUSDT,0.0004311
2024-11-29T08:00:00Z,XRPUSDT,0.00051104
2024-11-29T16:00:00Z,XRPUSDT,0.00049887
2024-11-30T00:00:00Z,XRPUSDT,0.00042038
2024-11-30T08:00:00Z,XRPUSDT,0.00018952
2024-11-30T16:00:00Z,XRPUSDT,0.00011781
2024-12-01T00:00:00Z,XRPUSDT,0.000233
2024-12-01T08:00:00Z,XRPUSDT,0.00024359
2024-12-01T16:00:00Z,XRPUSDT,0.00021014
2024-12-02T00:00:00Z,XRPUSDT,0.00044152
2024-12-02T08:00:00Z,XRPUSDT,0.00028534
2024-12-02T16:00:00Z,XRPUSDT,0.00021227
2024-12-03T00:00:00Z,XRPUSDT,0.00016396
2024-12-03T08:00:00Z,XRPUSDT,0.00055411
2024-12-03T16:00:00Z,XRPUSDT,0.00054158
2024-12-04T00:00:00Z,XRPUSDT,0.00021111
2024-12-04T08:00:00Z,XRPUSDT,0.0004703
2024-12-04T16:00:00Z,XRPUSDT,0.00047275
2024-12-05T00:00:00Z,XRPUSDT,0.00068067
2024-12-05T08:00:00Z,XRPUSDT,0.00114863
2024-12-05T16:00:00Z,XRPUSDT,0.00098584
2024-12-06T00:00:00Z,XRPUSDT,0.0005766
2024-12-06T08:00:00Z,XRPUSDT,0.00072187
2024-12-06T16:00:00Z,XRPUSDT,0.0003244
2024-12-07T00:00:00Z,XRPUSDT,0.00056336
2024-12-07T08:00:00Z,XRPUSDT,0.00041071
2024-12-07T16:00:00Z,XRPUSDT,0.00069927
2024-12-08T00:00:00Z,XRPUSDT,0.00058021
2024-12-08T08:00:00Z,XRPUSDT,0.00047567
2024-12-08T16:00:00Z,XRPUSDT,0.00035274
2024-12-09T00:00:00Z,XRPUSDT,0.00027125
2024-12-09T08:00:00Z,XRPUSDT,0.00040749
2024-12-09T16:00:00Z,XRPUSDT,0.0001
2024-12-10T00:00:00Z,XRPUSDT,0.0001
2024-12-10T08:00:00Z,XRPUSDT,0.0001
2024-12-10T16:00:00Z,XRPUSDT,0.0001
2024-12-11T00:00:00Z,XRPUSDT,0.0001
2024-12-11T08:00:00Z,XRPUSDT,0.0001
2024-12-11T16:00:00Z,XRPUSDT,0.0001
2024-12-12T00:00:00Z,XRPUSDT,0.0001
2024-12-12T08:00:00Z,XRPUSDT,0.0001
2024-12-12T16:00:00Z,XRPUSDT,0.0001
2024-12-13T00:00:00Z,XRPUSDT,0.0001
2024-12-13T08:00:00Z,XRPUSDT,0.0001
2024-12-13T16:00:00Z,XRPUSDT,0.0001
2024-12-14T00:00:00Z,XRPUSDT,0.0001
2024-12-14T08:00:00Z,XRPUSDT,0.0001
2024-12-14T16:00:00Z,XRPUSDT,0.0001
2024-12-15T00:00:00Z,XRPUSDT,0.0001
2024-12-15T08:00:00Z,XRPUSDT,0.0001
2024-12-15T16:00:00Z,XRPUSDT,0.0001
2024-12-16T00:00:00Z,XRPUSDT,0.0001
2024-12-16T08:00:00Z,XRPUSDT,0.0001
2024-12-16T16:00:00Z,XRPUSDT,0.0001
2024-12-17T00:00:00Z,XRPUSDT,0.0001
2024-12-17T08:00:00Z,XRPUSDT,0.0001
2024-12-17T16:00:00Z,XRPUSDT,0.0001
2024-12-18T00:00:00Z,XRPUSDT,0.0001
2024-12-18T08:00:00Z,XRPUSDT,0.0001
2024-12-18T16:00:00Z,XRPUSDT,0.0001
2024-12-19T00:00:00Z,XRPUSDT,-0.00005517
2024-12-19T08:00:00Z,XRPUSDT,0.0001
2024-12-19T16:00:00Z,XRPUSDT,0.0001
2024-12-20T00:00:00Z,XRPUSDT,0.00009874
2024-12-20T08:00:00Z,XRPUSDT,0.0001
2024-12-20T16:00:00Z,XRPUSDT,0.00005777
2024-12-21T00:00:00Z,XRPUSDT,0.0001
2024-12-21T08:00:00Z,XRPUSDT,0.0001
2024-12-21T16:00:00Z,XRPUSDT,-0.00001865
2024-12-22T00:00:00Z,XRPUSDT,0.00009896
2024-12-22T08:00:00Z,XRPUSDT,0.0001
2024-12-22T16:00:00Z,XRPUSDT,0.00007549
2024-12-23T00:00:00Z,XRPUSDT,0.00001314
2024-12-23T08:00:00Z,XRPUSDT,0.00005947
2024-12-23T16:00:00Z,XRPUSDT,0.00000056
2024-12-24T00:00:00Z,XRPUSDT,0.0001
2024-12-24T08:00:00Z,XRPUSDT,0.0001
2024-12-24T16:00:00Z,XRPUSDT,0.00007228
2024-12-25T00:00:00Z,XRPUSDT,0.00005665
2024-12-25T08:00:00Z,XRPUSDT,0.00007852
2024-12-25T16:00:00Z,XRPUSDT,0.00006216
2024-12-26T00:00:00Z,XRPUSDT,0.0001
2024-12-26T08:00:00Z,XRPUSDT,0.00005527
2024-12-26T16:00:00Z,XRPUSDT,-0.00001894
2024-12-27T00:00:00Z,XRPUSDT,-0.00000112
2024-12-27T08:00:00Z,XRPUSDT,0.00002978
2024-12-27T16:00:00Z,XRPUSDT,0.00009826
2024-12-28T00:00:00Z,XRPUSDT,0.0001
2024-12-28T08:00:00Z,XRPUSDT,0.0001
2024-12-28T16:00:00Z,XRPUSDT,0.0001
2024-12-29T00:00:00Z,XRPUSDT,0.0001
2024-12-29T08:00:00Z,XRPUSDT,0.0001
2024-12-29T16:00:00Z,XRPUSDT,0.00007367
2024-12-30T00:00:00Z,XRPUSDT,0.00000888
2024-12-30T08:00:00Z,XRPUSDT,-0.00002508
2024-12-30T16:00:00Z,XRPUSDT,0.00007392
2024-12-31T00:00:00Z,XRPUSDT,0.00004316
2024-12-31T08:00:00Z,XRPUSDT,0.00004341
2024-12-31T16:00:00Z,XRPUSDT,0.0001
2025-01-01T00:00:00Z,XRPUSDT,0.0001
2025-01-01T08:00:00Z,XRPUSDT,0.0001
2025-01-01T16:00:00Z,XRPUSDT,0.00006689
2025-01-02T00:00:00Z,XRPUSDT,0.0001
2025-01-02T08:00:00Z,XRPUSDT,0.0001
2025-01-02T16:00:00Z,XRPUSDT,0.0001
2025-01-03T00:00:00Z,XRPUSDT,0.0001
2025-01-03T08:00:00Z,XRPUSDT,0.0001
2025-01-03T16:00:00Z,XRPUSDT,0.0001
2025-01-04T00:00:00Z,XRPUSDT,0.0001
2025-01-04T08:00:00Z,XRPUSDT,0.0001
2025-01-04T16:00:00Z,XRPUSDT,0.0001
2025-01-05T00:00:00Z,XRPUSDT,0.0001
2025-01-05T08:00:00Z,XRPUSDT,0.0001
2025-01-05T16:00:00Z,XRPUSDT,0.0001
2025-01-06T00:00:00Z,XRPUSDT,0.00006926
2025-01-06T08:00:00Z,XRPUSDT,0.0001
2025-01-06T16:00:00Z,XRPUSDT,0.0001
2025-01-07T00:00:00Z,XRPUSDT,0.0001
2025-01-07T08:00:00Z,XRPUSDT,0.0001
2025-01-07T16:00:00Z,XRPUSDT,0.0001
2025-01-08T00:00:00Z,XRPUSDT,-0.00009031
2025-01-08T08:00:00Z,XRPUSDT,0.00006821
2025-01-08T16:00:00Z,XRPUSDT,0.0001
2025-01-09T00:00:00Z,XRPUSDT,0.00008772
2025-01-09T08:00:00Z,XRPUSDT,0.0001
2025-01-09T16:00:00Z,XRPUSDT,-0.00001365
2025-01-10T00:00:00Z,XRPUSDT,0.00001075
2025-01-10T08:00:00Z,XRPUSDT,0.00007019
2025-01-10T16:00:00Z,XRPUSDT,0.00000581
2025-01-11T00:00:00Z,XRPUSDT,0.0001
2025-01-11T08:00:00Z,XRPUSDT,0.0001
2025-01-11T16:00:00Z,XRPUSDT,0.0001
2025-01-12T00:00:00Z,XRPUSDT,0.0001
2025-01-12T08:00:00Z,XRPUSDT,0.0001
2025-01-12T16:00:00Z,XRPUSDT,0.00007816
2025-01-13T00:00:00Z,XRPUSDT,0.00004787
2025-01-13T08:00:00Z,XRPUSDT,0.00003783
2025-01-13T16:00:00Z,XRPUSDT,-0.0000058
2025-01-14T00:00:00Z,XRPUSDT,0.0001
2025-01-14T08:00:00Z,XRPUSDT,0.0001
2025-01-14T16:00:00Z,XRPUSDT,0.0001
2025-01-15T00:00:00Z,XRPUSDT,0.0001
2025-01-15T08:00:00Z,XRPUSDT,0.0001
2025-01-15T16:00:00Z,XRPUSDT,0.0001
2025-01-16T00:00:00Z,XRPUSDT,0.0001
2025-01-16T08:00:00Z,XRPUSDT,0.0001
2025-01-16T16:00:00Z,XRPUSDT,0.0001
2025-01-17T00:00:00Z,XRPUSDT,0.0001
2025-01-17T08:00:00Z,XRPUSDT,0.0001
2025-01-17T16:00:00Z,XRPUSDT,0.0001
2025-01-18T00:00:00Z,XRPUSDT,0.0001
2025-01-18T08:00:00Z,XRPUSDT,0.0001
2025-01-18T16:00:00Z,XRPUSDT,0.0001
2025-01-19T00:00:00Z,XRPUSDT,0.0001
2025-01-19T08:00:00Z,XRPUSDT,0.0001
2025-01-19T16:00:00Z,XRPUSDT,0.0001
2025-01-20T00:00:00Z,XRPUSDT,0.00004974
2025-01-20T08:00:00Z,XRPUSDT,0.0001
2025-01-20T16:00:00Z,XRPUSDT,0.0001
2025-01-21T00:00:00Z,XRPUSDT,0.0001
2025-01-21T08:00:00Z,XRPUSDT,0.0001
2025-01-21T16:00:00Z,XRPUSDT,0.0001
2025-01-22T00:00:00Z,XRPUSDT,0.0001
2025-01-22T08:00:00Z,XRPUSDT,0.0001
2025-01-22T16:00:00Z,XRPUSDT,0.0001
2025-01-23T00:00:00Z,XRPUSDT,0.0001
2025-01-23T08:00:00Z,XRPUSDT,0.0001
2025-01-23T16:00:00Z,XRPUSDT,0.0001
2025-01-24T00:00:00Z,XRPUSDT,0.0001
2025-01-24T08:00:00Z,XRPUSDT,0.0001
2025-01-24T16:00:00Z,XRPUSDT,0.0001
2025-01-25T00:00:00Z,XRPUSDT,0.0001
2025-01-25T08:00:00Z,XRPUSDT,0.0001
2025-01-25T16:00:00Z,XRPUSDT,0.0001
2025-01-26T00:00:00Z,XRPUSDT,0.0001
2025-01-26T08:00:00Z,XRPUSDT,0.0001
2025-01-26T16:00:00Z,XRPUSDT,0.0001
2025-01-27T00:00:00Z,XRPUSDT,0.0001
2025-01-27T08:00:00Z,XRPUSDT,0.0001
2025-01-27T16:00:00Z,XRPUSDT,-0.00007729
2025-01-28T00:00:00Z,XRPUSDT,-0.00000496
2025-01-28T08:00:00Z,XRPUSDT,-0.00000603
2025-01-28T16:00:00Z,XRPUSDT,0.0001
2025-01-29T00:00:00Z,XRPUSDT,0.0001
2025-01-29T08:00:00Z,XRPUSDT,0.00005928
2025-01-29T16:00:00Z,XRPUSDT,0.00000016
2025-01-30T00:00:00Z,XRPUSDT,0.00000091
2025-01-30T08:00:00Z,XRPUSDT,0.0001
2025-01-30T16:00:00Z,XRPUSDT,0.0000952
2025-01-31T00:00:00Z,XRPUSDT,0.0001
2025-01-31T08:00:00Z,XRPUSDT,0.0001
2025-01-31T16:00:00Z,XRPUSDT,0.0001
2025-02-01T00:00:00Z,XRPUSDT,-0.00004172
2025-02-01T08:00:00Z,XRPUSDT,0.00000061
2025-02-01T16:00:00Z,XRPUSDT,-0.00006224
2025-02-02T00:00:00Z,XRPUSDT,0.00003204
2025-02-02T08:00:00Z,XRPUSDT,0.00001399
2025-02-02T16:00:00Z,XRPUSDT,0.00007343
2025-02-03T00:00:00Z,XRPUSDT,-0.00003514
2025-02-03T08:00:00Z,XRPUSDT,-0.000288
2025-02-03T16:00:00Z,XRPUSDT,-0.00012025
2025-02-04T00:00:00Z,XRPUSDT,0.0000045
2025-02-04T08:00:00Z,XRPUSDT,0.00001784
2025-02-04T16:00:00Z,XRPUSDT,-0.0000204
2025-02-05T00:00:00Z,XRPUSDT,-0.00006157
2025-02-05T08:00:00Z,XRPUSDT,0.00000845
2025-02-05T16:00:00Z,XRPUSDT,0.00002676
2025-02-06T00:00:00Z,XRPUSDT,0.00008181
2025-02-06T08:00:00Z,XRPUSDT,0.00000155
2025-02-06T16:00:00Z,XRPUSDT,0.00009334
2025-02-07T00:00:00Z,XRPUSDT,0.00004617
2025-02-07T08:00:00Z,XRPUSDT,0.00002988
2025-02-07T16:00:00Z,XRPUSDT,0.00001044
2025-02-08T00:00:00Z,XRPUSDT,0.0001
2025-02-08T08:00:00Z,XRPUSDT,0.00003863
2025-02-08T16:00:00Z,XRPUSDT,0.00001291
2025-02-09T00:00:00Z,XRPUSDT,0.00002137
2025-02-09T08:00:00Z,XRPUSDT,0.00005881
2025-02-09T16:00:00Z,XRPUSDT,-0.00003084
2025-02-10T00:00:00Z,XRPUSDT,0.00000574
2025-02-10T08:00:00Z,XRPUSDT,0.0000972
2025-02-10T16:00:00Z,XRPUSDT,0.0001
2025-02-11T00:00:00Z,XRPUSDT,0.00009868
2025-02-11T08:00:00Z,XRPUSDT,0.0001
2025-02-11T16:00:00Z,XRPUSDT,0.0001
2025-02-12T00:00:00Z,XRPUSDT,0.00000168
2025-02-12T08:00:00Z,XRPUSDT,0.00001954
2025-02-12T16:00:00Z,XRPUSDT,0.00006626
2025-02-13T00:00:00Z,XRPUSDT,0.0001
2025-02-13T08:00:00Z,XRPUSDT,0.00008754
2025-02-13T16:00:00Z,XRPUSDT,0.00002481
2025-02-14T00:00:00Z,XRPUSDT,0.00005188
2025-02-14T08:00:00Z,XRPUSDT,0.00008148
2025-02-14T16:00:00Z,XRPUSDT,0.000011
2025-02-15T00:00:00Z,XRPUSDT,0.00008565
2025-02-15T08:00:00Z,XRPUSDT,0.0001
2025-02-15T16:00:00Z,XRPUSDT,0.00008444
2025-02-16T00:00:00Z,XRPUSDT,0.00004519
2025-02-16T08:00:00Z,XRPUSDT,0.0001
2025-02-16T16:00:00Z,XRPUSDT,-0.00000761
2025-02-17T00:00:00Z,XRPUSDT,0.00003961
2025-02-17T08:00:00Z,XRPUSDT,0.00000599
2025-02-17T16:00:00Z,XRPUSDT,0.00007499
2025-02-18T00:00:00Z,XRPUSDT,0.00004812
2025-02-18T08:00:00Z,XRPUSDT,0.0001
2025-02-18T16:00:00Z,XRPUSDT,0.0001
2025-02-19T00:00:00Z,XRPUSDT,0.00003514
2025-02-19T08:00:00Z,XRPUSDT,0.00003729
2025-02-19T16:00:00Z,XRPUSDT,-0.00007329
2025-02-20T00:00:00Z,XRPUSDT,-0.0000338
2025-02-20T08:00:00Z,XRPUSDT,0.0001
2025-02-20T16:00:00Z,XRPUSDT,0.0000411
2025-02-21T00:00:00Z,XRPUSDT,-0.0000128
2025-02-21T08:00:00Z,XRPUSDT,0.00003532
2025-02-21T16:00:00Z,XRPUSDT,-0.00001959
2025-02-22T00:00:00Z,XRPUSDT,0.00046101
2025-02-22T08:00:00Z,XRPUSDT,0.00038815
2025-02-22T16:00:00Z,XRPUSDT,0.0001
2025-02-23T00:00:00Z,XRPUSDT,0.0001
2025-02-23T08:00:00Z,XRPUSDT,0.0001
2025-02-23T16:00:00Z,XRPUSDT,0.0001
2025-02-24T00:00:00Z,XRPUSDT,0.0001
2025-02-24T08:00:00Z,XRPUSDT,0.0001
2025-02-24T16:00:00Z,XRPUSDT,0.0001
2025-02-25T00:00:00Z,XRPUSDT,0.0001
2025-02-25T08:00:00Z,XRPUSDT,0.0001
2025-02-25T16:00:00Z,XRPUSDT,0.0001
2025-02-26T00:00:00Z,XRPUSDT,0.00005266
2025-02-26T08:00:00Z,XRPUSDT,0.0001
2025-02-26T16:00:00Z,XRPUSDT,0.0001
2025-02-27T00:00:00Z,XRPUSDT,0.0001
2025-02-27T08:00:00Z,XRPUSDT,0.0001
2025-02-27T16:00:00Z,XRPUSDT,0.00009735
2025-02-28T00:00:00Z,XRPUSDT,0.0001
2025-02-28T08:00:00Z,XRPUSDT,0.00005363
2025-02-28T16:00:00Z,XRPUSDT,-0.00005477
2025-03-01T00:00:00Z,XRPUSDT,0.0001
2025-03-01T08:00:00Z,XRPUSDT,0.0001
2025-03-01T16:00:00Z,XRPUSDT,0.0001
2025-03-02T00:00:00Z,XRPUSDT,0.0001
2025-03-02T08:00:00Z,XRPUSDT,-0.00004267
2025-03-02T16:00:00Z,XRPUSDT,0.0001
2025-03-03T00:00:00Z,XRPUSDT,0.0001
2025-03-03T08:00:00Z,XRPUSDT,0.0001
2025-03-03T16:00:00Z,XRPUSDT,0.0001
2025-03-04T00:00:00Z,XRPUSDT,-0.00006554
2025-03-04T08:00:00Z,XRPUSDT,-0.00003555
2025-03-04T16:00:00Z,XRPUSDT,-0.00006934
2025-03-05T00:00:00Z,XRPUSDT,-0.00000299
2025-03-05T08:00:00Z,XRPUSDT,-0.00001743
2025-03-05T16:00:00Z,XRPUSDT,-0.00007357
2025-03-06T00:00:00Z,XRPUSDT,-0.00004872
2025-03-06T08:00:00Z,XRPUSDT,-0.00005777
2025-03-06T16:00:00Z,XRPUSDT,0.00000269
2025-03-07T00:00:00Z,XRPUSDT,0.00000612
2025-03-07T08:00:00Z,XRPUSDT,0.00007887
2025-03-07T16:00:00Z,XRPUSDT,0.00003705
2025-03-08T00:00:00Z,XRPUSDT,-0.00005008
2025-03-08T08:00:00Z,XRPUSDT,-0.00007184
2025-03-08T16:00:00Z,XRPUSDT,-0.00012146
2025-03-09T00:00:00Z,XRPUSDT,-0.00010774
2025-03-09T08:00:00Z,XRPUSDT,0.00004551
2025-03-09T16:00:00Z,XRPUSDT,0.0000286
2025-03-10T00:00:00Z,XRPUSDT,-0.00007763
2025-03-10T08:00:00Z,XRPUSDT,-0.00014488
2025-03-10T16:00:00Z,XRPUSDT,-0.00016199
2025-03-11T00:00:00Z,XRPUSDT,-0.00015518
2025-03-11T08:00:00Z,XRPUSDT,-0.00009325
2025-03-11T16:00:00Z,XRPUSDT,0.00002081
2025-03-12T00:00:00Z,XRPUSDT,-0.00003091
2025-03-12T08:00:00Z,XRPUSDT,-0.00002226
2025-03-12T16:00:00Z,XRPUSDT,-0.00011202
2025-03-13T00:00:00Z,XRPUSDT,0.00001734
2025-03-13T08:00:00Z,XRPUSDT,0.00002291
2025-03-13T16:00:00Z,XRPUSDT,-0.00003253
2025-03-14T00:00:00Z,XRPUSDT,-0.00011917
2025-03-14T08:00:00Z,XRPUSDT,-0.00011107
2025-03-14T16:00:00Z,XRPUSDT,0.00005052
2025-03-15T00:00:00Z,XRPUSDT,-0.00001093
2025-03-15T08:00:00Z,XRPUSDT,0.0001
2025-03-15T16:00:00Z,XRPUSDT,-0.00014261
2025-03-16T00:00:00Z,XRPUSDT,-0.00007967
2025-03-16T08:00:00Z,XRPUSDT,0.00005458
2025-03-16T16:00:00Z,XRPUSDT,0.00007721
2025-03-17T00:00:00Z,XRPUSDT,-0.00000829
2025-03-17T08:00:00Z,XRPUSDT,-0.00000105
2025-03-17T16:00:00Z,XRPUSDT,-0.00012372
2025-03-18T00:00:00Z,XRPUSDT,0.00003901
2025-03-18T08:00:00Z,XRPUSDT,-0.00007243
2025-03-18T16:00:00Z,XRPUSDT,-0.00004354
2025-03-19T00:00:00Z,XRPUSDT,-0.00001618
2025-03-19T08:00:00Z,XRPUSDT,0.00005406
2025-03-19T16:00:00Z,XRPUSDT,-0.00005571
2025-03-20T00:00:00Z,XRPUSDT,0.0001
2025-03-20T08:00:00Z,XRPUSDT,0.0001
2025-03-20T16:00:00Z,XRPUSDT,0.00003031
2025-03-21T00:00:00Z,XRPUSDT,0.00006544
2025-03-21T08:00:00Z,XRPUSDT,0.00000639
2025-03-21T16:00:00Z,XRPUSDT,0.00007357
2025-03-22T00:00:00Z,XRPUSDT,0.00007289
2025-03-22T08:00:00Z,XRPUSDT,0.00006313
2025-03-22T16:00:00Z,XRPUSDT,-0.00011469
2025-03-23T00:00:00Z,XRPUSDT,-0.00007963
2025-03-23T08:00:00Z,XRPUSDT,0.0001
2025-03-23T16:00:00Z,XRPUSDT,0.0000302
2025-03-24T00:00:00Z,XRPUSDT,-0.00002726
2025-03-24T08:00:00Z,XRPUSDT,0.00006773
2025-03-24T16:00:00Z,XRPUSDT,0.00004208
2025-03-25T00:00:00Z,XRPUSDT,0.0001
2025-03-25T08:00:00Z,XRPUSDT,0.00002682
2025-03-25T16:00:00Z,XRPUSDT,0.00007453
2025-03-26T00:00:00Z,XRPUSDT,-0.00002159
2025-03-26T08:00:00Z,XRPUSDT,0.0000419
2025-03-26T16:00:00Z,XRPUSDT,0.00001234
2025-03-27T00:00:00Z,XRPUSDT,-0.00007791
2025-03-27T08:00:00Z,XRPUSDT,-0.00012477
2025-03-27T16:00:00Z,XRPUSDT,-0.00011836
2025-03-28T00:00:00Z,XRPUSDT,0.00004851
2025-03-28T08:00:00Z,XRPUSDT,0.00002159
2025-03-28T16:00:00Z,XRPUSDT,0.00001049
2025-03-29T00:00:00Z,XRPUSDT,-0.00013591
2025-03-29T08:00:00Z,XRPUSDT,0.00002744
2025-03-29T16:00:00Z,XRPUSDT,-0.00003762
2025-03-30T00:00:00Z,XRPUSDT,-0.00006584
2025-03-30T08:00:00Z,XRPUSDT,-0.00018284
2025-03-30T16:00:00Z,XRPUSDT,-0.00001293
2025-03-31T00:00:00Z,XRPUSDT,-0.00009258
2025-03-31T08:00:00Z,XRPUSDT,-0.00009063
2025-03-31T16:00:00Z,XRPUSDT,-0.00014576
2025-04-01T00:00:00Z,XRPUSDT,-0.00011837
2025-04-01T08:00:00Z,XRPUSDT,-0.0000689
2025-04-01T16:00:00Z,XRPUSDT,-0.00006999
2025-04-02T00:00:00Z,XRPUSDT,0.00000692
2025-04-02T08:00:00Z,XRPUSDT,-0.00002074
2025-04-02T16:00:00Z,XRPUSDT,0.00008563
2025-04-03T00:00:00Z,XRPUSDT,-0.00029968
2025-04-03T08:00:00Z,XRPUSDT,-0.00022077
2025-04-03T16:00:00Z,XRPUSDT,-0.00023301
2025-04-04T00:00:00Z,XRPUSDT,-0.0002496
2025-04-04T08:00:00Z,XRPUSDT,-0.00012143
2025-04-04T16:00:00Z,XRPUSDT,-0.00006351
2025-04-05T00:00:00Z,XRPUSDT,0.00006892
2025-04-05T08:00:00Z,XRPUSDT,0.0001
2025-04-05T16:00:00Z,XRPUSDT,0.0001
2025-04-06T00:00:00Z,XRPUSDT,0.0000834
2025-04-06T08:00:00Z,XRPUSDT,0.00003748
2025-04-06T16:00:00Z,XRPUSDT,0.00002169
2025-04-07T00:00:00Z,XRPUSDT,-0.00005456
2025-04-07T08:00:00Z,XRPUSDT,0.00009604
2025-04-07T16:00:00Z,XRPUSDT,-0.00025285
2025-04-08T00:00:00Z,XRPUSDT,-0.00019553
2025-04-08T08:00:00Z,XRPUSDT,-0.0001649
2025-04-08T16:00:00Z,XRPUSDT,-0.0000823
2025-04-09T00:00:00Z,XRPUSDT,0.00008484
2025-04-09T08:00:00Z,XRPUSDT,-0.00005568
2025-04-09T16:00:00Z,XRPUSDT,-0.00001811
2025-04-10T00:00:00Z,XRPUSDT,0.00008985
2025-04-10T08:00:00Z,XRPUSDT,0.00000447
2025-04-10T16:00:00Z,XRPUSDT,-0.00014357
2025-04-11T00:00:00Z,XRPUSDT,-0.00008113
2025-04-11T08:00:00Z,XRPUSDT,0.00002774
2025-04-11T16:00:00Z,XRPUSDT,-0.00002267
2025-04-12T00:00:00Z,XRPUSDT,0.00007005
2025-04-12T08:00:00Z,XRPUSDT,0.0001
2025-04-12T16:00:00Z,XRPUSDT,0.0001
2025-04-13T00:00:00Z,XRPUSDT,0.0001
2025-04-13T08:00:00Z,XRPUSDT,0.0001
2025-04-13T16:00:00Z,XRPUSDT,0.00000654
2025-04-14T00:00:00Z,XRPUSDT,0.00004016
2025-04-14T08:00:00Z,XRPUSDT,0.00003004
2025-04-14T16:00:00Z,XRPUSDT,0.0000483
2025-04-15T00:00:00Z,XRPUSDT,0.0001
2025-04-15T08:00:00Z,XRPUSDT,0.0001
2025-04-15T16:00:00Z,XRPUSDT,0.00002628
2025-04-16T00:00:00Z,XRPUSDT,-0.00008398
2025-04-16T08:00:00Z,XRPUSDT,-0.00009006
2025-04-16T16:00:00Z,XRPUSDT,-0.00003477
2025-04-17T00:00:00Z,XRPUSDT,0.00009459
2025-04-17T08:00:00Z,XRPUSDT,0.0001
2025-04-17T16:00:00Z,XRPUSDT,0.00005807
2025-04-18T00:00:00Z,XRPUSDT,-0.00003248
2025-04-18T08:00:00Z,XRPUSDT,-0.00005423
2025-04-18T16:00:00Z,XRPUSDT,0.00002722
2025-04-19T00:00:00Z,XRPUSDT,0.00009177
2025-04-19T08:00:00Z,XRPUSDT,0.0001
2025-04-19T16:00:00Z,XRPUSDT,-0.00003374
2025-04-20T00:00:00Z,XRPUSDT,0.00007344
2025-04-20T08:00:00Z,XRPUSDT,-0.00002763
2025-04-20T16:00:00Z,XRPUSDT,-0.0001317
2025-04-21T00:00:00Z,XRPUSDT,0.00007868
2025-04-21T08:00:00Z,XRPUSDT,0.0001
2025-04-21T16:00:00Z,XRPUSDT,0.00007963
2025-04-22T00:00:00Z,XRPUSDT,0.00001004
2025-04-22T08:00:00Z,XRPUSDT,0.0001
2025-04-22T16:00:00Z,XRPUSDT,0.0001
2025-04-23T00:00:00Z,XRPUSDT,0.0001
2025-04-23T08:00:00Z,XRPUSDT,0.0001
2025-04-23T16:00:00Z,XRPUSDT,0.0001
2025-04-24T00:00:00Z,XRPUSDT,0.0001
2025-04-24T08:00:00Z,XRPUSDT,0.0001
2025-04-24T16:00:00Z,XRPUSDT,0.00002384
2025-04-25T00:00:00Z,XRPUSDT,0.0001
2025-04-25T08:00:00Z,XRPUSDT,0.0001
2025-04-25T16:00:00Z,XRPUSDT,0.0001
2025-04-26T00:00:00Z,XRPUSDT,0.00002044
2025-04-26T08:00:00Z,XRPUSDT,0.0001
2025-04-26T16:00:00Z,XRPUSDT,0.00006274
2025-04-27T00:00:00Z,XRPUSDT,0.0001
2025-04-27T08:00:00Z,XRPUSDT,-0.00003919
2025-04-27T16:00:00Z,XRPUSDT,0.00009775
2025-04-28T00:00:00Z,XRPUSDT,0.0001
2025-04-28T08:00:00Z,XRPUSDT,0.0001
2025-04-28T16:00:00Z,XRPUSDT,0.0001
2025-04-29T00:00:00Z,XRPUSDT,-0.00000637
2025-04-29T08:00:00Z,XRPUSDT,0.00001848
2025-04-29T16:00:00Z,XRPUSDT,-0.00003717
2025-04-30T00:00:00Z,XRPUSDT,0.00002565
2025-04-30T08:00:00Z,XRPUSDT,0.00005986
2025-04-30T16:00:00Z,XRPUSDT,-0.00005536
2025-05-01T00:00:00Z,XRPUSDT,0.00001851
2025-05-01T08:00:00Z,XRPUSDT,0.00006114
2025-05-01T16:00:00Z,XRPUSDT,0.0001
2025-05-02T00:00:00Z,XRPUSDT,0.0001
2025-05-02T08:00:00Z,XRPUSDT,0.0001
2025-05-02T16:00:00Z,XRPUSDT,0.0001
2025-05-03T00:00:00Z,XRPUSDT,0.0000905
2025-05-03T08:00:00Z,XRPUSDT,0.0001
2025-05-03T16:00:00Z,XRPUSDT,0.00006958
2025-05-04T00:00:00Z,XRPUSDT,0.0001
2025-05-04T08:00:00Z,XRPUSDT,0.0001
2025-05-04T16:00:00Z,XRPUSDT,0.00007459
2025-05-05T00:00:00Z,XRPUSDT,0.00006649
2025-05-05T08:00:00Z,XRPUSDT,0.0001
2025-05-05T16:00:00Z,XRPUSDT,-0.0000163
2025-05-06T00:00:00Z,XRPUSDT,-0.00000804
2025-05-06T08:00:00Z,XRPUSDT,-0.00000975
2025-05-06T16:00:00Z,XRPUSDT,0.00000574
2025-05-07T00:00:00Z,XRPUSDT,0.00007823
2025-05-07T08:00:00Z,XRPUSDT,0.0001
2025-05-07T16:00:00Z,XRPUSDT,0.00004243
2025-05-08T00:00:00Z,XRPUSDT,0.00007939
2025-05-08T08:00:00Z,XRPUSDT,0.0001
2025-05-08T16:00:00Z,XRPUSDT,0.0001
2025-05-09T00:00:00Z,XRPUSDT,0.0001
2025-05-09T08:00:00Z,XRPUSDT,0.0001
2025-05-09T16:00:00Z,XRPUSDT,0.0001
2025-05-10T00:00:00Z,XRPUSDT,0.0001
2025-05-10T08:00:00Z,XRPUSDT,0.0001
2025-05-10T16:00:00Z,XRPUSDT,0.0001
2025-05-11T00:00:00Z,XRPUSDT,0.0001
2025-05-11T08:00:00Z,XRPUSDT,0.0001
2025-05-11T16:00:00Z,XRPUSDT,0.00007453
2025-05-12T00:00:00Z,XRPUSDT,0.0001
2025-05-12T08:00:00Z,XRPUSDT,0.0001
2025-05-12T16:00:00Z,XRPUSDT,0.0001
2025-05-13T00:00:00Z,XRPUSDT,0.0001
2025-05-13T08:00:00Z,XRPUSDT,0.0001
2025-05-13T16:00:00Z,XRPUSDT,0.0001
2025-05-14T00:00:00Z,XRPUSDT,0.0001
2025-05-14T08:00:00Z,XRPUSDT,0.0001
2025-05-14T16:00:00Z,XRPUSDT,0.0001
2025-05-15T00:00:00Z,XRPUSDT,0.0001
2025-05-15T08:00:00Z,XRPUSDT,0.00002637
2025-05-15T16:00:00Z,XRPUSDT,-0.00003919
2025-05-16T00:00:00Z,XRPUSDT,-0.00000277
2025-05-16T08:00:00Z,XRPUSDT,0.00006464
2025-05-16T16:00:00Z,XRPUSDT,0.0001
2025-05-17T00:00:00Z,XRPUSDT,0.00009876
2025-05-17T08:00:00Z,XRPUSDT,0.00006487
2025-05-17T16:00:00Z,XRPUSDT,0.00008245
2025-05-18T00:00:00Z,XRPUSDT,0.00003634
2025-05-18T08:00:00Z,XRPUSDT,-0.00001354
2025-05-18T16:00:00Z,XRPUSDT,0.00001873
2025-05-19T00:00:00Z,XRPUSDT,0.00002055
2025-05-19T08:00:00Z,XRPUSDT,-0.0000168
2025-05-19T16:00:00Z,XRPUSDT,0.00006154
2025-05-20T00:00:00Z,XRPUSDT,0.0001
2025-05-20T08:00:00Z,XRPUSDT,0.0001
2025-05-20T16:00:00Z,XRPUSDT,0.00003637
2025-05-21T00:00:00Z,XRPUSDT,-0.00000656
2025-05-21T08:00:00Z,XRPUSDT,0.00002609
2025-05-21T16:00:00Z,XRPUSDT,0.0001
2025-05-22T00:00:00Z,XRPUSDT,0.0001
2025-05-22T08:00:00Z,XRPUSDT,0.0001
2025-05-22T16:00:00Z,XRPUSDT,0.0001
2025-05-23T00:00:00Z,XRPUSDT,0.0001
2025-05-23T08:00:00Z,XRPUSDT,0.0001
2025-05-23T16:00:00Z,XRPUSDT,0.00006622
2025-05-24T00:00:00Z,XRPUSDT,-0.00001058
2025-05-24T08:00:00Z,XRPUSDT,-0.00000797
2025-05-24T16:00:00Z,XRPUSDT,0.0001
2025-05-25T00:00:00Z,XRPUSDT,0.0001
2025-05-25T08:00:00Z,XRPUSDT,0.00005868
2025-05-25T16:00:00Z,XRPUSDT,0.00001871
2025-05-26T00:00:00Z,XRPUSDT,0.0001
2025-05-26T08:00:00Z,XRPUSDT,0.0001
2025-05-26T16:00:00Z,XRPUSDT,0.0001
2025-05-27T00:00:00Z,XRPUSDT,0.00009588
2025-05-27T08:00:00Z,XRPUSDT,0.0000877
2025-05-27T16:00:00Z,XRPUSDT,0.0001
2025-05-28T00:00:00Z,XRPUSDT,0.0001
2025-05-28T08:00:00Z,XRPUSDT,0.0001
2025-05-28T16:00:00Z,XRPUSDT,-0.00000683
2025-05-29T00:00:00Z,XRPUSDT,0.00004592
2025-05-29T08:00:00Z,XRPUSDT,0.0001
2025-05-29T16:00:00Z,XRPUSDT,0.0001
2025-05-30T00:00:00Z,XRPUSDT,0.00006723
2025-05-30T08:00:00Z,XRPUSDT,0.00005302
2025-05-30T16:00:00Z,XRPUSDT,-0.00003353
2025-05-31T00:00:00Z,XRPUSDT,0.00002686
2025-05-31T08:00:00Z,XRPUSDT,-0.0000346
2025-05-31T16:00:00Z,XRPUSDT,-0.00008134
2025-06-01T00:00:00Z,XRPUSDT,0.0001
2025-06-01T08:00:00Z,XRPUSDT,-0.00004452
2025-06-01T16:00:00Z,XRPUSDT,-0.00003714
2025-06-02T00:00:00Z,XRPUSDT,0.0000455
2025-06-02T08:00:00Z,XRPUSDT,0.0001
2025-06-02T16:00:00Z,XRPUSDT,0.00005145
2025-06-03T00:00:00Z,XRPUSDT,0.00008171
2025-06-03T08:00:00Z,XRPUSDT,0.0001
2025-06-03T16:00:00Z,XRPUSDT,0.00006691
2025-06-04T00:00:00Z,XRPUSDT,0.0000587
2025-06-04T08:00:00Z,XRPUSDT,0.00005899
2025-06-04T16:00:00Z,XRPUSDT,0.0001
2025-06-05T00:00:00Z,XRPUSDT,-0.00002998
2025-06-05T08:00:00Z,XRPUSDT,0.00001471
2025-06-05T16:00:00Z,XRPUSDT,0.00006842
2025-06-06T00:00:00Z,XRPUSDT,-0.00007202
2025-06-06T08:00:00Z,XRPUSDT,0.00003975
2025-06-06T16:00:00Z,XRPUSDT,0.00002523
2025-06-07T00:00:00Z,XRPUSDT,0.0001
2025-06-07T08:00:00Z,XRPUSDT,0.00008787
2025-06-07T16:00:00Z,XRPUSDT,0.00006276
2025-06-08T00:00:00Z,XRPUSDT,0.0001
2025-06-08T08:00:00Z,XRPUSDT,0.0001
2025-06-08T16:00:00Z,XRPUSDT,0.0001
2025-06-09T00:00:00Z,XRPUSDT,0.0001
2025-06-09T08:00:00Z,XRPUSDT,0.00004009
2025-06-09T16:00:00Z,XRPUSDT,0.00005349
2025-06-10T00:00:00Z,XRPUSDT,0.0001
2025-06-10T08:00:00Z,XRPUSDT,0.0001
2025-06-10T16:00:00Z,XRPUSDT,0.000051
2025-06-11T00:00:00Z,XRPUSDT,0.0001
2025-06-11T08:00:00Z,XRPUSDT,0.0001
2025-06-11T16:00:00Z,XRPUSDT,0.0001
2025-06-12T00:00:00Z,XRPUSDT,0.0000813
2025-06-12T08:00:00Z,XRPUSDT,0.00005106
2025-06-12T16:00:00Z,XRPUSDT,-0.0000121
2025-06-13T00:00:00Z,XRPUSDT,-0.00003556
2025-06-13T08:00:00Z,XRPUSDT,-0.00004623
2025-06-13T16:00:00Z,XRPUSDT,0.00001557
2025-06-14T00:00:00Z,XRPUSDT,-0.00003727
2025-06-14T08:00:00Z,XRPUSDT,-0.0000253
2025-06-14T16:00:00Z,XRPUSDT,-0.00001226
2025-06-15T00:00:00Z,XRPUSDT,-0.00003396
2025-06-15T08:00:00Z,XRPUSDT,-0.00002058
2025-06-15T16:00:00Z,XRPUSDT,0.00001504
2025-06-16T00:00:00Z,XRPUSDT,0.00000417
2025-06-16T08:00:00Z,XRPUSDT,0.0001
2025-06-16T16:00:00Z,XRPUSDT,0.00009272
2025-06-17T00:00:00Z,XRPUSDT,0.0001
2025-06-17T08:00:00Z,XRPUSDT,0.00005131
2025-06-17T16:00:00Z,XRPUSDT,-0.00000124
2025-06-18T00:00:00Z,XRPUSDT,0.0000261
2025-06-18T08:00:00Z,XRPUSDT,0.00001728
2025-06-18T16:00:00Z,XRPUSDT,-0.00003483
2025-06-19T00:00:00Z,XRPUSDT,0.00005096
2025-06-19T08:00:00Z,XRPUSDT,0.00008623
2025-06-19T16:00:00Z,XRPUSDT,0.00001876
2025-06-20T00:00:00Z,XRPUSDT,0.00008144
2025-06-20T08:00:00Z,XRPUSDT,0.00003272
2025-06-20T16:00:00Z,XRPUSDT,-0.00002096
2025-06-21T00:00:00Z,XRPUSDT,0.00005465
2025-06-21T08:00:00Z,XRPUSDT,0.0001
2025-06-21T16:00:00Z,XRPUSDT,0.00003764
2025-06-22T00:00:00Z,XRPUSDT,-0.00000896
2025-06-22T08:00:00Z,XRPUSDT,0.00005329
2025-06-22T16:00:00Z,XRPUSDT,-0.000064
2025-06-23T00:00:00Z,XRPUSDT,-0.00011161
2025-06-23T08:00:00Z,XRPUSDT,0.00000915
2025-06-23T16:00:00Z,XRPUSDT,-0.000078
2025-06-24T00:00:00Z,XRPUSDT,-0.00007185
2025-06-24T08:00:00Z,XRPUSDT,0.0000246
2025-06-24T16:00:00Z,XRPUSDT,0.0000641
2025-06-25T00:00:00Z,XRPUSDT,0.00004158
2025-06-25T08:00:00Z,XRPUSDT,0.0001
2025-06-25T16:00:00Z,XRPUSDT,-0.00000458
2025-06-26T00:00:00Z,XRPUSDT,-0.0000195
2025-06-26T08:00:00Z,XRPUSDT,0.00003807
2025-06-26T16:00:00Z,XRPUSDT,0.00006025
2025-06-27T00:00:00Z,XRPUSDT,-0.00000466
2025-06-27T08:00:00Z,XRPUSDT,0.00002054
2025-06-27T16:00:00Z,XRPUSDT,0.00003361
2025-06-28T00:00:00Z,XRPUSDT,0.00002703
2025-06-28T08:00:00Z,XRPUSDT,0.00005933
2025-06-28T16:00:00Z,XRPUSDT,0.0001
2025-06-29T00:00:00Z,XRPUSDT,0.0001
2025-06-29T08:00:00Z,XRPUSDT,0.00004035
2025-06-29T16:00:00Z,XRPUSDT,0.00007726
2025-06-30T00:00:00Z,XRPUSDT,0.0001
2025-06-30T08:00:00Z,XRPUSDT,0.00007256
2025-06-30T16:00:00Z,XRPUSDT,0.00004423
2025-07-01T00:00:00Z,XRPUSDT,0.0001
2025-07-01T08:00:00Z,XRPUSDT,0.00005289
2025-07-01T16:00:00Z,XRPUSDT,-0.00003977
2025-07-02T00:00:00Z,XRPUSDT,0.00000268
2025-07-02T08:00:00Z,XRPUSDT,-0.00002206
2025-07-02T16:00:00Z,XRPUSDT,0.00003566
2025-07-03T00:00:00Z,XRPUSDT,0.0001
2025-07-03T08:00:00Z,XRPUSDT,0.0001
2025-07-03T16:00:00Z,XRPUSDT,0.0001
2025-07-04T00:00:00Z,XRPUSDT,0.0001
2025-07-04T08:00:00Z,XRPUSDT,0.00006554
2025-07-04T16:00:00Z,XRPUSDT,0.00008307
2025-07-05T00:00:00Z,XRPUSDT,-0.0000192
2025-07-05T08:00:00Z,XRPUSDT,0.00001449
2025-07-05T16:00:00Z,XRPUSDT,-0.00003421
2025-07-06T00:00:00Z,XRPUSDT,-0.00004134
2025-07-06T08:00:00Z,XRPUSDT,0.00006765
2025-07-06T16:00:00Z,XRPUSDT,0.0001
2025-07-07T00:00:00Z,XRPUSDT,0.0001
2025-07-07T08:00:00Z,XRPUSDT,0.0001
2025-07-07T16:00:00Z,XRPUSDT,0.0001
2025-07-08T00:00:00Z,XRPUSDT,-0.0000165
2025-07-08T08:00:00Z,XRPUSDT,-0.00003712
2025-07-08T16:00:00Z,XRPUSDT,0.0001
2025-07-09T00:00:00Z,XRPUSDT,0.00007119
2025-07-09T08:00:00Z,XRPUSDT,0.0001
2025-07-09T16:00:00Z,XRPUSDT,0.0001
2025-07-10T00:00:00Z,XRPUSDT,0.0001
2025-07-10T08:00:00Z,XRPUSDT,0.0001
2025-07-10T16:00:00Z,XRPUSDT,0.0001
2025-07-11T00:00:00Z,XRPUSDT,0.0001
2025-07-11T08:00:00Z,XRPUSDT,0.0001
2025-07-11T16:00:00Z,XRPUSDT,0.0001
2025-07-12T00:00:00Z,XRPUSDT,0.0001
2025-07-12T08:00:00Z,XRPUSDT,0.0001
2025-07-12T16:00:00Z,XRPUSDT,0.0001
2025-07-13T00:00:00Z,XRPUSDT,0.0001
2025-07-13T08:00:00Z,XRPUSDT,0.0001
2025-07-13T16:00:00Z,XRPUSDT,0.0001
2025-07-14T00:00:00Z,XRPUSDT,0.0001
2025-07-14T08:00:00Z,XRPUSDT,0.0001
2025-07-14T16:00:00Z,XRPUSDT,0.0001
2025-07-15T00:00:00Z,XRPUSDT,0.0001
2025-07-15T08:00:00Z,XRPUSDT,0.0001
2025-07-15T16:00:00Z,XRPUSDT,0.0001
2025-07-16T00:00:00Z,XRPUSDT,0.0001
2025-07-16T08:00:00Z,XRPUSDT,0.0001
2025-07-16T16:00:00Z,XRPUSDT,0.0001
2025-07-17T00:00:00Z,XRPUSDT,0.0001
2025-07-17T08:00:00Z,XRPUSDT,0.0001
2025-07-17T16:00:00Z,XRPUSDT,0.00012648
2025-07-18T00:00:00Z,XRPUSDT,0.00025477
2025-07-18T08:00:00Z,XRPUSDT,0.00037722
2025-07-18T16:00:00Z,XRPUSDT,0.0001
2025-07-19T00:00:00Z,XRPUSDT,0.0001
2025-07-19T08:00:00Z,XRPUSDT,0.0001
2025-07-19T16:00:00Z,XRPUSDT,0.0001
2025-07-20T00:00:00Z,XRPUSDT,0.0001
2025-07-20T08:00:00Z,XRPUSDT,0.00015521
2025-07-20T16:00:00Z,XRPUSDT,0.0001
2025-07-21T00:00:00Z,XRPUSDT,0.0001
2025-07-21T08:00:00Z,XRPUSDT,0.00016339
2025-07-21T16:00:00Z,XRPUSDT,0.00041329
2025-07-22T00:00:00Z,XRPUSDT,0.0001
2025-07-22T08:00:00Z,XRPUSDT,0.0001
2025-07-22T16:00:00Z,XRPUSDT,0.0001
2025-07-23T00:00:00Z,XRPUSDT,0.00034033
2025-07-23T08:00:00Z,XRPUSDT,0.00012237
2025-07-23T16:00:00Z,XRPUSDT,0.0001
2025-07-24T00:00:00Z,XRPUSDT,0.0001
2025-07-24T08:00:00Z,XRPUSDT,0.0001
2025-07-24T16:00:00Z,XRPUSDT,0.0001
2025-07-25T00:00:00Z,XRPUSDT,0.0001
2025-07-25T08:00:00Z,XRPUSDT,0.0001
2025-07-25T16:00:00Z,XRPUSDT,0.0001
2025-07-26T00:00:00Z,XRPUSDT,0.0001
2025-07-26T08:00:00Z,XRPUSDT,0.0001
2025-07-26T16:00:00Z,XRPUSDT,0.0001
2025-07-27T00:00:00Z,XRPUSDT,0.0001
2025-07-27T08:00:00Z,XRPUSDT,0.0001
2025-07-27T16:00:00Z,XRPUSDT,0.0001
2025-07-28T00:00:00Z,XRPUSDT,0.0001
2025-07-28T08:00:00Z,XRPUSDT,0.0001
2025-07-28T16:00:00Z,XRPUSDT,0.0001
2025-07-29T00:00:00Z,XRPUSDT,0.00000193
2025-07-29T08:00:00Z,XRPUSDT,-0.00000561
2025-07-29T16:00:00Z,XRPUSDT,0.00002258
2025-07-30T00:00:00Z,XRPUSDT,0.0001
2025-07-30T08:00:00Z,XRPUSDT,0.0001
2025-07-30T16:00:00Z,XRPUSDT,0.0001
2025-07-31T00:00:00Z,XRPUSDT,0.0001
2025-07-31T08:00:00Z,XRPUSDT,0.0001
2025-07-31T16:00:00Z,XRPUSDT,0.0001
2025-08-01T00:00:00Z,XRPUSDT,-0.00010929
2025-08-01T08:00:00Z,XRPUSDT,-0.00000212
2025-08-01T16:00:00Z,XRPUSDT,0.0001
2025-08-02T00:00:00Z,XRPUSDT,0.00009729
2025-08-02T08:00:00Z,XRPUSDT,0.0001
2025-08-02T16:00:00Z,XRPUSDT,0.00002123
2025-08-03T00:00:00Z,XRPUSDT,0.00006438
2025-08-03T08:00:00Z,XRPUSDT,-0.000069
2025-08-03T16:00:00Z,XRPUSDT,0.00003271
2025-08-04T00:00:00Z,XRPUSDT,-0.00003112
2025-08-04T08:00:00Z,XRPUSDT,0.0001
2025-08-04T16:00:00Z,XRPUSDT,0.00006956
2025-08-05T00:00:00Z,XRPUSDT,0.00005011
2025-08-05T08:00:00Z,XRPUSDT,0.0001
2025-08-05T16:00:00Z,XRPUSDT,0.0001
2025-08-06T00:00:00Z,XRPUSDT,0.0001
2025-08-06T08:00:00Z,XRPUSDT,0.0001
2025-08-06T16:00:00Z,XRPUSDT,0.00004668
2025-08-07T00:00:00Z,XRPUSDT,0.00001617
2025-08-07T08:00:00Z,XRPUSDT,0.00008388
2025-08-07T16:00:00Z,XRPUSDT,0.0001
2025-08-08T00:00:00Z,XRPUSDT,0.0001
2025-08-08T08:00:00Z,XRPUSDT,0.0001
2025-08-08T16:00:00Z,XRPUSDT,0.0001
2025-08-09T00:00:00Z,XRPUSDT,0.0001
2025-08-09T08:00:00Z,XRPUSDT,0.0001
2025-08-09T16:00:00Z,XRPUSDT,0.0001
2025-08-10T00:00:00Z,XRPUSDT,0.0001
2025-08-10T08:00:00Z,XRPUSDT,0.0001
2025-08-10T16:00:00Z,XRPUSDT,0.0001
2025-08-11T00:00:00Z,XRPUSDT,0.0001
2025-08-11T08:00:00Z,XRPUSDT,0.00006072
2025-08-11T16:00:00Z,XRPUSDT,0.0001
2025-08-12T00:00:00Z,XRPUSDT,0.0001
2025-08-12T08:00:00Z,XRPUSDT,0.00008581
2025-08-12T16:00:00Z,XRPUSDT,0.00006166
2025-08-13T00:00:00Z,XRPUSDT,0.0001
2025-08-13T08:00:00Z,XRPUSDT,0.0001
2025-08-13T16:00:00Z,XRPUSDT,0.0001
2025-08-14T00:00:00Z,XRPUSDT,0.0001
2025-08-14T08:00:00Z,XRPUSDT,0.0001
2025-08-14T16:00:00Z,XRPUSDT,0.0001
2025-08-15T00:00:00Z,XRPUSDT,0.00007308
2025-08-15T08:00:00Z,XRPUSDT,0.00006253
2025-08-15T16:00:00Z,XRPUSDT,0.0001
2025-08-16T00:00:00Z,XRPUSDT,0.0001
2025-08-16T08:00:00Z,XRPUSDT,0.0001
2025-08-16T16:00:00Z,XRPUSDT,0.0001
2025-08-17T00:00:00Z,XRPUSDT,0.00007598
2025-08-17T08:00:00Z,XRPUSDT,0.0001
2025-08-17T16:00:00Z,XRPUSDT,0.0001
2025-08-18T00:00:00Z,XRPUSDT,0.00002796
2025-08-18T08:00:00Z,XRPUSDT,-0.00009494
2025-08-18T16:00:00Z,XRPUSDT,-0.00009016
2025-08-19T00:00:00Z,XRPUSDT,0.0001
2025-08-19T08:00:00Z,XRPUSDT,0.0001
2025-08-19T16:00:00Z,XRPUSDT,0.00007849
2025-08-20T00:00:00Z,XRPUSDT,0.00006663
2025-08-20T08:00:00Z,XRPUSDT,-0.00004715
2025-08-20T16:00:00Z,XRPUSDT,0.00006968
2025-08-21T00:00:00Z,XRPUSDT,0.0001
2025-08-21T08:00:00Z,XRPUSDT,0.0001
2025-08-21T16:00:00Z,XRPUSDT,0.00005336
2025-08-22T00:00:00Z,XRPUSDT,0.0000882
2025-08-22T08:00:00Z,XRPUSDT,-0.00002387
2025-08-22T16:00:00Z,XRPUSDT,0.00004982
2025-08-23T00:00:00Z,XRPUSDT,0.0001
2025-08-23T08:00:00Z,XRPUSDT,0.0001
2025-08-23T16:00:00Z,XRPUSDT,0.0001
2025-08-24T00:00:00Z,XRPUSDT,0.0001
2025-08-24T08:00:00Z,XRPUSDT,0.0001
2025-08-24T16:00:00Z,XRPUSDT,0.0001
2025-08-25T00:00:00Z,XRPUSDT,0.0001
2025-08-25T08:00:00Z,XRPUSDT,0.0001
2025-08-25T16:00:00Z,XRPUSDT,0.00006086
2025-08-26T00:00:00Z,XRPUSDT,-0.00004449
2025-08-26T08:00:00Z,XRPUSDT,0.000008
2025-08-26T16:00:00Z,XRPUSDT,0.00008674
2025-08-27T00:00:00Z,XRPUSDT,0.0001
2025-08-27T08:00:00Z,XRPUSDT,0.0001
2025-08-27T16:00:00Z,XRPUSDT,0.0001
2025-08-28T00:00:00Z,XRPUSDT,0.0001
2025-08-28T08:00:00Z,XRPUSDT,0.0001
2025-08-28T16:00:00Z,XRPUSDT,0.0001
2025-08-29T00:00:00Z,XRPUSDT,0.0001
2025-08-29T08:00:00Z,XRPUSDT,0.0001
2025-08-29T16:00:00Z,XRPUSDT,0.00008354
2025-08-30T00:00:00Z,XRPUSDT,0.00006262
2025-08-30T08:00:00Z,XRPUSDT,0.00005439
2025-08-30T16:00:00Z,XRPUSDT,0.00001786
2025-08-31T00:00:00Z,XRPUSDT,0.00009448
2025-08-31T08:00:00Z,XRPUSDT,0.0001
2025-08-31T16:00:00Z,XRPUSDT,0.0001
2025-09-01T00:00:00Z,XRPUSDT,0.0001
2025-09-01T08:00:00Z,XRPUSDT,0.00009095
2025-09-01T16:00:00Z,XRPUSDT,0.00004783
2025-09-02T00:00:00Z,XRPUSDT,0.00002809
2025-09-02T08:00:00Z,XRPUSDT,0.0001
2025-09-02T16:00:00Z,XRPUSDT,0.0001
2025-09-03T00:00:00Z,XRPUSDT,0.0001
2025-09-03T08:00:00Z,XRPUSDT,0.00009965
2025-09-03T16:00:00Z,XRPUSDT,0.00005231
2025-09-04T00:00:00Z,XRPUSDT,0.00006314
2025-09-04T08:00:00Z,XRPUSDT,0.00008306
2025-09-04T16:00:00Z,XRPUSDT,0.00005776
2025-09-05T00:00:00Z,XRPUSDT,0.00008151
2025-09-05T08:00:00Z,XRPUSDT,0.00008885
2025-09-05T16:00:00Z,XRPUSDT,0.0001
2025-09-06T00:00:00Z,XRPUSDT,0.00007192
2025-09-06T08:00:00Z,XRPUSDT,0.0001
2025-09-06T16:00:00Z,XRPUSDT,0.00001129
2025-09-07T00:00:00Z,XRPUSDT,0.00000594
2025-09-07T08:00:00Z,XRPUSDT,0.00005899
2025-09-07T16:00:00Z,XRPUSDT,0.00007132
2025-09-08T00:00:00Z,XRPUSDT,0.00005245
2025-09-08T08:00:00Z,XRPUSDT,0.0001
2025-09-08T16:00:00Z,XRPUSDT,0.0001
2025-09-09T00:00:00Z,XRPUSDT,0.0001
2025-09-09T08:00:00Z,XRPUSDT,0.0001
2025-09-09T16:00:00Z,XRPUSDT,0.0001
2025-09-10T00:00:00Z,XRPUSDT,0.00007298
2025-09-10T08:00:00Z,XRPUSDT,0.0001
2025-09-10T16:00:00Z,XRPUSDT,0.0001
2025-09-11T00:00:00Z,XRPUSDT,0.0001
2025-09-11T08:00:00Z,XRPUSDT,0.0001
2025-09-11T16:00:00Z,XRPUSDT,0.0001
2025-09-12T00:00:00Z,XRPUSDT,0.0001
2025-09-12T08:00:00Z,XRPUSDT,0.0001
2025-09-12T16:00:00Z,XRPUSDT,0.0001
2025-09-13T00:00:00Z,XRPUSDT,0.0001
2025-09-13T08:00:00Z,XRPUSDT,0.0001
2025-09-13T16:00:00Z,XRPUSDT,0.0001
2025-09-14T00:00:00Z,XRPUSDT,0.0001
2025-09-14T08:00:00Z,XRPUSDT,0.0001
2025-09-14T16:00:00Z,XRPUSDT,0.0001
2025-09-15T00:00:00Z,XRPUSDT,0.0001
2025-09-15T08:00:00Z,XRPUSDT,0.0001
2025-09-15T16:00:00Z,XRPUSDT,0.00005397
2025-09-16T00:00:00Z,XRPUSDT,0.00008565
2025-09-16T08:00:00Z,XRPUSDT,0.00007584
2025-09-16T16:00:00Z,XRPUSDT,0.00007703
2025-09-17T00:00:00Z,XRPUSDT,0.0001
2025-09-17T08:00:00Z,XRPUSDT,0.0001
2025-09-17T16:00:00Z,XRPUSDT,0.00000957
2025-09-18T00:00:00Z,XRPUSDT,0.0001
2025-09-18T08:00:00Z,XRPUSDT,0.0001
2025-09-18T16:00:00Z,XRPUSDT,0.0001
2025-09-19T00:00:00Z,XRPUSDT,0.0001
2025-09-19T08:00:00Z,XRPUSDT,0.0001
2025-09-19T16:00:00Z,XRPUSDT,0.0001
2025-09-20T00:00:00Z,XRPUSDT,0.0001
2025-09-20T08:00:00Z,XRPUSDT,0.0001
2025-09-20T16:00:00Z,XRPUSDT,0.0001
2025-09-21T00:00:00Z,XRPUSDT,0.0001
2025-09-21T08:00:00Z,XRPUSDT,0.0001
2025-09-21T16:00:00Z,XRPUSDT,0.0001
2025-09-22T00:00:00Z,XRPUSDT,0.0001
2025-09-22T08:00:00Z,XRPUSDT,0.00000451
2025-09-22T16:00:00Z,XRPUSDT,-0.00011734
2025-09-23T00:00:00Z,XRPUSDT,-0.00006144
2025-09-23T08:00:00Z,XRPUSDT,-0.00000583
2025-09-23T16:00:00Z,XRPUSDT,-0.00005124
2025-09-24T00:00:00Z,XRPUSDT,0.0000857
2025-09-24T08:00:00Z,XRPUSDT,0.00007418
2025-09-24T16:00:00Z,XRPUSDT,0.0000884
2025-09-25T00:00:00Z,XRPUSDT,0.0001
2025-09-25T08:00:00Z,XRPUSDT,0.00001877
2025-09-25T16:00:00Z,XRPUSDT,-0.00002537
2025-09-26T00:00:00Z,XRPUSDT,-0.00010443
2025-09-26T08:00:00Z,XRPUSDT,0.00000177
2025-09-26T16:00:00Z,XRPUSDT,0.00007402
2025-09-27T00:00:00Z,XRPUSDT,0.0001
2025-09-27T08:00:00Z,XRPUSDT,0.0001
2025-09-27T16:00:00Z,XRPUSDT,0.00006098
2025-09-28T00:00:00Z,XRPUSDT,-0.00004102
2025-09-28T08:00:00Z,XRPUSDT,0.00003613
2025-09-28T16:00:00Z,XRPUSDT,0.00008952
2025-09-29T00:00:00Z,XRPUSDT,0.0001
2025-09-29T08:00:00Z,XRPUSDT,0.0001
2025-09-29T16:00:00Z,XRPUSDT,0.00009647
2025-09-30T00:00:00Z,XRPUSDT,0.0001
2025-09-30T08:00:00Z,XRPUSDT,0.0001
2025-09-30T16:00:00Z,XRPUSDT,0.00002705
2025-10-01T00:00:00Z,XRPUSDT,0.0001
2025-10-01T08:00:00Z,XRPUSDT,0.0001
2025-10-01T16:00:00Z,XRPUSDT,0.0001
2025-10-02T00:00:00Z,XRPUSDT,0.0001
2025-10-02T08:00:00Z,XRPUSDT,0.0001
2025-10-02T16:00:00Z,XRPUSDT,0.0001
2025-10-03T00:00:00Z,XRPUSDT,0.0001
2025-10-03T08:00:00Z,XRPUSDT,0.0001
2025-10-03T16:00:00Z,XRPUSDT,0.0001
2025-10-04T00:00:00Z,XRPUSDT,0.0001
2025-10-04T08:00:00Z,XRPUSDT,0.0001
2025-10-04T16:00:00Z,XRPUSDT,0.0001
2025-10-05T00:00:00Z,XRPUSDT,0.0001
2025-10-05T08:00:00Z,XRPUSDT,0.0001
2025-10-05T16:00:00Z,XRPUSDT,0.0001
2025-10-06T00:00:00Z,XRPUSDT,0.0001
2025-10-06T08:00:00Z,XRPUSDT,0.0001
2025-10-06T16:00:00Z,XRPUSDT,0.0001
2025-10-07T00:00:00Z,XRPUSDT,0.0001
2025-10-07T08:00:00Z,XRPUSDT,0.0001
2025-10-07T16:00:00Z,XRPUSDT,0.0001
2025-10-08T00:00:00Z,XRPUSDT,0.00000994
2025-10-08T08:00:00Z,XRPUSDT,-0.00000391
2025-10-08T16:00:00Z,XRPUSDT,0.00005534
2025-10-09T00:00:00Z,XRPUSDT,0.0001
2025-10-09T08:00:00Z,XRPUSDT,0.00009313
2025-10-09T16:00:00Z,XRPUSDT,-0.00000473
2025-10-10T00:00:00Z,XRPUSDT,0.00006768
2025-10-10T08:00:00Z,XRPUSDT,0.0001
2025-10-10T16:00:00Z,XRPUSDT,0.0001
2025-10-11T00:00:00Z,XRPUSDT,-0.0058
2025-10-11T08:00:00Z,XRPUSDT,-0.00004969
2025-10-11T16:00:00Z,XRPUSDT,-0.00007159
2025-10-12T00:00:00Z,XRPUSDT,0.00001873
2025-10-12T08:00:00Z,XRPUSDT,0.00002975
2025-10-12T16:00:00Z,XRPUSDT,-0.00003316
2025-10-13T00:00:00Z,XRPUSDT,0.00007411
2025-10-13T08:00:00Z,XRPUSDT,0.00001076
2025-10-13T16:00:00Z,XRPUSDT,-0.00000386
2025-10-14T00:00:00Z,XRPUSDT,0.0001
2025-10-14T08:00:00Z,XRPUSDT,-0.00001514
2025-10-14T16:00:00Z,XRPUSDT,-0.00003914
2025-10-15T00:00:00Z,XRPUSDT,-0.00006296
2025-10-15T08:00:00Z,XRPUSDT,0.00002409
2025-10-15T16:00:00Z,XRPUSDT,-0.00000345
2025-10-16T00:00:00Z,XRPUSDT,-0.00008889
2025-10-16T08:00:00Z,XRPUSDT,-0.00003103
2025-10-16T16:00:00Z,XRPUSDT,-0.0000168
2025-10-17T00:00:00Z,XRPUSDT,0.00005441
2025-10-17T08:00:00Z,XRPUSDT,0.00002482
2025-10-17T16:00:00Z,XRPUSDT,0.00002157
2025-10-18T00:00:00Z,XRPUSDT,-0.00002004
2025-10-18T08:00:00Z,XRPUSDT,0.00000773
2025-10-18T16:00:00Z,XRPUSDT,-0.00000891
2025-10-19T00:00:00Z,XRPUSDT,0.00006357
2025-10-19T08:00:00Z,XRPUSDT,-0.00003673
2025-10-19T16:00:00Z,XRPUSDT,0.00003614
2025-10-20T00:00:00Z,XRPUSDT,-0.00000058
2025-10-20T08:00:00Z,XRPUSDT,0.00000622
2025-10-20T16:00:00Z,XRPUSDT,-0.00008113
2025-10-21T00:00:00Z,XRPUSDT,0.00007513
2025-10-21T08:00:00Z,XRPUSDT,-0.00003901
2025-10-21T16:00:00Z,XRPUSDT,0.00000461
2025-10-22T00:00:00Z,XRPUSDT,-0.00003456
2025-10-22T08:00:00Z,XRPUSDT,-0.00000556
2025-10-22T16:00:00Z,XRPUSDT,-0.00000192
2025-10-23T00:00:00Z,XRPUSDT,-0.00001403
2025-10-23T08:00:00Z,XRPUSDT,0.00002832
2025-10-23T16:00:00Z,XRPUSDT,0.00009186
2025-10-24T00:00:00Z,XRPUSDT,0.00001055
2025-10-24T08:00:00Z,XRPUSDT,0.00009522
2025-10-24T16:00:00Z,XRPUSDT,0.00002219
2025-10-25T00:00:00Z,XRPUSDT,0.00007802
2025-10-25T08:00:00Z,XRPUSDT,-0.00002182
2025-10-25T16:00:00Z,XRPUSDT,0.0001
2025-10-26T00:00:00Z,XRPUSDT,0.0001
2025-10-26T08:00:00Z,XRPUSDT,0.00004862
2025-10-26T16:00:00Z,XRPUSDT,0.00004098
2025-10-27T00:00:00Z,XRPUSDT,0.0001
2025-10-27T08:00:00Z,XRPUSDT,0.00005039
2025-10-27T16:00:00Z,XRPUSDT,0.0001
2025-10-28T00:00:00Z,XRPUSDT,0.0001
2025-10-28T08:00:00Z,XRPUSDT,0.00000774
2025-10-28T16:00:00Z,XRPUSDT,-0.00000592
2025-10-29T00:00:00Z,XRPUSDT,-0.00004712
2025-10-29T08:00:00Z,XRPUSDT,0.00008452
2025-10-29T16:00:00Z,XRPUSDT,0.00005235
2025-10-30T00:00:00Z,XRPUSDT,0.00000259
2025-10-30T08:00:00Z,XRPUSDT,0.00002721
2025-10-30T16:00:00Z,XRPUSDT,-0.00004125
2025-10-31T00:00:00Z,XRPUSDT,-0.00005847
2025-10-31T08:00:00Z,XRPUSDT,-0.00003625
2025-10-31T16:00:00Z,XRPUSDT,0.00000767
2025-11-01T00:00:00Z,XRPUSDT,-0.00001103
2025-11-01T08:00:00Z,XRPUSDT,-0.00000413
2025-11-01T16:00:00Z,XRPUSDT,0.00002405
2025-11-02T00:00:00Z,XRPUSDT,0.0001
2025-11-02T08:00:00Z,XRPUSDT,0.0001
2025-11-02T16:00:00Z,XRPUSDT,0.00002657
2025-11-03T00:00:00Z,XRPUSDT,0.00002059
2025-11-03T08:00:00Z,XRPUSDT,-0.00004605
2025-11-03T16:00:00Z,XRPUSDT,-0.00003119
2025-11-04T00:00:00Z,XRPUSDT,-0.00005471
2025-11-04T08:00:00Z,XRPUSDT,0.00007005
2025-11-04T16:00:00Z,XRPUSDT,0.00005935
2025-11-05T00:00:00Z,XRPUSDT,0.00001964
2025-11-05T08:00:00Z,XRPUSDT,-0.00001736
2025-11-05T16:00:00Z,XRPUSDT,-0.00003625
2025-11-06T00:00:00Z,XRPUSDT,0.0000564
2025-11-06T08:00:00Z,XRPUSDT,0.00000892
2025-11-06T16:00:00Z,XRPUSDT,0.00004536
2025-11-07T00:00:00Z,XRPUSDT,-0.00006369
2025-11-07T08:00:00Z,XRPUSDT,0.00000532
2025-11-07T16:00:00Z,XRPUSDT,0.00002041
2025-11-08T00:00:00Z,XRPUSDT,0.0001
2025-11-08T08:00:00Z,XRPUSDT,0.0001
2025-11-08T16:00:00Z,XRPUSDT,0.00004825
2025-11-09T00:00:00Z,XRPUSDT,-0.00003566
2025-11-09T08:00:00Z,XRPUSDT,0.00000386
2025-11-09T16:00:00Z,XRPUSDT,-0.00002476
2025-11-10T00:00:00Z,XRPUSDT,0.0001
2025-11-10T08:00:00Z,XRPUSDT,0.0001
2025-11-10T16:00:00Z,XRPUSDT,0.0001
2025-11-11T00:00:00Z,XRPUSDT,0.00005178
2025-11-11T08:00:00Z,XRPUSDT,0.00005077
2025-11-11T16:00:00Z,XRPUSDT,-0.00001569
2025-11-12T00:00:00Z,XRPUSDT,-0.00000885
2025-11-12T08:00:00Z,XRPUSDT,-0.00004971
2025-11-12T16:00:00Z,XRPUSDT,0.00001212
2025-11-13T00:00:00Z,XRPUSDT,-0.00003983
2025-11-13T08:00:00Z,XRPUSDT,0.0001
2025-11-13T16:00:00Z,XRPUSDT,0.0001
2025-11-14T00:00:00Z,XRPUSDT,-0.00010883
2025-11-14T08:00:00Z,XRPUSDT,0.0000508
2025-11-14T16:00:00Z,XRPUSDT,0.00005722
2025-11-15T00:00:00Z,XRPUSDT,0.00007143
2025-11-15T08:00:00Z,XRPUSDT,0.00007607
2025-11-15T16:00:00Z,XRPUSDT,0.00000304
2025-11-16T00:00:00Z,XRPUSDT,-0.00000927
2025-11-16T08:00:00Z,XRPUSDT,0.00006327
2025-11-16T16:00:00Z,XRPUSDT,-0.0000424
2025-11-17T00:00:00Z,XRPUSDT,0.00008463
2025-11-17T08:00:00Z,XRPUSDT,0.0001
2025-11-17T16:00:00Z,XRPUSDT,0.0001
2025-11-18T00:00:00Z,XRPUSDT,-0.0000147
2025-11-18T08:00:00Z,XRPUSDT,0.0001
2025-11-18T16:00:00Z,XRPUSDT,0.0001
2025-11-19T00:00:00Z,XRPUSDT,0.0001
2025-11-19T08:00:00Z,XRPUSDT,0.00003419
2025-11-19T16:00:00Z,XRPUSDT,-0.00004585
2025-11-20T00:00:00Z,XRPUSDT,-0.0000469
2025-11-20T08:00:00Z,XRPUSDT,0.0001
2025-11-20T16:00:00Z,XRPUSDT,0.0001
2025-11-21T00:00:00Z,XRPUSDT,-0.00002233
2025-11-21T08:00:00Z,XRPUSDT,0.00009209
2025-11-21T16:00:00Z,XRPUSDT,0.0000447
2025-11-22T00:00:00Z,XRPUSDT,-0.00003048
2025-11-22T08:00:00Z,XRPUSDT,0.00004736
2025-11-22T16:00:00Z,XRPUSDT,0.00001797
2025-11-23T00:00:00Z,XRPUSDT,-0.00002052
2025-11-23T08:00:00Z,XRPUSDT,0.00006032
2025-11-23T16:00:00Z,XRPUSDT,-0.00009066
2025-11-24T00:00:00Z,XRPUSDT,-0.00011047
2025-11-24T08:00:00Z,XRPUSDT,-0.00007341
2025-11-24T16:00:00Z,XRPUSDT,0.00002219
2025-11-25T00:00:00Z,XRPUSDT,0.00004613
2025-11-25T08:00:00Z,XRPUSDT,-0.00011454
2025-11-25T16:00:00Z,XRPUSDT,-0.00003216
2025-11-26T00:00:00Z,XRPUSDT,0.00006596
2025-11-26T08:00:00Z,XRPUSDT,0.00004006
2025-11-26T16:00:00Z,XRPUSDT,-0.00000129
2025-11-27T00:00:00Z,XRPUSDT,0.0001
2025-11-27T08:00:00Z,XRPUSDT,0.00006958
2025-11-27T16:00:00Z,XRPUSDT,-0.00003663
2025-11-28T00:00:00Z,XRPUSDT,0.0001
2025-11-28T08:00:00Z,XRPUSDT,0.0001
2025-11-28T16:00:00Z,XRPUSDT,-0.00001098
2025-11-29T00:00:00Z,XRPUSDT,-0.00001081
2025-11-29T08:00:00Z,XRPUSDT,-0.00002491
2025-11-29T16:00:00Z,XRPUSDT,0.0001
2025-11-30T00:00:00Z,XRPUSDT,0.00007143
2025-11-30T08:00:00Z,XRPUSDT,-0.00002605
2025-11-30T16:00:00Z,XRPUSDT,-0.0000725
2025-12-01T00:00:00Z,XRPUSDT,-0.00006062
2025-12-01T08:00:00Z,XRPUSDT,-0.00005534
2025-12-01T16:00:00Z,XRPUSDT,-0.00001166
2025-12-02T00:00:00Z,XRPUSDT,0.0001
2025-12-02T08:00:00Z,XRPUSDT,0.0001
2025-12-02T16:00:00Z,XRPUSDT,-0.00002759
2025-12-03T00:00:00Z,XRPUSDT,0.0001
2025-12-03T08:00:00Z,XRPUSDT,0.00005153
2025-12-03T16:00:00Z,XRPUSDT,0.0001
2025-12-04T00:00:00Z,XRPUSDT,0.00006702
2025-12-04T08:00:00Z,XRPUSDT,0.0001
2025-12-04T16:00:00Z,XRPUSDT,0.00000988
2025-12-05T00:00:00Z,XRPUSDT,-0.00003198
2025-12-05T08:00:00Z,XRPUSDT,0.0000263
2025-12-05T16:00:00Z,XRPUSDT,-0.00005307
2025-12-06T00:00:00Z,XRPUSDT,-0.00001085
2025-12-06T08:00:00Z,XRPUSDT,-0.00009479
2025-12-06T16:00:00Z,XRPUSDT,-0.00013198
2025-12-07T00:00:00Z,XRPUSDT,-0.00006228
2025-12-07T08:00:00Z,XRPUSDT,-0.00006425
2025-12-07T16:00:00Z,XRPUSDT,-0.00007091
2025-12-08T00:00:00Z,XRPUSDT,-0.00000306
2025-12-08T08:00:00Z,XRPUSDT,0.00003507
2025-12-08T16:00:00Z,XRPUSDT,0.0001
2025-12-09T00:00:00Z,XRPUSDT,0.00005875
2025-12-09T08:00:00Z,XRPUSDT,0.00001557
2025-12-09T16:00:00Z,XRPUSDT,0.00004545
2025-12-10T00:00:00Z,XRPUSDT,0.0001
2025-12-10T08:00:00Z,XRPUSDT,-0.00004149
2025-12-10T16:00:00Z,XRPUSDT,-0.00003334
2025-12-11T00:00:00Z,XRPUSDT,-0.00004219
2025-12-11T08:00:00Z,XRPUSDT,-0.0000886
2025-12-11T16:00:00Z,XRPUSDT,-0.00008947
2025-12-12T00:00:00Z,XRPUSDT,0.0001
2025-12-12T08:00:00Z,XRPUSDT,0.00009052
2025-12-12T16:00:00Z,XRPUSDT,0.0000298
2025-12-13T00:00:00Z,XRPUSDT,-0.00008284
2025-12-13T08:00:00Z,XRPUSDT,0.00009275
2025-12-13T16:00:00Z,XRPUSDT,0.0001
2025-12-14T00:00:00Z,XRPUSDT,0.00000269
2025-12-14T08:00:00Z,XRPUSDT,-0.00002685
2025-12-14T16:00:00Z,XRPUSDT,-0.00007435
2025-12-15T00:00:00Z,XRPUSDT,-0.00006134
2025-12-15T08:00:00Z,XRPUSDT,-0.00002675
2025-12-15T16:00:00Z,XRPUSDT,-0.0000397
2025-12-16T00:00:00Z,XRPUSDT,-0.00014637
2025-12-16T08:00:00Z,XRPUSDT,-0.00003353
2025-12-16T16:00:00Z,XRPUSDT,-0.00008364
2025-12-17T00:00:00Z,XRPUSDT,-0.00009129
2025-12-17T08:00:00Z,XRPUSDT,-0.00005274
2025-12-17T16:00:00Z,XRPUSDT,0.0000513
2025-12-18T00:00:00Z,XRPUSDT,-0.0001739
2025-12-18T08:00:00Z,XRPUSDT,-0.00013459
2025-12-18T16:00:00Z,XRPUSDT,0.00000622
2025-12-19T00:00:00Z,XRPUSDT,-0.00002672
2025-12-19T08:00:00Z,XRPUSDT,-0.00003503
2025-12-19T16:00:00Z,XRPUSDT,0.0000991
2025-12-20T00:00:00Z,XRPUSDT,0.00005415
2025-12-20T08:00:00Z,XRPUSDT,-0.00004361
2025-12-20T16:00:00Z,XRPUSDT,0.00004718
2025-12-21T00:00:00Z,XRPUSDT,-0.00000048
2025-12-21T08:00:00Z,XRPUSDT,-0.00000929
2025-12-21T16:00:00Z,XRPUSDT,-0.000048
2025-12-22T00:00:00Z,XRPUSDT,-0.00004257
2025-12-22T08:00:00Z,XRPUSDT,0.00004008
2025-12-22T16:00:00Z,XRPUSDT,0.0001
2025-12-23T00:00:00Z,XRPUSDT,-0.00004698
2025-12-23T08:00:00Z,XRPUSDT,-0.00000803
2025-12-23T16:00:00Z,XRPUSDT,0.00001254
2025-12-24T00:00:00Z,XRPUSDT,0.00006321
2025-12-24T08:00:00Z,XRPUSDT,-0.00002731
2025-12-24T16:00:00Z,XRPUSDT,-0.00000929
2025-12-25T00:00:00Z,XRPUSDT,0.00001405
2025-12-25T08:00:00Z,XRPUSDT,0.00003515
2025-12-25T16:00:00Z,XRPUSDT,0.00001008
2025-12-26T00:00:00Z,XRPUSDT,-0.00005352
2025-12-26T08:00:00Z,XRPUSDT,0.0001
2025-12-26T16:00:00Z,XRPUSDT,-0.000018
2025-12-27T00:00:00Z,XRPUSDT,0.00005417
2025-12-27T08:00:00Z,XRPUSDT,0.00007665
2025-12-27T16:00:00Z,XRPUSDT,0.00002441
2025-12-28T00:00:00Z,XRPUSDT,0.0001
2025-12-28T08:00:00Z,XRPUSDT,0.0001
2025-12-28T16:00:00Z,XRPUSDT,0.0001
2025-12-29T00:00:00Z,XRPUSDT,0.00003565
2025-12-29T08:00:00Z,XRPUSDT,0.0001
2025-12-29T16:00:00Z,XRPUSDT,-0.00001293
2025-12-30T00:00:00Z,XRPUSDT,-0.00007366
2025-12-30T08:00:00Z,XRPUSDT,-0.0000997
2025-12-30T16:00:00Z,XRPUSDT,0.00002515
2025-12-31T00:00:00Z,XRPUSDT,0.00003245
2025-12-31T08:00:00Z,XRPUSDT,0.00004462
2025-12-31T16:00:00Z,XRPUSDT,0.00007534
2026-01-01T00:00:00Z,XRPUSDT,-0.00003024
2026-01-01T08:00:00Z,XRPUSDT,-0.00003864
2026-01-01T16:00:00Z,XRPUSDT,0.00001074
2026-01-02T00:00:00Z,XRPUSDT,0.00008412
2026-01-02T08:00:00Z,XRPUSDT,0.0001
2026-01-02T16:00:00Z,XRPUSDT,0.00007821
2026-01-03T00:00:00Z,XRPUSDT,0.0001
2026-01-03T08:00:00Z,XRPUSDT,0.00009563
2026-01-03T16:00:00Z,XRPUSDT,-0.00002858
2026-01-04T00:00:00Z,XRPUSDT,-0.00004785
2026-01-04T08:00:00Z,XRPUSDT,-0.00001597
2026-01-04T16:00:00Z,XRPUSDT,0.00003034
2026-01-05T00:00:00Z,XRPUSDT,0.00002557
2026-01-05T08:00:00Z,XRPUSDT,-0.00005088
2026-01-05T16:00:00Z,XRPUSDT,0.00007753
2026-01-06T00:00:00Z,XRPUSDT,0.0001
2026-01-06T08:00:00Z,XRPUSDT,0.0001
2026-01-06T16:00:00Z,XRPUSDT,0.00004359
2026-01-07T00:00:00Z,XRPUSDT,0.00002619
2026-01-07T08:00:00Z,XRPUSDT,0.0000874
2026-01-07T16:00:00Z,XRPUSDT,0.00008378
2026-01-08T00:00:00Z,XRPUSDT,0.00007166
2026-01-08T08:00:00Z,XRPUSDT,0.00004759
2026-01-08T16:00:00Z,XRPUSDT,0.00006819
2026-01-09T00:00:00Z,XRPUSDT,-0.0000383
2026-01-09T08:00:00Z,XRPUSDT,0.00001651
2026-01-09T16:00:00Z,XRPUSDT,0.00002149
2026-01-10T00:00:00Z,XRPUSDT,-0.00000461
2026-01-10T08:00:00Z,XRPUSDT,0.0000095
2026-01-10T16:00:00Z,XRPUSDT,-0.00002911
2026-01-11T00:00:00Z,XRPUSDT,0.00004498
2026-01-11T08:00:00Z,XRPUSDT,0.000068
2026-01-11T16:00:00Z,XRPUSDT,-0.0000276
2026-01-12T00:00:00Z,XRPUSDT,-0.00005214
2026-01-12T08:00:00Z,XRPUSDT,0.0000558
2026-01-12T16:00:00Z,XRPUSDT,0.00001498
2026-01-13T00:00:00Z,XRPUSDT,-0.00004326
2026-01-13T08:00:00Z,XRPUSDT,0.0001
2026-01-13T16:00:00Z,XRPUSDT,0.0001
2026-01-14T00:00:00Z,XRPUSDT,0.0001
2026-01-14T08:00:00Z,XRPUSDT,0.0001
2026-01-14T16:00:00Z,XRPUSDT,0.00008318
2026-01-15T00:00:00Z,XRPUSDT,0.00007199
2026-01-15T08:00:00Z,XRPUSDT,0.00001021
2026-01-15T16:00:00Z,XRPUSDT,-0.00003444
2026-01-16T00:00:00Z,XRPUSDT,-0.00002215
2026-01-16T08:00:00Z,XRPUSDT,-0.00000439
2026-01-16T16:00:00Z,XRPUSDT,0.00001717
2026-01-17T00:00:00Z,XRPUSDT,0.0001
2026-01-17T08:00:00Z,XRPUSDT,0.0001
2026-01-17T16:00:00Z,XRPUSDT,-0.00001602
2026-01-18T00:00:00Z,XRPUSDT,0.0001
2026-01-18T08:00:00Z,XRPUSDT,0.0001
2026-01-18T16:00:00Z,XRPUSDT,0.00001169
2026-01-19T00:00:00Z,XRPUSDT,0.00004778
2026-01-19T08:00:00Z,XRPUSDT,0.00001698
2026-01-19T16:00:00Z,XRPUSDT,0.00000233
2026-01-20T00:00:00Z,XRPUSDT,0.0001
2026-01-20T08:00:00Z,XRPUSDT,0.0000096
2026-01-20T16:00:00Z,XRPUSDT,0.00005103
2026-01-21T00:00:00Z,XRPUSDT,0.00000859
2026-01-21T08:00:00Z,XRPUSDT,0.00004994
2026-01-21T16:00:00Z,XRPUSDT,0.00004322
2026-01-22T00:00:00Z,XRPUSDT,0.0001
2026-01-22T08:00:00Z,XRPUSDT,-0.000008
2026-01-22T16:00:00Z,XRPUSDT,-0.00003816
2026-01-23T00:00:00Z,XRPUSDT,0.00003518
2026-01-23T08:00:00Z,XRPUSDT,0.00006993
2026-01-23T16:00:00Z,XRPUSDT,-0.00001852
2026-01-24T00:00:00Z,XRPUSDT,0.0001
2026-01-24T08:00:00Z,XRPUSDT,0.00003791
2026-01-24T16:00:00Z,XRPUSDT,-0.00002067
2026-01-25T00:00:00Z,XRPUSDT,0.00001055
2026-01-25T08:00:00Z,XRPUSDT,-0.00004678
2026-01-25T16:00:00Z,XRPUSDT,0.00000245
2026-01-26T00:00:00Z,XRPUSDT,-0.00006061
2026-01-26T08:00:00Z,XRPUSDT,0.00007075
2026-01-26T16:00:00Z,XRPUSDT,0.00004311
2026-01-27T00:00:00Z,XRPUSDT,0.00002681
2026-01-27T08:00:00Z,XRPUSDT,-0.00001288
2026-01-27T16:00:00Z,XRPUSDT,-0.0000183
2026-01-28T00:00:00Z,XRPUSDT,0.0001
2026-01-28T08:00:00Z,XRPUSDT,0.00006062
2026-01-28T16:00:00Z,XRPUSDT,0.00006568
2026-01-29T00:00:00Z,XRPUSDT,0.00004837
2026-01-29T08:00:00Z,XRPUSDT,-0.00001716
2026-01-29T16:00:00Z,XRPUSDT,-0.00008941
2026-01-30T00:00:00Z,XRPUSDT,-0.00008563
2026-01-30T08:00:00Z,XRPUSDT,-0.00014724
2026-01-30T16:00:00Z,XRPUSDT,-0.00015218
2026-01-31T00:00:00Z,XRPUSDT,-0.00009125
2026-01-31T08:00:00Z,XRPUSDT,-0.00011132
2026-01-31T16:00:00Z,XRPUSDT,0.00002637
2026-02-01T00:00:00Z,XRPUSDT,-0.00005923
2026-02-01T08:00:00Z,XRPUSDT,-0.00005671
2026-02-01T16:00:00Z,XRPUSDT,0.00007091
2026-02-02T00:00:00Z,XRPUSDT,0.00001273
2026-02-02T08:00:00Z,XRPUSDT,0.00009533
2026-02-02T16:00:00Z,XRPUSDT,0.0000017
2026-02-03T00:00:00Z,XRPUSDT,-0.00001982
2026-02-03T08:00:00Z,XRPUSDT,0.0000209
2026-02-03T16:00:00Z,XRPUSDT,-0.00004999
2026-02-04T00:00:00Z,XRPUSDT,0.00009369
2026-02-04T08:00:00Z,XRPUSDT,0.0001
2026-02-04T16:00:00Z,XRPUSDT,-0.00000231
2026-02-05T00:00:00Z,XRPUSDT,0.0000002
2026-02-05T08:00:00Z,XRPUSDT,0.0001
2026-02-05T16:00:00Z,XRPUSDT,0.0001
2026-02-06T00:00:00Z,XRPUSDT,-0.00007656
2026-02-06T08:00:00Z,XRPUSDT,-0.00016331
2026-02-06T16:00:00Z,XRPUSDT,-0.00038285
2026-02-07T00:00:00Z,XRPUSDT,-0.00018588
2026-02-07T08:00:00Z,XRPUSDT,-0.00004213
2026-02-07T16:00:00Z,XRPUSDT,0.00006668
2026-02-08T00:00:00Z,XRPUSDT,-0.00002812
2026-02-08T08:00:00Z,XRPUSDT,-0.00010812
2026-02-08T16:00:00Z,XRPUSDT,-0.00019044
2026-02-09T00:00:00Z,XRPUSDT,-0.0001535
2026-02-09T08:00:00Z,XRPUSDT,-0.00002018
2026-02-09T16:00:00Z,XRPUSDT,0.00003548
2026-02-10T00:00:00Z,XRPUSDT,-0.00001684
2026-02-10T08:00:00Z,XRPUSDT,0.00001893
2026-02-10T16:00:00Z,XRPUSDT,-0.00019003
2026-02-11T00:00:00Z,XRPUSDT,-0.00011846
2026-02-11T08:00:00Z,XRPUSDT,-0.00001451
2026-02-11T16:00:00Z,XRPUSDT,-0.00001093
2026-02-12T00:00:00Z,XRPUSDT,0.00008073
2026-02-12T08:00:00Z,XRPUSDT,0.00004068
2026-02-12T16:00:00Z,XRPUSDT,0.00001018
2026-02-13T00:00:00Z,XRPUSDT,-0.00000464
2026-02-13T08:00:00Z,XRPUSDT,0.00000225
2026-02-13T16:00:00Z,XRPUSDT,-0.00001032
2026-02-14T00:00:00Z,XRPUSDT,-0.00004649
2026-02-14T08:00:00Z,XRPUSDT,-0.00000438
2026-02-14T16:00:00Z,XRPUSDT,-0.00010651
2026-02-15T00:00:00Z,XRPUSDT,-0.00007987
2026-02-15T08:00:00Z,XRPUSDT,-0.00008388
2026-02-15T16:00:00Z,XRPUSDT,0.00002392
2026-02-16T00:00:00Z,XRPUSDT,-0.00007948
2026-02-16T08:00:00Z,XRPUSDT,-0.00009769
2026-02-16T16:00:00Z,XRPUSDT,-0.00013835
2026-02-17T00:00:00Z,XRPUSDT,-0.00002887
2026-02-17T08:00:00Z,XRPUSDT,-0.00012435
2026-02-17T16:00:00Z,XRPUSDT,0.00000765
2026-02-18T00:00:00Z,XRPUSDT,-0.00001546
2026-02-18T08:00:00Z,XRPUSDT,0.00001873
2026-02-18T16:00:00Z,XRPUSDT,-0.00004878
2026-02-19T00:00:00Z,XRPUSDT,0.00001364
2026-02-19T08:00:00Z,XRPUSDT,-0.00004538
2026-02-19T16:00:00Z,XRPUSDT,0.00005562
2026-02-20T00:00:00Z,XRPUSDT,0.00008915
2026-02-20T08:00:00Z,XRPUSDT,0.00000444
2026-02-20T16:00:00Z,XRPUSDT,0.00000984
2026-02-21T00:00:00Z,XRPUSDT,0.00000193
2026-02-21T08:00:00Z,XRPUSDT,0.00001255
2026-02-21T16:00:00Z,XRPUSDT,-0.00000681
2026-02-22T00:00:00Z,XRPUSDT,0.00002829
2026-02-22T08:00:00Z,XRPUSDT,-0.00002344
2026-02-22T16:00:00Z,XRPUSDT,-0.00009765
2026-02-23T00:00:00Z,XRPUSDT,-0.00007981
2026-02-23T08:00:00Z,XRPUSDT,-0.0001162
2026-02-23T16:00:00Z,XRPUSDT,0.00004537
2026-02-24T00:00:00Z,XRPUSDT,-0.00003201
2026-02-24T08:00:00Z,XRPUSDT,-0.0001379
2026-02-24T16:00:00Z,XRPUSDT,-0.00004338
2026-02-25T00:00:00Z,XRPUSDT,0.0000316
2026-02-25T08:00:00Z,XRPUSDT,-0.00002534
2026-02-25T16:00:00Z,XRPUSDT,0.0000612
2026-02-26T00:00:00Z,XRPUSDT,0.0001
2026-02-26T08:00:00Z,XRPUSDT,0.00002424
2026-02-26T16:00:00Z,XRPUSDT,0.00001014
2026-02-27T00:00:00Z,XRPUSDT,-0.00001417
2026-02-27T08:00:00Z,XRPUSDT,-0.00001499
2026-02-27T16:00:00Z,XRPUSDT,-0.00011857
2026-02-28T00:00:00Z,XRPUSDT,-0.00009315
2026-02-28T08:00:00Z,XRPUSDT,-0.00015612
2026-02-28T16:00:00Z,XRPUSDT,-0.00013752
2026-03-01T00:00:00Z,XRPUSDT,-0.00004037
2026-03-01T08:00:00Z,XRPUSDT,0.00008588
2026-03-01T16:00:00Z,XRPUSDT,-0.00001116
2026-03-02T00:00:00Z,XRPUSDT,-0.00003093
2026-03-02T08:00:00Z,XRPUSDT,-0.00000982
2026-03-02T16:00:00Z,XRPUSDT,0.00000092
2026-03-03T00:00:00Z,XRPUSDT,0.00001221
2026-03-03T08:00:00Z,XRPUSDT,-0.00005786
2026-03-03T16:00:00Z,XRPUSDT,-0.00013643
2026-03-04T00:00:00Z,XRPUSDT,0.00002061
2026-03-04T08:00:00Z,XRPUSDT,0.00002573
2026-03-04T16:00:00Z,XRPUSDT,0.0001
2026-03-05T00:00:00Z,XRPUSDT,0.0001
2026-03-05T08:00:00Z,XRPUSDT,0.0000023
2026-03-05T16:00:00Z,XRPUSDT,-0.0000178
2026-03-06T00:00:00Z,XRPUSDT,0.0000017
2026-03-06T08:00:00Z,XRPUSDT,-0.00002777
2026-03-06T16:00:00Z,XRPUSDT,-0.00012583
2026-03-07T00:00:00Z,XRPUSDT,-0.00006683
2026-03-07T08:00:00Z,XRPUSDT,-0.00008646
2026-03-07T16:00:00Z,XRPUSDT,-0.00012369
2026-03-08T00:00:00Z,XRPUSDT,-0.00010297
2026-03-08T08:00:00Z,XRPUSDT,-0.00008199
2026-03-08T16:00:00Z,XRPUSDT,-0.00013567
2026-03-09T00:00:00Z,XRPUSDT,-0.00008532
2026-03-09T08:00:00Z,XRPUSDT,-0.00000545
2026-03-09T16:00:00Z,XRPUSDT,0.00005471
2026-03-10T00:00:00Z,XRPUSDT,0.00006986
2026-03-10T08:00:00Z,XRPUSDT,0.00008316
2026-03-10T16:00:00Z,XRPUSDT,0.0001
2026-03-11T00:00:00Z,XRPUSDT,-0.00002954
2026-03-11T08:00:00Z,XRPUSDT,-0.00007596
2026-03-11T16:00:00Z,XRPUSDT,-0.00002249
2026-03-12T00:00:00Z,XRPUSDT,0.00006971
2026-03-12T08:00:00Z,XRPUSDT,-0.00009683
2026-03-12T16:00:00Z,XRPUSDT,-0.00000828
2026-03-13T00:00:00Z,XRPUSDT,0.00001942
2026-03-13T08:00:00Z,XRPUSDT,0.0001
2026-03-13T16:00:00Z,XRPUSDT,0.0001
2026-03-14T00:00:00Z,XRPUSDT,-0.00006152
2026-03-14T08:00:00Z,XRPUSDT,-0.00007655
2026-03-14T16:00:00Z,XRPUSDT,-0.00007827
2026-03-15T00:00:00Z,XRPUSDT,-0.00008659
2026-03-15T08:00:00Z,XRPUSDT,0.00003164
2026-03-15T16:00:00Z,XRPUSDT,0.0001
2026-03-16T00:00:00Z,XRPUSDT,0.0001
2026-03-16T08:00:00Z,XRPUSDT,0.0001
2026-03-16T16:00:00Z,XRPUSDT,0.0001
2026-03-17T00:00:00Z,XRPUSDT,0.00000545
2026-03-17T08:00:00Z,XRPUSDT,0.00003417
2026-03-17T16:00:00Z,XRPUSDT,-0.00006089
2026-03-18T00:00:00Z,XRPUSDT,0.00003659
2026-03-18T08:00:00Z,XRPUSDT,-0.00002984
2026-03-18T16:00:00Z,XRPUSDT,-0.00006254
2026-03-19T00:00:00Z,XRPUSDT,0.00000954
2026-03-19T08:00:00Z,XRPUSDT,0.0000479
2026-03-19T16:00:00Z,XRPUSDT,-0.00001616
2026-03-20T00:00:00Z,XRPUSDT,-0.00006871
2026-03-20T08:00:00Z,XRPUSDT,0.00000439
2026-03-20T16:00:00Z,XRPUSDT,-0.00002648
2026-03-21T00:00:00Z,XRPUSDT,0.00009705
2026-03-21T08:00:00Z,XRPUSDT,0.00002549
2026-03-21T16:00:00Z,XRPUSDT,-0.00004364
2026-03-22T00:00:00Z,XRPUSDT,-0.00007815
2026-03-22T08:00:00Z,XRPUSDT,0.00004372
2026-03-22T16:00:00Z,XRPUSDT,-0.00002908
2026-03-23T00:00:00Z,XRPUSDT,0.00002841
2026-03-23T08:00:00Z,XRPUSDT,0.00005056
2026-03-23T16:00:00Z,XRPUSDT,0.00004722
2026-03-24T00:00:00Z,XRPUSDT,0.00009093
2026-03-24T08:00:00Z,XRPUSDT,0.0000703
2026-03-24T16:00:00Z,XRPUSDT,-0.00003852
2026-03-25T00:00:00Z,XRPUSDT,-0.00006812
2026-03-25T08:00:00Z,XRPUSDT,0.00006246
2026-03-25T16:00:00Z,XRPUSDT,0.00000778
2026-03-26T00:00:00Z,XRPUSDT,-0.00001041
2026-03-26T08:00:00Z,XRPUSDT,-0.00006207
2026-03-26T16:00:00Z,XRPUSDT,-0.00015043
2026-03-27T00:00:00Z,XRPUSDT,-0.00004411
2026-03-27T08:00:00Z,XRPUSDT,0.00008146
2026-03-27T16:00:00Z,XRPUSDT,-0.00005808
2026-03-28T00:00:00Z,XRPUSDT,-0.00004704
2026-03-28T08:00:00Z,XRPUSDT,-0.0000825
2026-03-28T16:00:00Z,XRPUSDT,-0.00005162
2026-03-29T00:00:00Z,XRPUSDT,-0.0000057
2026-03-29T08:00:00Z,XRPUSDT,-0.0000812
2026-03-29T16:00:00Z,XRPUSDT,-0.00010118
2026-03-30T00:00:00Z,XRPUSDT,-0.00006763
2026-03-30T08:00:00Z,XRPUSDT,0.00005852
2026-03-30T16:00:00Z,XRPUSDT,0.0001
2026-03-31T00:00:00Z,XRPUSDT,0.0001
2026-03-31T08:00:00Z,XRPUSDT,-0.00001527
2026-03-31T16:00:00Z,XRPUSDT,0.00000637
2026-04-01T00:00:00Z,XRPUSDT,0.00004553
2026-04-01T08:00:00Z,XRPUSDT,0.0001
2026-04-01T16:00:00Z,XRPUSDT,0.0001
2026-04-02T00:00:00Z,XRPUSDT,0.0000877
2026-04-02T08:00:00Z,XRPUSDT,-0.00007035
2026-04-02T16:00:00Z,XRPUSDT,-0.00010027
2026-04-03T00:00:00Z,XRPUSDT,-0.00002377
2026-04-03T08:00:00Z,XRPUSDT,0.00004068
2026-04-03T16:00:00Z,XRPUSDT,0.00006844
2026-04-04T00:00:00Z,XRPUSDT,0.00001948
2026-04-04T08:00:00Z,XRPUSDT,0.00000561
2026-04-04T16:00:00Z,XRPUSDT,-0.00006865
2026-04-05T00:00:00Z,XRPUSDT,-0.0000495
2026-04-05T08:00:00Z,XRPUSDT,-0.00002953
2026-04-05T16:00:00Z,XRPUSDT,-0.0000812
2026-04-06T00:00:00Z,XRPUSDT,-0.00002661
2026-04-06T08:00:00Z,XRPUSDT,0.00005089
2026-04-06T16:00:00Z,XRPUSDT,0.0001
2026-04-07T00:00:00Z,XRPUSDT,0.00002409
2026-04-07T08:00:00Z,XRPUSDT,-0.00003406
2026-04-07T16:00:00Z,XRPUSDT,-0.00009703
2026-04-08T00:00:00Z,XRPUSDT,0.00007614
2026-04-08T08:00:00Z,XRPUSDT,0.0001
2026-04-08T16:00:00Z,XRPUSDT,0.0000717
2026-04-09T00:00:00Z,XRPUSDT,0.00001824
2026-04-09T08:00:00Z,XRPUSDT,0.00001834
2026-04-09T16:00:00Z,XRPUSDT,-0.0000423
2026-04-10T00:00:00Z,XRPUSDT,0.0000643
2026-04-10T08:00:00Z,XRPUSDT,0.00002972
2026-04-10T16:00:00Z,XRPUSDT,0.00006732
2026-04-11T00:00:00Z,XRPUSDT,0.0001
2026-04-11T08:00:00Z,XRPUSDT,0.00002209
2026-04-11T16:00:00Z,XRPUSDT,-0.00003758
2026-04-12T00:00:00Z,XRPUSDT,0.0001
2026-04-12T08:00:00Z,XRPUSDT,-0.00008137
2026-04-12T16:00:00Z,XRPUSDT,-0.00006851
2026-04-13T00:00:00Z,XRPUSDT,-0.00005221
2026-04-13T08:00:00Z,XRPUSDT,-0.0000025
2026-04-13T16:00:00Z,XRPUSDT,0.00003213
2026-04-14T00:00:00Z,XRPUSDT,0.0001
2026-04-14T08:00:00Z,XRPUSDT,0.0001
2026-04-14T16:00:00Z,XRPUSDT,0.0001
2026-04-15T00:00:00Z,XRPUSDT,-0.00000636
2026-04-15T08:00:00Z,XRPUSDT,0.00001856
2026-04-15T16:00:00Z,XRPUSDT,0.0001
2026-04-16T00:00:00Z,XRPUSDT,0.0001
2026-04-16T08:00:00Z,XRPUSDT,0.0001
2026-04-16T16:00:00Z,XRPUSDT,0.00006721
2026-04-17T00:00:00Z,XRPUSDT,0.00006111
2026-04-17T08:00:00Z,XRPUSDT,0.00003132
2026-04-17T16:00:00Z,XRPUSDT,0.00006343
2026-04-18T00:00:00Z,XRPUSDT,0.00001713
2026-04-18T08:00:00Z,XRPUSDT,-0.000001
2026-04-18T16:00:00Z,XRPUSDT,0.00002039
2026-04-19T00:00:00Z,XRPUSDT,0.00006157
2026-04-19T08:00:00Z,XRPUSDT,0.00001984
2026-04-19T16:00:00Z,XRPUSDT,0.0000196
2026-04-20T00:00:00Z,XRPUSDT,0.00000162
2026-04-20T08:00:00Z,XRPUSDT,-0.00000259
2026-04-20T16:00:00Z,XRPUSDT,0.00000909
2026-04-21T00:00:00Z,XRPUSDT,0.00001793
2026-04-21T08:00:00Z,XRPUSDT,0.00005603
2026-04-21T16:00:00Z,XRPUSDT,0.00002588
2026-04-22T00:00:00Z,XRPUSDT,0.00005732
2026-04-22T08:00:00Z,XRPUSDT,0.00006919
2026-04-22T16:00:00Z,XRPUSDT,0.00006591
2026-04-23T00:00:00Z,XRPUSDT,-0.00001299
2026-04-23T08:00:00Z,XRPUSDT,-0.00009103
2026-04-23T16:00:00Z,XRPUSDT,0.00002705
2026-04-24T00:00:00Z,XRPUSDT,0.00006968
2026-04-24T08:00:00Z,XRPUSDT,-0.00001519
2026-04-24T16:00:00Z,XRPUSDT,-0.00000444
2026-04-25T00:00:00Z,XRPUSDT,0.00007868
2026-04-25T08:00:00Z,XRPUSDT,0.00003645
2026-04-25T16:00:00Z,XRPUSDT,0.00002276
2026-04-26T00:00:00Z,XRPUSDT,0.0000281
2026-04-26T08:00:00Z,XRPUSDT,-0.00001334
2026-04-26T16:00:00Z,XRPUSDT,0.00002019
2026-04-27T00:00:00Z,XRPUSDT,0.00002877
2026-04-27T08:00:00Z,XRPUSDT,-0.00002548
2026-04-27T16:00:00Z,XRPUSDT,-0.00001726
2026-04-28T00:00:00Z,XRPUSDT,0.0000657
2026-04-28T08:00:00Z,XRPUSDT,0.00000166
2026-04-28T16:00:00Z,XRPUSDT,0.00000289
2026-04-29T00:00:00Z,XRPUSDT,0.00003865
2026-04-29T08:00:00Z,XRPUSDT,0.00001365
2026-04-29T16:00:00Z,XRPUSDT,-0.00007088
2026-04-30T00:00:00Z,XRPUSDT,0.00007553
2026-04-30T08:00:00Z,XRPUSDT,-0.00000566
2026-04-30T16:00:00Z,XRPUSDT,0.00000563
2026-05-01T00:00:00Z,XRPUSDT,0.00002368
2026-05-01T08:00:00Z,XRPUSDT,0.00006474
2026-05-01T16:00:00Z,XRPUSDT,0.00002866
2026-05-02T00:00:00Z,XRPUSDT,0.00001425
2026-05-02T08:00:00Z,XRPUSDT,0.00003786
2026-05-02T16:00:00Z,XRPUSDT,0.00000804
2026-05-03T00:00:00Z,XRPUSDT,-0.00000694
2026-05-03T08:00:00Z,XRPUSDT,0.00001389
2026-05-03T16:00:00Z,XRPUSDT,-0.0000072
2026-05-04T00:00:00Z,XRPUSDT,0.00000036
2026-05-04T08:00:00Z,XRPUSDT,0.0001
2026-05-04T16:00:00Z,XRPUSDT,-0.00004447
2026-05-05T00:00:00Z,XRPUSDT,0.00007527
2026-05-05T08:00:00Z,XRPUSDT,0.0001
2026-05-05T16:00:00Z,XRPUSDT,0.00009495
2026-05-06T00:00:00Z,XRPUSDT,0.00009649
2026-05-06T08:00:00Z,XRPUSDT,0.00005791
2026-05-06T16:00:00Z,XRPUSDT,-0.00003281
2026-05-07T00:00:00Z,XRPUSDT,-0.00016653
2026-05-07T08:00:00Z,XRPUSDT,-0.00009083
2026-05-07T16:00:00Z,XRPUSDT,-0.0001042
2026-05-08T00:00:00Z,XRPUSDT,-0.00007308
2026-05-08T08:00:00Z,XRPUSDT,0.00003887
2026-05-08T16:00:00Z,XRPUSDT,-0.00000779
2026-05-09T00:00:00Z,XRPUSDT,0.00008166
2026-05-09T08:00:00Z,XRPUSDT,0.00005017
2026-05-09T16:00:00Z,XRPUSDT,0.00001371
2026-05-10T00:00:00Z,XRPUSDT,0.00003761
2026-05-10T08:00:00Z,XRPUSDT,-0.00000403
2026-05-10T16:00:00Z,XRPUSDT,0.00004121
2026-05-11T00:00:00Z,XRPUSDT,0.0001
2026-05-11T08:00:00Z,XRPUSDT,0.00007474
2026-05-11T16:00:00Z,XRPUSDT,-0.0000147
2026-05-12T00:00:00Z,XRPUSDT,0.00001471
2026-05-12T08:00:00Z,XRPUSDT,0.00004525
2026-05-12T16:00:00Z,XRPUSDT,-0.00000932
2026-05-13T00:00:00Z,XRPUSDT,-0.00012811
2026-05-13T08:00:00Z,XRPUSDT,0.0001
2026-05-13T16:00:00Z,XRPUSDT,-0.00004721
2026-05-14T00:00:00Z,XRPUSDT,0.00002216
2026-05-14T08:00:00Z,XRPUSDT,0.00005747
2026-05-14T16:00:00Z,XRPUSDT,0.0001
2026-05-15T00:00:00Z,XRPUSDT,0.0001
2026-05-15T08:00:00Z,XRPUSDT,0.00000337
2026-05-15T16:00:00Z,XRPUSDT,-0.00010641
2026-05-16T00:00:00Z,XRPUSDT,-0.00007745
2026-05-16T08:00:00Z,XRPUSDT,-0.00010584
2026-05-16T16:00:00Z,XRPUSDT,-0.00004353
2026-05-17T00:00:00Z,XRPUSDT,-0.00005983
2026-05-17T08:00:00Z,XRPUSDT,-0.00002538
2026-05-17T16:00:00Z,XRPUSDT,-0.00004573
2026-05-18T00:00:00Z,XRPUSDT,0.00003014
2026-05-18T08:00:00Z,XRPUSDT,0.00004593
2026-05-18T16:00:00Z,XRPUSDT,-0.00005111
2026-05-19T00:00:00Z,XRPUSDT,0.00008067
2026-05-19T08:00:00Z,XRPUSDT,0.00001337
2026-05-19T16:00:00Z,XRPUSDT,0.00003156
2026-05-20T00:00:00Z,XRPUSDT,0.0001
2026-05-20T08:00:00Z,XRPUSDT,0.0001
2026-05-20T16:00:00Z,XRPUSDT,0.0001
2026-05-21T00:00:00Z,XRPUSDT,0.00001862
2026-05-21T08:00:00Z,XRPUSDT,0.0001
2026-05-21T16:00:00Z,XRPUSDT,-0.00000274
2026-05-22T00:00:00Z,XRPUSDT,0.00003919
2026-05-22T08:00:00Z,XRPUSDT,0.00003031
2026-05-22T16:00:00Z,XRPUSDT,-0.00001091
2026-05-23T00:00:00Z,XRPUSDT,0.00003778
2026-05-23T08:00:00Z,XRPUSDT,-0.00007841
2026-05-23T16:00:00Z,XRPUSDT,0.00002686
2026-05-24T00:00:00Z,XRPUSDT,0.00001276
2026-05-24T08:00:00Z,XRPUSDT,0.00002326
2026-05-24T16:00:00Z,XRPUSDT,0.00002077
2026-05-25T00:00:00Z,XRPUSDT,-0.00005597
2026-05-25T08:00:00Z,XRPUSDT,0.00009458
2026-05-25T16:00:00Z,XRPUSDT,0.00002554
2026-05-26T00:00:00Z,XRPUSDT,0.00002447
2026-05-26T08:00:00Z,XRPUSDT,-0.00002705
2026-05-26T16:00:00Z,XRPUSDT,0.00007246
2026-05-27T00:00:00Z,XRPUSDT,-0.00010234
2026-05-27T08:00:00Z,XRPUSDT,-0.00000409
2026-05-27T16:00:00Z,XRPUSDT,0.00004607
2026-05-28T00:00:00Z,XRPUSDT,-0.00001249
2026-05-28T08:00:00Z,XRPUSDT,-0.00015607
2026-05-28T16:00:00Z,XRPUSDT,-0.00000989
2026-05-29T00:00:00Z,XRPUSDT,0.00000402
2026-05-29T08:00:00Z,XRPUSDT,0.00004656
2026-05-29T16:00:00Z,XRPUSDT,-0.00001124
2026-05-30T00:00:00Z,XRPUSDT,0.00008725
2026-05-30T08:00:00Z,XRPUSDT,0.00004684
2026-05-30T16:00:00Z,XRPUSDT,0.00003538
2026-05-31T00:00:00Z,XRPUSDT,0.00002915
2026-05-31T08:00:00Z,XRPUSDT,0.00002324
2026-05-31T16:00:00Z,XRPUSDT,-0.00000704
2026-06-01T00:00:00Z,XRPUSDT,-0.00006316
2026-06-01T08:00:00Z,XRPUSDT,0.00008903
2026-06-01T16:00:00Z,XRPUSDT,0.0000108
2026-06-02T00:00:00Z,XRPUSDT,0.00004726
2026-06-02T08:00:00Z,XRPUSDT,-0.00005096
2026-06-02T16:00:00Z,XRPUSDT,-0.00001039
2026-06-03T00:00:00Z,XRPUSDT,-0.00016656
2026-06-03T08:00:00Z,XRPUSDT,0.00002178
2026-06-03T16:00:00Z,XRPUSDT,0.00006361
2026-06-04T00:00:00Z,XRPUSDT,-0.00003341
2026-06-04T08:00:00Z,XRPUSDT,0.00001807
2026-06-04T16:00:00Z,XRPUSDT,-0.0001169
2026-06-05T00:00:00Z,XRPUSDT,0.00000898
2026-06-05T08:00:00Z,XRPUSDT,-0.0001347
2026-06-05T16:00:00Z,XRPUSDT,0.00005223
2026-06-06T00:00:00Z,XRPUSDT,-0.00002884
2026-06-06T08:00:00Z,XRPUSDT,0.00000184
2026-06-06T16:00:00Z,XRPUSDT,-0.00000325
2026-06-07T00:00:00Z,XRPUSDT,-0.0000836
2026-06-07T08:00:00Z,XRPUSDT,-0.00010493
2026-06-07T16:00:00Z,XRPUSDT,-0.00006739
2026-06-08T00:00:00Z,XRPUSDT,-0.0000224
2026-06-08T08:00:00Z,XRPUSDT,-0.00003251
2026-06-08T16:00:00Z,XRPUSDT,-0.00000233
2026-06-09T00:00:00Z,XRPUSDT,-0.00012152
2026-06-09T08:00:00Z,XRPUSDT,-0.00001463
2026-06-09T16:00:00Z,XRPUSDT,-0.00004578
2026-06-10T00:00:00Z,XRPUSDT,0.00001603
2026-06-10T08:00:00Z,XRPUSDT,-0.00000505
2026-06-10T16:00:00Z,XRPUSDT,0.00001205
2026-06-11T00:00:00Z,XRPUSDT,-0.00004364
2026-06-11T08:00:00Z,XRPUSDT,0.00007041
2026-06-11T16:00:00Z,XRPUSDT,0.00004085
2026-06-12T00:00:00Z,XRPUSDT,0.00002381
2026-06-12T08:00:00Z,XRPUSDT,-0.00001192
2026-06-12T16:00:00Z,XRPUSDT,0.00001512
2026-06-13T00:00:00Z,XRPUSDT,-0.00009071
2026-06-13T08:00:00Z,XRPUSDT,-0.00003393
2026-06-13T16:00:00Z,XRPUSDT,0.0001
2026-06-14T00:00:00Z,XRPUSDT,-0.00010851
2026-06-14T08:00:00Z,XRPUSDT,-0.00012773
2026-06-14T16:00:00Z,XRPUSDT,-0.00012719
2026-06-15T00:00:00Z,XRPUSDT,-0.00000588
2026-06-15T08:00:00Z,XRPUSDT,-0.00005613
2026-06-15T16:00:00Z,XRPUSDT,-0.00002526
2026-06-16T00:00:00Z,XRPUSDT,0.00005609
2026-06-16T08:00:00Z,XRPUSDT,-0.00005076
2026-06-16T16:00:00Z,XRPUSDT,0.00001922
2026-06-17T00:00:00Z,XRPUSDT,0.0000544
2026-06-17T08:00:00Z,XRPUSDT,-0.00000135
2026-06-17T16:00:00Z,XRPUSDT,-0.00005939
2026-06-18T00:00:00Z,XRPUSDT,-0.00001211
2026-06-18T08:00:00Z,XRPUSDT,-0.00005034
2026-06-18T16:00:00Z,XRPUSDT,-0.00005986
2026-06-19T00:00:00Z,XRPUSDT,0.00006979
2026-06-19T08:00:00Z,XRPUSDT,-0.00002005
2026-06-19T16:00:00Z,XRPUSDT,-0.00003608
2026-06-20T00:00:00Z,XRPUSDT,-0.000015
2026-06-20T08:00:00Z,XRPUSDT,-0.00008386
2026-06-20T16:00:00Z,XRPUSDT,0.00008659
2026-06-21T00:00:00Z,XRPUSDT,0.00006994
2026-06-21T08:00:00Z,XRPUSDT,0.00002433
2026-06-21T16:00:00Z,XRPUSDT,0.00001585
2026-06-22T00:00:00Z,XRPUSDT,-0.00006248
2026-06-22T08:00:00Z,XRPUSDT,0.00004347
2026-06-22T16:00:00Z,XRPUSDT,-0.00005236
2026-06-23T00:00:00Z,XRPUSDT,-0.0001012
2026-06-23T08:00:00Z,XRPUSDT,-0.00009376
2026-06-23T16:00:00Z,XRPUSDT,-0.00008654
2026-06-24T00:00:00Z,XRPUSDT,-0.00003987
2026-06-24T08:00:00Z,XRPUSDT,-0.00001412
2026-06-24T16:00:00Z,XRPUSDT,-0.0000678
2026-06-25T00:00:00Z,XRPUSDT,-0.00012203
2026-06-25T08:00:00Z,XRPUSDT,-0.00010945
2026-06-25T16:00:00Z,XRPUSDT,-0.00012983
2026-06-26T00:00:00Z,XRPUSDT,-0.00007818
2026-06-26T08:00:00Z,XRPUSDT,0.00003264
2026-06-26T16:00:00Z,XRPUSDT,-0.00006502
2026-06-27T00:00:00Z,XRPUSDT,0.00000607
2026-06-27T08:00:00Z,XRPUSDT,-0.0000501
2026-06-27T16:00:00Z,XRPUSDT,-0.00008954
2026-06-28T00:00:00Z,XRPUSDT,-0.00013292
2026-06-28T08:00:00Z,XRPUSDT,-0.00010935
2026-06-28T16:00:00Z,XRPUSDT,-0.00000911
2026-06-29T00:00:00Z,XRPUSDT,-0.00005749
2026-06-29T08:00:00Z,XRPUSDT,0.00002122
2026-06-29T16:00:00Z,XRPUSDT,-0.0000288
2026-06-30T00:00:00Z,XRPUSDT,-0.00001683
2026-06-30T08:00:00Z,XRPUSDT,-0.00013179
2026-06-30T16:00:00Z,XRPUSDT,0.00005354
2026-07-01T00:00:00Z,XRPUSDT,0.0001
2026-07-01T08:00:00Z,XRPUSDT,-0.00002972
2026-07-01T16:00:00Z,XRPUSDT,-0.00004443
2026-07-02T00:00:00Z,XRPUSDT,-0.00002058
2026-07-02T08:00:00Z,XRPUSDT,-0.00004981
2026-07-02T16:00:00Z,XRPUSDT,-0.00000197
2026-07-03T00:00:00Z,XRPUSDT,-0.00008019
2026-07-03T08:00:00Z,XRPUSDT,-0.00007717
2026-07-03T16:00:00Z,XRPUSDT,0.00003699
2026-07-04T00:00:00Z,XRPUSDT,0.00001466
2026-07-04T08:00:00Z,XRPUSDT,-0.00001248
2026-07-04T16:00:00Z,XRPUSDT,0.00003459
2026-07-05T00:00:00Z,XRPUSDT,0.00005079
2026-07-05T08:00:00Z,XRPUSDT,-0.00004692
2026-07-05T16:00:00Z,XRPUSDT,-0.00006947
2026-07-06T00:00:00Z,XRPUSDT,-0.00002502
2026-07-06T08:00:00Z,XRPUSDT,-0.00001921
2026-07-06T16:00:00Z,XRPUSDT,0.00001096
2026-07-07T00:00:00Z,XRPUSDT,0.00007026
2026-07-07T08:00:00Z,XRPUSDT,-0.00005414
2026-07-07T16:00:00Z,XRPUSDT,-0.00003131
2026-07-08T00:00:00Z,XRPUSDT,-0.00000262
2026-07-08T08:00:00Z,XRPUSDT,-0.00004502
2026-07-08T16:00:00Z,XRPUSDT,0.00008892
2026-07-09T00:00:00Z,XRPUSDT,0.00006637
2026-07-09T08:00:00Z,XRPUSDT,0.00003907
2026-07-09T16:00:00Z,XRPUSDT,0.00004251
2026-07-10T00:00:00Z,XRPUSDT,0.00004696
2026-07-10T08:00:00Z,XRPUSDT,0.00000804
2026-07-10T16:00:00Z,XRPUSDT,0.00005521
2026-07-11T00:00:00Z,XRPUSDT,0.0001
2026-07-11T08:00:00Z,XRPUSDT,-0.00003842
2026-07-11T16:00:00Z,XRPUSDT,-0.00005804
2026-07-12T00:00:00Z,XRPUSDT,0.00002177
2026-07-12T08:00:00Z,XRPUSDT,-0.00004805
2026-07-12T16:00:00Z,XRPUSDT,0.00004847
2026-07-13T00:00:00Z,XRPUSDT,-0.00002097
2026-07-13T08:00:00Z,XRPUSDT,-0.00005956
2026-07-13T16:00:00Z,XRPUSDT,-0.00001833
2026-07-14T00:00:00Z,XRPUSDT,-0.0000799
2026-07-14T08:00:00Z,XRPUSDT,-0.0000023
2026-07-14T16:00:00Z,XRPUSDT,0.00005882
2026-07-15T00:00:00Z,XRPUSDT,0.0001
2026-07-15T08:00:00Z,XRPUSDT,0.00003573
2026-07-15T16:00:00Z,XRPUSDT,0.0001
2026-07-16T00:00:00Z,XRPUSDT,0.00003043
2026-07-16T08:00:00Z,XRPUSDT,0.00001608
2026-07-16T16:00:00Z,XRPUSDT,0.0001
2026-07-17T00:00:00Z,XRPUSDT,-0.00007352
2026-07-17T08:00:00Z,XRPUSDT,-0.00003396
2026-07-17T16:00:00Z,XRPUSDT,-0.0000593
2026-07-18T00:00:00Z,XRPUSDT,-0.00006631
2026-07-18T08:00:00Z,XRPUSDT,-0.00004296
2026-07-18T16:00:00Z,XRPUSDT,-0.00001752
2026-07-19T00:00:00Z,XRPUSDT,-0.00001518
2026-07-19T08:00:00Z,XRPUSDT,-0.00000678
2026-07-19T16:00:00Z,XRPUSDT,0.00001881
2026-07-20T00:00:00Z,XRPUSDT,0.00001701
2026-07-20T08:00:00Z,XRPUSDT,-0.00000768
2026-07-20T16:00:00Z,XRPUSDT,0.0000512
2026-07-21T00:00:00Z,XRPUSDT,0.0001
2026-07-21T08:00:00Z,XRPUSDT,0.00006495
2026-07-21T16:00:00Z,XRPUSDT,0.00004856
2026-07-22T00:00:00Z,XRPUSDT,0.0001
2026-07-22T08:00:00Z,XRPUSDT,0.0001
2026-07-22T16:00:00Z,XRPUSDT,0.00007903
2026-07-23T00:00:00Z,XRPUSDT,-0.00006174
2026-07-23T08:00:00Z,XRPUSDT,-0.00003822
2026-07-23T16:00:00Z,XRPUSDT,0.0000264
2026-07-24T00:00:00Z,XRPUSDT,-0.00005059
2026-07-24T08:00:00Z,XRPUSDT,-0.00002549
2026-07-24T16:00:00Z,XRPUSDT,0.0000099
2026-07-25T00:00:00Z,XRPUSDT,-0.00011139
2026-07-25T08:00:00Z,XRPUSDT,-0.00002228
2026-07-25T16:00:00Z,XRPUSDT,-0.00013578
2026-07-26T00:00:00Z,XRPUSDT,0.00002183
2026-07-26T08:00:00Z,XRPUSDT,0.00005769
2026-07-26T16:00:00Z,XRPUSDT,0.00001495
2026-07-27T00:00:00Z,XRPUSDT,0.00005382
2026-07-27T08:00:00Z,XRPUSDT,0.00003949
2026-07-27T16:00:00Z,XRPUSDT,-0.00000269
2026-07-28T00:00:00Z,XRPUSDT,-0.00006287
2026-07-28T08:00:00Z,XRPUSDT,-0.00018379
2026-07-28T16:00:00Z,XRPUSDT,-0.00004767
2026-07-29T00:00:00Z,XRPUSDT,-0.00007495
2026-07-29T08:00:00Z,XRPUSDT,0.00000482
2026-07-29T16:00:00Z,XRPUSDT,0.00003972
2026-07-30T00:00:00Z,XRPUSDT,0.0001
2026-07-30T08:00:00Z,XRPUSDT,0.0001
2026-07-30T16:00:00Z,XRPUSDT,0.00006514
2026-07-31T00:00:00Z,XRPUSDT,0.00006773
2026-07-31T08:00:00Z,XRPUSDT,0.0000051
2026-07-31T16:00:00Z,XRPUSDT,-0.00004772
2026-08-01T00:00:00Z,XRPUSDT,-0.00005265
2026-08-01T08:00:00Z,XRPUSDT,0.00001955
2026-08-01T16:00:00Z,XRPUSDT,-0.00001656
2026-08-02T00:00:00Z,XRPUSDT,-0.00005631
2026-08-02T08:00:00Z,XRPUSDT,0.00009387
2026-08-02T16:00:00Z,XRPUSDT,0.0001
2026-08-03T00:00:00Z,XRPUSDT,0.0001
2026-08-03T08:00:00Z,XRPUSDT,0.0000956
2026-08-03T16:00:00Z,XRPUSDT,0.00006941
2026-08-04T00:00:00Z,XRPUSDT,0.00008915
2026-08-04T08:00:00Z,XRPUSDT,0.00007038
2026-08-04T16:00:00Z,XRPUSDT,0.00002036
2026-08-05T00:00:00Z,XRPUSDT,-0.00001552
2026-08-05T08:00:00Z,XRPUSDT,-0.00002769
2026-08-05T16:00:00Z,XRPUSDT,0.00000786
2026-08-06T00:00:00Z,XRPUSDT,-0.00000816
2026-08-06T08:00:00Z,XRPUSDT,-0.00003828
2026-08-06T16:00:00Z,XRPUSDT,-0.00005788
2026-08-07T00:00:00Z,XRPUSDT,-0.00007609
2026-08-07T08:00:00Z,XRPUSDT,-0.00002976
2026-08-07T16:00:00Z,XRPUSDT,0.00003254
2026-08-08T00:00:00Z,XRPUSDT,-0.00004806
2026-08-08T08:00:00Z,XRPUSDT,0.0000493
2026-08-08T16:00:00Z,XRPUSDT,0.00005641
2026-08-09T00:00:00Z,XRPUSDT,0.00007644
2026-08-09T08:00:00Z,XRPUSDT,0.00003821
2026-08-09T16:00:00Z,XRPUSDT,0.0001
2026-08-10T00:00:00Z,XRPUSDT,0.0001
2026-08-10T08:00:00Z,XRPUSDT,0.00007169
2026-08-10T16:00:00Z,XRPUSDT,0.00005553
2026-08-11T00:00:00Z,XRPUSDT,-0.00004324
2026-08-11T08:00:00Z,XRPUSDT,0.00008485
2026-08-11T16:00:00Z,XRPUSDT,-0.00001837
2026-08-12T00:00:00Z,XRPUSDT,0.0001
2026-08-12T08:00:00Z,XRPUSDT,0.0001
2026-08-12T16:00:00Z,XRPUSDT,0.00002965
2026-08-13T00:00:00Z,XRPUSDT,0.00004803
2026-08-13T08:00:00Z,XRPUSDT,0.0001
2026-08-13T16:00:00Z,XRPUSDT,-0.00002596
2026-08-14T00:00:00Z,XRPUSDT,0.00004895
2026-08-14T08:00:00Z,XRPUSDT,0.00006877
2026-08-14T16:00:00Z,XRPUSDT,0.0001
2026-08-15T00:00:00Z,XRPUSDT,0.00000253
2026-08-15T08:00:00Z,XRPUSDT,-0.00004037
2026-08-15T16:00:00Z,XRPUSDT,0.00000174
2026-08-16T00:00:00Z,XRPUSDT,0.00001692
2026-08-16T08:00:00Z,XRPUSDT,-0.0000275
2026-08-16T16:00:00Z,XRPUSDT,0.0000593
2026-08-17T00:00:00Z,XRPUSDT,-0.00001463
2026-08-17T08:00:00Z,XRPUSDT,-0.00004219
2026-08-17T16:00:00Z,XRPUSDT,0.00007202
2026-08-18T00:00:00Z,XRPUSDT,0.0000365
2026-08-18T08:00:00Z,XRPUSDT,-0.00002579
2026-08-18T16:00:00Z,XRPUSDT,0.00001636
2026-08-19T00:00:00Z,XRPUSDT,0.0000507
2026-08-19T08:00:00Z,XRPUSDT,0.00009239
2026-08-19T16:00:00Z,XRPUSDT,0.0001
2026-08-20T00:00:00Z,XRPUSDT,0.0001
2026-08-20T08:00:00Z,XRPUSDT,0.0001
2026-08-20T16:00:00Z,XRPUSDT,0.0001
2026-08-21T00:00:00Z,XRPUSDT,0.0001
2026-08-21T08:00:00Z,XRPUSDT,0.00008153
2026-08-21T16:00:00Z,XRPUSDT,0.0001
2026-08-22T00:00:00Z,XRPUSDT,0.0001
2026-08-22T08:00:00Z,XRPUSDT,0.0001
2026-08-22T16:00:00Z,XRPUSDT,0.0001
2026-08-23T00:00:00Z,XRPUSDT,0.0001
2026-08-23T08:00:00Z,XRPUSDT,0.0001
2026-08-23T16:00:00Z,XRPUSDT,0.0001
2026-08-24T00:00:00Z,XRPUSDT,0.0001
2026-08-24T08:00:00Z,XRPUSDT,0.0001
2026-08-24T16:00:00Z,XRPUSDT,0.0001
2026-08-25T00:00:00Z,XRPUSDT,0.00008154
2026-08-25T08:00:00Z,XRPUSDT,0.0001
2026-08-25T16:00:00Z,XRPUSDT,-0.00004468
2026-08-26T00:00:00Z,XRPUSDT,0.00000344
2026-08-26T08:00:00Z,XRPUSDT,0.00006938
2026-08-26T16:00:00Z,XRPUSDT,0.00006914
2026-08-27T00:00:00Z,XRPUSDT,0.00009819
2026-08-27T08:00:00Z,XRPUSDT,0.00009111
2026-08-27T16:00:00Z,XRPUSDT,-0.00001125
2026-08-28T00:00:00Z,XRPUSDT,-0.0000105
2026-08-28T08:00:00Z,XRPUSDT,-0.00001839
2026-08-28T16:00:00Z,XRPUSDT,-0.00005001
2026-08-29T00:00:00Z,XRPUSDT,-0.00000187
2026-08-29T08:00:00Z,XRPUSDT,0.00000372
2026-08-29T16:00:00Z,XRPUSDT,-0.00000743
2026-08-30T00:00:00Z,XRPUSDT,0.00004931
2026-08-30T08:00:00Z,XRPUSDT,0.0001
2026-08-30T16:00:00Z,XRPUSDT,0.00009046
2026-08-31T00:00:00Z,XRPUSDT,-0.00001131
2026-08-31T08:00:00Z,XRPUSDT,0.00002166
2026-08-31T16:00:00Z,XRPUSDT,-0.00006941
2026-09-01T00:00:00Z,XRPUSDT,0.00005488
2026-09-01T08:00:00Z,XRPUSDT,0.0001
2026-09-01T16:00:00Z,XRPUSDT,-0.00000686
2026-09-02T00:00:00Z,XRPUSDT,0.00006878
2026-09-02T08:00:00Z,XRPUSDT,0.0001
2026-09-02T16:00:00Z,XRPUSDT,0.0001
2026-09-03T00:00:00Z,XRPUSDT,0.0001
2026-09-03T08:00:00Z,XRPUSDT,0.0001
2026-09-03T16:00:00Z,XRPUSDT,0.00009021
2026-09-04T00:00:00Z,XRPUSDT,0.0001
2026-09-04T08:00:00Z,XRPUSDT,0.0001
2026-09-04T16:00:00Z,XRPUSDT,0.00000613
2026-09-05T00:00:00Z,XRPUSDT,-0.00002293
2026-09-05T08:00:00Z,XRPUSDT,-0.00000636
2026-09-05T16:00:00Z,XRPUSDT,0.00001442
2026-09-06T00:00:00Z,XRPUSDT,0.00005506
2026-09-06T08:00:00Z,XRPUSDT,0.00002197
2026-09-06T16:00:00Z,XRPUSDT,0.00004521
2026-09-07T00:00:00Z,XRPUSDT,0.00008984
2026-09-07T08:00:00Z,XRPUSDT,-0.00001764
2026-09-07T16:00:00Z,XRPUSDT,-0.00003719
2026-09-08T00:00:00Z,XRPUSDT,0.00000028
2026-09-08T08:00:00Z,XRPUSDT,0.00003324
2026-09-08T16:00:00Z,XRPUSDT,0.0000464
2026-09-09T00:00:00Z,XRPUSDT,0.00004464
2026-09-09T08:00:00Z,XRPUSDT,0.00008844
2026-09-09T16:00:00Z,XRPUSDT,-0.00002023
2026-09-10T00:00:00Z,XRPUSDT,-0.00009684
2026-09-10T08:00:00Z,XRPUSDT,-0.00000481
2026-09-10T16:00:00Z,XRPUSDT,-0.0000262
2026-09-11T00:00:00Z,XRPUSDT,-0.00001419
2026-09-11T08:00:00Z,XRPUSDT,-0.00003642
2026-09-11T16:00:00Z,XRPUSDT,0.00003352
2026-09-12T00:00:00Z,XRPUSDT,0.00003964
2026-09-12T08:00:00Z,XRPUSDT,-0.00004117
2026-09-12T16:00:00Z,XRPUSDT,0.00006125
2026-09-13T00:00:00Z,XRPUSDT,-0.00001911
2026-09-13T08:00:00Z,XRPUSDT,0.0000329
2026-09-13T16:00:00Z,XRPUSDT,-0.00012654
2026-09-14T00:00:00Z,XRPUSDT,-0.00000217
2026-09-14T08:00:00Z,XRPUSDT,0.00004356
2026-09-14T16:00:00Z,XRPUSDT,0.0001
2026-09-15T00:00:00Z,XRPUSDT,0.0001
2026-09-15T08:00:00Z,XRPUSDT,0.0000868
2026-09-15T16:00:00Z,XRPUSDT,0.00007581
2026-09-16T00:00:00Z,XRPUSDT,0.00000895
2026-09-16T08:00:00Z,XRPUSDT,0.00002572
2026-09-16T16:00:00Z,XRPUSDT,0.00000402
2026-09-17T00:00:00Z,XRPUSDT,0.00001098
2026-09-17T08:00:00Z,XRPUSDT,-0.00000918
2026-09-17T16:00:00Z,XRPUSDT,0.00000209
2026-09-18T00:00:00Z,XRPUSDT,0.00002618
2026-09-18T08:00:00Z,XRPUSDT,0.00007194
2026-09-18T16:00:00Z,XRPUSDT,0.0001
2026-09-19T00:00:00Z,XRPUSDT,0.0001
2026-09-19T08:00:00Z,XRPUSDT,0.0001
2026-09-19T16:00:00Z,XRPUSDT,0.0001
2026-09-20T00:00:00Z,XRPUSDT,0.0001
2026-09-20T08:00:00Z,XRPUSDT,0.0001
2026-09-20T16:00:00Z,XRPUSDT,0.00003651
2026-09-21T00:00:00Z,XRPUSDT,0.0001
2026-09-21T08:00:00Z,XRPUSDT,0.0001
2026-09-21T16:00:00Z,XRPUSDT,0.0001
2026-09-22T00:00:00Z,XRPUSDT,0.0001
2026-09-22T08:00:00Z,XRPUSDT,0.0001
2026-09-22T16:00:00Z,XRPUSDT,0.0001
2026-09-23T00:00:00Z,XRPUSDT,0.0001
2026-09-23T08:00:00Z,XRPUSDT,0.0001
2026-09-23T16:00:00Z,XRPUSDT,0.0001
2026-09-24T00:00:00Z,XRPUSDT,-0.00004647
2026-09-24T08:00:00Z,XRPUSDT,0.00002762
2026-09-24T16:00:00Z,XRPUSDT,-0.00000833
2026-09-25T00:00:00Z,XRPUSDT,0.00000525
2026-09-25T08:00:00Z,XRPUSDT,0.0001
2026-09-25T16:00:00Z,XRPUSDT,-0.00003164
2026-09-26T00:00:00Z,XRPUSDT,0.0001
2026-09-26T08:00:00Z,XRPUSDT,0.0000263
2026-09-26T16:00:00Z,XRPUSDT,0.00006064
2026-09-27T00:00:00Z,XRPUSDT,0.00006697
2026-09-27T08:00:00Z,XRPUSDT,0.00001572
2026-09-27T16:00:00Z,XRPUSDT,-0.00002237
2026-09-28T00:00:00Z,XRPUSDT,0.0000824
2026-09-28T08:00:00Z,XRPUSDT,0.00006234
2026-09-28T16:00:00Z,XRPUSDT,0.00002559
2026-09-29T00:00:00Z,XRPUSDT,0.00005446
2026-09-29T08:00:00Z,XRPUSDT,0.0001
2026-09-29T16:00:00Z,XRPUSDT,0.0001
2026-09-30T00:00:00Z,XRPUSDT,0.00004193
2026-09-30T08:00:00Z,XRPUSDT,0.00005589
2026-09-30T16:00:00Z,XRPUSDT,0.0001
2026-10-01T00:00:00Z,XRPUSDT,0.00001392
2026-10-01T08:00:00Z,XRPUSDT,0.00003353
2026-10-01T16:00:00Z,XRPUSDT,0.00002099
2026-10-02T00:00:00Z,XRPUSDT,0.0001
2026-10-02T08:00:00Z,XRPUSDT,0.0001
2026-10-02T16:00:00Z,XRPUSDT,0.0001
2026-10-03T00:00:00Z,XRPUSDT,-0.00008766
2026-10-03T08:00:00Z,XRPUSDT,-0.00002471
2026-10-03T16:00:00Z,XRPUSDT,-0.00008662
2026-10-04T00:00:00Z,XRPUSDT,0.00005997
2026-10-04T08:00:00Z,XRPUSDT,0.0001
2026-10-04T16:00:00Z,XRPUSDT,0.0001
2026-10-05T00:00:00Z,XRPUSDT,0.0001
2026-10-05T08:00:00Z,XRPUSDT,0.0001
2026-10-05T16:00:00Z,XRPUSDT,0.00006171
2026-10-06T00:00:00Z,XRPUSDT,0.0001
2026-10-06T08:00:00Z,XRPUSDT,0.00002546
2026-10-06T16:00:00Z,XRPUSDT,0.0001
2026-10-07T00:00:00Z,XRPUSDT,0.00001229
2026-10-07T08:00:00Z,XRPUSDT,-0.00002031
2026-10-07T16:00:00Z,XRPUSDT,0.00002721
2026-10-08T00:00:00Z,XRPUSDT,0.00000398
2026-10-08T08:00:00Z,XRPUSDT,-0.00002645
2026-10-08T16:00:00Z,XRPUSDT,-0.00000935
2026-10-09T00:00:00Z,XRPUSDT,-0.00011236
